Price,Close,Close,Close,Close,Close,High,High,High,High,High,Low,Low,Low,Low,Low,Open,Open,Open,Open,Open,Volume,Volume,Volume,Volume,Volume
Ticker,AAPL,AMZN,GOOG,META,NFLX,AAPL,AMZN,GOOG,META,NFLX,AAPL,AMZN,GOOG,META,NFLX,AAPL,AMZN,GOOG,META,NFLX,AAPL,AMZN,GOOG,META,NFLX
Datetime,,,,,,,,,,,,,,,,,,,,,,,,,
2026-08-24 09:30:00-04:00,310.54998779296875,259.7464904785156,340.6650085449219,550.989990234375,79.23999786376953,312.1300048828125,260.54998779296875,341.0,552.5,80.01329803466797,310.5400085449219,259.25,339.6199951171875,549.5700073242188,79.16999816894531,311.4700012207031,259.7464904785156,340.5199890136719,550.2000122070312,79.94000244140625,1061027,1163247,412643,473165,840443
2026-08-24 09:31:00-04:00,310.57000732421875,260.7799987792969,341.9700012207031,549.7899780273438,79.26499938964844,311.4700012207031,260.82000732421875,342.0899963378906,551.47998046875,79.4000015258789,309.9700012207031,259.04998779296875,340.4700012207031,549.0,79.02010345458984,310.7300109863281,259.8699951171875,340.7099914550781,549.7899780273438,79.3499984741211,168943,178725,75833,63456,140889
2026-08-24 09:32:00-04:00,310.5881042480469,260.989990234375,341.5899963378906,549.8743286132812,79.05999755859375,310.6650085449219,261.1600036621094,342.1099853515625,550.9299926757812,79.36000061035156,310.1400146484375,260.4700012207031,341.29998779296875,549.7249755859375,79.02999877929688,310.6499938964844,260.7200012207031,341.989990234375,550.0,79.2750015258789,83382,164298,30038,44815,226858
2026-08-24 09:33:00-04:00,310.55999755859375,260.43499755859375,343.0050048828125,549.3250122070312,79.49500274658203,310.9399108886719,260.9949951171875,343.0299987792969,550.0399780273438,79.52999877929688,310.30999755859375,259.7699890136719,341.5799865722656,547.8200073242188,79.04010009765625,310.5751037597656,260.95001220703125,341.6579895019531,550.02001953125,79.04010009765625,88914,136048,99949,65125,46271
2026-08-24 09:34:00-04:00,310.489990234375,259.8699951171875,344.6900939941406,551.166015625,79.69000244140625,310.6300048828125,260.43499755859375,344.70001220703125,551.3049926757812,79.69000244140625,310.0409851074219,259.60009765625,343.05999755859375,548.7808227539062,79.33000183105469,310.55999755859375,260.43499755859375,343.0899963378906,549.3099975585938,79.45999908447266,89433,88194,87197,52540,52440
2026-08-24 09:35:00-04:00,310.6499938964844,260.20001220703125,344.20001220703125,551.625,79.7699966430664,311.05499267578125,260.2699890136719,344.79998779296875,552.2349853515625,79.88999938964844,310.3949890136719,259.54998779296875,343.989990234375,550.7130126953125,79.66000366210938,310.489990234375,259.8450012207031,344.6650085449219,551.625,79.66000366210938,89397,100042,77707,740395,94781
2026-08-24 09:36:00-04:00,311.5799865722656,261.2200012207031,344.3699951171875,551.75,79.88349914550781,312.0257873535156,261.2550048828125,344.8800048828125,551.97998046875,79.89949798583984,310.69000244140625,260.13079833984375,344.1700134277344,551.0,79.66999816894531,310.7200012207031,260.2699890136719,344.17999267578125,551.7100219726562,79.7300033569336,158125,231459,92642,25072,92518
2026-08-24 09:37:00-04:00,311.2950134277344,261.95001220703125,344.4549865722656,552.0399780273438,80.01000213623047,311.739990234375,261.9700012207031,344.8699951171875,552.0399780273438,80.05999755859375,311.13958740234375,261.1499938964844,344.19000244140625,550.780029296875,79.84140014648438,311.6000061035156,261.2200012207031,344.4599914550781,551.8320922851562,79.86540222167969,91687,247891,59715,46094,90326
2026-08-24 09:38:00-04:00,311.5400085449219,261.5199890136719,343.3999938964844,550.5599975585938,79.95999908447266,311.8299865722656,262.1679992675781,344.3900146484375,552.1500244140625,80.04000091552734,311.20001220703125,261.2799987792969,343.3299865722656,550.489990234375,79.91999816894531,311.30999755859375,261.94000244140625,344.3900146484375,552.0399780273438,80.0250015258789,100393,245248,52036,34809,71298
2026-08-24 09:39:00-04:00,311.54998779296875,261.6400146484375,343.3450012207031,551.6599731445312,80.19999694824219,311.7300109863281,261.6499938964844,343.79998779296875,551.7974853515625,80.26000213623047,311.2401123046875,261.1600036621094,343.0799865722656,550.47998046875,79.93000030517578,311.5299987792969,261.45001220703125,343.2799987792969,550.5180053710938,79.95999908447266,99986,107940,58173,26276,142107
2026-08-24 09:40:00-04:00,312.0899963378906,262.5899963378906,343.7900085449219,552.64501953125,80.30999755859375,312.3399963378906,262.6387023925781,343.7900085449219,552.751708984375,80.30999755859375,311.42999267578125,261.54998779296875,342.7099914550781,551.0001220703125,80.19280242919922,311.531494140625,261.6018981933594,343.3996887207031,551.5999755859375,80.19280242919922,230297,572318,49072,36257,123907
2026-08-24 09:41:00-04:00,311.82501220703125,262.3599853515625,344.1400146484375,552.0,80.2300033569336,312.16949462890625,262.8500061035156,344.3241882324219,553.3800048828125,80.35399627685547,311.7300109863281,262.17498779296875,343.53570556640625,551.8599853515625,80.19000244140625,312.0899963378906,262.6199951171875,343.7799987792969,552.6500244140625,80.33000183105469,114925,252736,63277,52858,77760
2026-08-24 09:42:00-04:00,311.7900085449219,261.94500732421875,344.3900146484375,550.5700073242188,80.13999938964844,311.9800109863281,262.5350036621094,344.57000732421875,552.0349731445312,80.26000213623047,311.55999755859375,261.8699951171875,343.94000244140625,550.2000122070312,80.11000061035156,311.7900085449219,262.381103515625,344.1112976074219,552.0349731445312,80.2300033569336,91524,109696,55304,46068,108998
2026-08-24 09:43:00-04:00,311.9200134277344,261.6199951171875,344.14080810546875,548.8599853515625,80.05000305175781,312.010009765625,261.9652099609375,344.5199890136719,551.3499755859375,80.19000244140625,311.6549987792969,261.3074035644531,343.93011474609375,548.739990234375,80.02999877929688,311.8299865722656,261.92498779296875,344.32000732421875,550.60498046875,80.12999725341797,84102,137977,54152,87498,80132
2026-08-24 09:44:00-04:00,311.1300048828125,261.05950927734375,343.1258850097656,547.5850219726562,79.91000366210938,311.9700012207031,261.67999267578125,344.1000061035156,549.0,80.0999984741211,311.0899963378906,261.0400085449219,343.010009765625,547.47998046875,79.90869903564453,311.9049987792969,261.5899963378906,344.0400085449219,548.9215087890625,80.01000213623047,112427,121615,31992,51723,82300
2026-08-24 09:45:00-04:00,311.6449890136719,260.7250061035156,343.0556945800781,547.7650146484375,79.72000122070312,311.8299865722656,261.1099853515625,343.20001220703125,548.0607299804688,79.91999816894531,311.0409851074219,260.5,342.6000061035156,546.9500122070312,79.66999816894531,311.1499938964844,261.0899963378906,342.864990234375,547.4500122070312,79.88999938964844,165552,251431,43819,54675,78217
2026-08-24 09:46:00-04:00,310.9706115722656,260.9150085449219,342.8450012207031,546.85498046875,79.58999633789062,311.7099914550781,260.9599914550781,343.2298889160156,547.919921875,79.80000305175781,310.8800048828125,260.3500061035156,342.6600036621094,546.2999877929688,79.56999969482422,310.9706115722656,260.7250061035156,343.05999755859375,547.7650146484375,79.74500274658203,104064,101364,25998,47716,44436
2026-08-24 09:47:00-04:00,310.6650085449219,261.6650085449219,343.30499267578125,548.385009765625,79.66000366210938,311.32000732421875,261.760009765625,343.3999938964844,548.5250244140625,79.68910217285156,310.55999755859375,260.8999938964844,342.69000244140625,546.9400024414062,79.55999755859375,310.6650085449219,260.9599914550781,342.7799987792969,547.0700073242188,79.58999633789062,144885,138253,37398,37572,67717
2026-08-24 09:48:00-04:00,311.2799987792969,261.9700012207031,343.80999755859375,550.22802734375,79.76499938964844,311.3399963378906,262.2900085449219,343.8900146484375,550.22802734375,79.80989837646484,310.55999755859375,261.5299987792969,343.1400146484375,548.1500244140625,79.63999938964844,310.6650085449219,261.6650085449219,343.2200012207031,548.344970703125,79.63999938964844,94774,146866,41802,72056,70926
2026-08-24 09:49:00-04:00,311.44000244140625,261.9200134277344,344.0,550.0,79.7750015258789,311.69989013671875,262.2398986816406,344.4100036621094,551.385009765625,79.80000305175781,311.1700134277344,261.8301086425781,343.8399963378906,549.9149780273438,79.68000030517578,311.31561279296875,261.93499755859375,343.8599853515625,550.218994140625,79.76000213623047,99702,214046,51372,61572,52611
2026-08-24 09:50:00-04:00,311.3500061035156,261.9100036621094,344.2699890136719,550.739990234375,79.86000061035156,311.6499938964844,262.32049560546875,344.5799865722656,550.8399047851562,79.9000015258789,311.17999267578125,261.67498779296875,343.92529296875,549.6500244140625,79.79000091552734,311.4700012207031,261.9100036621094,344.0199890136719,549.9199829101562,79.80000305175781,71575,141156,53991,43003,119502
2026-08-24 09:51:00-04:00,311.3800048828125,262.47198486328125,344.5799865722656,551.4500122070312,79.9800033569336,311.5799865722656,262.4800109863281,344.69000244140625,551.9072265625,80.0,311.25,261.7900085449219,344.0799865722656,550.4199829101562,79.8499984741211,311.3800048828125,261.86248779296875,344.25,550.6624755859375,79.87010192871094,82690,146535,53644,32434,159702
2026-08-24 09:52:00-04:00,311.3599853515625,261.94989013671875,344.0234069824219,550.6749877929688,80.05000305175781,311.4100036621094,262.489990234375,344.7900085449219,551.5800170898438,80.05400085449219,311.15008544921875,261.9049987792969,343.8800048828125,550.5399780273438,79.96800231933594,311.37750244140625,262.44500732421875,344.6199951171875,551.3300170898438,79.9749984741211,62576,140044,36223,29145,50607
2026-08-24 09:53:00-04:00,311.3999938964844,262.05999755859375,343.8699951171875,551.0,80.07499694824219,311.5,262.2078857421875,344.2799987792969,551.1224975585938,80.11990356445312,311.2650146484375,261.8299865722656,343.70001220703125,550.3026733398438,80.04000091552734,311.43499755859375,261.8299865722656,344.0,550.655029296875,80.05000305175781,52569,82888,45307,30138,48562
2026-08-24 09:54:00-04:00,311.4599914550781,262.0400085449219,343.989990234375,551.0599975585938,80.22000122070312,311.58990478515625,262.1199951171875,344.17999267578125,551.0599975585938,80.22000122070312,311.32000732421875,261.8299865722656,343.6000061035156,550.0900268554688,80.05000305175781,311.3861083984375,262.05999755859375,343.8800048828125,550.8400268554688,80.22000122070312,71928,115395,45544,22985,65496
2026-08-24 09:55:00-04:00,311.1000061035156,261.4150085449219,343.7099914550781,550.5,79.96499633789062,311.44000244140625,262.0299987792969,343.9200134277344,551.0601196289062,80.18000030517578,310.95001220703125,261.3900146484375,343.54998779296875,550.030029296875,79.95999908447266,311.44000244140625,261.989990234375,343.9200134277344,551.0599975585938,80.16999816894531,115475,124361,23321,26288,59838
2026-08-24 09:56:00-04:00,311.31500244140625,261.7950134277344,343.94000244140625,551.14501953125,80.1050033569336,311.4150085449219,261.82000732421875,344.04998779296875,551.25,80.12989807128906,311.0400085449219,261.4200134277344,343.625,550.4000244140625,79.94999694824219,311.04998779296875,261.4443054199219,343.69000244140625,550.4000244140625,79.96499633789062,68532,102208,197139,19021,48207
2026-08-24 09:57:00-04:00,311.30499267578125,261.5299987792969,344.3900146484375,550.030029296875,80.02999877929688,311.54998779296875,261.79998779296875,344.5849914550781,551.14501953125,80.1050033569336,311.2699890136719,261.5,343.7301940917969,549.8099975585938,80.0,311.3399963378906,261.760009765625,344.0,551.14501953125,80.1050033569336,61770,109012,75743,38482,37437
2026-08-24 09:58:00-04:00,311.4599914550781,261.6700134277344,344.7099914550781,551.5709838867188,79.9999008178711,311.57000732421875,261.7200012207031,344.7099914550781,551.7000122070312,80.07990264892578,311.15399169921875,261.260009765625,344.2900085449219,549.7899780273438,79.95050048828125,311.2900085449219,261.5520935058594,344.5,550.030029296875,80.0199966430664,47219,82385,52399,41170,51580
2026-08-24 09:59:00-04:00,311.875,261.5350036621094,344.77099609375,551.9000244140625,80.1050033569336,311.8800048828125,261.7095031738281,344.8299865722656,552.0800170898438,80.11000061035156,311.42999267578125,261.29998779296875,344.3505859375,551.4199829101562,79.9801025390625,311.4599914550781,261.6700134277344,344.739990234375,551.7498779296875,79.98500061035156,88746,90841,51920,32214,70332
2026-08-24 10:00:00-04:00,312.510009765625,262.739990234375,345.4100036621094,553.5,80.28500366210938,312.57501220703125,262.739990234375,345.46990966796875,553.5999755859375,80.28990173339844,311.739990234375,261.50299072265625,344.7699890136719,551.7449951171875,80.12000274658203,311.8500061035156,261.5299987792969,344.80499267578125,553.5,80.12000274658203,208656,305175,108362,59054,59239
2026-08-24 10:01:00-04:00,312.7056884765625,262.82000732421875,345.4549865722656,553.8300170898438,80.19999694824219,312.94000244140625,263.0899963378906,345.6000061035156,553.989990234375,80.32630157470703,312.510009765625,262.5299987792969,345.1000061035156,553.1494750976562,80.19000244140625,312.510009765625,262.7300109863281,345.46990966796875,553.5999755859375,80.2885971069336,194254,191890,69571,46904,59716
2026-08-24 10:02:00-04:00,312.5450134277344,262.1600036621094,345.239990234375,553.4149780273438,80.18990325927734,312.85931396484375,262.90301513671875,345.7799987792969,554.2797241210938,80.25,312.19000244140625,262.02130126953125,345.1199951171875,553.1300048828125,80.16999816894531,312.7149963378906,262.90301513671875,345.5,553.8300170898438,80.19999694824219,152988,123045,78866,80954,80425
2026-08-24 10:03:00-04:00,312.17498779296875,261.956298828125,345.1000061035156,553.989013671875,80.24539947509766,312.6199951171875,262.2499084472656,345.4800109863281,554.1998901367188,80.27189636230469,312.1199951171875,261.92999267578125,344.77178955078125,553.3685302734375,80.18000030517578,312.5400085449219,261.956298828125,345.1199951171875,553.3685302734375,80.18000030517578,90084,6556110,71723,37766,64552
2026-08-24 10:04:00-04:00,312.2850036621094,261.45001220703125,344.5426025390625,553.2150268554688,80.2249984741211,312.42999267578125,262.1600036621094,345.0950012207031,554.0900268554688,80.27999877929688,312.04010009765625,261.3500061035156,344.1199951171875,552.719970703125,80.13079833984375,312.17498779296875,261.9367980957031,344.9599914550781,554.0900268554688,80.2249984741211,82042,83021,44746,33761,50576
2026-08-24 10:05:00-04:00,312.4549865722656,261.3900146484375,344.3215026855469,552.614990234375,80.1500015258789,312.5459899902344,261.5198974609375,344.6700134277344,553.3300170898438,80.22000122070312,312.25,261.04998779296875,344.20001220703125,552.1655883789062,80.11000061035156,312.2850036621094,261.489990234375,344.6300048828125,553.2750244140625,80.22000122070312,68154,81248,33387,22938,97369
2026-08-24 10:06:00-04:00,312.30499267578125,260.71990966796875,344.2900085449219,551.5701293945312,80.05509948730469,312.56939697265625,261.42498779296875,344.67999267578125,552.6834716796875,80.1500015258789,312.2200012207031,260.68499755859375,344.1499938964844,551.5701293945312,80.04789733886719,312.4549865722656,261.3200988769531,344.3699951171875,552.614990234375,80.13999938964844,62986,79353,31265,32739,32972
2026-08-24 10:07:00-04:00,312.32501220703125,261.07000732421875,344.80999755859375,552.0700073242188,80.11499786376953,312.57000732421875,261.1549987792969,344.8999938964844,552.219970703125,80.12000274658203,312.2359924316406,260.5899963378906,344.2900085449219,551.5819702148438,80.05999755859375,312.2900085449219,260.739990234375,344.2900085449219,551.5819702148438,80.05999755859375,91835,102508,31964,23344,47463
2026-08-24 10:08:00-04:00,312.18328857421875,260.4200134277344,344.4750061035156,551.1500244140625,80.06999969482422,312.30999755859375,261.0199890136719,344.82000732421875,552.219970703125,80.16999816894531,312.1000061035156,260.4200134277344,344.3478088378906,551.0419921875,80.05000305175781,312.29998779296875,261.0199890136719,344.70001220703125,551.9304809570312,80.11000061035156,52540,70981,18955,21481,35480
2026-08-24 10:09:00-04:00,312.0799865722656,260.7349853515625,344.7300109863281,551.2550048828125,80.1863021850586,312.25,260.7799072265625,344.760009765625,551.3280029296875,80.19000244140625,311.9100036621094,260.1474914550781,344.2799987792969,550.0999755859375,80.05000305175781,312.1600036621094,260.3699951171875,344.42498779296875,551.2899780273438,80.0833969116211,76773,81940,24338,23720,33879
2026-08-24 10:10:00-04:00,312.44500732421875,260.94000244140625,345.19000244140625,551.47998046875,80.08999633789062,312.7998962402344,261.0,345.2799987792969,551.5859985351562,80.18399810791016,312.0799865722656,260.6000061035156,344.55999755859375,550.8200073242188,80.05000305175781,312.0899963378906,260.7799987792969,344.7200012207031,551.1842041015625,80.18399810791016,143397,66062,43305,18152,41176
2026-08-24 10:11:00-04:00,312.17999267578125,261.0299987792969,345.17999267578125,551.8400268554688,80.12999725341797,312.5400085449219,261.1400146484375,345.4800109863281,552.3212890625,80.16500091552734,312.0,260.82000732421875,345.1000061035156,551.5045776367188,80.0999984741211,312.17999267578125,260.92999267578125,345.19000244140625,551.5499877929688,80.11000061035156,82104,52404,31953,34004,26203
2026-08-24 10:12:00-04:00,311.7250061035156,261.1099853515625,344.69000244140625,551.8001708984375,80.21610260009766,312.1400146484375,261.3450012207031,345.1300048828125,552.1400146484375,80.23999786376953,311.7250061035156,260.8710021972656,344.6300048828125,551.530029296875,80.11499786376953,312.1199951171875,261.0,345.1300048828125,551.8049926757812,80.11499786376953,64171,75597,29016,15384,32905
2026-08-24 10:13:00-04:00,312.0299987792969,261.1875,345.04998779296875,553.1950073242188,80.2699966430664,312.1099853515625,261.3900146484375,345.3064880371094,553.8300170898438,80.29499816894531,311.7001037597656,261.1000061035156,344.44049072265625,551.8800048828125,80.19999694824219,311.7001037597656,261.139892578125,344.6300048828125,551.8800048828125,80.2029037475586,73980,79373,49886,36409,34998
2026-08-24 10:14:00-04:00,312.2300109863281,261.33990478515625,345.30999755859375,553.4019775390625,80.21499633789062,312.29998779296875,261.3799133300781,345.3599853515625,553.5,80.27999877929688,312.0,261.010009765625,344.9700012207031,552.610107421875,80.19999694824219,312.0199890136719,261.19500732421875,345.0400085449219,553.1514282226562,80.27999877929688,61613,62364,42618,22948,26106
2026-08-24 10:15:00-04:00,312.3450012207031,261.05999755859375,345.4200134277344,553.0999755859375,80.2699966430664,312.3900146484375,261.389892578125,345.6099853515625,553.489990234375,80.28990173339844,312.1099853515625,260.9501037597656,345.2699890136719,553.02001953125,80.19000244140625,312.2099914550781,261.2950134277344,345.3299865722656,553.3200073242188,80.21170043945312,71981,222126,45686,22907,47170
2026-08-24 10:16:00-04:00,312.5400085449219,260.9549865722656,345.67999267578125,552.97998046875,80.29039764404297,312.5799865722656,261.1499938964844,346.0199890136719,553.2349853515625,80.31500244140625,312.260009765625,260.8699951171875,345.3778991699219,552.635009765625,80.23500061035156,312.3299865722656,261.0889892578125,345.3999938964844,553.1207885742188,80.25800323486328,74139,53794,74466,29891,50668
2026-08-24 10:17:00-04:00,312.9049987792969,260.81500244140625,345.239990234375,552.7100219726562,80.27999877929688,312.989990234375,260.9870910644531,345.8500061035156,553.1795043945312,80.30000305175781,312.510009765625,260.67999267578125,345.17498779296875,552.6199951171875,80.22000122070312,312.5299987792969,260.9870910644531,345.7300109863281,553.010009765625,80.29000091552734,115382,81107,42280,20557,34948
2026-08-24 10:18:00-04:00,313.1099853515625,260.57000732421875,345.3550109863281,552.25,80.25499725341797,313.1400146484375,260.8399963378906,345.3599853515625,552.9299926757812,80.29499816894531,312.8500061035156,260.5199890136719,344.92999267578125,552.010009765625,80.23999786376953,312.9049987792969,260.82501220703125,345.2900085449219,552.9299926757812,80.27989959716797,144748,71667,43235,32993,32556
2026-08-24 10:19:00-04:00,312.9949951171875,260.7449951171875,345.2200012207031,552.3300170898438,80.2249984741211,313.1700134277344,260.82000732421875,345.489990234375,552.844970703125,80.33000183105469,312.94000244140625,260.489990234375,345.0899963378906,552.0,80.20999908447266,313.1099853515625,260.5400085449219,345.3599853515625,552.219970703125,80.2500991821289,113979,65099,34978,17196,50874
2026-08-24 10:20:00-04:00,313.05499267578125,260.94500732421875,345.5150146484375,552.4099731445312,80.23989868164062,313.19989013671875,260.9700012207031,345.54998779296875,552.7000122070312,80.28500366210938,312.82000732421875,260.70001220703125,345.1499938964844,552.0300903320312,80.22000122070312,312.989990234375,260.7250061035156,345.2250061035156,552.2999877929688,80.23500061035156,80585,49697,31374,33580,35556
2026-08-24 10:21:00-04:00,312.9200134277344,261.3900146484375,345.75,552.5250244140625,80.2300033569336,313.1099853515625,261.42999267578125,345.760009765625,552.9008178710938,80.26000213623047,312.8299865722656,260.9200134277344,345.4700012207031,552.4349975585938,80.22000122070312,313.04998779296875,260.94000244140625,345.5799865722656,552.4349975585938,80.23999786376953,57569,78008,27471,21702,34452
2026-08-24 10:22:00-04:00,312.9700012207031,261.260009765625,345.7099914550781,552.8250122070312,80.26000213623047,313.0450134277344,261.5,345.95001220703125,552.9400024414062,80.2699966430664,312.6499938964844,261.2200012207031,345.54998779296875,552.530029296875,80.22000122070312,312.9700012207031,261.3100891113281,345.7301025390625,552.6099853515625,80.26000213623047,78019,60908,24987,18191,31192
2026-08-24 10:23:00-04:00,312.7900085449219,261.2799987792969,345.40008544921875,551.9349975585938,80.30509948730469,312.94500732421875,261.4700012207031,345.75,552.8900146484375,80.30999755859375,312.6199951171875,261.1600036621094,345.32000732421875,551.5399780273438,80.24330139160156,312.92999267578125,261.25,345.6499938964844,552.6701049804688,80.26000213623047,48323,59605,25887,73556,41672
2026-08-24 10:24:00-04:00,312.8999938964844,261.2550048828125,345.1199951171875,551.510009765625,80.3207015991211,312.8999938964844,261.2699890136719,345.4111022949219,551.9249877929688,80.33000183105469,312.6499938964844,261.09051513671875,345.0199890136719,551.1300048828125,80.25499725341797,312.80499267578125,261.25,345.375,551.9249877929688,80.30370330810547,37526,8172810,21245,13834,37848
2026-08-24 10:25:00-04:00,312.9599914550781,261.2898864746094,345.19000244140625,551.9000244140625,80.36000061035156,313.0400085449219,261.2898864746094,345.3900146484375,552.1300048828125,80.37999725341797,312.739990234375,261.1099853515625,345.1099853515625,551.5919799804688,80.31999969482422,312.9197082519531,261.2550048828125,345.1700134277344,551.5919799804688,80.33999633789062,88867,44252,22806,17379,43214
2026-08-24 10:26:00-04:00,312.8399963378906,261.04998779296875,345.19000244140625,551.489990234375,80.31500244140625,313.010009765625,261.2650146484375,345.3194885253906,552.139892578125,80.38999938964844,312.7799987792969,261.04998779296875,344.9292907714844,551.489990234375,80.30999755859375,312.9800109863281,261.2650146484375,345.1549987792969,552.110107421875,80.31500244140625,41018,37485,48081,12932,33689
2026-08-24 10:27:00-04:00,312.739990234375,261.11749267578125,345.1300048828125,552.0599975585938,80.2699966430664,312.8399963378906,261.2699890136719,345.3599853515625,552.85400390625,80.30999755859375,312.6099853515625,261.0299987792969,344.80999755859375,551.3099975585938,80.25,312.81500244140625,261.0299987792969,345.18499755859375,551.6300048828125,80.30999755859375,57704,52529,42531,28820,45075
2026-08-24 10:28:00-04:00,312.9800109863281,261.3399963378906,345.1000061035156,552.3049926757812,80.29000091552734,312.993896484375,261.4200134277344,345.2149963378906,552.3049926757812,80.29000091552734,312.6400146484375,261.1099853515625,344.989990234375,551.7899780273438,80.22100067138672,312.69000244140625,261.159912109375,345.0950012207031,551.9500122070312,80.26000213623047,54702,33190,32434,42125,59908
2026-08-24 10:29:00-04:00,312.94000244140625,261.4100036621094,345.3949890136719,551.8699951171875,80.30999755859375,312.989990234375,261.57989501953125,345.43499755859375,552.4976806640625,80.36000061035156,312.6600036621094,261.2300109863281,345.1000061035156,551.6599731445312,80.28500366210938,312.9849853515625,261.3900146484375,345.1050109863281,552.3099975585938,80.28510284423828,40133,111741,20099,17395,74546
2026-08-24 10:30:00-04:00,313.06500244140625,261.82000732421875,345.9599914550781,551.4099731445312,80.31999969482422,313.1300048828125,261.8349914550781,345.9800109863281,551.760009765625,80.33000183105469,312.8299865722656,261.239990234375,345.3299865722656,551.280029296875,80.20999908447266,312.92999267578125,261.42498779296875,345.3999938964844,551.719970703125,80.30000305175781,94287,85936,35616,23330,39714
2026-08-24 10:31:00-04:00,312.9949951171875,261.69500732421875,345.32000732421875,550.510009765625,80.21499633789062,313.1600036621094,261.80999755859375,346.0199890136719,551.4099731445312,80.31999969482422,312.9599914550781,261.57000732421875,345.25,550.5001220703125,80.21499633789062,313.0799865722656,261.7900085449219,345.9150085449219,551.4099731445312,80.31999969482422,48342,35726,39736,19131,31099
2026-08-24 10:32:00-04:00,313.19000244140625,261.2950134277344,345.2699890136719,550.0025024414062,80.1500015258789,313.3299865722656,261.7084045410156,345.3299865722656,550.6724853515625,80.20999908447266,313.0,261.2950134277344,344.8800048828125,549.840087890625,80.12000274658203,313.0,261.6700134277344,345.2799987792969,550.6300048828125,80.20999908447266,120177,40558,27544,36055,32870
2026-08-24 10:33:00-04:00,313.1300048828125,261.42718505859375,345.260009765625,550.02001953125,80.1449966430664,313.29998779296875,261.625,345.418701171875,550.4359741210938,80.17500305175781,313.1300048828125,261.239990234375,345.1300048828125,549.6599731445312,80.10040283203125,313.17999267578125,261.30499267578125,345.2300109863281,550.0853271484375,80.14399719238281,53379,8693428,32460,42331,31964
2026-08-24 10:34:00-04:00,313.17498779296875,261.4649963378906,345.29998779296875,550.4199829101562,80.125,313.25,261.5150146484375,345.3800048828125,550.4990234375,80.1500015258789,313.07000732421875,261.2699890136719,345.06500244140625,549.80322265625,80.05000305175781,313.1099853515625,261.44000244140625,345.2200012207031,550.0999755859375,80.1500015258789,44337,28012,19157,32163,28481
2026-08-24 10:35:00-04:00,313.1549987792969,261.4800109863281,345.1875,550.5,80.19000244140625,313.25,261.6199951171875,345.3999938964844,550.5,80.19000244140625,313.090087890625,261.37420654296875,345.1650085449219,549.9395751953125,80.11000061035156,313.1600036621094,261.4599914550781,345.239990234375,550.4000854492188,80.13999938964844,50178,22650,17303,32969,20071
2026-08-24 10:36:00-04:00,313.19000244140625,261.6400146484375,345.2799987792969,550.72998046875,80.22000122070312,313.20001220703125,261.6700134277344,345.2799987792969,550.9498901367188,80.26000213623047,313.0299987792969,261.4580078125,345.1000061035156,550.5,80.18009948730469,313.16339111328125,261.4580078125,345.2300109863281,550.5449829101562,80.18009948730469,49059,19253,24640,26336,26149
2026-08-24 10:37:00-04:00,313.135009765625,261.8299865722656,345.4800109863281,550.719970703125,80.16999816894531,313.19000244140625,261.8399963378906,345.54998779296875,550.7899780273438,80.22879791259766,312.9700012207031,261.6000061035156,345.1499938964844,550.3099975585938,80.06999969482422,313.1700134277344,261.68499755859375,345.2699890136719,550.736328125,80.21859741210938,46604,36668,25832,16841,30749
2026-08-24 10:38:00-04:00,312.989990234375,262.20001220703125,345.6499938964844,550.7249755859375,80.16000366210938,313.1799011230469,262.29998779296875,345.8699951171875,550.8798828125,80.20999908447266,312.95001220703125,261.8399963378906,345.4599914550781,550.6400146484375,80.16000366210938,313.1400146484375,261.8500061035156,345.4599914550781,550.75,80.19000244140625,34213,87083,37684,12895,28263
2026-08-24 10:39:00-04:00,312.95001220703125,262.30999755859375,345.67498779296875,550.6199951171875,80.06999969482422,313.05999755859375,262.3782043457031,345.7099914550781,550.6950073242188,80.1449966430664,312.8599853515625,262.1000061035156,345.2300109863281,550.1099853515625,80.06500244140625,312.95001220703125,262.2099914550781,345.6400146484375,550.6500244140625,80.13800048828125,38604,54132,36510,22568,20265
2026-08-24 10:40:00-04:00,313.1000061035156,262.489990234375,345.5618896484375,551.0,80.06999969482422,313.114990234375,262.7200012207031,345.79998779296875,551.2999877929688,80.0999984741211,312.80999755859375,262.30999755859375,345.5299987792969,550.4724731445312,80.04000091552734,312.92999267578125,262.30999755859375,345.6499938964844,550.6649780273438,80.08000183105469,37909,92912,14217,25476,24958
2026-08-24 10:41:00-04:00,313.2099914550781,262.6650085449219,346.2850036621094,551.9099731445312,80.06999969482422,313.2300109863281,262.8299865722656,346.29998779296875,551.9400024414062,80.12000274658203,313.00048828125,262.4800109863281,345.5199890136719,550.9400024414062,80.02999877929688,313.0899963378906,262.5050048828125,345.56500244140625,551.9099731445312,80.06999969482422,40154,76314,3775063,21588,32166
2026-08-24 10:42:00-04:00,313.2300109863281,262.5498962402344,346.05999755859375,552.1400146484375,80.06999969482422,313.30999755859375,262.7650146484375,346.4635925292969,552.4500122070312,80.10990142822266,313.1600036621094,262.5,345.9200134277344,551.7000122070312,80.05999755859375,313.2300109863281,262.69000244140625,346.29998779296875,552.0,80.08000183105469,37777,84367,27308,23936,29927
2026-08-24 10:43:00-04:00,313.135009765625,261.9200134277344,346.04998779296875,551.7899780273438,79.9800033569336,313.2298889160156,262.5849914550781,346.25,552.3099975585938,80.08999633789062,313.0899963378906,261.8999938964844,345.9700012207031,551.6550903320312,79.9800033569336,313.2099914550781,262.5249938964844,346.0899963378906,552.239990234375,80.08000183105469,30662,95528,21938,18284,40999
2026-08-24 10:44:00-04:00,313.1000061035156,262.06500244140625,346.31500244140625,552.2000122070312,80.00499725341797,313.1199951171875,262.1000061035156,346.3500061035156,552.4600219726562,80.0199966430664,312.82000732421875,261.739990234375,345.8605041503906,551.469970703125,79.91999816894531,313.1099853515625,261.92498779296875,346.04998779296875,551.7249755859375,79.98500061035156,45134,59760,26209,13672,83759
2026-08-24 10:45:00-04:00,313.17498779296875,262.31500244140625,346.41009521484375,552.7249755859375,80.04499816894531,313.2099914550781,262.3800048828125,346.4898986816406,553.1199951171875,80.04499816894531,313.07000732421875,261.989990234375,346.20001220703125,552.0700073242188,80.0,313.1099853515625,262.1199951171875,346.3800048828125,552.2349853515625,80.01000213623047,30854,51746,37782,28455,29270
2026-08-24 10:46:00-04:00,313.1700134277344,262.54998779296875,346.3999938964844,552.6892700195312,79.9800033569336,313.19000244140625,262.57000732421875,346.5,552.969970703125,80.08000183105469,313.0299987792969,262.32501220703125,346.19500732421875,552.1699829101562,79.95999908447266,313.1600036621094,262.375,346.42999267578125,552.7249755859375,80.05000305175781,53138,58885,33895,26363,57419
2026-08-24 10:47:00-04:00,313.1199951171875,262.5,346.42498779296875,552.7349853515625,79.95500183105469,313.24951171875,262.6099853515625,346.5,553.02001953125,79.98500061035156,313.0509033203125,262.44000244140625,346.2200012207031,552.510009765625,79.93000030517578,313.1549987792969,262.57000732421875,346.3599853515625,552.6699829101562,79.9800033569336,41718,46989,33862,18638,29406
2026-08-24 10:48:00-04:00,313.1050109863281,262.375,346.68499755859375,552.7849731445312,79.91999816894531,313.239990234375,262.6499938964844,346.79998779296875,552.9400024414062,79.96499633789062,313.07000732421875,262.25,346.3900146484375,552.5,79.9000015258789,313.114990234375,262.510009765625,346.45001220703125,552.75,79.9540023803711,719788,64243,46827,39802,29173
2026-08-24 10:49:00-04:00,313.19000244140625,262.3550109863281,346.8428039550781,553.2999877929688,79.91999816894531,313.19000244140625,262.4999084472656,346.94000244140625,553.5869750976562,79.94999694824219,313.05499267578125,262.25,346.5707092285156,552.7899780273438,79.90450286865234,313.0899963378906,262.3399963378906,346.67498779296875,552.7999877929688,79.90989685058594,43757,105463,58249,106028,54947
2026-08-24 10:50:00-04:00,313.1600036621094,262.19000244140625,346.4549865722656,553.489990234375,79.87000274658203,313.2699890136719,262.6000061035156,346.8599853515625,553.8599853515625,79.95500183105469,313.10009765625,262.17010498046875,346.4200134277344,553.0399780273438,79.85279846191406,313.19000244140625,262.3800048828125,346.8299865722656,553.3699951171875,79.91999816894531,45472,42765,21777,48446,46099
2026-08-24 10:51:00-04:00,313.17498779296875,262.4674987792969,346.5,553.4299926757812,79.80000305175781,313.2200012207031,262.489990234375,346.6700134277344,553.5700073242188,79.89990234375,313.05999755859375,262.1401062011719,346.30999755859375,553.1400756835938,79.79000091552734,313.1700134277344,262.19500732421875,346.3999938964844,553.5,79.88500213623047,43205,34273,28855,14496,47269
2026-08-24 10:52:00-04:00,312.9527893066406,262.239990234375,346.6405029296875,553.5,79.7699966430664,313.17999267578125,262.4750061035156,346.7149963378906,553.5999755859375,79.81999969482422,312.92999267578125,262.1499938964844,346.4800109863281,553.1845703125,79.75,313.1400146484375,262.44000244140625,346.54998779296875,553.3300170898438,79.80999755859375,56072,63002,24097,17609,27824
2026-08-24 10:53:00-04:00,312.7749938964844,262.0787048339844,346.3949890136719,552.864990234375,79.82499694824219,312.94000244140625,262.2864990234375,346.67999267578125,553.5,79.82499694824219,312.57501220703125,261.8599853515625,346.3550109863281,552.2786254882812,79.75,312.94000244140625,262.2699890136719,346.6795959472656,553.5,79.77999877929688,71991,47222,16475,30523,29313
2026-08-24 10:54:00-04:00,312.625,262.177001953125,346.3949890136719,553.0999755859375,79.83999633789062,312.8299865722656,262.29998779296875,346.5400085449219,553.2899780273438,79.8499984741211,312.610107421875,261.93011474609375,346.29998779296875,552.8300170898438,79.80999755859375,312.7749938964844,262.1050109863281,346.42999267578125,552.864990234375,79.83000183105469,34482,33013,8638,10737,37903
2026-08-24 10:55:00-04:00,312.55499267578125,262.1499938964844,346.2349853515625,553.3099975585938,79.8550033569336,312.7398986816406,262.32000732421875,346.3999938964844,553.4000244140625,79.87989807128906,312.5,261.9800109863281,346.1388854980469,553.030029296875,79.83000183105469,312.57000732421875,262.1300048828125,346.3500061035156,553.27001953125,79.85040283203125,56892,30492,24490,19632,28734
2026-08-24 10:56:00-04:00,312.7850036621094,262.0150146484375,346.125,553.8400268554688,79.91999816894531,312.9150085449219,262.17999267578125,346.3599853515625,553.8400268554688,79.93000030517578,312.5400085449219,261.9700012207031,346.0799865722656,552.9600219726562,79.86499786376953,312.55499267578125,262.1499938964844,346.125,553.3150024414062,79.86499786376953,47686,35144,20328,16345,29071
2026-08-24 10:57:00-04:00,312.79998779296875,261.9700012207031,346.3349914550781,553.739990234375,79.97000122070312,312.94000244140625,262.06500244140625,346.3800048828125,553.9500122070312,79.97989654541016,312.75,261.8900146484375,346.0899963378906,553.5401000976562,79.87999725341797,312.7850036621094,262.04998779296875,346.1700134277344,553.8001098632812,79.91999816894531,28084,50877,26006,15791,53041
2026-08-24 10:58:00-04:00,313.0199890136719,261.9750061035156,346.4649963378906,553.6414794921875,79.96499633789062,313.0299987792969,262.09991455078125,346.57000732421875,553.8499755859375,79.9800033569336,312.7945861816406,261.90350341796875,346.1921081542969,553.510009765625,79.93000030517578,312.7945861816406,262.010009765625,346.3349914550781,553.739990234375,79.97000122070312,29889,25310,36515,10440,31606
2026-08-24 10:59:00-04:00,312.9700012207031,261.8500061035156,346.2200012207031,553.10498046875,80.01499938964844,313.1099853515625,262.0090026855469,346.44989013671875,553.6749877929688,80.0199966430664,312.9700012207031,261.760009765625,346.1099853515625,552.5,79.95999908447266,313.010009765625,261.99798583984375,346.42999267578125,553.6599731445312,79.96499633789062,30459,42471,20858,28596,49279
2026-08-24 11:00:00-04:00,313.010009765625,261.8800048828125,346.3999938964844,552.7750244140625,80.00990295410156,313.1600036621094,261.8900146484375,346.4399108886719,553.0,80.0199966430664,312.94000244140625,261.739990234375,346.19000244140625,552.5200805664062,79.97000122070312,312.9750061035156,261.8500061035156,346.2239074707031,552.97998046875,80.01499938964844,41538,36646,10980,10819,30649
2026-08-24 11:01:00-04:00,313.0400085449219,262.1099853515625,346.1700134277344,552.9600219726562,80.08000183105469,313.1199951171875,262.1300048828125,346.489990234375,552.9600219726562,80.08000183105469,312.94500732421875,261.80999755859375,346.0899963378906,552.5,79.95999908447266,312.9599914550781,261.8800048828125,346.30999755859375,552.7349853515625,79.98999786376953,21605,36176,24522,8861,26498
2026-08-24 11:02:00-04:00,312.7699890136719,261.9150085449219,346.2200012207031,552.5700073242188,79.98500061035156,313.0199890136719,262.1700134277344,346.2200012207031,552.9146118164062,80.0708999633789,312.7650146484375,261.80999755859375,345.95001220703125,552.1599731445312,79.94999694824219,313.0199890136719,262.1099853515625,346.1499938964844,552.9146118164062,80.0708999633789,48274,32347,27933,15771,93686
2026-08-24 11:03:00-04:00,312.6300048828125,261.8500061035156,346.0199890136719,552.489990234375,80.02999877929688,312.7952880859375,262.0,346.30999755859375,552.9400024414062,80.04000091552734,312.54998779296875,261.79998779296875,345.989990234375,552.3900146484375,79.96749877929688,312.739990234375,261.94000244140625,346.17498779296875,552.5673828125,79.98500061035156,39842,28646,20558,11657,17171
2026-08-24 11:04:00-04:00,312.6050109863281,261.5899963378906,345.8900146484375,552.219970703125,80.0,312.75,261.82000732421875,346.0249938964844,552.6400146484375,80.02999877929688,312.57000732421875,261.5899963378906,345.6499938964844,552.1099853515625,79.97000122070312,312.6300048828125,261.80010986328125,346.0249938964844,552.47998046875,80.02050018310547,37187,46159,42185,16544,27783
2026-08-24 11:05:00-04:00,312.3349914550781,261.5799865722656,345.375,552.5599975585938,80.00499725341797,312.6300048828125,261.7489929199219,345.8900146484375,552.6799926757812,80.01000213623047,312.260009765625,261.4849853515625,345.30999755859375,552.219970703125,79.97000122070312,312.6050109863281,261.6700134277344,345.8900146484375,552.219970703125,80.00509643554688,82541,37509,20984,12698,25105
2026-08-24 11:06:00-04:00,312.2239990234375,261.5639953613281,345.75,552.9400024414062,79.9800033569336,312.385009765625,261.6000061035156,345.75,552.9400024414062,80.0,312.1300048828125,261.4200134277344,345.375,552.2800903320312,79.95999908447266,312.32000732421875,261.56500244140625,345.375,552.5800170898438,80.0,299334,36136,19523,9355,22850
2026-08-24 11:07:00-04:00,312.04998779296875,261.697509765625,345.8800048828125,552.8599853515625,80.05500030517578,312.2300109863281,261.7900085449219,345.8800048828125,552.97998046875,80.05999755859375,312.04998779296875,261.54010009765625,345.67999267578125,552.6300048828125,79.94999694824219,312.2049865722656,261.5523986816406,345.760009765625,552.9617919921875,79.97000122070312,37315,57557,19658,14231,30258
2026-08-24 11:08:00-04:00,311.6300048828125,261.55999755859375,346.32000732421875,552.9550170898438,80.05999755859375,312.0899963378906,261.70001220703125,346.3399963378906,553.0,80.07990264892578,311.5400085449219,261.4800109863281,345.78009033203125,552.719970703125,80.03500366210938,312.0400085449219,261.67999267578125,345.8797912597656,552.8599853515625,80.05500030517578,96267,27278,19758,10904,24107
2026-08-24 11:09:00-04:00,311.68499755859375,261.9049987792969,346.875,553.6489868164062,80.17009735107422,311.79998779296875,261.9800109863281,346.8800048828125,553.7899780273438,80.17849731445312,311.57000732421875,261.5400085449219,346.3301086425781,552.9199829101562,80.05010223388672,311.6449890136719,261.57000732421875,346.3301086425781,553.02001953125,80.05010223388672,119318,61858,44298,13572,62141
2026-08-24 11:10:00-04:00,311.79998779296875,261.9599914550781,346.8299865722656,554.1917724609375,80.10009765625,311.9200134277344,262.0,346.95001220703125,554.9600219726562,80.19000244140625,311.5299987792969,261.82000732421875,346.6499938964844,553.4099731445312,80.08000183105469,311.7099914550781,261.8999938964844,346.8800048828125,554.1917724609375,80.17500305175781,64677,28839,44113,70834,31938
2026-08-24 11:11:00-04:00,311.7349853515625,261.8500061035156,346.7200012207031,553.8400268554688,80.08000183105469,311.8500061035156,261.9700012207031,346.8599853515625,554.3499755859375,80.12000274658203,311.69000244140625,261.7749938964844,346.4800109863281,553.739990234375,80.05999755859375,311.75,261.9200134277344,346.82000732421875,554.1300048828125,80.08499908447266,41476,27362,24898,15534,28148
2026-08-24 11:12:00-04:00,311.75,261.760009765625,346.7799987792969,554.114990234375,80.04000091552734,311.8999938964844,261.8901062011719,346.8699951171875,554.114990234375,80.07499694824219,311.69500732421875,261.67999267578125,346.55670166015625,553.6900024414062,80.02999877929688,311.75,261.8599853515625,346.739990234375,553.9299926757812,80.06999969482422,43919,34161,21618,15134,19245
2026-08-24 11:13:00-04:00,311.7900085449219,261.9100036621094,346.69000244140625,553.8499755859375,80.05999755859375,311.80999755859375,261.9750061035156,346.989990234375,554.1900024414062,80.07499694824219,311.6199951171875,261.7301025390625,346.6795959472656,553.8099975585938,80.04000091552734,311.7900085449219,261.78009033203125,346.7701110839844,554.0900268554688,80.04499816894531,9736049,27173,23904,15675,40388
2026-08-24 11:14:00-04:00,311.8800964355469,261.54010009765625,346.25,553.1199951171875,80.02069854736328,311.8999938964844,261.8699951171875,346.739990234375,553.9199829101562,80.05500030517578,311.6510925292969,261.5249938964844,346.25,553.1199951171875,80.0199966430664,311.7200012207031,261.8699951171875,346.6499938964844,553.780029296875,80.05500030517578,45693,40449,17344,15181,14049
2026-08-24 11:15:00-04:00,311.95001220703125,261.7049865722656,346.4800109863281,553.3300170898438,80.02999877929688,312.0199890136719,261.7300109863281,346.55999755859375,553.364990234375,80.04989624023438,311.8399963378906,261.54998779296875,346.260009765625,552.9500122070312,80.0,311.8800048828125,261.55999755859375,346.2900085449219,553.0700073242188,80.01000213623047,48473,32206,15023,12981,32977
2026-08-24 11:16:00-04:00,311.9200134277344,261.6700134277344,346.3500061035156,553.25,80.04000091552734,312.0299987792969,261.7699890136719,346.5299987792969,553.4600219726562,80.04499816894531,311.8360900878906,261.5299987792969,346.3500061035156,553.0999755859375,80.02999877929688,311.9549865722656,261.7049865722656,346.4599914550781,553.4600219726562,80.04000091552734,46585,46992,16083,9151,25026
2026-08-24 11:17:00-04:00,311.95001220703125,261.6199951171875,346.4100036621094,553.3499755859375,80.0198974609375,312.0400085449219,261.739990234375,346.55999755859375,553.635009765625,80.03500366210938,311.90008544921875,261.590087890625,346.4100036621094,553.1699829101562,80.0,311.9100036621094,261.614990234375,346.44500732421875,553.25,80.0198974609375,25496,18589,14234,14339,36359
2026-08-24 11:18:00-04:00,311.82000732421875,261.7049865722656,346.7900085449219,554.2550048828125,80.09950256347656,311.95001220703125,261.7499084472656,346.8269958496094,554.4343872070312,80.09950256347656,311.7499084472656,261.6000061035156,346.41009521484375,553.4000244140625,80.0,311.9100036621094,261.6300048828125,346.45001220703125,554.2550048828125,80.01000213623047,41578,19172,17885,17107,35036
2026-08-24 11:19:00-04:00,311.79998779296875,261.6549987792969,346.6300048828125,553.905029296875,80.12989807128906,311.9649963378906,261.7900085449219,346.8399963378906,554.1690063476562,80.1500015258789,311.79998779296875,261.610107421875,346.55560302734375,553.8599853515625,80.08999633789062,311.82000732421875,261.7200012207031,346.7900085449219,554.1199951171875,80.09500122070312,30511,18657,13325,9930,34492
2026-08-24 11:20:00-04:00,311.82000732421875,261.45001220703125,346.21990966796875,553.6400146484375,80.08000183105469,311.93798828125,261.7196044921875,346.6549072265625,554.0,80.13500213623047,311.760009765625,261.43499755859375,346.1099853515625,553.510009765625,80.08000183105469,311.82000732421875,261.67999267578125,346.6549072265625,554.0,80.125,31639,161363,15921,13618,24390
2026-08-24 11:21:00-04:00,311.75,261.7699890136719,346.44000244140625,554.27001953125,80.13500213623047,311.8800048828125,261.7900085449219,346.45001220703125,554.344970703125,80.13999938964844,311.7200012207031,261.4100036621094,346.1400146484375,553.5900268554688,80.09500122070312,311.79998779296875,261.44000244140625,346.17498779296875,553.64501953125,80.09500122070312,27244,41225,14156,22245,29481
2026-08-24 11:22:00-04:00,311.7264099121094,261.94000244140625,346.3999938964844,553.989990234375,80.12999725341797,311.80999755859375,262.0,346.54998779296875,554.345703125,80.16999816894531,311.6700134277344,261.75201416015625,346.360107421875,553.7360229492188,80.11499786376953,311.7449951171875,261.760009765625,346.4599914550781,554.27001953125,80.12999725341797,46380,50619,8183,13934,33676
2026-08-24 11:23:00-04:00,311.80999755859375,262.2200012207031,346.5899963378906,554.364990234375,80.1050033569336,311.8800048828125,262.2300109863281,346.6000061035156,554.3900146484375,80.13999938964844,311.6650085449219,261.95001220703125,346.3999938964844,553.969970703125,80.08999633789062,311.6650085449219,261.9700012207031,346.4172058105469,553.9949951171875,80.12999725341797,32700,40379,12664,15629,17580
2026-08-24 11:24:00-04:00,311.9501037597656,262.17498779296875,346.92999267578125,554.4749755859375,80.13999938964844,311.9898986816406,262.25,346.989990234375,554.719970703125,80.16999816894531,311.80499267578125,262.0299987792969,346.489990234375,554.1500244140625,80.10009765625,311.80999755859375,262.17498779296875,346.5299987792969,554.39501953125,80.11000061035156,45650,44439,19895,26331,28696
2026-08-24 11:25:00-04:00,312.17498779296875,262.30499267578125,347.4599914550781,555.3599853515625,80.16929626464844,312.239990234375,262.3999938964844,347.4599914550781,555.6799926757812,80.18499755859375,311.9200134277344,262.04998779296875,346.8550109863281,554.3599853515625,80.12000274658203,311.9599914550781,262.30499267578125,346.93499755859375,554.4749755859375,80.13999938964844,48410,41653,80331,77557,22073
2026-08-24 11:26:00-04:00,312.0704040527344,262.2850036621094,347.1000061035156,555.6500244140625,80.18499755859375,312.1899108886719,262.3900146484375,347.43499755859375,555.755615234375,80.19000244140625,312.05499267578125,262.2449951171875,347.1000061035156,555.280029296875,80.16500091552734,312.17498779296875,262.3299865722656,347.4100036621094,555.3900146484375,80.16500091552734,40269,39708,22357,26600,19690
2026-08-24 11:27:00-04:00,312.0899963378906,262.2099914550781,346.8399963378906,555.3201293945312,80.13500213623047,312.17999267578125,262.2850036621094,347.17999267578125,555.6898803710938,80.19999694824219,312.04998779296875,262.1600036621094,346.8399963378906,555.3200073242188,80.13500213623047,312.0799865722656,262.2850036621094,347.07000732421875,555.6500244140625,80.19000244140625,34199,33593,16493,20396,27502
2026-08-24 11:28:00-04:00,312.135009765625,262.17498779296875,347.1000061035156,555.2000122070312,80.16500091552734,312.17999267578125,262.2200012207031,347.1000061035156,555.5,80.16500091552734,312.010009765625,262.05499267578125,346.79998779296875,554.760009765625,80.11000061035156,312.0899963378906,262.1802978515625,346.8550109863281,555.4400024414062,80.13999938964844,552683,33212,19188,30168,21752
2026-08-24 11:29:00-04:00,312.239990234375,262.6600036621094,347.4100036621094,556.0900268554688,80.19000244140625,312.45001220703125,262.67999267578125,347.55999755859375,556.5399780273438,80.22989654541016,312.1400146484375,262.19500732421875,347.0450134277344,555.2000122070312,80.16500091552734,312.1400146484375,262.20001220703125,347.0899963378906,555.3099975585938,80.16500091552734,131705,122809,53361,58704,82843
2026-08-24 11:30:00-04:00,312.2300109863281,262.81500244140625,347.8550109863281,556.0599975585938,80.18499755859375,312.2699890136719,262.8299865722656,347.875,556.405029296875,80.18499755859375,312.0,262.44000244140625,347.30999755859375,555.760009765625,80.11000061035156,312.239990234375,262.6400146484375,347.3800048828125,556.1649780273438,80.18000030517578,54779,87140,39665,26281,26394
2026-08-24 11:31:00-04:00,312.20001220703125,262.6199951171875,347.375,555.6209716796875,80.17500305175781,312.2699890136719,262.8299865722656,347.92999267578125,556.3574829101562,80.19989776611328,312.1499938964844,262.5849914550781,347.3605041503906,555.6209716796875,80.13999938964844,312.25,262.81500244140625,347.8550109863281,556.072509765625,80.18000030517578,39855,54259,21865,21119,34213
2026-08-24 11:32:00-04:00,312.25,262.3900146484375,347.1300048828125,555.5032958984375,80.17500305175781,312.2699890136719,262.57501220703125,347.3299865722656,555.7299194335938,80.19999694824219,312.1099853515625,262.3900146484375,347.1000061035156,555.2000122070312,80.15499877929688,312.1549987792969,262.55999755859375,347.32000732421875,555.7286987304688,80.16500091552734,40481,54930,25156,35475,33705
2026-08-24 11:33:00-04:00,312.2300109863281,262.4599914550781,347.3399963378906,555.8200073242188,80.19499969482422,312.3450012207031,262.47589111328125,347.4599914550781,555.9299926757812,80.20500183105469,312.1499938964844,262.2620849609375,347.1199951171875,555.2700805664062,80.17500305175781,312.260009765625,262.4049987792969,347.16241455078125,555.47998046875,80.17500305175781,39220,49161,21710,46875,21324
2026-08-24 11:34:00-04:00,311.92498779296875,262.57000732421875,347.4049987792969,555.3800048828125,80.16000366210938,312.2300109863281,262.760009765625,347.6050109863281,555.8200073242188,80.19499969482422,311.8800048828125,262.44000244140625,347.2699890136719,555.280029296875,80.1500015258789,312.2250061035156,262.44000244140625,347.29998779296875,555.7910766601562,80.19499969482422,50392,39487,21413,14249,53154
2026-08-24 11:35:00-04:00,311.7699890136719,262.4599914550781,347.1400146484375,555.1690063476562,80.13999938964844,311.98858642578125,262.760009765625,347.44500732421875,555.5800170898438,80.16999816894531,311.75,262.4599914550781,347.05999755859375,555.1500244140625,80.12999725341797,311.95001220703125,262.5350036621094,347.44500732421875,555.3800048828125,80.1500015258789,38757,102334,16939,15987,19293
2026-08-24 11:36:00-04:00,311.7850036621094,262.6199951171875,347.4800109863281,555.9199829101562,80.16950225830078,311.8399963378906,262.6600036621094,347.4800109863281,556.0,80.18000030517578,311.7001037597656,262.1700134277344,347.2099914550781,555.0,80.14399719238281,311.7799987792969,262.4599914550781,347.2149963378906,555.1649780273438,80.14399719238281,38730,45215,14723,52401,34451
2026-08-24 11:37:00-04:00,311.83990478515625,262.5849914550781,347.45050048828125,555.8800048828125,80.18000030517578,311.9200134277344,262.70001220703125,347.5899963378906,556.0,80.18000030517578,311.7300109863281,262.5,347.30999755859375,555.6201171875,80.12999725341797,311.7699890136719,262.6499938964844,347.4999084472656,555.864990234375,80.16500091552734,43640,31772,15056,40731,31905
2026-08-24 11:38:00-04:00,311.8999938964844,262.3299865722656,347.57000732421875,556.6500244140625,80.19000244140625,311.96990966796875,262.5899963378906,347.6499938964844,556.9600219726562,80.19999694824219,311.7699890136719,262.3299865722656,347.3999938964844,555.760009765625,80.13999938964844,311.80999755859375,262.5849914550781,347.4599914550781,555.7600708007812,80.17500305175781,45501,20005,23137,55449,23421
2026-08-24 11:39:00-04:00,311.8599853515625,262.4599914550781,347.69000244140625,556.6500244140625,80.16999816894531,311.92999267578125,262.5400085449219,347.7099914550781,556.9400024414062,80.19499969482422,311.8500061035156,262.3299865722656,347.54998779296875,556.510009765625,80.1500015258789,311.9049987792969,262.3699951171875,347.5849914550781,556.6500244140625,80.19499969482422,23799,42115,26956,21721,19352
2026-08-24 11:40:00-04:00,311.9800109863281,262.6050109863281,347.92498779296875,556.7999877929688,80.19000244140625,312.0,262.760009765625,348.0150146484375,557.5,80.20989990234375,311.80999755859375,262.4338073730469,347.6499938964844,556.5933227539062,80.1500015258789,311.8500061035156,262.4549865722656,347.6600036621094,556.5933227539062,80.16999816894531,38228,52685,56659,73584,33709
2026-08-24 11:41:00-04:00,312.0299987792969,262.760009765625,347.7699890136719,557.1099853515625,80.22879791259766,312.0400085449219,262.760009765625,347.9100036621094,557.1099853515625,80.22879791259766,311.92498779296875,262.57000732421875,347.50750732421875,556.7100219726562,80.19499969482422,311.9849853515625,262.6400146484375,347.9100036621094,557.0800170898438,80.19499969482422,32458,39776,21799,17767,20170
2026-08-24 11:42:00-04:00,312.3326110839844,262.7641906738281,347.69000244140625,556.6300048828125,80.1500015258789,312.3399963378906,263.0,347.79949951171875,557.2999877929688,80.22509765625,312.0,262.5899963378906,347.6000061035156,556.4000244140625,80.08999633789062,312.0199890136719,262.79998779296875,347.739990234375,557.030029296875,80.22509765625,42286,101430,18782,28048,113937
2026-08-24 11:43:00-04:00,312.2349853515625,262.5199890136719,347.6000061035156,556.35498046875,80.12999725341797,312.3900146484375,262.7991027832031,347.7691955566406,556.7999877929688,80.16999816894531,312.1820068359375,262.45721435546875,347.510009765625,556.1400146484375,80.12000274658203,312.3399963378906,262.7699890136719,347.67999267578125,556.7999877929688,80.16999816894531,27638,27269,14058,22764,50557
2026-08-24 11:44:00-04:00,312.239990234375,262.54998779296875,347.69000244140625,556.3099975585938,80.1449966430664,312.2950134277344,262.6300048828125,347.7300109863281,556.489990234375,80.1500015258789,312.1099853515625,262.42999267578125,347.4525146484375,555.9000244140625,80.08000183105469,312.2200012207031,262.5199890136719,347.6300048828125,556.3800048828125,80.1449966430664,28380,38620,31635,21458,47215
2026-08-24 11:45:00-04:00,312.25,262.6300048828125,347.8599853515625,555.8499145507812,80.12010192871094,312.2950134277344,262.6700134277344,347.8699951171875,556.1799926757812,80.13999938964844,312.18499755859375,262.5400085449219,347.6600036621094,555.2100219726562,80.08999633789062,312.25,262.5400085449219,347.69000244140625,556.1799926757812,80.12010192871094,24762,29329,29203,18896,22434
2026-08-24 11:46:00-04:00,312.2099914550781,262.6199951171875,347.7200012207031,555.5798950195312,80.08000183105469,312.2900085449219,262.70001220703125,347.989990234375,555.75,80.1259994506836,312.1549987792969,262.489990234375,347.70001220703125,555.260009765625,80.05000305175781,312.2349853515625,262.6099853515625,347.8789978027344,555.739990234375,80.12000274658203,47921,59870,27234,11588,39819
2026-08-24 11:47:00-04:00,312.1202087402344,262.6449890136719,347.64678955078125,555.1857299804688,80.18000030517578,312.2300109863281,262.7200012207031,347.7738952636719,555.52001953125,80.19000244140625,312.05999755859375,262.5799865722656,347.5799865722656,555.1300048828125,80.05999755859375,312.1202087402344,262.6400146484375,347.7738952636719,555.4450073242188,80.06999969482422,22296,50822,19870,13588,52156
2026-08-24 11:48:00-04:00,311.9200134277344,262.8349914550781,347.5799865722656,554.8900146484375,80.16500091552734,312.1400146484375,262.8500061035156,347.6807861328125,555.27001953125,80.20500183105469,311.8900146484375,262.6449890136719,347.4549865722656,554.719970703125,80.1500015258789,312.1199951171875,262.659912109375,347.658203125,555.2642211914062,80.18499755859375,43021,27774,13110,11107,36402
2026-08-24 11:49:00-04:00,311.9100036621094,262.7900085449219,347.68499755859375,555.3300170898438,80.16999816894531,311.989990234375,262.8799133300781,347.69000244140625,555.3300170898438,80.18000030517578,311.87200927734375,262.6650085449219,347.5799865722656,554.9500122070312,80.07499694824219,311.918701171875,262.8500061035156,347.6000061035156,555.1300048828125,80.16999816894531,34181,42327,17077,13033,34958
2026-08-24 11:50:00-04:00,311.92999267578125,262.7699890136719,347.80999755859375,555.4949951171875,80.26499938964844,312.0299987792969,262.864990234375,347.8900146484375,555.8200073242188,80.2842025756836,311.8900146484375,262.7699890136719,347.6199951171875,555.260009765625,80.16010284423828,311.8999938964844,262.81500244140625,347.68499755859375,555.3599243164062,80.16999816894531,43859,46307,20458,27520,56832
2026-08-24 11:51:00-04:00,312.010009765625,262.840087890625,347.9150085449219,555.9650268554688,80.2300033569336,312.07000732421875,262.9100036621094,348.0799865722656,556.0399780273438,80.28500366210938,311.8800048828125,262.7449951171875,347.7900085449219,555.2999877929688,80.2300033569336,311.9100036621094,262.764404296875,347.82000732421875,555.4600219726562,80.26499938964844,28777,33508,42729,20065,41490
2026-08-24 11:52:00-04:00,311.82000732421875,262.8299865722656,347.8299865722656,555.8800048828125,80.2300033569336,312.0398864746094,262.9399108886719,348.0,556.219970703125,80.26000213623047,311.80999755859375,262.8299865722656,347.7799987792969,555.8800048828125,80.2300033569336,312.0,262.8699951171875,347.9100036621094,555.9600219726562,80.25,41254,46078,32969,11387,22511
2026-08-24 11:53:00-04:00,311.9399108886719,262.7550048828125,347.7049865722656,556.0399780273438,80.25,311.9399108886719,262.82501220703125,347.81561279296875,556.1295776367188,80.25,311.7799987792969,262.68499755859375,347.6000061035156,555.6599731445312,80.22000122070312,311.80999755859375,262.7550048828125,347.7799987792969,555.9099731445312,80.23259735107422,26423,36231,13576,9910,21505
2026-08-24 11:54:00-04:00,311.7950134277344,262.42498779296875,347.2099914550781,555.77001953125,80.2249984741211,311.9617004394531,262.7699890136719,347.7200012207031,556.1608276367188,80.26499938964844,311.7860107421875,262.42498779296875,347.17999267578125,555.6699829101562,80.22090148925781,311.9399108886719,262.7699890136719,347.7200012207031,556.0501098632812,80.25499725341797,25684,68764,38411,19320,14730
2026-08-24 11:55:00-04:00,311.69000244140625,262.677490234375,347.489990234375,556.1900024414062,80.2750015258789,311.88909912109375,262.69000244140625,347.5,556.2000122070312,80.29000091552734,311.6099853515625,262.3999938964844,347.1000061035156,555.5,80.2300033569336,311.69000244140625,262.4005126953125,347.1600036621094,555.6900024414062,80.2300033569336,44011,51868,15364,29672,27210
2026-08-24 11:56:00-04:00,311.6499938964844,262.7699890136719,347.4960021972656,555.7600708007812,80.16500091552734,311.7117004394531,262.7699890136719,347.5899963378906,556.239990234375,80.2699966430664,311.6099853515625,262.6300048828125,347.3999938964844,555.6699829101562,80.15499877929688,311.6499938964844,262.6747131347656,347.4800109863281,556.1099853515625,80.2699966430664,31494,34311,13103,16317,18017
2026-08-24 11:57:00-04:00,311.7449951171875,262.7250061035156,347.1400146484375,555.5599975585938,80.0999984741211,311.8240051269531,262.8900146484375,347.5,555.9598999023438,80.18499755859375,311.5799865722656,262.70098876953125,347.1400146484375,555.510986328125,80.0999984741211,311.6499938964844,262.7763977050781,347.489990234375,555.760009765625,80.16929626464844,36408,54791,14367,25305,24111
2026-08-24 11:58:00-04:00,311.7300109863281,262.6499938964844,347.1391906738281,555.54931640625,80.08000183105469,311.8299865722656,262.7132873535156,347.2200012207031,555.6898803710938,80.13990020751953,311.69000244140625,262.5799865722656,347.0199890136719,555.3704833984375,80.0792007446289,311.739990234375,262.7049865722656,347.1400146484375,555.5599975585938,80.11000061035156,25478,27769,14849,15759,25109
2026-08-24 11:59:00-04:00,311.69970703125,262.5799865722656,347.3450012207031,555.510009765625,80.11000061035156,311.7499084472656,262.7099914550781,347.3900146484375,555.639892578125,80.17500305175781,311.6099853515625,262.5799865722656,347.10009765625,555.4400024414062,80.08000183105469,311.7200012207031,262.67999267578125,347.1199951171875,555.5700073242188,80.08000183105469,37543,38354,26549,14890,45827
2026-08-24 12:00:00-04:00,311.79010009765625,262.7099914550781,347.41650390625,555.513671875,80.125,311.82501220703125,262.8299865722656,347.5249938964844,555.7999877929688,80.15499877929688,311.6099853515625,262.4949951171875,347.2900085449219,555.364990234375,80.0999984741211,311.67999267578125,262.5350036621094,347.32000732421875,555.6199951171875,80.11000061035156,30466,38324,15451,34162,23866
2026-08-24 12:01:00-04:00,311.6099853515625,262.7449951171875,347.5,555.5549926757812,80.19750213623047,311.7799987792969,262.9599914550781,347.67999267578125,555.9099731445312,80.22709655761719,311.6099853515625,262.6499938964844,347.3699951171875,555.35107421875,80.12000274658203,311.6099853515625,262.68499755859375,347.3800048828125,555.510009765625,80.125,12133834,77860,27324,38621,35197
2026-08-24 12:02:00-04:00,311.6700134277344,262.69000244140625,347.364990234375,555.632080078125,80.13999938964844,311.79998779296875,262.7699890136719,347.510009765625,555.8099975585938,80.19999694824219,311.55999755859375,262.5249938964844,347.19000244140625,555.4000244140625,80.12999725341797,311.6099853515625,262.7699890136719,347.5,555.5549926757812,80.19999694824219,31603,27852,14259,28048,30337
2026-08-24 12:03:00-04:00,311.760009765625,262.97540283203125,347.4200134277344,556.0150146484375,80.19000244140625,311.7799072265625,262.9898986816406,347.4200134277344,556.1199951171875,80.19499969482422,311.6449890136719,262.6400146484375,347.2200012207031,555.4739990234375,80.08000183105469,311.6600036621094,262.6549987792969,347.3399963378906,555.5650024414062,80.13999938964844,18203,34257,16120,28045,29789
2026-08-24 12:04:00-04:00,311.80999755859375,263.05999755859375,347.3800048828125,556.0598754882812,80.1500015258789,311.8800048828125,263.1499938964844,347.489990234375,556.4500122070312,80.18000030517578,311.7500915527344,262.989990234375,347.3399963378906,555.9000244140625,80.12999725341797,311.760009765625,263.0,347.42999267578125,556.0,80.16999816894531,26873,82777,7972,15412,18390
2026-08-24 12:05:00-04:00,311.6400146484375,263.218994140625,347.4100036621094,556.4739990234375,80.1449966430664,311.847412109375,263.29998779296875,347.57000732421875,556.5899047851562,80.19000244140625,311.6300964355469,262.94000244140625,347.32000732421875,556.0399780273438,80.11000061035156,311.8399963378906,263.0580139160156,347.40948486328125,556.0399780273438,80.16999816894531,15357,63625,10952,21247,18269
2026-08-24 12:06:00-04:00,311.56500244140625,263.1600036621094,347.31500244140625,556.1900024414062,80.08999633789062,311.689697265625,263.32000732421875,347.4649963378906,556.5,80.1449966430664,311.4599914550781,263.1199951171875,347.20001220703125,556.1199951171875,80.08999633789062,311.6400146484375,263.1600036621094,347.42999267578125,556.5,80.1449966430664,31063,44687,16972,17568,17812
2026-08-24 12:07:00-04:00,311.4649963378906,263.0849914550781,347.4399108886719,556.0800170898438,80.07499694824219,311.6099853515625,263.25,347.5299987792969,556.39990234375,80.12000274658203,311.44000244140625,263.0849914550781,347.2900085449219,555.9099731445312,80.07499694824219,311.55999755859375,263.1600036621094,347.32501220703125,556.1900024414062,80.1050033569336,30187,32156,9225,14773,16240
2026-08-24 12:08:00-04:00,311.3800048828125,263.0199890136719,347.20001220703125,555.7000122070312,80.12000274658203,311.4800109863281,263.1000061035156,347.4800109863281,555.9500122070312,80.12000274658203,311.3699951171875,263.0199890136719,347.20001220703125,555.6840209960938,80.06999969482422,311.4649963378906,263.0199890136719,347.4800109863281,555.9000244140625,80.07499694824219,29379,26651,11163,11427,25165
2026-08-24 12:09:00-04:00,311.44000244140625,262.8450012207031,347.0419006347656,555.330078125,80.08000183105469,311.5,263.0,347.239990234375,556.1162109375,80.11499786376953,311.3399963378906,262.8450012207031,347.0419006347656,555.330078125,80.08000183105469,311.3699951171875,263.0,347.1499938964844,555.77001953125,80.1050033569336,18217,28108,11994,17478,8445
2026-08-24 12:10:00-04:00,311.3699951171875,262.81500244140625,347.2200012207031,555.5120239257812,80.1449966430664,311.5,262.989990234375,347.25,555.7999877929688,80.16999816894531,311.3500061035156,262.81500244140625,347.0799865722656,555.4359741210938,80.06999969482422,311.3699951171875,262.8302001953125,347.1050109863281,555.5798950195312,80.09500122070312,18113,21892,21347,14391,35953
2026-08-24 12:11:00-04:00,311.4100036621094,262.7799987792969,347.260009765625,555.5800170898438,80.16999816894531,311.44000244140625,262.8999938964844,347.2900085449219,555.7899780273438,80.18000030517578,311.3550109863281,262.7611999511719,347.1600036621094,555.4920043945312,80.09100341796875,311.3599853515625,262.79998779296875,347.2200012207031,555.7100219726562,80.12000274658203,29956,21768,11498,15089,20513
2026-08-24 12:12:00-04:00,311.49261474609375,262.7449951171875,347.1400146484375,555.4299926757812,80.1050033569336,311.5201110839844,262.80999755859375,347.2650146484375,555.659912109375,80.16000366210938,311.4100036621094,262.7200012207031,347.1000061035156,555.25,80.0999984741211,311.4200134277344,262.7449951171875,347.2650146484375,555.5599975585938,80.1050033569336,22785,34156,18113,14989,13978
2026-08-24 12:13:00-04:00,311.42498779296875,262.6600036621094,347.07379150390625,555.5,80.1050033569336,311.5198974609375,262.75,347.2099914550781,555.5692749023438,80.125,311.3500061035156,262.6000061035156,347.04010009765625,555.2919921875,80.0999984741211,311.5,262.75,347.1099853515625,555.3800048828125,80.11000061035156,30235,30883,19674,12106,14738
2026-08-24 12:14:00-04:00,311.4200134277344,262.6744079589844,347.17999267578125,555.5399780273438,80.08000183105469,311.4800109863281,262.760009765625,347.2900085449219,555.7899780273438,80.11000061035156,311.3800048828125,262.6300048828125,347.07000732421875,555.3900146484375,80.08000183105469,311.42498779296875,262.7200012207031,347.0950012207031,555.4500122070312,80.0999984741211,23562,20443,13679,16566,19389
2026-08-24 12:15:00-04:00,311.5899963378906,262.7799987792969,347.3399963378906,555.4199829101562,80.02999877929688,311.5899963378906,262.8399963378906,347.42999267578125,555.75,80.07499694824219,311.3999938964844,262.64599609375,347.17999267578125,555.4199829101562,80.02400207519531,311.4200134277344,262.67999267578125,347.17999267578125,555.5654296875,80.02999877929688,41783,32868,23675,11055,32003
2026-08-24 12:16:00-04:00,311.94000244140625,262.9100036621094,347.5450134277344,555.5499877929688,80.02999877929688,311.9599914550781,262.9100036621094,347.5799865722656,555.5900268554688,80.03990173339844,311.5801086425781,262.7550048828125,347.3399963378906,555.239990234375,80.0,311.94000244140625,262.9100036621094,347.3500061035156,555.3499755859375,80.0199966430664,12547098,13427618,12894,28473,33951
2026-08-24 12:17:00-04:00,311.9200134277344,262.8699951171875,347.4800109863281,555.6099853515625,80.03500366210938,311.94000244140625,262.89990234375,347.5799865722656,555.8900146484375,80.03500366210938,311.8399963378906,262.80999755859375,347.42999267578125,555.5800170898438,80.01000213623047,311.92999267578125,262.885009765625,347.5799865722656,555.5900268554688,80.02999877929688,37234,18702,7515,25976,18467
2026-08-24 12:18:00-04:00,311.760009765625,262.7099914550781,347.4800109863281,555.5900268554688,80.07499694824219,311.9800109863281,262.9200134277344,347.6499938964844,555.7849731445312,80.08509826660156,311.760009765625,262.7099914550781,347.4400939941406,555.5300903320312,80.03500366210938,311.94000244140625,262.8800048828125,347.4700012207031,555.6099853515625,80.07499694824219,35775,33411,19605,13654,22366
2026-08-24 12:19:00-04:00,311.7149963378906,262.8450012207031,347.489990234375,555.6900024414062,80.13999938964844,311.8004150390625,262.8800048828125,347.6499938964844,555.780029296875,80.13999938964844,311.7149963378906,262.6499938964844,347.4750061035156,555.4710083007812,80.06500244140625,311.7850036621094,262.7099914550781,347.4800109863281,555.6900024414062,80.06500244140625,25611,36394,17793,7929,18864
2026-08-24 12:20:00-04:00,311.5950012207031,262.8599853515625,347.4150085449219,555.5,80.1500015258789,311.739990234375,262.8900146484375,347.5299987792969,555.7100219726562,80.18000030517578,311.5799865722656,262.7550048828125,347.1650085449219,555.4600830078125,80.13500213623047,311.70001220703125,262.8299865722656,347.4599914550781,555.5,80.13500213623047,26153,37947,12399,9360,23033
2026-08-24 12:21:00-04:00,311.6199951171875,262.9100036621094,347.5,555.3900146484375,80.125,311.67999267578125,262.9599914550781,347.5,555.5999755859375,80.1708984375,311.5437927246094,262.8500061035156,347.1700134277344,555.2501220703125,80.125,311.5799865722656,262.8599853515625,347.3800048828125,555.5,80.16000366210938,22749,36262,10325,23494,16397
2026-08-24 12:22:00-04:00,311.7300109863281,262.5190124511719,347.2799987792969,555.1699829101562,80.08000183105469,311.7699890136719,262.9649963378906,347.6499938964844,555.5999755859375,80.12989807128906,311.614990234375,262.5190124511719,347.2699890136719,555.1699829101562,80.08000183105469,311.614990234375,262.91070556640625,347.5,555.3599853515625,80.12000274658203,26365,35751,22109,13014,11556
2026-08-24 12:23:00-04:00,311.6700134277344,262.375,347.2962951660156,555.2050170898438,80.09500122070312,311.75,262.5400085449219,347.3699951171875,555.3300170898438,80.0999984741211,311.610107421875,262.2799987792969,347.2550048828125,555.1099853515625,80.06999969482422,311.7349853515625,262.5199890136719,347.2900085449219,555.1701049804688,80.08999633789062,16776,29992,7779,8679,12156
2026-08-24 12:24:00-04:00,311.7001037597656,262.4700012207031,347.3500061035156,555.35009765625,80.125,311.7099914550781,262.5398864746094,347.4200134277344,555.5499877929688,80.125,311.6099853515625,262.29998779296875,347.25,555.1400146484375,80.09500122070312,311.68499755859375,262.3550109863281,347.25,555.1699829101562,80.09500122070312,24231,24274,15495,19310,23984
2026-08-24 12:25:00-04:00,311.68499755859375,262.4599914550781,347.3900146484375,555.27001953125,80.12000274658203,311.760009765625,262.489990234375,347.42999267578125,555.4349975585938,80.13999938964844,311.6400146484375,262.42999267578125,347.2799987792969,555.2100219726562,80.09500122070312,311.70001220703125,262.4649963378906,347.3500061035156,555.3720092773438,80.12999725341797,18698,12998,17165,8271,23152
2026-08-24 12:26:00-04:00,311.7749938964844,262.43499755859375,347.3699951171875,555.2598876953125,80.11000061035156,311.7900085449219,262.4800109863281,347.4100036621094,555.3049926757812,80.12660217285156,311.6400146484375,262.3599853515625,347.2300109863281,554.9000244140625,80.08000183105469,311.6700134277344,262.43499755859375,347.4100036621094,555.3049926757812,80.12000274658203,23446,18093,17593,21288,18810
2026-08-24 12:27:00-04:00,311.93499755859375,262.5198974609375,347.3699951171875,555.0549926757812,80.19999694824219,311.9578857421875,262.54998779296875,347.44000244140625,555.2050170898438,80.20500183105469,311.760009765625,262.393798828125,347.239990234375,554.9199829101562,80.1050033569336,311.93499755859375,262.4700012207031,347.3699951171875,555.2050170898438,80.1050033569336,39982,39377,16434,10996,43919
2026-08-24 12:28:00-04:00,311.8900146484375,262.6600036621094,347.5,555.0650024414062,80.25540161132812,311.9599914550781,262.7200012207031,347.510009765625,555.2000122070312,80.26000213623047,311.8699951171875,262.489990234375,347.3900146484375,554.9149780273438,80.18000030517578,311.9200134277344,262.489990234375,347.3999938964844,555.0020141601562,80.19999694824219,23450,46312,12017,11285,65074
2026-08-24 12:29:00-04:00,311.9285888671875,262.7449951171875,347.57000732421875,555.4591064453125,80.2300033569336,312.0199890136719,262.8725891113281,347.68499755859375,555.72998046875,80.30000305175781,311.8599853515625,262.67999267578125,347.5,555.030029296875,80.22000122070312,311.8949890136719,262.67999267578125,347.5,555.0650024414062,80.26000213623047,12925038,28195,16907,40259,62888
2026-08-24 12:30:00-04:00,311.909912109375,262.68499755859375,347.5,555.39501953125,80.16999816894531,312.07000732421875,262.760009765625,347.6400146484375,555.5,80.2300033569336,311.8699951171875,262.6700134277344,347.4750061035156,555.25,80.1500015258789,311.9100036621094,262.760009765625,347.5000915527344,555.4149780273438,80.2300033569336,27523,20327,12807,6331,59549
2026-08-24 12:31:00-04:00,311.9797058105469,262.69500732421875,347.3999938964844,555.375,80.20999908447266,311.989990234375,262.7349853515625,347.510009765625,555.451171875,80.22000122070312,311.8599853515625,262.5799865722656,347.2850036621094,555.2750244140625,80.16999816894531,311.8999938964844,262.67999267578125,347.510009765625,555.4500122070312,80.17500305175781,33603,24137,19101,11134,27078
2026-08-24 12:32:00-04:00,312.1099853515625,262.7250061035156,347.4800109863281,555.3200073242188,80.20999908447266,312.1299133300781,262.7488098144531,347.510009765625,555.3800048828125,80.23999786376953,311.9700012207031,262.6000061035156,347.4100036621094,555.219970703125,80.19999694824219,311.989990234375,262.66619873046875,347.4150085449219,555.375,80.21610260009766,33015,31585,13200,5183,16611
2026-08-24 12:33:00-04:00,312.0150146484375,262.65008544921875,347.6300048828125,555.0750122070312,80.13999938964844,312.1099853515625,262.8299865722656,347.739990234375,555.7100219726562,80.20999908447266,311.99249267578125,262.65008544921875,347.45001220703125,555.0750122070312,80.13999938964844,312.0899963378906,262.7250061035156,347.489990234375,555.3300170898438,80.20500183105469,28090,41015,12158,10198,18025
2026-08-24 12:34:00-04:00,312.1400146484375,262.8699951171875,347.5050048828125,555.3200073242188,80.19989776611328,312.1400146484375,262.8699951171875,347.7200012207031,555.3695068359375,80.19989776611328,312.0,262.69500732421875,347.4599914550781,555.0800170898438,80.13999938964844,312.0150146484375,262.8699951171875,347.6449890136719,555.0800170898438,80.16000366210938,37426,32299,17319,7884,20993
2026-08-24 12:35:00-04:00,312.135009765625,262.8900146484375,347.5450134277344,555.1199951171875,80.22000122070312,312.1700134277344,262.8900146484375,347.6300048828125,555.405029296875,80.2300033569336,312.1000061035156,262.82000732421875,347.4700012207031,555.0501098632812,80.16999816894531,312.135009765625,262.8500061035156,347.5400085449219,555.405029296875,80.19000244140625,25232,19856,14769,9756,40458
2026-08-24 12:36:00-04:00,312.2200012207031,262.8118896484375,347.4700012207031,555.1199951171875,80.20500183105469,312.2349853515625,262.84991455078125,347.55499267578125,555.1500244140625,80.22000122070312,312.0899963378906,262.7550048828125,347.44000244140625,554.9500122070312,80.19000244140625,312.1050109863281,262.82000732421875,347.5450134277344,555.0499877929688,80.22000122070312,25274,13952,5887,11634,17361
2026-08-24 12:37:00-04:00,312.260009765625,263.19500732421875,347.7349853515625,555.2000122070312,80.2249984741211,312.2799987792969,263.19500732421875,347.760009765625,555.2000122070312,80.2499008178711,312.1960144042969,262.82000732421875,347.45208740234375,555.04052734375,80.20500183105469,312.2300109863281,262.8299865722656,347.45208740234375,555.0650024414062,80.20999908447266,26945,40499,14436,9022,18463
2026-08-24 12:38:00-04:00,312.1300048828125,263.07000732421875,347.44000244140625,554.97998046875,80.22000122070312,312.2799987792969,263.285400390625,347.79998779296875,555.47998046875,80.25,312.110107421875,263.07000732421875,347.44000244140625,554.97998046875,80.22000122070312,312.260009765625,263.19500732421875,347.7590026855469,555.2050170898438,80.2300033569336,13303557,45129,17432,7541,11148
2026-08-24 12:39:00-04:00,312.2200012207031,263.0400085449219,347.385009765625,555.0449829101562,80.19000244140625,312.2655944824219,263.2799987792969,347.593505859375,555.1699829101562,80.21499633789062,312.1099853515625,263.0400085449219,347.2900085449219,554.97998046875,80.16000366210938,312.1199951171875,263.0799865722656,347.42498779296875,554.97998046875,80.19000244140625,28470,41507,33990,11248,18568
2026-08-24 12:40:00-04:00,312.2300109863281,263.07000732421875,347.45001220703125,555.1699829101562,80.16950225830078,312.3299865722656,263.07000732421875,347.45001220703125,555.2000122070312,80.19999694824219,312.2099914550781,262.94000244140625,347.3349914550781,554.9600830078125,80.16000366210938,312.2200012207031,263.0400085449219,347.3399963378906,555.0700073242188,80.19000244140625,40310,40258,30484,22090,21112
2026-08-24 12:41:00-04:00,312.1604919433594,263.2300109863281,347.5199890136719,555.3499755859375,80.2249984741211,312.2449951171875,263.2449951171875,347.54998779296875,555.4498901367188,80.2249984741211,312.1300048828125,263.0249938964844,347.3800048828125,554.7005004882812,80.1449966430664,312.2300109863281,263.0400085449219,347.45001220703125,555.1099853515625,80.16500091552734,25070,28234,20528,14181,16421
2026-08-24 12:42:00-04:00,312.2398986816406,263.0400085449219,347.489990234375,555.385009765625,80.20999908447266,312.260009765625,263.2900085449219,347.54998779296875,555.537109375,80.2249984741211,312.1600036621094,263.0400085449219,347.43499755859375,555.340087890625,80.20999908447266,312.1799011230469,263.2099914550781,347.4649963378906,555.3499755859375,80.2249984741211,23143,54846,11306,14778,22078
2026-08-24 12:43:00-04:00,312.2200012207031,263.04998779296875,347.4700012207031,555.52001953125,80.19000244140625,312.29998779296875,263.1098937988281,347.56500244140625,555.5499877929688,80.22000122070312,312.2099914550781,263.0350036621094,347.4549865722656,555.3400268554688,80.18000030517578,312.239990234375,263.0350036621094,347.4800109863281,555.4400024414062,80.20500183105469,37078,20622,8077,6934,19718
2026-08-24 12:44:00-04:00,312.25,263.1300048828125,347.5199890136719,555.4299926757812,80.19999694824219,312.2749938964844,263.15740966796875,347.55999755859375,555.739990234375,80.21499633789062,312.2149963378906,263.05999755859375,347.44000244140625,555.4299926757812,80.19000244140625,312.2300109863281,263.05999755859375,347.510009765625,555.530029296875,80.19499969482422,20642,31456,7150,9275,14456
2026-08-24 12:45:00-04:00,312.2200012207031,262.9849853515625,347.5400085449219,555.5399780273438,80.19499969482422,312.3800048828125,263.17999267578125,347.5400085449219,555.77001953125,80.20999908447266,312.2099914550781,262.9505920410156,347.42999267578125,555.4061889648438,80.18000030517578,312.2699890136719,263.1400146484375,347.4800109863281,555.4299926757812,80.20500183105469,35312,23178,10781,20615,13449
2026-08-24 12:46:00-04:00,312.5899963378906,263.02520751953125,347.6499938964844,555.635009765625,80.2249984741211,312.6700134277344,263.0799865722656,347.6499938964844,555.6900024414062,80.22820281982422,312.19000244140625,263.0,347.5400085449219,555.4959106445312,80.19499969482422,312.20001220703125,263.0249938964844,347.5400085449219,555.52001953125,80.19499969482422,86977,17628,7620,11189,15906
2026-08-24 12:47:00-04:00,312.68499755859375,263.1199951171875,347.7200012207031,555.8748779296875,80.2699966430664,312.7049865722656,263.19000244140625,347.7300109863281,555.885009765625,80.29000091552734,312.54998779296875,263.0199890136719,347.5899963378906,555.601318359375,80.2249984741211,312.5899963378906,263.0199890136719,347.5917053222656,555.6900024414062,80.2249984741211,65889,24474,14239,11821,26591
2026-08-24 12:48:00-04:00,312.8500061035156,263.1050109863281,347.6199951171875,556.0462036132812,80.29810333251953,312.9200134277344,263.21990966796875,347.8432922363281,556.14501953125,80.3499984741211,312.6499938964844,263.05010986328125,347.54998779296875,555.8599853515625,80.2699966430664,312.67999267578125,263.0950012207031,347.6199951171875,555.8599853515625,80.2699966430664,49191,28391,24209,21326,43348
2026-08-24 12:49:00-04:00,313.1700134277344,263.1300048828125,347.739990234375,557.0800170898438,80.26000213623047,313.20001220703125,263.19000244140625,347.739990234375,557.2000122070312,80.30999755859375,312.82000732421875,262.9599914550781,347.54010009765625,555.9987182617188,80.26000213623047,312.8500061035156,263.1050109863281,347.6000061035156,556.0750122070312,80.29499816894531,103317,34280,14173,55019,19067
2026-08-24 12:50:00-04:00,313.2900085449219,263.04998779296875,347.7550048828125,557.2750854492188,80.26000213623047,313.32000732421875,263.2300109863281,347.8500061035156,557.5999755859375,80.29000091552734,313.1499938964844,263.0450134277344,347.7200012207031,557.0999755859375,80.26000213623047,313.19000244140625,263.1499938964844,347.7699890136719,557.1300048828125,80.26000213623047,67138,38929,19978,23062,15551
2026-08-24 12:51:00-04:00,313.0950012207031,262.8999938964844,347.69000244140625,557.010009765625,80.2959976196289,313.3599853515625,263.1000061035156,347.8299865722656,557.6799926757812,80.30999755859375,313.05999755859375,262.8900146484375,347.6600036621094,556.9500122070312,80.2699966430664,313.2850036621094,263.0799865722656,347.7799987792969,557.3389282226562,80.2750015258789,52044,68169,18937,53919,13273
2026-08-24 12:52:00-04:00,312.8800048828125,263.0,347.7550048828125,558.0250244140625,80.27030181884766,313.1199951171875,263.04998779296875,347.7900085449219,558.1298828125,80.29000091552734,312.8299865722656,262.8999938964844,347.6300964355469,556.7899780273438,80.26000213623047,313.0950012207031,262.8999938964844,347.635009765625,557.0150146484375,80.29000091552734,38574,25932,11678,50161,9863
2026-08-24 12:53:00-04:00,312.79998779296875,263.05999755859375,347.6300048828125,557.7899780273438,80.30999755859375,312.92999267578125,263.0799865722656,347.7799987792969,558.139892578125,80.30999755859375,312.7799987792969,262.92999267578125,347.6000061035156,557.6199951171875,80.24500274658203,312.8800048828125,263.0199890136719,347.7655029296875,557.97998046875,80.27999877929688,31104,22396,8014,21889,26452
2026-08-24 12:54:00-04:00,312.9200134277344,263.05999755859375,347.6300048828125,557.8250122070312,80.33000183105469,312.9224853515625,263.1400146484375,347.7099914550781,557.9299926757812,80.33000183105469,312.7101135253906,263.0,347.5799865722656,557.6300048828125,80.30000305175781,312.80999755859375,263.07000732421875,347.6199951171875,557.7449951171875,80.30500030517578,30475,31381,13791,19532,17746
2026-08-24 12:55:00-04:00,312.9200134277344,263.1059875488281,347.7200012207031,557.8900146484375,80.35009765625,313.0199890136719,263.114990234375,347.7200012207031,558.0599975585938,80.36000061035156,312.8800048828125,262.9678039550781,347.6000061035156,557.5200805664062,80.29499816894531,312.95001220703125,263.05999755859375,347.6499938964844,557.8049926757812,80.32219696044922,37576,22890,9497,28917,29799
2026-08-24 12:56:00-04:00,313.0899963378906,262.9800109863281,347.5249938964844,557.9099731445312,80.3550033569336,313.10919189453125,263.08099365234375,347.7200012207031,557.9500122070312,80.36499786376953,312.8999938964844,262.9700927734375,347.5,557.6300048828125,80.33000183105469,312.9150085449219,263.08099365234375,347.68011474609375,557.8699951171875,80.3499984741211,30709,28232,9958,11016,18650
2026-08-24 12:57:00-04:00,313.1400146484375,262.95941162109375,347.4700012207031,557.5800170898438,80.36000061035156,313.21990966796875,263.07000732421875,347.6300048828125,558.0999755859375,80.37999725341797,313.0799865722656,262.95941162109375,347.44000244140625,557.5,80.3499984741211,313.0950012207031,263.0,347.5199890136719,557.989990234375,80.3550033569336,63335,35146,14737,20385,33578
2026-08-24 12:58:00-04:00,313.05999755859375,263.0299987792969,347.4700012207031,557.7000122070312,80.36000061035156,313.1300048828125,263.0299987792969,347.4800109863281,557.8300170898438,80.36499786376953,312.94000244140625,262.9110107421875,347.260009765625,557.4400024414062,80.33999633789062,313.1199951171875,262.9110107421875,347.45001220703125,557.5800170898438,80.36000061035156,14137433,27227,28971,29424,29360
2026-08-24 12:59:00-04:00,312.94000244140625,263.010009765625,347.4800109863281,557.6943969726562,80.38500213623047,313.1099853515625,263.0400085449219,347.489990234375,557.7949829101562,80.38500213623047,312.92999267578125,262.95001220703125,347.3599853515625,557.2999877929688,80.33999633789062,313.04998779296875,263.0400085449219,347.489990234375,557.77001953125,80.3499984741211,34247,16826,10521,63340,14152
2026-08-24 13:00:00-04:00,312.7950134277344,263.1499938964844,347.5799865722656,558.1500244140625,80.39969635009766,312.94000244140625,263.1600036621094,347.5799865722656,558.22998046875,80.4000015258789,312.7500915527344,263.0151062011719,347.5199890136719,557.7100219726562,80.38999938964844,312.94000244140625,263.01971435546875,347.5199890136719,557.760009765625,80.39990234375,54045,34283,14626,16068,46626
2026-08-24 13:01:00-04:00,312.8399963378906,263.0950012207031,347.3900146484375,557.7100219726562,80.42500305175781,312.92999267578125,263.2699890136719,347.6400146484375,558.1967163085938,80.44000244140625,312.760009765625,263.0950012207031,347.375,557.489990234375,80.38999938964844,312.7950134277344,263.1700134277344,347.6400146484375,558.1589965820312,80.3949966430664,28265,48239,26296,54932,31156
2026-08-24 13:02:00-04:00,312.71258544921875,262.9599914550781,347.1600036621094,557.2349853515625,80.36750030517578,312.9159851074219,263.1300048828125,347.4549865722656,557.85498046875,80.43000030517578,312.70001220703125,262.95001220703125,347.1263122558594,557.1500244140625,80.3499984741211,312.71258544921875,263.0849914550781,347.3900146484375,557.7310180664062,80.41999816894531,26671,28886,20576,16267,32851
2026-08-24 13:03:00-04:00,312.57501220703125,262.82000732421875,346.8699951171875,557.0,80.33000183105469,312.7200012207031,262.9599914550781,347.1700134277344,557.5399780273438,80.37000274658203,312.54998779296875,262.739990234375,346.81048583984375,556.8405151367188,80.33000183105469,312.7099914550781,262.9599914550781,347.1549987792969,557.2449951171875,80.36499786376953,44803,38416,29499,58211,24047
2026-08-24 13:04:00-04:00,312.5799865722656,262.7430114746094,346.9700012207031,556.9921875,80.2938003540039,312.6199951171875,262.82000732421875,347.0400085449219,557.2100219726562,80.34500122070312,312.510009765625,262.7405090332031,346.8500061035156,556.8499755859375,80.29000091552734,312.57000732421875,262.82000732421875,346.8900146484375,557.0,80.33999633789062,26621,24939,11349,15584,32246
2026-08-24 13:05:00-04:00,312.3500061035156,262.80999755859375,346.7799987792969,557.5399780273438,80.29000091552734,312.5899963378906,262.83050537109375,346.9755859375,557.635009765625,80.30500030517578,312.3500061035156,262.6653137207031,346.6300048828125,557.0,80.26000213623047,312.3500061035156,262.739990234375,346.9755859375,557.0,80.29000091552734,35492,32211,16926,22966,24226
2026-08-24 13:06:00-04:00,312.215087890625,262.7200012207031,346.5740051269531,557.510009765625,80.28500366210938,312.389892578125,262.8599853515625,346.8599853515625,557.75,80.33000183105469,312.20001220703125,262.70001220703125,346.5299987792969,557.4400024414062,80.28009796142578,312.3500061035156,262.80999755859375,346.7550048828125,557.5399780273438,80.29149627685547,37616,21643,8583,11142,21223
2026-08-24 13:07:00-04:00,312.44000244140625,262.95001220703125,346.6549987792969,558.2150268554688,80.33399963378906,312.5,262.9700012207031,346.739990234375,558.25,80.3499984741211,312.1600036621094,262.6300048828125,346.42999267578125,557.4400024414062,80.2750015258789,312.20001220703125,262.70001220703125,346.5199890136719,557.52001953125,80.29000091552734,35901,45290,23116,18472,30670
2026-08-24 13:08:00-04:00,312.4399108886719,262.9599914550781,346.6700134277344,558.260009765625,80.33000183105469,312.54998779296875,263.0599060058594,346.7300109863281,558.4299926757812,80.36000061035156,312.3699951171875,262.8900146484375,346.2799987792969,557.9022827148438,80.30999755859375,312.42999267578125,262.9700012207031,346.6499938964844,558.219970703125,80.33999633789062,27048,22301,51408,18274,19526
2026-08-24 13:09:00-04:00,312.5199890136719,262.79949951171875,346.6600036621094,558.1799926757812,80.29000091552734,312.5299987792969,262.94500732421875,346.739990234375,558.3300170898438,80.33000183105469,312.3999938964844,262.7669982910156,346.5899963378906,558.10009765625,80.27999877929688,312.42999267578125,262.94500732421875,346.6700134277344,558.260009765625,80.33000183105469,32914,21869,20405,10157,18968
2026-08-24 13:10:00-04:00,312.4700012207031,262.5000915527344,346.3349914550781,558.1599731445312,80.34500122070312,312.6400146484375,262.8399963378906,346.7200012207031,558.39990234375,80.3499984741211,312.4200134277344,262.5000915527344,346.30999755859375,558.0709838867188,80.29000091552734,312.5199890136719,262.79998779296875,346.6499938964844,558.2100219726562,80.29000091552734,37322,28504,38861,14491,18273
2026-08-24 13:11:00-04:00,312.67999267578125,262.7250061035156,346.5,558.9099731445312,80.375,312.7200012207031,262.760009765625,346.5299987792969,558.9500122070312,80.375,312.45001220703125,262.4200134277344,346.1700134277344,558.0419921875,80.32350158691406,312.4700012207031,262.5249938964844,346.32000732421875,558.155029296875,80.33999633789062,39071,41804,38545,29839,19752
2026-08-24 13:12:00-04:00,312.67999267578125,262.67999267578125,346.45001220703125,558.5549926757812,80.37999725341797,312.71990966796875,262.760009765625,346.489990234375,558.85400390625,80.4000015258789,312.62298583984375,262.6700134277344,346.3699951171875,558.3499755859375,80.3550033569336,312.6700134277344,262.760009765625,346.4599914550781,558.85400390625,80.375,27276,18179,11570,15156,50099
2026-08-24 13:13:00-04:00,312.4200134277344,262.42999267578125,346.2699890136719,558.5399780273438,80.3499984741211,312.67999267578125,262.7099914550781,346.4649963378906,558.760009765625,80.37000274658203,312.3800048828125,262.42999267578125,346.2699890136719,558.4199829101562,80.3313980102539,312.6700134277344,262.67010498046875,346.4649963378906,558.5599975585938,80.37000274658203,21134,16336,10002,32276,16250
2026-08-24 13:14:00-04:00,312.4898986816406,262.4020080566406,346.2699890136719,558.8900146484375,80.34500122070312,312.5098876953125,262.4700012207031,346.3299865722656,558.8900146484375,80.34500122070312,312.380615234375,262.3200988769531,346.1199951171875,558.4608764648438,80.31999969482422,312.4898986816406,262.44500732421875,346.17999267578125,558.530029296875,80.33999633789062,14674028,24141,14504,17127,17888
2026-08-24 13:15:00-04:00,312.3450012207031,262.30499267578125,346.2900085449219,558.708984375,80.34500122070312,312.4898986816406,262.4700012207031,346.3299865722656,558.9450073242188,80.35970306396484,312.30499267578125,262.2300109863281,346.20001220703125,558.5401000976562,80.32499694824219,312.4800109863281,262.30499267578125,346.29998779296875,558.864990234375,80.3499984741211,22445,32228,17268,22073,11505
2026-08-24 13:16:00-04:00,312.17999267578125,262.2250061035156,346.17138671875,558.5900268554688,80.52989959716797,312.3599853515625,262.3599853515625,346.2799987792969,558.72998046875,80.52999877929688,312.1199951171875,262.19000244140625,346.0343933105469,558.3305053710938,80.31999969482422,312.3399963378906,262.2550048828125,346.2799987792969,558.6900024414062,80.33999633789062,32656,55019,18016,27965,123987
2026-08-24 13:17:00-04:00,312.385009765625,262.32000732421875,346.1499938964844,558.9000244140625,80.53500366210938,312.4599914550781,262.3800048828125,346.2799987792969,558.989990234375,80.55999755859375,312.1600036621094,262.2099914550781,346.1499938964844,558.630126953125,80.5199966430664,312.385009765625,262.239990234375,346.1700134277344,558.6600952148438,80.52999877929688,14769704,31616,11248,34153,41585
2026-08-24 13:18:00-04:00,312.07000732421875,262.2149963378906,346.07000732421875,558.4044189453125,80.5,312.3949890136719,262.30999755859375,346.1600036621094,558.9400024414062,80.54000091552734,312.0509948730469,262.1549987792969,345.9599914550781,558.4044189453125,80.49500274658203,312.385009765625,262.2149963378906,346.1600036621094,558.9400024414062,80.53500366210938,27949,26248,14765,15122,52700
2026-08-24 13:19:00-04:00,312.1000061035156,262.2998962402344,346.1600036621094,558.5999755859375,80.51499938964844,312.1199951171875,262.3380126953125,346.239990234375,558.6950073242188,80.52999877929688,312.0350036621094,262.19000244140625,346.0400085449219,558.2435302734375,80.48999786376953,312.06500244140625,262.20001220703125,346.0400085449219,558.2435302734375,80.50499725341797,31285,26246,15625,12389,60138
2026-08-24 13:20:00-04:00,312.0379943847656,262.17999267578125,345.8800048828125,558.010009765625,80.51499938964844,312.1449890136719,262.2900085449219,346.1449890136719,558.5650024414062,80.52999877929688,312.0,262.125,345.8800048828125,557.8800048828125,80.50499725341797,312.114990234375,262.2900085449219,346.1449890136719,558.5650024414062,80.51499938964844,24632,26973,7912,16809,27767
2026-08-24 13:21:00-04:00,312.010009765625,262.081298828125,345.7799987792969,557.746826171875,80.49500274658203,312.0799865722656,262.20001220703125,345.8900146484375,557.989990234375,80.5199966430664,311.9949951171875,262.0600891113281,345.75,557.6500854492188,80.48500061035156,312.0199890136719,262.1300048828125,345.7900085449219,557.9299926757812,80.51000213623047,29588,43622,11927,15333,24926
2026-08-24 13:22:00-04:00,311.94000244140625,262.1400146484375,345.8500061035156,557.77001953125,80.44000244140625,312.05499267578125,262.1400146484375,345.8500061035156,557.8895263671875,80.48999786376953,311.9200134277344,262.04998779296875,345.7250061035156,557.6849975585938,80.44000244140625,312.0,262.07501220703125,345.7749938964844,557.7949829101562,80.48999786376953,33406,43298,6873,15849,24254
2026-08-24 13:23:00-04:00,311.989990234375,262.04400634765625,346.0400085449219,557.5900268554688,80.42500305175781,312.0400085449219,262.14990234375,346.0799865722656,557.7750244140625,80.44499969482422,311.8699951171875,261.9599914550781,345.8500061035156,557.3800048828125,80.37999725341797,311.9100036621094,262.04400634765625,345.8699951171875,557.7650146484375,80.44499969482422,36638,15528592,16907,19104,26564
2026-08-24 13:24:00-04:00,312.0,261.92999267578125,346.1300048828125,557.5449829101562,80.44499969482422,312.07000732421875,262.0899963378906,346.29998779296875,557.7100219726562,80.5198974609375,311.9549865722656,261.92999267578125,346.0299987792969,557.4000244140625,80.42500305175781,311.9949951171875,262.05999755859375,346.0400085449219,557.6199951171875,80.42500305175781,44537,18535,13587,31647,50931
2026-08-24 13:25:00-04:00,311.94500732421875,261.885009765625,346.1000061035156,557.5399780273438,80.43000030517578,312.0199890136719,261.9649963378906,346.2099914550781,557.6300048828125,80.44490051269531,311.9299011230469,261.8429870605469,346.07000732421875,557.280029296875,80.40989685058594,312.0199890136719,261.94989013671875,346.1549987792969,557.5499877929688,80.44490051269531,23443,31594,7244,22328,49592
2026-08-24 13:26:00-04:00,312.05499267578125,262.0400085449219,345.95001220703125,557.3499755859375,80.41010284423828,312.05859375,262.0400085449219,346.1600036621094,557.5399780273438,80.42500305175781,311.92999267578125,261.8800048828125,345.92010498046875,557.25,80.3949966430664,311.94500732421875,261.8800048828125,346.1600036621094,557.4949951171875,80.41999816894531,15041357,41401,6716,23696,18154
2026-08-24 13:27:00-04:00,312.1400146484375,261.94000244140625,346.0299987792969,557.375,80.43000030517578,312.1700134277344,262.0578918457031,346.08819580078125,557.4036254882812,80.43000030517578,311.9679870605469,261.94000244140625,345.9200134277344,557.0499877929688,80.4000015258789,312.05499267578125,262.04150390625,346.0299987792969,557.3499755859375,80.43000030517578,26518,32258,5624,28917,11718
2026-08-24 13:28:00-04:00,312.1600036621094,261.93499755859375,345.9700012207031,557.6599731445312,80.50599670410156,312.2598876953125,262.0199890136719,346.0899963378906,557.760009765625,80.50599670410156,312.1199951171875,261.8999938964844,345.92999267578125,557.4000244140625,80.43499755859375,312.1300048828125,261.9100036621094,346.0249938964844,557.4199829101562,80.44499969482422,29266,33842,18438,21358,33572
2026-08-24 13:29:00-04:00,312.1199035644531,261.8999938964844,345.8500061035156,557.719970703125,80.47000122070312,312.2200012207031,262.04998779296875,346.01361083984375,557.8900146484375,80.51499938964844,312.0801086425781,261.8900146484375,345.78509521484375,557.6400146484375,80.4625015258789,312.1549987792969,261.92498779296875,345.9580078125,557.694091796875,80.51000213623047,22187,33493,7488,12107,26336
2026-08-24 13:30:00-04:00,312.19000244140625,261.8059997558594,346.0,557.719970703125,80.48500061035156,312.2591857910156,261.97711181640625,346.0,557.9099731445312,80.48500061035156,312.0899963378906,261.8059997558594,345.82989501953125,557.6699829101562,80.45999908447266,312.1189880371094,261.8900146484375,345.8599853515625,557.6699829101562,80.46990203857422,25084,31750,11820,17399,14596
2026-08-24 13:31:00-04:00,312.2850036621094,261.8949890136719,345.82501220703125,557.7449951171875,80.54000091552734,312.3500061035156,261.9198913574219,345.9599914550781,557.77001953125,80.55000305175781,312.1650085449219,261.7699890136719,345.7900085449219,557.5900268554688,80.4800033569336,312.17999267578125,261.82000732421875,345.94000244140625,557.6849975585938,80.48500061035156,27717,25013,10338,6981,42822
2026-08-24 13:32:00-04:00,312.1400146484375,261.7200012207031,345.9299011230469,557.64501953125,80.55999755859375,312.3500061035156,261.94000244140625,345.9299011230469,557.8400268554688,80.57009887695312,312.1400146484375,261.6499938964844,345.7850036621094,557.5599975585938,80.5199966430664,312.2799987792969,261.9049072265625,345.7900085449219,557.7449951171875,80.53890228271484,44435,46407,12080,8808,50717
2026-08-24 13:33:00-04:00,311.9800109863281,261.6300048828125,345.7250061035156,557.6998901367188,80.57499694824219,312.1299133300781,261.760009765625,345.8800048828125,557.7100219726562,80.58000183105469,311.95001220703125,261.6200866699219,345.7250061035156,557.2401123046875,80.55000305175781,312.0950012207031,261.7510070800781,345.8800048828125,557.6005249023438,80.56999969482422,26971,44251,11743,18461,33458
2026-08-24 13:34:00-04:00,312.05999755859375,261.5950927734375,345.739990234375,557.8200073242188,80.58000183105469,312.1098937988281,261.6499938964844,345.79998779296875,557.9000244140625,80.58000183105469,311.9800109863281,261.5,345.7206115722656,557.6400146484375,80.55010223388672,311.9873962402344,261.6499938964844,345.7300109863281,557.6599731445312,80.57990264892578,25656,34082,10181,29230,20259
2026-08-24 13:35:00-04:00,311.92999267578125,261.5899963378906,345.7799987792969,557.7039794921875,80.54000091552734,312.09991455078125,261.6300048828125,345.9200134277344,557.875,80.58999633789062,311.92498779296875,261.5,345.67010498046875,557.5549926757812,80.54000091552734,312.04998779296875,261.5950012207031,345.7900085449219,557.8400268554688,80.56999969482422,27136,27600,8772,11908,30369
2026-08-24 13:36:00-04:00,311.8399963378906,261.8900146484375,345.94000244140625,558.1699829101562,80.54499816894531,311.9849853515625,261.8900146484375,345.95001220703125,558.3300170898438,80.56990051269531,311.8030090332031,261.55999755859375,345.7900085449219,557.5792236328125,80.53500366210938,311.92999267578125,261.55999755859375,345.80999755859375,557.8298950195312,80.54499816894531,32030,35579,6693,24042,23547
2026-08-24 13:37:00-04:00,311.8183898925781,261.94000244140625,345.8299865722656,558.4299926757812,80.5,311.8299865722656,261.9700012207031,345.94000244140625,558.510009765625,80.55509948730469,311.7344970703125,261.8599853515625,345.7701110839844,557.8599853515625,80.49500274658203,311.80999755859375,261.9100036621094,345.94000244140625,558.1699829101562,80.55000305175781,24651,46411,3500,20939,28227
2026-08-24 13:38:00-04:00,311.79998779296875,261.9150085449219,345.8299865722656,558.4450073242188,80.5199966430664,311.8999938964844,261.95001220703125,345.9200134277344,558.5999755859375,80.5250015258789,311.7950134277344,261.9049987792969,345.80499267578125,558.3300170898438,80.49500274658203,311.82000732421875,261.94000244140625,345.81500244140625,558.489990234375,80.50509643554688,24310,15014,10986,12243,15522
2026-08-24 13:39:00-04:00,311.864990234375,261.95001220703125,345.8299865722656,558.6900024414062,80.51000213623047,311.864990234375,261.95001220703125,345.8500061035156,558.6900024414062,80.5250015258789,311.70001220703125,261.8299865722656,345.67999267578125,558.0399780273438,80.4749984741211,311.7900085449219,261.8900146484375,345.79998779296875,558.4450073242188,80.5199966430664,25808,29064,8540,18745,24536
2026-08-24 13:40:00-04:00,311.9100036621094,261.8299865722656,345.7799987792969,558.4000244140625,80.54000091552734,311.92999267578125,261.93499755859375,345.9200134277344,558.72998046875,80.55000305175781,311.8299865722656,261.810302734375,345.7749938964844,558.2100219726562,80.51499938964844,311.8362121582031,261.93499755859375,345.8699951171875,558.64501953125,80.51499938964844,29557,22378,6409,12867,48266
2026-08-24 13:41:00-04:00,311.8399963378906,261.8999938964844,345.739990234375,558.2100219726562,80.55390167236328,311.8900146484375,261.92999267578125,345.7900085449219,558.4063720703125,80.56999969482422,311.81500244140625,261.75,345.6600036621094,558.1799926757812,80.5250015258789,311.864990234375,261.7900085449219,345.7799987792969,558.3300170898438,80.55000305175781,33126,53387,9394,12311,69327
2026-08-24 13:42:00-04:00,311.9649963378906,261.9674072265625,345.5899963378906,557.6950073242188,80.4800033569336,312.0098876953125,262.0299987792969,345.75,558.239990234375,80.56500244140625,311.8349914550781,261.8900146484375,345.5899963378906,557.6600952148438,80.47000122070312,311.8500061035156,261.9150085449219,345.75,558.1605834960938,80.55500030517578,27079,35534,8885,24267,45000
2026-08-24 13:43:00-04:00,311.9150085449219,261.9150085449219,345.5299987792969,557.6599731445312,80.47000122070312,312.0098876953125,261.989990234375,345.6700134277344,557.9099731445312,80.48999786376953,311.8999938964844,261.9100036621094,345.4599914550781,557.6300048828125,80.44999694824219,311.9849853515625,261.9649963378906,345.6099853515625,557.7899780273438,80.47000122070312,27067,24168,22877,8663,15629
2026-08-24 13:44:00-04:00,311.85150146484375,261.889892578125,345.4700012207031,557.6400146484375,80.51000213623047,311.95989990234375,261.92999267578125,345.6099853515625,557.7150268554688,80.51000213623047,311.85150146484375,261.8599853515625,345.4700012207031,557.6123046875,80.47000122070312,311.9299011230469,261.8999938964844,345.6000061035156,557.6300048828125,80.4749984741211,30646,21460,313054,6026,31024
2026-08-24 13:45:00-04:00,311.8576965332031,262.0,345.4750061035156,557.8499755859375,80.48500061035156,311.9100036621094,262.0,345.5,557.8499755859375,80.50499725341797,311.8482971191406,261.8900146484375,345.3450012207031,557.6038818359375,80.46499633789062,311.9049987792969,261.8900146484375,345.4599914550781,557.64501953125,80.48500061035156,23836,19797,27019,12830,21285
2026-08-24 13:46:00-04:00,311.8500061035156,261.9849853515625,345.4549865722656,557.7999877929688,80.49500274658203,311.8988952636719,262.0899963378906,345.5566101074219,557.8499755859375,80.5,311.80999755859375,261.9599914550781,345.4549865722656,557.6201171875,80.4800033569336,311.8500061035156,262.0050048828125,345.4750061035156,557.8499755859375,80.48999786376953,34320,30069,7791,9381,23667
2026-08-24 13:47:00-04:00,311.79998779296875,261.9599914550781,345.3900146484375,557.6500244140625,80.54499816894531,311.8799133300781,262.0098876953125,345.5,557.8400268554688,80.54499816894531,311.7850036621094,261.92999267578125,345.3900146484375,557.530029296875,80.47000122070312,311.8500061035156,262.0098876953125,345.4700012207031,557.8099975585938,80.49500274658203,15634271,22410,14044,25414,68832
2026-08-24 13:48:00-04:00,311.95989990234375,262.0400085449219,345.4800109863281,557.703125,80.55500030517578,311.95989990234375,262.04998779296875,345.54998779296875,557.760009765625,80.57009887695312,311.79998779296875,261.92999267578125,345.3599853515625,557.5599975585938,80.5199966430664,311.802001953125,261.95001220703125,345.4200134277344,557.5599975585938,80.54000091552734,38708,28329,29215,10576,30671
2026-08-24 13:49:00-04:00,312.0299987792969,261.9750061035156,345.375,557.614990234375,80.51000213623047,312.04998779296875,262.0400085449219,345.5,557.7949829101562,80.55999755859375,311.9100036621094,261.94000244140625,345.2799987792969,557.530029296875,80.51000213623047,311.94000244140625,262.0299987792969,345.4700012207031,557.719970703125,80.55500030517578,61946,30549,13863,12961,27531
2026-08-24 13:50:00-04:00,312.17999267578125,262.2099914550781,345.5,557.6699829101562,80.57499694824219,312.19500732421875,262.2200012207031,345.510009765625,557.7000122070312,80.61000061035156,312.0199890136719,261.9700012207031,345.375,557.469970703125,80.51000213623047,312.03009033203125,261.9800109863281,345.3794860839844,557.5800170898438,80.51000213623047,34761,86904,30845,13608,80793
2026-08-24 13:51:00-04:00,312.2099914550781,262.28741455078125,345.3299865722656,557.4949951171875,80.57499694824219,312.2900085449219,262.2900085449219,345.5589904785156,557.7050170898438,80.58999633789062,312.0799865722656,262.1199951171875,345.2699890136719,557.4349975585938,80.52999877929688,312.17999267578125,262.2149963378906,345.5199890136719,557.7050170898438,80.57499694824219,37550,32302,10834,16293,58179
2026-08-24 13:52:00-04:00,312.0199890136719,262.1650085449219,345.04998779296875,556.830078125,80.6050033569336,312.2298889160156,262.30999755859375,345.3399963378906,557.5499877929688,80.61399841308594,312.0199890136719,262.1400146484375,345.0201110839844,556.7000122070312,80.56999969482422,312.21990966796875,262.2749938964844,345.30499267578125,557.4949951171875,80.6050033569336,44757,27967,16792,80102,69126
2026-08-24 13:53:00-04:00,311.7850036621094,262.1300048828125,344.95001220703125,557.0,80.59500122070312,312.02740478515625,262.2099914550781,345.0548095703125,557.1300048828125,80.61000061035156,311.7300109863281,262.07000732421875,344.92999267578125,556.7322998046875,80.58000183105469,312.010009765625,262.1400146484375,345.04998779296875,556.8200073242188,80.59500122070312,31025,26742,25745,19196,28420
2026-08-24 13:54:00-04:00,311.875,262.06500244140625,345.0199890136719,556.4799194335938,80.58499908447266,311.885009765625,262.1600036621094,345.17999267578125,557.20458984375,80.61000061035156,311.7799987792969,262.0400085449219,344.9100036621094,556.0,80.56999969482422,311.7850036621094,262.125,344.989990234375,557.0499877929688,80.59500122070312,19954,33048,18311,41451,20668
2026-08-24 13:55:00-04:00,311.8599853515625,261.97698974609375,345.1400146484375,556.8900146484375,80.56500244140625,312.0570983886719,262.0400085449219,345.1600036621094,556.8900146484375,80.62000274658203,311.8399963378906,261.94000244140625,345.0299987792969,556.0900268554688,80.56500244140625,311.8399963378906,262.0400085449219,345.07000732421875,556.0900268554688,80.58999633789062,40284,26970,7376,36986,20546
2026-08-24 13:56:00-04:00,311.8901062011719,262.0199890136719,345.1600036621094,556.77001953125,80.57499694824219,311.9798889160156,262.04998779296875,345.1600036621094,556.97998046875,80.58000183105469,311.8381042480469,261.8900146484375,345.006103515625,556.2999877929688,80.5199966430664,311.8599853515625,261.95001220703125,345.1390075683594,556.739990234375,80.55999755859375,25877,35522,6680,27987,23807
2026-08-24 13:57:00-04:00,311.9519958496094,261.9700012207031,345.2799987792969,556.6500244140625,80.54499816894531,311.989990234375,262.04998779296875,345.28900146484375,556.8300170898438,80.58999633789062,311.8699951171875,261.95001220703125,345.125,556.5850219726562,80.54000091552734,311.8999938964844,261.989990234375,345.1300048828125,556.780029296875,80.57499694824219,23170,28234,6443,13556,18884
2026-08-24 13:58:00-04:00,312.0299987792969,262.02508544921875,345.0899963378906,556.22998046875,80.55500030517578,312.05499267578125,262.05999755859375,345.28900146484375,556.6749877929688,80.56999969482422,311.9150085449219,261.8800964355469,345.0899963378906,556.0999755859375,80.54000091552734,311.94000244140625,261.989990234375,345.2550048828125,556.5349731445312,80.55000305175781,20815,19023,5857,14894,18807
2026-08-24 13:59:00-04:00,312.0101013183594,262.0303039550781,344.989990234375,556.0999755859375,80.52999877929688,312.0799865722656,262.0899963378906,345.1050109863281,556.4581298828125,80.56500244140625,311.9949951171875,261.9700012207031,344.9599914550781,556.0900268554688,80.5199966430664,312.010009765625,262.0061950683594,344.989990234375,556.4099731445312,80.55999755859375,30902,29263,13601,17097,29719
2026-08-24 14:00:00-04:00,311.9949951171875,262.2300109863281,345.3599853515625,556.760009765625,80.51499938964844,312.1099853515625,262.239990234375,345.3699951171875,556.7999877929688,80.55000305175781,311.9800109863281,262.05999755859375,344.9700012207031,556.1099853515625,80.51000213623047,312.0199890136719,262.07000732421875,345.0400085449219,556.1099853515625,80.53040313720703,34744,46021,44783,24081,36517
2026-08-24 14:01:00-04:00,311.95001220703125,262.3299865722656,345.3800048828125,557.0650024414062,80.51000213623047,312.0050048828125,262.3500061035156,345.3999938964844,557.1500244140625,80.58999633789062,311.8900146484375,262.2099914550781,345.19000244140625,556.5859985351562,80.47000122070312,311.9800109863281,262.23809814453125,345.3031921386719,556.7100219726562,80.51000213623047,36825,43966,18718,11998,201975
2026-08-24 14:02:00-04:00,311.80999755859375,262.25,345.2300109863281,556.8699951171875,80.4697036743164,311.9800109863281,262.409912109375,345.389892578125,557.2550048828125,80.5199966430664,311.7799987792969,262.2099914550781,345.2099914550781,556.8699951171875,80.4697036743164,311.94000244140625,262.3599853515625,345.389892578125,556.97998046875,80.5199966430664,32380,38454,7342,6774,51336
2026-08-24 14:03:00-04:00,311.8380126953125,262.18011474609375,345.29998779296875,556.8150024414062,80.49520111083984,311.9100036621094,262.2900085449219,345.3299865722656,556.97998046875,80.51000213623047,311.7900085449219,262.18011474609375,345.20001220703125,556.7100830078125,80.47000122070312,311.8380126953125,262.22821044921875,345.2300109863281,556.842529296875,80.47000122070312,21328,20960,12162,11444,31252
2026-08-24 14:04:00-04:00,311.8450012207031,262.3399963378906,345.30999755859375,557.0499877929688,80.5250015258789,311.8800048828125,262.3800048828125,345.44000244140625,557.0599975585938,80.54000091552734,311.79010009765625,262.1935119628906,345.2950134277344,556.72998046875,80.48999786376953,311.8500061035156,262.2099914550781,345.2950134277344,556.72998046875,80.49500274658203,18836,23598,13344,19557,17264
2026-08-24 14:05:00-04:00,311.7699890136719,262.42498779296875,345.239990234375,557.60498046875,80.4749984741211,311.8500061035156,262.45001220703125,345.3999938964844,557.75,80.52999877929688,311.75,262.337890625,345.2200012207031,557.0599975585938,80.47000122070312,311.8450012207031,262.3399963378906,345.29998779296875,557.0599975585938,80.5250015258789,29865,17688,16038,16027,26157
2026-08-24 14:06:00-04:00,311.6098937988281,262.58221435546875,345.3299865722656,557.780029296875,80.50019836425781,311.7900085449219,262.5899963378906,345.3699951171875,557.8200073242188,80.50019836425781,311.56500244140625,262.42498779296875,345.239990234375,557.5300903320312,80.4749984741211,311.7799987792969,262.42498779296875,345.25,557.594970703125,80.4800033569336,36384,29506,7093,12875,30321
2026-08-24 14:07:00-04:00,311.6982116699219,262.6600036621094,345.5299987792969,557.6171875,80.4749984741211,311.7200012207031,262.67999267578125,345.5299987792969,557.8800048828125,80.50499725341797,311.5,262.54998779296875,345.3450012207031,557.6171875,80.4749984741211,311.5899963378906,262.57000732421875,345.3450012207031,557.780029296875,80.50499725341797,36166,23240,14794,12246,26437
2026-08-24 14:08:00-04:00,311.7799987792969,262.68499755859375,345.489990234375,557.6699829101562,80.4801025390625,311.7898864746094,262.68499755859375,345.5268859863281,557.7449951171875,80.48500061035156,311.65008544921875,262.5849914550781,345.4226989746094,557.530517578125,80.45500183105469,311.7200012207031,262.68499755859375,345.5268859863281,557.719970703125,80.4749984741211,33853,15958,9940,9522,40192
2026-08-24 14:09:00-04:00,311.7950134277344,262.6199951171875,345.4800109863281,557.864990234375,80.4800033569336,311.8999938964844,262.760009765625,345.6300048828125,557.8699951171875,80.5250015258789,311.760009765625,262.6199951171875,345.42999267578125,557.6799926757812,80.4800033569336,311.7799987792969,262.67999267578125,345.44000244140625,557.760009765625,80.48999786376953,58596,31579,35215,8770,32323
2026-08-24 14:10:00-04:00,311.69000244140625,262.4800109863281,345.4949951171875,557.97998046875,80.44499969482422,311.7799987792969,262.6600036621094,345.5199890136719,558.030029296875,80.4749984741211,311.5799865722656,262.4800109863281,345.4200134277344,557.72998046875,80.43000030517578,311.7799987792969,262.6000061035156,345.4700012207031,557.9000244140625,80.4749984741211,55369,41657,8315,18449,28986
2026-08-24 14:11:00-04:00,311.7244873046875,262.58990478515625,345.54998779296875,558.4749755859375,80.46499633789062,311.7699890136719,262.58990478515625,345.5899963378906,558.530029296875,80.47769927978516,311.6700134277344,262.4599914550781,345.4949951171875,558.030029296875,80.44999694824219,311.67999267578125,262.4800109863281,345.4949951171875,558.030029296875,80.44999694824219,20770,21425,7364,19113,33471
2026-08-24 14:12:00-04:00,311.625,262.5400085449219,345.5,558.2100830078125,80.51000213623047,311.7799987792969,262.56500244140625,345.56500244140625,558.4849853515625,80.51000213623047,311.6199951171875,262.4700012207031,345.4700012207031,558.0800170898438,80.45999908447266,311.7200012207031,262.54998779296875,345.54998779296875,558.4749755859375,80.46029663085938,32578,20622,12830,10635,20847
2026-08-24 14:13:00-04:00,311.6300048828125,262.510009765625,345.6700134277344,558.4199829101562,80.4749984741211,311.67999267578125,262.6098937988281,345.7099914550781,558.4199829101562,80.52999877929688,311.61151123046875,262.4599914550781,345.5299987792969,558.0800170898438,80.4749984741211,311.6400146484375,262.56500244140625,345.5400085449219,558.25,80.51000213623047,25627,24235,17471,24159,31968
2026-08-24 14:14:00-04:00,311.7250061035156,262.6499938964844,345.54998779296875,559.2999877929688,80.51499938964844,311.7398986816406,262.6499938964844,345.6730041503906,559.3150024414062,80.5250015258789,311.610107421875,262.489990234375,345.4700012207031,558.3800048828125,80.4749984741211,311.6153869628906,262.5,345.6499938964844,558.4099731445312,80.4749984741211,21653,20368,9095,39018,25444
2026-08-24 14:15:00-04:00,311.7449951171875,262.69000244140625,345.5,558.989990234375,80.50499725341797,311.80999755859375,262.760009765625,345.6300048828125,559.4500122070312,80.5199966430664,311.7049865722656,262.6549987792969,345.4700012207031,558.97021484375,80.5,311.7099914550781,262.67498779296875,345.5799865722656,559.27001953125,80.51499938964844,50166,30698,11585,23911,26778
2026-08-24 14:16:00-04:00,311.739990234375,262.7049865722656,345.3999938964844,558.989990234375,80.53050231933594,311.7699890136719,262.79998779296875,345.5400085449219,559.1500244140625,80.58499908447266,311.6700134277344,262.69000244140625,345.3999938964844,558.97998046875,80.51000213623047,311.739990234375,262.69000244140625,345.4830017089844,558.9979858398438,80.5199966430664,39754,33361,11733,13165,94486
2026-08-24 14:17:00-04:00,311.7449951171875,262.69500732421875,345.260009765625,558.6500244140625,80.51589965820312,311.7900085449219,262.7799987792969,345.4599914550781,559.030029296875,80.54199981689453,311.64801025390625,262.68011474609375,345.239990234375,558.6500244140625,80.50499725341797,311.7449951171875,262.7099914550781,345.3999938964844,558.989990234375,80.54000091552734,45768,24934,8763,15840,25304
2026-08-24 14:18:00-04:00,311.66839599609375,262.8800048828125,345.3500061035156,558.9349975585938,80.54000091552734,311.739990234375,262.885009765625,345.3500061035156,558.9400024414062,80.54000091552734,311.6520080566406,262.69000244140625,345.2300109863281,558.4000854492188,80.51000213623047,311.7300109863281,262.69500732421875,345.29998779296875,558.719970703125,80.51499938964844,18624,27666,6001,11963,11197
2026-08-24 14:19:00-04:00,311.6499938964844,262.7535095214844,345.2699890136719,559.2550048828125,80.46499633789062,311.70001220703125,262.8800048828125,345.3900146484375,559.4000244140625,80.54000091552734,311.6299133300781,262.739990234375,345.20001220703125,559.1400146484375,80.44000244140625,311.6499938964844,262.8800048828125,345.3599853515625,559.1400146484375,80.53500366210938,23057,16883,7263,12455,34998
2026-08-24 14:20:00-04:00,311.7300109863281,262.8900146484375,345.510009765625,559.47998046875,80.44999694824219,311.7799987792969,262.8900146484375,345.56988525390625,559.6900024414062,80.51000213623047,311.6400146484375,262.7699890136719,345.260009765625,559.239990234375,80.44999694824219,311.6499938964844,262.7699890136719,345.260009765625,559.3099975585938,80.46499633789062,27536,27823,10508,27168,28150
2026-08-24 14:21:00-04:00,311.739990234375,262.7900085449219,345.510009765625,559.5650024414062,80.48500061035156,311.7496032714844,262.8800048828125,345.5899963378906,559.8599853515625,80.48500061035156,311.6109924316406,262.7300109863281,345.510009765625,559.4000244140625,80.44999694824219,311.7300109863281,262.8800048828125,345.5299987792969,559.4600219726562,80.44999694824219,25942,37001,5542,26031,26761
2026-08-24 14:22:00-04:00,311.739990234375,262.8599853515625,345.5,559.5302734375,80.48999786376953,311.8900146484375,262.8900146484375,345.6300048828125,559.8800048828125,80.49960327148438,311.7250061035156,262.7900085449219,345.5,559.510009765625,80.4739990234375,311.7300109863281,262.80499267578125,345.510009765625,559.5250244140625,80.48500061035156,73363,17044,13756,11945,19286
2026-08-24 14:23:00-04:00,311.7699890136719,262.94000244140625,345.510009765625,559.8599853515625,80.53500366210938,311.7799987792969,262.94000244140625,345.5400085449219,559.9099731445312,80.53500366210938,311.6700134277344,262.80999755859375,345.4649963378906,559.4700927734375,80.48500061035156,311.7300109863281,262.8299865722656,345.489990234375,559.5999755859375,80.49500274658203,63272,37943,5822,13922,16666
2026-08-24 14:24:00-04:00,311.6449890136719,262.94500732421875,345.5799865722656,560.4884033203125,80.54000091552734,311.7900085449219,263.0400085449219,345.6600036621094,560.9000244140625,80.55999755859375,311.6300048828125,262.8999938964844,345.5,559.8800048828125,80.52999877929688,311.7699890136719,262.95001220703125,345.50390625,559.8800048828125,80.53389739990234,18751,27805,13733,178345,27322
2026-08-24 14:25:00-04:00,311.67498779296875,262.8900146484375,345.55999755859375,560.364990234375,80.55000305175781,311.69000244140625,262.9549865722656,345.6199951171875,560.5250244140625,80.55000305175781,311.6300048828125,262.80999755859375,345.5400085449219,560.280029296875,80.5199966430664,311.6488952636719,262.92999267578125,345.6000061035156,560.4500122070312,80.54989624023438,26714,22344,6099,17439,11780
2026-08-24 14:26:00-04:00,311.8299865722656,262.8800048828125,345.6499938964844,560.510009765625,80.52999877929688,311.8699951171875,262.8900146484375,345.6600036621094,560.510009765625,80.55500030517578,311.6600036621094,262.7900085449219,345.5249938964844,560.2269287109375,80.51010131835938,311.67010498046875,262.8900146484375,345.57000732421875,560.3599853515625,80.55500030517578,36159,27189,9212,20118,27465
2026-08-24 14:27:00-04:00,311.8505859375,262.8949890136719,345.3999938964844,559.881103515625,80.55500030517578,311.8799133300781,262.9649963378906,345.6499938964844,560.6599731445312,80.55500030517578,311.7699890136719,262.8699951171875,345.3999938964844,559.8718872070312,80.53500366210938,311.81658935546875,262.8699951171875,345.625,560.5098876953125,80.53500366210938,37577,28683,12827,35587,20559
2026-08-24 14:28:00-04:00,311.8299865722656,262.9200134277344,345.5299987792969,559.989990234375,80.56500244140625,311.8710021972656,262.94000244140625,345.5299987792969,559.989990234375,80.56999969482422,311.79998779296875,262.8305969238281,345.3599853515625,559.5614013671875,80.54010009765625,311.8599853515625,262.8305969238281,345.4200134277344,559.969970703125,80.55500030517578,36404,25924,66413,18270,22663
2026-08-24 14:29:00-04:00,311.739990234375,262.7900085449219,345.6099853515625,560.1849975585938,80.5199966430664,311.84991455078125,262.92999267578125,345.6600036621094,560.260009765625,80.58000183105469,311.7200012207031,262.7900085449219,345.5,559.9099731445312,80.51000213623047,311.8299865722656,262.7900085449219,345.55999755859375,559.9550170898438,80.56500244140625,26487,22278,11133,16321,78453
2026-08-24 14:30:00-04:00,311.7301025390625,262.9700012207031,345.635009765625,560.4199829101562,80.50499725341797,311.8399963378906,263.0,345.7900085449219,560.760009765625,80.53500366210938,311.69000244140625,262.80999755859375,345.57000732421875,560.2045288085938,80.49500274658203,311.7200012207031,262.8299865722656,345.6400146484375,560.25,80.52999877929688,54881,27112,15892,32787,32340
2026-08-24 14:31:00-04:00,311.739990234375,262.79998779296875,345.489990234375,560.4199829101562,80.50499725341797,311.75,262.989990234375,345.69000244140625,560.7449951171875,80.54000091552734,311.7001037597656,262.7950134277344,345.489990234375,560.2999877929688,80.5,311.739990234375,262.9599914550781,345.6400146484375,560.47998046875,80.50399780273438,35840,36251,11048,30562,28757
2026-08-24 14:32:00-04:00,311.80999755859375,262.81500244140625,345.5849914550781,560.4650268554688,80.46009826660156,311.80999755859375,262.82000732421875,345.6000061035156,560.5,80.51000213623047,311.7401123046875,262.7200012207031,345.4601135253906,560.0001220703125,80.45500183105469,311.75,262.7749938964844,345.4601135253906,560.4215087890625,80.46009826660156,29538,24674,12349,15454,57674
2026-08-24 14:33:00-04:00,311.5400085449219,262.7900085449219,345.57000732421875,560.3200073242188,80.43000030517578,311.8399963378906,262.8500061035156,345.6000061035156,560.5599975585938,80.48999786376953,311.5299987792969,262.760009765625,345.5,560.2750244140625,80.41000366210938,311.8017883300781,262.8299865722656,345.57000732421875,560.4962768554688,80.43000030517578,42846,27101,11555,14414,29503
2026-08-24 14:34:00-04:00,311.4150085449219,262.8699951171875,345.5400085449219,560.375,80.41999816894531,311.5954895019531,262.8699951171875,345.6099853515625,560.6195068359375,80.43499755859375,311.4150085449219,262.76220703125,345.49090576171875,560.219970703125,80.41000366210938,311.5350036621094,262.7699890136719,345.5299987792969,560.3300170898438,80.41999816894531,37455,22221,9540,12870,27003
2026-08-24 14:35:00-04:00,311.260009765625,262.80499267578125,345.44000244140625,560.4299926757812,80.44000244140625,311.4189147949219,262.8799133300781,345.6499938964844,560.530029296875,80.46980285644531,311.260009765625,262.75,345.4100036621094,560.3200073242188,80.41999816894531,311.4100036621094,262.8799133300781,345.5505065917969,560.375,80.41999816894531,34644,23155,20504,16464,44015
2026-08-24 14:36:00-04:00,311.1199951171875,262.67999267578125,345.2799987792969,560.344970703125,80.43990325927734,311.3299865722656,262.82000732421875,345.4700012207031,560.4500122070312,80.44999694824219,311.1199951171875,262.6199951171875,345.2799987792969,560.2899780273438,80.43049621582031,311.260009765625,262.82000732421875,345.4599914550781,560.4400024414062,80.44999694824219,34188,59845,6731,8747,34849
2026-08-24 14:37:00-04:00,311.2149963378906,262.6499938964844,345.1650085449219,560.0399780273438,80.44999694824219,311.2333984375,262.7066955566406,345.3399963378906,560.3900146484375,80.44999694824219,311.1200866699219,262.6199951171875,345.1300048828125,559.9349975585938,80.4000015258789,311.1400146484375,262.67999267578125,345.2799987792969,560.344970703125,80.43009948730469,29762,23969,13313,48052,41500
2026-08-24 14:38:00-04:00,311.1700134277344,262.6098937988281,345.04998779296875,560.1500244140625,80.41500091552734,311.2239074707031,262.7200012207031,345.2699890136719,560.2072143554688,80.45950317382812,311.1000061035156,262.591796875,345.04998779296875,560.0,80.41010284423828,311.19000244140625,262.7200012207031,345.1610107421875,560.0449829101562,80.44999694824219,45884,16518,8891,19224,28666
2026-08-24 14:39:00-04:00,311.0899963378906,262.6199951171875,345.04998779296875,560.10009765625,80.40010070800781,311.1767883300781,262.6499938964844,345.1300048828125,560.219970703125,80.41500091552734,311.0799865722656,262.54998779296875,345.0163879394531,559.9703979492188,80.38999938964844,311.1767883300781,262.5899963378906,345.0799865722656,560.0850219726562,80.41400146484375,26652,27566,8633,16073,17408
2026-08-24 14:40:00-04:00,311.04998779296875,262.5400085449219,345.1300048828125,560.5399780273438,80.42900085449219,311.1099853515625,262.6199951171875,345.1700134277344,560.9500122070312,80.43499755859375,310.92999267578125,262.4801025390625,344.9100036621094,560.12548828125,80.4000015258789,311.1099853515625,262.6099853515625,345.0249938964844,560.219970703125,80.4000015258789,47924,18959,28890,77092,36654
2026-08-24 14:41:00-04:00,310.7679138183594,262.4849853515625,345.10589599609375,560.7249755859375,80.40499877929688,311.04998779296875,262.54998779296875,345.19000244140625,560.8411865234375,80.42500305175781,310.75,262.4800109863281,345.0657958984375,560.4849853515625,80.4000015258789,311.03009033203125,262.54998779296875,345.1723937988281,560.6900024414062,80.41999816894531,62256,23756,8915,21600,22054
2026-08-24 14:42:00-04:00,310.8450012207031,262.30999755859375,345.04998779296875,560.4099731445312,80.37000274658203,310.8900146484375,262.489501953125,345.1199951171875,560.780029296875,80.40499877929688,310.7200012207031,262.30999755859375,344.9599914550781,560.3200073242188,80.3604965209961,310.7699890136719,262.4849853515625,345.1199951171875,560.635009765625,80.40499877929688,33610,71508,23170,10722,18607
2026-08-24 14:43:00-04:00,310.9451904296875,262.42999267578125,344.9200134277344,560.52001953125,80.3550033569336,310.9974060058594,262.44000244140625,345.0799865722656,560.52001953125,80.37000274658203,310.8399963378906,262.3299865722656,344.9100036621094,560.1599731445312,80.33999633789062,310.8500061035156,262.3299865722656,345.0799865722656,560.3201293945312,80.36000061035156,34116,22038,11161,13180,16431
2026-08-24 14:44:00-04:00,310.93499755859375,262.44000244140625,344.9200134277344,560.6099853515625,80.38009643554688,310.989990234375,262.44500732421875,344.9598083496094,560.6264038085938,80.38500213623047,310.9200134277344,262.3500061035156,344.8301086425781,560.469970703125,80.3550033569336,310.93499755859375,262.44500732421875,344.8999938964844,560.5150146484375,80.3550033569336,59214,18833,10316,11376,18939
2026-08-24 14:45:00-04:00,310.93499755859375,262.3500061035156,344.94000244140625,560.4500122070312,80.40499877929688,311.0899963378906,262.45001220703125,345.010009765625,560.6494750976562,80.41500091552734,310.92999267578125,262.32598876953125,344.79998779296875,560.3699951171875,80.375,310.95001220703125,262.44000244140625,344.9150085449219,560.6099853515625,80.38500213623047,31454,57461,9706,14172,25438
2026-08-24 14:46:00-04:00,311.19000244140625,262.3699951171875,344.8599853515625,560.510009765625,80.44000244140625,311.2200927734375,262.45001220703125,344.95001220703125,560.6300048828125,80.44999694824219,310.92999267578125,262.3349914550781,344.8599853515625,560.3900146484375,80.40499877929688,310.93499755859375,262.3450012207031,344.95001220703125,560.4650268554688,80.40499877929688,42691,28597,7630,15587,15337
2026-08-24 14:47:00-04:00,311.4100036621094,262.17498779296875,344.7699890136719,560.4600219726562,80.45999908447266,311.4700012207031,262.3399963378906,344.8699951171875,560.5599975585938,80.45999908447266,311.1600036621094,262.1700134277344,344.7699890136719,560.405029296875,80.43499755859375,311.1600036621094,262.3399963378906,344.8450012207031,560.5499877929688,80.44999694824219,38351,62285,6775,11978,17868
2026-08-24 14:48:00-04:00,311.3800964355469,262.0799865722656,344.6400146484375,560.3150024414062,80.47010040283203,311.49969482421875,262.17999267578125,344.7699890136719,560.5599975585938,80.48590087890625,311.3599853515625,262.07598876953125,344.6400146484375,560.2449951171875,80.47000122070312,311.4200134277344,262.17999267578125,344.739990234375,560.4199829101562,80.4749984741211,62184,33884,13092,14160,24529
2026-08-24 14:49:00-04:00,311.57000732421875,262.1499938964844,344.7550048828125,560.4400024414062,80.4000015258789,311.5799865722656,262.18499755859375,344.760009765625,560.5800170898438,80.4800033569336,311.3949890136719,262.05999755859375,344.6499938964844,560.27001953125,80.4000015258789,311.3949890136719,262.0799865722656,344.6700134277344,560.3250122070312,80.47059631347656,49004,31774,8105,17274,37304
2026-08-24 14:50:00-04:00,311.55499267578125,262.0,344.7300109863281,560.3250122070312,80.3949966430664,311.6050109863281,262.1600036621094,344.79998779296875,560.3699951171875,80.40499877929688,311.510009765625,261.9700012207031,344.7049865722656,560.2534790039062,80.37999725341797,311.57000732421875,262.1549987792969,344.7502136230469,560.364990234375,80.4000015258789,36207,44015,13248,15857,54971
2026-08-24 14:51:00-04:00,311.5799865722656,261.96990966796875,344.8999938964844,560.197021484375,80.4000015258789,311.5799865722656,262.07000732421875,344.94000244140625,560.3900146484375,80.40499877929688,311.489990234375,261.92999267578125,344.739990234375,560.197021484375,80.375,311.55499267578125,261.9800109863281,344.75,560.2877197265625,80.38999938964844,44964,18322,14925,9582,31721
2026-08-24 14:52:00-04:00,311.5899963378906,262.0249938964844,345.1199951171875,560.364990234375,80.45999908447266,311.6300048828125,262.0400085449219,345.1199951171875,560.405029296875,80.48419952392578,311.56500244140625,261.9259948730469,344.8999938964844,560.1799926757812,80.37999725341797,311.5899963378906,261.9700012207031,344.8999938964844,560.239990234375,80.40499877929688,32884,48116,12948,20416,45911
2026-08-24 14:53:00-04:00,311.5299987792969,261.9700012207031,345.0400085449219,560.635009765625,80.44499969482422,311.6000061035156,262.0400085449219,345.13250732421875,560.7000122070312,80.45999908447266,311.489990234375,261.9200134277344,345.0299987792969,560.39501953125,80.43389892578125,311.5799865722656,262.0400085449219,345.0851135253906,560.4400024414062,80.44499969482422,25560,25233,22835,25392,22354
2026-08-24 14:54:00-04:00,311.55999755859375,262.0126037597656,345.1400146484375,560.7899780273438,80.44999694824219,311.57000732421875,262.0199890136719,345.1400146484375,560.7899780273438,80.45989990234375,311.5,261.8699951171875,345.0199890136719,560.5999755859375,80.44000244140625,311.510009765625,261.9599914550781,345.0299987792969,560.6099853515625,80.44499969482422,31026,44608,9017,25297,15285
2026-08-24 14:55:00-04:00,311.5151062011719,261.8399963378906,345.1000061035156,560.364990234375,80.41500091552734,311.6499938964844,262.0199890136719,345.2099914550781,560.780029296875,80.45999908447266,311.5108947753906,261.8340148925781,345.07000732421875,560.2050170898438,80.41000366210938,311.54998779296875,261.9949951171875,345.1300048828125,560.739990234375,80.44999694824219,45368,32960,20825,21922,115966
2026-08-24 14:56:00-04:00,311.7362976074219,261.8900146484375,345.1600036621094,560.4749755859375,80.42009735107422,311.75,261.90509033203125,345.1700134277344,560.4749755859375,80.42009735107422,311.489990234375,261.77801513671875,345.0199890136719,560.1400146484375,80.41000366210938,311.5,261.8349914550781,345.0899963378906,560.4400024414062,80.42009735107422,32580,29227,17310,24371,23392
2026-08-24 14:57:00-04:00,311.7449951171875,261.8599853515625,345.1111145019531,560.4000244140625,80.38999938964844,311.7900085449219,261.9200134277344,345.2200012207031,560.5599975585938,80.41999816894531,311.7200012207031,261.82000732421875,345.1099853515625,560.3200073242188,80.37999725341797,311.739990234375,261.8699951171875,345.1650085449219,560.5,80.41999816894531,31982,20821,15446,13906,22520
2026-08-24 14:58:00-04:00,311.7149963378906,261.8800048828125,345.2950134277344,560.2205200195312,80.37999725341797,311.7900085449219,261.8999938964844,345.3699951171875,560.4400024414062,80.4000015258789,311.69000244140625,261.8399963378906,345.114990234375,560.1900024414062,80.37229919433594,311.7449951171875,261.8599853515625,345.1199951171875,560.3701171875,80.38500213623047,29851,20784,24606,14546,19743
2026-08-24 14:59:00-04:00,311.5899963378906,261.82000732421875,345.1600036621094,560.0850219726562,80.3949966430664,311.739990234375,261.8800048828125,345.32000732421875,560.3699951171875,80.3949966430664,311.57000732421875,261.79998779296875,345.1199951171875,560.0800170898438,80.37000274658203,311.7300109863281,261.8800048828125,345.32000732421875,560.2949829101562,80.37570190429688,21972,29165,11417,21217,19090
2026-08-24 15:00:00-04:00,311.406005859375,261.697509765625,345.1099853515625,560.1199951171875,80.44499969482422,311.5899963378906,261.8550109863281,345.17498779296875,560.1599731445312,80.46990203857422,311.406005859375,261.6919860839844,345.0899963378906,559.8900146484375,80.38999938964844,311.57000732421875,261.80499267578125,345.11700439453125,560.0599975585938,80.3949966430664,41317,43740,11976,24183,32504
2026-08-24 15:01:00-04:00,311.4100036621094,261.9100036621094,345.0950012207031,560.0499877929688,80.45500183105469,311.4399108886719,261.9200134277344,345.19000244140625,560.1099853515625,80.47000122070312,311.32000732421875,261.6499938964844,345.05999755859375,559.760009765625,80.43000030517578,311.4049987792969,261.7099914550781,345.0899963378906,560.1099853515625,80.44499969482422,35920,39158,9171,28127,20827
2026-08-24 15:02:00-04:00,311.45989990234375,261.8699951171875,345.1000061035156,560.2100219726562,80.42500305175781,311.5400085449219,261.91949462890625,345.20001220703125,560.3200073242188,80.45500183105469,311.3949890136719,261.8599853515625,345.0849914550781,560.0150146484375,80.41999816894531,311.4100036621094,261.8999938964844,345.1300048828125,560.0894775390625,80.45500183105469,22578,28767,6172,11192,16827
2026-08-24 15:03:00-04:00,311.489990234375,261.7349853515625,345.1708068847656,559.9349975585938,80.41500091552734,311.489990234375,261.8800048828125,345.20001220703125,560.2999267578125,80.44000244140625,311.3900146484375,261.7300109863281,345.0602111816406,559.8400268554688,80.41500091552734,311.45001220703125,261.8599853515625,345.0602111816406,560.1820068359375,80.42500305175781,23252,32951,8890,18495,18982
2026-08-24 15:04:00-04:00,311.5599060058594,261.75,345.2099914550781,559.2899780273438,80.3550033569336,311.5849914550781,261.80999755859375,345.260009765625,559.9099731445312,80.41999816894531,311.4949951171875,261.7300109863281,345.1700134277344,559.2800903320312,80.3550033569336,311.5150146484375,261.760009765625,345.1700134277344,559.9099731445312,80.41999816894531,27408,18950,12329,29788,21579
2026-08-24 15:05:00-04:00,311.57000732421875,261.9049987792969,345.44000244140625,559.6400146484375,80.37000274658203,311.5708923339844,261.9100036621094,345.4599914550781,559.6799926757812,80.37000274658203,311.489990234375,261.7099914550781,345.1400146484375,559.2100219726562,80.34500122070312,311.57000732421875,261.7456970214844,345.19000244140625,559.239990234375,80.3550033569336,19110,27246,15813,31614,19719
2026-08-24 15:06:00-04:00,311.6300048828125,261.77099609375,345.3699951171875,559.6900024414062,80.4000015258789,311.65570068359375,261.8900146484375,345.4599914550781,559.719970703125,80.40989685058594,311.54010009765625,261.7405090332031,345.3399963378906,559.280029296875,80.36499786376953,311.55999755859375,261.8900146484375,345.4200134277344,559.64501953125,80.36499786376953,20558,16604,14403,23870,23811
2026-08-24 15:07:00-04:00,311.59210205078125,261.80999755859375,345.3800048828125,559.8599853515625,80.38999938964844,311.6499938964844,261.8800048828125,345.3900146484375,559.9600219726562,80.41500091552734,311.5199890136719,261.7200012207031,345.2847900390625,559.6199951171875,80.38999938964844,311.6400146484375,261.739990234375,345.3550109863281,559.6199951171875,80.40499877929688,23004,24847,12928,13386,15767
2026-08-24 15:08:00-04:00,311.30999755859375,261.95001220703125,345.67950439453125,560.0700073242188,80.38500213623047,311.5799865722656,262.0199890136719,345.69000244140625,560.14501953125,80.39630126953125,311.30999755859375,261.6911926269531,345.2799987792969,559.8800048828125,80.37000274658203,311.5799865722656,261.739990234375,345.3599853515625,559.89501953125,80.37999725341797,33653,39067,17687,19173,19325
2026-08-24 15:09:00-04:00,311.2900085449219,261.989990234375,345.3887023925781,560.0900268554688,80.4000015258789,311.3299865722656,262.010009765625,345.7049865722656,560.219970703125,80.40499877929688,311.2500915527344,261.8949890136719,345.3399963378906,560.0,80.37000274658203,311.2900085449219,261.94500732421875,345.65789794921875,560.0,80.38500213623047,31331,19634,14512,13820,27372
2026-08-24 15:10:00-04:00,311.239990234375,261.9100036621094,345.3900146484375,560.19091796875,80.3550033569336,311.2799987792969,261.9549865722656,345.4100036621094,560.2100219726562,80.41000366210938,311.19000244140625,261.8949890136719,345.3299865722656,559.969970703125,80.33999633789062,311.260009765625,261.9549865722656,345.3951110839844,560.0599975585938,80.40499877929688,42286,20091,8930,17575,48093
2026-08-24 15:11:00-04:00,311.1499938964844,262.0400085449219,345.4200134277344,560.4099731445312,80.37999725341797,311.2300109863281,262.07000732421875,345.5,560.4500122070312,80.3949966430664,311.0199890136719,261.93499755859375,345.3949890136719,560.1522216796875,80.3499984741211,311.2300109863281,261.93499755859375,345.3949890136719,560.1900024414062,80.37000274658203,54039,39261,16961,14700,39281
2026-08-24 15:12:00-04:00,311.2850036621094,262.0050048828125,345.2244873046875,560.0599975585938,80.3949966430664,311.2850036621094,262.07000732421875,345.42498779296875,560.4199829101562,80.3998031616211,311.1600036621094,262.0,345.20001220703125,559.9199829101562,80.34500122070312,311.1600036621094,262.0491943359375,345.4200134277344,560.4199829101562,80.37999725341797,31591,49529,20291,23933,16120
2026-08-24 15:13:00-04:00,311.42999267578125,261.94000244140625,345.32989501953125,560.1649780273438,80.42500305175781,311.42999267578125,261.9800109863281,345.3699951171875,560.1900024414062,80.43499755859375,311.260009765625,261.8901062011719,345.239990234375,559.9658203125,80.3949966430664,311.30731201171875,261.9599914550781,345.2850036621094,560.0599975585938,80.3949966430664,31925,24598,6206,18115,24966
2026-08-24 15:14:00-04:00,311.2200012207031,261.9700012207031,345.2850036621094,560.27001953125,80.44499969482422,311.4200134277344,262.06500244140625,345.32000732421875,560.3800048828125,80.44989776611328,311.2200012207031,261.8999938964844,345.2200012207031,560.1124877929688,80.41000366210938,311.3999938964844,261.9700012207031,345.30999755859375,560.2000122070312,80.42479705810547,49209,39269,9029,14833,27584
2026-08-24 15:15:00-04:00,311.4150085449219,261.7749938964844,344.92999267578125,559.97998046875,80.3499984741211,311.43499755859375,262.0,345.31988525390625,560.2999877929688,80.44000244140625,311.20001220703125,261.75,344.8900146484375,559.969970703125,80.3499984741211,311.2200012207031,262.0,345.2799987792969,560.2899780273438,80.44000244140625,67388,48221,43103,23625,38673
2026-08-24 15:16:00-04:00,311.5199890136719,261.8800048828125,345.0799865722656,560.3599853515625,80.3855972290039,311.54998779296875,261.91949462890625,345.0799865722656,560.3900146484375,80.38999938964844,311.4200134277344,261.7799987792969,344.9100036621094,560.0499877929688,80.33999633789062,311.4200134277344,261.7900085449219,344.92999267578125,560.0499877929688,80.3550033569336,35829,50175,27516,17907,40528
2026-08-24 15:17:00-04:00,311.5400085449219,261.81500244140625,345.05010986328125,560.2100219726562,80.3949966430664,311.57000732421875,261.94500732421875,345.1499938964844,560.4998779296875,80.40499877929688,311.4901123046875,261.80999755859375,345.0450134277344,560.114990234375,80.37999725341797,311.5400085449219,261.8743896484375,345.08349609375,560.3599853515625,80.38169860839844,25511,24192,20264,29935,25687
2026-08-24 15:18:00-04:00,311.510009765625,261.9200134277344,345.2099914550781,560.3300170898438,80.40499877929688,311.5299987792969,261.9324951171875,345.2099914550781,560.3900146484375,80.41999816894531,311.4849853515625,261.82000732421875,345.0299987792969,560.1400146484375,80.38999938964844,311.5199890136719,261.8299865722656,345.0411071777344,560.2000122070312,80.38999938964844,32388,27485,15098,25836,27724
2026-08-24 15:19:00-04:00,311.45001220703125,261.8450012207031,345.0849914550781,559.0999755859375,80.33000183105469,311.5199890136719,261.94000244140625,345.20001220703125,560.3800048828125,80.40989685058594,311.45001220703125,261.80999755859375,345.0400085449219,558.8400268554688,80.32499694824219,311.510009765625,261.8450012207031,345.20001220703125,560.2896728515625,80.4000015258789,41650,21277,13413,70942,18944
2026-08-24 15:20:00-04:00,311.3599853515625,261.82000732421875,345.2049865722656,558.9500122070312,80.31500244140625,311.4700012207031,261.8299865722656,345.2300109863281,559.114990234375,80.33999633789062,311.3500061035156,261.739990234375,345.0249938964844,558.7899780273438,80.30999755859375,311.42999267578125,261.79998779296875,345.07000732421875,559.114990234375,80.33000183105469,46979,30782,13916,21144,31618
2026-08-24 15:21:00-04:00,311.375,261.8800048828125,345.2699890136719,559.155029296875,80.31999969482422,311.3900146484375,261.885009765625,345.2699890136719,559.260009765625,80.32499694824219,311.2699890136719,261.8299865722656,345.1650085449219,558.9550170898438,80.30000305175781,311.37109375,261.8399963378906,345.17999267578125,558.9550170898438,80.31500244140625,26014,28420,14736,20988,31415
2026-08-24 15:22:00-04:00,311.32501220703125,261.9700012207031,345.2950134277344,559.6400146484375,80.33000183105469,311.42999267578125,262.0,345.3399963378906,559.8250122070312,80.33000183105469,311.29998779296875,261.8900146484375,345.2300109863281,559.1264038085938,80.29499816894531,311.37359619140625,261.8900146484375,345.260009765625,559.1264038085938,80.32499694824219,39391,27292,10934,28266,45236
2026-08-24 15:23:00-04:00,311.3800048828125,261.8599853515625,345.4200134277344,559.7301025390625,80.27179718017578,311.45001220703125,262.0199890136719,345.44000244140625,560.010009765625,80.33000183105469,311.310791015625,261.8399963378906,345.25,559.6223754882812,80.2699966430664,311.3399963378906,261.8599853515625,345.2699890136719,559.72998046875,80.33000183105469,42725,40580,10363,17464,40100
2026-08-24 15:24:00-04:00,311.3299865722656,261.9700012207031,345.3900146484375,559.7949829101562,80.22000122070312,311.4078063964844,261.9898986816406,345.57000732421875,560.1400146484375,80.27999877929688,311.32000732421875,261.8599853515625,345.3550109863281,559.7100219726562,80.20999908447266,311.3699951171875,261.8599853515625,345.44000244140625,559.7750244140625,80.2750015258789,28055,23348,9189,26635,68942
2026-08-24 15:25:00-04:00,311.2699890136719,262.1700134277344,345.6300048828125,559.9550170898438,80.21499633789062,311.3500061035156,262.1700134277344,345.6499938964844,560.0,80.25,311.260009765625,261.989990234375,345.3832092285156,559.8400268554688,80.19000244140625,311.2699890136719,261.989990234375,345.3949890136719,559.8699951171875,80.2249984741211,36697,50619,12142,9670,69710
2026-08-24 15:26:00-04:00,311.239990234375,262.1000061035156,345.5249938964844,559.8699951171875,80.23500061035156,311.2950134277344,262.1650085449219,345.6012878417969,560.0,80.23999786376953,311.20001220703125,262.04998779296875,345.4599914550781,559.780029296875,80.19499969482422,311.260009765625,262.1650085449219,345.6012878417969,559.9299926757812,80.21499633789062,26781,41750,9589,10766,60153
2026-08-24 15:27:00-04:00,311.25,262.076904296875,345.5779113769531,560.0499877929688,80.31500244140625,311.25,262.0950012207031,345.5950012207031,560.0499877929688,80.31500244140625,311.127197265625,262.0,345.5115051269531,559.8200073242188,80.23999786376953,311.25,262.0950012207031,345.54998779296875,559.8800048828125,80.23999786376953,28934,27189,8683,15260,46943
2026-08-24 15:28:00-04:00,311.260009765625,262.0799865722656,345.45001220703125,559.6599731445312,80.30999755859375,311.2799987792969,262.1199951171875,345.6099853515625,560.02001953125,80.34500122070312,311.2101135253906,262.0498962402344,345.360107421875,559.5999755859375,80.30999755859375,311.239990234375,262.0849914550781,345.5799865722656,560.02001953125,80.31999969482422,26403,34353,10023,20768,24983
2026-08-24 15:29:00-04:00,311.25,262.07000732421875,345.5150146484375,559.6699829101562,80.33499908447266,311.29998779296875,262.0899963378906,345.5150146484375,559.739990234375,80.33499908447266,311.20001220703125,261.9949951171875,345.44000244140625,559.510009765625,80.29499816894531,311.25,262.07659912109375,345.4599914550781,559.6699829101562,80.31500244140625,32224,29105,11387,13876,28924
2026-08-24 15:30:00-04:00,311.25,262.1099853515625,345.5799865722656,559.9450073242188,80.26000213623047,311.2799072265625,262.1600036621094,345.6700134277344,560.1099853515625,80.34500122070312,311.110107421875,262.0899963378906,345.5199890136719,559.6043701171875,80.26000213623047,311.2300109863281,262.1000061035156,345.5400085449219,559.6950073242188,80.33999633789062,39279,39684,21646,38736,24599
2026-08-24 15:31:00-04:00,311.114990234375,262.1099853515625,345.57000732421875,559.9799194335938,80.22000122070312,311.25738525390625,262.1650085449219,345.6199951171875,560.0999755859375,80.26000213623047,311.1099853515625,262.05999755859375,345.4700012207031,559.8250122070312,80.19999694824219,311.239990234375,262.114501953125,345.5600891113281,559.9450073242188,80.26000213623047,40355,29668,17247,16053,71584
2026-08-24 15:32:00-04:00,310.8900146484375,261.8399963378906,345.4100036621094,559.7949829101562,80.22000122070312,311.1099853515625,262.1099853515625,345.6000061035156,560.0,80.23210144042969,310.8500061035156,261.8399963378906,345.4100036621094,559.719970703125,80.1500015258789,311.1000061035156,262.1000061035156,345.55999755859375,559.8900146484375,80.20999908447266,54009,37107,12549,34093,101021
2026-08-24 15:33:00-04:00,310.9599914550781,261.8599853515625,345.5799865722656,559.760009765625,80.21499633789062,310.9800109863281,261.8800048828125,345.5799865722656,559.8150024414062,80.22000122070312,310.8800048828125,261.75,345.44000244140625,559.510009765625,80.17500305175781,310.8900146484375,261.8450012207031,345.4580078125,559.8150024414062,80.21499633789062,44288,31448,15728,305440,37490
2026-08-24 15:34:00-04:00,311.1000061035156,261.875,345.5,559.7050170898438,80.19000244140625,311.1300048828125,261.94000244140625,345.6600036621094,559.902099609375,80.22000122070312,310.9549865722656,261.8450012207031,345.47900390625,559.7050170898438,80.18000030517578,310.9549865722656,261.8599853515625,345.5,559.7899780273438,80.21499633789062,47746,33763,15538,17729,45181
2026-08-24 15:35:00-04:00,310.8999938964844,261.9700012207031,345.55999755859375,560.0349731445312,80.19000244140625,311.1000061035156,261.989990234375,345.6400146484375,560.0549926757812,80.24500274658203,310.8500061035156,261.8450012207031,345.44000244140625,559.6900024414062,80.18000030517578,311.0849914550781,261.8500061035156,345.4599914550781,559.7000122070312,80.18000030517578,76345,23017,18908,21948,53625
2026-08-24 15:36:00-04:00,310.9599914550781,261.93011474609375,345.31500244140625,559.469970703125,80.22709655761719,310.9800109863281,262.0790100097656,345.6000061035156,560.0700073242188,80.22989654541016,310.860107421875,261.93011474609375,345.30999755859375,559.4000244140625,80.18000030517578,310.8999938964844,261.9800109863281,345.5899963378906,560.0349731445312,80.19000244140625,54751,37763,14057,31972,33857
2026-08-24 15:37:00-04:00,311.0199890136719,262.05999755859375,345.42498779296875,559.5900268554688,80.23500061035156,311.1000061035156,262.1000061035156,345.4599914550781,559.6699829101562,80.26000213623047,310.95001220703125,261.93011474609375,345.2699890136719,559.3900756835938,80.2249984741211,311.0199890136719,261.96148681640625,345.2799987792969,559.4099731445312,80.2300033569336,41464,52310,20839,24395,31208
2026-08-24 15:38:00-04:00,311.04998779296875,262.1099853515625,345.44000244140625,559.7899780273438,80.2249984741211,311.0799865722656,262.1700134277344,345.5299987792969,559.8245239257812,80.25,311.010009765625,262.04998779296875,345.3599853515625,559.5300903320312,80.22000122070312,311.0199890136719,262.065185546875,345.4100036621094,559.5700073242188,80.23049926757812,35435,39720,11353,15194,17703
2026-08-24 15:39:00-04:00,311.010009765625,262.0201110839844,345.4949951171875,559.77001953125,80.2249984741211,311.07000732421875,262.1199035644531,345.57000732421875,559.8300170898438,80.23500061035156,310.989990234375,262.0201110839844,345.385009765625,559.7100219726562,80.20030212402344,311.04998779296875,262.1195068359375,345.4200134277344,559.7700805664062,80.2249984741211,37283,36400,18359,16457,32595
2026-08-24 15:40:00-04:00,310.9949951171875,262.0580139160156,345.6400146484375,559.6699829101562,80.18499755859375,311.1300048828125,262.0799865722656,345.739990234375,559.8499755859375,80.2300033569336,310.9849853515625,262.0,345.42999267578125,559.47998046875,80.18000030517578,311.0400085449219,262.04998779296875,345.4700012207031,559.7650146484375,80.18499755859375,87774,27821,27410,22545,31828
2026-08-24 15:41:00-04:00,310.92999267578125,262.0299987792969,345.6650085449219,559.5349731445312,80.22000122070312,311.0574035644531,262.0799865722656,345.69000244140625,559.6400146484375,80.22000122070312,310.9150085449219,261.9599914550781,345.5899963378906,559.2501220703125,80.17500305175781,311.0,262.05499267578125,345.6700134277344,559.6400146484375,80.19000244140625,109956,31940,17971,21010,34367
2026-08-24 15:42:00-04:00,310.8399963378906,262.1499938964844,345.70208740234375,559.719970703125,80.2249984741211,310.9700012207031,262.1700134277344,345.739990234375,559.8599853515625,80.23999786376953,310.8399963378906,262.0400085449219,345.6108093261719,559.530029296875,80.20999908447266,310.94000244140625,262.04010009765625,345.6400146484375,559.5700073242188,80.22000122070312,44669,43078,19679,40905,36506
2026-08-24 15:43:00-04:00,310.82000732421875,262.3399963378906,345.6679992675781,559.77001953125,80.20500183105469,310.8699951171875,262.3599853515625,345.7650146484375,559.905029296875,80.2300033569336,310.760009765625,262.1600036621094,345.6499938964844,559.635009765625,80.19499969482422,310.8299865722656,262.1600036621094,345.7052917480469,559.7000122070312,80.2249984741211,47784,52404,19798,13272,45521
2026-08-24 15:44:00-04:00,310.67999267578125,262.2900085449219,345.7200012207031,559.6799926757812,80.15989685058594,310.8599853515625,262.3349914550781,345.7668151855469,559.8399047851562,80.21499633789062,310.6700134277344,262.2300109863281,345.6099853515625,559.6400146484375,80.15010070800781,310.79998779296875,262.3349914550781,345.6440124511719,559.8200073242188,80.20999908447266,45549,48294,46686,13901,44369
2026-08-24 15:45:00-04:00,310.6687927246094,262.2900085449219,345.5849914550781,559.739990234375,80.19499969482422,310.7898864746094,262.3500061035156,345.7699890136719,559.9199829101562,80.19999694824219,310.6400146484375,262.2101135253906,345.5849914550781,559.5650024414062,80.11499786376953,310.67999267578125,262.239990234375,345.69000244140625,559.739990234375,80.12000274658203,61064,70542,22519,31924,42537
2026-08-24 15:46:00-04:00,310.4800109863281,262.2069091796875,345.489990234375,559.5800170898438,80.19499969482422,310.67999267578125,262.2900085449219,345.6400146484375,559.77001953125,80.21499633789062,310.4700012207031,262.1600036621094,345.44000244140625,559.510009765625,80.19000244140625,310.6600036621094,262.2799987792969,345.5849914550781,559.77001953125,80.19499969482422,58316,62858,19443,19469,52167
2026-08-24 15:47:00-04:00,310.6400146484375,262.2799987792969,345.29998779296875,559.9400024414062,80.23500061035156,310.7099914550781,262.3599853515625,345.4825134277344,560.0599975585938,80.2354965209961,310.42999267578125,262.1300048828125,345.1700134277344,559.5900268554688,80.18499755859375,310.4800109863281,262.201904296875,345.4825134277344,559.5999755859375,80.19499969482422,70223,57849,68354,42360,56462
2026-08-24 15:48:00-04:00,310.760009765625,262.2900085449219,345.0450134277344,560.2999877929688,80.26249694824219,310.80999755859375,262.3599853515625,345.3299865722656,560.4500122070312,80.26499938964844,310.5849914550781,262.2431945800781,345.0299987792969,559.9400024414062,80.22000122070312,310.6099853515625,262.2850036621094,345.32000732421875,559.9600219726562,80.2301025390625,87892,44315,23952,40659,41908
2026-08-24 15:49:00-04:00,310.94061279296875,262.30999755859375,344.8500061035156,560.6300048828125,80.30500030517578,310.9700012207031,262.3399963378906,345.1199951171875,560.719970703125,80.30999755859375,310.7699890136719,262.2699890136719,344.8489990234375,560.2999877929688,80.26499938964844,310.7699890136719,262.29998779296875,345.0450134277344,560.2999877929688,80.26499938964844,74922,53053,35582,93820,59536
2026-08-24 15:50:00-04:00,310.7449951171875,262.3399963378906,345.44000244140625,561.0490112304688,80.36499786376953,311.010009765625,262.510009765625,345.7900085449219,561.4199829101562,80.37000274658203,310.6400146484375,262.260009765625,344.8999938964844,560.72998046875,80.30500030517578,310.9700012207031,262.3399963378906,344.8999938964844,560.72998046875,80.30999755859375,83139,108758,114957,81398,75511
2026-08-24 15:51:00-04:00,310.7799987792969,262.3800048828125,345.1300048828125,561.1837768554688,80.40499877929688,310.8699951171875,262.3955078125,345.510009765625,561.2000122070312,80.43000030517578,310.739990234375,262.2699890136719,345.0400085449219,560.9500122070312,80.36499786376953,310.7449951171875,262.375,345.44000244140625,561.0,80.37000274658203,56588,75925,64409,42516,67710
2026-08-24 15:52:00-04:00,310.8550109863281,262.3800048828125,345.0899963378906,560.919921875,80.43000030517578,310.94000244140625,262.42559814453125,345.1400146484375,561.3699951171875,80.45989990234375,310.70001220703125,262.3399963378906,344.94000244140625,560.8099975585938,80.38999938964844,310.739990234375,262.375,345.1300048828125,561.1799926757812,80.40249633789062,89072,66986,54158,46572,63264
2026-08-24 15:53:00-04:00,310.8599853515625,262.3399963378906,345.0150146484375,560.6900024414062,80.48500061035156,310.92999267578125,262.3999938964844,345.05999755859375,560.8900146484375,80.48989868164062,310.7650146484375,262.2900085449219,344.8800048828125,560.510009765625,80.41000366210938,310.8599853515625,262.3699951171875,345.04998779296875,560.885009765625,80.43000030517578,84325,90958,54327,52444,95808
2026-08-24 15:54:00-04:00,310.8299865722656,262.6050109863281,345.2099914550781,560.875,80.36000061035156,310.94000244140625,262.6099853515625,345.2300109863281,561.0999755859375,80.4800033569336,310.760009765625,262.25,344.82000732421875,560.1677856445312,80.36000061035156,310.864990234375,262.3399963378906,345.05999755859375,560.72998046875,80.4800033569336,125377,143264,58424,72642,141304
2026-08-24 15:55:00-04:00,310.56988525390625,262.1098937988281,344.7900085449219,559.3400268554688,80.18000030517578,310.80999755859375,262.5799865722656,345.17999267578125,560.875,80.36000061035156,310.1719970703125,262.0899963378906,344.1499938964844,559.0499877929688,80.1500015258789,310.80999755859375,262.1098937988281,345.17999267578125,560.875,80.3499984741211,602859,216761,169970,101112,250287
2026-08-24 15:56:00-04:00,310.625,262.1700134277344,344.989990234375,559.5499877929688,80.14869689941406,310.70001220703125,262.25,345.0199890136719,559.8599853515625,80.19999694824219,310.5201110839844,262.0,344.7250061035156,559.3400268554688,80.0999984741211,310.56500244140625,262.1099853515625,344.7900085449219,559.3400268554688,80.19000244140625,174399,150274,92226,76217,178030
2026-08-24 15:57:00-04:00,310.5473937988281,262.45001220703125,344.82501220703125,559.6799926757812,80.0999984741211,310.68499755859375,262.45001220703125,345.0,559.844970703125,80.1500015258789,310.4700012207031,262.1499938964844,344.80999755859375,559.47998046875,80.08499908447266,310.625,262.1700134277344,344.9700012207031,559.6099853515625,80.1449966430664,189002,162761,95393,77737,215848
2026-08-24 15:58:00-04:00,310.5199890136719,262.3299865722656,344.760009765625,559.52001953125,80.04000091552734,310.6000061035156,262.45001220703125,344.8500061035156,559.7999877929688,80.08999633789062,310.44500732421875,262.2699890136719,344.7149963378906,559.4301147460938,80.03500366210938,310.5400085449219,262.45001220703125,344.80999755859375,559.6849975585938,80.08999633789062,230669,186049,123576,189860,313915
2026-08-24 15:59:00-04:00,310.3500061035156,262.0303955078125,344.6000061035156,559.1400146484375,80.01000213623047,310.5199890136719,262.3399963378906,344.760009765625,559.5800170898438,80.06999969482422,310.30999755859375,262.0199890136719,344.5899963378906,558.9901123046875,80.0,310.5,262.3299865722656,344.760009765625,559.530029296875,80.05000305175781,549744,393986,247220,193637,590569
2026-08-25 09:30:00-04:00,313.2900085449219,263.4507141113281,345.5299987792969,565.8699951171875,80.23249816894531,313.5553894042969,263.87188720703125,346.4200134277344,566.1599731445312,80.27999877929688,310.75,262.510009765625,345.3800048828125,563.2999877929688,79.4000015258789,310.93499755859375,262.6000061035156,345.6619873046875,563.75,79.6500015258789,1155789,848973,474917,543442,1064012
2026-08-25 09:31:00-04:00,312.3699951171875,262.6700134277344,345.9800109863281,566.8599853515625,80.23500061035156,313.5799865722656,263.7149963378906,346.70001220703125,568.0900268554688,80.56999969482422,312.0,262.55499267578125,345.5799865722656,565.5999755859375,80.05999755859375,313.3599853515625,263.5,345.760009765625,566.1699829101562,80.26000213623047,154255,111756,70311,93674,159725
2026-08-25 09:32:00-04:00,312.4599914550781,262.1199951171875,344.69000244140625,565.5250244140625,80.30999755859375,313.25,263.1400146484375,346.510009765625,568.1599731445312,80.3949966430664,312.31500244140625,262.1099853515625,344.67999267578125,565.22998046875,80.16000366210938,312.4100036621094,262.1199951171875,345.9599914550781,566.7100219726562,80.22000122070312,133771,101841,78365,56600,72031
2026-08-25 09:33:00-04:00,312.4800109863281,262.1499938964844,345.19000244140625,566.8599853515625,80.55000305175781,312.82000732421875,262.29998779296875,345.25,567.0,80.58000183105469,312.20001220703125,261.92999267578125,344.1700134277344,564.02001953125,80.33000183105469,312.42999267578125,262.0799865722656,344.6867980957031,565.3800048828125,80.33999633789062,69835,101348,46251,51345,64325
2026-08-25 09:34:00-04:00,311.260009765625,262.5199890136719,345.760009765625,565.0650024414062,80.53500366210938,312.57000732421875,262.5199890136719,345.7699890136719,566.8800048828125,80.58999633789062,311.260009765625,261.760009765625,345.2099914550781,563.8499755859375,80.44999694824219,312.44500732421875,262.135009765625,345.239990234375,566.0701293945312,80.52999877929688,135085,91656,40574,38771,63884
2026-08-25 09:35:00-04:00,311.55999755859375,261.9649963378906,346.2300109863281,566.5100708007812,80.62999725341797,311.7200012207031,262.6600036621094,346.5,567.2100219726562,80.83000183105469,311.0574951171875,261.9649963378906,345.5201110839844,564.6400146484375,80.5199966430664,311.3299865722656,262.4200134277344,345.80999755859375,564.6400146484375,80.54000091552734,90601,155548,44634,47284,93108
2026-08-25 09:36:00-04:00,311.1300048828125,262.0400085449219,345.8299865722656,567.532470703125,80.83999633789062,311.7200012207031,262.1199951171875,346.375,567.6400146484375,80.83999633789062,311.05609130859375,261.7799987792969,345.5299987792969,566.5700073242188,80.62000274658203,311.57000732421875,261.9200134277344,346.21990966796875,566.8900146484375,80.64510345458984,108580,73401,46726,45893,72795
2026-08-25 09:37:00-04:00,310.9150085449219,262.32000732421875,345.55999755859375,567.3499755859375,81.05020141601562,311.1499938964844,262.4599914550781,345.8450012207031,568.4000244140625,81.0999984741211,310.5299987792969,262.0199890136719,345.4100036621094,566.6599731445312,80.81999969482422,311.1400146484375,262.05999755859375,345.82000732421875,567.4249877929688,80.83000183105469,98576,48097,20942,106909,260484
2026-08-25 09:38:00-04:00,310.94000244140625,262.4700012207031,345.31500244140625,566.9000854492188,81.05999755859375,310.9700012207031,262.6700134277344,346.0249938964844,568.6400146484375,81.22260284423828,310.6300048828125,262.2900085449219,345.260009765625,566.8001708984375,81.02999877929688,310.94000244140625,262.2900085449219,345.6300048828125,567.1199951171875,81.05509948730469,68597,74522,32715,50728,84574
2026-08-25 09:39:00-04:00,311.0799865722656,262.7250061035156,345.2550048828125,567.0250244140625,81.25,311.1300048828125,262.79998779296875,345.55499267578125,567.5700073242188,81.26000213623047,310.80010986328125,262.44000244140625,345.2099914550781,566.47998046875,81.04100036621094,310.9800109863281,262.5050048828125,345.3999938964844,567.1500854492188,81.05999755859375,79208,83314,13730,36950,92795
2026-08-25 09:40:00-04:00,310.7950134277344,262.70001220703125,345.6600036621094,567.614990234375,81.34500122070312,311.17999267578125,262.82000732421875,345.7300109863281,567.969970703125,81.3499984741211,310.5899963378906,262.42999267578125,345.1344909667969,566.8278198242188,81.19000244140625,311.1365051269531,262.70001220703125,345.29998779296875,567.0700073242188,81.24040222167969,73128,88026,36185,21492,161850
2026-08-25 09:41:00-04:00,310.6400146484375,262.6199951171875,345.53851318359375,567.1199951171875,81.35009765625,310.8900146484375,263.010009765625,345.9596862792969,568.2000122070312,81.4800033569336,310.610107421875,262.5,345.46868896484375,567.010009765625,81.29000091552734,310.7799987792969,262.7799987792969,345.6600036621094,567.6939697265625,81.35009765625,53269,90228,22417,31668,112904
2026-08-25 09:42:00-04:00,310.4700012207031,262.4237060546875,345.68499755859375,567.5700073242188,81.44000244140625,310.6700134277344,262.6700134277344,345.7049865722656,567.7553100585938,81.4800033569336,310.25,262.3399963378906,345.489990234375,566.75,81.34770202636719,310.6499938964844,262.6199951171875,345.531005859375,567.4307250976562,81.3499984741211,117443,57033,13243,21252,117596
2026-08-25 09:43:00-04:00,310.6099853515625,262.3500061035156,345.7799987792969,566.719970703125,81.2750015258789,310.6799011230469,262.57000732421875,345.7799987792969,567.719970703125,81.44499969482422,310.25,262.25,345.3299865722656,566.5599975585938,81.16000366210938,310.4700012207031,262.42498779296875,345.6477966308594,567.380126953125,81.44499969482422,77964,49621,20915,45141,69534
2026-08-25 09:44:00-04:00,310.5050048828125,262.6400146484375,345.85101318359375,567.2935791015625,81.38999938964844,310.6445007324219,262.67999267578125,346.0799865722656,567.5399780273438,81.3949966430664,310.3699951171875,262.31500244140625,345.6600036621094,566.8599853515625,81.2300033569336,310.6099853515625,262.3399963378906,345.8349914550781,567.22998046875,81.2750015258789,62374,64713,30806,19496,74097
2026-08-25 09:45:00-04:00,310.6000061035156,262.70001220703125,345.614990234375,567.2100219726562,81.48500061035156,310.6300048828125,262.75,346.010009765625,567.9600219726562,81.50499725341797,310.20001220703125,262.5899963378906,345.54010009765625,567.02001953125,81.31500244140625,310.5050048828125,262.6400146484375,345.8399963378906,567.3681030273438,81.38999938964844,103654,52143,47000,33413,148620
2026-08-25 09:46:00-04:00,310.69000244140625,262.3800048828125,345.80999755859375,567.2249755859375,81.42500305175781,310.8399963378906,262.6700134277344,345.8819885253906,567.3800048828125,81.4894027709961,310.5299987792969,262.20001220703125,345.5,565.6901245117188,81.33000183105469,310.6000061035156,262.6700134277344,345.5801086425781,567.3800048828125,81.4894027709961,69715,83562,18561,31397,70292
2026-08-25 09:47:00-04:00,310.82000732421875,262.55999755859375,345.8800048828125,567.8200073242188,81.47000122070312,310.9200134277344,262.55999755859375,345.8800048828125,567.8900146484375,81.47000122070312,310.5400085449219,262.239990234375,345.3999938964844,566.5599975585938,81.31999969482422,310.7250061035156,262.3800048828125,345.7699890136719,567.0499877929688,81.41000366210938,84872,54962,16808,21527,68674
2026-08-25 09:48:00-04:00,310.94000244140625,262.43499755859375,346.0150146484375,567.7249755859375,81.37000274658203,310.9750061035156,262.6400146484375,346.0299987792969,567.989990234375,81.47000122070312,310.6400146484375,262.239990234375,345.67999267578125,567.25,81.31999969482422,310.82000732421875,262.5799865722656,345.8500061035156,567.8800048828125,81.47000122070312,63425,55658,29713,20588,58642
2026-08-25 09:49:00-04:00,311.17498779296875,262.3699951171875,345.7099914550781,567.3900146484375,81.31500244140625,311.2099914550781,262.5899963378906,346.04998779296875,567.8900146484375,81.38500213623047,310.8299865722656,262.0799865722656,345.7099914550781,566.7999877929688,81.26689910888672,310.8900146484375,262.44049072265625,345.9989013671875,567.7750244140625,81.375,78401,79595,30151,14236,69731
2026-08-25 09:50:00-04:00,310.864990234375,262.32000732421875,345.3800048828125,566.9099731445312,81.12999725341797,311.2298889160156,262.5350036621094,345.7300109863281,567.889892578125,81.3594970703125,310.80999755859375,262.2300109863281,345.3116149902344,566.82080078125,81.11009979248047,311.20001220703125,262.4200134277344,345.6400146484375,567.489990234375,81.33999633789062,86251,74934,28250,21016,87660
2026-08-25 09:51:00-04:00,310.7749938964844,262.54998779296875,345.32000732421875,566.22998046875,81.11000061035156,310.8900146484375,262.6099853515625,345.4700012207031,567.1798706054688,81.16400146484375,310.5600891113281,262.20001220703125,345.17999267578125,566.2105102539062,81.05000305175781,310.8900146484375,262.32000732421875,345.3800048828125,566.8679809570312,81.13500213623047,52378,56731,24217,26718,87493
2026-08-25 09:52:00-04:00,310.7412109375,262.44610595703125,345.20709228515625,566.4299926757812,80.8949966430664,310.8900146484375,262.70001220703125,345.3500061035156,566.7550048828125,81.0999984741211,310.6000061035156,262.44610595703125,345.1199951171875,566.0999755859375,80.87000274658203,310.7699890136719,262.510009765625,345.2799987792969,566.4650268554688,81.08999633789062,88132,56693,21478,28578,98320
2026-08-25 09:53:00-04:00,310.9200134277344,262.5098876953125,345.1499938964844,566.3699951171875,81.2300033569336,310.94000244140625,262.7099914550781,345.4100036621094,566.760009765625,81.23999786376953,310.75,262.3800964355469,345.0,566.25,80.88580322265625,310.7799987792969,262.40008544921875,345.2650146484375,566.2999877929688,80.88999938964844,50196,56463,21326,14220,129418
2026-08-25 09:54:00-04:00,311.3349914550781,262.5,344.8900146484375,565.1199951171875,81.29499816894531,311.3599853515625,262.55499267578125,345.1300048828125,566.5150146484375,81.37989807128906,310.875,262.32000732421875,344.7699890136719,565.010009765625,81.2300033569336,310.8999938964844,262.5,345.1199951171875,566.3099975585938,81.23999786376953,84737,51593,22187,25158,83790
2026-08-25 09:55:00-04:00,310.9949951171875,262.614990234375,344.66009521484375,564.6300048828125,81.33000183105469,311.44500732421875,262.635009765625,345.1199951171875,565.6898803710938,81.41999816894531,310.9700012207031,262.3800048828125,344.66009521484375,564.5,81.29000091552734,311.3500061035156,262.5,344.8999938964844,565.2000122070312,81.30989837646484,87295,58444,38129,32994,79350
2026-08-25 09:56:00-04:00,311.2699890136719,262.5799865722656,344.5849914550781,565.6550903320312,81.34500122070312,311.29998779296875,262.80999755859375,344.95001220703125,566.3930053710938,81.41999816894531,310.9800109863281,262.5400085449219,344.5849914550781,564.739990234375,81.30000305175781,310.9949951171875,262.6199951171875,344.6557922363281,564.760009765625,81.3499984741211,68852,94100,29454,20515,63961
2026-08-25 09:57:00-04:00,311.010009765625,262.1610107421875,344.489990234375,565.1900024414062,81.26499938964844,311.2850036621094,262.6300048828125,344.693603515625,565.5819702148438,81.37989807128906,310.9200134277344,262.04998779296875,344.3900146484375,564.8499755859375,81.26000213623047,311.2850036621094,262.6300048828125,344.5752868652344,565.5650024414062,81.33999633789062,49367,70359,22299,16351,54073
2026-08-25 09:58:00-04:00,310.32000732421875,261.94879150390625,344.4700012207031,565.10498046875,81.19499969482422,311.0899963378906,262.2749938964844,344.7799987792969,565.4600219726562,81.3499984741211,310.32000732421875,261.8100891113281,344.32501220703125,564.8663940429688,81.19000244140625,311.0,262.19000244140625,344.5050048828125,565.2849731445312,81.26499938964844,88895,121715,28589,21141,54288
2026-08-25 09:59:00-04:00,310.44000244140625,262.0,344.54998779296875,565.3499755859375,81.13500213623047,310.5,262.1402893066406,344.7799072265625,565.719970703125,81.21499633789062,310.0400085449219,261.6199951171875,344.5050048828125,565.1799926757812,81.05999755859375,310.31500244140625,261.9599914550781,344.5050048828125,565.1799926757812,81.19000244140625,3618042,91369,30443,18304,67696
2026-08-25 10:00:00-04:00,309.68499755859375,261.6300048828125,344.55999755859375,564.780029296875,81.06500244140625,310.55999755859375,262.0249938964844,344.8501892089844,565.44482421875,81.21880340576172,309.6499938964844,261.6099853515625,344.4100036621094,564.655029296875,81.02999877929688,310.4599914550781,261.92999267578125,344.5950012207031,565.260009765625,81.06500244140625,192556,80896,42087,22631,81038
2026-08-25 10:01:00-04:00,310.1401062011719,261.7698974609375,344.3370056152344,564.3250122070312,81.06500244140625,310.1700134277344,261.8800048828125,344.5799865722656,564.7899780273438,81.07499694824219,309.65008544921875,261.4800109863281,344.1000061035156,564.0369873046875,80.93000030517578,309.67999267578125,261.6549987792969,344.5799865722656,564.6500244140625,81.05999755859375,110778,75481,31178,37314,58053
2026-08-25 10:02:00-04:00,309.8949890136719,261.510009765625,344.125,562.9849853515625,80.9800033569336,310.19000244140625,261.7699890136719,344.4198913574219,564.4091796875,81.08000183105469,309.7900085449219,261.3599853515625,344.1000061035156,562.89892578125,80.9302978515625,310.1549987792969,261.7699890136719,344.2301025390625,564.2703857421875,81.05999755859375,96952,69812,22401,37405,45463
2026-08-25 10:03:00-04:00,310.0199890136719,261.66571044921875,344.42999267578125,563.5350952148438,81.04000091552734,310.04998779296875,261.739990234375,344.5,563.5499877929688,81.04000091552734,309.80999755859375,261.5790100097656,344.1499938964844,562.8201293945312,80.94999694824219,310.0199890136719,261.5790100097656,344.1499938964844,562.8699951171875,80.9800033569336,58713,41847,15332,17044,61154
2026-08-25 10:04:00-04:00,310.2300109863281,261.8900146484375,344.2300109863281,563.0,81.05500030517578,310.260009765625,261.8900146484375,344.3599853515625,563.5349731445312,81.0999984741211,309.8699951171875,261.635009765625,344.125,562.6500244140625,81.00420379638672,309.989990234375,261.7099914550781,344.3258972167969,563.5349731445312,81.06999969482422,68450,47956,38299,33362,44627
2026-08-25 10:05:00-04:00,310.5199890136719,261.6600036621094,343.82501220703125,562.530029296875,81.01499938964844,310.6199951171875,261.909912109375,344.2900085449219,563.0900268554688,81.0999984741211,310.2250061035156,261.6600036621094,343.82000732421875,562.4249877929688,81.0,310.2250061035156,261.8550109863281,344.2051086425781,563.0,81.06999969482422,88278,38515,44504,23912,68506
2026-08-25 10:06:00-04:00,310.4599914550781,261.70001220703125,343.9649963378906,563.0800170898438,80.97000122070312,310.67999267578125,261.72210693359375,344.0400085449219,563.220703125,81.0199966430664,310.3605041503906,261.42999267578125,343.75,562.4500122070312,80.9000015258789,310.5400085449219,261.6400146484375,343.8299865722656,562.6229858398438,81.0199966430664,47444,83938,32374,20573,56906
2026-08-25 10:07:00-04:00,310.5150146484375,261.4200134277344,344.0799865722656,563.1749877929688,81.0250015258789,310.57000732421875,261.67999267578125,344.0899963378906,563.1749877929688,81.03500366210938,310.3299865722656,261.3299865722656,343.8299865722656,562.4000854492188,80.93000030517578,310.45001220703125,261.67999267578125,343.92999267578125,562.9400024414062,80.96499633789062,58887,57328,37896,22322,45441
2026-08-25 10:08:00-04:00,310.489990234375,261.2900085449219,344.29998779296875,563.364990234375,81.04000091552734,310.75,261.4150085449219,344.3399963378906,563.3900146484375,81.05500030517578,310.44000244140625,261.2099914550781,344.0,562.8300170898438,80.9800033569336,310.510009765625,261.4100036621094,344.1046142578125,563.1749877929688,81.0250015258789,55185,50533,24229,12418,39809
2026-08-25 10:09:00-04:00,310.5299987792969,261.5,344.5350036621094,563.5900268554688,81.11499786376953,310.55999755859375,261.5350036621094,344.5694885253906,563.6400146484375,81.11499786376953,310.29010009765625,261.2300109863281,344.2799987792969,563.0499877929688,81.01000213623047,310.45001220703125,261.30499267578125,344.3212890625,563.364990234375,81.04000091552734,49589,51412,29647,13406,29473
2026-08-25 10:10:00-04:00,310.1099853515625,261.6199951171875,344.1099853515625,563.7000122070312,81.01339721679688,310.5599060058594,261.7225036621094,344.9200134277344,563.8499755859375,81.11000061035156,310.1099853515625,261.45001220703125,344.07000732421875,563.2617797851562,80.9520034790039,310.5400085449219,261.53009033203125,344.5400085449219,563.6998901367188,81.10350036621094,75201,64947,52439,14548,32978
2026-08-25 10:11:00-04:00,309.75,261.2650146484375,344.2225036621094,563.8800048828125,80.95999908447266,310.0849914550781,261.6400146484375,344.239990234375,563.9400024414062,81.01000213623047,309.7161865234375,261.2099914550781,343.9700012207031,563.5700073242188,80.91000366210938,309.75,261.614990234375,344.125,563.6900024414062,81.01000213623047,82892,87577,17264,12136,34966
2026-08-25 10:12:00-04:00,309.82501220703125,261.1449890136719,344.55499267578125,563.7650146484375,80.98999786376953,309.9599914550781,261.42999267578125,344.69000244140625,564.4600219726562,81.05989837646484,309.6719970703125,261.1199951171875,344.20001220703125,563.610107421875,80.96499633789062,309.70001220703125,261.30999755859375,344.239990234375,564.0,80.97000122070312,44240,71492,29099,27785,42543
2026-08-25 10:13:00-04:00,309.94000244140625,260.9798889160156,344.75,563.8800048828125,81.1050033569336,310.0,261.17999267578125,344.760009765625,564.0,81.12999725341797,309.7449951171875,260.760009765625,344.42999267578125,563.5599975585938,80.94000244140625,309.82000732421875,261.17999267578125,344.54998779296875,563.6801147460938,80.94999694824219,46543,90879,14024,16479,54620
2026-08-25 10:14:00-04:00,310.0950927734375,260.8999938964844,344.840087890625,563.97998046875,81.08999633789062,310.1000061035156,261.0,344.92999267578125,564.2722778320312,81.13999938964844,309.94000244140625,260.70050048828125,344.6099853515625,563.5599975585938,81.08499908447266,309.989990234375,260.9599914550781,344.75,564.0,81.09950256347656,26977,70197,20112,14588,62672
2026-08-25 10:15:00-04:00,310.0,260.9682922363281,344.5201110839844,564.1900024414062,81.09500122070312,310.1496887207031,261.1400146484375,344.89990234375,564.5399780273438,81.16999816894531,309.9765930175781,260.8999938964844,344.44000244140625,563.9400024414062,81.0801010131836,310.0899963378906,260.8999938964844,344.8851013183594,564.0650024414062,81.12000274658203,40326,65376,72226,16038,56574
2026-08-25 10:16:00-04:00,310.1600036621094,261.1199951171875,344.7799987792969,563.8599853515625,81.19000244140625,310.17999267578125,261.19000244140625,344.93499755859375,564.219970703125,81.20999908447266,309.9200134277344,260.8999938964844,344.46051025390625,563.840087890625,81.08000183105469,310.010009765625,260.94000244140625,344.5,564.155029296875,81.0999984741211,38714,78641,14478,16471,58876
2026-08-25 10:17:00-04:00,310.2099914550781,260.8699951171875,344.7099914550781,563.6199951171875,81.19000244140625,310.239990234375,261.1199951171875,344.8799133300781,563.8900146484375,81.23999786376953,310.04278564453125,260.78009033203125,344.6099853515625,563.3900146484375,81.16999816894531,310.1700134277344,261.1199951171875,344.8590087890625,563.8300170898438,81.18499755859375,26904,42952,11605,20027,57947
2026-08-25 10:18:00-04:00,310.31988525390625,260.9049987792969,345.0050048828125,564.1749877929688,81.25,310.4150085449219,260.9649963378906,345.0199890136719,564.2999877929688,81.26000213623047,310.1680908203125,260.7799987792969,344.67999267578125,563.4500122070312,81.18000030517578,310.2099914550781,260.80999755859375,344.7300109863281,563.5399780273438,81.20500183105469,38152,39376,15887,37535,45282
2026-08-25 10:19:00-04:00,310.3399963378906,260.8599853515625,344.9200134277344,563.8125,81.2699966430664,310.3949890136719,260.9656066894531,345.05999755859375,564.16748046875,81.2699966430664,310.260009765625,260.7500915527344,344.8399963378906,563.5952758789062,81.22010040283203,310.2950134277344,260.9049987792969,345.0199890136719,564.1099853515625,81.25,4902120,40327,19881,11847,45210
2026-08-25 10:20:00-04:00,310.2149963378906,260.6300048828125,344.5,562.5399780273438,81.20259857177734,310.42999267578125,260.92999267578125,344.9364929199219,564.1380004882812,81.2699966430664,310.2049865722656,260.54180908203125,344.4432067871094,562.5399780273438,81.19000244140625,310.35400390625,260.9200134277344,344.92498779296875,563.989990234375,81.26000213623047,30021,58016,10177,21146,38433
2026-08-25 10:21:00-04:00,310.2799987792969,260.3800048828125,343.8800048828125,562.2650146484375,81.26000213623047,310.32000732421875,260.6400146484375,344.510009765625,563.1983032226562,81.26950073242188,310.0509948730469,260.3500061035156,343.87109375,562.2000122070312,81.20130157470703,310.2300109863281,260.6400146484375,344.510009765625,562.6799926757812,81.22000122070312,44408,107818,27159,28188,30608
2026-08-25 10:22:00-04:00,310.42498779296875,260.5299987792969,343.44500732421875,562.7100219726562,81.37999725341797,310.5199890136719,260.5899963378906,343.8399963378906,562.97998046875,81.37999725341797,310.1499938964844,260.2799987792969,343.2250061035156,562.2000122070312,81.25499725341797,310.42498779296875,260.3800048828125,343.8399963378906,562.322021484375,81.26000213623047,59722,188867,32460,16815,53958
2026-08-25 10:23:00-04:00,310.5994873046875,260.6700134277344,343.4945983886719,563.0449829101562,81.5,310.5994873046875,260.7452087402344,343.5692138671875,563.25,81.51000213623047,310.3299865722656,260.5400085449219,343.2200012207031,562.7000122070312,81.38500213623047,310.5994873046875,260.54998779296875,343.4128112792969,562.7725219726562,81.38500213623047,5082308,49055,14105,13151,128090
2026-08-25 10:24:00-04:00,310.55999755859375,260.7850036621094,343.2500915527344,562.9349975585938,81.5199966430664,310.7236022949219,260.9200134277344,343.45001220703125,563.0449829101562,81.55000305175781,310.5400085449219,260.4599914550781,343.1499938964844,562.6599731445312,81.45500183105469,310.6099853515625,260.69000244140625,343.44000244140625,563.0449829101562,81.50499725341797,43885,53513,17760,20105,82559
2026-08-25 10:25:00-04:00,310.2919921875,260.80999755859375,343.6236877441406,562.5401000976562,81.50050354003906,310.5849914550781,260.8699951171875,343.6700134277344,563.0499877929688,81.58000183105469,310.2900085449219,260.7300109863281,343.25860595703125,562.5401000976562,81.4800033569336,310.57000732421875,260.7850036621094,343.3999938964844,563.0399780273438,81.51490020751953,34816,40792,22470,9339,58990
2026-08-25 10:26:00-04:00,310.44000244140625,260.8999938964844,343.3299865722656,563.219970703125,81.55999755859375,310.4599914550781,260.92999267578125,343.614990234375,563.22998046875,81.58999633789062,310.3063049316406,260.7514953613281,343.1600036621094,562.5401000976562,81.51000213623047,310.3299865722656,260.7900085449219,343.54998779296875,562.655029296875,81.5199966430664,31043,104357,56411,12842,71878
2026-08-25 10:27:00-04:00,310.25299072265625,260.9150085449219,343.1499938964844,562.5999755859375,81.55000305175781,310.5094909667969,261.0400085449219,343.375,563.260009765625,81.62000274658203,310.1600036621094,260.8500061035156,342.9549865722656,562.5700073242188,81.51000213623047,310.42498779296875,260.9150085449219,343.3399963378906,563.14501953125,81.55000305175781,59087,61228,46192,16686,102041
2026-08-25 10:28:00-04:00,310.2200012207031,260.8500061035156,343.3599853515625,562.9500122070312,81.58499908447266,310.3599853515625,260.9999084472656,343.3900146484375,563.0,81.61990356445312,310.1499938964844,260.8168029785156,343.1499938964844,562.4550170898438,81.48999786376953,310.25,260.94000244140625,343.1499938964844,562.655029296875,81.55000305175781,30840,39877,19529,11168,42457
2026-08-25 10:29:00-04:00,310.0849914550781,260.9599914550781,343.2200012207031,563.0534057617188,81.56999969482422,310.2300109863281,260.9898986816406,343.4289855957031,563.3400268554688,81.5999984741211,310.07501220703125,260.8611145019531,343.1700134277344,562.8099975585938,81.55999755859375,310.2099914550781,260.8783874511719,343.3599853515625,563.0534057617188,81.58499908447266,62266,115809,20904,11626,51487
2026-08-25 10:30:00-04:00,310.32000732421875,260.94000244140625,343.05999755859375,563.2449951171875,81.70989990234375,310.4700012207031,261.0799865722656,343.5638122558594,563.6400146484375,81.70999908447266,309.6099853515625,260.4100036621094,342.5199890136719,561.8200073242188,81.54000091552734,310.0799865722656,260.9599914550781,343.20001220703125,562.9400024414062,81.58000183105469,235996,188851,95790,71452,215668
2026-08-25 10:31:00-04:00,310.6400146484375,261.1000061035156,343.42999267578125,563.8499755859375,81.63999938964844,310.7900085449219,261.32000732421875,343.42999267578125,563.989990234375,81.7249984741211,310.32501220703125,260.9800109863281,342.8800048828125,563.1900024414062,81.63999938964844,310.3500061035156,260.9800109863281,342.9700012207031,563.2249755859375,81.69999694824219,99324,75635,16271,24488,120868
2026-08-25 10:32:00-04:00,310.4150085449219,261.1390075683594,343.44500732421875,563.8800048828125,81.55999755859375,310.69500732421875,261.2799987792969,343.57000732421875,564.2000122070312,81.63999938964844,310.3800048828125,261.07000732421875,343.3301086425781,563.4249877929688,81.53500366210938,310.4150085449219,261.10009765625,343.4359130859375,563.760009765625,81.63990020751953,5722391,53537,14580,23541,52713
2026-08-25 10:33:00-04:00,310.2799987792969,260.91900634765625,343.7300109863281,564.7050170898438,81.55000305175781,310.489990234375,261.1499938964844,343.79998779296875,564.7999877929688,81.63999938964844,310.2799987792969,260.82000732421875,343.3299865722656,563.9000244140625,81.55000305175781,310.4200134277344,261.10009765625,343.45001220703125,564.0700073242188,81.55999755859375,31422,35831,33533,28945,51185
2026-08-25 10:34:00-04:00,310.2300109863281,260.5299072265625,343.56500244140625,564.1199951171875,81.48999786376953,310.3900146484375,260.8699951171875,343.7300109863281,564.8099975585938,81.5199966430664,310.1700134277344,260.4100036621094,343.3900146484375,564.1099853515625,81.47000122070312,310.32000732421875,260.8699951171875,343.67999267578125,564.780029296875,81.5199966430664,31768,43108,29323,27625,48232
2026-08-25 10:35:00-04:00,310.2900085449219,260.6199951171875,343.44500732421875,564.2550048828125,81.45999908447266,310.29998779296875,260.6499938964844,343.69390869140625,564.5800170898438,81.5,310.1400146484375,260.4150085449219,343.3999938964844,564.0100708007812,81.45919799804688,310.2349853515625,260.4700012207031,343.5450134277344,564.1099853515625,81.4749984741211,54983,31464,21773,17827,31348
2026-08-25 10:36:00-04:00,310.2300109863281,260.8901062011719,343.7598876953125,564.780029296875,81.38999938964844,310.44500732421875,260.92999267578125,343.7898864746094,564.8900146484375,81.45999908447266,310.2300109863281,260.57000732421875,343.42999267578125,564.125,81.38999938964844,310.2900085449219,260.5799865722656,343.7598876953125,564.25,81.44999694824219,25731,39139,10599,20780,66982
2026-08-25 10:37:00-04:00,310.364990234375,260.9700012207031,343.7049865722656,564.6300048828125,81.45500183105469,310.3699951171875,260.989990234375,343.8450012207031,565.1099853515625,81.48999786376953,310.0899963378906,260.79998779296875,343.6700134277344,564.5501098632812,81.37999725341797,310.2099914550781,260.9700012207031,343.7099914550781,564.780029296875,81.38999938964844,30124,20581,16802,19253,38422
2026-08-25 10:38:00-04:00,310.55999755859375,261.1449890136719,343.67498779296875,565.39501953125,81.41000366210938,310.5799865722656,261.1650085449219,343.75,565.5,81.44999694824219,310.2799987792969,260.9700012207031,343.56500244140625,564.6199951171875,81.40499877929688,310.32000732421875,260.9700012207031,343.6099853515625,564.7100219726562,81.44000244140625,38332,28570,7190,24107,28915
2026-08-25 10:39:00-04:00,310.5710144042969,261.2950134277344,343.75,565.3200073242188,81.40499877929688,310.58599853515625,261.29998779296875,343.79998779296875,565.6199951171875,81.42500305175781,310.4200134277344,261.0307922363281,343.6099853515625,565.0599975585938,81.38500213623047,310.54150390625,261.1600036621094,343.6700134277344,565.39501953125,81.40499877929688,34218,49048,17059,23170,33536
2026-08-25 10:40:00-04:00,310.30999755859375,261.3900146484375,343.5799865722656,564.8699951171875,81.45999908447266,310.5899963378906,261.43499755859375,343.8399963378906,565.4644165039062,81.45999908447266,310.2200012207031,261.2301025390625,343.5,564.7808837890625,81.37999725341797,310.57000732421875,261.31500244140625,343.739990234375,565.3200073242188,81.41000366210938,29631,69617,29364,45168,62227
2026-08-25 10:41:00-04:00,310.1650085449219,261.30999755859375,343.45001220703125,564.8599853515625,81.41500091552734,310.31500244140625,261.4100036621094,343.6824951171875,564.989990234375,81.48650360107422,310.1199951171875,261.20001220703125,343.364990234375,564.6699829101562,81.41000366210938,310.31500244140625,261.3949890136719,343.6000061035156,564.8699951171875,81.47000122070312,39223,32239,25029,17483,40486
2026-08-25 10:42:00-04:00,310.19000244140625,261.05999755859375,343.1650085449219,564.510009765625,81.44999694824219,310.3500061035156,261.3800048828125,343.43499755859375,564.8699951171875,81.47000122070312,310.17999267578125,261.04998779296875,343.06500244140625,564.5,81.37999725341797,310.17999267578125,261.32598876953125,343.4339904785156,564.8250122070312,81.44999694824219,23346,34656,18317,11835,49313
2026-08-25 10:43:00-04:00,309.82000732421875,260.95001220703125,343.131103515625,564.5,81.37000274658203,310.2200012207031,261.05999755859375,343.3349914550781,564.7150268554688,81.48999786376953,309.80999755859375,260.92999267578125,343.1099853515625,564.3060913085938,81.37000274658203,310.2099914550781,261.0400085449219,343.20001220703125,564.510009765625,81.45999908447266,60106,38227,8669,11450,36159
2026-08-25 10:44:00-04:00,309.8568115234375,261.0899963378906,343.3450012207031,564.9000244140625,81.47000122070312,309.989990234375,261.0899963378906,343.3949890136719,564.9000244140625,81.47000122070312,309.75,260.9599914550781,343.1300964355469,564.3699951171875,81.33090209960938,309.82000732421875,260.97918701171875,343.1698913574219,564.5599975585938,81.37999725341797,32860,39669,9525,10849,35590
2026-08-25 10:45:00-04:00,309.7900085449219,260.9700012207031,343.239990234375,564.989990234375,81.44000244140625,309.8500061035156,261.09100341796875,343.39898681640625,565.1199951171875,81.48999786376953,309.69000244140625,260.92059326171875,343.0899963378906,564.5850219726562,81.44000244140625,309.8450012207031,261.07000732421875,343.30999755859375,564.8699951171875,81.47000122070312,64469,31849,11050,10912,32580
2026-08-25 10:46:00-04:00,309.8699951171875,261.1700134277344,343.5799865722656,565.7550048828125,81.5250015258789,309.9700012207031,261.20001220703125,343.6449890136719,565.7949829101562,81.5250015258789,309.739990234375,260.95001220703125,343.1600036621094,564.84521484375,81.41999816894531,309.7900085449219,260.9700012207031,343.2300109863281,564.84521484375,81.43000030517578,55135,60651,32398,15387,38686
2026-08-25 10:47:00-04:00,309.875,260.9949951171875,343.1400146484375,565.719970703125,81.43499755859375,309.94000244140625,261.17999267578125,343.5899963378906,565.8699951171875,81.5250015258789,309.82958984375,260.92999267578125,343.1400146484375,565.510009765625,81.43499755859375,309.8599853515625,261.1300048828125,343.5899963378906,565.7100219726562,81.5250015258789,50282,42974,21111,13152,43105
2026-08-25 10:48:00-04:00,309.739990234375,260.7900085449219,343.1549987792969,565.530029296875,81.42259979248047,309.8974914550781,260.9800109863281,343.20001220703125,565.7999267578125,81.4800033569336,309.7099914550781,260.7900085449219,343.07000732421875,565.3040161132812,81.41999816894531,309.8550109863281,260.9800109863281,343.1400146484375,565.7999267578125,81.43499755859375,35548,28929,18137,11007,47087
2026-08-25 10:49:00-04:00,309.69000244140625,260.7674865722656,343.1549987792969,565.2050170898438,81.37999725341797,309.8901062011719,260.8599853515625,343.18499755859375,565.5900268554688,81.44999694824219,309.6700134277344,260.7200012207031,343.04998779296875,565.0800170898438,81.37999725341797,309.7349853515625,260.8299865722656,343.1700134277344,565.4199829101562,81.43000030517578,68656,31650,8232,12436,55198
2026-08-25 10:50:00-04:00,309.5400085449219,260.67999267578125,342.8699951171875,565.0599975585938,81.29499816894531,309.69000244140625,260.7713928222656,343.20001220703125,565.2999877929688,81.37000274658203,309.36138916015625,260.52490234375,342.739990234375,564.7200927734375,81.26499938964844,309.69000244140625,260.760009765625,343.19989013671875,565.27978515625,81.37000274658203,100749,31345,25612,11525,49133
2026-08-25 10:51:00-04:00,309.489990234375,260.7799987792969,343.0849914550781,564.989990234375,81.33999633789062,309.5849914550781,260.79998779296875,343.1499938964844,565.2000122070312,81.37000274658203,309.3599853515625,260.6099853515625,342.82000732421875,564.7800903320312,81.29499816894531,309.57000732421875,260.6499938964844,342.90509033203125,565.2000122070312,81.30500030517578,35260,19017,25246,9702,33636
2026-08-25 10:52:00-04:00,309.4100036621094,260.7699890136719,343.3699951171875,565.2750244140625,81.15010070800781,309.55999755859375,260.875,343.4367980957031,565.3099975585938,81.33499908447266,309.239990234375,260.7200012207031,343.1200866699219,564.9299926757812,81.12999725341797,309.489990234375,260.7846984863281,343.1400146484375,565.010009765625,81.3333969116211,44384,36065,20881,11686,37873
2026-08-25 10:53:00-04:00,309.69000244140625,260.9800109863281,343.2850036621094,565.0599975585938,81.1500015258789,309.69000244140625,260.9800109863281,343.4700012207031,565.3499755859375,81.18000030517578,309.3900146484375,260.6400146484375,343.239990234375,564.989990234375,81.12999725341797,309.4200134277344,260.73388671875,343.3900146484375,565.239990234375,81.17980194091797,40860,61967,14118,14584,35858
2026-08-25 10:54:00-04:00,309.67999267578125,260.92498779296875,343.0849914550781,565.135009765625,81.12000274658203,309.7250061035156,260.9939880371094,343.2850036621094,565.27001953125,81.16999816894531,309.6000061035156,260.885009765625,343.010009765625,564.9749755859375,81.12000274658203,309.67999267578125,260.9939880371094,343.2850036621094,565.2100219726562,81.12000274658203,33313,22884,6319,4701,25845
2026-08-25 10:55:00-04:00,309.7099914550781,260.7149963378906,342.9150085449219,564.6300048828125,81.09500122070312,309.7099914550781,260.90618896484375,343.1600036621094,565.1799926757812,81.12999725341797,309.5299987792969,260.7149963378906,342.9150085449219,564.6300048828125,81.08000183105469,309.69000244140625,260.8949890136719,343.0849914550781,565.0,81.12000274658203,100912,16346,11532,6491,26713
2026-08-25 10:56:00-04:00,309.2850036621094,260.7200012207031,342.7349853515625,564.3302001953125,81.08000183105469,309.68499755859375,260.739990234375,342.8905944824219,564.7949829101562,81.1050033569336,309.2799987792969,260.6199951171875,342.6817932128906,564.2000122070312,81.04499816894531,309.68499755859375,260.69000244140625,342.7349853515625,564.6500244140625,81.08000183105469,38094,19726,14670,23005,26450
2026-08-25 10:57:00-04:00,309.4800109863281,260.80999755859375,342.7900085449219,564.1500244140625,80.94000244140625,309.5,260.80999755859375,342.8450012207031,564.3300170898438,81.08999633789062,309.25,260.7200012207031,342.6600036621094,564.0,80.94000244140625,309.2799987792969,260.7300109863281,342.7900085449219,564.21142578125,81.08000183105469,39737,22426,11378,13721,83201
2026-08-25 10:58:00-04:00,309.1300048828125,260.760009765625,342.8450012207031,564.3200073242188,81.00499725341797,309.4800109863281,260.80999755859375,342.8699951171875,564.5549926757812,81.00499725341797,309.1099853515625,260.75030517578125,342.7099914550781,564.219970703125,80.9457015991211,309.45001220703125,260.7900085449219,342.760009765625,564.239990234375,80.9457015991211,53746,26768,16129,7415,36511
2026-08-25 10:59:00-04:00,309.0899963378906,260.8804016113281,342.69000244140625,564.1599731445312,81.03500366210938,309.260009765625,260.893310546875,342.9100036621094,564.5,81.05999755859375,309.037109375,260.7799987792969,342.69000244140625,564.1320190429688,81.0,309.1199951171875,260.7850036621094,342.8699951171875,564.3300170898438,81.0,37829,30017,24554,9039,43316
2026-08-25 11:00:00-04:00,308.8399963378906,260.6499938964844,342.56500244140625,563.905029296875,81.08000183105469,309.17999267578125,260.9100036621094,342.7099914550781,564.1599731445312,81.11000061035156,308.7900085449219,260.54998779296875,342.3800048828125,563.4149780273438,81.03500366210938,309.0899963378906,260.885009765625,342.67999267578125,564.0599975585938,81.03500366210938,109682,40651,17521,16963,56966
2026-08-25 11:01:00-04:00,308.760009765625,260.67999267578125,342.7499084472656,564.1799926757812,81.1050033569336,308.95001220703125,260.7499084472656,342.7499084472656,564.27001953125,81.1500015258789,308.69000244140625,260.5986022949219,342.56500244140625,563.7999877929688,81.08000183105469,308.8349914550781,260.6400146484375,342.56500244140625,563.9400024414062,81.08000183105469,79792,37080,14079,8257,35782
2026-08-25 11:02:00-04:00,308.7099914550781,260.7349853515625,342.9100036621094,564.0,81.11250305175781,308.8399963378906,260.7699890136719,342.9599914550781,564.2000122070312,81.13009643554688,308.6636047363281,260.6099853515625,342.6600036621094,563.5684204101562,81.05999755859375,308.7900085449219,260.6600036621094,342.739501953125,564.0999755859375,81.1050033569336,63138,26679,11684,13311,22519
2026-08-25 11:03:00-04:00,308.43499755859375,260.6400146484375,342.6600036621094,563.6099853515625,81.11000061035156,308.7200012207031,260.7850036621094,342.96990966796875,564.1300048828125,81.13500213623047,308.3900146484375,260.6400146484375,342.6600036621094,563.4000244140625,81.1050033569336,308.7149963378906,260.7101135253906,342.9100036621094,563.989990234375,81.11000061035156,89768,20858,11420,12303,21287
2026-08-25 11:04:00-04:00,308.7099914550781,260.6700134277344,342.7099914550781,563.9349975585938,81.22000122070312,308.8399963378906,260.75,342.7300109863281,564.1099853515625,81.30000305175781,308.4060974121094,260.6050109863281,342.5799865722656,563.3800048828125,81.11499786376953,308.44000244140625,260.6499938964844,342.6600036621094,563.6099853515625,81.11990356445312,53572,48965,9771,13104,63189
2026-08-25 11:05:00-04:00,308.8294982910156,260.6050109863281,342.80999755859375,563.84228515625,81.16999816894531,308.8294982910156,260.6600036621094,342.80999755859375,564.0676879882812,81.2300033569336,308.614990234375,260.5199890136719,342.6199951171875,563.5900268554688,81.16000366210938,308.69000244140625,260.6050109863281,342.80999755859375,563.9349975585938,81.22000122070312,49398,29541,22332,14981,37491
2026-08-25 11:06:00-04:00,309.3102111816406,260.6000061035156,342.2799987792969,563.6699829101562,81.21499633789062,309.31500244140625,260.6300048828125,342.7799987792969,563.97998046875,81.22000122070312,308.7900085449219,260.45001220703125,342.1449890136719,563.1199951171875,81.1500015258789,308.80499267578125,260.5799865722656,342.760009765625,563.7999877929688,81.18000030517578,76509,41373,27600,15880,40335
2026-08-25 11:07:00-04:00,309.20001220703125,260.6000061035156,342.2699890136719,563.4949951171875,81.2249984741211,309.3699951171875,260.7499084472656,342.3999938964844,563.9199829101562,81.2300033569336,309.1672058105469,260.5400085449219,342.23870849609375,563.3800048828125,81.17500305175781,309.32000732421875,260.55108642578125,342.2650146484375,563.690673828125,81.22000122070312,51602,24862,40404,12026,27036
2026-08-25 11:08:00-04:00,309.0299987792969,260.6300048828125,342.4800109863281,563.469970703125,81.27999877929688,309.2099914550781,260.6650085449219,342.5199890136719,563.6599731445312,81.29000091552734,309.02569580078125,260.5719909667969,342.2449951171875,563.25,81.22000122070312,309.20001220703125,260.625,342.25,563.4949951171875,81.22509765625,42189,18011,26728,9632,39779
2026-08-25 11:09:00-04:00,309.1600036621094,260.8800048828125,342.5799865722656,563.5125122070312,81.26000213623047,309.2300109863281,260.9646911621094,342.7850036621094,563.6199951171875,81.29000091552734,309.0,260.57000732421875,342.4700012207031,563.1599731445312,81.25,309.0299987792969,260.6099853515625,342.4949951171875,563.6099243164062,81.27950286865234,50391,50355,20371,9652,30374
2026-08-25 11:10:00-04:00,309.0799865722656,260.739990234375,342.4599914550781,562.22998046875,81.2300033569336,309.20001220703125,260.909912109375,342.5715026855469,563.4400024414062,81.2699966430664,308.95001220703125,260.7300109863281,342.3399963378906,562.1699829101562,81.20999908447266,309.1698913574219,260.909912109375,342.5715026855469,563.3099975585938,81.26499938964844,47278,25622,10864,25648,32841
2026-08-25 11:11:00-04:00,309.07000732421875,260.8800048828125,342.489990234375,561.8900146484375,81.2750015258789,309.1050109863281,260.8900146484375,342.5400085449219,562.3300170898438,81.27999877929688,308.9587097167969,260.7300109863281,342.3299865722656,561.5,81.20999908447266,309.05999755859375,260.7799987792969,342.4549865722656,562.3300170898438,81.23999786376953,31613,25023,11429,33234,25656
2026-08-25 11:12:00-04:00,309.0450134277344,260.8611145019531,342.45001220703125,561.885009765625,81.33999633789062,309.1199951171875,260.94500732421875,342.5400085449219,561.8900146484375,81.33999633789062,308.989990234375,260.8399963378906,342.3900146484375,561.4000854492188,81.25,309.0849914550781,260.8800048828125,342.5,561.760009765625,81.26750183105469,19129,34211,10573,21481,30765
2026-08-25 11:13:00-04:00,309.05999755859375,260.8800048828125,342.4700012207031,561.989990234375,81.2300033569336,309.0899963378906,260.989990234375,342.6000061035156,562.1599731445312,81.33999633789062,309.0,260.8599853515625,342.4599914550781,561.739990234375,81.22989654541016,309.0400085449219,260.8800048828125,342.4599914550781,561.7899780273438,81.33999633789062,21898,45582,17459,12636,50956
2026-08-25 11:14:00-04:00,309.4200134277344,261.0589904785156,342.7300109863281,563.0,81.31999969482422,309.4200134277344,261.0899963378906,342.7698974609375,563.0,81.33999633789062,309.0799865722656,260.8599853515625,342.44500732421875,561.9600219726562,81.22830200195312,309.0899963378906,260.8900146484375,342.48748779296875,562.0599975585938,81.22830200195312,73594,34240,10676,21511,47855
2026-08-25 11:15:00-04:00,309.42999267578125,261.05999755859375,342.79998779296875,563.0900268554688,81.32749938964844,309.4800109863281,261.0799865722656,342.79998779296875,563.0900268554688,81.37999725341797,309.31109619140625,260.8999938964844,342.6449890136719,562.4600219726562,81.31500244140625,309.3999938964844,261.07000732421875,342.7250061035156,562.844970703125,81.33000183105469,42477,46064,18617,21015,71712
2026-08-25 11:16:00-04:00,309.3999938964844,260.80999755859375,342.8399963378906,563.25,81.38999938964844,309.489990234375,261.1000061035156,342.95001220703125,563.3900146484375,81.4000015258789,309.32000732421875,260.80999755859375,342.739990234375,563.0549926757812,81.33999633789062,309.44500732421875,260.80999755859375,342.7914123535156,563.1500244140625,81.33999633789062,22198,39193,16636,16065,26917
2026-08-25 11:17:00-04:00,309.30499267578125,260.7699890136719,342.8500061035156,563.1950073242188,81.41500091552734,309.45001220703125,260.8699951171875,342.9200134277344,563.4998779296875,81.45999908447266,309.2908935546875,260.739990234375,342.7349853515625,563.0599975585938,81.37000274658203,309.3999938964844,260.8299865722656,342.80499267578125,563.2550048828125,81.3927001953125,27844,34229,8560,9417,84297
2026-08-25 11:18:00-04:00,309.07000732421875,260.56500244140625,342.69000244140625,562.8101196289062,81.37000274658203,309.29998779296875,260.7799987792969,342.8999938964844,563.14990234375,81.41999816894531,308.9880065917969,260.54998779296875,342.69000244140625,562.7000122070312,81.36499786376953,309.29998779296875,260.760009765625,342.79998779296875,563.1199951171875,81.41000366210938,38183,26797,13946,14238,32580
2026-08-25 11:19:00-04:00,309.2349853515625,260.75,342.79998779296875,563.0,81.45999908447266,309.260009765625,260.7799987792969,342.8500061035156,563.2376708984375,81.47000122070312,309.06988525390625,260.5400085449219,342.69000244140625,562.6900024414062,81.33000183105469,309.06988525390625,260.55999755859375,342.739990234375,562.75,81.37000274658203,27201,32780,13366,8910,40663
2026-08-25 11:20:00-04:00,309.2550048828125,260.7300109863281,342.9200134277344,563.1599731445312,81.44999694824219,309.2699890136719,260.8500061035156,343.0199890136719,563.3300170898438,81.5,309.1650085449219,260.7101135253906,342.7705078125,562.9299926757812,81.42009735107422,309.2200012207031,260.7449951171875,342.79998779296875,562.9299926757812,81.47000122070312,28013,27644,15146,7119,46547
2026-08-25 11:21:00-04:00,309.19000244140625,260.79998779296875,342.8550109863281,563.1901245117188,81.46499633789062,309.2699890136719,260.82000732421875,342.989990234375,563.489990234375,81.4800033569336,309.19000244140625,260.7099914550781,342.7799987792969,563.0701293945312,81.44000244140625,309.25,260.739990234375,342.9200134277344,563.1599731445312,81.44000244140625,24978,38992,9109,8141,641808
2026-08-25 11:22:00-04:00,309.2300109863281,260.70001220703125,342.8349914550781,563.1898803710938,81.4800033569336,309.2799987792969,260.79998779296875,342.92498779296875,563.389892578125,81.5,309.1600036621094,260.6099853515625,342.7699890136719,562.7714233398438,81.45999908447266,309.20001220703125,260.79998779296875,342.9088134765625,563.1900024414062,81.45999908447266,32857,75040,17211,18434,57245
2026-08-25 11:23:00-04:00,308.9849853515625,260.5299072265625,342.4649963378906,562.875,81.41000366210938,309.239990234375,260.6910095214844,342.8799133300781,563.1998901367188,81.5,308.9800109863281,260.4100036621094,342.3644104003906,562.6199951171875,81.41000366210938,308.9849853515625,260.6875,342.8799133300781,563.0599975585938,81.4800033569336,8101270,42114,19198,11428,75899
2026-08-25 11:24:00-04:00,308.92010498046875,260.36749267578125,342.44000244140625,562.77001953125,81.36000061035156,309.0098876953125,260.5,342.5400085449219,562.8699951171875,81.40499877929688,308.8699951171875,260.3450012207031,342.3999938964844,562.6705932617188,81.31999969482422,308.9849853515625,260.489990234375,342.44500732421875,562.7725219726562,81.4000015258789,41060,35737,8660,7252,32842
2026-08-25 11:25:00-04:00,308.9700012207031,260.510009765625,342.625,563.2000122070312,81.5250015258789,308.9800109863281,260.5498962402344,342.6300048828125,563.2000122070312,81.52999877929688,308.8800048828125,260.3399963378906,342.4200134277344,562.5,81.3550033569336,308.92498779296875,260.364990234375,342.4700012207031,562.6199951171875,81.36499786376953,24370,32270,11008,10017,99058
2026-08-25 11:26:00-04:00,309.125,260.489990234375,342.81500244140625,563.280029296875,81.5,309.1499938964844,260.531494140625,342.8399963378906,563.469970703125,81.5250015258789,308.9700012207031,260.4100036621094,342.6199951171875,562.9099731445312,81.48999786376953,308.9700012207031,260.5249938964844,342.625,563.02001953125,81.5250015258789,25612,37587,16700,14605,23065
2026-08-25 11:27:00-04:00,309.1000061035156,260.4949951171875,342.9798889160156,563.614990234375,81.62999725341797,309.1300048828125,260.510009765625,342.9800109863281,563.739990234375,81.62999725341797,308.9700012207031,260.41778564453125,342.67999267578125,563.0599975585938,81.49500274658203,309.125,260.489990234375,342.9798889160156,563.2449951171875,81.50499725341797,22947,70968,28353,19538,44071
2026-08-25 11:28:00-04:00,309.2799987792969,260.5849914550781,343.0199890136719,563.3499755859375,81.65499877929688,309.2893981933594,260.6600036621094,343.07000732421875,563.7299194335938,81.66999816894531,309.0799865722656,260.4800109863281,342.9385986328125,563.3499755859375,81.58000183105469,309.114990234375,260.510009765625,343.0,563.5999755859375,81.62000274658203,22839,41065,20200,10895,42132
2026-08-25 11:29:00-04:00,309.3100891113281,260.5400085449219,342.9800109863281,563.39501953125,81.63500213623047,309.3349914550781,260.6700134277344,343.0400085449219,563.4400024414062,81.66999816894531,309.17999267578125,260.5400085449219,342.8999938964844,563.239990234375,81.63500213623047,309.2699890136719,260.57000732421875,343.010009765625,563.35498046875,81.65499877929688,32537,31575,13795,10616,63996
2026-08-25 11:30:00-04:00,309.385009765625,260.4549865722656,342.6099853515625,563.6500244140625,81.66999816894531,309.385009765625,260.6000061035156,342.9299011230469,563.6699829101562,81.68000030517578,309.25,260.4245910644531,342.56500244140625,563.22998046875,81.58999633789062,309.30999755859375,260.54998779296875,342.9100036621094,563.384521484375,81.63999938964844,22421,34697,20828,8983,45373
2026-08-25 11:31:00-04:00,309.4200134277344,260.4595947265625,342.79998779296875,563.6799926757812,81.71499633789062,309.5,260.4800109863281,342.8999938964844,563.7650146484375,81.72000122070312,309.3450012207031,260.3800048828125,342.56500244140625,563.5499877929688,81.66999816894531,309.3900146484375,260.4786071777344,342.581298828125,563.669921875,81.67610168457031,34625,22918,18716,10542,39639
2026-08-25 11:32:00-04:00,309.45001220703125,260.30999755859375,342.7049865722656,563.4749755859375,81.67890167236328,309.4599914550781,260.44500732421875,342.80999755859375,563.5499877929688,81.72000122070312,309.3500061035156,260.2919921875,342.6549987792969,563.3099975585938,81.66000366210938,309.4200134277344,260.44500732421875,342.7699890136719,563.5499877929688,81.71499633789062,30045,31524,10403,9088,34307
2026-08-25 11:33:00-04:00,309.6099853515625,260.80999755859375,342.9200134277344,563.7650146484375,81.68000030517578,309.70001220703125,260.9200134277344,343.07000732421875,563.9000244140625,81.69300079345703,309.32000732421875,260.2799987792969,342.625,563.1199951171875,81.65499877929688,309.45001220703125,260.32000732421875,342.7300109863281,563.42138671875,81.66999816894531,55313,61685,15844,23853,48664
2026-08-25 11:34:00-04:00,309.340087890625,260.55999755859375,342.80889892578125,563.489990234375,81.71499633789062,309.6199951171875,260.83990478515625,342.92999267578125,563.7650146484375,81.73500061035156,309.3299865722656,260.54998779296875,342.7250061035156,563.3699951171875,81.65499877929688,309.6050109863281,260.83990478515625,342.9200134277344,563.7650146484375,81.69000244140625,54750,41940,17608,21712,85097
2026-08-25 11:35:00-04:00,309.5,260.68499755859375,342.989990234375,564.3250122070312,81.7249984741211,309.67999267578125,260.8299865722656,343.2300109863281,564.3900146484375,81.7699966430664,309.3349914550781,260.54998779296875,342.739990234375,563.4949951171875,81.7041015625,309.3450012207031,260.55999755859375,342.8399963378906,563.5399780273438,81.71499633789062,89911,90284,52614,37457,121374
2026-08-25 11:36:00-04:00,309.53009033203125,260.715087890625,343.12200927734375,564.5999755859375,81.69499969482422,309.5899963378906,260.739990234375,343.25,564.7150268554688,81.7300033569336,309.42999267578125,260.6549987792969,343.0,564.3900146484375,81.68009948730469,309.4700012207031,260.69000244140625,343.0199890136719,564.3900146484375,81.7300033569336,31992,34000,57021,14156,73112
2026-08-25 11:37:00-04:00,309.69500732421875,260.5899963378906,343.1650085449219,564.7349853515625,81.74500274658203,309.70001220703125,260.7250061035156,343.2699890136719,564.802001953125,81.75,309.5400085449219,260.5799865722656,343.0899963378906,564.5499877929688,81.69499969482422,309.5400085449219,260.7149963378906,343.1300048828125,564.6693115234375,81.69499969482422,66818,20714,31521,15322,55823
2026-08-25 11:38:00-04:00,309.69500732421875,260.7550048828125,343.3699951171875,564.9600219726562,81.87000274658203,309.75,260.7550048828125,343.45001220703125,565.219970703125,81.87000274658203,309.659912109375,260.5350036621094,343.07000732421875,564.5900268554688,81.73179626464844,309.69500732421875,260.5899963378906,343.1650085449219,564.8150024414062,81.73999786376953,39859,39598,24329,25995,89864
2026-08-25 11:39:00-04:00,309.6600036621094,260.7950134277344,343.385009765625,565.8200073242188,81.80500030517578,309.7789001464844,260.89990234375,343.42999267578125,565.9400024414062,81.91999816894531,309.6050109863281,260.75,343.2900085449219,565.0549926757812,81.80000305175781,309.70001220703125,260.7550048828125,343.3800048828125,565.094970703125,81.86000061035156,37161,37431,15469,25477,112168
2026-08-25 11:40:00-04:00,309.5150146484375,260.80999755859375,343.56500244140625,566.0177001953125,81.80999755859375,309.6650085449219,260.8599853515625,343.6000061035156,566.2000122070312,81.83000183105469,309.5150146484375,260.7300109863281,343.4100036621094,565.6099853515625,81.76499938964844,309.6600036621094,260.82000732421875,343.4100036621094,565.844970703125,81.80500030517578,35649,17674,34477,32586,42247
2026-08-25 11:41:00-04:00,309.57000732421875,260.57501220703125,343.3399963378906,565.9949951171875,81.72899627685547,309.5899963378906,260.81500244140625,343.54998779296875,566.219970703125,81.80999755859375,309.5,260.55499267578125,343.3399963378906,565.8200073242188,81.72049713134766,309.5150146484375,260.7900085449219,343.54998779296875,566.1099853515625,81.80500030517578,24119,27998,13610,29787,37806
2026-08-25 11:42:00-04:00,309.5899963378906,260.4599914550781,343.3299865722656,565.469970703125,81.8949966430664,309.6300048828125,260.6099853515625,343.3999938964844,566.1699829101562,81.89649963378906,309.5,260.3500061035156,343.19500732421875,565.4515991210938,81.7300033569336,309.5653991699219,260.57501220703125,343.3599853515625,566.0599975585938,81.7300033569336,35139,44084,18264,20150,45522
2026-08-25 11:43:00-04:00,309.7300109863281,260.7250061035156,343.32000732421875,565.8599853515625,81.94999694824219,309.7749938964844,260.7250061035156,343.44000244140625,566.0222778320312,81.9800033569336,309.6000061035156,260.4849853515625,343.29998779296875,565.4099731445312,81.89630126953125,309.7300109863281,260.4849853515625,343.3125,565.5999755859375,81.89630126953125,31172,21810,12447,29368,66176
2026-08-25 11:44:00-04:00,309.7749938964844,260.7900085449219,343.375,565.9000244140625,81.91010284423828,309.8500061035156,260.8800048828125,343.3999938964844,565.9721069335938,81.94499969482422,309.7200012207031,260.7049865722656,343.2850036621094,565.6600952148438,81.83999633789062,309.7300109863281,260.7049865722656,343.30999755859375,565.8001098632812,81.94499969482422,37870,29874,8925,11045,70042
2026-08-25 11:45:00-04:00,309.7650146484375,260.67999267578125,343.3599853515625,565.3900146484375,81.96009826660156,309.8254089355469,260.8080139160156,343.3999938964844,565.9000244140625,81.97000122070312,309.6300048828125,260.6000061035156,343.1499938964844,565.280029296875,81.88999938964844,309.760009765625,260.8080139160156,343.3999938964844,565.8099975585938,81.90869903564453,32456,35121,26910,13285,91064
2026-08-25 11:46:00-04:00,309.69500732421875,260.8299865722656,343.20001220703125,565.530029296875,81.86499786376953,309.7749938964844,260.8299865722656,343.3699951171875,565.9000244140625,81.95999908447266,309.6300048828125,260.6700134277344,343.20001220703125,565.280029296875,81.86000061035156,309.7699890136719,260.67999267578125,343.3599853515625,565.418212890625,81.95999908447266,31160,53962,8594,18395,42376
2026-08-25 11:47:00-04:00,309.4700012207031,260.7200927734375,343.0400085449219,565.27001953125,81.80500030517578,309.7099914550781,260.8299865722656,343.2900085449219,565.6500244140625,81.86499786376953,309.4649963378906,260.7099914550781,343.010009765625,565.2000122070312,81.80000305175781,309.4700012207031,260.82000732421875,343.239990234375,565.5050048828125,81.80500030517578,31416,35924,20459,7311,39849
2026-08-25 11:48:00-04:00,309.4049987792969,260.57501220703125,343.010009765625,565.080078125,81.75499725341797,309.510009765625,260.7598876953125,343.07501220703125,565.3400268554688,81.81500244140625,309.32501220703125,260.54998779296875,342.8999938964844,564.8082275390625,81.75,309.4800109863281,260.7449951171875,343.07501220703125,565.3400268554688,81.80999755859375,34628,57353,20566,12710,37289
2026-08-25 11:49:00-04:00,309.2900085449219,260.4549865722656,342.7900085449219,565.3699951171875,81.79000091552734,309.42999267578125,260.57501220703125,343.0249938964844,565.4500122070312,81.80799865722656,309.2699890136719,260.3900146484375,342.739990234375,565.02001953125,81.75,309.3949890136719,260.57501220703125,343.0,565.0850219726562,81.75,45244,39725,17957,12885,32253
2026-08-25 11:50:00-04:00,309.32000732421875,260.4599914550781,342.8299865722656,565.5900268554688,81.81500244140625,309.389892578125,260.6192932128906,342.9100036621094,565.719970703125,81.83000183105469,309.2200012207031,260.42999267578125,342.71820068359375,565.35009765625,81.78299713134766,309.2799987792969,260.4549865722656,342.7900085449219,565.4099731445312,81.79000091552734,30381,54076,14426,8575,37067
2026-08-25 11:51:00-04:00,309.2799987792969,260.6000061035156,343.0299987792969,566.1900024414062,81.84980010986328,309.3399963378906,260.6400146484375,343.05999755859375,566.2000122070312,81.8550033569336,309.260009765625,260.3999938964844,342.7799987792969,565.52001953125,81.81199645996094,309.3299865722656,260.489990234375,342.81500244140625,565.614990234375,81.81990051269531,17529,31532,17034,15616,32110
2026-08-25 11:52:00-04:00,309.45001220703125,260.6000061035156,342.8999938964844,565.760009765625,81.7249984741211,309.489990234375,260.75,343.0400085449219,566.239990234375,81.86000061035156,309.2799987792969,260.5799865722656,342.8699951171875,565.760009765625,81.70999908447266,309.2900085449219,260.6099853515625,343.0199890136719,566.2000122070312,81.84500122070312,32416,33803,29613,11332,37402
2026-08-25 11:53:00-04:00,309.5199890136719,260.9200134277344,342.9200134277344,565.9849853515625,81.83000183105469,309.5299987792969,260.9200134277344,343.0199890136719,566.0800170898438,81.83000183105469,309.44500732421875,260.6199951171875,342.8999938964844,565.760009765625,81.68000030517578,309.4599914550781,260.6199951171875,342.8999938964844,565.760009765625,81.7249984741211,22008,23692,10004,8644,53191
2026-08-25 11:54:00-04:00,309.625,261.25,343.2200012207031,566.0001220703125,81.83000183105469,309.6600036621094,261.25,343.2200012207031,566.2000122070312,81.8499984741211,309.5150146484375,260.92498779296875,342.9599914550781,565.927001953125,81.80000305175781,309.5299987792969,260.92498779296875,342.9599914550781,566.0599975585938,81.8208999633789,32899,52146,9409,11078,30147
2026-08-25 11:55:00-04:00,309.7349853515625,261.19000244140625,343.2900085449219,565.551025390625,81.71499633789062,309.8299865722656,261.30999755859375,343.29998779296875,566.25,81.83000183105469,309.6099853515625,261.19000244140625,343.1199951171875,565.551025390625,81.70500183105469,309.639892578125,261.239990234375,343.2300109863281,566.125,81.83000183105469,30112,29673,12000,9993,32619
2026-08-25 11:56:00-04:00,309.6000061035156,261.1600036621094,343.2250061035156,565.7808227539062,81.7499008178711,309.7699890136719,261.2799072265625,343.4200134277344,565.8099975585938,81.7499008178711,309.6000061035156,261.1099853515625,343.2099914550781,565.5399780273438,81.70500183105469,309.7300109863281,261.1650085449219,343.2250061035156,565.6099853515625,81.71499633789062,32666,40396,3915414,10413,23782
2026-08-25 11:57:00-04:00,309.44000244140625,260.9783935546875,343.2152099609375,565.3300170898438,81.7249984741211,309.5899963378906,261.1600036621094,343.2200012207031,565.8099975585938,81.76000213623047,309.44000244140625,260.94500732421875,343.0899963378906,565.075927734375,81.71499633789062,309.5799865722656,261.1600036621094,343.2099914550781,565.8099975585938,81.74500274658203,39020,41119,7738,10499,29791
2026-08-25 11:58:00-04:00,309.489990234375,261.1650085449219,343.260009765625,565.9520263671875,81.69999694824219,309.57000732421875,261.2200012207031,343.30999755859375,566.0,81.75,309.44000244140625,260.92999267578125,343.1400146484375,565.2000122070312,81.66999816894531,309.45001220703125,261.010009765625,343.20001220703125,565.2899780273438,81.73500061035156,36526,40212,7600,11086,50334
2026-08-25 11:59:00-04:00,309.6000061035156,261.04998779296875,343.20001220703125,565.56787109375,81.70999908447266,309.6400146484375,261.17999267578125,343.2300109863281,566.1998901367188,81.7249984741211,309.4457092285156,261.0199890136719,343.0799865722656,565.5,81.67649841308594,309.4700012207031,261.1650085449219,343.2250061035156,566.1799926757812,81.70989990234375,29478,31098,8371,34033,28152
2026-08-25 12:00:00-04:00,309.67999267578125,261.1000061035156,343.1099853515625,565.2999877929688,81.67500305175781,309.7200012207031,261.25,343.2699890136719,565.72998046875,81.7300033569336,309.5799865722656,261.0400085449219,343.0899963378906,565.0399780273438,81.67500305175781,309.5899963378906,261.05999755859375,343.19500732421875,565.5001220703125,81.71499633789062,25655,18363,9239,9494,19957
2026-08-25 12:01:00-04:00,309.57000732421875,261.1050109863281,343.1650085449219,565.0399780273438,81.67500305175781,309.7200012207031,261.20001220703125,343.25,565.3300170898438,81.69499969482422,309.57000732421875,261.1050109863281,343.05999755859375,565.030029296875,81.66000366210938,309.69000244140625,261.1400146484375,343.1300048828125,565.1138916015625,81.68000030517578,23564,17586,10112,8688,31630
2026-08-25 12:02:00-04:00,309.6098937988281,261.17498779296875,343.4049987792969,564.7482299804688,81.7249984741211,309.6099853515625,261.20001220703125,343.4200134277344,565.0,81.7249984741211,309.4599914550781,261.1050109863281,343.1499938964844,564.7000122070312,81.66000366210938,309.56500244140625,261.1050109863281,343.17999267578125,564.97998046875,81.67500305175781,28323,25115,9692,9731,32266
2026-08-25 12:03:00-04:00,309.70001220703125,261.2449951171875,343.20001220703125,564.864013671875,81.75,309.7099914550781,261.260009765625,343.4100036621094,564.9500122070312,81.75,309.5826110839844,261.1099853515625,343.20001220703125,564.7000122070312,81.72000122070312,309.5950012207031,261.1700134277344,343.3900146484375,564.8599853515625,81.72949981689453,16560,20790,11349,5582,36570
2026-08-25 12:04:00-04:00,309.5799865722656,261.2149963378906,343.2950134277344,565.0900268554688,81.79499816894531,309.70001220703125,261.260009765625,343.30499267578125,565.2349853515625,81.80999755859375,309.55499267578125,261.19000244140625,343.1700134277344,564.6900024414062,81.73999786376953,309.70001220703125,261.260009765625,343.2099914550781,564.7200927734375,81.74500274658203,18854,27684,6997,17216,27993
2026-08-25 12:05:00-04:00,309.5150146484375,261.1600036621094,343.1400146484375,564.864990234375,81.78500366210938,309.6499938964844,261.25311279296875,343.33819580078125,565.3098754882812,81.83000183105469,309.5150146484375,261.1499938964844,343.1400146484375,564.864990234375,81.78500366210938,309.5899963378906,261.2149963378906,343.2950134277344,564.9401245117188,81.80000305175781,21353,28686,11406,13207,29957
2026-08-25 12:06:00-04:00,309.6050109863281,261.1000061035156,343.3550109863281,564.9849853515625,81.82599639892578,309.6253967285156,261.19000244140625,343.3800048828125,565.0399780273438,81.83000183105469,309.5,261.0899963378906,343.1200866699219,564.8900146484375,81.78500366210938,309.50970458984375,261.1499938964844,343.1499938964844,564.8900146484375,81.78510284423828,23480,35261,11082,6047,21348
2026-08-25 12:07:00-04:00,309.489990234375,260.9649963378906,343.3699951171875,564.9500122070312,81.83000183105469,309.6299133300781,261.0899963378906,343.4100036621094,565.0150146484375,81.8563003540039,309.46990966796875,260.9599914550781,343.3399963378906,564.8900146484375,81.81199645996094,309.6199951171875,261.0899963378906,343.3550109863281,564.9349975585938,81.82499694824219,21955,37002,14160,8131,54080
2026-08-25 12:08:00-04:00,309.3599853515625,260.83551025390625,343.4200134277344,564.905029296875,81.78579711914062,309.5199890136719,260.9649963378906,343.489990234375,565.030029296875,81.87999725341797,309.30999755859375,260.83551025390625,343.30999755859375,564.7899780273438,81.78579711914062,309.510009765625,260.9649963378906,343.3851013183594,564.969970703125,81.83999633789062,42045,23385,11494,13103,69958
2026-08-25 12:09:00-04:00,309.4599914550781,260.82501220703125,343.45001220703125,564.85498046875,81.7699966430664,309.4700012207031,260.8999938964844,343.5899963378906,565.0932006835938,81.83999633789062,309.30499267578125,260.81500244140625,343.4100036621094,564.760009765625,81.75499725341797,309.3399963378906,260.8500061035156,343.42498779296875,564.905029296875,81.77999877929688,29798,24515,17704,10565,29635
2026-08-25 12:10:00-04:00,309.57000732421875,260.79998779296875,343.4049987792969,565.1599731445312,81.77999877929688,309.57000732421875,260.84991455078125,343.4200134277344,565.2899780273438,81.78199768066406,309.44500732421875,260.7401123046875,343.3500061035156,564.75,81.76000213623047,309.4700012207031,260.8399963378906,343.4100036621094,564.8900146484375,81.7750015258789,24367,18496,8896,11826,27803
2026-08-25 12:11:00-04:00,309.510009765625,260.8450012207031,343.44500732421875,564.989990234375,81.81999969482422,309.5799865722656,260.889892578125,343.4700012207031,565.1900024414062,81.81999969482422,309.4601135253906,260.75,343.3500061035156,564.8200073242188,81.78730010986328,309.57989501953125,260.7749938964844,343.45001220703125,565.1829223632812,81.79000091552734,13174,22712,5440,6246,20176
2026-08-25 12:12:00-04:00,309.4150085449219,260.7900085449219,343.3900146484375,564.8599853515625,81.88999938964844,309.5398864746094,260.9119873046875,343.4649963378906,565.0700073242188,81.91010284423828,309.4150085449219,260.7699890136719,343.2900085449219,564.8099975585938,81.81500244140625,309.5201110839844,260.8599853515625,343.44500732421875,565.010009765625,81.81890106201172,19501,18583,8344,9163,138173
2026-08-25 12:13:00-04:00,309.5101013183594,260.7200012207031,343.2757873535156,564.9935302734375,81.94989776611328,309.5199890136719,260.79998779296875,343.4200134277344,564.9935302734375,81.94999694824219,309.4200134277344,260.6300048828125,343.23089599609375,564.760009765625,81.88999938964844,309.42999267578125,260.7699890136719,343.4096984863281,564.8800048828125,81.8949966430664,17768,28315,8440,18802,64798
2026-08-25 12:14:00-04:00,309.5299987792969,260.739990234375,343.30999755859375,565.0,81.97000122070312,309.55999755859375,260.7799987792969,343.3500061035156,565.1599731445312,81.9800033569336,309.42999267578125,260.6300048828125,343.2099914550781,564.7901000976562,81.9406967163086,309.510009765625,260.7099914550781,343.239990234375,564.89501953125,81.94499969482422,25054,30284,11380,16466,46091
2026-08-25 12:15:00-04:00,309.54998779296875,260.75,343.3351135253906,565.1300048828125,81.87999725341797,309.5799865722656,260.7900085449219,343.3500061035156,565.1599731445312,82.0199966430664,309.45001220703125,260.6700134277344,343.239990234375,564.9299926757812,81.86000061035156,309.5450134277344,260.760009765625,343.29998779296875,565.1300048828125,81.95999908447266,15748,21240,5587,13245,321812
2026-08-25 12:16:00-04:00,309.55999755859375,260.7550048828125,343.3699951171875,565.1959838867188,81.86499786376953,309.6401062011719,260.80999755859375,343.3699951171875,565.3599853515625,81.91000366210938,309.510009765625,260.7300109863281,343.2799987792969,565.0499877929688,81.83999633789062,309.55999755859375,260.75,343.3500061035156,565.0999755859375,81.87999725341797,31006,35217,8524,9926,53046
2026-08-25 12:17:00-04:00,309.5899963378906,260.8299865722656,343.2550048828125,565.010009765625,81.8949966430664,309.639892578125,260.8599853515625,343.3999938964844,565.260009765625,81.9000015258789,309.4700012207031,260.70001220703125,343.17999267578125,564.989990234375,81.84500122070312,309.55999755859375,260.7550048828125,343.3800048828125,565.1051025390625,81.86499786376953,23949,40010,10318,19560,29454
2026-08-25 12:18:00-04:00,309.6400146484375,260.8500061035156,343.25,565.080078125,81.87999725341797,309.69000244140625,260.8999938964844,343.2699890136719,565.239990234375,81.88999938964844,309.57501220703125,260.8299865722656,343.18499755859375,564.9500122070312,81.83999633789062,309.5899963378906,260.8299865722656,343.2550048828125,565.0501098632812,81.88999938964844,22293,23826,5019,9964,35062
2026-08-25 12:19:00-04:00,309.6199951171875,260.7900085449219,343.239990234375,565.0698852539062,81.9000015258789,309.64599609375,260.89990234375,343.32000732421875,565.1799926757812,81.90550231933594,309.510009765625,260.7900085449219,343.239990234375,564.969970703125,81.8499984741211,309.6400146484375,260.8399963378906,343.25,565.135009765625,81.87999725341797,21624,21578,7335,9234,83571
2026-08-25 12:20:00-04:00,309.6000061035156,260.6449890136719,343.1600036621094,564.8049926757812,81.9000015258789,309.6300048828125,260.7950134277344,343.2900085449219,565.0985107421875,81.95999908447266,309.53021240234375,260.62530517578125,343.1499938964844,564.7913818359375,81.86039733886719,309.62109375,260.79010009765625,343.2900085449219,565.0900268554688,81.90499877929688,13139,22153,7732,6191,53970
2026-08-25 12:21:00-04:00,309.8299865722656,260.67999267578125,343.25,565.25,82.0,309.85321044921875,260.67999267578125,343.25,565.25,82.0,309.6099853515625,260.55999755859375,343.125,564.739990234375,81.88009643554688,309.6099853515625,260.6449890136719,343.1300048828125,564.8400268554688,81.88500213623047,31716,18150,9019,9532,70038
2026-08-25 12:22:00-04:00,310.0400085449219,260.67999267578125,343.3900146484375,565.47998046875,82.08999633789062,310.0498046875,260.739990234375,343.4100036621094,565.47998046875,82.09989929199219,309.8399963378906,260.6400146484375,343.2749938964844,565.1500854492188,81.9800033569336,309.8399963378906,260.69000244140625,343.29998779296875,565.25,81.98999786376953,9924212,20378,5566,7667,96754
2026-08-25 12:23:00-04:00,310.0899963378906,260.82000732421875,343.4549865722656,565.7750244140625,82.1449966430664,310.0899963378906,260.8500061035156,343.5,565.8800048828125,82.15499877929688,309.95001220703125,260.67999267578125,343.364990234375,565.4105224609375,82.08000183105469,310.0400085449219,260.69989013671875,343.3949890136719,565.47998046875,82.09500122070312,26684,22302,20927,10063,87982
2026-08-25 12:24:00-04:00,310.0799865722656,260.80999755859375,343.364990234375,565.9600219726562,82.16500091552734,310.1000061035156,260.80999755859375,343.510009765625,566.2100219726562,82.18499755859375,309.9906921386719,260.7699890136719,343.3500061035156,565.6699829101562,82.13999938964844,310.0799865722656,260.79998779296875,343.42999267578125,565.6795043945312,82.1449966430664,19817,14691,10131,11009,88948
2026-08-25 12:25:00-04:00,310.135009765625,260.82000732421875,343.2850036621094,565.8900146484375,82.08499908447266,310.1400146484375,260.8399963378906,343.4100036621094,566.0499877929688,82.1697006225586,310.05999755859375,260.75,343.2799987792969,565.8250122070312,82.08499908447266,310.0799865722656,260.7699890136719,343.364990234375,565.9000244140625,82.1697006225586,30509,14628,7024,8835,43678
2026-08-25 12:26:00-04:00,310.0799865722656,260.84051513671875,343.32000732421875,565.6901245117188,82.10009765625,310.19000244140625,260.92498779296875,343.4200134277344,565.989990234375,82.12000274658203,310.07501220703125,260.80999755859375,343.2799987792969,565.6901245117188,82.06999969482422,310.1300048828125,260.83990478515625,343.29998779296875,565.8900146484375,82.08999633789062,55426,37746,7638,8774,31615
2026-08-25 12:27:00-04:00,310.1499938964844,260.95001220703125,343.3949890136719,565.760009765625,82.11990356445312,310.19000244140625,260.9700012207031,343.3949890136719,565.85498046875,82.16500091552734,310.05999755859375,260.8605041503906,343.2900085449219,565.7169799804688,82.08999633789062,310.07000732421875,260.8605041503906,343.3299865722656,565.7335205078125,82.08999633789062,21531,24645,12066,3750,95352
2026-08-25 12:28:00-04:00,310.0262145996094,260.8450012207031,343.32000732421875,565.5999755859375,82.11370086669922,310.1700134277344,260.9700012207031,343.4200134277344,565.8499755859375,82.13500213623047,310.0,260.8349914550781,343.30999755859375,565.5999755859375,82.08999633789062,310.1449890136719,260.8450012207031,343.3900146484375,565.75830078125,82.11499786376953,31229,20908,8367,7044,59866
2026-08-25 12:29:00-04:00,309.9549865722656,260.8900146484375,343.3399963378906,565.77001953125,82.16999816894531,310.0299987792969,260.8900146484375,343.4100036621094,565.8579711914062,82.16999816894531,309.7550048828125,260.79998779296875,343.32000732421875,565.5700073242188,82.09500122070312,310.0199890136719,260.8900146484375,343.3299865722656,565.5700073242188,82.11499786376953,68119,15189,5082,4363,44297
2026-08-25 12:30:00-04:00,310.0150146484375,260.93499755859375,343.2200927734375,565.594970703125,82.19499969482422,310.0400085449219,260.9800109863281,343.3450012207031,565.760009765625,82.19999694824219,309.95001220703125,260.8900146484375,343.17999267578125,565.5650024414062,82.13999938964844,309.95001220703125,260.8900146484375,343.3450012207031,565.739990234375,82.16999816894531,16792,17580,7981,7632,39912
2026-08-25 12:31:00-04:00,309.9599914550781,260.989990234375,343.3800048828125,565.6699829101562,82.19999694824219,310.0199890136719,261.05499267578125,343.45001220703125,565.6900024414062,82.239501953125,309.92999267578125,260.9100036621094,343.2200012207031,565.530029296875,82.19000244140625,310.0199890136719,260.9100036621094,343.2300109863281,565.6195068359375,82.19499969482422,41301,18023,7583,8354,51260
2026-08-25 12:32:00-04:00,309.9200134277344,260.92999267578125,343.2099914550781,564.489990234375,82.2249984741211,310.0,261.0299987792969,343.4200134277344,565.72998046875,82.2249984741211,309.8999938964844,260.8500061035156,343.1600036621094,564.0,82.17009735107422,309.9800109863281,261.010009765625,343.3900146484375,565.7299194335938,82.19989776611328,27935,22861,12354,30455,32182
2026-08-25 12:33:00-04:00,309.80499267578125,260.95001220703125,343.1499938964844,565.0900268554688,82.22000122070312,309.92999267578125,260.96990966796875,343.2099914550781,565.1591186523438,82.23500061035156,309.7650146484375,260.9100036621094,343.0199890136719,564.2750244140625,82.19999694824219,309.80499267578125,260.96990966796875,343.2016906738281,564.3099975585938,82.22630310058594,10284239,14486,12975,20352,35580
2026-08-25 12:34:00-04:00,309.7950134277344,260.9800109863281,343.1700134277344,565.135009765625,82.20500183105469,309.80999755859375,261.0,343.20989990234375,565.260009765625,82.2249984741211,309.70001220703125,260.94268798828125,343.0600891113281,565.02001953125,82.17009735107422,309.80499267578125,260.9700012207031,343.19000244140625,565.1199951171875,82.2249984741211,23330,11127,14845,8042,47187
2026-08-25 12:35:00-04:00,309.6199951171875,260.9100036621094,343.135009765625,565.323974609375,82.25499725341797,309.79998779296875,261.0,343.20001220703125,565.5,82.2698974609375,309.6199951171875,260.9100036621094,343.135009765625,565.0700073242188,82.19999694824219,309.79010009765625,260.989990234375,343.1875915527344,565.1849975585938,82.20500183105469,23270,16656,9993,8715,56033
2026-08-25 12:36:00-04:00,309.7865905761719,260.965087890625,343.1300048828125,565.489990234375,82.25499725341797,309.8399963378906,261.0,343.1600036621094,565.489990234375,82.27629852294922,309.6199951171875,260.8999938964844,343.04998779296875,565.0700073242188,82.24500274658203,309.6400146484375,260.9122009277344,343.1400146484375,565.4000244140625,82.25499725341797,27220,19130,9434,18926,32820
2026-08-25 12:37:00-04:00,309.79998779296875,261.0799865722656,343.30999755859375,566.0499877929688,82.26509857177734,309.8599853515625,261.1000061035156,343.30999755859375,566.0499877929688,82.28500366210938,309.7799987792969,260.9750061035156,343.1499938964844,565.489990234375,82.25499725341797,309.781494140625,260.9800109863281,343.1600036621094,565.5,82.25499725341797,20696,34845,7402,9215,42541
2026-08-25 12:38:00-04:00,309.8598937988281,261.0799865722656,343.239990234375,566.489990234375,82.2499008178711,309.8800048828125,261.0799865722656,343.3900146484375,566.489990234375,82.28600311279297,309.7099914550781,261.04400634765625,343.239990234375,565.9600830078125,82.24500274658203,309.7799987792969,261.05999755859375,343.30999755859375,566.010009765625,82.26499938964844,31126,9752,7225,14365,33123
2026-08-25 12:39:00-04:00,309.5,261.2650146484375,343.4700012207031,566.72998046875,82.2300033569336,309.8500061035156,261.2699890136719,343.4700012207031,566.7999877929688,82.27549743652344,309.5,261.07000732421875,343.2699890136719,566.4199829101562,82.22450256347656,309.8299865722656,261.07000732421875,343.2699890136719,566.4249877929688,82.24500274658203,40513,30261,12467,14394,36927
2026-08-25 12:40:00-04:00,309.70001220703125,261.1099853515625,343.5199890136719,566.657470703125,82.2750015258789,309.70001220703125,261.3900146484375,343.5799865722656,566.969970703125,82.2750015258789,309.5,261.0799865722656,343.4700012207031,566.5999755859375,82.2300033569336,309.5150146484375,261.25,343.489990234375,566.7999877929688,82.2300033569336,36470,45348,9475,14712,29774
2026-08-25 12:41:00-04:00,309.8599853515625,261.1000061035156,343.3800048828125,565.6801147460938,82.26499938964844,309.8999938964844,261.139892578125,343.54998779296875,566.9099731445312,82.29000091552734,309.7049865722656,261.07000732421875,343.3550109863281,565.590087890625,82.26000213623047,309.7049865722656,261.1000061035156,343.5400085449219,566.7050170898438,82.2699966430664,26145,24466,7457,16659,29122
2026-08-25 12:42:00-04:00,309.8999938964844,260.9610900878906,343.3800048828125,565.3499755859375,82.2750015258789,309.8999938964844,261.0799865722656,343.4200134277344,565.739990234375,82.2750015258789,309.8500061035156,260.9610900878906,343.3399963378906,565.239990234375,82.25499725341797,309.8699951171875,261.0799865722656,343.4049987792969,565.6422119140625,82.26499938964844,10380,24930,5619,9090,22004
2026-08-25 12:43:00-04:00,309.80999755859375,260.7149963378906,343.0799865722656,565.3800048828125,82.23999786376953,309.909912109375,260.94000244140625,343.3800048828125,565.4400024414062,82.2699966430664,309.7650146484375,260.70001220703125,343.04998779296875,565.2000122070312,82.2249984741211,309.909912109375,260.94000244140625,343.3800048828125,565.3499755859375,82.2699966430664,16928,23312,5151,8987,25115
2026-08-25 12:44:00-04:00,309.78729248046875,260.5199890136719,343.1199951171875,565.4099731445312,82.26499938964844,309.80999755859375,260.7049865722656,343.1600036621094,565.510009765625,82.2750015258789,309.7049865722656,260.4700012207031,343.06500244140625,565.2100219726562,82.23500061035156,309.7900085449219,260.70001220703125,343.0899963378906,565.25,82.24500274658203,22195,44068,7996,7797,27643
2026-08-25 12:45:00-04:00,309.8699951171875,260.6299133300781,343.1400146484375,565.8800048828125,82.2750015258789,309.8699951171875,260.6299133300781,343.25,565.8800048828125,82.30000305175781,309.760009765625,260.510009765625,343.1300048828125,565.4099731445312,82.23999786376953,309.7900085449219,260.55999755859375,343.1499938964844,565.4099731445312,82.26599884033203,16084,17497,11300,10197,47551
2026-08-25 12:46:00-04:00,309.6650085449219,260.625,343.1499938964844,566.1400146484375,82.28500366210938,309.8599853515625,260.6899108886719,343.19500732421875,566.2899780273438,82.30999755859375,309.6000061035156,260.5640869140625,343.1050109863281,565.77001953125,82.26499938964844,309.8599853515625,260.6099853515625,343.125,565.7999877929688,82.27010345458984,31877,19423,7979,7083,51131
2026-08-25 12:47:00-04:00,309.68499755859375,260.55499267578125,343.0299987792969,566.1851196289062,82.27999877929688,309.7300109863281,260.6700134277344,343.2049865722656,566.4299926757812,82.3062973022461,309.6400146484375,260.55499267578125,343.0201110839844,566.1174926757812,82.25499725341797,309.6600036621094,260.6099853515625,343.1499938964844,566.1400146484375,82.29000091552734,16133,21359,5564,10764,102675
2026-08-25 12:48:00-04:00,309.6099853515625,260.6098937988281,343.05999755859375,566.385009765625,82.29000091552734,309.7099914550781,260.6098937988281,343.1000061035156,566.4600219726562,82.30000305175781,309.5899963378906,260.5199890136719,342.95001220703125,566.1102905273438,82.2699966430664,309.6919860839844,260.55999755859375,343.0299987792969,566.1649780273438,82.27999877929688,16958,33025,26595,10689,38059
2026-08-25 12:49:00-04:00,309.7149963378906,260.614990234375,343.0513916015625,566.5800170898438,82.28500366210938,309.7250061035156,260.6400146484375,343.1199951171875,566.719970703125,82.31999969482422,309.6099853515625,260.5199890136719,343.0,566.3372802734375,82.28500366210938,309.6300048828125,260.6099853515625,343.04998779296875,566.5800170898438,82.29499816894531,13022,34115,12788,10303,34728
2026-08-25 12:50:00-04:00,309.7200927734375,260.6000061035156,343.1531982421875,566.77197265625,82.29499816894531,309.75,260.6600036621094,343.19000244140625,566.8499755859375,82.30500030517578,309.6400146484375,260.5950927734375,343.07000732421875,566.5100708007812,82.2699966430664,309.7149963378906,260.6000061035156,343.1000061035156,566.6599731445312,82.28500366210938,18501,45288,11827,12553,83769
2026-08-25 12:51:00-04:00,309.7300109863281,260.5299987792969,343.1099853515625,566.77001953125,82.2699966430664,309.7900085449219,260.6199951171875,343.239990234375,567.1199951171875,82.30000305175781,309.7102966308594,260.4903869628906,343.1099853515625,566.72998046875,82.2699966430664,309.7300109863281,260.6000061035156,343.1449890136719,566.9199829101562,82.29499816894531,22326,20397,12286,20885,28704
2026-08-25 12:52:00-04:00,309.7900085449219,260.57000732421875,343.1199951171875,566.625,82.31500244140625,309.79998779296875,260.5799865722656,343.1300048828125,566.7999877929688,82.31580352783203,309.6600036621094,260.5,343.0350036621094,566.52001953125,82.2750015258789,309.7250061035156,260.5150146484375,343.114990234375,566.77001953125,82.2750015258789,23353,22637,6580,9633,36330
2026-08-25 12:53:00-04:00,309.9100036621094,260.5299987792969,343.1600036621094,565.8699951171875,82.30500030517578,309.9100036621094,260.5799865722656,343.2200012207031,566.7525024414062,82.32499694824219,309.79998779296875,260.5299987792969,343.1300048828125,565.8699951171875,82.30500030517578,309.79998779296875,260.5799865722656,343.1300048828125,566.625,82.31500244140625,16581,11161,10009,17400,40846
2026-08-25 12:54:00-04:00,309.92999267578125,260.67999267578125,343.44000244140625,566.9749755859375,82.31510162353516,310.0,260.69000244140625,343.44000244140625,567.1400146484375,82.31999969482422,309.9100036621094,260.5299987792969,343.1099853515625,565.969970703125,82.29000091552734,309.9198913574219,260.5299987792969,343.1802978515625,565.97998046875,82.30500030517578,30831,37692,16616,12605,34692
2026-08-25 12:55:00-04:00,309.9150085449219,260.65509033203125,343.42999267578125,567.0150146484375,82.28500366210938,309.9606018066406,260.7300109863281,343.57000732421875,567.25,82.31510162353516,309.8299865722656,260.64599609375,343.42999267578125,566.9400024414062,82.27999877929688,309.92999267578125,260.69000244140625,343.43499755859375,567.0599975585938,82.31500244140625,21547,26876,12833,12544,31755
2026-08-25 12:56:00-04:00,309.989990234375,260.75,343.5899963378906,567.3400268554688,82.26000213623047,309.989990234375,260.75,343.5899963378906,567.4299926757812,82.28990173339844,309.8699951171875,260.6600036621094,343.4200134277344,566.9400024414062,82.24500274658203,309.92999267578125,260.6600036621094,343.44000244140625,567.0499877929688,82.28500366210938,15723,14854,8871,16011,41017
2026-08-25 12:57:00-04:00,309.8800048828125,260.7950134277344,343.5950012207031,567.00390625,82.21610260009766,310.0,260.8598937988281,343.70001220703125,567.47998046875,82.28500366210938,309.864990234375,260.7101135253906,343.54998779296875,566.9400024414062,82.21610260009766,310.0,260.7650146484375,343.57000732421875,567.27001953125,82.26499938964844,20860,17562,11280,16868,48846
2026-08-25 12:58:00-04:00,309.989990234375,260.8800048828125,343.82000732421875,567.3800048828125,82.25499725341797,309.989990234375,260.94000244140625,343.82000732421875,567.4149780273438,82.26599884033203,309.8900146484375,260.7950134277344,343.5199890136719,567.030029296875,82.20999908447266,309.8900146484375,260.7950134277344,343.6000061035156,567.030029296875,82.20999908447266,16312,32969,11496,8279,54785
2026-08-25 12:59:00-04:00,310.0350036621094,261.0199890136719,344.0199890136719,567.364990234375,82.22000122070312,310.1000061035156,261.04901123046875,344.0799865722656,567.5250244140625,82.27999877929688,309.9849853515625,260.8699951171875,343.71600341796875,567.2750244140625,82.22000122070312,310.0,260.9100036621094,343.79998779296875,567.3800048828125,82.26000213623047,23410,30685,22984,13466,38011
2026-08-25 13:00:00-04:00,309.8800048828125,260.89599609375,344.07501220703125,566.89501953125,82.15499877929688,310.0400085449219,261.0299987792969,344.1199951171875,567.4359130859375,82.2249984741211,309.8500061035156,260.8800964355469,343.9200134277344,566.89501953125,82.1500015258789,310.0350036621094,261.0299987792969,344.0249938964844,567.4359130859375,82.2249984741211,35074,33582,30784,23060,68776
2026-08-25 13:01:00-04:00,309.864990234375,260.94000244140625,344.0199890136719,566.8599853515625,82.19499969482422,309.9700012207031,261.010009765625,344.2200012207031,567.0549926757812,82.20500183105469,309.8299865722656,260.9104919433594,343.8900146484375,566.7899780273438,82.12000274658203,309.8999938964844,260.9200134277344,344.0299987792969,566.8599853515625,82.1500015258789,27718,23258,24099,11619,123691
2026-08-25 13:02:00-04:00,309.79998779296875,260.9314880371094,344.0400085449219,566.885009765625,82.20500183105469,309.94000244140625,260.989990234375,344.04998779296875,567.030029296875,82.20500183105469,309.7799987792969,260.8900146484375,343.94000244140625,566.77001953125,82.17289733886719,309.8800048828125,260.989990234375,344.04998779296875,566.9400024414062,82.19999694824219,22962,15186,6065,10261,22547
2026-08-25 13:03:00-04:00,309.9049987792969,260.79998779296875,344.06500244140625,567.010009765625,82.19000244140625,309.9200134277344,260.92999267578125,344.1000061035156,567.010009765625,82.2300033569336,309.7850036621094,260.7781066894531,344.0199890136719,566.86669921875,82.18499755859375,309.79998779296875,260.9101867675781,344.0202941894531,566.86669921875,82.20500183105469,21512,16644,4869,4902,30206
2026-08-25 13:04:00-04:00,309.8598937988281,260.8949890136719,343.9599914550781,567.2849731445312,82.18000030517578,310.0,260.9700012207031,344.06500244140625,567.47998046875,82.20999908447266,309.8450012207031,260.7950134277344,343.8900146484375,567.010009765625,82.17500305175781,309.8999938964844,260.79998779296875,344.0400085449219,567.018798828125,82.19000244140625,17105,21833,13636,10968,21206
2026-08-25 13:05:00-04:00,309.75,260.8399963378906,343.8599853515625,566.97998046875,82.125,309.8800048828125,260.8999938964844,343.95001220703125,567.4000244140625,82.18000030517578,309.75,260.8399963378906,343.7179870605469,566.9199829101562,82.12000274658203,309.75,260.8699951171875,343.8900146484375,567.3400268554688,82.18000030517578,15439,16230,9709,6380,28401
2026-08-25 13:06:00-04:00,309.7052001953125,260.8299865722656,343.8590087890625,566.47998046875,82.06500244140625,309.760009765625,260.8428955078125,343.9599914550781,567.010009765625,82.12000274658203,309.67999267578125,260.7799987792969,343.8500061035156,566.32470703125,82.06500244140625,309.760009765625,260.80999755859375,343.8599853515625,566.89501953125,82.12000274658203,27714,15382,10271,25312,32705
2026-08-25 13:07:00-04:00,309.75,260.82000732421875,343.9590148925781,566.6300048828125,82.13500213623047,309.760009765625,260.84991455078125,343.9590148925781,566.6300048828125,82.13500213623047,309.6600036621094,260.79998779296875,343.8800048828125,566.4149780273438,82.05000305175781,309.7149963378906,260.82501220703125,343.8800048828125,566.47998046875,82.06500244140625,25161,12148,3294,3950,90275
2026-08-25 13:08:00-04:00,309.6300048828125,260.6199951171875,343.760009765625,566.510009765625,82.08000183105469,309.7699890136719,260.8299865722656,343.94000244140625,566.75,82.15499877929688,309.5899963378906,260.57000732421875,343.6499938964844,566.3499755859375,82.08000183105469,309.7300109863281,260.81500244140625,343.9330139160156,566.584228515625,82.13500213623047,22679,37270,9633,10960,28193
2026-08-25 13:09:00-04:00,309.70001220703125,260.6722106933594,343.7799987792969,566.530029296875,82.12000274658203,309.7099914550781,260.69000244140625,343.80999755859375,566.6599731445312,82.13999938964844,309.610107421875,260.614990234375,343.701904296875,566.4005126953125,82.08999633789062,309.6400146484375,260.6400146484375,343.7749938964844,566.5,82.08999633789062,15930,16267,5139,8137,22125
2026-08-25 13:10:00-04:00,309.70001220703125,260.6875915527344,343.6600036621094,566.030029296875,82.11000061035156,309.739990234375,260.739990234375,343.8299865722656,566.5599975585938,82.125,309.6650085449219,260.6875915527344,343.6600036621094,565.989990234375,82.0999984741211,309.70001220703125,260.7099914550781,343.7900085449219,566.5599975585938,82.12000274658203,13448,10737,8042,9566,47366
2026-08-25 13:11:00-04:00,309.7300109863281,260.6700134277344,343.54010009765625,565.8900146484375,82.13500213623047,309.7349853515625,260.739990234375,343.6600036621094,565.9149780273438,82.15499877929688,309.65008544921875,260.6499938964844,343.5150146484375,565.6199951171875,82.0999984741211,309.69500732421875,260.69000244140625,343.6600036621094,565.9149780273438,82.1050033569336,20192,24940,6208,4839,41918
2026-08-25 13:12:00-04:00,309.7900085449219,260.6596984863281,343.7900085449219,566.219970703125,82.125,309.80731201171875,260.6785888671875,343.80999755859375,566.2899780273438,82.14990234375,309.7250061035156,260.6199951171875,343.510009765625,565.8200073242188,82.12010192871094,309.7250061035156,260.6499938964844,343.5400085449219,565.8900146484375,82.13500213623047,13156,17587,9167,15451,16338
2026-08-25 13:13:00-04:00,309.82000732421875,260.7250061035156,343.8349914550781,566.3800048828125,82.15499877929688,309.8699951171875,260.739990234375,343.8999938964844,566.4949951171875,82.15499877929688,309.7900085449219,260.6549987792969,343.79998779296875,566.1300048828125,82.11009979248047,309.79998779296875,260.6600036621094,343.79998779296875,566.1749877929688,82.12000274658203,23691,12191,10047,15924,20224
2026-08-25 13:14:00-04:00,309.8200988769531,260.70001220703125,343.77508544921875,566.260009765625,82.16000366210938,309.8800048828125,260.7735900878906,343.8999938964844,566.47998046875,82.18499755859375,309.7749938964844,260.70001220703125,343.77508544921875,566.260009765625,82.13999938964844,309.82000732421875,260.7300109863281,343.8349914550781,566.385009765625,82.15499877929688,21658,16887,13460,7528,39835
2026-08-25 13:15:00-04:00,309.8599853515625,260.7099914550781,343.69000244140625,566.2999877929688,82.13999938964844,309.8800048828125,260.7200012207031,343.7749938964844,566.35498046875,82.16999816894531,309.82000732421875,260.6650085449219,343.69000244140625,566.1801147460938,82.13999938964844,309.8299865722656,260.6700134277344,343.7650146484375,566.239990234375,82.15499877929688,16104,16456,16416,7143,31612
2026-08-25 13:16:00-04:00,309.8999938964844,260.70001220703125,343.6700134277344,566.0700073242188,82.1498031616211,309.9150085449219,260.8157043457031,343.760009765625,566.4299926757812,82.1498031616211,309.8450012207031,260.70001220703125,343.6600036621094,566.0700073242188,82.0999984741211,309.8550109863281,260.70001220703125,343.6700134277344,566.3049926757812,82.12999725341797,16977,18072,4166,11051,23566
2026-08-25 13:17:00-04:00,309.9049987792969,260.7650146484375,343.7099914550781,566.2249755859375,82.06999969482422,309.92999267578125,260.7650146484375,343.760009765625,566.2999877929688,82.16000366210938,309.8399963378906,260.6694030761719,343.6700134277344,566.0399780273438,82.06999969482422,309.8999938964844,260.7099914550781,343.6700134277344,566.0399780273438,82.1500015258789,15014,15990,10057,6878,30229
2026-08-25 13:18:00-04:00,309.8949890136719,260.7099914550781,343.614990234375,565.9299926757812,82.08000183105469,309.94000244140625,260.7799987792969,343.70001220703125,566.2249755859375,82.12999725341797,309.8699951171875,260.69000244140625,343.6099853515625,565.9299926757812,82.06999969482422,309.9049987792969,260.7799987792969,343.70001220703125,566.2249755859375,82.07559967041016,21854,17170,9561,11337,71222
2026-08-25 13:19:00-04:00,309.9750061035156,260.8299865722656,343.8500061035156,566.021484375,82.16000366210938,310.010009765625,260.875,343.8800048828125,566.0999755859375,82.16999816894531,309.8800048828125,260.7049865722656,343.6199951171875,565.7750244140625,82.05999755859375,309.8900146484375,260.7200012207031,343.6199951171875,565.989990234375,82.07859802246094,35111,17733,16666,15535,38432
2026-08-25 13:20:00-04:00,309.8299865722656,260.69500732421875,343.789306640625,565.8900146484375,82.16000366210938,309.9700012207031,260.840087890625,343.8500061035156,566.109619140625,82.19629669189453,309.80999755859375,260.6700134277344,343.789306640625,565.864990234375,82.16000366210938,309.9599914550781,260.8299865722656,343.8500061035156,566.0499877929688,82.17009735107422,22487,26064,6133,9636,34971
2026-08-25 13:21:00-04:00,309.7900085449219,260.70001220703125,343.6700134277344,565.8800048828125,82.20999908447266,309.82501220703125,260.739990234375,343.7799987792969,565.9400024414062,82.22000122070312,309.70819091796875,260.67498779296875,343.6000061035156,565.760009765625,82.16999816894531,309.82501220703125,260.70098876953125,343.7799987792969,565.8400268554688,82.16999816894531,31081,21211,9247,7455,29119
2026-08-25 13:22:00-04:00,309.79998779296875,260.5400085449219,343.4700012207031,565.7249755859375,82.19000244140625,309.8800048828125,260.7300109863281,343.6700134277344,565.8800048828125,82.21009826660156,309.7699890136719,260.5400085449219,343.3800048828125,565.6799926757812,82.18009948730469,309.7699890136719,260.7080078125,343.6700134277344,565.8800048828125,82.20999908447266,19971,21150,20640,4640,21980
2026-08-25 13:23:00-04:00,309.6700134277344,260.3699951171875,343.5350036621094,565.7949829101562,82.1863021850586,309.8450012207031,260.55999755859375,343.57000732421875,565.7949829101562,82.19999694824219,309.6700134277344,260.3699951171875,343.44000244140625,565.7000122070312,82.15499877929688,309.7900085449219,260.3699951171875,343.4549865722656,565.719970703125,82.19999694824219,16563,40642,9670,5262,34173
2026-08-25 13:24:00-04:00,309.68011474609375,260.32000732421875,343.44500732421875,565.6599731445312,82.19000244140625,309.7099914550781,260.4200134277344,343.576904296875,565.8800048828125,82.19999694824219,309.5801086425781,260.2900085449219,343.44500732421875,565.6599731445312,82.18250274658203,309.6910095214844,260.3900146484375,343.5434875488281,565.6599731445312,82.19000244140625,31274,38262,5483,9930,26854
2026-08-25 13:25:00-04:00,309.6650085449219,260.2799987792969,343.3599853515625,565.6701049804688,82.17500305175781,309.7200012207031,260.29998779296875,343.44500732421875,565.6701049804688,82.19000244140625,309.6600036621094,260.2300109863281,343.3349914550781,565.5001220703125,82.16500091552734,309.67999267578125,260.2943115234375,343.44500732421875,565.6500244140625,82.18080139160156,21295,31588,5956,6592,23202
2026-08-25 13:26:00-04:00,309.7015075683594,260.2085876464844,343.2699890136719,565.4400024414062,82.16000366210938,309.739990234375,260.29998779296875,343.3550109863281,565.6699829101562,82.22000122070312,309.6199951171875,260.1199951171875,343.25,565.3900146484375,82.13999938964844,309.6650085449219,260.25,343.3550109863281,565.4400024414062,82.17729949951172,17115,41841,5271,13082,62360
2026-08-25 13:27:00-04:00,309.6700134277344,260.2049865722656,343.2099914550781,565.4249877929688,82.12000274658203,309.7799987792969,260.2298889160156,343.29998779296875,565.5800170898438,82.16000366210938,309.6449890136719,260.1499938964844,343.1499938964844,565.3699951171875,82.11000061035156,309.7099914550781,260.2099914550781,343.25,565.489990234375,82.16000366210938,15320,18841,7910,9084,17248
2026-08-25 13:28:00-04:00,309.67999267578125,260.25,343.18499755859375,565.3099975585938,82.1449966430664,309.67999267578125,260.25,343.2349853515625,565.5800170898438,82.1500015258789,309.5899963378906,260.1600036621094,343.0400085449219,565.127197265625,82.11499786376953,309.6700134277344,260.2049865722656,343.20001220703125,565.4249877929688,82.11499786376953,17984,22556,28177,12695,25122
2026-08-25 13:29:00-04:00,309.6549987792969,260.239990234375,343.1499938964844,565.3200073242188,82.15989685058594,309.69000244140625,260.260009765625,343.2200012207031,565.3800048828125,82.15989685058594,309.6050109863281,260.18499755859375,343.1300048828125,565.239990234375,82.12000274658203,309.67999267578125,260.260009765625,343.1700134277344,565.3099975585938,82.13999938964844,22529,24150,9042,11589,40436
2026-08-25 13:30:00-04:00,309.55999755859375,260.1700134277344,343.2699890136719,565.3200073242188,82.15499877929688,309.69000244140625,260.25,343.2699890136719,565.350830078125,82.16000366210938,309.5199890136719,260.1199951171875,343.1700134277344,565.1799926757812,82.125,309.6549987792969,260.25,343.17999267578125,565.3419189453125,82.1500015258789,24788,43219,7322,14055,22255
2026-08-25 13:31:00-04:00,309.69000244140625,260.2300109863281,343.375,565.85498046875,82.13999938964844,309.70001220703125,260.260009765625,343.3900146484375,565.8800048828125,82.16999816894531,309.54998779296875,260.1400146484375,343.25,565.2899780273438,82.12999725341797,309.54998779296875,260.17498779296875,343.2699890136719,565.3200073242188,82.15010070800781,18394,40965,9470,18012,42636
2026-08-25 13:32:00-04:00,309.6650085449219,260.1400146484375,343.3251037597656,565.489990234375,82.125,309.7200012207031,260.19000244140625,343.3800048828125,565.739990234375,82.1449966430664,309.6300048828125,260.125,343.30999755859375,565.4785766601562,82.125,309.69500732421875,260.17498779296875,343.3399963378906,565.739990234375,82.1449966430664,22852,17891,4226,8194,18070
2026-08-25 13:33:00-04:00,309.6600036621094,260.1099853515625,343.3450012207031,565.3980102539062,82.1050033569336,309.69000244140625,260.1698913574219,343.3689880371094,565.6300048828125,82.13500213623047,309.6199951171875,260.0799865722656,343.2774963378906,565.3604125976562,82.1050033569336,309.6400146484375,260.1099853515625,343.32000732421875,565.47998046875,82.125,17112,32013,7270,7637,26229
2026-08-25 13:34:00-04:00,309.7200012207031,260.1568908691406,343.2699890136719,565.1900024414062,82.05999755859375,309.7200012207031,260.19000244140625,343.3616027832031,565.5449829101562,82.1050033569336,309.6300048828125,260.1199951171875,343.25,565.1699829101562,82.01499938964844,309.6300048828125,260.1499938964844,343.3616027832031,565.5250244140625,82.1050033569336,26037,23323,7132,10416,50853
2026-08-25 13:35:00-04:00,309.5799865722656,260.1600036621094,343.29998779296875,564.8051147460938,82.04499816894531,309.7099914550781,260.20989990234375,343.3799133300781,565.280029296875,82.06999969482422,309.5799865722656,260.1300048828125,343.2601013183594,564.8051147460938,82.04499816894531,309.7049865722656,260.1600036621094,343.29998779296875,565.1799926757812,82.06500244140625,24526,24697,6389,23753,37336
2026-08-25 13:36:00-04:00,309.6449890136719,260.2200012207031,343.3399963378906,565.0349731445312,82.03009796142578,309.6449890136719,260.2372131347656,343.3399963378906,565.0800170898438,82.04499816894531,309.5400085449219,260.1300048828125,343.2300109863281,564.8400268554688,82.02999877929688,309.5799865722656,260.1499938964844,343.2699890136719,564.8400268554688,82.04499816894531,27037,12620,3798,3695,23675
2026-08-25 13:37:00-04:00,309.70001220703125,260.2200012207031,343.3550109863281,565.0800170898438,82.01920318603516,309.7300109863281,260.2200012207031,343.3900146484375,565.0900268554688,82.04000091552734,309.6300048828125,260.1499938964844,343.30999755859375,564.8900146484375,82.01000213623047,309.6449890136719,260.2200012207031,343.349609375,565.0,82.02999877929688,27211,15740,6876,7907,27998
2026-08-25 13:38:00-04:00,309.7799987792969,260.17999267578125,343.2309875488281,565.0,82.0009994506836,309.8299865722656,260.2799987792969,343.4200134277344,565.1950073242188,82.04499816894531,309.6700134277344,260.17999267578125,343.2309875488281,565.0,81.98999786376953,309.70001220703125,260.2149963378906,343.3550109863281,565.1199951171875,82.01499938964844,29615,29216,5488,5945,130014
2026-08-25 13:39:00-04:00,309.69000244140625,260.2449951171875,343.3999938964844,565.0599975585938,81.99500274658203,309.79998779296875,260.2699890136719,343.44000244140625,565.1843872070312,82.01499938964844,309.6814880371094,260.1400146484375,343.260009765625,564.969970703125,81.97000122070312,309.7900085449219,260.1780090332031,343.2699890136719,565.1843872070312,82.0,14090,20542,9462,7149,35352
2026-08-25 13:40:00-04:00,309.7699890136719,260.1700134277344,343.3598937988281,565.22998046875,81.98500061035156,309.82000732421875,260.2799987792969,343.44000244140625,565.22998046875,82.01000213623047,309.68011474609375,260.1600036621094,343.2850036621094,564.969970703125,81.98500061035156,309.68499755859375,260.2200012207031,343.4150085449219,565.0499877929688,81.98999786376953,26432,20475,9064,5471,20550
2026-08-25 13:41:00-04:00,309.75,260.3089904785156,343.2799987792969,565.030029296875,82.0083999633789,309.7900085449219,260.3089904785156,343.3399963378906,565.1099853515625,82.0250015258789,309.69500732421875,260.2001953125,343.2699890136719,564.969970703125,81.9800033569336,309.7688903808594,260.2200012207031,343.3251037597656,565.0999755859375,81.98500061035156,24370,16853,3731,6128,36210
2026-08-25 13:42:00-04:00,309.6499938964844,260.2300109863281,343.2799987792969,564.75,82.08499908447266,309.7449951171875,260.2799987792969,343.3399963378906,565.010009765625,82.08509826660156,309.6499938964844,260.2300109863281,343.2200012207031,564.52001953125,82.00509643554688,309.7449951171875,260.2701110839844,343.2749938964844,565.010009765625,82.00509643554688,15447,22211,6889,7095,28070
2026-08-25 13:43:00-04:00,309.70001220703125,260.385009765625,343.260009765625,564.8900146484375,82.16999816894531,309.7099914550781,260.44000244140625,343.32000732421875,564.9299926757812,82.16999816894531,309.6499938964844,260.24969482421875,343.2200012207031,564.77001953125,82.08000183105469,309.65948486328125,260.385009765625,343.2950134277344,564.7849731445312,82.08499908447266,23559,42094,8163,6843,95240
2026-08-25 13:44:00-04:00,309.69000244140625,260.26800537109375,343.2900085449219,564.5999755859375,82.16999816894531,309.7099914550781,260.3699951171875,343.29998779296875,564.8350219726562,82.18499755859375,309.6600036621094,260.2650146484375,343.2200012207031,564.5,82.15499877929688,309.7049865722656,260.3699951171875,343.2699890136719,564.8350219726562,82.16500091552734,19645,24185,8715,10999,44250
2026-08-25 13:45:00-04:00,309.79998779296875,260.3399963378906,343.2200012207031,564.5800170898438,82.21499633789062,309.80999755859375,260.3699951171875,343.30999755859375,564.669921875,82.22000122070312,309.69000244140625,260.30499267578125,343.17999267578125,564.489990234375,82.16000366210938,309.69000244140625,260.32000732421875,343.2900085449219,564.5800170898438,82.16999816894531,24091,17053,16662,4996,43307
2026-08-25 13:46:00-04:00,309.7799987792969,260.30999755859375,343.30999755859375,564.6300048828125,82.20500183105469,309.80999755859375,260.340087890625,343.3299865722656,564.6998901367188,82.23999786376953,309.7200012207031,260.2900085449219,343.2049865722656,564.52001953125,82.18000030517578,309.80499267578125,260.3399963378906,343.2049865722656,564.52001953125,82.20999908447266,21975,13098,4925,6158,57611
2026-08-25 13:47:00-04:00,309.7349853515625,260.3500061035156,343.3800048828125,564.6599731445312,82.22000122070312,309.7799072265625,260.3500061035156,343.42999267578125,564.760009765625,82.2300033569336,309.70001220703125,260.2900085449219,343.2699890136719,564.5499877929688,82.19499969482422,309.7799072265625,260.30999755859375,343.30999755859375,564.6199951171875,82.20500183105469,18674,11075,11459,11423,40824
2026-08-25 13:48:00-04:00,309.7300109863281,260.3599853515625,343.3800048828125,564.6599731445312,82.21499633789062,309.7749938964844,260.46160888671875,343.4100036621094,564.844970703125,82.25,309.70001220703125,260.32000732421875,343.3299865722656,564.6400146484375,82.20500183105469,309.739990234375,260.3349914550781,343.40948486328125,564.6599731445312,82.20999908447266,20598,42774,8738,8474,42060
2026-08-25 13:49:00-04:00,309.6549987792969,260.2900085449219,343.42999267578125,564.360107421875,82.19000244140625,309.75,260.3799133300781,343.4639892578125,564.739990234375,82.21990203857422,309.6499938964844,260.2650146484375,343.3399963378906,564.360107421875,82.15499877929688,309.7300109863281,260.375,343.3599853515625,564.6307983398438,82.21499633789062,16294,15055,12291,7815,73043
2026-08-25 13:50:00-04:00,309.510009765625,260.31500244140625,343.5299987792969,564.4600219726562,82.20500183105469,309.6499938964844,260.3299865722656,343.54998779296875,564.5399780273438,82.23500061035156,309.510009765625,260.2699890136719,343.3500061035156,564.360107421875,82.19499969482422,309.6499938964844,260.2703857421875,343.4100036621094,564.4299926757812,82.19499969482422,22378,13617,11141,5215,35455
2026-08-25 13:51:00-04:00,309.44000244140625,260.375,343.5050048828125,564.364990234375,82.2249984741211,309.54998779296875,260.375,343.54998779296875,564.4099731445312,82.2249984741211,309.4100036621094,260.2900085449219,343.3999938964844,563.8699951171875,82.19000244140625,309.5150146484375,260.31500244140625,343.510009765625,564.3699951171875,82.19999694824219,40246,16608,20243,41588,30752
2026-08-25 13:52:00-04:00,309.45001220703125,260.42999267578125,343.5799865722656,564.5050048828125,82.25,309.5199890136719,260.5,343.6000061035156,564.6400146484375,82.25,309.4200134277344,260.3900146484375,343.5199890136719,564.364990234375,82.2249984741211,309.44500732421875,260.3900146484375,343.5199890136719,564.3840942382812,82.2300033569336,26510,26960,6051,9186,40682
2026-08-25 13:53:00-04:00,309.4200134277344,260.4100036621094,343.625,564.4199829101562,82.24500274658203,309.510009765625,260.45001220703125,343.6700134277344,564.5499877929688,82.2699966430664,309.4125061035156,260.4006042480469,343.54998779296875,564.3300170898438,82.23999786376953,309.45001220703125,260.45001220703125,343.56201171875,564.5499877929688,82.25,15088,14277,6787,6208,36672
2026-08-25 13:54:00-04:00,309.42999267578125,260.44500732421875,343.57000732421875,564.530029296875,82.22000122070312,309.45989990234375,260.489501953125,343.67999267578125,564.6300048828125,82.25499725341797,309.30999755859375,260.4200134277344,343.57000732421875,564.3300170898438,82.22000122070312,309.3999938964844,260.4389953613281,343.6239929199219,564.4199829101562,82.25,29984,21724,10641,4178,44941
2026-08-25 13:55:00-04:00,309.45001220703125,260.4649963378906,343.6099853515625,564.5999755859375,82.21499633789062,309.5,260.4700012207031,343.625,564.5999755859375,82.22750091552734,309.4200134277344,260.42999267578125,343.5350036621094,564.4000244140625,82.21219635009766,309.44000244140625,260.42999267578125,343.5799865722656,564.5,82.2249984741211,20912,17868,7908,7430,22145
2026-08-25 13:56:00-04:00,309.42120361328125,260.5150146484375,343.6400146484375,564.6223754882812,82.17500305175781,309.4800109863281,260.54998779296875,343.67999267578125,564.6799926757812,82.2249984741211,309.3800048828125,260.447998046875,343.55499267578125,564.5499877929688,82.16999816894531,309.4599914550781,260.447998046875,343.55499267578125,564.5999145507812,82.21949768066406,34719,15452,13901,8463,51328
2026-08-25 13:57:00-04:00,309.5199890136719,260.510009765625,343.8399963378906,565.0900268554688,82.21499633789062,309.5299987792969,260.5299072265625,343.8599853515625,565.0900268554688,82.21499633789062,309.3800048828125,260.4649963378906,343.6015930175781,564.530029296875,82.16999816894531,309.4200134277344,260.5150146484375,343.6180114746094,564.5999755859375,82.17030334472656,22589,18275,22526,11221,27309
2026-08-25 13:58:00-04:00,309.5201110839844,260.5299987792969,343.9360046386719,565.3250122070312,82.07499694824219,309.55999755859375,260.5400085449219,343.9599914550781,565.3900146484375,82.22000122070312,309.510009765625,260.5,343.840087890625,564.97998046875,82.07499694824219,309.510009765625,260.5,343.8450012207031,565.0900268554688,82.21499633789062,20568,18676,16840,14775,45812
2026-08-25 13:59:00-04:00,309.4649963378906,260.4849853515625,343.82940673828125,565.280029296875,82.00499725341797,309.5,260.6000061035156,343.9800109863281,565.5150146484375,82.08000183105469,309.4320068359375,260.4800109863281,343.82940673828125,565.22998046875,82.0,309.5,260.5400085449219,343.9599914550781,565.4099731445312,82.08000183105469,340983,17021,8056,7956,23390
2026-08-25 14:00:00-04:00,309.0899963378906,260.55999755859375,343.7200012207031,565.35498046875,82.05000305175781,309.4700012207031,260.55999755859375,343.82989501953125,565.47998046875,82.05999755859375,309.04998779296875,260.4599914550781,343.70001220703125,565.25,82.0,309.4700012207031,260.4849853515625,343.8100891113281,565.280029296875,82.0,48877,24851,5596,5749,24874
2026-08-25 14:01:00-04:00,309.2099914550781,260.6199951171875,343.7300109863281,565.3599853515625,82.0,309.25,260.6600036621094,343.760009765625,565.47998046875,82.05500030517578,309.04998779296875,260.5400085449219,343.6600036621094,565.2501220703125,81.93000030517578,309.1000061035156,260.5400085449219,343.7200012207031,565.35498046875,82.05500030517578,53651,25457,12774,9768,96227
2026-08-25 14:02:00-04:00,309.1300048828125,260.5950012207031,343.68499755859375,565.3099975585938,81.98500061035156,309.25,260.6499938964844,343.7200012207031,565.4500122070312,82.01499938964844,309.1099853515625,260.5899963378906,343.6199951171875,565.2899780273438,81.9000015258789,309.2196044921875,260.6300048828125,343.70001220703125,565.405029296875,81.99800109863281,16560,17087,3774,5407,75111
2026-08-25 14:03:00-04:00,308.8599853515625,260.4100036621094,343.5350036621094,565.3049926757812,82.01499938964844,309.1199951171875,260.6099853515625,343.7300109863281,565.469970703125,82.02999877929688,308.8500061035156,260.3900146484375,343.510009765625,565.25,81.98500061035156,309.1199951171875,260.6099853515625,343.68499755859375,565.3599853515625,81.98500061035156,57614,37120,6802,10947,42941
2026-08-25 14:04:00-04:00,308.8800048828125,260.42498779296875,343.5899963378906,565.8250122070312,82.0000991821289,308.9599914550781,260.44000244140625,343.6099853515625,565.8900146484375,82.02999877929688,308.7799987792969,260.3599853515625,343.5199890136719,565.2999877929688,82.0,308.8500061035156,260.4291076660156,343.57000732421875,565.3049926757812,82.01499938964844,46725,32475,7377,12727,26415
2026-08-25 14:05:00-04:00,308.760009765625,260.3900146484375,343.5899963378906,565.739990234375,82.0199966430664,308.8800048828125,260.481689453125,343.5899963378906,565.9600219726562,82.02999877929688,308.6099853515625,260.3599853515625,343.510009765625,565.6126098632812,82.0,308.8599853515625,260.42498779296875,343.5849914550781,565.8400268554688,82.0,70084,26438,9348,9729,30707
2026-08-25 14:06:00-04:00,308.9100036621094,260.5299987792969,343.4700927734375,565.739990234375,82.00499725341797,308.95001220703125,260.5299987792969,343.6099853515625,565.8800048828125,82.05500030517578,308.6900939941406,260.3900146484375,343.4700012207031,565.7100219726562,82.0,308.75,260.4100036621094,343.5899963378906,565.739990234375,82.01000213623047,12911265,22830,10769,12951,51577
2026-08-25 14:07:00-04:00,308.9049987792969,260.5199890136719,343.2749938964844,565.4539794921875,81.93000030517578,309.0450134277344,260.57000732421875,343.510009765625,565.77001953125,82.0199966430664,308.9049987792969,260.510009765625,343.260009765625,565.4539794921875,81.93000030517578,308.9200134277344,260.5199890136719,343.4700012207031,565.77001953125,82.0,32120,35796,6238,11349,83692
2026-08-25 14:08:00-04:00,308.92999267578125,260.40008544921875,343.0450134277344,565.030029296875,81.93000030517578,309.0299987792969,260.5199890136719,343.2650146484375,565.4500122070312,81.95500183105469,308.8782958984375,260.3999938964844,343.0400085449219,565.02001953125,81.8949966430664,308.8999938964844,260.5199890136719,343.2650146484375,565.4500122070312,81.92009735107422,23087,19197,36185,22285,47761
2026-08-25 14:09:00-04:00,309.04998779296875,260.5,343.0899963378906,565.06201171875,82.02989959716797,309.0799865722656,260.5,343.0899963378906,565.1099853515625,82.02999877929688,308.8999938964844,260.3900146484375,343.0199890136719,564.9099731445312,81.94000244140625,308.9211120605469,260.42999267578125,343.0400085449219,565.0499877929688,81.94000244140625,17811,13082,8140,11201,66078
2026-08-25 14:10:00-04:00,309.1499938964844,260.4800109863281,343.0199890136719,565.1500244140625,82.07499694824219,309.17999267578125,260.4849853515625,343.06500244140625,565.1799926757812,82.07499694824219,309.0400085449219,260.4200134277344,342.9800109863281,565.0079956054688,82.0199966430664,309.0459899902344,260.4700012207031,343.06500244140625,565.0900268554688,82.0250015258789,20164,28834,21374,9199,22207
2026-08-25 14:11:00-04:00,309.283203125,260.5299987792969,343.0799865722656,565.2249755859375,81.99500274658203,309.30999755859375,260.5299987792969,343.0899963378906,565.2949829101562,82.07499694824219,309.1099853515625,260.4800109863281,343.0400085449219,565.1900024414062,81.98999786376953,309.1700134277344,260.4949951171875,343.0400085449219,565.1900024414062,82.06999969482422,40340,30892,7415,5638,70108
2026-08-25 14:12:00-04:00,309.2900085449219,260.5450134277344,343.04998779296875,565.2650146484375,80.01000213623047,309.3099060058594,260.54998779296875,343.0963134765625,565.27001953125,82.0199966430664,309.26611328125,260.510498046875,343.0,565.2249755859375,80.01000213623047,309.2799987792969,260.5400085449219,343.0899963378906,565.260009765625,81.99500274658203,4696,3619,4918,866,57849
2026-08-25 14:13:00-04:00,309.3999938964844,260.4599914550781,342.7900085449219,565.0999755859375,82.05010223388672,310.3399963378906,262.07000732421875,344.5899963378906,565.1649780273438,82.06500244140625,309.3599853515625,260.4599914550781,342.7500915527344,559.02001953125,82.05000305175781,310.3399963378906,262.07000732421875,342.7900085449219,559.02001953125,82.05500030517578,60335,60242,30630,17552,9149
2026-08-25 14:14:00-04:00,309.2850036621094,260.5,342.62921142578125,565.010009765625,82.006103515625,309.44000244140625,260.54998779296875,342.7799987792969,565.0999755859375,82.06999969482422,309.2799987792969,260.4700012207031,342.57000732421875,564.9240112304688,82.0,309.3999938964844,260.4700012207031,342.760009765625,565.0999755859375,82.05000305175781,23133,33390,32989,12073,70341
2026-08-25 14:15:00-04:00,309.2850036621094,260.44000244140625,342.7200012207031,564.780029296875,81.95999908447266,309.30621337890625,260.5299987792969,342.739990234375,565.1434936523438,82.01499938964844,309.20001220703125,260.42999267578125,342.6099853515625,564.780029296875,81.93499755859375,309.2799987792969,260.5,342.6099853515625,565.0800170898438,82.01499938964844,513483,637461,13692,5348,43364
2026-08-25 14:16:00-04:00,309.3500061035156,260.489990234375,342.7250061035156,564.8599853515625,81.98999786376953,309.3599853515625,260.489990234375,342.7550048828125,564.8900146484375,81.98999786376953,309.2674865722656,260.43011474609375,342.6600036621094,564.719970703125,81.91999816894531,309.2799987792969,260.44500732421875,342.7049865722656,564.8300170898438,81.96499633789062,23458,23049,6094,6136,120121
2026-08-25 14:17:00-04:00,309.3399963378906,260.4049987792969,342.6300048828125,564.5549926757812,81.95500183105469,309.3900146484375,260.5199890136719,342.739990234375,564.9000244140625,82.0,309.29998779296875,260.375,342.6300048828125,564.510009765625,81.94999694824219,309.3406066894531,260.5199890136719,342.7250061035156,564.760009765625,81.98500061035156,21801,30329,9778,6326,42870
2026-08-25 14:18:00-04:00,309.4100036621094,260.3399963378906,342.54998779296875,564.719970703125,81.9552993774414,309.43499755859375,260.3800048828125,342.6400146484375,564.8900146484375,81.96199798583984,309.3125915527344,260.29010009765625,342.510009765625,564.510009765625,81.94000244140625,309.32000732421875,260.3599853515625,342.6099853515625,564.5549926757812,81.95249938964844,19933,46463,12900,8152,28521
2026-08-25 14:19:00-04:00,309.4599914550781,260.4100036621094,342.5400085449219,564.760009765625,81.95500183105469,309.4700012207031,260.44000244140625,342.5820007324219,564.875,81.9800033569336,309.3900146484375,260.3399963378906,342.5199890136719,564.6500244140625,81.93499755859375,309.4049987792969,260.3399963378906,342.55999755859375,564.8099975585938,81.95989990234375,15668,21214,16080,6959,422595
2026-08-25 14:20:00-04:00,309.5580139160156,260.20001220703125,342.7650146484375,564.872802734375,81.98999786376953,309.57000732421875,260.42999267578125,342.7699890136719,564.969970703125,81.98999786376953,309.4599914550781,260.19000244140625,342.54998779296875,564.6900024414062,81.93000030517578,309.4599914550781,260.42498779296875,342.57000732421875,564.75,81.95999908447266,39466,35294,15131,4193,34403
2026-08-25 14:21:00-04:00,309.6449890136719,260.1600036621094,342.69500732421875,564.9550170898438,81.98999786376953,309.6499938964844,260.2699890136719,342.8500061035156,565.1500244140625,81.99600219726562,309.5299987792969,260.13018798828125,342.6700134277344,564.8800048828125,81.9800033569336,309.55999755859375,260.2049865722656,342.7650146484375,564.8800048828125,81.9800033569336,25946,26650,12555,9536,12996
2026-08-25 14:22:00-04:00,309.6600036621094,260.1050109863281,342.6099853515625,565.0999755859375,81.99500274658203,309.7200012207031,260.19000244140625,342.70989990234375,565.1099853515625,82.0199966430664,309.5899963378906,260.1000061035156,342.6099853515625,565.0125732421875,81.9800033569336,309.6499938964844,260.1499938964844,342.6859130859375,565.0700073242188,81.99500274658203,35466,12198,5769,2489,43605
2026-08-25 14:23:00-04:00,309.5849914550781,259.9949951171875,342.5299987792969,564.5401000976562,81.95999908447266,309.67498779296875,260.1000061035156,342.6499938964844,564.989990234375,82.0,309.55010986328125,259.8900146484375,342.4100036621094,564.5401000976562,81.95999908447266,309.67498779296875,260.1000061035156,342.6400146484375,564.969970703125,81.99500274658203,35740,150815,21003,13444,43583
2026-08-25 14:24:00-04:00,309.5,259.92999267578125,342.4200134277344,564.4600219726562,81.97000122070312,309.6000061035156,259.9949951171875,342.5398864746094,564.614990234375,81.9749984741211,309.4200134277344,259.8699951171875,342.4200134277344,564.4000244140625,81.95999908447266,309.5899963378906,259.9949951171875,342.5398864746094,564.5399780273438,81.96499633789062,35704,35379,10323,7415,15747
2026-08-25 14:25:00-04:00,309.4273986816406,259.8949890136719,342.3800048828125,564.4000244140625,81.91500091552734,309.5050048828125,259.9599914550781,342.4599914550781,564.530029296875,81.9749984741211,309.3800048828125,259.8800048828125,342.3500061035156,564.3800048828125,81.91000366210938,309.489990234375,259.9599914550781,342.4200134277344,564.4199829101562,81.9749984741211,19303,20773,9537,6354,25554
2026-08-25 14:26:00-04:00,309.6650085449219,259.9200134277344,342.4700012207031,564.4450073242188,81.95500183105469,309.6650085449219,259.9200134277344,342.4800109863281,564.5750122070312,81.97000122070312,309.4200134277344,259.8299865722656,342.3599853515625,564.3519287109375,81.8949966430664,309.6650085449219,259.9198913574219,342.3800048828125,564.4099731445312,81.91999816894531,21125,36308,12472,7762,50936
2026-08-25 14:27:00-04:00,309.510009765625,260.0199890136719,342.56500244140625,564.6699829101562,82.01499938964844,309.67999267578125,260.04998779296875,342.6300048828125,564.6699829101562,82.0250015258789,309.510009765625,259.9200134277344,342.4800109863281,564.4400024414062,81.96009826660156,309.6700134277344,259.9200134277344,342.4800109863281,564.510009765625,81.96499633789062,27801,39212,19258,12143,26750
2026-08-25 14:28:00-04:00,309.5,259.9930114746094,342.6199951171875,564.6900024414062,82.00499725341797,309.55999755859375,260.0799865722656,342.6400146484375,564.6900024414062,82.05000305175781,309.4649963378906,259.95001220703125,342.4949951171875,564.530029296875,82.00499725341797,309.5,260.0199890136719,342.55499267578125,564.5700073242188,82.0199966430664,31594,31478,5483,5980,36136
2026-08-25 14:29:00-04:00,309.5400085449219,260.1000061035156,342.739990234375,565.0336303710938,81.95999908447266,309.55999755859375,260.1499938964844,342.75,565.27001953125,82.01499938964844,309.5176086425781,259.9700012207031,342.6400146484375,564.6199951171875,81.94499969482422,309.5199890136719,259.9849853515625,342.6400146484375,564.6199951171875,82.00499725341797,14023,40183,12041,11073,44393
2026-08-25 14:30:00-04:00,309.5799865722656,260.1600036621094,342.7900085449219,565.2949829101562,81.97000122070312,309.6099853515625,260.21270751953125,342.8999938964844,565.3599243164062,81.99500274658203,309.5400085449219,260.1000061035156,342.70001220703125,565.2000122070312,81.94999694824219,309.55499267578125,260.1050109863281,342.7550048828125,565.2899169921875,81.95500183105469,31479,27215,19338,10881,67983
2026-08-25 14:31:00-04:00,309.4800109863281,260.02880859375,342.739990234375,565.280029296875,81.94499969482422,309.5899963378906,260.19000244140625,342.80999755859375,565.4400024414062,81.9749984741211,309.456298828125,260.010009765625,342.70001220703125,565.260009765625,81.91999816894531,309.5849914550781,260.1600036621094,342.7900085449219,565.3599853515625,81.9749984741211,21896,23596,8637,7716,52912
2026-08-25 14:32:00-04:00,309.4800109863281,260.0199890136719,342.760009765625,565.2100219726562,81.92500305175781,309.5199890136719,260.05999755859375,342.7900085449219,565.2999877929688,81.9800033569336,309.44000244140625,260.0,342.6700134277344,565.1599731445312,81.92500305175781,309.4599914550781,260.0400085449219,342.7099914550781,565.27001953125,81.94999694824219,19606,15390,10378,6506,27413
2026-08-25 14:33:00-04:00,309.4549865722656,260.1600036621094,342.7099914550781,565.27001953125,81.95999908447266,309.5299987792969,260.20001220703125,342.76300048828125,565.3599853515625,81.95999908447266,309.44500732421875,260.0299987792969,342.6700134277344,565.1400146484375,81.93000030517578,309.5,260.0299987792969,342.76300048828125,565.1699829101562,81.93000030517578,22285,29421,3700,305198,16571
2026-08-25 14:34:00-04:00,309.5403137207031,260.1099853515625,342.6099853515625,565.1599731445312,82.0,309.54998779296875,260.1697082519531,342.69000244140625,565.3200073242188,82.0199966430664,309.4700012207031,260.1000061035156,342.5899963378906,564.9749755859375,81.96990203857422,309.4700012207031,260.1600036621094,342.6600036621094,565.2550048828125,81.97000122070312,14435,10104,10096,12035,37264
2026-08-25 14:35:00-04:00,309.4649963378906,260.0899963378906,342.5899963378906,564.8076171875,82.01000213623047,309.55999755859375,260.1099853515625,342.6390075683594,565.0689697265625,82.03500366210938,309.4599914550781,260.0299987792969,342.510009765625,564.8076171875,81.98999786376953,309.5400085449219,260.0899963378906,342.6099853515625,565.02001953125,82.00499725341797,16276,21060,5370,6959,40182
2026-08-25 14:36:00-04:00,309.42999267578125,260.0799865722656,342.6700134277344,564.7100219726562,81.96499633789062,309.4656066894531,260.1000061035156,342.69000244140625,564.9600219726562,82.0198974609375,309.3900146484375,260.05499267578125,342.5799865722656,564.7100219726562,81.9625015258789,309.45001220703125,260.068115234375,342.6000061035156,564.875,82.01499938964844,31825,24680,10391,4041,26186
2026-08-25 14:37:00-04:00,309.239990234375,260.239990234375,342.82000732421875,564.9199829101562,82.01000213623047,309.4200134277344,260.2699890136719,342.8999938964844,564.9749755859375,82.03500366210938,309.2300109863281,260.1000061035156,342.6700134277344,564.7550048828125,81.95999908447266,309.4200134277344,260.1000061035156,342.6700134277344,564.7550048828125,81.97000122070312,33004,61498,22902,8095,30173
2026-08-25 14:38:00-04:00,309.19500732421875,260.3500061035156,342.6600036621094,564.8900146484375,82.03500366210938,309.25,260.3999938964844,342.82000732421875,564.994873046875,82.04000091552734,309.114990234375,260.2200012207031,342.6600036621094,564.8300170898438,81.99500274658203,309.239990234375,260.2300109863281,342.82000732421875,564.8900146484375,82.00499725341797,37060,40092,4732,3052,33876
2026-08-25 14:39:00-04:00,309.1300048828125,260.3500061035156,342.6199951171875,565.0499877929688,82.01249694824219,309.2099914550781,260.3598937988281,342.739990234375,565.0900268554688,82.07499694824219,309.1099853515625,260.2950134277344,342.6000061035156,564.9199829101562,82.0,309.2099914550781,260.3450012207031,342.69000244140625,565.010009765625,82.03500366210938,17474,13600,9610,5609,43243
2026-08-25 14:40:00-04:00,309.1400146484375,260.44000244140625,342.7099914550781,565.1607055664062,82.0250015258789,309.19000244140625,260.46990966796875,342.7099914550781,565.219970703125,82.04000091552734,309.0950012207031,260.3349914550781,342.60009765625,565.0499877929688,82.01000213623047,309.135009765625,260.3349914550781,342.60009765625,565.0700073242188,82.01000213623047,23404,29070,7386,7388,17796
2026-08-25 14:41:00-04:00,309.1000061035156,260.4150085449219,342.7699890136719,565.0750122070312,81.96499633789062,309.19000244140625,260.489990234375,342.7900085449219,565.1599731445312,82.02629852294922,309.0950012207031,260.3900146484375,342.6499938964844,565.0,81.94000244140625,309.1499938964844,260.44000244140625,342.6700134277344,565.0999755859375,82.0250015258789,16228,41737,199966,7191,108231
2026-08-25 14:42:00-04:00,309.06500244140625,260.42498779296875,342.7550048828125,565.0650024414062,82.01000213623047,309.1300048828125,260.44989013671875,342.7900085449219,565.1300048828125,82.01000213623047,309.04998779296875,260.3399963378906,342.7200012207031,564.8464965820312,81.91010284423828,309.1000061035156,260.4299011230469,342.7749938964844,565.010009765625,81.96499633789062,21982,25170,164158,5392,34299
2026-08-25 14:43:00-04:00,309.2200012207031,260.49700927734375,342.8999938964844,565.1849975585938,82.01499938964844,309.2200012207031,260.510009765625,342.92999267578125,565.239990234375,82.03990173339844,309.0400085449219,260.42498779296875,342.7749938964844,565.0800170898438,82.00499725341797,309.07000732421875,260.42498779296875,342.7799987792969,565.0800170898438,82.01000213623047,66143,18722,83508,6012,18856
2026-08-25 14:44:00-04:00,309.19500732421875,260.44500732421875,342.94000244140625,565.3499755859375,82.02999877929688,309.28948974609375,260.53851318359375,342.989990234375,565.3499755859375,82.02999877929688,309.17999267578125,260.4200134277344,342.8599853515625,565.2000122070312,81.9800033569336,309.2149963378906,260.489990234375,342.8599853515625,565.2050170898438,82.01969909667969,24539,37772,4931,7422,57505
2026-08-25 14:45:00-04:00,309.2550048828125,260.635009765625,343.0751953125,565.6300048828125,82.0,309.2900085449219,260.6400146484375,343.1195068359375,565.6300048828125,82.05780029296875,309.1300048828125,260.4700012207031,342.9599914550781,565.3049926757812,81.98999786376953,309.19000244140625,260.4700012207031,342.9800109863281,565.3599853515625,82.0250015258789,29282,28372,26922,6030,105961
2026-08-25 14:46:00-04:00,309.2099914550781,260.6700134277344,343.0950012207031,566.0999755859375,82.0250015258789,309.29998779296875,260.7200012207031,343.1199951171875,566.0999755859375,82.05000305175781,309.2099914550781,260.6099853515625,343.04010009765625,565.5850219726562,82.0,309.2550048828125,260.625,343.0950012207031,565.6190185546875,82.0,21941,56063,43356,25679,46833
2026-08-25 14:47:00-04:00,309.0199890136719,260.614990234375,342.9800109863281,566.1500244140625,82.07499694824219,309.2099914550781,260.7099914550781,343.1199951171875,566.4398803710938,82.08000183105469,309.0199890136719,260.614990234375,342.9700012207031,566.125,82.01300048828125,309.0199890136719,260.614990234375,343.0899963378906,566.125,82.02999877929688,26169,22552,28665,11064,57933
2026-08-25 14:48:00-04:00,309.0400085449219,260.5950012207031,342.9530029296875,566.2000122070312,82.0250015258789,309.0799865722656,260.6094970703125,342.989990234375,566.2100219726562,82.08000183105469,309.0,260.5284118652344,342.93011474609375,566.1300048828125,82.0199966430664,309.0,260.5899963378906,342.9750061035156,566.1500244140625,82.07499694824219,41560,21591,17015,5122,31295
2026-08-25 14:49:00-04:00,309.1499938964844,260.6300048828125,342.8599853515625,566.1699829101562,82.04499816894531,309.1499938964844,260.6400146484375,343.0,566.3298950195312,82.07499694824219,309.0,260.5801086425781,342.8599853515625,566.0700073242188,82.0250015258789,309.0400085449219,260.5801086425781,342.9599914550781,566.2899780273438,82.0250015258789,25079,15389,10230,12591,109969
2026-08-25 14:50:00-04:00,309.1200866699219,260.5950012207031,342.86590576171875,566.135009765625,82.0199966430664,309.19000244140625,260.6700134277344,342.95001220703125,566.260009765625,82.08999633789062,309.1000061035156,260.5950012207031,342.80999755859375,566.0900268554688,82.0199966430664,309.135009765625,260.6300048828125,342.8900146484375,566.1749877929688,82.04000091552734,28098,40647,26573,8122,63820
2026-08-25 14:51:00-04:00,309.05999755859375,260.5450134277344,342.8999938964844,565.7999877929688,81.86499786376953,309.125,260.6300048828125,342.9200134277344,566.1699829101562,82.01499938964844,309.0299987792969,260.510009765625,342.80999755859375,565.5880126953125,81.86009979248047,309.125,260.5950012207031,342.864990234375,566.135009765625,82.01499938964844,34176,53838,6279,25264,52732
2026-08-25 14:52:00-04:00,309.114990234375,260.55999755859375,342.9100036621094,565.8967895507812,82.01000213623047,309.1394958496094,260.5799865722656,342.9800109863281,565.9299926757812,82.01499938964844,309.0249938964844,260.5249938964844,342.8999938964844,565.7402954101562,81.83499908447266,309.0249938964844,260.55999755859375,342.8999938964844,565.7999877929688,81.86499786376953,19127,11191,9908,4377,64187
2026-08-25 14:53:00-04:00,309.1138916015625,260.55999755859375,342.95001220703125,565.751220703125,82.05000305175781,309.18499755859375,260.57000732421875,342.9599914550781,565.8757934570312,82.05500030517578,309.05999755859375,260.5199890136719,342.8999938964844,565.72998046875,82.01499938964844,309.1000061035156,260.56500244140625,342.8999938964844,565.8599853515625,82.01499938964844,19071,16066,7921,5926,18750
2026-08-25 14:54:00-04:00,309.0899963378906,260.5199890136719,342.8599853515625,565.9500122070312,82.16999816894531,309.1494140625,260.6300048828125,342.989990234375,566.0599975585938,82.18499755859375,309.06500244140625,260.510009765625,342.8299865722656,565.75,82.05249786376953,309.1099853515625,260.57501220703125,342.9549865722656,565.7750244140625,82.05500030517578,13391,19304,6371,6848,121870
2026-08-25 14:55:00-04:00,308.80010986328125,260.55999755859375,342.7799987792969,566.1900024414062,82.15499877929688,309.1300048828125,260.55999755859375,342.8999938964844,566.2449951171875,82.20700073242188,308.79998779296875,260.5199890136719,342.760009765625,565.8400268554688,82.1500015258789,309.0780029296875,260.54998779296875,342.8599853515625,566.1900024414062,82.16000366210938,97624,15358,7253,6338,33928
2026-08-25 14:56:00-04:00,308.54998779296875,260.56500244140625,342.6698913574219,566.280029296875,82.20500183105469,308.8299865722656,260.5931091308594,342.8500061035156,566.2899780273438,82.21499633789062,308.5400085449219,260.5199890136719,342.6300048828125,566.0499877929688,82.1500015258789,308.80999755859375,260.5799865722656,342.79998779296875,566.219970703125,82.15499877929688,69679,21623,9047,10760,46081
2026-08-25 14:57:00-04:00,308.45001220703125,260.4800109863281,342.6000061035156,566.0999755859375,82.206298828125,308.6000061035156,260.67999267578125,342.7099914550781,566.3800048828125,82.20999908447266,308.4150085449219,260.4800109863281,342.5400085449219,566.010009765625,82.18499755859375,308.54998779296875,260.56500244140625,342.6542053222656,566.280029296875,82.20500183105469,87634,32165,27940,11582,22735
2026-08-25 14:58:00-04:00,308.5249938964844,260.5799865722656,342.70001220703125,566.3599853515625,82.2249984741211,308.6050109863281,260.6300048828125,342.739990234375,566.3599853515625,82.2300033569336,308.4200134277344,260.5299987792969,342.6000061035156,566.0999755859375,82.19499969482422,308.45001220703125,260.5299987792969,342.70001220703125,566.1699829101562,82.19999694824219,49651,16836,12160,10608,29944
2026-08-25 14:59:00-04:00,308.5799865722656,260.67999267578125,342.67999267578125,566.4550170898438,82.23500061035156,308.5950012207031,260.7099914550781,342.71990966796875,566.6099853515625,82.23999786376953,308.4700012207031,260.6000061035156,342.6499938964844,566.1857299804688,82.22000122070312,308.5450134277344,260.6050109863281,342.70001220703125,566.3695068359375,82.2249984741211,37641,29036,5841,13242,37255
2026-08-25 15:00:00-04:00,308.364990234375,260.79998779296875,342.92999267578125,566.614990234375,82.25,308.6099853515625,260.8599853515625,342.9999084472656,566.6699829101562,82.2699966430664,308.2799987792969,260.67010498046875,342.6650085449219,566.4210815429688,82.2300033569336,308.5799865722656,260.67010498046875,342.6650085449219,566.4210815429688,82.23500061035156,100532,50058,19492,12119,50913
2026-08-25 15:01:00-04:00,308.260009765625,260.7742004394531,343.0199890136719,566.5349731445312,82.30000305175781,308.5,260.889892578125,343.0799865722656,566.8599853515625,82.30999755859375,308.2405090332031,260.7601013183594,342.92999267578125,566.530029296875,82.24500274658203,308.3550109863281,260.79010009765625,342.9800109863281,566.6900024414062,82.25,66099,55921,37200,9567,42611
2026-08-25 15:02:00-04:00,308.32000732421875,260.6499938964844,343.0,566.3300170898438,82.28489685058594,308.3900146484375,260.7699890136719,343.14990234375,566.5349731445312,82.31999969482422,308.2200012207031,260.6000061035156,342.92999267578125,566.280029296875,82.27999877929688,308.239990234375,260.7699890136719,343.04998779296875,566.5349731445312,82.30999755859375,35468,47360,39537,7179,29433
2026-08-25 15:03:00-04:00,308.272705078125,260.6099853515625,343.0849914550781,566.260009765625,82.25,308.3799133300781,260.6903076171875,343.1400146484375,566.4000854492188,82.28579711914062,308.260009765625,260.6099853515625,343.05499267578125,566.260009765625,82.23999786376953,308.30999755859375,260.6499938964844,343.0849914550781,566.2999877929688,82.28500366210938,28486,24981,108684,5159,40086
2026-08-25 15:04:00-04:00,308.239990234375,260.739990234375,343.05999755859375,566.260009765625,82.25499725341797,308.3550109863281,260.739990234375,343.05999755859375,566.2849731445312,82.26000213623047,308.2300109863281,260.552490234375,343.010009765625,566.1699829101562,82.2300033569336,308.2597961425781,260.6099853515625,343.05999755859375,566.2849731445312,82.24500274658203,35831,23765,3707,7985,21333
2026-08-25 15:05:00-04:00,308.30999755859375,260.5851135253906,342.9549865722656,566.2000122070312,82.24500274658203,308.30999755859375,260.7300109863281,343.06500244140625,566.27001953125,82.26000213623047,308.2099914550781,260.57000732421875,342.92999267578125,566.080810546875,82.2300033569336,308.2300109863281,260.7225036621094,343.0299987792969,566.2349853515625,82.25,41370,15988,5288,7219,29028
2026-08-25 15:06:00-04:00,308.44000244140625,260.5299987792969,343.04998779296875,566.5399780273438,82.28500366210938,308.4800109863281,260.6000061035156,343.04998779296875,566.5800170898438,82.28500366210938,308.2619934082031,260.5299987792969,342.92999267578125,566.1599731445312,82.24659729003906,308.2900085449219,260.5299987792969,342.9549865722656,566.1599731445312,82.25,44034,14980,6926,7504,26428
2026-08-25 15:07:00-04:00,308.3900146484375,260.4049987792969,343.0249938964844,566.2901000976562,82.2750015258789,308.510009765625,260.57000732421875,343.0899963378906,566.6099853515625,82.29499816894531,308.3699951171875,260.3900146484375,343.010009765625,566.2899780273438,82.2750015258789,308.4700012207031,260.54998779296875,343.05499267578125,566.5399780273438,82.29000091552734,27767,26931,9704,10777,25228
2026-08-25 15:08:00-04:00,308.4200134277344,260.30999755859375,342.7149963378906,566.2650146484375,82.28500366210938,308.44000244140625,260.45001220703125,343.0400085449219,566.47998046875,82.29499816894531,308.3568115234375,260.2900085449219,342.7149963378906,566.1599731445312,82.2699966430664,308.3800048828125,260.42999267578125,343.0400085449219,566.3800048828125,82.2750015258789,39789,27566,31930,5187,38940
2026-08-25 15:09:00-04:00,308.42999267578125,260.2099914550781,342.7699890136719,566.1699829101562,82.27999877929688,308.4750061035156,260.32000732421875,342.8500061035156,566.3900146484375,82.29499816894531,308.3599853515625,260.2099914550781,342.67999267578125,566.02001953125,82.2699966430664,308.3800048828125,260.30999755859375,342.7049865722656,566.2100219726562,82.29000091552734,25960,50093,8733,17541,29919
2026-08-25 15:10:00-04:00,308.4949951171875,260.135009765625,342.8500061035156,565.89501953125,82.30500030517578,308.55499267578125,260.25,342.8598937988281,566.1699829101562,82.30999755859375,308.42999267578125,260.135009765625,342.70001220703125,565.8510131835938,82.2699966430664,308.43499755859375,260.20001220703125,342.7300109863281,566.1400146484375,82.2750015258789,48326,40221,7670,14464,40083
2026-08-25 15:11:00-04:00,308.55999755859375,260.1000061035156,342.80999755859375,565.9099731445312,82.29499816894531,308.6099853515625,260.1700134277344,342.8494873046875,566.010009765625,82.30999755859375,308.4801025390625,260.1000061035156,342.7699890136719,565.75,82.27999877929688,308.50408935546875,260.1499938964844,342.8349914550781,565.8554077148438,82.30000305175781,38932,23003,7755,4675,60341
2026-08-25 15:12:00-04:00,308.5400085449219,260.0799865722656,342.82000732421875,566.030029296875,82.31500244140625,308.6199951171875,260.114990234375,342.83270263671875,566.0999755859375,82.31500244140625,308.5,260.010009765625,342.7749938964844,565.8499755859375,82.26000213623047,308.54998779296875,260.1090087890625,342.7900085449219,565.9600219726562,82.29499816894531,27065,17733,9011,10838,39083
2026-08-25 15:13:00-04:00,308.71990966796875,260.0799865722656,342.80999755859375,565.75,82.30500030517578,308.7200012207031,260.0899963378906,342.8500061035156,565.9749755859375,82.30999755859375,308.5150146484375,260.0199890136719,342.75,565.6956787109375,82.29000091552734,308.5150146484375,260.0899963378906,342.82000732421875,565.969970703125,82.30999755859375,32111,29924,9348,6050,36173
2026-08-25 15:14:00-04:00,308.69000244140625,260.0950012207031,342.8800048828125,565.8900756835938,82.28500366210938,308.7749938964844,260.1199951171875,342.94000244140625,566.0999755859375,82.31500244140625,308.6199951171875,260.07000732421875,342.7943115234375,565.8150024414062,82.27999877929688,308.7001037597656,260.07000732421875,342.7943115234375,565.8150024414062,82.30500030517578,63487,16566,9918,5704,59168
2026-08-25 15:15:00-04:00,308.79998779296875,260.20001220703125,343.010009765625,565.9299926757812,82.25499725341797,308.82000732421875,260.20001220703125,343.010009765625,566.0,82.29000091552734,308.69000244140625,260.0801086425781,342.8900146484375,565.8699951171875,82.25,308.69000244140625,260.1098937988281,342.9200134277344,565.9100952148438,82.25499725341797,84228,32934,9539,6099,35616
2026-08-25 15:16:00-04:00,308.9100036621094,260.125,343.010009765625,565.7492065429688,82.23500061035156,308.9189147949219,260.20001220703125,343.010009765625,565.9299926757812,82.25499725341797,308.7699890136719,260.0721130371094,342.94000244140625,565.7125244140625,82.22000122070312,308.80499267578125,260.19000244140625,343.0,565.9299926757812,82.25499725341797,31456,53406,7478,12060,30955
2026-08-25 15:17:00-04:00,309.010009765625,260.2200012207031,342.9599914550781,566.0800170898438,82.23500061035156,309.0260009765625,260.2699890136719,343.010009765625,566.0800170898438,82.25,308.8765869140625,260.0299987792969,342.80999755859375,565.5399780273438,82.20999908447266,308.9100036621094,260.114990234375,343.010009765625,565.7150268554688,82.23999786376953,46348,48683,6678,17653,41573
2026-08-25 15:18:00-04:00,308.9700012207031,260.2049865722656,343.0400085449219,565.9849853515625,82.2249984741211,309.04998779296875,260.2499084472656,343.07000732421875,566.0900268554688,82.24500274658203,308.94000244140625,260.19000244140625,342.8890075683594,565.8900146484375,82.20999908447266,309.0299987792969,260.2200012207031,343.0400085449219,566.0150146484375,82.24500274658203,28653,24090,8352,6692,35624
2026-08-25 15:19:00-04:00,308.989990234375,260.07000732421875,342.9700012207031,565.8099975585938,82.2249984741211,309.07049560546875,260.239990234375,343.0299987792969,566.0499877929688,82.2300033569336,308.9544982910156,260.04998779296875,342.95001220703125,565.8099975585938,82.20999908447266,308.9700012207031,260.19500732421875,343.0,565.9849853515625,82.2300033569336,33217,25526,9470,7474,41050
2026-08-25 15:20:00-04:00,309.0260009765625,260.0498962402344,343.0299987792969,565.7050170898438,82.25499725341797,309.05999755859375,260.1000061035156,343.0299987792969,565.8699951171875,82.27999877929688,308.9601135253906,260.0198974609375,342.94000244140625,565.5999755859375,82.20999908447266,308.989990234375,260.07000732421875,342.9750061035156,565.77001953125,82.2249984741211,22331,31513,8093,6462,53211
2026-08-25 15:21:00-04:00,309.07000732421875,259.9700012207031,343.0899963378906,565.8200073242188,82.26499938964844,309.139892578125,260.07000732421875,343.1199035644531,565.9099731445312,82.27999877929688,309.0350036621094,259.9700012207031,343.0400085449219,565.6500244140625,82.25,309.0400085449219,260.0400085449219,343.05999755859375,565.7999877929688,82.25499725341797,26115,38157,58825,6862,29597
2026-08-25 15:22:00-04:00,309.0350036621094,259.9549865722656,343.07501220703125,566.0700073242188,82.2699966430664,309.1400146484375,260.010009765625,343.2048034667969,566.0999755859375,82.2750015258789,309.0199890136719,259.95001220703125,343.04998779296875,565.7849731445312,82.25,309.06500244140625,259.9700012207031,343.0950927734375,565.8099975585938,82.26499938964844,25404,21493,10293,12121,35831
2026-08-25 15:23:00-04:00,309.1000061035156,259.9200134277344,343.0450134277344,566.1099243164062,82.25,309.1199035644531,260.0299987792969,343.1099853515625,566.1699829101562,82.29000091552734,309.0,259.8931884765625,343.0,565.97998046875,82.24500274658203,309.0350036621094,259.9599914550781,343.0692138671875,566.0499877929688,82.26499938964844,28977,37961,11404,8284,41549
2026-08-25 15:24:00-04:00,309.17999267578125,259.9200134277344,343.17999267578125,565.9249877929688,82.24500274658203,309.17999267578125,259.94000244140625,343.17999267578125,566.14990234375,82.25499725341797,309.05999755859375,259.8699951171875,343.04010009765625,565.8900756835938,82.23999786376953,309.1050109863281,259.94000244140625,343.0450134277344,566.0650024414062,82.25,31586,43620,10596,6929,50416
2026-08-25 15:25:00-04:00,309.3599853515625,259.9599914550781,343.1050109863281,566.1799926757812,82.20999908447266,309.3599853515625,259.9800109863281,343.2099914550781,566.22998046875,82.25499725341797,309.17999267578125,259.8699951171875,343.04998779296875,565.9099731445312,82.20210266113281,309.17999267578125,259.9200134277344,343.1700134277344,565.9099731445312,82.24500274658203,54561,37206,26021,6473,47278
2026-08-25 15:26:00-04:00,309.20098876953125,259.9700012207031,343.1700134277344,566.1300048828125,82.23500061035156,309.3951110839844,259.9800109863281,343.1700134277344,566.2899780273438,82.24500274658203,309.20001220703125,259.8699951171875,343.05499267578125,566.0130004882812,82.19000244140625,309.364990234375,259.9599914550781,343.0801086425781,566.25,82.20500183105469,49248,33931,17793,9227,59601
2026-08-25 15:27:00-04:00,309.1050109863281,260.125,343.2080078125,566.3049926757812,82.2300033569336,309.2699890136719,260.1499938964844,343.2080078125,566.3900146484375,82.23999786376953,309.07049560546875,259.9700012207031,343.1199951171875,566.030029296875,82.21499633789062,309.2099914550781,259.9700012207031,343.1700134277344,566.1300048828125,82.2300033569336,40200,56225,8197,13111,35348
2026-08-25 15:28:00-04:00,309.0249938964844,260.1000061035156,343.1300048828125,566.2849731445312,82.18499755859375,309.1000061035156,260.1499938964844,343.260009765625,566.4500122070312,82.23999786376953,309.01800537109375,260.0450134277344,343.04998779296875,566.1500244140625,82.18000030517578,309.0899963378906,260.125,343.2200012207031,566.3900146484375,82.2249984741211,22463,43724,15560,11391,44297
2026-08-25 15:29:00-04:00,308.9700927734375,260.1199951171875,343.20001220703125,566.3400268554688,82.20999908447266,309.05999755859375,260.239990234375,343.239990234375,566.5,82.21499633789062,308.9549865722656,260.1000061035156,343.1400146484375,566.272216796875,82.16999816894531,309.03009033203125,260.1000061035156,343.1400146484375,566.272216796875,82.18499755859375,31584,40549,7763,10133,31373
2026-08-25 15:30:00-04:00,308.875,260.2300109863281,343.4400939941406,566.844970703125,82.26499938964844,308.97198486328125,260.2699890136719,343.4639892578125,567.0,82.27999877929688,308.8399963378906,260.1195068359375,343.185791015625,566.3800048828125,82.18000030517578,308.9700927734375,260.1300048828125,343.185791015625,566.3848266601562,82.19999694824219,51781,51686,16663,24094,50440
2026-08-25 15:31:00-04:00,308.7439880371094,260.2049865722656,343.40509033203125,566.8400268554688,82.20500183105469,308.9200134277344,260.239990234375,343.489990234375,566.969970703125,82.2750015258789,308.6700134277344,260.1549987792969,343.3700866699219,566.7000122070312,82.19999694824219,308.8800048828125,260.2200012207031,343.4700012207031,566.8400268554688,82.2699966430664,50759,32618,11297,14467,53869
2026-08-25 15:32:00-04:00,308.7449951171875,260.1536865234375,343.44500732421875,566.85498046875,82.1240005493164,308.7799987792969,260.2200012207031,343.45001220703125,566.97998046875,82.21499633789062,308.6199951171875,260.1050109863281,343.32000732421875,566.6906127929688,82.10009765625,308.7449951171875,260.20001220703125,343.4200134277344,566.8400268554688,82.20999908447266,72189,23998,11422,14052,64169
2026-08-25 15:33:00-04:00,309.0249938964844,260.2449951171875,343.4200134277344,566.9450073242188,82.18000030517578,309.07000732421875,260.2799987792969,343.5,567.0800170898438,82.19499969482422,308.739990234375,260.1400146484375,343.4100036621094,566.7999877929688,82.11499786376953,309.0249938964844,260.1600036621094,343.4200134277344,566.8499755859375,82.125,61432,41465,10614,24110,52959
2026-08-25 15:34:00-04:00,308.9700012207031,260.375,343.4700012207031,567.3350219726562,82.18000030517578,309.07000732421875,260.44000244140625,343.4700012207031,567.3599853515625,82.20999908447266,308.92498779296875,260.2300109863281,343.3900146484375,566.8200073242188,82.16999816894531,309.0299987792969,260.375,343.45001220703125,566.9450073242188,82.19000244140625,31780,65821,5827,24744,62605
2026-08-25 15:35:00-04:00,308.9750061035156,260.5199890136719,343.5400085449219,567.4299926757812,82.25,308.9800109863281,260.5400085449219,343.6000061035156,567.6500244140625,82.25,308.8800048828125,260.3399963378906,343.4200134277344,567.3300170898438,82.16999816894531,308.95001220703125,260.3699951171875,343.44000244140625,567.3300170898438,82.18000030517578,31132,58316,16203,27744,58685
2026-08-25 15:36:00-04:00,308.8699951171875,260.6000061035156,343.625,567.4400024414062,82.25,308.989990234375,260.6099853515625,343.6499938964844,567.5800170898438,82.25990295410156,308.860107421875,260.5050048828125,343.489990234375,567.4099731445312,82.22000122070312,308.9649963378906,260.510009765625,343.56500244140625,567.5,82.24500274658203,41319,36554,15537,14671,33152
2026-08-25 15:37:00-04:00,308.8399963378906,260.54998779296875,343.489990234375,567.5150146484375,82.25460052490234,308.94000244140625,260.6099853515625,343.6600036621094,567.5700073242188,82.26000213623047,308.82000732421875,260.4754943847656,343.45001220703125,567.3800048828125,82.20999908447266,308.864501953125,260.6099853515625,343.6300048828125,567.5,82.25499725341797,34841,35083,24944,15889,64427
2026-08-25 15:38:00-04:00,308.9100036621094,260.5400085449219,343.4100036621094,567.8699951171875,82.26499938964844,308.9700012207031,260.69000244140625,343.6400146484375,567.9199829101562,82.27999877929688,308.8399963378906,260.510009765625,343.32000732421875,567.4199829101562,82.26000213623047,308.8399963378906,260.5400085449219,343.5199890136719,567.489990234375,82.26000213623047,21868,80198,20405,33348,34866
2026-08-25 15:39:00-04:00,308.8399963378906,260.6000061035156,343.42999267578125,568.2000122070312,82.23999786376953,308.94000244140625,260.6700134277344,343.5,568.25,82.2699966430664,308.7699890136719,260.55999755859375,343.3900146484375,567.7999877929688,82.23500061035156,308.9100036621094,260.55999755859375,343.4399108886719,567.8699951171875,82.26499938964844,45456,40757,14344,43138,42002
2026-08-25 15:40:00-04:00,308.9100036621094,260.6000061035156,343.5400085449219,568.7449951171875,82.29979705810547,308.92999267578125,260.639892578125,343.54998779296875,568.75,82.30999755859375,308.8500061035156,260.510009765625,343.4200134277344,568.25,82.24400329589844,308.9100036621094,260.6099853515625,343.4200134277344,568.25,82.24400329589844,36534,40049,18329,37683,73502
2026-08-25 15:41:00-04:00,308.875,260.7200012207031,343.5799865722656,570.6898803710938,82.35299682617188,308.9700012207031,260.739990234375,343.6099853515625,570.7999877929688,82.36000061035156,308.8599853515625,260.57501220703125,343.3800048828125,568.6599731445312,82.29499816894531,308.875,260.5950012207031,343.5199890136719,568.6799926757812,82.29499816894531,31954,37115,22371,205630,105477
2026-08-25 15:42:00-04:00,308.885009765625,260.7449951171875,343.635009765625,570.3200073242188,82.36000061035156,308.989990234375,260.7900085449219,343.6400146484375,570.7100219726562,82.37999725341797,308.8699951171875,260.7200012207031,343.5199890136719,570.2000122070312,82.33499908447266,308.8900146484375,260.75,343.57000732421875,570.6900024414062,82.3550033569336,35160,40863,19356,81945,59677
2026-08-25 15:43:00-04:00,308.9200134277344,260.7250061035156,343.5199890136719,570.4249877929688,82.33499908447266,308.9200134277344,260.75,343.6700134277344,570.5,82.37000274658203,308.82501220703125,260.67999267578125,343.45001220703125,570.2000122070312,82.31999969482422,308.8800048828125,260.75,343.6499938964844,570.2747802734375,82.36009979248047,22360,33871,16287,38610,76165
2026-08-25 15:44:00-04:00,308.9599914550781,260.69500732421875,343.3999938964844,569.9299926757812,82.3949966430664,308.9700012207031,260.7900085449219,343.6000061035156,570.52001953125,82.42669677734375,308.8999938964844,260.67999267578125,343.3999938964844,569.8032836914062,82.33000183105469,308.92498779296875,260.7250061035156,343.4700012207031,570.4199829101562,82.33999633789062,31484,38525,27603,68903,114860
2026-08-25 15:45:00-04:00,308.9100036621094,260.82000732421875,343.4750061035156,570.4600219726562,82.41999816894531,308.9798889160156,260.9100036621094,343.56988525390625,570.6099853515625,82.43000030517578,308.80999755859375,260.67999267578125,343.3699951171875,569.7999877929688,82.37000274658203,308.9599914550781,260.67999267578125,343.3999938964844,569.9299926757812,82.38999938964844,58110,113125,37889,75559,108895
2026-08-25 15:46:00-04:00,308.93499755859375,260.7965087890625,343.6400146484375,569.3099975585938,82.41500091552734,308.989990234375,260.8559875488281,343.69500732421875,570.530029296875,82.45500183105469,308.8599853515625,260.7850036621094,343.4100036621094,569.2000122070312,82.37999725341797,308.9100036621094,260.8299865722656,343.4649963378906,570.4741821289062,82.43000030517578,41898,33120,28664,54362,86628
2026-08-25 15:47:00-04:00,309.17999267578125,260.7900085449219,343.7099914550781,569.25,82.32499694824219,309.2149963378906,260.82000732421875,343.731201171875,569.3599853515625,82.43499755859375,308.93499755859375,260.7550048828125,343.6400146484375,569.1199951171875,82.32499694824219,308.93499755859375,260.7998962402344,343.66009521484375,569.239990234375,82.41000366210938,48603,44736,11824,34239,74566
2026-08-25 15:48:00-04:00,309.2381896972656,260.8700866699219,343.8299865722656,569.5399780273438,82.25,309.30999755859375,260.909912109375,343.9049987792969,569.6699829101562,82.32499694824219,309.15069580078125,260.7799987792969,343.6600036621094,569.1500854492188,82.23999786376953,309.19000244140625,260.7900085449219,343.70001220703125,569.2050170898438,82.32499694824219,49933,38917,34583,32944,94215
2026-08-25 15:49:00-04:00,309.32000732421875,260.8800048828125,343.7001037597656,569.7349853515625,82.2300033569336,309.32000732421875,260.94000244140625,343.8800048828125,569.8800048828125,82.2699966430664,309.2099914550781,260.8721008300781,343.68499755859375,569.52001953125,82.22000122070312,309.239990234375,260.885009765625,343.8299865722656,569.5399780273438,82.25,52308,42080,19692,22319,83363
2026-08-25 15:50:00-04:00,309.29998779296875,260.4403991699219,343.8599853515625,569.0399780273438,82.21499633789062,309.3900146484375,260.82000732421875,344.0899963378906,569.7349853515625,82.26000213623047,309.1700134277344,260.4200134277344,343.5899963378906,569.0286865234375,82.16999816894531,309.3299865722656,260.82000732421875,343.67999267578125,569.7349853515625,82.2300033569336,106957,111812,94708,75019,172319
2026-08-25 15:51:00-04:00,309.2699890136719,260.4100036621094,343.69000244140625,569.27001953125,82.2249984741211,309.3800048828125,260.43499755859375,343.8399963378906,569.3400268554688,82.23999786376953,309.2550048828125,260.32501220703125,343.6400146484375,568.9500122070312,82.16500091552734,309.30999755859375,260.42999267578125,343.82000732421875,569.0349731445312,82.21499633789062,68844,92455,28461,57779,117635
2026-08-25 15:52:00-04:00,309.347412109375,260.5199890136719,343.7799987792969,569.0650024414062,82.23500061035156,309.4750061035156,260.5299987792969,343.8299865722656,569.4249877929688,82.26000213623047,309.2699890136719,260.3999938964844,343.7200012207031,569.0650024414062,82.22000122070312,309.2799987792969,260.3999938964844,343.7200012207031,569.2999877929688,82.2249984741211,77574,81352,29727,46596,95876
2026-08-25 15:53:00-04:00,309.70001220703125,260.8399963378906,343.8550109863281,569.2150268554688,82.3550033569336,309.7200012207031,260.8399963378906,343.8550109863281,569.469970703125,82.36499786376953,309.3399963378906,260.5199890136719,343.67999267578125,568.3699951171875,82.2300033569336,309.70001220703125,260.5199890136719,343.7799987792969,569.0700073242188,82.2300033569336,94128,90919,36073,59216,110825
2026-08-25 15:54:00-04:00,309.8900146484375,261.3299865722656,343.6099853515625,568.97998046875,82.30500030517578,309.94000244140625,261.3323974609375,343.9800109863281,569.4000244140625,82.36000061035156,309.55999755859375,260.8299865722656,343.6000061035156,568.760009765625,82.28260040283203,309.7200012207031,261.3299865722656,343.8399963378906,569.1400146484375,82.30500030517578,111142,151720,45573,52892,166099
2026-08-25 15:55:00-04:00,310.17999267578125,260.91070556640625,343.20001220703125,569.4400024414062,82.30999755859375,310.2300109863281,261.29998779296875,343.82000732421875,570.5999755859375,82.3550033569336,309.88250732421875,260.840087890625,342.92999267578125,568.8800048828125,82.27999877929688,309.94000244140625,261.2799987792969,343.6099853515625,568.8800048828125,82.30500030517578,210380,163852,232871,116035,190803
2026-08-25 15:56:00-04:00,310.2099914550781,260.9800109863281,343.45001220703125,570.1300048828125,82.2750015258789,310.2699890136719,261.0260925292969,343.4599914550781,570.2150268554688,82.31999969482422,310.1300048828125,260.8900146484375,343.2099914550781,569.4600219726562,82.2750015258789,310.1700134277344,260.92999267578125,343.45001220703125,569.4600219726562,82.30500030517578,150870,140745,7809264,74380,224119
2026-08-25 15:57:00-04:00,310.2250061035156,261.1650085449219,343.55499267578125,570.3499755859375,82.26000213623047,310.29998779296875,261.2099914550781,343.6300048828125,570.5800170898438,82.30500030517578,310.17999267578125,260.9801025390625,343.4200134277344,570.0999755859375,82.24500274658203,310.2200012207031,261.1650085449219,343.44000244140625,570.1500244140625,82.2750015258789,172837,136316,79211,71471,250591
2026-08-25 15:58:00-04:00,310.0400085449219,261.1099853515625,343.4100036621094,570.4500122070312,82.2699966430664,310.239990234375,261.2200012207031,343.5899963378906,570.510009765625,82.29499816894531,310.0400085449219,261.10009765625,343.3800048828125,570.1099853515625,82.22000122070312,310.2250061035156,261.17999267578125,343.55499267578125,570.364990234375,82.25499725341797,248297,164703,85531,99545,348196
2026-08-25 15:59:00-04:00,309.8299865722656,260.9700012207031,343.3500061035156,569.864990234375,82.25499725341797,310.1400146484375,261.19000244140625,343.6600036621094,570.5,82.30000305175781,309.7900085449219,260.95001220703125,343.260009765625,569.780029296875,82.2300033569336,310.04998779296875,261.1099853515625,343.4100036621094,570.4500122070312,82.2750015258789,754935,567090,219681,219884,728014
2026-08-26 09:30:00-04:00,310.3699951171875,260.7200012207031,341.44000244140625,587.719970703125,82.20999908447266,311.6499938964844,262.04998779296875,343.19110107421875,593.27001953125,82.41999816894531,310.2101135253906,260.54998779296875,339.8999938964844,586.5001220703125,81.81999969482422,310.2449951171875,260.7200012207031,343.1449890136719,590.4375,81.875,825962,733137,558578,3658611,1183679
2026-08-26 09:31:00-04:00,309.3900146484375,260.7850036621094,341.8550109863281,590.375,82.24500274658203,310.42999267578125,260.80230712890625,342.489990234375,591.0349731445312,82.33999633789062,308.80010986328125,260.1000061035156,341.4649963378906,584.9099731445312,81.87999725341797,310.3699951171875,260.6000061035156,341.510009765625,587.7349853515625,82.16999816894531,174017,70017,50120,335602,161224
2026-08-26 09:32:00-04:00,309.7300109863281,260.3725891113281,341.8573913574219,583.6699829101562,81.98999786376953,309.8796081542969,261.4100036621094,342.1099853515625,592.7999877929688,82.22000122070312,309.04998779296875,260.2300109863281,341.489990234375,583.5599975585938,81.94999694824219,309.3900146484375,260.7950134277344,341.8414001464844,590.3699951171875,82.22000122070312,77193,90196,59054,363214,175316
2026-08-26 09:33:00-04:00,309.6499938964844,260.29998779296875,341.625,584.2000122070312,82.05000305175781,309.739990234375,260.8800048828125,341.989990234375,584.5999755859375,82.19000244140625,309.19000244140625,259.8699951171875,341.625,580.52001953125,81.92500305175781,309.7300109863281,260.25,341.9049987792969,584.389892578125,81.98750305175781,64400,106557,32715,367742,145375
2026-08-26 09:34:00-04:00,309.5199890136719,260.510009765625,341.6199951171875,582.2113037109375,82.11000061035156,309.80999755859375,260.7099914550781,342.29998779296875,586.4000244140625,82.21720123291016,309.3500061035156,260.29998779296875,341.4200134277344,582.2000122070312,82.05000305175781,309.5199890136719,260.31500244140625,341.6199951171875,584.1799926757812,82.11000061035156,45043,51208,39140,336349,55690
2026-08-26 09:35:00-04:00,309.48388671875,260.6000061035156,340.8900146484375,581.0,82.23999786376953,309.5498962402344,260.8500061035156,341.7550048828125,583.0650024414062,82.29949951171875,309.1199951171875,260.260009765625,340.42999267578125,579.0700073242188,82.01000213623047,309.5199890136719,260.45001220703125,341.6199951171875,582.0499877929688,82.11000061035156,62994,73602,71504,313485,97566
2026-08-26 09:36:00-04:00,310.07000732421875,260.3999938964844,340.7799987792969,572.5399780273438,82.01000213623047,310.197998046875,260.6499938964844,341.239990234375,581.0399169921875,82.23999786376953,309.4599914550781,260.3800048828125,340.739990234375,571.6599731445312,81.99199676513672,309.489990234375,260.3999938964844,340.8900146484375,580.85498046875,82.23999786376953,75088,56017,63681,478459,91359
2026-08-26 09:37:00-04:00,310.04998779296875,260.20001220703125,341.5950012207031,572.2349853515625,81.9000015258789,310.2300109863281,260.510009765625,341.5950012207031,574.7999877929688,82.05999755859375,309.9100036621094,260.0,340.635009765625,571.3099975585938,81.82009887695312,310.04010009765625,260.3900146484375,340.7099914550781,572.9899291992188,81.98999786376953,64289,58755,60480,335550,217977
2026-08-26 09:38:00-04:00,310.29998779296875,259.760009765625,340.739990234375,568.4650268554688,81.61000061035156,310.3599853515625,260.29998779296875,341.7099914550781,573.1400146484375,81.94000244140625,309.8800048828125,259.70001220703125,340.7300109863281,568.2000122070312,81.59500122070312,310.089599609375,260.1499938964844,341.6000061035156,572.02001953125,81.9000015258789,49734,88626,35799,368564,169362
2026-08-26 09:39:00-04:00,310.2699890136719,259.5050048828125,340.2699890136719,566.1400146484375,81.68000030517578,310.4700012207031,259.98388671875,340.7149963378906,569.1799926757812,81.72000122070312,310.1400146484375,259.4599914550781,339.9100036621094,564.5999755859375,81.54000091552734,310.32000732421875,259.7300109863281,340.7149963378906,568.3599853515625,81.58999633789062,101916,136556,49402,499025,187214
2026-08-26 09:40:00-04:00,310.72100830078125,259.6199951171875,339.55999755859375,566.9099731445312,81.625,310.80999755859375,259.70001220703125,340.3349914550781,567.27001953125,81.76000213623047,310.2200012207031,259.375,339.3599853515625,563.0,81.62020111083984,310.2650146484375,259.510009765625,340.3349914550781,566.135009765625,81.68499755859375,91782,111722,66080,410223,259075
2026-08-26 09:41:00-04:00,311.0,259.7200012207031,340.04998779296875,568.7899780273438,81.63999938964844,311.19500732421875,259.8478088378906,340.07000732421875,569.0700073242188,81.7699966430664,310.6499938964844,259.5199890136719,339.52020263671875,565.3499755859375,81.5999984741211,310.7200012207031,259.614990234375,339.5799865722656,566.969970703125,81.62999725341797,115309,61892,47084,351271,139079
2026-08-26 09:42:00-04:00,311.2349853515625,259.7650146484375,340.1549987792969,566.1900024414062,81.7300033569336,311.260009765625,259.80499267578125,340.2300109863281,568.77001953125,81.7699966430664,310.8500061035156,259.5899963378906,339.79998779296875,565.47998046875,81.58999633789062,311.2349853515625,259.7200012207031,339.989990234375,568.5499877929688,81.66000366210938,78666,38011,42134,188769,99770
2026-08-26 09:43:00-04:00,311.5450134277344,260.13079833984375,340.31500244140625,564.489990234375,81.83000183105469,311.6390075683594,260.29998779296875,340.79998779296875,568.530029296875,81.88500213623047,311.04998779296875,259.7650146484375,340.1099853515625,563.1199951171875,81.66000366210938,311.260009765625,259.7650146484375,340.1700134277344,566.1950073242188,81.71499633789062,125246,139423,57336,347492,174553
2026-08-26 09:44:00-04:00,311.4100036621094,260.7900085449219,340.6199951171875,564.2999877929688,81.81050109863281,311.67999267578125,260.8599853515625,340.7099914550781,564.989990234375,81.88500213623047,311.29998779296875,260.1199951171875,340.32000732421875,561.9450073242188,81.80999755859375,311.55999755859375,260.1449890136719,340.3500061035156,564.7249755859375,81.83000183105469,81380,161860,38600,263771,71022
2026-08-26 09:45:00-04:00,311.5299987792969,260.8251037597656,340.55999755859375,566.3150024414062,81.83000183105469,311.6000061035156,260.92999267578125,340.760009765625,567.9500122070312,81.9000015258789,311.1000061035156,260.68499755859375,340.2300109863281,563.2100219726562,81.75,311.3900146484375,260.7900085449219,340.677001953125,564.2899780273438,81.80999755859375,89225,76227,42789,222592,75606
2026-08-26 09:46:00-04:00,311.55499267578125,260.54998779296875,340.197509765625,567.6199951171875,81.76499938964844,311.69000244140625,260.8349914550781,340.58990478515625,567.9899291992188,81.83999633789062,311.42999267578125,260.54998779296875,340.04998779296875,564.6785278320312,81.74500274658203,311.5050048828125,260.8349914550781,340.55999755859375,566.3150024414062,81.80999755859375,88807,81191,54033,168590,57324
2026-08-26 09:47:00-04:00,311.3904113769531,260.6499938964844,339.9549865722656,566.8900146484375,81.6500015258789,311.54998779296875,260.6499938964844,340.1700134277344,567.8800048828125,81.80999755859375,311.2001037597656,260.3999938964844,339.6600036621094,565.760009765625,81.6500015258789,311.5299987792969,260.55999755859375,340.1700134277344,567.6300048828125,81.7699966430664,65376,47109,43629,130866,87138
2026-08-26 09:48:00-04:00,311.3500061035156,260.510009765625,340.06500244140625,567.344970703125,81.51000213623047,311.4798889160156,260.7200012207031,340.2699890136719,567.989990234375,81.7300033569336,311.1827087402344,260.3900146484375,339.9100036621094,565.85009765625,81.51000213623047,311.3999938964844,260.6200866699219,339.9549865722656,566.5,81.51000213623047,84732,75625,40997,119588,163455
2026-08-26 09:49:00-04:00,311.5950012207031,260.45001220703125,340.4049987792969,569.3298950195312,81.45999908447266,311.8299865722656,260.57000732421875,340.4800109863281,569.5499877929688,81.53980255126953,311.05999755859375,260.2300109863281,340.0849914550781,567.2000122070312,81.33999633789062,311.29998779296875,260.510009765625,340.0899963378906,567.344970703125,81.5,129445,42318,50034,168085,286687
2026-08-26 09:50:00-04:00,311.4800109863281,260.510009765625,340.2900085449219,568.989990234375,81.50199890136719,311.6449890136719,260.67999267578125,340.59991455078125,569.7999877929688,81.62000274658203,311.3399963378906,260.4599914550781,340.2250061035156,568.6599731445312,81.44010162353516,311.6199951171875,260.510009765625,340.3999938964844,568.989990234375,81.44010162353516,74961,48619,41662,140347,172439
2026-08-26 09:51:00-04:00,311.3949890136719,260.2449951171875,340.3299865722656,569.5894775390625,81.58000183105469,311.7235107421875,260.5799865722656,340.80999755859375,570.2999877929688,81.58000183105469,311.2799987792969,260.20001220703125,340.32000732421875,568.6405029296875,81.4800033569336,311.3900146484375,260.5299987792969,340.3699951171875,568.989990234375,81.5,68330,34606,38466,166977,144703
2026-08-26 09:52:00-04:00,311.42999267578125,260.4599914550781,340.55999755859375,567.8582763671875,81.45999908447266,311.67999267578125,260.8399963378906,340.7200012207031,570.0900268554688,81.58999633789062,311.3949890136719,260.2001037597656,340.3299865722656,567.8560180664062,81.45999908447266,311.4100036621094,260.2449951171875,340.3960876464844,569.47998046875,81.55509948730469,47889,86115,34720,200488,95493
2026-08-26 09:53:00-04:00,311.6499938964844,260.464111328125,341.0600891113281,567.47998046875,81.3499984741211,311.7099914550781,260.5199890136719,341.0899963378906,568.3049926757812,81.49590301513672,311.4100036621094,260.2699890136719,340.4342956542969,566.5999755859375,81.33999633789062,311.6499938964844,260.44500732421875,340.4800109863281,567.7999877929688,81.44999694824219,51626,33968,34858,158377,85223
2026-08-26 09:54:00-04:00,312.0299987792969,260.7699890136719,340.489990234375,566.7000122070312,81.43000030517578,312.0400085449219,260.8598937988281,341.139892578125,567.6699829101562,81.46990203857422,311.5299987792969,260.3642883300781,340.25,565.739990234375,81.36000061035156,311.6300048828125,260.45001220703125,341.0849914550781,567.47998046875,81.37000274658203,123917,33494,83857,156155,71349
2026-08-26 09:55:00-04:00,312.07489013671875,260.8949890136719,340.3599853515625,569.1600952148438,81.46499633789062,312.1300048828125,260.9800109863281,340.6050109863281,569.5399780273438,81.52989959716797,311.79998779296875,260.7200012207031,340.2900085449219,566.6199951171875,81.43000030517578,312.0299987792969,260.7699890136719,340.55499267578125,566.7000122070312,81.44499969482422,121077,43563,38410,119022,56658
2026-08-26 09:56:00-04:00,312.375,260.8080139160156,340.31500244140625,570.2150268554688,81.4000015258789,312.3900146484375,260.95001220703125,340.42999267578125,570.4099731445312,81.49019622802734,312.06500244140625,260.6300048828125,340.1000061035156,568.8499755859375,81.4000015258789,312.06500244140625,260.8900146484375,340.30999755859375,569.2578735351562,81.45050048828125,114123,35840,42184,147947,42896
2026-08-26 09:57:00-04:00,312.6000061035156,260.69989013671875,340.1600036621094,570.3851928710938,81.33000183105469,312.6700134277344,260.8164978027344,340.32501220703125,571.0599975585938,81.40019989013672,312.260009765625,260.55010986328125,339.8599853515625,569.1392822265625,81.29499816894531,312.389892578125,260.7650146484375,340.30999755859375,570.2990112304688,81.40019989013672,118204,25274,44619,164857,72983
2026-08-26 09:58:00-04:00,312.4800109863281,260.739990234375,339.92999267578125,572.638671875,81.48500061035156,312.70001220703125,260.7699890136719,340.25,572.7999877929688,81.5199966430664,312.3399963378906,260.6000061035156,339.80999755859375,570.1599731445312,81.30000305175781,312.6000061035156,260.69989013671875,339.92999267578125,570.3049926757812,81.33499908447266,92404,34926,139455,172336,168698
2026-08-26 09:59:00-04:00,312.5,260.8949890136719,340.19000244140625,572.4000244140625,81.43000030517578,312.55999755859375,260.8999938964844,340.2300109863281,572.7598876953125,81.4999008178711,312.32000732421875,260.5799865722656,339.75,571.5900268554688,81.36000061035156,312.46051025390625,260.7049865722656,339.9100036621094,572.5999755859375,81.47000122070312,102489,39030,45753,142353,82386
2026-08-26 10:00:00-04:00,312.864990234375,260.80499267578125,339.81500244140625,572.760009765625,81.55999755859375,312.8999938964844,261.0299072265625,340.260009765625,573.5900268554688,81.58999633789062,312.231689453125,260.739990234375,339.760009765625,572.1900024414062,81.36000061035156,312.4599914550781,260.8450012207031,340.20001220703125,572.385009765625,81.44000244140625,148284,83552,35322,185818,110012
2026-08-26 10:01:00-04:00,312.385009765625,261.0,339.4700012207031,572.8800048828125,81.5199966430664,312.875,261.0400085449219,339.7539978027344,573.3400268554688,81.59500122070312,312.2799987792969,260.7699890136719,339.29998779296875,572.0999755859375,81.47000122070312,312.8500061035156,260.7699890136719,339.739990234375,572.89501953125,81.55500030517578,119557,49830,45842,123415,87883
2026-08-26 10:02:00-04:00,311.9599914550781,260.92999267578125,339.739990234375,573.260009765625,81.4800033569336,312.3800048828125,261.07000732421875,339.8800048828125,573.4400024414062,81.55999755859375,311.7300109863281,260.875,339.42999267578125,572.2800903320312,81.47000122070312,312.3800048828125,261.0,339.4800109863281,572.8800048828125,81.5250015258789,92604,43181,36949,81866,73328
2026-08-26 10:03:00-04:00,312.1600036621094,261.1000061035156,340.25,574.7869873046875,81.52999877929688,312.1759948730469,261.1400146484375,340.2799072265625,574.8099975585938,81.55000305175781,311.6499938964844,260.8949890136719,339.787109375,573.1671142578125,81.44499969482422,311.9800109863281,260.9216003417969,339.7950134277344,573.4400024414062,81.49500274658203,72585,43801,42140,188714,41056
2026-08-26 10:04:00-04:00,312.5249938964844,260.9949951171875,340.0710144042969,575.27001953125,81.7300033569336,312.6600036621094,261.2200012207031,340.3800048828125,575.4686889648438,81.74500274658203,312.1300964355469,260.94000244140625,340.010009765625,574.6500244140625,81.52999877929688,312.1499938964844,261.05999755859375,340.0710144042969,574.7249755859375,81.54499816894531,81458,44995,32024,160294,124696
2026-08-26 10:05:00-04:00,312.2699890136719,260.80999755859375,340.1199951171875,574.4949951171875,81.7300033569336,312.7099914550781,261.010009765625,340.25,575.5150146484375,81.77999877929688,312.1886901855469,260.7601013183594,340.0,574.0401000976562,81.68000030517578,312.489990234375,260.9800109863281,340.04998779296875,575.219970703125,81.7249984741211,74190,55532,31496,160406,122381
2026-08-26 10:06:00-04:00,312.6300048828125,261.1499938964844,339.8900146484375,575.5399780273438,81.86000061035156,312.6600036621094,261.1499938964844,340.29998779296875,575.9600219726562,81.86000061035156,312.1000061035156,260.7900085449219,339.79998779296875,574.4600219726562,81.68000030517578,312.30999755859375,260.7900085449219,340.1099853515625,574.5,81.72000122070312,56718,36683,34259,138152,58990
2026-08-26 10:07:00-04:00,312.5,261.0212097167969,339.9599914550781,573.364990234375,81.84049987792969,312.7799072265625,261.1499938964844,340.0400085449219,575.5700073242188,81.91000366210938,312.3999938964844,260.989990234375,339.7900085449219,572.7000122070312,81.81999969482422,312.635009765625,261.1499938964844,339.8599853515625,575.489990234375,81.8499984741211,69385,25855,29468,142164,71340
2026-08-26 10:08:00-04:00,312.4549865722656,261.0050048828125,339.385009765625,573.6300048828125,81.93509674072266,312.6449890136719,261.0899963378906,340.010009765625,574.1099853515625,81.96499633789062,312.3970031738281,260.9800109863281,339.3301086425781,573.0999755859375,81.81999969482422,312.5199890136719,261.0299987792969,339.9443054199219,573.4199829101562,81.83499908447266,43840,46488,61037,97707,80178
2026-08-26 10:09:00-04:00,312.3699951171875,260.94000244140625,339.4649963378906,571.5,81.93000030517578,312.5299987792969,261.0400085449219,339.5199890136719,573.8400268554688,81.97000122070312,312.30499267578125,260.91009521484375,339.25,571.3200073242188,81.9000015258789,312.4700012207031,261.0,339.3999938964844,573.7000122070312,81.9363021850586,45473,31587,50119,102231,62240
2026-08-26 10:10:00-04:00,313.0249938964844,260.8900146484375,339.0799865722656,569.3499755859375,81.93000030517578,313.0299987792969,261.0,339.4700012207031,571.7999877929688,81.93609619140625,312.35931396484375,260.8299865722656,339.0799865722656,569.0999755859375,81.91000366210938,312.35931396484375,260.9599914550781,339.4700012207031,571.6950073242188,81.93499755859375,107910,25890,36428,94822,30204
2026-08-26 10:11:00-04:00,313.3699951171875,260.92498779296875,339.0350036621094,568.1351928710938,81.88999938964844,313.3800048828125,261.07989501953125,339.2200012207031,569.8790283203125,81.93000030517578,313.0199890136719,260.85089111328125,338.94049072265625,568.0599975585938,81.875,313.0398864746094,260.8900146484375,339.1263122558594,569.2100219726562,81.91500091552734,111021,47636,58425,83877,48416
2026-08-26 10:12:00-04:00,313.1300048828125,260.42999267578125,338.64990234375,569.4299926757812,81.81500244140625,313.4198913574219,260.9200134277344,339.0498962402344,569.7750244140625,81.91000366210938,313.04998779296875,260.3999938964844,338.57501220703125,567.780029296875,81.80989837646484,313.3500061035156,260.9200134277344,338.64990234375,568.1784057617188,81.9000015258789,108916,46200,48848,70114,53021
2026-08-26 10:13:00-04:00,313.1099853515625,260.260009765625,338.2900085449219,569.2000122070312,81.81500244140625,313.25,260.4700012207031,338.6993103027344,570.0900268554688,81.8949966430664,312.94000244140625,260.25,338.2699890136719,568.5999755859375,81.80999755859375,313.1451110839844,260.43499755859375,338.6099853515625,569.4500122070312,81.81500244140625,89008,51976,53645,66494,52565
2026-08-26 10:14:00-04:00,312.8349914550781,260.2699890136719,338.0350036621094,567.7249755859375,81.81999969482422,313.1499938964844,260.38140869140625,338.3900146484375,569.6400146484375,81.8550033569336,312.77069091796875,260.25,338.010009765625,567.1472778320312,81.7750015258789,313.125,260.2900085449219,338.30999755859375,569.3599853515625,81.81500244140625,56125,25053,69816,79182,74217
2026-08-26 10:15:00-04:00,312.8949890136719,260.2904968261719,338.18011474609375,568.2100219726562,81.8855972290039,313.0249938964844,260.3699951171875,338.32000732421875,568.5800170898438,81.93990325927734,312.82000732421875,260.2099914550781,337.7843017578125,567.10009765625,81.80500030517578,312.8301086425781,260.2699890136719,338.0199890136719,567.8200073242188,81.83000183105469,69018,31173,105504,56996,53704
2026-08-26 10:16:00-04:00,312.6549987792969,260.1000061035156,337.95001220703125,567.3400268554688,81.97000122070312,312.8924865722656,260.3500061035156,338.2699890136719,568.4365844726562,82.02999877929688,312.5400085449219,260.04998779296875,337.94000244140625,567.3400268554688,81.88999938964844,312.8900146484375,260.2651062011719,338.2149963378906,568.2050170898438,81.97000122070312,69625,44710,41413,45045,86979
2026-08-26 10:17:00-04:00,312.7699890136719,260.1600036621094,338.1799011230469,566.3643798828125,82.08000183105469,312.8599853515625,260.20001220703125,338.2200012207031,567.7999267578125,82.08000183105469,312.55999755859375,260.03009033203125,337.8900146484375,566.10009765625,81.9800033569336,312.6451110839844,260.03009033203125,337.94000244140625,567.4600219726562,82.0,60995,39172,47504,88967,32618
2026-08-26 10:18:00-04:00,312.91009521484375,260.2049865722656,338.4549865722656,564.989990234375,82.12989807128906,313.0599060058594,260.29998779296875,338.7099914550781,567.4600219726562,82.12989807128906,312.6600036621094,260.1300048828125,338.1099853515625,564.72998046875,82.0,312.7699890136719,260.1300048828125,338.1449890136719,566.4199829101562,82.12989807128906,89995,46248,55825,141232,50213
2026-08-26 10:19:00-04:00,312.6499938964844,260.17498779296875,338.25,565.1099853515625,82.11000061035156,312.9200134277344,260.2799987792969,338.54998779296875,566.3900146484375,82.1500015258789,312.6400146484375,260.1199951171875,338.25,564.3101196289062,82.07499694824219,312.9100036621094,260.19500732421875,338.4549865722656,565.0996704101562,82.08000183105469,47970,39646,43648,122414,41705
2026-08-26 10:20:00-04:00,313.0199890136719,260.2300109863281,338.3299865722656,567.385009765625,82.15499877929688,313.07000732421875,260.3399963378906,338.5039978027344,567.5999755859375,82.22000122070312,312.6499938964844,260.0849914550781,338.2900085449219,564.9354858398438,82.11499786376953,312.6650085449219,260.19000244140625,338.3299865722656,565.1099243164062,82.12000274658203,59338,78017,43531,91854,47779
2026-08-26 10:21:00-04:00,313.2200012207031,260.05499267578125,338.260009765625,567.6448974609375,82.0999984741211,313.260009765625,260.20001220703125,338.3900146484375,567.989990234375,82.15679931640625,312.95001220703125,260.010009765625,338.2200927734375,567.044189453125,82.05999755859375,313.010009765625,260.19000244140625,338.3299865722656,567.2933959960938,82.15499877929688,59595,50249,29442,87419,46338
2026-08-26 10:22:00-04:00,313.0450134277344,259.8800048828125,338.19500732421875,567.77001953125,82.0250015258789,313.2799987792969,260.3099060058594,338.2799987792969,568.3200073242188,82.12000274658203,313.0299987792969,259.8800048828125,338.1099853515625,567.5208129882812,82.0250015258789,313.2300109863281,260.0450134277344,338.25,567.8800048828125,82.0999984741211,61482,78682,27334,63338,32365
2026-08-26 10:23:00-04:00,313.07501220703125,259.989990234375,338.2799072265625,568.8350219726562,82.08000183105469,313.20001220703125,260.04998779296875,338.4252014160156,568.97998046875,82.08000183105469,313.0174865722656,259.8299865722656,338.1300048828125,567.75,82.0199966430664,313.0299987792969,259.8999938964844,338.19000244140625,567.9650268554688,82.0250015258789,37879,34642,44876,142252,38514
2026-08-26 10:24:00-04:00,312.69000244140625,259.8800048828125,338.3450012207031,570.1900024414062,82.02999877929688,313.1199951171875,260.0105895996094,338.385009765625,570.1900024414062,82.08999633789062,312.67999267578125,259.82501220703125,338.20001220703125,568.1801147460938,82.0199966430664,313.1199951171875,259.9700012207031,338.2799987792969,568.8250122070312,82.08000183105469,47989,30772,38438,103008,22367
2026-08-26 10:25:00-04:00,312.6700134277344,259.739990234375,338.20001220703125,572.2999267578125,82.04499816894531,312.7598876953125,259.9700012207031,338.4700012207031,572.4400024414062,82.05000305175781,312.6050109863281,259.6400146484375,338.20001220703125,569.7999877929688,82.0000991821289,312.6700134277344,259.8599853515625,338.3299865722656,570.0999755859375,82.02999877929688,43748,71429,66859,129256,41129
2026-08-26 10:26:00-04:00,312.5299987792969,259.2250061035156,338.2650146484375,571.8800048828125,82.08979797363281,312.7300109863281,259.715087890625,338.2799987792969,572.3499755859375,82.11000061035156,312.4800109863281,259.20001220703125,338.07000732421875,571.1900024414062,82.04309844970703,312.6700134277344,259.7149963378906,338.2099914550781,572.3400268554688,82.04309844970703,63378,135075,49131,98379,42388
2026-08-26 10:27:00-04:00,312.2049865722656,259.0950012207031,338.44000244140625,572.3150024414062,82.06999969482422,312.5350036621094,259.21160888671875,338.44000244140625,572.5399780273438,82.13999938964844,312.17498779296875,259.05999755859375,338.1499938964844,570.8699951171875,82.05449676513672,312.5350036621094,259.21160888671875,338.2650146484375,571.8250122070312,82.08499908447266,69881,77920,51334,80349,6554097
2026-08-26 10:28:00-04:00,312.0899963378906,259.0050048828125,338.3800048828125,573.47998046875,82.08000183105469,312.32501220703125,259.1499938964844,338.5,573.5399780273438,82.08999633789062,312.05999755859375,258.8800048828125,338.34161376953125,572.1900024414062,82.02999877929688,312.2049865722656,259.1099853515625,338.43499755859375,572.3150024414062,82.08000183105469,75202,99964,34414,100626,39304
2026-08-26 10:29:00-04:00,311.7950134277344,259.05999755859375,338.6099853515625,574.0924072265625,82.125,312.20001220703125,259.1400146484375,338.760009765625,574.1400146484375,82.16000366210938,311.7799987792969,258.9599914550781,338.3949890136719,573.1099853515625,82.08000183105469,312.0950012207031,259.010009765625,338.3949890136719,573.4550170898438,82.08000183105469,76097,66900,38182,123208,40204
2026-08-26 10:30:00-04:00,311.7300109863281,259.08050537109375,338.6151123046875,573.5,82.12200164794922,311.92950439453125,259.2135009765625,338.84991455078125,574.47998046875,82.19999694824219,311.6600036621094,258.9700012207031,338.55950927734375,573.3300170898438,82.12000274658203,311.7900085449219,259.05999755859375,338.5899963378906,574.0750122070312,82.12000274658203,73216,84415,34755,92318,75279
2026-08-26 10:31:00-04:00,311.80999755859375,258.92840576171875,338.2200012207031,571.3970947265625,82.05500030517578,311.96990966796875,259.1968078613281,338.6300048828125,573.7000122070312,82.16999816894531,311.760009765625,258.8999938964844,338.1199951171875,571.3499755859375,82.04000091552734,311.760009765625,259.0899963378906,338.5899963378906,573.5050048828125,82.125,52565,119717,30009,89347,41238
2026-08-26 10:32:00-04:00,311.7200012207031,259.0,338.0450134277344,571.905029296875,82.06999969482422,311.8999938964844,259.03570556640625,338.239990234375,572.0800170898438,82.08000183105469,311.67010498046875,258.7799987792969,337.97198486328125,570.75,82.02999877929688,311.80499267578125,258.92999267578125,338.0450134277344,571.3300170898438,82.05500030517578,41058,78001,47358,52941,54271
2026-08-26 10:33:00-04:00,311.8699951171875,258.9601135253906,338.0799865722656,572.1199951171875,82.03250122070312,311.9200134277344,259.07989501953125,338.0799865722656,572.914794921875,82.05999755859375,311.7300109863281,258.8949890136719,337.7699890136719,571.5601196289062,82.0199966430664,311.7300109863281,258.9599914550781,338.0,571.9099731445312,82.05500030517578,54912,73524,52335,45089,36584
2026-08-26 10:34:00-04:00,311.8599853515625,259.0899963378906,338.260009765625,572.9550170898438,82.02999877929688,311.99749755859375,259.1449890136719,338.2699890136719,573.22998046875,82.04989624023438,311.82000732421875,258.93499755859375,338.0,571.5599975585938,82.01000213623047,311.8900146484375,258.9750061035156,338.0799865722656,571.9600219726562,82.02999877929688,49761,49150,34096,54737,47185
2026-08-26 10:35:00-04:00,312.19000244140625,259.1300048828125,338.4200134277344,572.9199829101562,82.05500030517578,312.2099914550781,259.1799011230469,338.5198974609375,573.1599731445312,82.05999755859375,311.8800048828125,259.0,338.2799987792969,572.3099975585938,82.01499938964844,311.8999938964844,259.05999755859375,338.2799987792969,573.0,82.02010345458984,58892,44674,23192,37061,37360
2026-08-26 10:36:00-04:00,311.9100036621094,259.32501220703125,338.6300048828125,573.9500122070312,82.06999969482422,312.20001220703125,259.3500061035156,338.760009765625,573.9500122070312,82.07499694824219,311.8450012207031,259.07000732421875,338.43499755859375,572.7100219726562,82.02999877929688,312.19989013671875,259.1000061035156,338.43499755859375,572.864990234375,82.05999755859375,54126,52186,16814,51896,39581
2026-08-26 10:37:00-04:00,312.0950012207031,259.635009765625,338.94500732421875,575.330078125,82.04000091552734,312.0950012207031,259.635009765625,338.94500732421875,575.5,82.12999725341797,311.8900146484375,259.31201171875,338.94500732421875,573.7899780273438,82.02999877929688,311.9150085449219,259.32000732421875,338.94500732421875,573.9053955078125,82.05999755859375,34830,53768,27268,108344,81138
2026-08-26 10:38:00-04:00,311.95001220703125,259.4200134277344,338.8599853515625,574.8200073242188,81.93000030517578,312.0799865722656,259.70989990234375,339.05999755859375,575.510009765625,82.06500244140625,311.92999267578125,259.3999938964844,338.80010986328125,574.6799926757812,81.93000030517578,312.0799865722656,259.635009765625,338.8900146484375,575.3557739257812,81.93000030517578,32350,58720,30079,50829,86874
2026-08-26 10:39:00-04:00,312.114990234375,259.3399963378906,338.6600036621094,574.1099853515625,81.97000122070312,312.19000244140625,259.4599914550781,338.8599853515625,574.8300170898438,81.97000122070312,311.94000244140625,259.30670166015625,338.5989990234375,573.3604736328125,81.86000061035156,311.94500732421875,259.4126892089844,338.8599853515625,574.719970703125,81.92500305175781,41420,35538,21048,56008,46923
2026-08-26 10:40:00-04:00,312.260009765625,259.57000732421875,338.9549865722656,574.4849853515625,81.91999816894531,312.2952880859375,259.57000732421875,338.9800109863281,574.89990234375,81.97000122070312,312.1099853515625,259.3304138183594,338.6600036621094,574.0399780273438,81.91999816894531,312.114990234375,259.3500061035156,338.6600036621094,574.0399780273438,81.97000122070312,46335,29353,25584,45122,30335
2026-08-26 10:41:00-04:00,312.30010986328125,259.510009765625,338.9849853515625,575.239990234375,81.99500274658203,312.4100036621094,259.57501220703125,339.0,575.3699951171875,82.0,312.2200012207031,259.510009765625,338.8900146484375,574.3099975585938,81.91000366210938,312.2550048828125,259.57000732421875,338.92999267578125,574.4849853515625,81.91000366210938,54505,22386,18740,46901,27353
2026-08-26 10:42:00-04:00,312.25,259.2850036621094,338.75,575.8699951171875,81.95999908447266,312.3900146484375,259.5299987792969,339.0299987792969,576.4000244140625,82.0,312.2200012207031,259.260009765625,338.70001220703125,575.25,81.94999694824219,312.3399963378906,259.2850036621094,338.9849853515625,575.25,81.99500274658203,26768,26604,20705,113113,20182
2026-08-26 10:43:00-04:00,312.3349914550781,259.2950134277344,338.7200012207031,576.405029296875,81.97000122070312,312.3999938964844,259.3500061035156,338.80999755859375,576.8699951171875,81.97010040283203,312.1499938964844,259.2250061035156,338.6199951171875,575.47998046875,81.91999816894531,312.2550048828125,259.260009765625,338.75,575.875,81.97000122070312,37535,32218,23198,116322,37628
2026-08-26 10:44:00-04:00,312.4849853515625,259.3599853515625,338.43499755859375,576.7100219726562,81.91999816894531,312.57000732421875,259.389892578125,338.7149963378906,576.9400024414062,81.98500061035156,312.3301086425781,259.2699890136719,338.43499755859375,575.9600219726562,81.91999816894531,312.3450012207031,259.2799987792969,338.7149963378906,576.4099731445312,81.91999816894531,44525,25041,21802,87277,35526
2026-08-26 10:45:00-04:00,312.2900085449219,259.2699890136719,338.42498779296875,576.8724975585938,81.93000030517578,312.6600036621094,259.4198913574219,338.489990234375,577.3599853515625,81.95500183105469,312.20001220703125,259.2101135253906,338.3599853515625,576.530029296875,81.9000015258789,312.2900085449219,259.3500061035156,338.44500732421875,576.739990234375,81.91000366210938,63123,22750,13842,114260,34342
2026-08-26 10:46:00-04:00,312.32000732421875,259.44000244140625,338.6199951171875,577.3800048828125,81.9800033569336,312.3699951171875,259.4800109863281,338.67999267578125,577.9600219726562,81.98999786376953,312.2300109863281,259.2799987792969,338.42999267578125,576.7100830078125,81.9000015258789,312.3299865722656,259.2900085449219,338.42999267578125,576.7949829101562,81.9800033569336,38192,30810,29981,118500,35106
2026-08-26 10:47:00-04:00,312.135009765625,259.489990234375,338.760009765625,578.0,81.95999908447266,312.3399963378906,259.55999755859375,338.7915954589844,578.2000122070312,81.9749984741211,312.0745849609375,259.44500732421875,338.6099853515625,577.2899780273438,81.93000030517578,312.135009765625,259.44500732421875,338.6300048828125,577.364990234375,81.97000122070312,33501,24645,24509,98091,35630
2026-08-26 10:48:00-04:00,312.4100036621094,259.676513671875,339.0799865722656,578.5599975585938,81.95500183105469,312.4100036621094,259.676513671875,339.1199951171875,579.10498046875,81.9800033569336,312.135009765625,259.4100036621094,338.6400146484375,577.7100219726562,81.94000244140625,312.135009765625,259.5,338.7669982910156,577.9849853515625,81.95999908447266,26080,31450,31293,139682,23976
2026-08-26 10:49:00-04:00,312.497314453125,259.6600036621094,338.8999938964844,579.5499877929688,81.94999694824219,312.54998779296875,259.69000244140625,339.1400146484375,579.6099853515625,81.94999694824219,312.3999938964844,259.5874938964844,338.80999755859375,577.8099975585938,81.9104995727539,312.4200134277344,259.6600036621094,339.07000732421875,578.5,81.94999694824219,34734,48069,25656,104109,30079
2026-08-26 10:50:00-04:00,312.5249938964844,259.789794921875,338.9849853515625,581.3699951171875,81.97000122070312,312.5799865722656,259.79998779296875,339.05999755859375,581.9400024414062,81.98999786376953,312.4100036621094,259.6099853515625,338.8699951171875,579.4705200195312,81.94999694824219,312.489990234375,259.6600036621094,338.9200134277344,579.6400146484375,81.95999908447266,46517,39458,23862,148399,34185
2026-08-26 10:51:00-04:00,312.5050048828125,259.9649963378906,338.80999755859375,584.4713134765625,81.98500061035156,312.5799865722656,259.9751892089844,339.0400085449219,584.77001953125,81.98999786376953,312.44000244140625,259.6499938964844,338.760009765625,581.4199829101562,81.93499755859375,312.5599060058594,259.760009765625,338.9949951171875,584.4713134765625,81.97470092773438,25024,34750,24011,278361,23901
2026-08-26 10:52:00-04:00,312.5350036621094,260.1600036621094,339.0299987792969,586.2899780273438,82.0,312.5450134277344,260.2300109863281,339.0799865722656,586.5,82.00990295410156,312.4901123046875,259.9649963378906,338.75,584.280029296875,81.9800033569336,312.510009765625,259.9649963378906,338.7908935546875,584.4600219726562,81.98500061035156,20163,88273,31617,269175,40728
2026-08-26 10:53:00-04:00,312.7049865722656,260.0849914550781,339.1600036621094,585.6661987304688,82.0199966430664,312.7488098144531,260.17999267578125,339.20001220703125,587.4600219726562,82.02770233154297,312.52630615234375,259.92010498046875,339.0299987792969,585.5,81.9800033569336,312.52630615234375,260.1400146484375,339.04998779296875,586.4000244140625,81.99500274658203,36841,39267,40855,296246,23134
2026-08-26 10:54:00-04:00,312.6650085449219,259.9100036621094,339.139892578125,583.4130249023438,81.95999908447266,312.82000732421875,260.06500244140625,339.2250061035156,585.8400268554688,82.02999877929688,312.6600036621094,259.85931396484375,339.0299987792969,583.3720092773438,81.94999694824219,312.7099914550781,260.06500244140625,339.20001220703125,585.7249755859375,82.02999877929688,45797,23912,20015,178635,31953
2026-08-26 10:55:00-04:00,312.4967956542969,259.875,339.130615234375,582.5601196289062,81.91020202636719,312.7099914550781,259.95001220703125,339.17999267578125,584.4500122070312,81.96009826660156,312.360107421875,259.8299865722656,338.9801025390625,582.5601196289062,81.91000366210938,312.6700134277344,259.92999267578125,339.0799865722656,583.5150146484375,81.95999908447266,34919,13737,20753,121967,37428
2026-08-26 10:56:00-04:00,312.7398986816406,260.239990234375,339.2200012207031,583.1651000976562,81.95999908447266,312.7838134765625,260.29998779296875,339.2699890136719,584.1500244140625,81.96499633789062,312.4849853515625,259.8999938964844,339.0801086425781,582.1900024414062,81.9000015258789,312.510009765625,259.8999938964844,339.1000061035156,582.7050170898438,81.91000366210938,28271,26300,18694,119794,30940
2026-08-26 10:57:00-04:00,312.739990234375,260.3450012207031,339.3301086425781,584.260009765625,81.95999908447266,312.7699890136719,260.4696044921875,339.40509033203125,584.4893798828125,81.97219848632812,312.6300048828125,260.25689697265625,339.1300048828125,582.75,81.94000244140625,312.7300109863281,260.2650146484375,339.2200012207031,583.1699829101562,81.94999694824219,38341,42788,21925,114322,26617
2026-08-26 10:58:00-04:00,312.79998779296875,260.4700012207031,339.4800109863281,585.4149780273438,81.98999786376953,312.864990234375,260.4920959472656,339.55999755859375,585.6995239257812,81.98999786376953,312.69000244140625,260.3399963378906,339.375,584.010009765625,81.95010375976562,312.739990234375,260.3800048828125,339.3900146484375,584.219970703125,81.95500183105469,41134,29327,44153,139895,19220
2026-08-26 10:59:00-04:00,312.79998779296875,260.2950134277344,339.42999267578125,584.8900146484375,81.91999816894531,312.8598937988281,260.4649963378906,339.5,585.75,81.99500274658203,312.6600036621094,260.2300109863281,339.2799987792969,583.9199829101562,81.91000366210938,312.80999755859375,260.4649963378906,339.4800109863281,585.4149780273438,81.91999816894531,56192,25591,25165,118392,33625
2026-08-26 11:00:00-04:00,312.80999755859375,260.2300109863281,339.44500732421875,585.6500244140625,81.86499786376953,312.9599914550781,260.3900146484375,339.5400085449219,586.1466064453125,81.92510223388672,312.7701110839844,260.2300109863281,339.3900146484375,584.5,81.86000061035156,312.82501220703125,260.32000732421875,339.4100036621094,584.8900146484375,81.92500305175781,33964,32675,21245,133501,29677
2026-08-26 11:01:00-04:00,312.80999755859375,260.17999267578125,339.3949890136719,586.2113037109375,81.87989807128906,312.92999267578125,260.2799987792969,339.5893859863281,586.793701171875,81.87989807128906,312.760009765625,260.1499938964844,339.3399963378906,585.4000244140625,81.80999755859375,312.82000732421875,260.2449951171875,339.42999267578125,585.8150024414062,81.86000061035156,37197,36354,37851,119254,38819
2026-08-26 11:02:00-04:00,312.8349914550781,260.29998779296875,339.7900085449219,586.5150756835938,81.80000305175781,312.95001220703125,260.3399963378906,339.80999755859375,587.17822265625,81.88500213623047,312.7200012207031,260.1400146484375,339.29998779296875,585.5704956054688,81.79000091552734,312.8099060058594,260.19500732421875,339.3900146484375,586.2941284179688,81.875,31163,19152,31263,109931,39186
2026-08-26 11:03:00-04:00,312.625,260.45001220703125,339.7550048828125,587.760009765625,81.82499694824219,312.8399963378906,260.45001220703125,339.8399963378906,587.9500122070312,81.83000183105469,312.6199951171875,260.2699890136719,339.66180419921875,585.7800903320312,81.79000091552734,312.79998779296875,260.3299865722656,339.7699890136719,586.6600952148438,81.80000305175781,45621,24954,25414,159125,46326
2026-08-26 11:04:00-04:00,312.54278564453125,260.29998779296875,339.739990234375,587.094970703125,81.88999938964844,312.6449890136719,260.45001220703125,339.82000732421875,588.0999755859375,81.88999938964844,312.4599914550781,260.25,339.70001220703125,586.7800903320312,81.82499694824219,312.6199951171875,260.42498779296875,339.80999755859375,587.7999877929688,81.83499908447266,54520,36745,19004,120630,23709
2026-08-26 11:05:00-04:00,312.8349914550781,260.3399963378906,339.79998779296875,587.0999755859375,81.86499786376953,312.8699951171875,260.3999938964844,339.8500061035156,588.0,81.91000366210938,312.5400085449219,260.2900085449219,339.6900939941406,586.8004760742188,81.8499984741211,312.55999755859375,260.2900085449219,339.760009765625,587.0,81.9000015258789,42247,22387,23357,90721,45674
2026-08-26 11:06:00-04:00,313.0685119628906,260.283203125,339.739990234375,587.9099731445312,81.79000091552734,313.07000732421875,260.3800048828125,339.8349914550781,588.47998046875,81.86499786376953,312.82000732421875,260.260009765625,339.6600036621094,586.9400024414062,81.77999877929688,312.8500061035156,260.3450012207031,339.7699890136719,587.0999755859375,81.86499786376953,69719,22232,19545,137956,41551
2026-08-26 11:07:00-04:00,313.1650085449219,260.19500732421875,339.5898132324219,588.530029296875,81.77999877929688,313.2300109863281,260.32501220703125,339.7900085449219,588.5999755859375,81.78009796142578,313.04998779296875,260.1600036621094,339.5299072265625,587.260009765625,81.7249984741211,313.04998779296875,260.2699890136719,339.7650146484375,587.8499755859375,81.78009796142578,455673,21004,32739,104463,56900
2026-08-26 11:08:00-04:00,313.4100036621094,260.3299865722656,339.79949951171875,588.4000244140625,81.80000305175781,313.42999267578125,260.3399963378906,339.79949951171875,588.760009765625,81.86000061035156,313.1600036621094,260.1499938964844,339.614990234375,587.5401000976562,81.79000091552734,313.1700134277344,260.19000244140625,339.6499938964844,588.5900268554688,81.79000091552734,64984,25703,18631,112203,33405
2026-08-26 11:09:00-04:00,313.2699890136719,260.30999755859375,339.6449890136719,587.4000244140625,81.75499725341797,313.45001220703125,260.3999938964844,339.7950134277344,588.47998046875,81.81999969482422,313.2200927734375,260.30999755859375,339.57000732421875,587.0999755859375,81.75,313.4150085449219,260.3349914550781,339.7950134277344,588.39501953125,81.80000305175781,57627,29425,17939,123774,48833
2026-08-26 11:10:00-04:00,313.3949890136719,260.2099914550781,339.6000061035156,585.1199951171875,81.73999786376953,313.3949890136719,260.30999755859375,339.6346130371094,587.6300048828125,81.76000213623047,313.260009765625,260.1700134277344,339.4599914550781,584.8905029296875,81.71499633789062,313.2900085449219,260.30999755859375,339.6300048828125,587.3699951171875,81.75499725341797,44735,19047,18623,209816,24588
2026-08-26 11:11:00-04:00,313.375,260.45001220703125,339.625,584.7650146484375,81.80999755859375,313.42950439453125,260.45001220703125,339.6499938964844,585.8200073242188,81.83499908447266,313.32000732421875,260.20001220703125,339.510009765625,584.1400146484375,81.7300033569336,313.3982849121094,260.2149963378906,339.55999755859375,585.25,81.7499008178711,34905,34605,14289,157561,40243
2026-08-26 11:12:00-04:00,313.0799865722656,260.7950134277344,339.7049865722656,585.2000122070312,81.8019027709961,313.385009765625,260.8699951171875,339.7699890136719,585.2000122070312,81.8499984741211,313.04998779296875,260.42999267578125,339.6199951171875,583.4401245117188,81.7699966430664,313.3599853515625,260.45599365234375,339.625,584.8099975585938,81.82499694824219,64180,87285,27538,133044,49209
2026-08-26 11:13:00-04:00,312.92999267578125,261.0,339.7250061035156,584.590087890625,81.76000213623047,313.1300048828125,261.1199951171875,339.739990234375,585.8599853515625,81.80999755859375,312.82000732421875,260.7900085449219,339.5799865722656,584.590087890625,81.7300033569336,313.0710144042969,260.7950134277344,339.7049865722656,585.2999877929688,81.80000305175781,64606,72771,15431,75325,46718
2026-08-26 11:14:00-04:00,313.05499267578125,260.99200439453125,339.6449890136719,585.219970703125,81.79000091552734,313.17999267578125,261.04998779296875,339.7300109863281,585.9000244140625,81.79499816894531,312.91009521484375,260.9100036621094,339.5400085449219,584.7650146484375,81.75499725341797,312.9599914550781,260.9949951171875,339.7250061035156,584.8599853515625,81.76000213623047,41804,40003,16299,54056,11188
2026-08-26 11:15:00-04:00,313.1000061035156,260.8724060058594,339.6650085449219,585.39501953125,81.83000183105469,313.20001220703125,261.0,339.70001220703125,585.73828125,81.8499984741211,313.0249938964844,260.8399963378906,339.6000061035156,584.782470703125,81.79000091552734,313.0400085449219,261.0,339.6300048828125,585.2200927734375,81.79000091552734,38114,59186,15762,67656,52222
2026-08-26 11:16:00-04:00,312.8500061035156,260.489990234375,339.3900146484375,585.080078125,81.80999755859375,313.1199951171875,260.8999938964844,339.7200012207031,585.7454833984375,81.84190368652344,312.79998779296875,260.4599914550781,339.35009765625,585.0599975585938,81.7699966430664,313.0950012207031,260.885009765625,339.70001220703125,585.489990234375,81.8239974975586,68262,41957,23826,37960,33376
2026-08-26 11:17:00-04:00,312.7300109863281,260.31500244140625,339.4413146972656,584.010009765625,81.70500183105469,312.875,260.4700012207031,339.510009765625,585.280029296875,81.80000305175781,312.59051513671875,260.2601013183594,339.25,583.4099731445312,81.70500183105469,312.8301086425781,260.4599914550781,339.3699951171875,585.1900024414062,81.80000305175781,46895,34112,26179,92214,388279
2026-08-26 11:18:00-04:00,312.739990234375,260.1897888183594,339.3599853515625,583.6599731445312,81.70999908447266,313.0150146484375,260.31988525390625,339.489990234375,584.1300048828125,81.73500061035156,312.5899963378906,260.1400146484375,339.29998779296875,582.8099975585938,81.68000030517578,312.7250061035156,260.30999755859375,339.440185546875,583.860107421875,81.70500183105469,100814,26594,18585,103276,44296
2026-08-26 11:19:00-04:00,312.75,260.04998779296875,339.2449951171875,582.9000244140625,81.68000030517578,312.7799987792969,260.2300109863281,339.44000244140625,583.760009765625,81.69999694824219,312.6400146484375,260.010009765625,339.239990234375,582.8499755859375,81.67500305175781,312.7099914550781,260.1400146484375,339.3599853515625,583.489990234375,81.69999694824219,32540,43255,21132,47729,18656
2026-08-26 11:20:00-04:00,312.9700012207031,260.1400146484375,339.32000732421875,583.1851196289062,81.66999816894531,312.9800109863281,260.2900085449219,339.3699951171875,583.72998046875,81.69000244140625,312.75,260.0400085449219,339.2200012207031,582.8115234375,81.6500015258789,312.7900085449219,260.04901123046875,339.239990234375,582.8900146484375,81.68340301513672,20685,26798,17908,51365,29530
2026-08-26 11:21:00-04:00,313.0450134277344,260.07000732421875,339.2900085449219,583.6599731445312,81.6449966430664,313.1499938964844,260.2049865722656,339.3800048828125,583.7999877929688,81.69999694824219,312.8399963378906,260.07000732421875,339.2300109863281,582.75,81.62999725341797,312.9700012207031,260.1600036621094,339.2749938964844,583.2150268554688,81.69000244140625,53330,57155,18538,50153,39612
2026-08-26 11:22:00-04:00,312.864990234375,259.92999267578125,339.1499938964844,582.7000122070312,81.62000274658203,313.04998779296875,260.0950012207031,339.3900146484375,584.25,81.66000366210938,312.8599853515625,259.92999267578125,339.1499938964844,582.7000122070312,81.61499786376953,313.04998779296875,260.0950012207031,339.31500244140625,583.719970703125,81.63999938964844,34267,151827,15693,47039,50773
2026-08-26 11:23:00-04:00,312.8699951171875,260.1400146484375,339.2650146484375,582.14501953125,81.58499908447266,312.95001220703125,260.1400146484375,339.2799987792969,582.969970703125,81.63999938964844,312.8301086425781,259.94000244140625,339.1400146484375,581.989990234375,81.58000183105469,312.8800048828125,259.94000244140625,339.1499938964844,582.7100219726562,81.625,27566,34769,17005,77504,44420
2026-08-26 11:24:00-04:00,312.7300109863281,260.05999755859375,339.55999755859375,581.8599853515625,81.68000030517578,312.8699951171875,260.1650085449219,339.6000061035156,582.3474731445312,81.6989974975586,312.7099914550781,260.04998779296875,339.2401123046875,581.5499877929688,81.58999633789062,312.8599853515625,260.1499938964844,339.2699890136719,582.14501953125,81.58999633789062,29773,30942,17979,57515,61034
2026-08-26 11:25:00-04:00,312.6300048828125,260.0799865722656,339.6499938964844,582.1859741210938,81.72000122070312,312.7250061035156,260.1400146484375,339.79998779296875,582.9199829101562,81.72509765625,312.5389099121094,260.0,339.5,581.510009765625,81.69000244140625,312.7250061035156,260.0299987792969,339.5299987792969,581.7999877929688,81.69000244140625,32708,19501,37321,73519,37280
2026-08-26 11:26:00-04:00,312.6199951171875,260.010009765625,339.6499938964844,582.2100830078125,81.7699966430664,312.6549987792969,260.2200012207031,339.7650146484375,582.6400146484375,81.77999877929688,312.5249938964844,259.9700012207031,339.54998779296875,581.6400146484375,81.71009826660156,312.6199951171875,260.05999755859375,339.635009765625,582.1599731445312,81.7249984741211,23942,146370,20151,45805,32244
2026-08-26 11:27:00-04:00,312.6199951171875,260.1549987792969,339.7799987792969,582.7650146484375,81.79000091552734,312.6499938964844,260.2099914550781,339.7900085449219,582.9688110351562,81.83499908447266,312.55999755859375,260.010009765625,339.6549987792969,582.0,81.78500366210938,312.64898681640625,260.0400085449219,339.6549987792969,582.3499755859375,81.78500366210938,24299,21775,100155,40749,63564
2026-08-26 11:28:00-04:00,312.68499755859375,260.17498779296875,339.67999267578125,582.72998046875,81.78500366210938,312.70989990234375,260.2200012207031,339.79998779296875,583.5900268554688,81.79499816894531,312.55999755859375,260.07000732421875,339.6499938964844,582.6400146484375,81.77999877929688,312.6199951171875,260.1099853515625,339.7900085449219,582.7000122070312,81.78500366210938,23903,57955,22200,84720,42041
2026-08-26 11:29:00-04:00,312.5199890136719,260.1659851074219,339.4501037597656,582.6199951171875,81.81999969482422,312.69989013671875,260.2300109863281,339.7200012207031,582.9901733398438,81.83999633789062,312.5011901855469,260.1000061035156,339.45001220703125,582.0,81.77999877929688,312.6700134277344,260.2099914550781,339.68499755859375,582.72998046875,81.78500366210938,30006,27712,30710,52960,32320
2026-08-26 11:30:00-04:00,312.5199890136719,260.1400146484375,339.3299865722656,582.27001953125,81.79000091552734,312.5896911621094,260.2900085449219,339.4508056640625,582.8400268554688,81.83499908447266,312.44000244140625,260.07000732421875,339.2001037597656,582.0599975585938,81.79000091552734,312.5199890136719,260.17498779296875,339.4504089355469,582.5,81.81909942626953,43319,57280,50184,41582,31822
2026-08-26 11:31:00-04:00,312.5249938964844,260.07501220703125,339.05999755859375,582.1058959960938,81.7699966430664,312.5799865722656,260.20001220703125,339.3599853515625,582.6273193359375,81.80999755859375,312.42999267578125,260.0199890136719,338.9200134277344,581.969970703125,81.7699966430664,312.5199890136719,260.1112060546875,339.30999755859375,582.3093872070312,81.77999877929688,8717438,103035,42462,88414,35899
2026-08-26 11:32:00-04:00,312.3999938964844,259.92999267578125,338.67999267578125,581.3049926757812,81.73500061035156,312.57000732421875,260.07501220703125,339.0899963378906,582.197998046875,81.7699966430664,312.3800048828125,259.92999267578125,338.6600036621094,581.2899780273438,81.72000122070312,312.5199890136719,260.07501220703125,339.05230712890625,582.02001953125,81.7699966430664,32837,40980,22321,50351,29447
2026-08-26 11:33:00-04:00,312.2749938964844,259.8999938964844,338.7049865722656,581.0,81.70500183105469,312.3999938964844,259.94000244140625,338.739990234375,581.6599731445312,81.7300033569336,312.17999267578125,259.75,338.6600036621094,580.7501220703125,81.68000030517578,312.3999938964844,259.92999267578125,338.6600036621094,581.3499755859375,81.7300033569336,40532,52598,21449,69127,25889
2026-08-26 11:34:00-04:00,312.29998779296875,259.42498779296875,338.6199951171875,580.8800048828125,81.69000244140625,312.42999267578125,259.9800109863281,338.7200012207031,581.4232177734375,81.70500183105469,312.2349853515625,259.4200134277344,338.5902099609375,580.2000122070312,81.68000030517578,312.2699890136719,259.885009765625,338.70001220703125,580.989990234375,81.70500183105469,33988,57096,19586,56208,20366
2026-08-26 11:35:00-04:00,312.2799987792969,259.5,338.56500244140625,579.9550170898438,81.71499633789062,312.4200134277344,259.5400085449219,338.6600036621094,581.0999755859375,81.72000122070312,312.2699890136719,259.42999267578125,338.5199890136719,579.0700073242188,81.66999816894531,312.30499267578125,259.44000244140625,338.6300048828125,579.9550170898438,81.69010162353516,45244,37952,22415,72732,25215
2026-08-26 11:36:00-04:00,312.385009765625,259.5199890136719,338.4200134277344,579.510009765625,81.62989807128906,312.5,259.5400085449219,338.55499267578125,580.5399780273438,81.7145004272461,312.239990234375,259.42999267578125,338.3909912109375,579.510009765625,81.625,312.2699890136719,259.4800109863281,338.55499267578125,580.010009765625,81.70999908447266,8963254,40935,28838,44209,44575
2026-08-26 11:37:00-04:00,312.510009765625,259.5799865722656,338.614990234375,580.5700073242188,81.62000274658203,312.5849914550781,259.6317138671875,338.6498107910156,581.0,81.64990234375,312.3500061035156,259.489990234375,338.4100036621094,579.3201904296875,81.61000061035156,312.3900146484375,259.5799865722656,338.43499755859375,579.6300048828125,81.6333999633789,72209,24881,38093,65371,27123
2026-08-26 11:38:00-04:00,312.42498779296875,259.3599853515625,338.5350036621094,579.5599975585938,81.66000366210938,312.5199890136719,259.6000061035156,338.6600036621094,580.5850219726562,81.66999816894531,312.32000732421875,259.3550109863281,338.44000244140625,579.530029296875,81.6050033569336,312.4949951171875,259.55999755859375,338.625,580.5850219726562,81.62000274658203,61375,30180,20816,44392,32918
2026-08-26 11:39:00-04:00,312.4949951171875,259.45001220703125,338.5199890136719,579.6400146484375,81.68000030517578,312.5400085449219,259.5050048828125,338.6000061035156,580.0750122070312,81.69999694824219,312.4200134277344,259.33050537109375,338.4700012207031,578.8300170898438,81.66000366210938,312.44000244140625,259.3699951171875,338.5671081542969,579.6699829101562,81.66000366210938,41403,28892,19186,44304,24825
2026-08-26 11:40:00-04:00,312.7904052734375,259.5,338.64990234375,580.9342041015625,81.68499755859375,312.8900146484375,259.5199890136719,338.64990234375,581.0798950195312,81.70999908447266,312.4200134277344,259.3599853515625,338.489990234375,579.4400024414062,81.66000366210938,312.7904052734375,259.44500732421875,338.5199890136719,579.510009765625,81.68009948730469,9183859,28801,14300,53943,9772183
2026-08-26 11:41:00-04:00,313.0199890136719,259.510009765625,338.6199951171875,580.0,81.62000274658203,313.0398864746094,259.6099853515625,338.7200012207031,581.47998046875,81.72000122070312,312.7904052734375,259.4800109863281,338.6099853515625,579.780029296875,81.62000274658203,312.8399963378906,259.5,338.625,580.8800048828125,81.69000244140625,38777,18340,20593,51919,37536
2026-08-26 11:42:00-04:00,313.2099914550781,259.635009765625,338.88580322265625,580.7553100585938,81.62999725341797,313.2174072265625,259.6600036621094,339.0,580.9974975585938,81.63999938964844,312.9599914550781,259.5,338.55999755859375,579.7899780273438,81.5999984741211,313.0199890136719,259.510009765625,338.6099853515625,579.8699951171875,81.62000274658203,32215,64386,16498,38220,14443
2026-08-26 11:43:00-04:00,313.4649963378906,259.6300048828125,339.0299987792969,581.1790161132812,81.69000244140625,313.489990234375,259.67999267578125,339.0299987792969,581.8200073242188,81.69999694824219,313.17999267578125,259.5492858886719,338.8399963378906,580.7650146484375,81.62999725341797,313.2200012207031,259.6099853515625,338.9399108886719,580.869873046875,81.63500213623047,52645,28023,13353,54173,16217
2026-08-26 11:44:00-04:00,313.44000244140625,259.4549865722656,338.80999755859375,579.239990234375,81.68000030517578,313.4750061035156,259.69610595703125,339.04949951171875,581.989990234375,81.70999908447266,313.3800048828125,259.4049987792969,338.7265930175781,578.8599853515625,81.67009735107422,313.4750061035156,259.6300048828125,339.0299987792969,581.0900268554688,81.69000244140625,46868,32649,21043,106812,30637
2026-08-26 11:45:00-04:00,313.56201171875,259.4700012207031,338.8900146484375,580.6099853515625,81.66000366210938,313.5799865722656,259.56500244140625,338.9093017578125,580.6099853515625,81.67500305175781,313.44500732421875,259.44500732421875,338.768798828125,578.6300048828125,81.63999938964844,313.44500732421875,259.44500732421875,338.79998779296875,579.260009765625,81.67500305175781,57898,13446,12580,43431,16779
2026-08-26 11:46:00-04:00,313.25201416015625,259.5400085449219,339.1499938964844,581.1232299804688,81.68499755859375,313.6199951171875,259.54998779296875,339.1499938964844,581.1599731445312,81.70500183105469,313.223388671875,259.489990234375,338.9100036621094,580.3200073242188,81.65499877929688,313.5799865722656,259.5,338.9200134277344,580.5700073242188,81.66999816894531,108233,13344,10870,34702,23623
2026-08-26 11:47:00-04:00,313.2900085449219,259.510009765625,339.2650146484375,582.2150268554688,81.625,313.3900146484375,259.54998779296875,339.32000732421875,582.2999877929688,81.70999908447266,313.1400146484375,259.5,339.0899963378906,580.7584838867188,81.62000274658203,313.239990234375,259.5199890136719,339.1499938964844,581.0800170898438,81.70500183105469,36121,18915,28861,63754,23108
2026-08-26 11:48:00-04:00,313.2900085449219,259.4599914550781,339.19500732421875,581.0499877929688,81.67009735107422,313.3800048828125,259.5400085449219,339.3739929199219,582.2150268554688,81.69499969482422,313.2349853515625,259.4200134277344,339.1400146484375,581.0499877929688,81.62000274658203,313.2900085449219,259.5299987792969,339.2900085449219,581.0499877929688,81.625,23531,23825,19519,36060,33100
2026-08-26 11:49:00-04:00,313.3900146484375,259.44000244140625,339.2300109863281,581.0349731445312,81.66999816894531,313.3948059082031,259.4649963378906,339.2900085449219,581.1099853515625,81.68099975585938,313.2322998046875,259.3999938964844,339.1499938964844,579.8800048828125,81.6500015258789,313.2699890136719,259.45001220703125,339.19500732421875,581.0,81.68099975585938,26192,27043,15663,45923,22207
2026-08-26 11:50:00-04:00,313.4049987792969,259.3999938964844,339.0950012207031,581.1599731445312,81.66999816894531,313.4549865722656,259.5295104980469,339.260009765625,581.5999755859375,81.68499755859375,313.3800964355469,259.3999938964844,339.0299987792969,580.8109130859375,81.6500015258789,313.4200134277344,259.44500732421875,339.260009765625,580.9462890625,81.68000030517578,45198,23197,16666,31119,29992
2026-08-26 11:51:00-04:00,313.1000061035156,259.0950012207031,338.7300109863281,580.3800048828125,81.625,313.3999938964844,259.43499755859375,339.1600036621094,581.4099731445312,81.68499755859375,313.0799865722656,259.05999755859375,338.69000244140625,579.8400268554688,81.62000274658203,313.3999938964844,259.4005126953125,339.0799865722656,581.1799926757812,81.66999816894531,49129,65126,34370,39639,38508
2026-08-26 11:52:00-04:00,313.1499938964844,259.0799865722656,338.5400085449219,579.385986328125,81.625,313.2654113769531,259.1499938964844,338.7250061035156,580.1099853515625,81.63999938964844,313.09539794921875,259.0400085449219,338.5223083496094,578.780029296875,81.61000061035156,313.1300048828125,259.0799865722656,338.7200927734375,580.1099853515625,81.62000274658203,18861,33089,16661,70681,22639
2026-08-26 11:53:00-04:00,313.1400146484375,258.93951416015625,338.3299865722656,578.405029296875,81.61000061035156,313.20001220703125,259.1400146484375,338.5899963378906,579.9993896484375,81.63500213623047,313.1000061035156,258.8999938964844,338.32000732421875,578.030029296875,81.5999984741211,313.1650085449219,259.07000732421875,338.5400085449219,579.5,81.62999725341797,18187,34187,20901,87803,21346
2026-08-26 11:54:00-04:00,313.18499755859375,258.7850036621094,338.1499938964844,577.8101196289062,81.62999725341797,313.20001220703125,259.09991455078125,338.3900146484375,578.8099975585938,81.63500213623047,313.0899963378906,258.67999267578125,338.1199951171875,577.5499877929688,81.5999984741211,313.125,258.9200134277344,338.3299865722656,578.405029296875,81.5999984741211,19446,68841,30797,36773,16485
2026-08-26 11:55:00-04:00,313.04998779296875,258.8800048828125,338.17999267578125,577.010009765625,81.68499755859375,313.20001220703125,258.96990966796875,338.3699951171875,578.0700073242188,81.68499755859375,313.0,258.760009765625,338.1300048828125,576.6699829101562,81.58999633789062,313.19549560546875,258.760009765625,338.1400146484375,577.905029296875,81.62999725341797,26155,39428,29021,100745,31353
2026-08-26 11:56:00-04:00,313.07501220703125,258.8299865722656,338.2699890136719,576.72998046875,81.68000030517578,313.0899963378906,258.9100036621094,338.2699890136719,577.3499755859375,81.70500183105469,312.9599914550781,258.67999267578125,338.1000061035156,576.2999877929688,81.66999816894531,313.0199890136719,258.8999938964844,338.19000244140625,577.1099853515625,81.69000244140625,25802,31330,23062,64421,22944
2026-08-26 11:57:00-04:00,313.0350036621094,258.6700134277344,338.1300048828125,575.4299926757812,81.66010284423828,313.19989013671875,258.8699951171875,338.30999755859375,577.2098999023438,81.68000030517578,313.010009765625,258.6700134277344,338.1000061035156,575.2999877929688,81.66010284423828,313.0849914550781,258.8349914550781,338.260009765625,576.6599731445312,81.66999816894531,57213,28068,23270,57786,18599
2026-08-26 11:58:00-04:00,312.8999938964844,258.7950134277344,338.1900939941406,575.47998046875,81.65499877929688,313.03509521484375,258.8500061035156,338.25,576.5,81.66000366210938,312.885009765625,258.6400146484375,338.1000061035156,575.1500244140625,81.63999938964844,313.0350036621094,258.6499938964844,338.1300048828125,575.3005981445312,81.66000366210938,25558,30202,18822,78206,12028
2026-08-26 11:59:00-04:00,312.94000244140625,258.6400146484375,338.1099853515625,576.0900268554688,81.6500015258789,312.94000244140625,258.82000732421875,338.2698974609375,576.3798828125,81.66000366210938,312.8399963378906,258.6000061035156,338.1099853515625,575.4000244140625,81.62000274658203,312.8999938964844,258.7950134277344,338.2200012207031,575.5900268554688,81.65499877929688,38348,46607,19272,48256,30115
2026-08-26 12:00:00-04:00,312.739990234375,258.3999938964844,337.9551086425781,574.4000244140625,81.65499877929688,312.9320068359375,258.6199951171875,338.1499938964844,576.0,81.66390228271484,312.739990234375,258.3999938964844,337.9100036621094,574.4000244140625,81.62000274658203,312.8999938964844,258.6199951171875,338.1300048828125,576.0,81.65499877929688,25847,45163,31720,87968,18450
2026-08-26 12:01:00-04:00,312.3999938964844,258.44000244140625,337.92999267578125,575.6699829101562,81.66500091552734,312.75,258.489990234375,337.9800109863281,575.7999877929688,81.69000244140625,312.385009765625,258.3500061035156,337.8500061035156,574.27001953125,81.65499877929688,312.739990234375,258.4200134277344,337.95001220703125,574.60498046875,81.66000366210938,49597,42960,15629,53448,33264
2026-08-26 12:02:00-04:00,312.53448486328125,258.4849853515625,338.0,575.469970703125,81.66999816894531,312.5400085449219,258.5199890136719,338.0899963378906,576.4000244140625,81.67990112304688,312.3699951171875,258.4100036621094,337.94000244140625,575.280029296875,81.65010070800781,312.3999938964844,258.44000244140625,337.9700012207031,575.760009765625,81.66000366210938,22286,41650,14196,37924,13921
2026-08-26 12:03:00-04:00,312.75,258.4700012207031,338.114990234375,576.75,81.68000030517578,312.79998779296875,258.5198059082031,338.1499938964844,576.7899780273438,81.68949890136719,312.5350036621094,258.4200134277344,337.95001220703125,575.2100219726562,81.66000366210938,312.5400085449219,258.4599914550781,338.0299987792969,575.3200073242188,81.66999816894531,104578,42062,20534,43020,23726
2026-08-26 12:04:00-04:00,312.5899963378906,258.7607116699219,338.30999755859375,577.4500122070312,81.7249984741211,312.7799987792969,258.7799987792969,338.30999755859375,577.9699096679688,81.7300033569336,312.57000732421875,258.4501037597656,338.07000732421875,576.5999755859375,81.66999816894531,312.7699890136719,258.4700012207031,338.114990234375,576.75,81.68000030517578,34321,47008,24122,80095,52914
2026-08-26 12:05:00-04:00,312.7300109863281,258.69000244140625,338.3800048828125,577.2849731445312,81.70999908447266,312.7300109863281,258.77301025390625,338.42999267578125,577.669921875,81.7249984741211,312.5400085449219,258.5899963378906,338.25,577.1199951171875,81.70500183105469,312.5799865722656,258.7200012207031,338.3299865722656,577.4500122070312,81.70999908447266,30934,30886,15225,39424,17423
2026-08-26 12:06:00-04:00,313.0299987792969,258.6050109863281,338.2650146484375,577.1749877929688,81.71009826660156,313.06500244140625,258.7665100097656,338.5,577.4000244140625,81.7249984741211,312.70001220703125,258.5516052246094,338.239990234375,577.0,81.68000030517578,312.7250061035156,258.7077941894531,338.3663024902344,577.2999877929688,81.69999694824219,10262186,35804,18965,27968,25196
2026-08-26 12:07:00-04:00,313.25,258.67498779296875,338.260009765625,578.4099731445312,81.69999694824219,313.275390625,258.7049865722656,338.2799987792969,578.4299926757812,81.7300033569336,312.9325866699219,258.54998779296875,338.1300048828125,577.0900268554688,81.68000030517578,313.0199890136719,258.5799865722656,338.2799987792969,577.0900268554688,81.71499633789062,41665,43721,18500,36376,105749
2026-08-26 12:08:00-04:00,313.68499755859375,258.7149963378906,338.2650146484375,578.4199829101562,81.63009643554688,313.94000244140625,258.82000732421875,338.4100036621094,578.7479858398438,81.69999694824219,313.25,258.67999267578125,338.2149963378906,578.27001953125,81.62999725341797,313.260009765625,258.69500732421875,338.2799987792969,578.330078125,81.69000244140625,149411,27920,15538,41566,54477
2026-08-26 12:09:00-04:00,313.4849853515625,258.7799987792969,338.2850036621094,578.3599853515625,81.62010192871094,313.69000244140625,258.7799987792969,338.32000732421875,578.5999755859375,81.6449966430664,313.3500061035156,258.6763000488281,338.2099914550781,578.2000122070312,81.61499786376953,313.69000244140625,258.7398986816406,338.2650146484375,578.510009765625,81.63999938964844,60002,29715,12086,26378,10536051
2026-08-26 12:10:00-04:00,313.3450012207031,258.6899108886719,338.17999267578125,578.780029296875,81.5250015258789,313.5299987792969,258.7449951171875,338.29998779296875,578.780029296875,81.62000274658203,313.26141357421875,258.6300048828125,338.1199951171875,578.2999877929688,81.5199966430664,313.5,258.739990234375,338.29998779296875,578.4400024414062,81.62000274658203,68127,20353,15622,20496,51522
2026-08-26 12:11:00-04:00,313.625,258.6600036621094,338.2300109863281,579.0449829101562,81.48999786376953,313.7099914550781,258.7200012207031,338.2799987792969,579.1099243164062,81.52999877929688,313.3360900878906,258.635009765625,338.19000244140625,578.59912109375,81.45999908447266,313.3360900878906,258.6600036621094,338.20001220703125,578.72998046875,81.5250015258789,65470,28880,14035,22433,45425
2026-08-26 12:12:00-04:00,313.3999938964844,258.69500732421875,338.30499267578125,578.9500122070312,81.51000213623047,313.6600036621094,258.75,338.3299865722656,579.1599731445312,81.53500366210938,313.3999938964844,258.6499938964844,338.19000244140625,578.8699951171875,81.4800033569336,313.6400146484375,258.6499938964844,338.2200012207031,579.0599975585938,81.48999786376953,36426,23982,13045,23070,26555
2026-08-26 12:13:00-04:00,313.56500244140625,258.7148132324219,338.2699890136719,578.4749755859375,81.4800033569336,313.57989501953125,258.7550048828125,338.3599853515625,579.1300048828125,81.50990295410156,313.40399169921875,258.6700134277344,338.2398986816406,578.2999877929688,81.4800033569336,313.56500244140625,258.69000244140625,338.31500244140625,578.9400024414062,81.50990295410156,27241,14884,11129,43852,41769
2026-08-26 12:14:00-04:00,313.4100036621094,258.6400146484375,338.2250061035156,577.6849975585938,81.50499725341797,313.6199951171875,258.69000244140625,338.29998779296875,578.6649780273438,81.51499938964844,313.4049987792969,258.635009765625,338.19000244140625,577.5100708007812,81.4800033569336,313.56890869140625,258.69000244140625,338.2699890136719,578.3720703125,81.48500061035156,34145,24382,14453,32949,14924
2026-08-26 12:15:00-04:00,313.5498962402344,258.7200012207031,338.17999267578125,577.4000244140625,81.52999877929688,313.55999755859375,258.7200012207031,338.2799072265625,577.9299926757812,81.52999877929688,313.3999938964844,258.6400146484375,338.1199951171875,577.3400268554688,81.5,313.4100036621094,258.6400146484375,338.2250061035156,577.6849975585938,81.50499725341797,30070,27078,19239,26963,20930
2026-08-26 12:16:00-04:00,313.489990234375,258.6199951171875,338.010009765625,576.778076171875,81.53500366210938,313.6050109863281,258.7149963378906,338.17401123046875,577.469970703125,81.54859924316406,313.4200134277344,258.5899963378906,337.9700012207031,576.7557983398438,81.5,313.5426025390625,258.7099914550781,338.1600036621094,577.469970703125,81.5250015258789,29522,29268,33198,33429,25600
2026-08-26 12:17:00-04:00,313.4649963378906,258.5350036621094,338.0,577.1199951171875,81.5250015258789,313.5400085449219,258.6700134277344,338.0299987792969,577.3699951171875,81.52999877929688,313.44000244140625,258.5,337.8999938964844,576.9100952148438,81.48999786376953,313.510009765625,258.6400146484375,338.0199890136719,577.0598754882812,81.52999877929688,22301,26038,15572,19370,32514
2026-08-26 12:18:00-04:00,313.4200134277344,258.57000732421875,338.04998779296875,577.64501953125,81.50499725341797,313.510009765625,258.6099853515625,338.125,577.719970703125,81.54000091552734,313.4100036621094,258.489990234375,337.989990234375,577.0,81.5,313.4700012207031,258.5350036621094,337.989990234375,577.0449829101562,81.5250015258789,26218,23191,13535,19126,52813
2026-08-26 12:19:00-04:00,313.4150085449219,258.4599914550781,338.0,577.4932861328125,81.49500274658203,313.5299072265625,258.5799865722656,338.08380126953125,577.6024169921875,81.50499725341797,313.3500061035156,258.44000244140625,338.0,577.1300048828125,81.49500274658203,313.4399108886719,258.54998779296875,338.0299987792969,577.5499877929688,81.50499725341797,31410,43016,14976,14146,23016
2026-08-26 12:20:00-04:00,313.44000244140625,258.54998779296875,338.0,577.52001953125,81.46499633789062,313.50250244140625,258.5799865722656,338.0899963378906,577.7103881835938,81.5,313.3500061035156,258.4200134277344,337.989990234375,577.3499755859375,81.45500183105469,313.4100036621094,258.4590148925781,338.0199890136719,577.5189819335938,81.48999786376953,32461,34121,14680,15022,21353
2026-08-26 12:21:00-04:00,313.2680969238281,258.5,337.8599853515625,577.3599853515625,81.45999908447266,313.4700012207031,258.5299987792969,337.989990234375,577.555419921875,81.46990203857422,313.2200012207031,258.3800048828125,337.760009765625,577.239990234375,81.45500183105469,313.430908203125,258.5299987792969,337.989990234375,577.555419921875,81.46499633789062,42480,41272,35198,27410,19202
2026-08-26 12:22:00-04:00,313.239990234375,258.5,337.82000732421875,576.1875,81.50499725341797,313.3843994140625,258.5400085449219,337.95989990234375,577.6160278320312,81.50499725341797,313.2099914550781,258.45001220703125,337.82000732421875,576.0900268554688,81.44999694824219,313.26458740234375,258.5,337.8599853515625,577.3599853515625,81.46499633789062,40239,27485,12976,61134,39960
2026-08-26 12:23:00-04:00,313.29010009765625,258.4100036621094,337.67498779296875,575.885986328125,81.5199966430664,313.32000732421875,258.4700012207031,337.80999755859375,576.3300170898438,81.52999877929688,313.1448059082031,258.3800048828125,337.57000732421875,575.510009765625,81.48999786376953,313.2300109863281,258.4700012207031,337.80999755859375,576.125,81.50499725341797,31986,24772,32603,82276,32053
2026-08-26 12:24:00-04:00,313.3399963378906,258.5849914550781,337.6700134277344,576.4298706054688,81.54499816894531,313.3699951171875,258.5899963378906,337.7300109863281,576.6099243164062,81.54499816894531,313.2598876953125,258.4100036621094,337.5899963378906,575.72021484375,81.50499725341797,313.2950134277344,258.4100036621094,337.6600036621094,575.72021484375,81.5250015258789,21954,24399,18071,26223,27105
2026-08-26 12:25:00-04:00,313.3800048828125,258.510009765625,337.69500732421875,576.4000244140625,81.54000091552734,313.4200134277344,258.6199951171875,337.7900085449219,576.780029296875,81.54989624023438,313.3349914550781,258.5,337.6099853515625,576.0700073242188,81.5199966430664,313.3699951171875,258.5849914550781,337.6600036621094,576.2838745117188,81.54000091552734,27364,25055,18730,21467,21320
2026-08-26 12:26:00-04:00,313.42999267578125,258.4800109863281,337.664794921875,577.0274047851562,81.51000213623047,313.42999267578125,258.54998779296875,337.69500732421875,577.27978515625,81.55000305175781,313.2699890136719,258.44000244140625,337.6000061035156,576.0701293945312,81.51000213623047,313.3800048828125,258.510009765625,337.69000244140625,576.4050903320312,81.53500366210938,24966,28216,16593,24455,17279
2026-08-26 12:27:00-04:00,313.42999267578125,258.4849853515625,337.44989013671875,577.1663818359375,81.50499725341797,313.4700012207031,258.5,337.6499938964844,577.2899169921875,81.5198974609375,313.3900146484375,258.42999267578125,337.42999267578125,576.6900024414062,81.48999786376953,313.44000244140625,258.4869079589844,337.6499938964844,576.9714965820312,81.51499938964844,53420,16700,27510,35593,16409
2026-08-26 12:28:00-04:00,313.3800048828125,258.6000061035156,337.4150085449219,577.1400146484375,81.52999877929688,313.44000244140625,258.659912109375,337.5299987792969,577.47998046875,81.54000091552734,313.3100891113281,258.4849853515625,337.3500061035156,577.0205078125,81.5,313.42999267578125,258.48968505859375,337.43499755859375,577.0599975585938,81.50499725341797,22818,44083,24540,17713,58406
2026-08-26 12:29:00-04:00,313.2947082519531,258.5069885253906,337.42999267578125,576.7550048828125,81.51000213623047,313.44000244140625,258.6700134277344,337.45001220703125,577.14501953125,81.58000183105469,313.2900085449219,258.5069885253906,337.3399963378906,576.5465698242188,81.50350189208984,313.3800048828125,258.6099853515625,337.42999267578125,577.14501953125,81.51000213623047,22095,22228,15214,25176,52469
2026-08-26 12:30:00-04:00,313.17498779296875,258.5199890136719,337.1549987792969,576.635009765625,81.5250015258789,313.30999755859375,258.5299987792969,337.489990234375,577.1898803710938,81.55000305175781,313.1700134277344,258.4700012207031,337.0899963378906,576.614990234375,81.48999786376953,313.30499267578125,258.4800109863281,337.45001220703125,576.6849975585938,81.51000213623047,40840,16177,29082,16821,88925
2026-08-26 12:31:00-04:00,313.2699890136719,258.489990234375,337.3066101074219,577.1400146484375,81.5999984741211,313.2900085449219,258.6600036621094,337.3999938964844,577.239990234375,81.5999984741211,313.16461181640625,258.489990234375,337.04998779296875,576.6173095703125,81.52999877929688,313.16461181640625,258.5400085449219,337.17999267578125,576.6173095703125,81.52999877929688,19586,20792,22901,13595,70793
2026-08-26 12:32:00-04:00,313.260009765625,258.5,337.2699890136719,577.3300170898438,81.6500015258789,313.2799987792969,258.5150146484375,337.29998779296875,577.4398803710938,81.6500015258789,313.1000061035156,258.4100036621094,337.04998779296875,576.72998046875,81.56999969482422,313.2550048828125,258.510009765625,337.2550048828125,577.010009765625,81.5999984741211,22390,23754,50504,21205,49381
2026-08-26 12:33:00-04:00,313.2650146484375,258.6000061035156,337.2149963378906,577.510009765625,81.68000030517578,313.33990478515625,258.65399169921875,337.4100036621094,577.8499145507812,81.68499755859375,313.25,258.5150146484375,337.2149963378906,577.3200073242188,81.6500015258789,313.2699890136719,258.5150146484375,337.260009765625,577.4000244140625,81.6500015258789,20281,17713,27781,22220,23569
2026-08-26 12:34:00-04:00,313.3599853515625,258.6798095703125,337.239990234375,577.5,81.68049621582031,313.4750061035156,258.69000244140625,337.2799987792969,577.9000244140625,81.70999908447266,313.2699890136719,258.6050109863281,337.19000244140625,577.3900146484375,81.67009735107422,313.2699890136719,258.6050109863281,337.2200012207031,577.4201049804688,81.67009735107422,42359,15275,14541,20541,16103
2026-08-26 12:35:00-04:00,313.42999267578125,258.7300109863281,337.2300109863281,577.3300170898438,81.64900207519531,313.44000244140625,258.760009765625,337.2799987792969,577.575927734375,81.70999908447266,313.32000732421875,258.6700134277344,337.1882019042969,577.0999755859375,81.63999938964844,313.3500061035156,258.6780090332031,337.2300109863281,577.5650024414062,81.69000244140625,15784,20569,13513,12597,39201
2026-08-26 12:36:00-04:00,313.2799987792969,258.635009765625,337.2300109863281,577.4450073242188,81.66999816894531,313.4800109863281,258.7850036621094,337.29998779296875,577.4899291992188,81.66999816894531,313.2799987792969,258.6300048828125,337.20001220703125,577.1300048828125,81.63999938964844,313.4100036621094,258.7200012207031,337.2200012207031,577.3300170898438,81.6449966430664,27407,36209,20523,16457,10705
2026-08-26 12:37:00-04:00,313.05999755859375,258.57000732421875,337.0799865722656,577.280029296875,81.61000061035156,313.29998779296875,258.6600036621094,337.2799987792969,577.6300048828125,81.68000030517578,313.0,258.5,337.07000732421875,577.2155151367188,81.61000061035156,313.2709045410156,258.6600036621094,337.25,577.5499877929688,81.67500305175781,51054,15829,17097,9716,23774
2026-08-26 12:38:00-04:00,313.0899963378906,258.5899963378906,337.20001220703125,576.9500122070312,81.61000061035156,313.1499938964844,258.5899963378906,337.2099914550781,577.3098754882812,81.63999938964844,312.989990234375,258.4800109863281,337.010009765625,576.77001953125,81.61000061035156,313.07000732421875,258.5487060546875,337.0899963378906,577.206298828125,81.61689758300781,25116,17104,15614,30734,20447
2026-08-26 12:39:00-04:00,312.772705078125,258.3900146484375,337.17498779296875,576.02001953125,81.58499908447266,313.10418701171875,258.54998779296875,337.2200012207031,577.0499877929688,81.61499786376953,312.772705078125,258.3900146484375,337.1499938964844,575.8499755859375,81.56999969482422,313.0899963378906,258.54998779296875,337.2200012207031,577.0399780273438,81.61000061035156,39108,21476,19092,33097,19230
2026-08-26 12:40:00-04:00,312.7650146484375,258.3800048828125,337.0799865722656,575.9149780273438,81.58000183105469,312.7799987792969,258.4049987792969,337.17999267578125,576.1649780273438,81.6050033569336,312.65008544921875,258.32000732421875,337.05999755859375,575.6699829101562,81.56999969482422,312.7699890136719,258.3800048828125,337.1700134277344,576.0900268554688,81.58000183105469,28042,25938,22612,24849,23864
2026-08-26 12:41:00-04:00,312.69000244140625,258.3550109863281,337.2200012207031,576.39501953125,81.58499908447266,312.75,258.3900146484375,337.2200012207031,576.5700073242188,81.59989929199219,312.67999267578125,258.32000732421875,337.05999755859375,575.3800048828125,81.58000183105469,312.75,258.3900146484375,337.1000061035156,575.8900146484375,81.58499908447266,19448,15084,19241,22691,14562
2026-08-26 12:42:00-04:00,312.6700134277344,258.2900085449219,337.3500061035156,575.6699829101562,81.55500030517578,312.75,258.3959045410156,337.3900146484375,576.5698852539062,81.58499908447266,312.5950012207031,258.2815856933594,337.2049865722656,575.6699829101562,81.55500030517578,312.7200012207031,258.3450012207031,337.2049865722656,576.405029296875,81.58499908447266,28303,26640,15267,15295,24213
2026-08-26 12:43:00-04:00,312.57501220703125,258.32000732421875,337.19000244140625,576.3699951171875,81.55999755859375,312.67498779296875,258.3478088378906,337.3599853515625,576.489990234375,81.57499694824219,312.5,258.2401123046875,337.1199951171875,575.5499877929688,81.54000091552734,312.67498779296875,258.2900085449219,337.3500061035156,575.7100219726562,81.55500030517578,37690,33931,16247,21328,17764
2026-08-26 12:44:00-04:00,312.7300109863281,258.2650146484375,337.0950012207031,575.8900146484375,81.5199966430664,312.7300109863281,258.31500244140625,337.2298889160156,576.4000244140625,81.56500244140625,312.57501220703125,258.239990234375,337.0899963378906,575.75,81.51000213623047,312.57501220703125,258.30731201171875,337.17999267578125,576.2999877929688,81.55500030517578,26888,25132,19888,19376,24447
2026-08-26 12:45:00-04:00,312.7799987792969,258.5299987792969,337.1199951171875,576.219970703125,81.5,312.8323059082031,258.5492858886719,337.17999267578125,576.3798828125,81.52999877929688,312.68011474609375,258.2799987792969,337.05999755859375,575.8900756835938,81.5,312.7099914550781,258.2799987792969,337.0799865722656,575.9998779296875,81.5199966430664,28529,22744,17609,15872,19496
2026-08-26 12:46:00-04:00,312.7300109863281,258.4111022949219,337.2200012207031,575.5980224609375,81.5199966430664,312.7799987792969,258.55059814453125,337.2300109863281,576.2133178710938,81.5250015258789,312.625,258.32000732421875,337.04998779296875,575.4600219726562,81.48999786376953,312.7799987792969,258.52081298828125,337.1300048828125,576.1900024414062,81.49500274658203,28393,41936,22372,35889,15495
2026-08-26 12:47:00-04:00,312.92498779296875,258.5899963378906,337.4100036621094,576.12060546875,81.52999877929688,312.92498779296875,258.5899963378906,337.4100036621094,576.12060546875,81.53500366210938,312.739990234375,258.42999267578125,337.20001220703125,575.4000854492188,81.510498046875,312.760009765625,258.42999267578125,337.2300109863281,575.719970703125,81.52999877929688,26713,33033,20078,38589,13158
2026-08-26 12:48:00-04:00,312.82000732421875,258.5899963378906,337.510009765625,575.9149780273438,81.54229736328125,312.92529296875,258.5899963378906,337.5400085449219,576.1799926757812,81.54550170898438,312.7799987792969,258.4800109863281,337.3900146484375,575.6199951171875,81.51000213623047,312.92498779296875,258.5400085449219,337.4309997558594,576.1799926757812,81.53500366210938,37000,35216,15254,21884,14515
2026-08-26 12:49:00-04:00,312.7099914550781,258.42999267578125,337.2795104980469,575.5137939453125,81.54499816894531,312.94000244140625,258.5899963378906,337.510009765625,576.0599975585938,81.58499908447266,312.70001220703125,258.3900146484375,337.2200012207031,575.5137939453125,81.51499938964844,312.7099914550781,258.5799865722656,337.510009765625,575.8699951171875,81.55000305175781,11804059,39280,28928,27767,57105
2026-08-26 12:50:00-04:00,312.8699951171875,258.54998779296875,337.40521240234375,575.530029296875,81.57499694824219,312.8999938964844,258.54998779296875,337.4100036621094,575.5800170898438,81.57499694824219,312.67999267578125,258.3900146484375,337.19000244140625,575.1500244140625,81.5250015258789,312.70001220703125,258.44000244140625,337.25,575.510009765625,81.54000091552734,34496,51451,16954,22427,45935
2026-08-26 12:51:00-04:00,312.8299865722656,258.43951416015625,337.2850036621094,575.2999877929688,81.47000122070312,312.8999938964844,258.5299987792969,337.42999267578125,575.5800170898438,81.61499786376953,312.7101135253906,258.4024963378906,337.25,574.7999877929688,81.47000122070312,312.8599853515625,258.5299987792969,337.3599853515625,575.5800170898438,81.57499694824219,35167,16567,25135,39677,107324
2026-08-26 12:52:00-04:00,312.7314147949219,258.4200134277344,337.4700012207031,575.511474609375,81.55000305175781,312.8599853515625,258.42999267578125,337.4800109863281,575.511474609375,81.55500030517578,312.7099914550781,258.3575134277344,337.239990234375,575.0900268554688,81.44999694824219,312.8529968261719,258.3900146484375,337.25,575.1649780273438,81.4749984741211,16757,16977,10201,18855,46398
2026-08-26 12:53:00-04:00,312.7799987792969,258.510009765625,337.5350036621094,575.469970703125,81.56500244140625,312.8340148925781,258.5198974609375,337.55999755859375,575.5798950195312,81.56500244140625,312.69000244140625,258.42999267578125,337.4800109863281,575.240478515625,81.51000213623047,312.7200012207031,258.4549865722656,337.510009765625,575.5798950195312,81.54000091552734,23336,69763,11671,10790,16692
2026-08-26 12:54:00-04:00,312.7749938964844,258.45001220703125,337.3901062011719,575.39501953125,81.55999755859375,312.79998779296875,258.5299987792969,337.55999755859375,575.5800170898438,81.57499694824219,312.7500915527344,258.4429016113281,337.35009765625,575.3099975585938,81.55660247802734,312.7699890136719,258.5198974609375,337.5400085449219,575.489990234375,81.56500244140625,15949,17064,21745,15776,14974
2026-08-26 12:55:00-04:00,312.8800048828125,258.5309143066406,337.32501220703125,575.72998046875,81.58999633789062,312.9150085449219,258.5799865722656,337.44989013671875,575.9400024414062,81.59500122070312,312.7699890136719,258.45050048828125,337.32000732421875,575.3599853515625,81.55999755859375,312.7749938964844,258.4700012207031,337.3900146484375,575.4099731445312,81.56500244140625,47589,55095,23071,33898,16147
2026-08-26 12:56:00-04:00,313.0400085449219,258.62750244140625,337.5199890136719,576.0399780273438,81.58499908447266,313.04998779296875,258.67999267578125,337.5299987792969,576.0399780273438,81.61000061035156,312.8399963378906,258.5,337.31048583984375,575.3599853515625,81.57250213623047,312.8900146484375,258.5299987792969,337.3500061035156,575.5999755859375,81.58999633789062,54458,35277,39975,29065,31312
2026-08-26 12:57:00-04:00,313.19000244140625,258.7699890136719,337.69500732421875,576.4199829101562,81.62999725341797,313.19000244140625,258.81500244140625,337.80999755859375,576.77001953125,81.62999725341797,313.04010009765625,258.6000061035156,337.5,575.9000244140625,81.58499908447266,313.04998779296875,258.6499938964844,337.5299987792969,576.0999755859375,81.58499908447266,55846,165556,69732,32547,22056
2026-08-26 12:58:00-04:00,312.9700012207031,258.69158935546875,337.75,575.8400268554688,81.63999938964844,313.19000244140625,258.7799987792969,337.79998779296875,576.469970703125,81.6500015258789,312.9599914550781,258.6900939941406,337.6600036621094,575.6099853515625,81.58499908447266,313.17999267578125,258.73980712890625,337.7049865722656,576.2899780273438,81.625,49420,17515,30894,35015,66756
2026-08-26 12:59:00-04:00,313.0299987792969,258.739990234375,337.6000061035156,575.6685791015625,81.6050033569336,313.06988525390625,258.739990234375,337.739990234375,576.0700073242188,81.62999725341797,312.95001220703125,258.6310119628906,337.5299987792969,575.5399169921875,81.5999984741211,312.9599914550781,258.7099914550781,337.7250061035156,575.8049926757812,81.62999725341797,31274,27601,29019,22762,28068
2026-08-26 13:00:00-04:00,313.07000732421875,258.9100036621094,337.67498779296875,576.0900268554688,81.61000061035156,313.1000061035156,258.9100036621094,337.7200012207031,576.0999755859375,81.62000274658203,312.9601135253906,258.70001220703125,337.4800109863281,575.5399780273438,81.58499908447266,313.0249938964844,258.7300109863281,337.55999755859375,575.780029296875,81.6050033569336,49387,30524,25198,38829,41631
2026-08-26 13:01:00-04:00,312.9700012207031,258.80499267578125,337.67999267578125,576.2550048828125,81.53500366210938,313.07000732421875,258.95001220703125,337.8699951171875,576.3400268554688,81.6072006225586,312.9599914550781,258.7950134277344,337.54998779296875,575.8350219726562,81.52999877929688,313.06500244140625,258.9200134277344,337.6549987792969,575.9849853515625,81.6072006225586,25308,35601,29196,29334,81524
2026-08-26 13:02:00-04:00,312.81500244140625,258.82000732421875,337.6099853515625,575.010009765625,81.54499816894531,312.989990234375,258.8699951171875,337.75,576.1500244140625,81.55500030517578,312.8045959472656,258.74249267578125,337.6099853515625,575.0,81.5199966430664,312.9800109863281,258.7799987792969,337.7099914550781,576.1199951171875,81.52999877929688,24740,21137,17391,18986,61735
2026-08-26 13:03:00-04:00,312.80999755859375,258.8299865722656,337.7149963378906,575.364990234375,81.58999633789062,312.8254089355469,258.8299865722656,337.7250061035156,575.469970703125,81.5999984741211,312.760009765625,258.7200012207031,337.5,574.7719116210938,81.53500366210938,312.8045959472656,258.7900085449219,337.6099853515625,575.0338134765625,81.53500366210938,17412,16292,12951,17705,23248
2026-08-26 13:04:00-04:00,312.7900085449219,258.760009765625,337.7900085449219,575.72998046875,81.6050033569336,312.8399963378906,258.8399963378906,337.8399963378906,575.8300170898438,81.62999725341797,312.7300109863281,258.739990234375,337.739990234375,575.2200927734375,81.58999633789062,312.82000732421875,258.760009765625,337.739990234375,575.3900146484375,81.58999633789062,21863,19151,16185,10229,47204
2026-08-26 13:05:00-04:00,312.760009765625,258.76800537109375,337.7749938964844,575.5,81.61499786376953,312.8399963378906,258.82000732421875,337.8399963378906,575.5999755859375,81.62000274658203,312.739990234375,258.69000244140625,337.7099914550781,575.3800048828125,81.5999984741211,312.79998779296875,258.739990234375,337.7886962890625,575.5999755859375,81.6050033569336,19147,40921,16579,13822,12248
2026-08-26 13:06:00-04:00,312.7449951171875,258.7799987792969,337.9599914550781,575.4542846679688,81.56999969482422,312.8399963378906,258.82000732421875,337.9599914550781,575.60498046875,81.625,312.7200012207031,258.7250061035156,337.7200012207031,575.3499755859375,81.56999969482422,312.7799987792969,258.760009765625,337.7879943847656,575.4400024414062,81.61979675292969,38623,15762,16848,14425,29643
2026-08-26 13:07:00-04:00,312.75,258.80999755859375,338.0797119140625,575.77001953125,81.625,312.80499267578125,258.8500061035156,338.0899963378906,575.844970703125,81.63500213623047,312.7300109863281,258.7699890136719,337.92999267578125,575.3699951171875,81.55500030517578,312.760009765625,258.79998779296875,337.9599914550781,575.3699951171875,81.55999755859375,16304,16717,15347,12064,24484
2026-08-26 13:08:00-04:00,312.7749938964844,258.8900146484375,338.0400085449219,575.9500122070312,81.61499786376953,312.864990234375,258.8999938964844,338.0799865722656,576.1699829101562,81.62000274658203,312.739990234375,258.7900085449219,338.0,575.7000122070312,81.61000061035156,312.7650146484375,258.80999755859375,338.056884765625,575.8400268554688,81.62000274658203,27988,18032,12202,27128,15137
2026-08-26 13:09:00-04:00,312.8280944824219,258.8399963378906,338.125,575.7684936523438,81.60980224609375,312.8500061035156,258.9100036621094,338.20001220703125,576.1599731445312,81.61499786376953,312.7300109863281,258.8299865722656,338.04998779296875,575.7661743164062,81.5999984741211,312.7749938964844,258.864990234375,338.05999755859375,575.7684936523438,81.61000061035156,17597,21062,15577,17857,20677
2026-08-26 13:10:00-04:00,312.7749938964844,258.7869873046875,337.9800109863281,575.3699951171875,81.60769653320312,312.80999755859375,258.82598876953125,338.1499938964844,575.8099975585938,81.61000061035156,312.6499938964844,258.7300109863281,337.92999267578125,575.1500244140625,81.59500122070312,312.80999755859375,258.82598876953125,338.125,575.760009765625,81.5999984741211,39191,20503,14213,18984,15325
2026-08-26 13:11:00-04:00,312.68011474609375,258.760009765625,337.95001220703125,576.2000122070312,81.58499908447266,312.82000732421875,258.80999755859375,338.1099853515625,576.4000244140625,81.62000274658203,312.67999267578125,258.7301025390625,337.92498779296875,575.25,81.58499908447266,312.7699890136719,258.7998962402344,337.9700012207031,575.3250122070312,81.6050033569336,27634,11284,24453,38075,22391
2026-08-26 13:12:00-04:00,312.67999267578125,258.7099914550781,338.239990234375,576.4415893554688,81.55010223388672,312.75,258.7900085449219,338.30999755859375,576.5800170898438,81.58000183105469,312.5799865722656,258.70001220703125,337.93499755859375,576.0,81.55010223388672,312.69000244140625,258.760009765625,337.9700012207031,576.0999755859375,81.58000183105469,86183,20447,42417,25899,13327
2026-08-26 13:13:00-04:00,312.6600036621094,258.75,338.1499938964844,576.3800048828125,81.55500030517578,312.69000244140625,258.7699890136719,338.29998779296875,576.7899780273438,81.55999755859375,312.6199951171875,258.69000244140625,338.1000061035156,576.2918090820312,81.55000305175781,312.65008544921875,258.70001220703125,338.2749938964844,576.4600219726562,81.55339813232422,27724,19466,15506,20131,8323
2026-08-26 13:14:00-04:00,312.6000061035156,258.739990234375,338.0799865722656,576.2369995117188,81.58499908447266,312.6600036621094,258.7900085449219,338.159912109375,576.52001953125,81.58989715576172,312.5299987792969,258.7300109863281,338.0400085449219,576.080078125,81.55500030517578,312.6600036621094,258.739990234375,338.1000061035156,576.3800048828125,81.55500030517578,37935,20050,7999,11206,21716
2026-08-26 13:15:00-04:00,312.7699890136719,258.92498779296875,338.2749938964844,576.7849731445312,81.625,312.8500061035156,258.92999267578125,338.30999755859375,577.0,81.62989807128906,312.6099853515625,258.70001220703125,338.0649108886719,576.25,81.59500122070312,312.6099853515625,258.739990234375,338.0649108886719,576.2994995117188,81.6050033569336,40991,27020,13270,26288,10650
2026-08-26 13:16:00-04:00,312.8904113769531,259.0429992675781,338.4599914550781,576.8350219726562,81.65070343017578,312.95001220703125,259.07000732421875,338.4599914550781,577.0,81.65070343017578,312.75,258.94000244140625,338.2699890136719,576.5800170898438,81.62000274658203,312.7699890136719,258.94000244140625,338.3099060058594,576.7849731445312,81.62999725341797,53654,28203,15144,25229,21905
2026-08-26 13:17:00-04:00,312.989990234375,259.0462951660156,338.3800048828125,577.1699829101562,81.70999908447266,313.0199890136719,259.07989501953125,338.4599914550781,577.1998901367188,81.70999908447266,312.8900146484375,258.9949951171875,338.30059814453125,576.7000732421875,81.6449966430664,312.9049987792969,259.02191162109375,338.42498779296875,576.8629760742188,81.65499877929688,44839,22730,27121,33689,19028
2026-08-26 13:18:00-04:00,312.96990966796875,259.02099609375,338.2749938964844,576.9500122070312,81.7301025390625,313.0299987792969,259.1000061035156,338.44000244140625,577.1699829101562,81.73500061035156,312.9200134277344,259.0199890136719,338.2200012207031,576.6400146484375,81.70999908447266,313.010009765625,259.0799865722656,338.3699951171875,577.1099853515625,81.71499633789062,30306,21163,12501,44352,17681
2026-08-26 13:19:00-04:00,312.8334045410156,259.07000732421875,338.3599853515625,576.510009765625,81.7750015258789,313.0899963378906,259.07000732421875,338.45001220703125,577.0900268554688,81.7750015258789,312.80999755859375,258.9700012207031,338.2699890136719,576.130126953125,81.70999908447266,312.94000244140625,259.04791259765625,338.2699890136719,576.9600219726562,81.73500061035156,35370,18647,20299,48027,27526
2026-08-26 13:20:00-04:00,312.9750061035156,259.1000061035156,338.3399963378906,576.7050170898438,81.79499816894531,313.0299987792969,259.1400146484375,338.4800109863281,576.794677734375,81.80000305175781,312.80999755859375,259.0799865722656,338.29998779296875,576.3939208984375,81.7699966430664,312.8291931152344,259.0799865722656,338.3599853515625,576.530029296875,81.7699966430664,25033,27971,14708,17665,9233
2026-08-26 13:21:00-04:00,312.8900146484375,259.07000732421875,338.3599853515625,576.8300170898438,81.83000183105469,312.989990234375,259.135009765625,338.42999267578125,577.0900268554688,81.83000183105469,312.8699951171875,258.94000244140625,338.2699890136719,576.6199951171875,81.77999877929688,312.9800109863281,259.1000061035156,338.2950134277344,576.7050170898438,81.79000091552734,20902,42290,11361,27763,33501
2026-08-26 13:22:00-04:00,313.1099853515625,259.114990234375,338.30999755859375,577.4650268554688,81.78500366210938,313.1300048828125,259.1199035644531,338.3999938964844,577.5499877929688,81.83499908447266,312.8599853515625,259.0199890136719,338.2200012207031,576.75,81.76000213623047,312.8800048828125,259.07501220703125,338.385009765625,576.9149780273438,81.83000183105469,38111,16725,13195,26885,36557
2026-08-26 13:23:00-04:00,313.16009521484375,259.1700134277344,338.3699951171875,577.5999755859375,81.79000091552734,313.2200012207031,259.20001220703125,338.4200134277344,577.7899780273438,81.80500030517578,313.04998779296875,259.06500244140625,338.3299865722656,577.239990234375,81.7699966430664,313.090087890625,259.1099853515625,338.3349914550781,577.5399780273438,81.7699966430664,36679,24064,9405,22862,21351
2026-08-26 13:24:00-04:00,313.2300109863281,259.1600036621094,338.3599853515625,577.5599975585938,81.77999877929688,313.239990234375,259.17999267578125,338.3900146484375,577.7899780273438,81.79499816894531,313.05999755859375,259.1199951171875,338.2900085449219,577.4500122070312,81.7699966430664,313.18499755859375,259.1700134277344,338.3299865722656,577.6950073242188,81.79000091552734,23042,16471,10358,21075,12294
2026-08-26 13:25:00-04:00,313.1300048828125,259.09478759765625,338.2900085449219,577.5576171875,81.7750015258789,313.239990234375,259.19000244140625,338.3399963378906,577.5800170898438,81.80000305175781,313.1300048828125,259.0799865722656,338.260009765625,577.3200073242188,81.7750015258789,313.2300109863281,259.1600036621094,338.3299865722656,577.5700073242188,81.78630065917969,21823,27049,12028,20750,18937
2026-08-26 13:26:00-04:00,313.1300048828125,259.25,338.2850036621094,577.7999877929688,81.76499938964844,313.1600036621094,259.2699890136719,338.3450012207031,577.7999877929688,81.7750015258789,313.1099853515625,259.1000061035156,338.2235107421875,577.2999877929688,81.76000213623047,313.1300048828125,259.25,338.2950134277344,577.52001953125,81.77100372314453,17766,29800,24830,31796,13269
2026-08-26 13:27:00-04:00,313.25,259.3042907714844,338.260009765625,578.0399780273438,81.76000213623047,313.25,259.3363037109375,338.3999938964844,578.1300048828125,81.7699966430664,313.1300048828125,259.2200012207031,338.260009765625,577.6325073242188,81.75499725341797,313.13531494140625,259.2300109863281,338.32000732421875,577.7050170898438,81.76499938964844,16363,59940,13526,46027,18202
2026-08-26 13:28:00-04:00,313.1199951171875,259.29998779296875,338.0899963378906,578.9725952148438,81.7750015258789,313.2699890136719,259.3800048828125,338.2799987792969,579.1099853515625,81.7750015258789,313.1000061035156,259.2900085449219,338.0,578.0599975585938,81.75050354003906,313.25,259.30999755859375,338.2699890136719,578.0599975585938,81.76499938964844,42920,34500,40964,39294,13070
2026-08-26 13:29:00-04:00,313.1300048828125,259.32000732421875,338.1199951171875,578.2947998046875,81.79019927978516,313.1700134277344,259.3500061035156,338.19000244140625,579.1599731445312,81.79019927978516,313.0400085449219,259.260009765625,338.04998779296875,578.010009765625,81.7750015258789,313.1199951171875,259.3194885253906,338.0799865722656,578.9400024414062,81.7750015258789,24639,21657,15350,51535,16952
2026-08-26 13:30:00-04:00,313.17999267578125,259.23919677734375,338.2705078125,578.35498046875,81.78500366210938,313.2099914550781,259.3399963378906,338.32501220703125,578.5499877929688,81.79000091552734,313.1199951171875,259.19000244140625,338.1199951171875,577.52001953125,81.7699966430664,313.1549987792969,259.3399963378906,338.1449890136719,578.3150024414062,81.78500366210938,30898,34794,12616,55171,15884
2026-08-26 13:31:00-04:00,313.239990234375,259.260009765625,338.2300109863281,578.2349853515625,81.78500366210938,313.2499084472656,259.260009765625,338.2900085449219,578.35498046875,81.78500366210938,313.1600036621094,259.19000244140625,338.1200866699219,577.8699951171875,81.7750015258789,313.19000244140625,259.2500915527344,338.2900085449219,578.35498046875,81.77999877929688,16427,17877,9874,28881,11121
2026-08-26 13:32:00-04:00,313.15008544921875,259.1600036621094,338.1300048828125,578.239990234375,81.84500122070312,313.25,259.260009765625,338.260009765625,578.2650146484375,81.8563003540039,313.1400146484375,259.1600036621094,338.1099853515625,578.0,81.78500366210938,313.2300109863281,259.25,338.25,578.2650146484375,81.78500366210938,30024,19354,8563,19571,41535
2026-08-26 13:33:00-04:00,313.1449890136719,259.11260986328125,338.20001220703125,578.2550048828125,81.80500030517578,313.19000244140625,259.1799011230469,338.2250061035156,578.385009765625,81.84500122070312,313.1199951171875,259.07000732421875,338.1199951171875,578.0,81.79000091552734,313.1549987792969,259.1600036621094,338.1600036621094,578.1199951171875,81.84500122070312,22455,20722,11012,19005,41213
2026-08-26 13:34:00-04:00,313.17498779296875,259.0498962402344,338.3500061035156,577.4749755859375,81.81950378417969,313.19000244140625,259.1400146484375,338.3500061035156,578.3295288085938,81.81999969482422,313.1300048828125,259.0069885253906,338.1099853515625,577.3510131835938,81.79000091552734,313.1449890136719,259.1400146484375,338.18499755859375,578.2550048828125,81.80500030517578,14283,16140,12310,31563,15851
2026-08-26 13:35:00-04:00,313.1400146484375,258.8999938964844,338.3153991699219,577.1950073242188,81.79900360107422,313.19000244140625,259.0299987792969,338.3399963378906,577.5599975585938,81.81500244140625,313.1400146484375,258.8500061035156,338.239990234375,577.0,81.77999877929688,313.1400146484375,259.0199890136719,338.3349914550781,577.4099731445312,81.81500244140625,13250468,26066,12413,45360,14385
2026-08-26 13:36:00-04:00,313.135009765625,258.8700866699219,338.2699890136719,577.6199951171875,81.79000091552734,313.1700134277344,258.92999267578125,338.32501220703125,577.6599731445312,81.81999969482422,313.0899963378906,258.8599853515625,338.2139892578125,577.1099853515625,81.79000091552734,313.1300964355469,258.8800048828125,338.32501220703125,577.1950073242188,81.79039764404297,25020,15122,10252,46715,23775
2026-08-26 13:37:00-04:00,312.97979736328125,258.82000732421875,338.2300109863281,577.6950073242188,81.86499786376953,313.1300048828125,258.8699951171875,338.29998779296875,578.3400268554688,81.9000015258789,312.9649963378906,258.80999755859375,338.2300109863281,577.510009765625,81.79499816894531,313.1199951171875,258.8500061035156,338.29998779296875,577.5900268554688,81.79499816894531,38797,22644,16920,37978,63513
2026-08-26 13:38:00-04:00,312.9599914550781,258.7250061035156,338.239013671875,577.802490234375,81.86499786376953,313.0899963378906,258.8005065917969,338.260009765625,577.8900146484375,81.88629913330078,312.9599914550781,258.7099914550781,338.2149963378906,577.280517578125,81.8499984741211,312.98541259765625,258.8005065917969,338.2300109863281,577.6950073242188,81.86499786376953,18694,37491,5996,19851,36876
2026-08-26 13:39:00-04:00,312.82501220703125,258.614990234375,338.17999267578125,577.6701049804688,81.87999725341797,312.9773864746094,258.7200012207031,338.2298889160156,577.739990234375,81.87999725341797,312.82501220703125,258.5799865722656,338.1300048828125,577.2081298828125,81.83999633789062,312.9599914550781,258.7200012207031,338.2298889160156,577.6599731445312,81.86499786376953,25498,52337,13227,18291,27879
2026-08-26 13:40:00-04:00,312.80999755859375,258.6199035644531,338.54998779296875,578.1367797851562,81.8949966430664,312.8900146484375,258.6799011230469,338.54998779296875,578.239990234375,81.89869689941406,312.7799987792969,258.57000732421875,338.1499938964844,577.72998046875,81.87999725341797,312.8200988769531,258.6199951171875,338.1499938964844,577.8800048828125,81.87999725341797,34232,42871,17015,16354,18016
2026-08-26 13:41:00-04:00,312.7900085449219,258.5950012207031,338.4100036621094,578.47998046875,81.91000366210938,312.8399963378906,258.6300048828125,338.54998779296875,578.7880249023438,81.93000030517578,312.739990234375,258.54998779296875,338.3699951171875,578.1500854492188,81.875,312.7799987792969,258.5950012207031,338.5249938964844,578.260009765625,81.8949966430664,25025,23688,22433,37931,36281
2026-08-26 13:42:00-04:00,312.67999267578125,258.5350036621094,338.39959716796875,578.4598999023438,81.91500091552734,312.80999755859375,258.614990234375,338.4599914550781,578.8099975585938,81.92500305175781,312.65008544921875,258.5,338.37811279296875,578.164794921875,81.90499877929688,312.7900085449219,258.60919189453125,338.4049987792969,578.4180297851562,81.91999816894531,26270,34463,12846,19794,26174
2026-08-26 13:43:00-04:00,312.739990234375,258.5697937011719,338.44500732421875,578.5750122070312,81.9104995727539,312.8099060058594,258.6094970703125,338.4800109863281,578.6699829101562,81.91629791259766,312.68499755859375,258.5199890136719,338.3699951171875,578.280029296875,81.91000366210938,312.69000244140625,258.5350036621094,338.3949890136719,578.3699951171875,81.91500091552734,20881,26890,10998,13052,18670
2026-08-26 13:44:00-04:00,312.7850036621094,258.4800109863281,338.3999938964844,578.3944091796875,81.90499877929688,312.79998779296875,258.6099853515625,338.44989013671875,578.6192016601562,81.91500091552734,312.7200927734375,258.4800109863281,338.3699951171875,578.280517578125,81.9000015258789,312.7300109863281,258.56500244140625,338.42999267578125,578.3944091796875,81.91500091552734,13501037,36857,14073,24386,16566
2026-08-26 13:45:00-04:00,312.8500061035156,258.55999755859375,338.3580017089844,578.1091918945312,81.88500213623047,312.9200134277344,258.5799865722656,338.4100036621094,578.489990234375,81.90579986572266,312.7799987792969,258.4700012207031,338.25,577.973388671875,81.88500213623047,312.79998779296875,258.4750061035156,338.4049987792969,578.2999877929688,81.90499877929688,23237,35124,22784,37155,36436
2026-08-26 13:46:00-04:00,312.7799987792969,258.55999755859375,338.30499267578125,577.9500122070312,81.86000061035156,312.8599853515625,258.6000061035156,338.3799133300781,578.4498901367188,81.88990020751953,312.7401123046875,258.5400085449219,338.29998779296875,577.9500122070312,81.86000061035156,312.8399963378906,258.54998779296875,338.3500061035156,578.0999755859375,81.88500213623047,28591,25578,11144,22890,17337
2026-08-26 13:47:00-04:00,312.7799987792969,258.56988525390625,338.27099609375,578.4650268554688,81.86199951171875,312.82000732421875,258.57000732421875,338.32989501953125,578.5700073242188,81.86499786376953,312.7200012207031,258.5199890136719,338.2300109863281,577.880126953125,81.83000183105469,312.760009765625,258.55499267578125,338.2799987792969,578.0900268554688,81.86199951171875,32795,26841,15033,15437,29559
2026-08-26 13:48:00-04:00,312.80499267578125,258.57000732421875,338.2900085449219,578.75,81.875,312.82000732421875,258.5799865722656,338.29998779296875,578.75,81.875,312.739990234375,258.5150146484375,338.2300109863281,578.4132080078125,81.83999633789062,312.7749938964844,258.55999755859375,338.29998779296875,578.4650268554688,81.86000061035156,25254,27071,14009,18258,14396
2026-08-26 13:49:00-04:00,312.7799987792969,258.4898986816406,338.3399963378906,578.3200073242188,81.86499786376953,312.8099060058594,258.5766906738281,338.3800048828125,578.8099975585938,81.875,312.70001220703125,258.4700012207031,338.260009765625,578.3200073242188,81.8499984741211,312.80499267578125,258.5766906738281,338.3399963378906,578.760009765625,81.875,26164,25185,10305,13621,14831
2026-08-26 13:50:00-04:00,312.8349914550781,258.6000061035156,338.3500061035156,578.6599731445312,81.875,312.8900146484375,258.6400146484375,338.43798828125,578.8099975585938,81.87989807128906,312.7726135253906,258.4700012207031,338.3349914550781,578.130126953125,81.85050201416016,312.7900085449219,258.4800109863281,338.3598937988281,578.2750244140625,81.86000061035156,27727,33118,11506,22282,15384
2026-08-26 13:51:00-04:00,312.80499267578125,258.5,338.29998779296875,578.2999877929688,81.87000274658203,312.8699951171875,258.6000061035156,338.3550109863281,578.760009765625,81.875,312.80499267578125,258.489990234375,338.2799987792969,578.2949829101562,81.8550033569336,312.8299865722656,258.5799865722656,338.3550109863281,578.760009765625,81.875,511899,17584,9239,11404,15296
2026-08-26 13:52:00-04:00,312.889892578125,258.4800109863281,338.4150085449219,578.2000122070312,81.8550033569336,312.95001220703125,258.5199890136719,338.5,578.3400268554688,81.87000274658203,312.80999755859375,258.45001220703125,338.2900085449219,578.0599975585938,81.84500122070312,312.80999755859375,258.5050048828125,338.30999755859375,578.3049926757812,81.86499786376953,20343,38468,11893,12631,19222
2026-08-26 13:53:00-04:00,312.9049987792969,258.5299987792969,338.489990234375,578.7000122070312,81.8501968383789,312.9150085449219,258.55999755859375,338.5400085449219,578.7100219726562,81.86499786376953,312.8699951171875,258.4674987792969,338.4150085449219,578.07373046875,81.85009765625,312.8900146484375,258.4700012207031,338.4150085449219,578.07373046875,81.85990142822266,14570,34874,12206,30567,12132
2026-08-26 13:54:00-04:00,313.0199890136719,258.6499938964844,338.489990234375,578.8599853515625,81.85990142822266,313.0199890136719,258.6499938964844,338.5849914550781,578.8599853515625,81.86499786376953,312.8800048828125,258.54998779296875,338.489990234375,578.5001220703125,81.8499984741211,312.8999938964844,258.54998779296875,338.510009765625,578.7000122070312,81.8550033569336,24494,30599,18166,22336,15494
2026-08-26 13:55:00-04:00,313.0398864746094,258.739990234375,338.489990234375,578.3610229492188,81.82499694824219,313.1199035644531,258.75,338.5899963378906,578.9000244140625,81.86499786376953,313.0,258.6499938964844,338.44000244140625,578.3610229492188,81.82499694824219,313.0199890136719,258.6499938964844,338.489990234375,578.8900146484375,81.85399627685547,14249878,57087,17696,15749,40391
2026-08-26 13:56:00-04:00,312.94500732421875,258.6600036621094,338.3699951171875,578.1500244140625,81.79000091552734,313.0299987792969,258.7099914550781,338.4800109863281,578.5,81.83499908447266,312.9200134277344,258.6400146484375,338.3299865722656,577.6500244140625,81.79000091552734,313.0101013183594,258.7099914550781,338.4599914550781,578.5,81.83000183105469,24766,25933,14774,36367,28173
2026-08-26 13:57:00-04:00,312.9849853515625,258.7049865722656,338.489990234375,578.3499755859375,81.78500366210938,312.989990234375,258.7099914550781,338.489990234375,578.3499755859375,81.81999969482422,312.82000732421875,258.6549987792969,338.3399963378906,577.9199829101562,81.77999877929688,312.9599914550781,258.6698913574219,338.3450012207031,578.0850219726562,81.78500366210938,30132,23789,11958,13765,24394
2026-08-26 13:58:00-04:00,313.0299987792969,258.6900939941406,338.4700012207031,578.3499755859375,81.7750015258789,313.0398864746094,258.7055969238281,338.5025939941406,578.5900268554688,81.83499908447266,312.9700012207031,258.6700134277344,338.43499755859375,578.25,81.7699966430664,312.9849853515625,258.7049865722656,338.5,578.3900146484375,81.79499816894531,16425,22451,13078,11576,67377
2026-08-26 13:59:00-04:00,312.94000244140625,258.6549987792969,338.4150085449219,578.1900024414062,81.81400299072266,313.0299987792969,258.69000244140625,338.489990234375,578.3699951171875,81.81500244140625,312.9100036621094,258.625,338.3800048828125,577.8610229492188,81.75,313.0199890136719,258.69000244140625,338.4700012207031,578.2999877929688,81.7699966430664,19136,19106,20803,14301,36529
2026-08-26 14:00:00-04:00,312.9020080566406,258.8380126953125,338.45001220703125,578.22998046875,81.83999633789062,313.0,258.8500061035156,338.45001220703125,578.3599853515625,81.8499984741211,312.864990234375,258.6600036621094,338.3599853515625,578.015380859375,81.81500244140625,312.95001220703125,258.6700134277344,338.3999938964844,578.27001953125,81.81500244140625,20679,41362,14245,10712,38441
2026-08-26 14:01:00-04:00,312.9898986816406,258.8900146484375,338.4599914550781,578.5399780273438,81.83149719238281,313.0199890136719,258.9100036621094,338.4898986816406,578.7100219726562,81.84989929199219,312.8999938964844,258.8399963378906,338.4100036621094,578.0700073242188,81.82009887695312,312.90509033203125,258.8399963378906,338.45001220703125,578.2000122070312,81.83000183105469,14038,27810,10173,12688,18282
2026-08-26 14:02:00-04:00,313.0,258.8599853515625,338.4649963378906,578.6500244140625,81.83999633789062,313.0295104980469,259.0,338.57000732421875,578.7999877929688,81.85990142822266,312.94000244140625,258.8599853515625,338.4200134277344,578.4600219726562,81.83000183105469,312.989990234375,258.8900146484375,338.5,578.5650024414062,81.83999633789062,20226,47509,18527,15340,20852
2026-08-26 14:03:00-04:00,313.0249938964844,258.7349853515625,338.5400085449219,578.9500122070312,81.83000183105469,313.1300048828125,258.8599853515625,338.5799865722656,579.0800170898438,81.83740234375,312.9800109863281,258.7322082519531,338.43499755859375,578.5399780273438,81.82499694824219,313.0199890136719,258.8500061035156,338.46990966796875,578.6099853515625,81.83499908447266,38886,56075,11693,18309,28278
2026-08-26 14:04:00-04:00,313.07000732421875,258.7699890136719,338.510009765625,578.6599731445312,81.80500030517578,313.1199951171875,258.82000732421875,338.55999755859375,579.0494995117188,81.83499908447266,313.0299987792969,258.739990234375,338.4700012207031,578.530029296875,81.80000305175781,313.0400085449219,258.739990234375,338.53009033203125,578.97998046875,81.8301010131836,26906,17969,19500,15041,30788
2026-08-26 14:05:00-04:00,313.0320129394531,258.8399963378906,338.5201110839844,578.3350219726562,81.8207015991211,313.1300048828125,258.8800048828125,338.6000061035156,578.7498779296875,81.86000061035156,313.0199890136719,258.760009765625,338.4800109863281,578.2410278320312,81.79499816894531,313.0653076171875,258.760009765625,338.510009765625,578.5001220703125,81.80000305175781,534895,17963,10651,11638,56571
2026-08-26 14:06:00-04:00,313.1199951171875,258.8900146484375,338.57501220703125,578.3699951171875,81.80500030517578,313.1700134277344,258.9399108886719,338.6499938964844,578.530029296875,81.82990264892578,313.0199890136719,258.8299865722656,338.4700012207031,578.0999755859375,81.80500030517578,313.0199890136719,258.8299865722656,338.489990234375,578.260009765625,81.82499694824219,23895,26338,10914,14076,11725
2026-08-26 14:07:00-04:00,313.0199890136719,258.8599853515625,338.6300048828125,577.9299926757812,81.80500030517578,313.1200866699219,258.9100036621094,338.66009521484375,578.3800048828125,81.81999969482422,312.9700012207031,258.8299865722656,338.57501220703125,577.9000244140625,81.77999877929688,313.1199951171875,258.9100036621094,338.57501220703125,578.3800048828125,81.80500030517578,26088,24707,11898,18962,39371
2026-08-26 14:08:00-04:00,313.05499267578125,259.0150146484375,338.69000244140625,578.0599975585938,81.80500030517578,313.07000732421875,259.05999755859375,338.7880859375,578.25,81.83999633789062,312.9800109863281,258.8699951171875,338.6611022949219,577.9500122070312,81.80439758300781,313.0299987792969,258.8699951171875,338.6650085449219,577.9500122070312,81.80999755859375,20089,38123,11442,17374,19707
2026-08-26 14:09:00-04:00,313.04998779296875,259.07000732421875,338.6600036621094,577.8099975585938,81.77999877929688,313.0899963378906,259.0899963378906,338.7099914550781,578.1193237304688,81.8052978515625,312.989990234375,259.0,338.6099853515625,577.75,81.77999877929688,313.0400085449219,259.0299987792969,338.67999267578125,578.1193237304688,81.8052978515625,33561,38010,15342,18620,14253
2026-08-26 14:10:00-04:00,312.989990234375,259.0,338.56500244140625,577.1799926757812,81.79499816894531,313.0799865722656,259.07000732421875,338.70001220703125,577.9299926757812,81.80000305175781,312.9800109863281,258.9949951171875,338.55010986328125,577.1199951171875,81.78009796142578,313.04998779296875,259.07000732421875,338.6499938964844,577.8499755859375,81.78800201416016,26405,33188,12002,30311,16088
2026-08-26 14:11:00-04:00,312.9200134277344,259.0350036621094,338.4700012207031,577.31201171875,81.79499816894531,313.0,259.0350036621094,338.5799865722656,577.369873046875,81.79989624023438,312.8599853515625,258.9198913574219,338.447998046875,576.4099731445312,81.77999877929688,312.989990234375,258.96539306640625,338.5799865722656,577.1799926757812,81.79000091552734,32754,25082,17073,56498,27319
2026-08-26 14:12:00-04:00,312.8699951171875,259.0199890136719,338.3599853515625,576.7150268554688,81.79000091552734,312.9599914550781,259.07000732421875,338.4800109863281,577.3099975585938,81.79499816894531,312.82000732421875,259.0,338.3599853515625,576.7150268554688,81.77999877929688,312.92999267578125,259.0350036621094,338.3599853515625,577.3099975585938,81.79499816894531,26903,28386,11372,21219,23020
2026-08-26 14:13:00-04:00,312.8800048828125,258.9649963378906,338.3399963378906,576.9099731445312,81.7699966430664,312.95001220703125,259.010009765625,338.3999938964844,577.0900268554688,81.79010009765625,312.8599853515625,258.95001220703125,338.260009765625,576.5900268554688,81.7699966430664,312.8599853515625,259.010009765625,338.3500061035156,576.7150268554688,81.7699966430664,39399,28187,11698,20395,15209
2026-08-26 14:14:00-04:00,312.81781005859375,258.9158020019531,338.2799987792969,576.8280029296875,81.7750015258789,312.8999938964844,258.9700012207031,338.35040283203125,577.14990234375,81.77999877929688,312.80999755859375,258.8999938964844,338.2749938964844,576.6699829101562,81.75499725341797,312.8999938964844,258.9700012207031,338.35040283203125,576.9400024414062,81.7699966430664,19575,19369,12962,23776,23215
2026-08-26 14:15:00-04:00,312.7950134277344,258.8900146484375,338.32501220703125,577.1300048828125,81.80000305175781,312.8399963378906,258.9800109863281,338.3699951171875,577.1500244140625,81.81500244140625,312.7300109863281,258.8900146484375,338.2799987792969,576.5501098632812,81.7300033569336,312.80999755859375,258.9200134277344,338.32501220703125,576.8400268554688,81.7750015258789,24269,20873,8697,18112,55543
2026-08-26 14:16:00-04:00,313.010009765625,258.9599914550781,338.29998779296875,577.5599975585938,81.80500030517578,313.07000732421875,259.0,338.3699951171875,577.780029296875,81.80879974365234,312.7799987792969,258.8800048828125,338.2900085449219,577.0050048828125,81.79499816894531,312.7799987792969,258.8900146484375,338.3299865722656,577.0999755859375,81.80000305175781,38481,29424,14206,37807,8495
2026-08-26 14:17:00-04:00,313.0249938964844,258.9800109863281,338.2900085449219,578.1900024414062,81.83499908447266,313.05999755859375,259.0050048828125,338.3450012207031,578.1900024414062,81.83609771728516,312.9700012207031,258.92999267578125,338.2799987792969,577.3931884765625,81.80010223388672,312.9849853515625,258.9599914550781,338.2799987792969,577.6199951171875,81.80500030517578,26415,24192,19877,28554,21323
2026-08-26 14:18:00-04:00,313.04998779296875,259.0199890136719,338.42498779296875,578.0599975585938,81.89340209960938,313.0979919433594,259.04998779296875,338.44989013671875,578.1900024414062,81.9000015258789,313.0199890136719,258.9700012207031,338.2900085449219,577.9500732421875,81.80999755859375,313.0249938964844,258.9700012207031,338.2950134277344,578.1099853515625,81.83000183105469,21314,21354,8417,17515,39573
2026-08-26 14:19:00-04:00,313.0299987792969,258.9700012207031,338.4800109863281,577.9000244140625,81.8949966430664,313.04998779296875,259.0400085449219,338.510009765625,578.4149780273438,81.8998031616211,312.94000244140625,258.9700012207031,338.3999938964844,577.8699951171875,81.88500213623047,313.0299987792969,259.0199890136719,338.4200134277344,578.0499877929688,81.8947982788086,17753,13746,15942,35378,17646
2026-08-26 14:20:00-04:00,313.1300048828125,259.04998779296875,338.6300048828125,578.4249877929688,81.93499755859375,313.14990234375,259.0799865722656,338.6700134277344,578.7999877929688,81.94000244140625,313.0199890136719,258.9798889160156,338.4700012207031,577.780029296875,81.8949966430664,313.0199890136719,259.04998779296875,338.4750061035156,577.9299926757812,81.8949966430664,20806,21214,12026,33356,49333
2026-08-26 14:21:00-04:00,313.1199951171875,258.9075012207031,338.6300048828125,578.3200073242188,81.93000030517578,313.17999267578125,259.0199890136719,338.67999267578125,578.5899047851562,81.95500183105469,313.1199951171875,258.8900146484375,338.6099853515625,578.1901245117188,81.91000366210938,313.1300048828125,259.0199890136719,338.6300048828125,578.4249877929688,81.94000244140625,25704,14437,11471,21899,28155
2026-08-26 14:22:00-04:00,313.0799865722656,258.864990234375,338.5299987792969,578.4959716796875,81.87010192871094,313.139892578125,258.90948486328125,338.6499938964844,578.75,81.92500305175781,313.0199890136719,258.82000732421875,338.5,578.1699829101562,81.86000061035156,313.139892578125,258.8999938964844,338.6300048828125,578.2445068359375,81.92500305175781,20323,23045,13007,28790,28553
2026-08-26 14:23:00-04:00,313.0661926269531,258.8800048828125,338.55999755859375,577.7313842773438,81.86499786376953,313.1099853515625,258.8800048828125,338.614990234375,578.6199951171875,81.88500213623047,313.0198974609375,258.78021240234375,338.4599914550781,577.469970703125,81.8550033569336,313.0899963378906,258.864990234375,338.53009033203125,578.619873046875,81.87999725341797,22496,42944,21030,39626,22826
2026-08-26 14:24:00-04:00,312.989990234375,258.8399963378906,338.510009765625,577.1099853515625,81.83499908447266,313.0799865722656,258.8900146484375,338.6000061035156,577.8300170898438,81.86830139160156,312.989990234375,258.8299865722656,338.4800109863281,577.010009765625,81.81999969482422,313.0799865722656,258.8699951171875,338.5450134277344,577.7799072265625,81.86000061035156,22253,22256,18401,26510,20636
2026-08-26 14:25:00-04:00,313.0799865722656,259.010009765625,338.5350036621094,577.1500244140625,81.86000061035156,313.1000061035156,259.0199890136719,338.5400085449219,577.3300170898438,81.86499786376953,312.9599914550781,258.80999755859375,338.4200134277344,576.9201049804688,81.81999969482422,312.9949951171875,258.8299865722656,338.5350036621094,577.0999755859375,81.83000183105469,33105,33973,8254806,26209,18052
2026-08-26 14:26:00-04:00,313.0199890136719,258.95050048828125,338.4599914550781,577.219970703125,81.875,313.1099853515625,259.0199890136719,338.5249938964844,577.5,81.87999725341797,312.9849853515625,258.94000244140625,338.44500732421875,577.2000122070312,81.86000061035156,313.1000061035156,259.010009765625,338.5199890136719,577.260009765625,81.86499786376953,21950,41231,10144,17934,13946
2026-08-26 14:27:00-04:00,313.0199890136719,258.94989013671875,338.4849853515625,577.6900024414062,81.88500213623047,313.0350036621094,258.9501037597656,338.510009765625,577.8499755859375,81.88500213623047,312.9599914550781,258.8900146484375,338.3999938964844,576.9849853515625,81.86000061035156,313.0199890136719,258.9501037597656,338.44000244140625,577.4099731445312,81.87000274658203,0,18252,10923,22648,13829
2026-08-26 14:28:00-04:00,313.010009765625,258.9200134277344,338.4750061035156,577.6799926757812,81.88500213623047,313.0199890136719,258.94000244140625,338.5199890136719,577.8599853515625,81.8949966430664,312.9547119140625,258.8699951171875,338.42999267578125,577.5,81.8499984741211,313.0199890136719,258.93499755859375,338.4800109863281,577.8599853515625,81.88009643554688,18940,22380,10027,15206,36726
2026-08-26 14:29:00-04:00,313.0498962402344,258.80999755859375,338.3999938964844,577.8049926757812,81.8550033569336,313.1300048828125,258.92999267578125,338.4996032714844,577.8599853515625,81.87999725341797,313.0,258.79998779296875,338.3800048828125,577.5,81.8499984741211,313.01739501953125,258.9200134277344,338.4800109863281,577.6400146484375,81.87999725341797,28072,30428,17843,17088,13163
2026-08-26 14:30:00-04:00,312.9700012207031,258.8599853515625,338.30999755859375,578.239990234375,81.8499984741211,313.05999755859375,258.8949890136719,338.4200134277344,578.3599853515625,81.87000274658203,312.9599914550781,258.7799987792969,338.2900085449219,577.7650146484375,81.84500122070312,313.0299987792969,258.7950134277344,338.3999938964844,577.8049926757812,81.8550033569336,21655,33253,16158,21266,13430
2026-08-26 14:31:00-04:00,313.0400085449219,258.9200134277344,338.30999755859375,578.3298950195312,81.8550033569336,313.0400085449219,258.9599914550781,338.3472900390625,578.4600219726562,81.85980224609375,312.95001220703125,258.8699951171875,338.2699890136719,578.239990234375,81.8499984741211,312.989990234375,258.8699951171875,338.3262939453125,578.3049926757812,81.8550033569336,21316,18364,17817,22888,12721
2026-08-26 14:32:00-04:00,313.1499938964844,258.8999938964844,338.3450012207031,578.1799926757812,81.8499984741211,313.20001220703125,258.92999267578125,338.3599853515625,578.3660278320312,81.8550033569336,313.05999755859375,258.8550109863281,338.2699890136719,578.02001953125,81.84010314941406,313.05999755859375,258.9200134277344,338.29998779296875,578.2650146484375,81.85009765625,84984,27566,9776,20546,15777
2026-08-26 14:33:00-04:00,313.19000244140625,259.0299987792969,338.42498779296875,578.375,81.90989685058594,313.20001220703125,259.05999755859375,338.44000244140625,578.469970703125,81.90989685058594,313.05999755859375,258.9100036621094,338.32000732421875,578.1799926757812,81.8499984741211,313.1400146484375,258.9100036621094,338.3399963378906,578.25,81.8499984741211,21082,26935,16048,14894,17302
2026-08-26 14:34:00-04:00,313.2099914550781,258.9949951171875,338.2900085449219,578.126708984375,81.875,313.2200012207031,259.0350036621094,338.375,578.375,81.90899658203125,313.1700134277344,258.93231201171875,338.17999267578125,578.0700073242188,81.86499786376953,313.20001220703125,259.0350036621094,338.3699951171875,578.375,81.90450286865234,21198,17002,24588,19154,25905
2026-08-26 14:35:00-04:00,313.260009765625,258.9700012207031,338.2550048828125,578.4149780273438,81.91500091552734,313.2898864746094,259.010009765625,338.29998779296875,578.47998046875,81.91500091552734,313.1600036621094,258.95001220703125,338.2300109863281,578.02001953125,81.87000274658203,313.2099914550781,258.989990234375,338.2799987792969,578.10498046875,81.87000274658203,34014,15780,7889,10867,25467
2026-08-26 14:36:00-04:00,313.2500915527344,258.96990966796875,338.2799987792969,578.4099731445312,81.90499877929688,313.30279541015625,259.0,338.2995910644531,578.60498046875,81.92500305175781,313.2300109863281,258.9150085449219,338.2366943359375,578.3200073242188,81.875,313.260009765625,258.9800109863281,338.260009765625,578.4149780273438,81.91500091552734,27358,23082,10046,27552,38534
2026-08-26 14:37:00-04:00,313.1700134277344,258.9150085449219,338.2698974609375,578.2949829101562,81.87000274658203,313.2650146484375,258.9800109863281,338.29998779296875,578.4600219726562,81.91000366210938,313.1400146484375,258.8800048828125,338.2467956542969,578.0811157226562,81.87000274658203,313.260009765625,258.96990966796875,338.29998779296875,578.4000244140625,81.90499877929688,23883,17750,7952,14721,28643
2026-08-26 14:38:00-04:00,313.1499938964844,259.04840087890625,338.2200012207031,578.2000122070312,81.9000015258789,313.1700134277344,259.04840087890625,338.2594909667969,578.3400268554688,81.91999816894531,313.1300048828125,258.8800048828125,338.17999267578125,578.02001953125,81.8499984741211,313.1700134277344,258.8999938964844,338.239990234375,578.2949829101562,81.88999938964844,18628,20744,13677,22237,39824
2026-08-26 14:39:00-04:00,313.1600036621094,258.9800109863281,338.25,578.1300048828125,81.84010314941406,313.2200012207031,259.05999755859375,338.3599853515625,578.3759765625,81.88999938964844,313.1401062011719,258.9649963378906,338.20001220703125,578.0999755859375,81.84010314941406,313.1499938964844,259.0199890136719,338.20001220703125,578.1945190429688,81.88999938964844,25575,18514,13075,16150,16087
2026-08-26 14:40:00-04:00,313.1400146484375,258.9700012207031,338.3450012207031,578.3590087890625,81.83499908447266,313.20001220703125,258.9898986816406,338.3450927734375,578.3590087890625,81.8550033569336,313.1400146484375,258.93499755859375,338.2449951171875,577.880126953125,81.83000183105469,313.19000244140625,258.9800109863281,338.2550048828125,578.1300048828125,81.84500122070312,18698,10613,13742,17485,22142
2026-08-26 14:41:00-04:00,313.2550048828125,258.9920959472656,338.4100036621094,578.6774291992188,81.74240112304688,313.260009765625,259.0400085449219,338.4100036621094,578.7698974609375,81.83290100097656,313.1300048828125,258.9649963378906,338.3080139160156,578.2999877929688,81.70999908447266,313.1449890136719,258.9700012207031,338.3299865722656,578.3099975585938,81.83000183105469,25308,20182,15826,22965,53008
2026-08-26 14:42:00-04:00,313.25,259.0,338.42999267578125,578.873779296875,81.73999786376953,313.3800048828125,259.0400085449219,338.4599914550781,579.0549926757812,81.75980377197266,313.2300109863281,258.9599914550781,338.3699951171875,578.6799926757812,81.7249984741211,313.2550048828125,259.0,338.3999938964844,578.7100219726562,81.73500061035156,37078,18980,15487,34901,30348
2026-08-26 14:43:00-04:00,313.44500732421875,258.9649963378906,338.4549865722656,579.2650146484375,81.73500061035156,313.4800109863281,259.04998779296875,338.4849853515625,579.4299926757812,81.76000213623047,313.25,258.95001220703125,338.4100036621094,578.8952026367188,81.73500061035156,313.25,258.989990234375,338.4100036621094,578.9000244140625,81.74099731445312,30323,18110,24098,37953,31713
2026-08-26 14:44:00-04:00,313.68499755859375,259.03399658203125,338.42999267578125,579.5300903320312,81.72730255126953,313.69000244140625,259.04998779296875,338.4750061035156,579.5499877929688,81.73999786376953,313.42999267578125,258.9150085449219,338.4100036621094,578.9249267578125,81.7249984741211,313.42999267578125,258.94000244140625,338.44000244140625,579.27001953125,81.7301025390625,113424,21237,13066,35168,20068
2026-08-26 14:45:00-04:00,314.010009765625,259.1300048828125,338.54669189453125,579.6599731445312,81.76000213623047,314.1600036621094,259.1700134277344,338.6199951171875,579.8800048828125,81.77989959716797,313.6700134277344,259.0299987792969,338.3999938964844,579.3900146484375,81.7300033569336,313.68499755859375,259.03009033203125,338.44000244140625,579.5349731445312,81.7300033569336,151561,32496,11823,48763,21403
2026-08-26 14:46:00-04:00,314.0799865722656,259.0799865722656,338.5801086425781,580.75,81.7750015258789,314.0899963378906,259.114990234375,338.5950012207031,580.7598876953125,81.7750015258789,313.9599914550781,259.0199890136719,338.4750061035156,579.5800170898438,81.73500061035156,314.0,259.114990234375,338.54998779296875,580.75,81.75499725341797,56782,29286,15320,60959,16546
2026-08-26 14:47:00-04:00,314.3500061035156,259.1748962402344,338.6600036621094,580.5374755859375,81.7699966430664,314.3999938964844,259.239990234375,338.718994140625,580.9235229492188,81.78500366210938,314.07000732421875,259.0899963378906,338.6099853515625,580.489990234375,81.73999786376953,314.0907897949219,259.0899963378906,338.6099853515625,580.6099853515625,81.77999877929688,113771,44705,9680,61335,14905169
2026-08-26 14:48:00-04:00,314.2449951171875,259.07000732421875,338.5350036621094,580.27001953125,81.73999786376953,314.3900146484375,259.1600036621094,338.6754150390625,580.760009765625,81.7699966430664,314.239990234375,259.0400085449219,338.5000915527344,580.1599731445312,81.73999786376953,314.3500061035156,259.1401062011719,338.6600036621094,580.4249877929688,81.7699966430664,82872,49180,15063,56708,14925
2026-08-26 14:49:00-04:00,314.2300109863281,258.9800109863281,338.5491027832031,579.6199951171875,81.75,314.260009765625,259.0950012207031,338.55999755859375,580.4500122070312,81.75,314.08331298828125,258.9800109863281,338.4660949707031,579.5399780273438,81.7249984741211,314.2300109863281,259.05950927734375,338.5,580.1799926757812,81.73999786376953,43623,52934,12890,50113,18500
2026-08-26 14:50:00-04:00,314.4100036621094,259.0400085449219,338.5801086425781,579.64501953125,81.73500061035156,314.4200134277344,259.0799865722656,338.6300048828125,579.8800048828125,81.76000213623047,314.2200012207031,258.95001220703125,338.5199890136719,579.4400024414062,81.7301025390625,314.239990234375,258.9800109863281,338.5400085449219,579.69921875,81.75499725341797,58563,42223,17219,34874,16851
2026-08-26 14:51:00-04:00,314.6099853515625,259.07000732421875,338.6499938964844,579.4949951171875,81.71499633789062,314.6400146484375,259.07000732421875,338.6700134277344,579.7294921875,81.73989868164062,314.4150085449219,259.0199890136719,338.5799865722656,579.3699951171875,81.69999694824219,314.4150085449219,259.0400085449219,338.6000061035156,579.6500244140625,81.73500061035156,163379,44613,15452,22728,19970
2026-08-26 14:52:00-04:00,315.07501220703125,259.1499938964844,338.7550048828125,579.625,81.7249984741211,315.08990478515625,259.1839904785156,338.79998779296875,579.7999877929688,81.73500061035156,314.6199951171875,259.07000732421875,338.6099853515625,579.1900024414062,81.71019744873047,315.07501220703125,259.0799865722656,338.635009765625,579.5700073242188,81.72000122070312,217734,33898,23262,33197,18529
2026-08-26 14:53:00-04:00,314.94000244140625,259.25,338.7900085449219,579.9517211914062,81.7249984741211,315.1000061035156,259.2799987792969,338.8399963378906,579.9517211914062,81.74500274658203,314.8901062011719,259.1099853515625,338.69000244140625,579.360107421875,81.70999908447266,315.07501220703125,259.1300048828125,338.7550048828125,579.4749755859375,81.72000122070312,142385,57281,11342,24573,23610
2026-08-26 14:54:00-04:00,314.7449951171875,259.30999755859375,338.79998779296875,579.9149780273438,81.74500274658203,314.9700012207031,259.32000732421875,338.82989501953125,579.9553833007812,81.74500274658203,314.7300109863281,259.239990234375,338.6600036621094,579.7144165039062,81.7300033569336,314.9551086425781,259.25,338.79010009765625,579.9349975585938,81.7300033569336,125246,33138,15228,17247,9225
2026-08-26 14:55:00-04:00,314.5199890136719,259.17999267578125,338.69000244140625,579.7650146484375,81.83999633789062,314.75079345703125,259.3550109863281,338.8500061035156,580.35498046875,81.83999633789062,314.4800109863281,259.1600036621094,338.69000244140625,579.280029296875,81.72010040283203,314.5199890136719,259.30999755859375,338.7950134277344,579.8759765625,81.74590301513672,88731,36147,13979,32876,86013
2026-08-26 14:56:00-04:00,314.5799865722656,259.19000244140625,338.6099853515625,579.2949829101562,81.8949966430664,314.5899963378906,259.2200012207031,338.7049865722656,579.781982421875,81.9000015258789,314.489990234375,259.13848876953125,338.57000732421875,579.2235107421875,81.83999633789062,314.510009765625,259.1549987792969,338.67498779296875,579.77001953125,81.83999633789062,49254,22683,11634,19031,13569
2026-08-26 14:57:00-04:00,314.5799865722656,259.19000244140625,338.6300048828125,579.0900268554688,81.87000274658203,314.69000244140625,259.25,338.7817077636719,579.4400024414062,81.89990234375,314.5400085449219,259.1650085449219,338.6199951171875,578.8800048828125,81.87000274658203,314.57000732421875,259.19000244140625,338.6300048828125,579.239990234375,81.89230346679688,65175,50005,18431,31700,23699
2026-08-26 14:58:00-04:00,314.6199951171875,259.2799987792969,338.7300109863281,579.0626831054688,81.8949966430664,314.6400146484375,259.32501220703125,338.7699890136719,579.1400146484375,81.9000015258789,314.510009765625,259.17059326171875,338.6383972167969,578.75,81.84500122070312,314.57000732421875,259.17059326171875,338.6400146484375,579.0999755859375,81.86499786376953,45611,52962,19270,29922,20171
2026-08-26 14:59:00-04:00,314.56500244140625,259.30499267578125,338.7099914550781,578.8250122070312,81.9000015258789,314.7799987792969,259.32000732421875,338.7315979003906,579.1500244140625,81.91000366210938,314.54998779296875,259.260009765625,338.69000244140625,578.75,81.86499786376953,314.6099853515625,259.2799987792969,338.7300109863281,579.0599975585938,81.89009857177734,67654,17465,27702,17115,34908
2026-08-26 15:00:00-04:00,314.7349853515625,259.4704895019531,338.8399963378906,579.25,81.91010284423828,314.75,259.4859924316406,338.8399963378906,579.25,81.93000030517578,314.44000244140625,259.2799987792969,338.6300048828125,578.5504760742188,81.8949966430664,314.57000732421875,259.29998779296875,338.71990966796875,578.75,81.9000015258789,57486,40241,22399,18400,15346
2026-08-26 15:01:00-04:00,314.7149963378906,259.6199951171875,338.7900085449219,579.72998046875,81.88500213623047,314.80999755859375,259.6650085449219,338.8999938964844,580.4600219726562,81.93000030517578,314.5799865722656,259.4800109863281,338.6700134277344,579.1500244140625,81.87999725341797,314.7349853515625,259.5,338.8299865722656,579.25,81.91999816894531,60314,54153,18480,46695,19620
2026-08-26 15:02:00-04:00,314.81500244140625,259.7749938964844,338.92999267578125,580.3499755859375,81.875,314.9599914550781,259.7900085449219,339.0199890136719,580.5700073242188,81.88999938964844,314.7099914550781,259.6099853515625,338.7799987792969,579.6624755859375,81.86000061035156,314.7149963378906,259.6099853515625,338.82000732421875,580.0499267578125,81.87999725341797,63373,39778,22691,32026,23187
2026-08-26 15:03:00-04:00,314.8399963378906,259.8901062011719,338.8399963378906,580.0449829101562,81.83999633789062,314.864990234375,259.9150085449219,338.9800109863281,580.489990234375,81.87000274658203,314.79998779296875,259.70001220703125,338.8399963378906,579.9500122070312,81.83999633789062,314.79998779296875,259.7749938964844,338.94000244140625,580.344970703125,81.87000274658203,48526,57440,17698,34885,23938
2026-08-26 15:04:00-04:00,315.1700134277344,260.20001220703125,338.9800109863281,580.6699829101562,81.8550033569336,315.1700134277344,260.20001220703125,338.9800109863281,580.8049926757812,81.8550033569336,314.8299865722656,259.8923034667969,338.80999755859375,579.9752807617188,81.83000183105469,314.8500061035156,259.8923034667969,338.849609375,580.0675048828125,81.83999633789062,97507,76877,19869,26417,29031
2026-08-26 15:05:00-04:00,315.19000244140625,260.1549987792969,338.885009765625,580.14990234375,81.8550033569336,315.239990234375,260.19000244140625,339.0249938964844,580.8400268554688,81.86499786376953,315.1000061035156,260.04998779296875,338.8599853515625,580.0001220703125,81.84500122070312,315.1499938964844,260.19000244140625,338.95001220703125,580.769775390625,81.8550033569336,88584,54644,18412,29951,14729
2026-08-26 15:06:00-04:00,315.0400085449219,260.32000732421875,338.9150085449219,579.97998046875,81.83499908447266,315.239990234375,260.3399963378906,338.9700012207031,580.482177734375,81.87000274658203,314.9529113769531,260.1600036621094,338.885009765625,579.8499755859375,81.83499908447266,315.19000244140625,260.1700134277344,338.885009765625,580.1849975585938,81.8550033569336,66205,38792,11621,28836,14026
2026-08-26 15:07:00-04:00,315.0849914550781,260.30499267578125,338.95001220703125,580.094970703125,81.84010314941406,315.1400146484375,260.3699951171875,338.95001220703125,580.219970703125,81.8499984741211,314.9700012207031,260.25,338.82000732421875,579.8483276367188,81.83000183105469,315.0350036621094,260.29998779296875,338.8999938964844,580.019775390625,81.83499908447266,48413,57187,22479,17418,15191
2026-08-26 15:08:00-04:00,315.1200866699219,260.2200012207031,338.8949890136719,579.5850219726562,81.8499984741211,315.1700134277344,260.3599853515625,339.010009765625,580.1140747070312,81.8550033569336,314.9599914550781,260.0950012207031,338.8800048828125,579.4733276367188,81.83499908447266,315.0849914550781,260.3299865722656,338.9700012207031,580.1140747070312,81.84500122070312,47677,51304,42520,16011,25433
2026-08-26 15:09:00-04:00,315.1199951171875,260.1033935546875,338.8999938964844,579.64501953125,81.84500122070312,315.1700134277344,260.239990234375,338.95001220703125,580.0,81.86499786376953,315.1000061035156,260.1033935546875,338.8599853515625,579.5499877929688,81.84500122070312,315.1199951171875,260.22869873046875,338.8800048828125,579.6107788085938,81.85919952392578,52965,23176,18226,16912,16827
2026-08-26 15:10:00-04:00,315.1499938964844,260.0400085449219,338.81500244140625,579.1799926757812,81.83499908447266,315.2200012207031,260.1252136230469,338.94000244140625,579.5999755859375,81.8499984741211,315.1000061035156,259.9523010253906,338.7900085449219,578.6699829101562,81.80999755859375,315.1199951171875,260.1199951171875,338.9049987792969,579.5999755859375,81.8499984741211,54454,34107,20090,30714,27839
2026-08-26 15:11:00-04:00,315.1700134277344,260.0,338.8599853515625,578.3400268554688,81.82499694824219,315.1900939941406,260.0799865722656,338.8800048828125,579.3399047851562,81.83989715576172,315.10009765625,259.9599914550781,338.7799987792969,578.3400268554688,81.81500244140625,315.1400146484375,260.07000732421875,338.81500244140625,579.1799926757812,81.83499908447266,45992,34036,10174,33021,25980
2026-08-26 15:12:00-04:00,315.1700134277344,260.0799865722656,338.8299865722656,578.9901123046875,81.82019805908203,315.25,260.1199951171875,338.8699951171875,578.9901123046875,81.83000183105469,315.110107421875,259.9800109863281,338.80999755859375,578.334716796875,81.82009887695312,315.17999267578125,259.9800109863281,338.8699951171875,578.334716796875,81.82499694824219,67678,40668,13797,20913,13941
2026-08-26 15:13:00-04:00,315.07000732421875,260.07000732421875,338.7300109863281,578.530029296875,81.83499908447266,315.19989013671875,260.1400146484375,338.89990234375,579.0,81.83499908447266,315.0299987792969,260.0539855957031,338.7300109863281,578.4100952148438,81.81500244140625,315.1700134277344,260.0799865722656,338.8299865722656,578.9000244140625,81.81999969482422,51776,23240,26441,21157,17493
2026-08-26 15:14:00-04:00,315.07000732421875,260.0899963378906,338.7300109863281,577.9437866210938,81.80000305175781,315.1099853515625,260.1400146484375,338.739990234375,578.6400146484375,81.83989715576172,315.0199890136719,260.04998779296875,338.6499938964844,577.7899780273438,81.79499816894531,315.05999755859375,260.04998779296875,338.7300109863281,578.5048828125,81.83499908447266,38285,26026,22745,48584,34205
2026-08-26 15:15:00-04:00,315.1659851074219,260.239990234375,338.6499938964844,577.885009765625,81.80500030517578,315.19000244140625,260.2698059082031,338.7900085449219,578.1900024414062,81.80500030517578,315.05999755859375,260.07000732421875,338.6400146484375,577.7100219726562,81.77999877929688,315.05999755859375,260.07000732421875,338.7200012207031,577.9400024414062,81.79000091552734,57804,64283,12348,29618,17304
2026-08-26 15:16:00-04:00,315.1600036621094,260.3299865722656,338.760009765625,577.6199951171875,81.83499908447266,315.2298889160156,260.3699951171875,338.7799987792969,578.0198974609375,81.84500122070312,315.0600891113281,260.260009765625,338.6199951171875,577.3505249023438,81.80500030517578,315.1650085449219,260.260009765625,338.6499938964844,578.0198974609375,81.80989837646484,58757,42320,24309,27324,32088
2026-08-26 15:17:00-04:00,314.9700012207031,260.31500244140625,338.739990234375,577.6900024414062,81.85009765625,315.17999267578125,260.3699951171875,338.7799987792969,577.8599853515625,81.86160278320312,314.92999267578125,260.2799987792969,338.6700134277344,577.4199829101562,81.83000183105469,315.1650085449219,260.32501220703125,338.760009765625,577.5350952148438,81.83499908447266,62415,53488,15262,20422,23430
2026-08-26 15:18:00-04:00,315.17498779296875,260.2699890136719,338.7701110839844,577.6937866210938,81.8550033569336,315.17950439453125,260.35540771484375,338.7900085449219,577.8300170898438,81.87000274658203,314.8599853515625,260.20001220703125,338.70001220703125,577.6168823242188,81.8499984741211,314.9800109863281,260.30999755859375,338.7300109863281,577.6649780273438,81.86000061035156,56221,82694,22658,24822,21636
2026-08-26 15:19:00-04:00,315.04998779296875,260.20989990234375,338.864990234375,577.6699829101562,81.86000061035156,315.2300109863281,260.2699890136719,338.89990234375,577.97998046875,81.86000061035156,314.989990234375,260.1199951171875,338.7650146484375,577.469970703125,81.8499984741211,315.17498779296875,260.2550048828125,338.7699890136719,577.75,81.8499984741211,101247,49771,17473,18943,24878
2026-08-26 15:20:00-04:00,314.989990234375,260.0199890136719,338.6300048828125,577.2100219726562,81.81500244140625,315.1050109863281,260.2149963378906,338.864990234375,577.75,81.86499786376953,314.9200134277344,259.9804992675781,338.6050109863281,577.030029296875,81.81500244140625,315.07000732421875,260.1993103027344,338.864990234375,577.75,81.8550033569336,54457,46407,22753,25647,25285
2026-08-26 15:21:00-04:00,314.8410949707031,260.0299987792969,338.5849914550781,577.1400146484375,81.83000183105469,314.9999084472656,260.07000732421875,338.6499938964844,577.260009765625,81.83499908447266,314.8399963378906,259.9949951171875,338.57000732421875,576.9000244140625,81.80999755859375,314.989990234375,260.0400085449219,338.6300048828125,577.1699829101562,81.81340026855469,55069,30393,234245,36892,11903
2026-08-26 15:22:00-04:00,314.9849853515625,260.0400085449219,338.57000732421875,577.60498046875,81.86499786376953,315.0,260.07000732421875,338.6499938964844,577.72998046875,81.93499755859375,314.8450012207031,260.0199890136719,338.54998779296875,577.1400146484375,81.81999969482422,314.8500061035156,260.04998779296875,338.5820007324219,577.1400146484375,81.83000183105469,52478,23702,24033,23682,83337
2026-08-26 15:23:00-04:00,315.0249938964844,260.05999755859375,338.5299987792969,577.6199951171875,81.86000061035156,315.1199951171875,260.07501220703125,338.58990478515625,577.75,81.86499786376953,314.9800109863281,259.94500732421875,338.4801025390625,577.4000244140625,81.81999969482422,314.989990234375,260.0150146484375,338.57501220703125,577.5717163085938,81.86000061035156,84591,31698,119982,21548,36818
2026-08-26 15:24:00-04:00,315.010009765625,260.08990478515625,338.6000061035156,577.385009765625,81.83999633789062,315.05999755859375,260.0899963378906,338.6000061035156,577.739990234375,81.87000274658203,314.989990234375,260.05010986328125,338.489990234375,577.3499755859375,81.83999633789062,315.0101013183594,260.05499267578125,338.510009765625,577.5599975585938,81.8550033569336,43396,22708,28094,20655,37036
2026-08-26 15:25:00-04:00,314.97198486328125,260.05999755859375,338.6499938964844,577.4650268554688,81.8499984741211,315.0599060058594,260.09991455078125,338.6499938964844,577.4650268554688,81.86000061035156,314.92999267578125,260.0,338.5799865722656,577.2200927734375,81.83999633789062,315.010009765625,260.07501220703125,338.6000061035156,577.385009765625,81.84500122070312,62641,27845,26557,27508,32726
2026-08-26 15:26:00-04:00,314.8999938964844,260.04998779296875,338.625,577.52001953125,81.82499694824219,315.0199890136719,260.1199951171875,338.6449890136719,577.75,81.8499984741211,314.8666076660156,260.04998779296875,338.54998779296875,577.4099731445312,81.81999969482422,314.9599914550781,260.07000732421875,338.6300048828125,577.4650268554688,81.84500122070312,67365,25479,19131,24794,26179
2026-08-26 15:27:00-04:00,314.9299011230469,259.9649963378906,338.6499938964844,577.2534790039062,81.79499816894531,314.9299011230469,260.05999755859375,338.6600036621094,577.5800170898438,81.8375015258789,314.8599853515625,259.9649963378906,338.54998779296875,577.1599731445312,81.78500366210938,314.8999938964844,260.0400085449219,338.6159973144531,577.5800170898438,81.83000183105469,63983,29475,17273,19358,34047
2026-08-26 15:28:00-04:00,314.95001220703125,259.9150085449219,338.4100036621094,577.22998046875,81.76000213623047,315.0450134277344,260.0,338.6700134277344,577.5,81.80999755859375,314.9200134277344,259.8800048828125,338.3999938964844,577.0999755859375,81.76000213623047,314.9200134277344,259.9649963378906,338.6700134277344,577.378173828125,81.79750061035156,84489,43707,28213,15909,69012
2026-08-26 15:29:00-04:00,314.8446044921875,259.8299865722656,338.45989990234375,577.021728515625,81.7249984741211,315.0190124511719,259.94000244140625,338.5299987792969,577.2999877929688,81.7750015258789,314.8399963378906,259.79998779296875,338.4200134277344,576.8099975585938,81.7249984741211,314.8446044921875,259.8299865722656,338.42999267578125,577.2000122070312,81.76499938964844,59066,41582,14354,25013,30432
2026-08-26 15:30:00-04:00,315.0,259.83990478515625,338.5799865722656,576.6749877929688,81.74500274658203,315.04998779296875,259.94000244140625,338.6499938964844,577.239990234375,81.77999877929688,314.8299865722656,259.7850036621094,338.42999267578125,576.6199951171875,81.71009826660156,314.8599853515625,259.8299865722656,338.43499755859375,577.0,81.7249984741211,92857,59869,21288,34393,43046
2026-08-26 15:31:00-04:00,314.7250061035156,259.8183898925781,338.5450134277344,577.6199951171875,81.75499725341797,315.04998779296875,259.8699951171875,338.5899963378906,577.760009765625,81.7655029296875,314.7099914550781,259.7900085449219,338.42999267578125,576.5,81.73999786376953,315.0,259.7900085449219,338.57000732421875,576.6749877929688,81.74500274658203,94312,31529,119565,54834,38619
2026-08-26 15:32:00-04:00,314.75,259.82000732421875,338.6000061035156,577.4400024414062,81.74500274658203,314.79998779296875,259.8500061035156,338.6400146484375,577.739990234375,81.76000213623047,314.67999267578125,259.7699890136719,338.45001220703125,577.2899780273438,81.74500274658203,314.7250061035156,259.7950134277344,338.5199890136719,577.6799926757812,81.75499725341797,63634,22817,17940,42140,36176
2026-08-26 15:33:00-04:00,314.760009765625,259.885009765625,338.75,577.2449951171875,81.7750015258789,314.8299865722656,259.9299011230469,338.7699890136719,577.5399780273438,81.79000091552734,314.67999267578125,259.8399963378906,338.6000061035156,577.2000122070312,81.74500274658203,314.760009765625,259.8399963378906,338.6000061035156,577.3699951171875,81.74500274658203,44517,32430,22787,13829,36703
2026-08-26 15:34:00-04:00,314.8999938964844,259.94000244140625,338.86981201171875,577.6649780273438,81.80999755859375,314.8999938964844,259.94000244140625,338.8999938964844,577.719970703125,81.82499694824219,314.73638916015625,259.8699951171875,338.760009765625,577.1749877929688,81.75499725341797,314.75,259.9085998535156,338.760009765625,577.1749877929688,81.7750015258789,74242,24539,46509,16251,55381
2026-08-26 15:35:00-04:00,314.9800109863281,260.010009765625,338.8500061035156,577.1799926757812,81.82499694824219,315.0199890136719,260.010009765625,338.9200134277344,577.7899780273438,81.847900390625,314.8299865722656,259.9100036621094,338.7699890136719,577.1799926757812,81.80999755859375,314.8900146484375,259.93499755859375,338.864990234375,577.6719970703125,81.82499694824219,71534,35562,22665,27890,25601
2026-08-26 15:36:00-04:00,314.75,260.1499938964844,338.8399963378906,576.8499755859375,81.81999969482422,314.9800109863281,260.1499938964844,338.8800048828125,577.2999267578125,81.82499694824219,314.69000244140625,260.0199890136719,338.7900085449219,576.7196044921875,81.80500030517578,314.97259521484375,260.0199890136719,338.8500061035156,577.219970703125,81.81999969482422,59732,64563,16562,32023,37474
2026-08-26 15:37:00-04:00,314.7799987792969,260.114990234375,338.947998046875,577.2000122070312,81.83499908447266,314.81988525390625,260.125,338.95001220703125,577.219970703125,81.8396987915039,314.7349853515625,260.05999755859375,338.7200012207031,576.75,81.80000305175781,314.75,260.1099853515625,338.82501220703125,576.75,81.81500244140625,52522,33041,23093,33101,32985
2026-08-26 15:38:00-04:00,314.9700012207031,260.19500732421875,339.0799865722656,576.3200073242188,81.84500122070312,315.0450134277344,260.260009765625,339.1300048828125,577.3800048828125,81.84500122070312,314.760009765625,260.1000061035156,338.8699951171875,576.0900268554688,81.81999969482422,314.7850036621094,260.1000061035156,338.92999267578125,577.0800170898438,81.83000183105469,79742,36110,28305,102452,23900
2026-08-26 15:39:00-04:00,315.239990234375,260.2699890136719,339.0899963378906,576.5599975585938,81.84500122070312,315.239990234375,260.2699890136719,339.1180114746094,576.8099975585938,81.87000274658203,314.9700012207031,260.17999267578125,338.9800109863281,576.247802734375,81.84500122070312,314.9800109863281,260.20001220703125,339.0799865722656,576.247802734375,81.8499984741211,246055,28303,22337,30991,41552
2026-08-26 15:40:00-04:00,315.3796081542969,260.1700134277344,339.1864929199219,576.2000122070312,81.80500030517578,315.3800048828125,260.30999755859375,339.2300109863281,576.6599731445312,81.83499908447266,315.2449951171875,260.1600036621094,339.1108093261719,576.0700073242188,81.80000305175781,315.25,260.25,339.1199035644531,576.625,81.83000183105469,105653,43604,24636,28836,44499
2026-08-26 15:41:00-04:00,315.2900085449219,260.2200012207031,339.135009765625,576.22998046875,81.77999877929688,315.42999267578125,260.2200012207031,339.21990966796875,576.3800048828125,81.80500030517578,315.2200012207031,260.1099853515625,339.0899963378906,575.8099975585938,81.77999877929688,315.3800048828125,260.1700134277344,339.20001220703125,576.2349853515625,81.80500030517578,94673,30000,19868,34270,25458
2026-08-26 15:42:00-04:00,315.1700134277344,260.2051086425781,339.2200012207031,576.3499755859375,81.77010345458984,315.3299865722656,260.2300109863281,339.2200012207031,576.3800048828125,81.80000305175781,315.1300048828125,260.17010498046875,339.04998779296875,576.0,81.7699966430664,315.2799987792969,260.2049865722656,339.125,576.2025146484375,81.79000091552734,75584,31758,23695,22900,26228
2026-08-26 15:43:00-04:00,315.17999267578125,260.2900085449219,339.2099914550781,576.3350219726562,81.80000305175781,315.2619934082031,260.32000732421875,339.3299865722656,576.4199829101562,81.83999633789062,315.1300048828125,260.20001220703125,339.20001220703125,576.2100219726562,81.76499938964844,315.17999267578125,260.20001220703125,339.2200012207031,576.3300170898438,81.7699966430664,20187572,66401,24174,21298,102524
2026-08-26 15:44:00-04:00,315.239990234375,260.32000732421875,339.2406005859375,576.5449829101562,81.78500366210938,315.239990234375,260.32000732421875,339.2699890136719,576.6300048828125,81.83999633789062,315.1099853515625,260.2200012207031,339.1600036621094,576.201171875,81.7699966430664,315.17999267578125,260.260009765625,339.2099914550781,576.2999877929688,81.7947006225586,55027,32573,21955,26840,69126
2026-08-26 15:45:00-04:00,315.1499938964844,260.2850036621094,339.3599853515625,576.405029296875,81.74500274658203,315.3699951171875,260.30999755859375,339.42999267578125,576.6699829101562,81.77999877929688,315.1000061035156,260.21099853515625,339.2099914550781,576.0800170898438,81.70999908447266,315.25,260.2900085449219,339.2550048828125,576.5900268554688,81.77999877929688,101687,36057,43784,30017,56438
2026-08-26 15:46:00-04:00,314.9599914550781,260.2799072265625,339.3999938964844,576.6699829101562,81.7750015258789,315.2099914550781,260.3699951171875,339.5,576.97998046875,81.78500366210938,314.9599914550781,260.239990234375,339.375,576.405029296875,81.74009704589844,315.1600036621094,260.30999755859375,339.375,576.405029296875,81.74009704589844,82360,45860,31527,33734,32555
2026-08-26 15:47:00-04:00,314.8599853515625,260.21978759765625,339.2799987792969,576.6199951171875,81.79499816894531,314.9851989746094,260.3299865722656,339.4700012207031,576.8400268554688,81.81999969482422,314.7799987792969,260.20001220703125,339.2799987792969,576.5499877929688,81.7750015258789,314.9750061035156,260.21978759765625,339.3999938964844,576.8300170898438,81.79499816894531,73468,60083,35751,24323,16791760
2026-08-26 15:48:00-04:00,314.8800048828125,260.2699890136719,339.2699890136719,576.6900024414062,81.75,314.909912109375,260.29998779296875,339.3699951171875,576.739990234375,81.80770111083984,314.7799987792969,260.17999267578125,339.260009765625,576.3599853515625,81.73500061035156,314.8699951171875,260.20001220703125,339.2799987792969,576.6799926757812,81.79499816894531,62851,62502,37720,20413,62518
2026-08-26 15:49:00-04:00,314.9743957519531,260.2200012207031,339.2699890136719,576.780029296875,81.71499633789062,314.989990234375,260.2781982421875,339.3299865722656,576.8699951171875,81.73999786376953,314.8299865722656,260.17449951171875,339.2099914550781,576.6500244140625,81.69999694824219,314.8800048828125,260.2200012207031,339.2900085449219,576.719970703125,81.73999786376953,49074,45828,34761,22764,33386
2026-08-26 15:50:00-04:00,314.94000244140625,260.1499938964844,339.2900085449219,576.8400268554688,81.625,315.07000732421875,260.2699890136719,339.5299987792969,577.3820190429688,81.7300033569336,314.739990234375,260.1000061035156,339.2799987792969,576.8300170898438,81.625,315.0,260.2699890136719,339.2799987792969,576.8300170898438,81.625,97730,67411,63160,52736,84178
2026-08-26 15:51:00-04:00,314.8599853515625,260.19989013671875,339.1549987792969,576.7100219726562,81.55500030517578,314.9700012207031,260.20001220703125,339.29058837890625,576.989990234375,81.6449966430664,314.8500061035156,260.07000732421875,339.1099853515625,576.5800170898438,81.54499816894531,314.8599853515625,260.1499938964844,339.2900085449219,576.7100219726562,81.62999725341797,88604,104883,61103,60869,75350
2026-08-26 15:52:00-04:00,314.82000732421875,260.2799987792969,339.17498779296875,576.719970703125,81.50499725341797,314.92999267578125,260.2799987792969,339.29998779296875,577.25,81.58000183105469,314.7300109863281,260.1499938964844,339.1300048828125,576.4987182617188,81.48999786376953,314.8699951171875,260.20001220703125,339.19000244140625,576.75,81.55500030517578,127731,71688,40681,40187,66936
2026-08-26 15:53:00-04:00,314.4800109863281,260.1000061035156,339.04998779296875,576.6199951171875,81.4800033569336,314.8999938964844,260.260009765625,339.1499938964844,576.8400268554688,81.52999877929688,314.43011474609375,259.989990234375,339.0,576.4500122070312,81.47000122070312,314.79998779296875,260.1000061035156,339.1499938964844,576.7100219726562,81.51000213623047,149267,117812,57068,40101,117065
2026-08-26 15:54:00-04:00,314.29998779296875,260.29998779296875,338.75,576.7000122070312,81.45999908447266,314.5899963378906,260.3699951171875,339.30999755859375,577.0,81.51000213623047,314.17999267578125,260.0700988769531,338.29998779296875,576.2205810546875,81.41999816894531,314.489990234375,260.1199951171875,339.07000732421875,576.6900024414062,81.48410034179688,184383,117940,113199,55305,121050
2026-08-26 15:55:00-04:00,313.635009765625,260.5799865722656,339.0249938964844,578.60498046875,81.43000030517578,314.3299865722656,260.6000061035156,339.1400146484375,578.6500244140625,81.52999877929688,313.5899963378906,260.2900085449219,338.7699890136719,576.8300170898438,81.40499877929688,314.2900085449219,260.32000732421875,338.7900085449219,576.8400268554688,81.45999908447266,682473,168028,105650,151629,157484
2026-08-26 15:56:00-04:00,313.7550048828125,260.69000244140625,339.17999267578125,578.25,81.41500091552734,313.7799987792969,260.739990234375,339.18951416015625,578.6500244140625,81.43000030517578,313.57000732421875,260.5408935546875,338.989990234375,578.010009765625,81.31500244140625,313.635009765625,260.57000732421875,339.0249938964844,578.6400146484375,81.43000030517578,194371,126050,58654,96603,153974
2026-08-26 15:57:00-04:00,313.4700012207031,260.489990234375,339.1400146484375,576.97998046875,81.5,313.7677001953125,260.75,339.29998779296875,578.239990234375,81.51000213623047,313.3900146484375,260.4800109863281,339.07000732421875,576.905029296875,81.41500091552734,313.75,260.67498779296875,339.17498779296875,578.2100219726562,81.41500091552734,221556,184881,86854,114991,255612
2026-08-26 15:58:00-04:00,313.57958984375,260.3500061035156,339.0799865722656,576.6799926757812,81.50499725341797,313.69000244140625,260.5,339.20001220703125,577.030029296875,81.5199966430664,313.30999755859375,260.3399963378906,339.05999755859375,576.6799926757812,81.4800033569336,313.4700012207031,260.5,339.1300048828125,576.97998046875,81.49500274658203,283425,219675,92046,137943,278302
2026-08-26 15:59:00-04:00,313.489990234375,260.2799987792969,339.07501220703125,576.1099853515625,81.45999908447266,313.55999755859375,260.4200134277344,339.1400146484375,576.7000122070312,81.51499938964844,313.19000244140625,260.1000061035156,338.8399963378906,575.8800048828125,81.44000244140625,313.55999755859375,260.3500061035156,339.05999755859375,576.6900024414062,81.5,698619,451320,219601,329732,525066
2026-08-27 09:30:00-04:00,311.989990234375,259.2799987792969,336.79998779296875,574.4151000976562,80.88999938964844,312.0350036621094,259.6600036621094,337.29998779296875,576.47998046875,81.1500015258789,309.9599914550781,258.6000061035156,336.25,573.0599975585938,80.66999816894531,311.989990234375,259.2300109863281,336.3219909667969,576.47998046875,81.06999969482422,1391870,1224678,727418,555425,989545
2026-08-27 09:31:00-04:00,310.7699890136719,258.2850036621094,335.3999938964844,572.4249877929688,80.21499633789062,312.0,259.44000244140625,337.2099914550781,574.7999267578125,80.9000015258789,310.75,258.1000061035156,335.3999938964844,571.1300048828125,80.16999816894531,311.9750061035156,259.2799987792969,336.82000732421875,574.2100219726562,80.9000015258789,175490,1394639,108258,98796,217755
2026-08-27 09:32:00-04:00,310.2349853515625,257.9800109863281,336.2900085449219,570.6649780273438,80.32499694824219,310.8349914550781,258.260009765625,336.6000061035156,572.4249877929688,80.3499984741211,309.9501037597656,257.6300048828125,335.4100036621094,569.8300170898438,80.05999755859375,310.8349914550781,258.2250061035156,335.4100036621094,572.4249877929688,80.19999694824219,170798,187288,66986,129455,153269
2026-08-27 09:33:00-04:00,310.114990234375,258.1600036621094,336.05999755859375,568.6799926757812,80.16999816894531,310.42999267578125,258.6099853515625,337.2699890136719,571.1199951171875,80.4800033569336,309.9800109863281,258.05999755859375,335.9599914550781,568.3604736328125,80.1449966430664,310.2349853515625,258.0899963378906,336.4599914550781,571.0499877929688,80.30000305175781,127412,93435,55557,110742,122002
2026-08-27 09:34:00-04:00,309.94580078125,258.0400085449219,336.4649963378906,570.5599975585938,80.28260040283203,310.1400146484375,258.2650146484375,336.6000061035156,570.7100219726562,80.33000183105469,309.40008544921875,257.9200134277344,335.6000061035156,567.6199951171875,80.13999938964844,310.125,258.20001220703125,336.05499267578125,568.6798706054688,80.1449966430664,353692,157981,53097,133026,139281
2026-08-27 09:35:00-04:00,310.0150146484375,257.68499755859375,336.9599914550781,572.7949829101562,80.20999908447266,310.18499755859375,258.010009765625,337.29998779296875,572.8499755859375,80.30000305175781,309.4289855957031,257.57000732421875,336.31781005859375,570.25,80.08000183105469,309.92498779296875,258.010009765625,336.510009765625,570.6799926757812,80.2699966430664,130487,182843,43105,97847,167116
2026-08-27 09:36:00-04:00,310.06500244140625,257.2099914550781,336.5799865722656,571.8800048828125,80.22000122070312,310.5426025390625,257.7300109863281,337.0,573.2794799804688,80.2300033569336,309.9100036621094,257.1000061035156,336.47930908203125,571.6300048828125,79.82520294189453,310.0150146484375,257.70001220703125,336.9800109863281,572.989990234375,80.19999694824219,123755,177373,40265,78083,324283
2026-08-27 09:37:00-04:00,310.2799987792969,256.010009765625,336.1099853515625,570.5,80.08000183105469,310.3450012207031,257.32000732421875,336.7799987792969,572.4000244140625,80.2699966430664,309.9100036621094,255.9199981689453,336.07000732421875,569.7899780273438,80.06999969482422,310.1199035644531,256.010009765625,336.5450134277344,571.8673706054688,80.2300033569336,101364,384601,36020,40462,69491
2026-08-27 09:38:00-04:00,310.6099853515625,255.8300018310547,335.94500732421875,571.1799926757812,80.2300033569336,310.8550109863281,256.1700134277344,336.4461975097656,571.75,80.27999877929688,310.2799987792969,255.7100067138672,335.8699951171875,570.0,80.01000213623047,310.3500061035156,256.07000732421875,336.06329345703125,570.364990234375,80.0999984741211,82303,179712,49287,33780,79765
2026-08-27 09:39:00-04:00,310.6549987792969,255.99130249023438,336.1856994628906,570.4249877929688,79.79000091552734,310.9855041503906,256.1099853515625,336.5599060058594,571.2000122070312,80.2249984741211,310.4403991699219,255.5800018310547,335.6700134277344,569.9500122070312,79.79000091552734,310.6300048828125,255.85499572753906,335.8900146484375,571.02001953125,80.2249984741211,75966,188390,40863,29853,88823
2026-08-27 09:40:00-04:00,310.3699951171875,256.2300109863281,336.1199951171875,569.4199829101562,79.54000091552734,310.6400146484375,256.4360046386719,336.3456115722656,570.77001953125,79.81999969482422,310.30999755859375,255.92999267578125,335.8902893066406,568.5900268554688,79.5,310.6400146484375,255.92999267578125,336.1199951171875,570.4749755859375,79.80500030517578,66130,203908,40189,81969,172545
2026-08-27 09:41:00-04:00,310.0799865722656,256.5775146484375,336.3450012207031,570.9326782226562,79.36000061035156,310.3999938964844,256.7799987792969,336.5,571.8900146484375,79.63999938964844,309.95001220703125,256.25,336.0,569.1749877929688,79.3499984741211,310.3999938964844,256.25,336.1400146484375,569.1749877929688,79.54000091552734,128437,233728,40068,69340,213749
2026-08-27 09:42:00-04:00,310.0,257.0400085449219,336.510009765625,571.6550903320312,79.375,310.1300048828125,257.0400085449219,336.71990966796875,572.280029296875,79.62000274658203,309.6300048828125,256.5400085449219,336.2200012207031,570.77001953125,79.29000091552734,310.05999755859375,256.5799865722656,336.510009765625,570.9100952148438,79.36000061035156,108699,201766,48466,47994,284337
2026-08-27 09:43:00-04:00,310.5799865722656,257.54998779296875,337.5,573.5800170898438,79.65039825439453,310.760009765625,257.5899963378906,337.6099853515625,573.6500244140625,79.66999816894531,310.0799865722656,257.0365905761719,336.5350036621094,571.7249755859375,79.375,310.0799865722656,257.06500244140625,336.5400085449219,571.8300170898438,79.375,116837,184918,68406,99619,126798
2026-08-27 09:44:00-04:00,310.81500244140625,257.80999755859375,337.80999755859375,577.2999877929688,79.72000122070312,311.1200866699219,257.8599853515625,338.25,577.4000244140625,79.80000305175781,310.510009765625,257.44000244140625,337.4696044921875,573.5800170898438,79.6500015258789,310.55999755859375,257.55999755859375,337.4849853515625,573.5800170898438,79.66000366210938,177185,114231,70204,101311,87039
2026-08-27 09:45:00-04:00,311.0849914550781,258.3949890136719,338.4599914550781,579.2550048828125,80.0999984741211,311.19000244140625,258.5,338.614990234375,579.7999877929688,80.0999984741211,310.82000732421875,257.81500244140625,337.80999755859375,576.75,79.72000122070312,310.8299865722656,257.8450012207031,337.82000732421875,577.2999877929688,79.72000122070312,97491,182817,56954,145115,79279
2026-08-27 09:46:00-04:00,311.739990234375,258.05499267578125,338.0010070800781,580.5462036132812,80.0999984741211,311.885009765625,258.6000061035156,338.69000244140625,581.52001953125,80.16000366210938,311.07000732421875,257.9599914550781,337.8999938964844,579.0670776367188,80.02999877929688,311.0799865722656,258.3891906738281,338.42999267578125,579.2449951171875,80.08000183105469,107739,211036,72484,161584,99585
2026-08-27 09:47:00-04:00,311.3399963378906,257.9200134277344,337.72259521484375,582.0800170898438,79.93000030517578,311.7467956542969,258.1449890136719,338.1400146484375,582.8900146484375,80.1449966430664,311.1000061035156,257.7200012207031,337.3999938964844,580.6599731445312,79.87000274658203,311.3399963378906,258.05010986328125,338.0,580.7000122070312,80.11509704589844,82062,128612,53187,160661,95426
2026-08-27 09:48:00-04:00,311.55499267578125,258.0400085449219,338.1099853515625,582.3690185546875,79.85990142822266,311.5899963378906,258.2900085449219,338.20001220703125,582.4400024414062,79.93499755859375,311.2099914550781,257.82000732421875,337.6805114746094,581.1500854492188,79.74500274658203,311.32000732421875,257.9200134277344,337.7550048828125,582.3200073242188,79.93499755859375,62954,106031,42664,112443,100168
2026-08-27 09:49:00-04:00,311.56500244140625,257.3800048828125,337.17999267578125,580.2003173828125,79.6500015258789,311.7099914550781,258.1299133300781,338.1499938964844,583.0,79.8499984741211,311.4549865722656,257.30999755859375,336.9200134277344,579.5800170898438,79.6500015258789,311.55499267578125,258.0400085449219,338.08349609375,582.2949829101562,79.83999633789062,58977,186830,41642,101612,96124
2026-08-27 09:50:00-04:00,311.7349853515625,257.5010070800781,337.4700012207031,578.3400268554688,79.61000061035156,311.7550048828125,257.59991455078125,337.4700012207031,580.6400146484375,79.65499877929688,311.42999267578125,257.07000732421875,336.9599914550781,578.1699829101562,79.55000305175781,311.54998779296875,257.3599853515625,337.2300109863281,580.6400146484375,79.6500015258789,65473,153224,25938,57249,74334
2026-08-27 09:51:00-04:00,311.5,257.4700012207031,337.42999267578125,578.1500244140625,79.47000122070312,311.85101318359375,257.5799865722656,337.6700134277344,579.27001953125,79.62000274658203,311.4849853515625,257.32000732421875,337.2300109863281,577.6799926757812,79.43000030517578,311.70001220703125,257.5,337.4200134277344,578.1500244140625,79.61000061035156,78264,66744,20129,2486708,113602
2026-08-27 09:52:00-04:00,311.8450012207031,257.3699951171875,337.8800048828125,580.6500244140625,79.54499816894531,311.8900146484375,257.6300048828125,337.9429931640625,580.89501953125,79.58000183105469,311.5199890136719,257.2799987792969,337.2699890136719,577.7432861328125,79.45999908447266,311.5400085449219,257.43499755859375,337.44000244140625,578.1300048828125,79.4800033569336,58006,89308,19783,46377,124613
2026-08-27 09:53:00-04:00,311.7950134277344,257.4700012207031,337.8550109863281,580.52001953125,79.68509674072266,311.8450012207031,257.6294860839844,338.1000061035156,581.6900024414062,79.74620056152344,311.6189880371094,257.32501220703125,337.8194885253906,580.2999877929688,79.52999877929688,311.8450012207031,257.3500061035156,337.9200134277344,580.489990234375,79.55500030517578,34357,64421,23555,51622,77909
2026-08-27 09:54:00-04:00,311.95001220703125,257.22100830078125,337.67999267578125,580.7000122070312,79.77999877929688,312.1000061035156,257.5350036621094,337.95001220703125,580.8800048828125,79.87989807128906,311.7048034667969,257.2200012207031,337.5600891113281,580.0,79.66000366210938,311.80499267578125,257.4945068359375,337.8999938964844,580.5567016601562,79.68000030517578,68498,56568,25427,41386,69058
2026-08-27 09:55:00-04:00,311.8699951171875,257.5899963378906,337.9892883300781,581.1400146484375,79.78500366210938,312.07989501953125,257.6098937988281,338.25,581.1900024414062,79.89140319824219,311.7297058105469,257.25,337.690185546875,580.0499877929688,79.7509994506836,311.9700012207031,257.25,337.7449951171875,580.4500122070312,79.7750015258789,70170,65040,25492,34999,60354
2026-08-27 09:56:00-04:00,311.864990234375,257.1050109863281,337.56500244140625,581.4949951171875,79.69499969482422,312.10198974609375,257.57000732421875,338.0,581.6300048828125,79.80000305175781,311.8399963378906,257.07000732421875,337.4200134277344,580.0999755859375,79.66500091552734,311.8900146484375,257.57000732421875,337.9599914550781,581.0900268554688,79.77999877929688,87115,76403,26485,59788,95990
2026-08-27 09:57:00-04:00,311.6700134277344,257.1650085449219,337.1400146484375,581.375,79.6449966430664,311.989990234375,257.260009765625,337.6300048828125,582.5,79.70999908447266,311.6340026855469,256.760009765625,337.10009765625,580.864990234375,79.60299682617188,311.864990234375,257.07000732421875,337.57000732421875,581.469970703125,79.66999816894531,66939,97693,42744,132460,77079
2026-08-27 09:58:00-04:00,311.40399169921875,257.0400085449219,337.05499267578125,581.2611083984375,79.62000274658203,311.70001220703125,257.2099914550781,337.3699951171875,582.030029296875,79.69000244140625,311.31500244140625,256.9200134277344,337.0,581.010009765625,79.56999969482422,311.6650085449219,257.1700134277344,337.1700134277344,581.7000122070312,79.62000274658203,93803,56847,45240,27486,62301
2026-08-27 09:59:00-04:00,311.6199951171875,257.4801940917969,337.3900146484375,582.4299926757812,79.5947036743164,311.6499938964844,257.5299987792969,337.4800109863281,583.0499877929688,79.65499877929688,311.260498046875,256.989990234375,337.010009765625,581.2949829101562,79.58999633789062,311.4089050292969,257.04998779296875,337.0799865722656,581.2949829101562,79.62999725341797,72767,76864,35691,70475,52262
2026-08-27 10:00:00-04:00,311.6000061035156,257.3299865722656,336.6105041503906,581.7750854492188,79.54499816894531,311.7900085449219,257.42999267578125,337.3999938964844,582.7000122070312,79.625,311.43499755859375,257.1400146484375,336.6105041503906,581.3800048828125,79.45999908447266,311.5799865722656,257.3299865722656,337.30999755859375,582.4299926757812,79.58000183105469,126405,129879,61992,53374,110980
2026-08-27 10:01:00-04:00,311.8399963378906,256.9200134277344,337.1499938964844,581.0700073242188,79.4800033569336,311.8399963378906,257.2900085449219,337.2900085449219,582.3400268554688,79.62000274658203,311.4100036621094,256.8999938964844,336.6400146484375,580.7999877929688,79.46430206298828,311.625,257.2799987792969,336.6400146484375,581.7750244140625,79.55999755859375,105966,90149,44565,37470,77284
2026-08-27 10:02:00-04:00,311.7586975097656,256.8599853515625,336.7300109863281,581.2100219726562,79.56500244140625,311.9898986816406,257.0299987792969,337.2300109863281,581.8900146484375,79.58000183105469,311.7449951171875,256.82000732421875,336.6700134277344,580.6400146484375,79.42500305175781,311.8299865722656,256.9599914550781,337.1400146484375,581.0599975585938,79.4800033569336,71703,104154,27479,33317,89351
2026-08-27 10:03:00-04:00,311.43499755859375,256.9798889160156,337.0050048828125,581.3300170898438,79.6500015258789,311.760009765625,256.9798889160156,337.05999755859375,581.4998779296875,79.66519927978516,311.30999755859375,256.6099853515625,336.7453918457031,580.7600708007812,79.5250015258789,311.760009765625,256.9798889160156,336.75,581.3300170898438,79.56500244140625,65580,139464,29950,32209,85956
2026-08-27 10:04:00-04:00,311.3500061035156,257.2149963378906,337.3349914550781,583.2449951171875,79.7074966430664,311.54998779296875,257.2799987792969,337.3699951171875,583.4400024414062,79.73999786376953,311.3275146484375,256.8800048828125,336.94000244140625,581.42431640625,79.58000183105469,311.44000244140625,256.94000244140625,337.05999755859375,581.5,79.6449966430664,55481,76406,117971,43244,106943
2026-08-27 10:05:00-04:00,311.260009765625,257.1000061035156,337.19000244140625,584.39501953125,79.73999786376953,311.4200134277344,257.3500061035156,337.5950012207031,585.280029296875,79.79989624023438,311.0299987792969,257.0899963378906,337.1449890136719,583.1900024414062,79.69999694824219,311.3699951171875,257.198486328125,337.3800048828125,583.1900024414062,79.70999908447266,125974,45124,33750,109799,63962
2026-08-27 10:06:00-04:00,310.6600036621094,256.8949890136719,337.0849914550781,585.3350219726562,79.83999633789062,311.260009765625,257.29998779296875,337.2699890136719,585.4299926757812,79.8499984741211,310.5899963378906,256.8900146484375,336.8699951171875,583.4000854492188,79.7300033569336,311.25,257.1099853515625,337.2242126464844,584.3900146484375,79.74500274658203,86531,59074,25159,63908,48187
2026-08-27 10:07:00-04:00,310.7200012207031,257.2799987792969,337.42999267578125,586.039306640625,79.78209686279297,310.7799987792969,257.3800048828125,337.5,586.27001953125,79.86309814453125,310.4200134277344,256.8450012207031,336.9649963378906,584.739990234375,79.7500991821289,310.6700134277344,256.8900146484375,337.0400085449219,585.4299926757812,79.82499694824219,93559,55282,44749,83443,48808
2026-08-27 10:08:00-04:00,310.4100036621094,257.2300109863281,337.1700134277344,585.64501953125,79.84500122070312,310.8599853515625,257.2925109863281,337.44000244140625,586.0800170898438,79.8499984741211,310.3800048828125,257.0799865722656,337.1099853515625,585.0001220703125,79.73999786376953,310.7300109863281,257.26251220703125,337.44000244140625,585.9650268554688,79.7750015258789,72815,30464,17298,64314,57448
2026-08-27 10:09:00-04:00,310.48089599609375,257.32000732421875,337.5400085449219,586.5,79.82499694824219,310.74200439453125,257.4100036621094,337.70001220703125,586.8098754882812,79.8499984741211,310.44000244140625,257.17999267578125,337.2300109863281,585.2999877929688,79.76000213623047,310.44000244140625,257.2749938964844,337.2300109863281,585.7949829101562,79.83999633789062,66313,77155,39072,79009,49535
2026-08-27 10:10:00-04:00,310.8341979980469,257.6299133300781,337.44000244140625,587.7849731445312,79.86000061035156,310.9100036621094,257.6300048828125,337.7298889160156,588.3900146484375,79.91999816894531,310.5,257.29998779296875,337.4302978515625,586.385009765625,79.82499694824219,310.5150146484375,257.30499267578125,337.55999755859375,586.385009765625,79.82499694824219,63059,418208,23657,109150,99724
2026-08-27 10:11:00-04:00,310.760009765625,257.489990234375,337.3299865722656,585.5549926757812,79.76499938964844,310.875,257.6299133300781,337.5,587.8056030273438,79.8550033569336,310.6199951171875,257.45001220703125,337.19500732421875,585.4149780273438,79.73999786376953,310.82000732421875,257.5299987792969,337.4200134277344,587.5399780273438,79.83000183105469,61725,74206,17785,77474,134875
2026-08-27 10:12:00-04:00,310.9800109863281,257.3919982910156,337.1600036621094,583.3499755859375,79.63500213623047,311.05999755859375,257.54998779296875,337.3599853515625,585.8300170898438,79.79000091552734,310.760009765625,257.3800048828125,337.0799865722656,582.1799926757812,79.61000061035156,310.7699890136719,257.489990234375,337.29998779296875,585.6400146484375,79.76499938964844,79843,57625,17965,208847,69272
2026-08-27 10:13:00-04:00,310.57000732421875,257.4200134277344,337.17999267578125,584.25,79.64990234375,311.04998779296875,257.4700012207031,337.32000732421875,585.0411987304688,79.66000366210938,310.489990234375,257.3699951171875,337.1199951171875,583.00439453125,79.55999755859375,310.9800109863281,257.4079895019531,337.2699890136719,583.3499755859375,79.63999938964844,73936,52686,16620,93675,74047
2026-08-27 10:14:00-04:00,310.2200012207031,257.3999938964844,336.9468078613281,583.594970703125,79.71499633789062,310.5899963378906,257.45001220703125,337.25,584.405029296875,79.73500061035156,310.1700134277344,257.2204895019531,336.8999938964844,582.2401123046875,79.61000061035156,310.5400085449219,257.42498779296875,337.2192077636719,584.344970703125,79.63999938964844,102254,80234,42404,68612,46778
2026-08-27 10:15:00-04:00,310.1000061035156,257.3399963378906,337.1700134277344,584.5659790039062,79.75,310.54998779296875,257.7298889160156,337.2598876953125,584.77001953125,79.80000305175781,310.05999755859375,257.3399963378906,336.92999267578125,583.625,79.69999694824219,310.2300109863281,257.3901062011719,337.0199890136719,583.625,79.70999908447266,167652,84666,32066,31700,88983
2026-08-27 10:16:00-04:00,310.2099914550781,257.2799987792969,336.92498779296875,582.7000122070312,79.77999877929688,310.2699890136719,257.4800109863281,337.20001220703125,584.7178955078125,79.80999755859375,309.9800109863281,257.25,336.8599853515625,582.530029296875,79.72000122070312,310.1000061035156,257.3500061035156,337.1488952636719,584.7178955078125,79.73999786376953,170072,103106,18887,44268,40282
2026-08-27 10:17:00-04:00,310.32000732421875,257.364990234375,336.8900146484375,582.9349975585938,79.73500061035156,310.3500061035156,257.42999267578125,336.9700012207031,583.2000122070312,79.79499816894531,310.0899963378906,257.2049865722656,336.7225036621094,582.1749877929688,79.7249984741211,310.2099914550781,257.25,336.92498779296875,582.7899780273438,79.79499816894531,72372,74716,25218,38070,33800
2026-08-27 10:18:00-04:00,310.1499938964844,257.2550048828125,336.7300109863281,583.6951293945312,79.70500183105469,310.30999755859375,257.3999938964844,336.9800109863281,583.8499755859375,79.74500274658203,310.1000061035156,257.20001220703125,336.6199951171875,582.7766723632812,79.66010284423828,310.30499267578125,257.3599853515625,336.8699951171875,583.0540161132812,79.7249984741211,48558,58649,23552,23299,54929
2026-08-27 10:19:00-04:00,310.0580139160156,257.2049865722656,336.6099853515625,582.2650146484375,79.73500061035156,310.2699890136719,257.2799072265625,336.760009765625,584.280029296875,79.75,309.9100036621094,257.1300048828125,336.5,582.25,79.66010284423828,310.1400146484375,257.2200012207031,336.75,583.8499755859375,79.69999694824219,108604,44276,35145,34355,46265
2026-08-27 10:20:00-04:00,309.8450012207031,257.1650085449219,336.7200012207031,582.9028930664062,79.69100189208984,310.17999267578125,257.239990234375,336.7799072265625,582.97998046875,79.73500061035156,309.6300048828125,257.0400085449219,336.44000244140625,582.25,79.66999816894531,310.0450134277344,257.2049865722656,336.58929443359375,582.39501953125,79.73500061035156,194048,72935,42772,26894,32672
2026-08-27 10:21:00-04:00,309.7300109863281,256.7500915527344,336.4270935058594,581.5,79.75499725341797,310.05999755859375,257.260009765625,336.864990234375,583.3499755859375,79.75499725341797,309.70001220703125,256.7500915527344,336.4270935058594,581.5,79.68499755859375,309.8699951171875,257.2099914550781,336.760009765625,582.93701171875,79.69999694824219,107756,83838,22681,30937,36596
2026-08-27 10:22:00-04:00,309.95001220703125,257.2749938964844,336.5799865722656,580.3099975585938,79.82499694824219,310.0498962402344,257.2749938964844,336.6084899902344,581.6400146484375,79.8550033569336,309.6700134277344,256.7850036621094,336.3999938964844,580.3099975585938,79.7698974609375,309.7200012207031,256.82000732421875,336.44000244140625,581.5999755859375,79.7698974609375,87904,90123,21007,82223,52051
2026-08-27 10:23:00-04:00,309.9198913574219,257.16070556640625,336.67999267578125,579.6799926757812,79.88159942626953,310.0498962402344,257.4710998535156,336.7099914550781,580.5399780273438,79.9000015258789,309.8399963378906,257.1596984863281,336.3901062011719,579.1500244140625,79.80500030517578,309.95001220703125,257.285888671875,336.5580139160156,580.469970703125,79.82499694824219,62654,70988,21070,88529,34991
2026-08-27 10:24:00-04:00,310.3949890136719,257.3594970703125,336.55499267578125,579.489990234375,79.9000015258789,310.4200134277344,257.3594970703125,336.67999267578125,580.22998046875,79.9385986328125,309.8999938964844,257.1000061035156,336.42999267578125,579.1901245117188,79.86479949951172,309.9100036621094,257.1600036621094,336.6424865722656,579.5700073242188,79.8949966430664,89452,75001,26484,48766,61755
2026-08-27 10:25:00-04:00,310.4200134277344,257.07501220703125,336.431884765625,578.8300170898438,79.83499908447266,310.5498962402344,257.3500061035156,336.5899963378906,579.8200073242188,79.93000030517578,310.3077087402344,257.05889892578125,336.3599853515625,578.3200073242188,79.80010223388672,310.3800048828125,257.32000732421875,336.5899963378906,579.6950073242188,79.90499877929688,85689,51020,16925,37420,49008
2026-08-27 10:26:00-04:00,310.581298828125,257.1499938964844,336.8399963378906,579.5999755859375,79.73999786376953,310.6600036621094,257.1499938964844,336.8999938964844,580.0,79.83000183105469,310.3500061035156,256.92999267578125,336.3500061035156,578.7000732421875,79.7300033569336,310.3901062011719,257.06500244140625,336.4599914550781,578.844482421875,79.82009887695312,90901,89430,27730,39569,40187
2026-08-27 10:27:00-04:00,310.8999938964844,257.010009765625,336.8500061035156,579.3599853515625,79.69999694824219,310.9100036621094,257.1600036621094,337.0150146484375,579.9400024414062,79.75,310.5199890136719,256.95599365234375,336.760009765625,578.9400024414062,79.66500091552734,310.57501220703125,257.0950927734375,336.8399963378906,579.510009765625,79.7300033569336,143219,64202,22721,32370,60697
2026-08-27 10:28:00-04:00,310.5350036621094,257.20001220703125,336.7449951171875,578.6400146484375,79.61000061035156,310.885009765625,257.2149963378906,336.9200134277344,579.47998046875,79.7300033569336,310.44000244140625,257.0,336.7200012207031,578.4600219726562,79.61000061035156,310.8599853515625,257.0299987792969,336.8599853515625,579.218994140625,79.70500183105469,81459,105491,16852,48837,40557
2026-08-27 10:29:00-04:00,310.7921142578125,257.125,337.0,578.3400268554688,79.7300033569336,310.8299865722656,257.2900085449219,337.0,578.9697875976562,79.7300033569336,310.4800109863281,257.1000061035156,336.7099914550781,578.2642211914062,79.61009979248047,310.5249938964844,257.1600036621094,336.7099914550781,578.52001953125,79.62000274658203,52961,56876,22029,60311,42436
2026-08-27 10:30:00-04:00,310.739990234375,256.9410095214844,336.8900146484375,577.5599975585938,79.69999694824219,310.9750061035156,257.25,337.0799865722656,578.739990234375,79.79000091552734,310.6400146484375,256.92999267578125,336.739990234375,577.530029296875,79.69499969482422,310.79998779296875,257.125,336.9649963378906,578.3400268554688,79.72000122070312,63118,53767,22569,167536,47210
2026-08-27 10:31:00-04:00,310.7200012207031,256.8599853515625,336.70489501953125,576.760009765625,79.70999908447266,310.79998779296875,257.05499267578125,336.9200134277344,577.77001953125,79.7300033569336,310.6300048828125,256.8599853515625,336.6400146484375,576.510009765625,79.6500015258789,310.760009765625,256.8599853515625,336.8949890136719,577.77001953125,79.7300033569336,37554,8247376,18290,56618,56068
2026-08-27 10:32:00-04:00,310.80499267578125,256.7398986816406,336.5458068847656,575.3720092773438,79.62999725341797,310.8599853515625,257.05999755859375,336.8500061035156,577.02001953125,79.7300033569336,310.67010498046875,256.67999267578125,336.5458068847656,575.010009765625,79.62000274658203,310.75,256.8800048828125,336.7200012207031,576.510009765625,79.70999908447266,55029,471467,17875,50390,67248
2026-08-27 10:33:00-04:00,311.19000244140625,256.8500061035156,336.45001220703125,575.219970703125,79.62999725341797,311.20001220703125,256.92999267578125,336.6000061035156,575.9998779296875,79.6500015258789,310.7300109863281,256.6499938964844,336.43499755859375,574.4500122070312,79.58999633789062,310.760009765625,256.70001220703125,336.5299987792969,575.2650146484375,79.62000274658203,82851,69795,21823,94629,82388
2026-08-27 10:34:00-04:00,311.4388122558594,256.8550109863281,336.29998779296875,575.27001953125,79.58000183105469,311.4800109863281,257.04998779296875,336.52679443359375,575.7598876953125,79.67990112304688,311.1853942871094,256.7900085449219,336.25,574.9500122070312,79.55999755859375,311.19500732421875,256.8299865722656,336.42999267578125,575.1950073242188,79.63999938964844,111064,68996,23351,46714,58612
2026-08-27 10:35:00-04:00,311.6600036621094,256.9700012207031,336.39801025390625,574.5549926757812,79.66000366210938,311.7099914550781,257.1000061035156,336.510009765625,575.469970703125,79.67500305175781,311.45001220703125,256.8550109863281,336.25,574.4600219726562,79.56999969482422,311.45001220703125,256.8550109863281,336.30999755859375,575.2150268554688,79.58999633789062,85524,85643,26863,46306,42745
2026-08-27 10:36:00-04:00,312.1499938964844,256.94500732421875,336.3301086425781,574.8292846679688,79.76000213623047,312.20001220703125,257.05999755859375,336.4700012207031,575.1998901367188,79.7699966430664,311.7099914550781,256.8299865722656,336.3301086425781,574.239990234375,79.64009857177734,311.7099914550781,256.9800109863281,336.3699951171875,574.719970703125,79.6500015258789,147207,78555,22899,44363,57371
2026-08-27 10:37:00-04:00,312.32000732421875,257.07501220703125,336.260009765625,574.219970703125,79.83000183105469,312.3500061035156,257.1700134277344,336.5165100097656,574.9500122070312,79.83999633789062,312.0602111816406,256.94500732421875,336.1554870605469,574.010009765625,79.73999786376953,312.15008544921875,256.96240234375,336.40008544921875,574.719970703125,79.76000213623047,103967,39796,29221,36089,52233
2026-08-27 10:38:00-04:00,312.8800048828125,257.2250061035156,336.42999267578125,573.7100219726562,79.83999633789062,312.9591064453125,257.2250061035156,336.42999267578125,574.3099975585938,79.83999633789062,312.3299865722656,256.94000244140625,336.1199951171875,573.281982421875,79.76069641113281,312.3299865722656,257.07501220703125,336.30999755859375,574.219970703125,79.81999969482422,141686,72338,26532,46395,39452
2026-08-27 10:39:00-04:00,312.989990234375,257.1000061035156,336.18499755859375,573.5299072265625,79.73999786376953,313.1199951171875,257.2799987792969,336.45001220703125,573.909912109375,79.8499984741211,312.79998779296875,257.0950012207031,336.1700134277344,573.2899780273438,79.7300033569336,312.8999938964844,257.2099914550781,336.44000244140625,573.7050170898438,79.8499984741211,170169,76334,23995,24041,123764
2026-08-27 10:40:00-04:00,312.989990234375,257.0400085449219,336.33740234375,572.7265014648438,79.66500091552734,313.2699890136719,257.1700134277344,336.4100036621094,573.4389038085938,79.76000213623047,312.8999938964844,257.0,336.1199951171875,572.3699951171875,79.65499877929688,312.989990234375,257.0950012207031,336.17999267578125,573.2919921875,79.7300033569336,126493,71459,23121,54017,49250
2026-08-27 10:41:00-04:00,313.3299865722656,256.8800048828125,336.29998779296875,572.125,79.63999938964844,313.34991455078125,257.0898132324219,336.5050048828125,572.909912109375,79.68000030517578,312.8500061035156,256.7601013183594,336.2799987792969,572.010009765625,79.62999725341797,313.0050048828125,257.0299987792969,336.3399963378906,572.7097778320312,79.66999816894531,94330,57976,25352,39808,34344
2026-08-27 10:42:00-04:00,312.80999755859375,256.95001220703125,336.2799987792969,572.0050048828125,79.62000274658203,313.5299987792969,257.0,336.32000732421875,572.4000244140625,79.66000366210938,312.75,256.82000732421875,336.19500732421875,571.7293090820312,79.61000061035156,313.32000732421875,256.889892578125,336.2699890136719,572.1298217773438,79.62000274658203,116927,62125,12562,59450,63823
2026-08-27 10:43:00-04:00,313.0899963378906,256.82000732421875,336.2893981933594,571.3900146484375,79.57499694824219,313.1199951171875,256.9989013671875,336.375,572.2999267578125,79.62950134277344,312.7799987792969,256.79998779296875,336.17999267578125,571.1123046875,79.56999969482422,312.7799987792969,256.92498779296875,336.31988525390625,572.0050048828125,79.61000061035156,79923,49007,14756,37359,68512
2026-08-27 10:44:00-04:00,312.8949890136719,256.7300109863281,336.41009521484375,572.2796020507812,79.56999969482422,313.1199951171875,256.8699951171875,336.489990234375,572.2999877929688,79.62000274658203,312.8949890136719,256.55999755859375,336.2200012207031,571.3099975585938,79.5250015258789,313.0950012207031,256.79998779296875,336.2799987792969,571.3099975585938,79.57499694824219,78796,66398,21216,56566,79658
2026-08-27 10:45:00-04:00,313.1199951171875,257.0060119628906,336.6549987792969,572.0150146484375,79.51000213623047,313.1199951171875,257.01800537109375,336.67010498046875,572.24072265625,79.56999969482422,312.65008544921875,256.6600036621094,336.3599853515625,571.530029296875,79.4800033569336,312.8800048828125,256.7300109863281,336.4100036621094,572.22998046875,79.55999755859375,59259,113962,16879,43360,205736
2026-08-27 10:46:00-04:00,312.8900146484375,256.8450012207031,336.82000732421875,571.8400268554688,79.41500091552734,313.3699951171875,257.06500244140625,336.8299865722656,572.0999755859375,79.51000213623047,312.75,256.80499267578125,336.6000061035156,571.719970703125,79.41000366210938,313.1050109863281,256.9751892089844,336.67999267578125,571.9307861328125,79.5,76355,44959,21543,30458,44467
2026-08-27 10:47:00-04:00,312.7349853515625,256.75,336.6499938964844,571.72998046875,79.31990051269531,313.0400085449219,256.87969970703125,336.7699890136719,572.030029296875,79.43000030517578,312.70001220703125,256.6199951171875,336.5299987792969,571.28759765625,79.30999755859375,312.9100036621094,256.80999755859375,336.7699890136719,571.7999877929688,79.41510009765625,52028,43897,21234,43889,84138
2026-08-27 10:48:00-04:00,313.1000061035156,256.94500732421875,336.8800048828125,572.1801147460938,79.4000015258789,313.1700134277344,256.9700012207031,336.8800048828125,572.4423217773438,79.40499877929688,312.6700134277344,256.7300109863281,336.6199951171875,571.5001220703125,79.30000305175781,312.7601013183594,256.7550048828125,336.6199951171875,571.5640258789062,79.3198013305664,72532,37420,26056,35839,76619
2026-08-27 10:49:00-04:00,313.4800109863281,257.0450134277344,337.1798095703125,572.780029296875,79.42500305175781,313.510009765625,257.07000732421875,337.17999267578125,573.0999145507812,79.42500305175781,313.1199951171875,256.80999755859375,336.8125,572.1799926757812,79.33499908447266,313.1199951171875,256.95001220703125,336.8800048828125,572.25,79.39559936523438,65170,100316,20298,87279,44173
2026-08-27 10:50:00-04:00,313.6400146484375,256.8399963378906,336.8399963378906,572.47998046875,79.41000366210938,313.7799987792969,257.060302734375,337.17010498046875,572.8599853515625,79.45999908447266,313.32000732421875,256.8399963378906,336.8399963378906,572.22998046875,79.38500213623047,313.4700012207031,257.0400085449219,336.8399963378906,572.7999877929688,79.42500305175781,61878,46059,32434,35316,33547
2026-08-27 10:51:00-04:00,313.30999755859375,256.82501220703125,336.8949890136719,571.6099853515625,79.55000305175781,313.66241455078125,256.86700439453125,336.95001220703125,572.7100219726562,79.55000305175781,313.17999267578125,256.78009033203125,336.75,571.6099853515625,79.37999725341797,313.6499938964844,256.8500061035156,336.82000732421875,572.47998046875,79.4197998046875,47895,38993,17164,41721,47593
2026-08-27 10:52:00-04:00,313.3299865722656,257.04998779296875,337.1600036621094,571.72998046875,79.5156021118164,313.385009765625,257.0899963378906,337.20001220703125,571.8099975585938,79.55000305175781,313.135009765625,256.79998779296875,336.8840026855469,571.1600952148438,79.50920104980469,313.3399963378906,256.8299865722656,336.9049987792969,571.6550903320312,79.55000305175781,28663,95868,20875,52356,28510
2026-08-27 10:53:00-04:00,313.25,256.94000244140625,337.3406066894531,571.5150146484375,79.46499633789062,313.44000244140625,257.1000061035156,337.3900146484375,572.3673095703125,79.56500244140625,313.21051025390625,256.7601013183594,337.0799865722656,571.4000244140625,79.44999694824219,313.3299865722656,257.0,337.1499938964844,571.79931640625,79.51000213623047,32886,58066,29134,39434,42799
2026-08-27 10:54:00-04:00,313.5299987792969,256.8399963378906,337.5849914550781,571.1649780273438,79.41999816894531,313.5450134277344,256.9494934082031,337.6199951171875,571.6439819335938,79.5,313.2099914550781,256.69000244140625,337.3500061035156,570.5,79.4000015258789,313.239990234375,256.93499755859375,337.3599853515625,571.5,79.46009826660156,39349,58484,22889,54311,60640
2026-08-27 10:55:00-04:00,313.4700012207031,256.7401123046875,337.7300109863281,572.0900268554688,79.48500061035156,313.6368103027344,256.8900146484375,337.82000732421875,572.260498046875,79.51000213623047,313.42999267578125,256.6700134277344,337.6000061035156,571.0,79.41000366210938,313.4700012207031,256.8450012207031,337.6000061035156,571.0,79.41000366210938,36224,153457,21132,28055,37343
2026-08-27 10:56:00-04:00,313.4139099121094,256.739990234375,337.82501220703125,572.5299072265625,79.5,313.54998779296875,256.82501220703125,337.9296875,572.5299072265625,79.50990295410156,313.32000732421875,256.7300109863281,337.7099914550781,571.8001098632812,79.48500061035156,313.4800109863281,256.760009765625,337.7349853515625,572.0900268554688,79.48500061035156,35924,30908,27224,30656,38337
2026-08-27 10:57:00-04:00,313.3699951171875,256.760009765625,337.9150085449219,573.75,79.54000091552734,313.6400146484375,256.760009765625,337.9399108886719,573.97998046875,79.55999755859375,313.3301086425781,256.54998779296875,337.7200927734375,572.280029296875,79.4800033569336,313.4200134277344,256.739990234375,337.8399963378906,572.2999877929688,79.49829864501953,47954,133161,17737,61764,39437
2026-08-27 10:58:00-04:00,313.5299987792969,256.75909423828125,337.9549865722656,573.5814819335938,79.55000305175781,313.55999755859375,256.8327941894531,338.1282043457031,574.4899291992188,79.55000305175781,313.2250061035156,256.6499938964844,337.80010986328125,573.5001220703125,79.5199966430664,313.3406982421875,256.70001220703125,337.8900146484375,573.8099975585938,79.54000091552734,52890,55111,31497,56219,34813
2026-08-27 10:59:00-04:00,313.3999938964844,256.7799987792969,337.9649963378906,573.6099853515625,79.54049682617188,313.57000732421875,256.8599853515625,338.125,574.1757202148438,79.56500244140625,313.2900085449219,256.6600036621094,337.8900146484375,573.02001953125,79.5,313.5400085449219,256.739990234375,337.95001220703125,573.625,79.56500244140625,9498269,66369,23194,49219,34150
2026-08-27 11:00:00-04:00,313.7650146484375,256.7300109863281,337.8900146484375,573.3499755859375,79.55000305175781,313.8699951171875,256.8800048828125,337.95001220703125,573.8900146484375,79.56999969482422,313.4200134277344,256.54998779296875,337.54998779296875,573.02001953125,79.52999877929688,313.4200134277344,256.8299865722656,337.95001220703125,573.7899780273438,79.55000305175781,90207,59242,27938,26328,35970
2026-08-27 11:01:00-04:00,314.2200012207031,256.6650085449219,337.27899169921875,571.7999877929688,79.55000305175781,314.2300109863281,256.7749938964844,337.875,573.469970703125,79.58999633789062,313.760009765625,256.590087890625,337.27899169921875,571.510009765625,79.52999877929688,313.760009765625,256.6700134277344,337.864990234375,573.3499755859375,79.54499816894531,88568,40133,28502,40992,60331
2026-08-27 11:02:00-04:00,313.760009765625,256.6300048828125,337.4700012207031,571.6749877929688,79.47450256347656,314.20001220703125,256.70001220703125,337.489990234375,571.8900146484375,79.55000305175781,313.6690979003906,256.5899963378906,337.2699890136719,571.1300048828125,79.47000122070312,314.20001220703125,256.6650085449219,337.28338623046875,571.6749877929688,79.54499816894531,62433,38899,16784,24590,37612
2026-08-27 11:03:00-04:00,313.989990234375,256.6099853515625,337.1600036621094,571.9000244140625,79.57450103759766,314.07000732421875,256.82000732421875,337.54998779296875,572.5599975585938,79.58000183105469,313.760009765625,256.5849914550781,337.1499938964844,571.6749877929688,79.48999786376953,313.77569580078125,256.6000061035156,337.5199890136719,571.6749877929688,79.48999786376953,54827,45342,23056,25777,34568
2026-08-27 11:04:00-04:00,314.30999755859375,257.1449890136719,337.3900146484375,572.2899780273438,79.70819854736328,314.3299865722656,257.19000244140625,337.4200134277344,572.6900024414062,79.7300033569336,314.0,256.6199951171875,337.1600036621094,571.9149780273438,79.56999969482422,314.0101013183594,256.6199951171875,337.19000244140625,571.9149780273438,79.57499694824219,65850,75985,18835,26139,54403
2026-08-27 11:05:00-04:00,314.45001220703125,257.2799987792969,337.30999755859375,572.3099975585938,79.7699966430664,314.57000732421875,257.29998779296875,337.5,572.6099853515625,79.78500366210938,314.2900085449219,257.1199951171875,337.30999755859375,572.0499877929688,79.70500183105469,314.32501220703125,257.19000244140625,337.3900146484375,572.2675170898438,79.71520233154297,66039,440045,25183,17348,54276
2026-08-27 11:06:00-04:00,314.4800109863281,257.1700134277344,336.9599914550781,572.9400024414062,79.73500061035156,314.5,257.29998779296875,337.3399963378906,573.0499267578125,79.7699966430664,314.2934875488281,257.0899963378906,336.8111877441406,572.2100219726562,79.69999694824219,314.4800109863281,257.2799987792969,337.32000732421875,572.3099975585938,79.7699966430664,68478,54932,27368,17246,47850
2026-08-27 11:07:00-04:00,314.3699951171875,257.135009765625,337.1960144042969,572.155029296875,79.76000213623047,314.4898986816406,257.2200012207031,337.2200012207031,573.0499877929688,79.78500366210938,314.2207946777344,256.9800109863281,336.94000244140625,571.5999755859375,79.7300033569336,314.4800109863281,257.1899108886719,336.9599914550781,572.9580078125,79.73200225830078,59679,73218,20095,29695,53133
2026-08-27 11:08:00-04:00,314.5849914550781,257.0851135253906,336.9549865722656,571.2849731445312,79.7249984741211,314.6000061035156,257.125,337.20001220703125,572.0,79.75499725341797,314.3500061035156,257.010009765625,336.79998779296875,571.0999755859375,79.70500183105469,314.3800048828125,257.0799865722656,337.17999267578125,572.0,79.75499725341797,64354,36977,17383,29363,36794
2026-08-27 11:09:00-04:00,314.54998779296875,257.1722106933594,337.4100036621094,571.9500122070312,79.75,314.6700134277344,257.20001220703125,337.4100036621094,572.139892578125,79.7699966430664,314.4200134277344,256.9599914550781,336.9599914550781,570.9000244140625,79.66999816894531,314.5950012207031,257.1099853515625,336.9599914550781,571.3800048828125,79.72000122070312,81795,49309,24013,31327,35019
2026-08-27 11:10:00-04:00,314.4049987792969,257.17999267578125,338.04791259765625,571.905029296875,79.73999786376953,314.68499755859375,257.29998779296875,338.1299133300781,572.25,79.79499816894531,314.3500061035156,257.1700134277344,337.4150085449219,571.7794189453125,79.69999694824219,314.4049987792969,257.19000244140625,337.4150085449219,571.9450073242188,79.75,10266398,81036,38701,29415,39641
2026-08-27 11:11:00-04:00,314.489990234375,257.2099914550781,337.75,571.9984130859375,79.75499725341797,314.5950012207031,257.239990234375,338.010009765625,572.1500244140625,79.76000213623047,314.3399963378906,257.0799865722656,337.7099914550781,571.5,79.70999908447266,314.3999938964844,257.2179870605469,338.010009765625,571.7899780273438,79.75,44994,37555,21666,21279,26361
2026-08-27 11:12:00-04:00,314.5199890136719,257.24169921875,337.5450134277344,571.8049926757812,79.7699966430664,314.70001220703125,257.3500061035156,337.8999938964844,572.14990234375,79.82990264892578,314.42999267578125,257.20001220703125,337.510009765625,571.5999755859375,79.73999786376953,314.4599914550781,257.2049865722656,337.760009765625,571.9000244140625,79.75,52131,47750,22482,6668404,62572
2026-08-27 11:13:00-04:00,314.63958740234375,257.2300109863281,337.5299987792969,571.9650268554688,79.74500274658203,314.6499938964844,257.260009765625,337.5899963378906,571.9650268554688,79.77999877929688,314.4599914550781,257.1499938964844,337.42010498046875,571.5499877929688,79.71009826660156,314.5249938964844,257.2200012207031,337.5450134277344,571.8699951171875,79.76930236816406,38656,28048,20161,19933,34993
2026-08-27 11:14:00-04:00,314.7297058105469,257.2546081542969,337.82000732421875,572.2999877929688,79.75499725341797,314.7300109863281,257.32000732421875,337.885009765625,572.469970703125,79.79209899902344,314.54998779296875,257.1700134277344,337.5799865722656,571.6599731445312,79.75,314.6499938964844,257.2601013183594,337.5799865722656,571.864990234375,79.75499725341797,60778,44160,16824,34782,39928
2026-08-27 11:15:00-04:00,314.860107421875,257.4200134277344,337.8399963378906,572.5150146484375,79.75,314.8999938964844,257.45001220703125,337.8699951171875,572.5999755859375,79.76950073242188,314.6499938964844,257.239990234375,337.59521484375,571.969970703125,79.72260284423828,314.7200012207031,257.2449951171875,337.79998779296875,572.27490234375,79.75,59240,54347,30407,28490,1201822
2026-08-27 11:16:00-04:00,314.8800048828125,257.3349914550781,337.92999267578125,572.280029296875,79.75499725341797,314.9100036621094,257.54998779296875,338.0,572.5150146484375,79.7699966430664,314.760009765625,257.3299865722656,337.7699890136719,571.8499755859375,79.7300033569336,314.8599853515625,257.44000244140625,337.8800048828125,572.5150146484375,79.74500274658203,56929,48204,12355,36700,29224
2026-08-27 11:17:00-04:00,315.0199890136719,257.42498779296875,337.9549865722656,572.5391845703125,79.87000274658203,315.1600036621094,257.4599914550781,338.0101013183594,572.8699951171875,79.87999725341797,314.8900146484375,257.29998779296875,337.8299865722656,572.1912841796875,79.76499938964844,314.8900146484375,257.3349914550781,337.9526062011719,572.1912841796875,79.76499938964844,150375,51130,16042,29869,78881
2026-08-27 11:18:00-04:00,314.9200134277344,257.4840087890625,338.44000244140625,572.8599853515625,79.91000366210938,315.0199890136719,257.5199890136719,338.44000244140625,572.97998046875,79.94999694824219,314.85009765625,257.3705139160156,337.9800109863281,572.4600219726562,79.8550033569336,314.9800109863281,257.42498779296875,337.9800109863281,572.5050048828125,79.87000274658203,36261,94383,27845,27227,84415
2026-08-27 11:19:00-04:00,314.7749938964844,257.3599853515625,338.3381042480469,572.9149780273438,79.9000015258789,314.95001220703125,257.5799865722656,338.5799865722656,573.1798706054688,79.94999694824219,314.7300109863281,257.3599853515625,338.32000732421875,572.530029296875,79.88999938964844,314.9200134277344,257.5,338.42999267578125,572.9149780273438,79.9000015258789,61258,69494,16184,27070,37647
2026-08-27 11:20:00-04:00,314.7590026855469,257.3599853515625,338.07000732421875,572.625,79.8499984741211,314.7900085449219,257.42999267578125,338.42999267578125,572.8198852539062,79.91000366210938,314.6099853515625,257.2799987792969,338.010009765625,572.3300170898438,79.82450103759766,314.7749938964844,257.3800048828125,338.3699951171875,572.7899780273438,79.90499877929688,59071,48838,19270,19677,42341
2026-08-27 11:21:00-04:00,314.8799133300781,257.3500061035156,338.19000244140625,572.52001953125,79.80500030517578,314.9599914550781,257.4700012207031,338.29998779296875,572.760009765625,79.87999725341797,314.7699890136719,257.30999755859375,337.989990234375,572.3499755859375,79.80500030517578,314.7699890136719,257.3699951171875,338.06500244140625,572.6199951171875,79.8499984741211,42054,65786,13074,11696,34123
2026-08-27 11:22:00-04:00,315.07000732421875,257.2950134277344,338.0199890136719,571.6727905273438,79.81999969482422,315.11248779296875,257.3999938964844,338.260009765625,572.75,79.83519744873047,314.8500061035156,257.18011474609375,337.9548034667969,571.4550170898438,79.79010009765625,314.8699951171875,257.3699951171875,338.2200012207031,572.6300048828125,79.80000305175781,45914,37769,17653,35894,27052
2026-08-27 11:23:00-04:00,314.8500061035156,257.125,338.1000061035156,571.6749877929688,79.83000183105469,315.09991455078125,257.2950134277344,338.20001220703125,571.8099975585938,79.86000061035156,314.8500061035156,257.0350036621094,337.9971923828125,571.35498046875,79.81999969482422,315.04998779296875,257.2838134765625,337.9971923828125,571.8099975585938,79.83000183105469,50567,52288,17440,12329,24525
2026-08-27 11:24:00-04:00,314.80999755859375,256.8299865722656,338.0899963378906,570.9520263671875,79.80799865722656,314.9252014160156,257.1499938964844,338.2099914550781,571.905029296875,79.83999633789062,314.7149963378906,256.8299865722656,338.0899963378906,570.9000244140625,79.76000213623047,314.8900146484375,257.1499938964844,338.1000061035156,571.7100219726562,79.82029724121094,43634,87687,31762,21095,43167
2026-08-27 11:25:00-04:00,314.67999267578125,256.7099914550781,338.125,571.7799072265625,79.74500274658203,314.8500061035156,256.8598937988281,338.1549987792969,571.7799072265625,79.80999755859375,314.6300048828125,256.60009765625,337.9220886230469,570.6300048828125,79.72000122070312,314.80499267578125,256.8399963378906,338.1300048828125,570.9849853515625,79.80999755859375,54279,55625,18942,27420,30154
2026-08-27 11:26:00-04:00,314.6200866699219,256.7699890136719,338.3399963378906,572.030029296875,79.79000091552734,314.70001220703125,256.82000732421875,338.3599853515625,572.1898803710938,79.79499816894531,314.57000732421875,256.6499938964844,338.1099853515625,571.47998046875,79.74169921875,314.67999267578125,256.69000244140625,338.125,571.5599975585938,79.74169921875,32102,33753,185270,35748,26085
2026-08-27 11:27:00-04:00,314.6600036621094,256.70001220703125,338.1000061035156,571.79541015625,79.75,314.6600036621094,256.8699951171875,338.3800048828125,572.1699829101562,79.80000305175781,314.6600036621094,256.67999267578125,338.05999755859375,571.79541015625,79.75,314.6600036621094,256.760009765625,338.32000732421875,572.1329956054688,79.79000091552734,28250,29444,14402,17416,20111
2026-08-27 11:28:00-04:00,314.7200012207031,256.639892578125,338.05999755859375,571.8200073242188,79.73999786376953,314.80999755859375,256.6809997558594,338.1799011230469,571.9500122070312,79.75,314.6300048828125,256.5899963378906,338.05999755859375,571.25,79.72229766845703,314.6449890136719,256.6809997558594,338.1099853515625,571.6599731445312,79.73999786376953,24819,31216,9536,11036,26458
2026-08-27 11:29:00-04:00,314.6499938964844,256.4200134277344,337.75,571.4849853515625,79.69010162353516,314.7250061035156,256.6451110839844,338.0899963378906,571.9500122070312,79.74500274658203,314.55999755859375,256.3900146484375,337.6658020019531,571.3400268554688,79.69010162353516,314.69000244140625,256.6400146484375,338.04998779296875,571.837890625,79.74500274658203,30256,67857,12853,34412,32362
2026-08-27 11:30:00-04:00,314.4100036621094,256.32000732421875,337.4700012207031,570.8939819335938,79.6500015258789,314.69500732421875,256.4200134277344,337.7799987792969,571.5,79.69000244140625,314.3299865722656,256.25,337.3900146484375,570.6799926757812,79.60990142822266,314.6549987792969,256.4200134277344,337.760009765625,571.5,79.69000244140625,50510,62248,20584,25798,30967
2026-08-27 11:31:00-04:00,314.5199890136719,256.2300109863281,337.5950012207031,570.6849975585938,79.58999633789062,314.67999267578125,256.3299865722656,337.6499938964844,570.9661865234375,79.66999816894531,314.3999938964844,256.1600036621094,337.4400939941406,570.3099975585938,79.58999633789062,314.4100036621094,256.32000732421875,337.5,570.8466796875,79.66500091552734,48509,51155,15062,32209,24599
2026-08-27 11:32:00-04:00,314.7099914550781,256.3399963378906,337.69500732421875,571.0899047851562,79.61499786376953,314.7099914550781,256.3699035644531,337.73431396484375,571.0899047851562,79.62000274658203,314.4100036621094,256.19000244140625,337.44000244140625,570.510009765625,79.58499908447266,314.5299987792969,256.2449951171875,337.6050109863281,570.7050170898438,79.5999984741211,37604,40035,24828,13607,20002
2026-08-27 11:33:00-04:00,314.55999755859375,256.3900146484375,337.80999755859375,570.9450073242188,79.68499755859375,314.7550048828125,256.468994140625,337.8999938964844,571.0341186523438,79.69499969482422,314.5249938964844,256.3299865722656,337.7049865722656,570.4400024414062,79.6050033569336,314.70001220703125,256.3450012207031,337.7099914550781,570.9299926757812,79.61499786376953,43295,36240,12533,13017,41376
2026-08-27 11:34:00-04:00,314.5400085449219,256.30999755859375,337.6099853515625,571.1500854492188,79.69999694824219,314.55999755859375,256.4150085449219,337.80999755859375,571.25,79.70999908447266,314.45001220703125,256.20001220703125,337.5929870605469,570.6500244140625,79.6500015258789,314.54998779296875,256.4150085449219,337.80999755859375,570.9450073242188,79.68499755859375,32553,42639,8500,16959,27857
2026-08-27 11:35:00-04:00,314.44000244140625,256.3734130859375,337.6600036621094,572.27001953125,79.76000213623047,314.5990905761719,256.4800109863281,337.864990234375,572.5800170898438,79.76000213623047,314.4201965332031,256.30010986328125,337.5799865722656,571.0650024414062,79.66999816894531,314.54998779296875,256.31500244140625,337.614990234375,571.0700073242188,79.69000244140625,29609,30747,14543,36503,46036
2026-08-27 11:36:00-04:00,314.4700927734375,256.3900146484375,337.6000061035156,572.0999755859375,79.73999786376953,314.5899963378906,256.4100036621094,337.760009765625,572.3098754882812,79.76139831542969,314.3900146484375,256.3399963378906,337.6000061035156,571.9000244140625,79.73500061035156,314.45001220703125,256.3900146484375,337.6600036621094,572.0106811523438,79.76000213623047,22714,31055,13948,16451,24572
2026-08-27 11:37:00-04:00,314.54998779296875,256.29998779296875,337.7900085449219,571.469970703125,79.75,314.55999755859375,256.4495849609375,337.8800048828125,572.1900024414062,79.81050109863281,314.44000244140625,256.25,337.614990234375,571.0399780273438,79.7301025390625,314.4599914550781,256.29998779296875,337.6199951171875,572.0999755859375,79.73999786376953,14381,36015,13595,18121,54952
2026-08-27 11:38:00-04:00,314.44000244140625,256.2449951171875,337.8299865722656,571.1599731445312,79.79499816894531,314.5799865722656,256.3599853515625,337.9750061035156,571.7098999023438,79.81999969482422,314.30999755859375,256.17999267578125,337.7900085449219,571.1599731445312,79.75,314.55499267578125,256.30999755859375,337.8294982910156,571.2999877929688,79.75,32054,51249,9885,14982,31910
2026-08-27 11:39:00-04:00,314.3699035644531,255.96499633789062,338.0249938964844,570.9500122070312,79.80999755859375,314.5097961425781,256.2449951171875,338.0249938964844,571.1599731445312,79.81999969482422,314.2799987792969,255.89999389648438,337.7900085449219,570.8101196289062,79.76000213623047,314.4700012207031,256.2334899902344,337.82000732421875,571.1599731445312,79.785400390625,26369,182055,12374,24502,26582
2026-08-27 11:40:00-04:00,314.3450012207031,256.1199951171875,338.0400085449219,571.389892578125,79.80000305175781,314.4200134277344,256.125,338.0400085449219,571.389892578125,79.81500244140625,314.2799987792969,255.8699951171875,337.9028015136719,570.9299926757812,79.75,314.3450012207031,255.96499633789062,337.989990234375,570.97998046875,79.80500030517578,40932,62316,9315,15763,32149
2026-08-27 11:41:00-04:00,315.05999755859375,256.4999084472656,337.9750061035156,571.844970703125,79.80000305175781,315.07989501953125,256.5,338.07989501953125,572.0,79.81500244140625,314.3599853515625,256.1499938964844,337.8999938964844,571.2000122070312,79.7750015258789,314.3699951171875,256.17999267578125,338.0050048828125,571.2645874023438,79.80000305175781,71876,46583,17495,37795,26308
2026-08-27 11:42:00-04:00,314.9649963378906,256.3999938964844,337.89990234375,571.9400024414062,79.7699966430664,315.07000732421875,256.5400085449219,337.9997863769531,572.0499877929688,79.80000305175781,314.8900146484375,256.3550109863281,337.8512878417969,571.6799926757812,79.7699966430664,315.0570983886719,256.5,337.9997863769531,571.844970703125,79.80000305175781,11743381,75537,6582,17519,22213
2026-08-27 11:43:00-04:00,314.739990234375,256.2200012207031,337.7200012207031,571.7907104492188,79.72010040283203,314.9200134277344,256.4399108886719,337.8999938964844,571.9769287109375,79.76000213623047,314.7149963378906,256.19500732421875,337.6600036621094,571.719970703125,79.71499633789062,314.8999938964844,256.42999267578125,337.8800048828125,571.9749755859375,79.75,34495,36255,8289,12992,36218
2026-08-27 11:44:00-04:00,314.7550048828125,256.0849914550781,337.6099853515625,571.2100219726562,79.7249984741211,314.760009765625,256.2149963378906,337.69000244140625,571.6699829101562,79.7300033569336,314.6408996582031,256.0799865722656,337.55999755859375,571.130126953125,79.69499969482422,314.760009765625,256.2149963378906,337.69000244140625,571.6699829101562,79.70999908447266,34305,30714,15734,8554,28410
2026-08-27 11:45:00-04:00,314.4049987792969,256.125,337.6817932128906,572.528076171875,79.7500991821289,314.7950134277344,256.1499938964844,337.69000244140625,572.7000122070312,79.79000091552734,314.3900146484375,256.0,337.5299987792969,571.1500854492188,79.72000122070312,314.760009765625,256.0893859863281,337.6817932128906,571.2100219726562,79.7249984741211,45111,43474,8877,22131,21842
2026-08-27 11:46:00-04:00,314.3299865722656,256.0249938964844,337.62249755859375,571.969970703125,79.69539642333984,314.42498779296875,256.1300048828125,337.69000244140625,572.5499877929688,79.73999786376953,314.31500244140625,255.94000244140625,337.6000061035156,571.969970703125,79.68000030517578,314.3900146484375,256.1300048828125,337.67999267578125,572.510009765625,79.7300033569336,34193,43593,11633,20322,24900
2026-08-27 11:47:00-04:00,314.2900085449219,256.1000061035156,337.635009765625,572.2100219726562,79.69999694824219,314.3500061035156,256.1600036621094,337.80999755859375,572.4000244140625,79.72000122070312,314.20001220703125,256.0,337.6000061035156,571.9000244140625,79.69499969482422,314.3349914550781,256.0249938964844,337.6300048828125,571.989990234375,79.69999694824219,52970,53614,17648,14759,24134
2026-08-27 11:48:00-04:00,314.30499267578125,256.32000732421875,337.5050048828125,572.1699829101562,79.66000366210938,314.4299011230469,256.3485107421875,337.760009765625,572.4598999023438,79.72000122070312,314.1499938964844,256.1000061035156,337.4800109863281,571.9400024414062,79.66000366210938,314.32000732421875,256.1000061035156,337.6400146484375,572.1900024414062,79.70999908447266,43538,41027,15816,10077,25783
2026-08-27 11:49:00-04:00,314.43499755859375,256.1400146484375,337.37030029296875,572.22998046875,79.73999786376953,314.510009765625,256.42999267578125,337.55999755859375,572.4000244140625,79.76499938964844,314.17010498046875,256.1099853515625,337.3450012207031,572.0776977539062,79.6500015258789,314.32000732421875,256.32598876953125,337.5050048828125,572.1649780273438,79.6500015258789,36008,43774,10835,13094,20294
2026-08-27 11:50:00-04:00,314.7650146484375,256.24810791015625,337.6000061035156,572.5,79.72010040283203,314.7650146484375,256.2799987792969,337.6700134277344,572.6599731445312,79.75,314.4610900878906,256.1000061035156,337.39129638671875,572.125,79.72000122070312,314.4700012207031,256.1300048828125,337.4049987792969,572.2650146484375,79.75,42872,41537,14704,14766,19530
2026-08-27 11:51:00-04:00,314.6000061035156,256.3399963378906,337.69500732421875,572.8099975585938,79.73500061035156,314.7900085449219,256.4100036621094,337.75,572.8853149414062,79.73500061035156,314.5799865722656,256.19000244140625,337.4800109863281,572.280029296875,79.69999694824219,314.739990234375,256.2300109863281,337.56500244140625,572.4111938476562,79.73500061035156,12121863,26462,8460,10873,18631
2026-08-27 11:52:00-04:00,314.6099853515625,256.4200134277344,337.6099853515625,573.094970703125,79.73999786376953,314.67999267578125,256.44989013671875,337.69000244140625,573.3887939453125,79.75499725341797,314.5150146484375,256.2974853515625,337.531494140625,572.4199829101562,79.72000122070312,314.6000061035156,256.3399963378906,337.69000244140625,572.719970703125,79.7300033569336,34324,39443,12227,29758,30052
2026-08-27 11:53:00-04:00,314.7850036621094,256.44000244140625,337.6199951171875,573.260009765625,79.7699966430664,314.8500061035156,256.4599914550781,337.75,573.4400024414062,79.77909851074219,314.6000061035156,256.2749938964844,337.5799865722656,572.8400268554688,79.74500274658203,314.6099853515625,256.42498779296875,337.6300048828125,573.0999755859375,79.74500274658203,47054,33685,13412,22048,21942
2026-08-27 11:54:00-04:00,314.67999267578125,256.3800048828125,337.9849853515625,573.2498779296875,79.7750015258789,314.7699890136719,256.4700012207031,338.0398864746094,573.5,79.77999877929688,314.6700134277344,256.3299865722656,337.6099853515625,573.1599731445312,79.76000213623047,314.760009765625,256.44000244140625,337.62579345703125,573.219970703125,79.7750015258789,322809,34704,38251,22414,10860
2026-08-27 11:55:00-04:00,314.6700134277344,256.3599853515625,338.0,573.25,79.7300033569336,314.760009765625,256.4549865722656,338.1600036621094,573.5800170898438,79.7699966430664,314.6199951171875,256.30999755859375,337.82000732421875,573.0499877929688,79.7300033569336,314.69000244140625,256.3599853515625,337.9800109863281,573.3599853515625,79.7699966430664,30845,35472,54680,23939,18807
2026-08-27 11:56:00-04:00,314.489990234375,256.3399963378906,337.9200134277344,572.8674926757812,79.68000030517578,314.6700134277344,256.3699951171875,338.0255126953125,573.2999877929688,79.7300033569336,314.4200134277344,256.260009765625,337.8999938964844,572.6199951171875,79.65010070800781,314.6700134277344,256.3699035644531,338.0,573.2550048828125,79.72000122070312,35909,29432,10577,22467,28429
2026-08-27 11:57:00-04:00,314.7349853515625,256.4599914550781,338.06500244140625,573.135009765625,79.71009826660156,314.7449951171875,256.4599914550781,338.0694885253906,573.1599731445312,79.71540069580078,314.4700012207031,256.2699890136719,337.8800048828125,572.6300048828125,79.67500305175781,314.489990234375,256.2950134277344,337.9599914550781,572.9000244140625,79.71009826660156,30751,26351,9319,14547,16363
2026-08-27 11:58:00-04:00,314.7550048828125,256.3500061035156,337.9750061035156,573.4099731445312,79.69000244140625,314.7699890136719,256.44000244140625,338.1224060058594,573.489990234375,79.71499633789062,314.6499938964844,256.32000732421875,337.95001220703125,572.989990234375,79.65499877929688,314.7349853515625,256.42498779296875,338.0849914550781,573.1500244140625,79.71499633789062,19965,32167,11216,19131,32236
2026-08-27 11:59:00-04:00,314.80499267578125,256.3450012207031,337.8500061035156,573.1099853515625,79.66010284423828,314.8349914550781,256.3699951171875,338.010009765625,573.6336059570312,79.70500183105469,314.7200012207031,256.2950134277344,337.7550048828125,573.1099853515625,79.66000366210938,314.760009765625,256.34429931640625,337.9599914550781,573.4099731445312,79.69000244140625,35311,31863,29401,20953,29544
2026-08-27 12:00:00-04:00,314.889892578125,256.3091125488281,337.6449890136719,573.010009765625,79.6500015258789,314.93499755859375,256.3999938964844,337.8299865722656,573.3699951171875,79.68000030517578,314.80999755859375,256.29998779296875,337.6099853515625,572.9443969726562,79.63999938964844,314.82000732421875,256.3450012207031,337.80999755859375,573.2933959960938,79.66500091552734,35850,46023,16684,15281,13693
2026-08-27 12:01:00-04:00,314.9549865722656,256.2850036621094,337.5600891113281,572.9349975585938,79.65499877929688,314.9700012207031,256.32000732421875,337.6300048828125,573.0150146484375,79.66500091552734,314.7430114746094,256.25,337.42999267578125,572.7100219726562,79.62000274658203,314.885009765625,256.32000732421875,337.6199951171875,573.010009765625,79.63999938964844,57312,45248,14779,16147,24135
2026-08-27 12:02:00-04:00,314.8500061035156,256.2699890136719,337.6050109863281,573.1799926757812,79.68499755859375,314.9599914550781,256.3699951171875,337.69000244140625,573.27001953125,79.69000244140625,314.739990234375,256.239990234375,337.5801086425781,572.9349975585938,79.6500015258789,314.95001220703125,256.2900085449219,337.6099853515625,573.0800170898438,79.6500015258789,46538,40926,8982,9044,24765
2026-08-27 12:03:00-04:00,314.8500061035156,256.4100036621094,337.739990234375,573.280029296875,79.71499633789062,314.8699951171875,256.4100036621094,337.74200439453125,573.489990234375,79.71499633789062,314.7099914550781,256.25,337.5899963378906,572.7849731445312,79.67500305175781,314.8599853515625,256.25,337.6199951171875,573.155029296875,79.68499755859375,23414,34102,13634,96232,14719
2026-08-27 12:04:00-04:00,314.8756103515625,256.385009765625,337.90008544921875,573.25,79.7322006225586,314.9599914550781,256.4700012207031,337.92999267578125,573.5800170898438,79.74500274658203,314.82000732421875,256.3399963378906,337.75,573.02001953125,79.71499633789062,314.8450012207031,256.4179992675781,337.75,573.4505004882812,79.71499633789062,25886,38701,22531,23090,26276
2026-08-27 12:05:00-04:00,314.69000244140625,256.42999267578125,337.7900085449219,573.3400268554688,79.73500061035156,314.8800048828125,256.5299987792969,337.9599914550781,573.5700073242188,79.74500274658203,314.67999267578125,256.3500061035156,337.7900085449219,573.02001953125,79.70999908447266,314.8500061035156,256.385009765625,337.8999938964844,573.02001953125,79.7300033569336,38732,44505,13560,18600,19489
2026-08-27 12:06:00-04:00,314.4949951171875,256.3999938964844,337.82000732421875,573.7100219726562,79.75499725341797,314.69000244140625,256.4800109863281,337.875,573.719970703125,79.75499725341797,314.4599914550781,256.3699951171875,337.7799987792969,573.27001953125,79.7249984741211,314.69000244140625,256.4100036621094,337.7799987792969,573.3400268554688,79.73500061035156,26213,19798,7685,16763,16986
2026-08-27 12:07:00-04:00,314.539794921875,256.3500061035156,337.8900146484375,573.4600219726562,79.70999908447266,314.539794921875,256.42999267578125,337.9100036621094,573.7299194335938,79.75,314.3800048828125,256.3399963378906,337.7810974121094,573.201171875,79.69000244140625,314.4606018066406,256.38128662109375,337.80999755859375,573.6400146484375,79.75,501917,35509,9114,23122,22640
2026-08-27 12:08:00-04:00,314.44000244140625,256.3598937988281,337.7738037109375,573.4849853515625,79.66000366210938,314.5899963378906,256.44000244140625,337.9800109863281,573.6199951171875,79.73500061035156,314.44000244140625,256.3200988769531,337.7738037109375,573.3558959960938,79.66000366210938,314.5400085449219,256.3599853515625,337.8949890136719,573.52001953125,79.71499633789062,26105,31516,5484,16333,11893
2026-08-27 12:09:00-04:00,314.3599853515625,256.4960021972656,337.8349914550781,573.4600219726562,79.70500183105469,314.4800109863281,256.5,337.864990234375,573.6494750976562,79.70989990234375,314.3399963378906,256.3699951171875,337.7699890136719,573.4099731445312,79.63739776611328,314.44500732421875,256.3699951171875,337.7699890136719,573.5,79.6500015258789,26167,32871,13539,11242,32386
2026-08-27 12:10:00-04:00,314.510009765625,256.7049865722656,338.1336975097656,573.5850219726562,79.7300033569336,314.5198974609375,256.7099914550781,338.1336975097656,573.6749877929688,79.7300033569336,314.2900085449219,256.5050048828125,337.82330322265625,573.4000244140625,79.69010162353516,314.3550109863281,256.5199890136719,337.8349914550781,573.4949951171875,79.70999908447266,46117,48808,11323,4318,32399
2026-08-27 12:11:00-04:00,314.3598937988281,256.587890625,337.9649963378906,573.1641845703125,79.69969940185547,314.5398864746094,256.75,338.1700134277344,573.7100219726562,79.73500061035156,314.32000732421875,256.44000244140625,337.9200134277344,573.0399780273438,79.69010162353516,314.4949951171875,256.7080078125,338.1400146484375,573.6693115234375,79.73500061035156,41927,61382,15585,17538,34946
2026-08-27 12:12:00-04:00,314.4800109863281,256.5400085449219,338.125,573.3900146484375,79.66500091552734,314.489990234375,256.6600036621094,338.24688720703125,573.405029296875,79.70999908447266,314.3399963378906,256.5199890136719,337.9800109863281,573.2050170898438,79.6500015258789,314.3599853515625,256.55029296875,337.989990234375,573.2050170898438,79.69499969482422,21106,26179,10933,9350,22426
2026-08-27 12:13:00-04:00,314.42999267578125,256.3599853515625,338.0899963378906,573.5499877929688,79.66999816894531,314.4849853515625,256.55999755859375,338.25,573.6699829101562,79.68499755859375,314.3699951171875,256.34100341796875,338.07000732421875,573.343505859375,79.66010284423828,314.4849853515625,256.5249938964844,338.1099853515625,573.3900146484375,79.6698989868164,19820,50367,13928,8317,17737
2026-08-27 12:14:00-04:00,314.68499755859375,256.5050048828125,338.3500061035156,573.6950073242188,79.6449966430664,314.70001220703125,256.5299987792969,338.3500061035156,573.7899780273438,79.6698989868164,314.3550109863281,256.3599853515625,338.04998779296875,573.4801025390625,79.6449966430664,314.43499755859375,256.364990234375,338.0950012207031,573.5399780273438,79.66000366210938,33520,37872,11901,9157,21228
2026-08-27 12:15:00-04:00,314.6600036621094,256.6300964355469,338.25,574.02001953125,79.62000274658203,314.7099914550781,256.6300964355469,338.3949890136719,574.0800170898438,79.65619659423828,314.55999755859375,256.489990234375,338.1509094238281,573.610107421875,79.61499786376953,314.6600036621094,256.5050048828125,338.3299865722656,573.6950073242188,79.6449966430664,23076,47525,14680,17699,20371
2026-08-27 12:16:00-04:00,314.67999267578125,256.5799865722656,338.3399963378906,573.9299926757812,79.63500213623047,314.7298889160156,256.7091979980469,338.3399963378906,574.2991943359375,79.63999938964844,314.6199951171875,256.5199890136719,338.04791259765625,573.8729858398438,79.625,314.6600036621094,256.635009765625,338.215087890625,574.0999755859375,79.625,21133,36313,9721,19440,18430
2026-08-27 12:17:00-04:00,314.57000732421875,256.4800109863281,338.2149963378906,574.0399780273438,79.65499877929688,314.7200012207031,256.6000061035156,338.3500061035156,574.0399780273438,79.66999816894531,314.5,256.42999267578125,338.1300048828125,573.6500854492188,79.63500213623047,314.67999267578125,256.5899963378906,338.2699890136719,573.9212036132812,79.63500213623047,46725,35625,19990,14201,22197
2026-08-27 12:18:00-04:00,314.5600891113281,256.4549865722656,338.1200866699219,573.844970703125,79.63999938964844,314.6499938964844,256.489990234375,338.215087890625,574.1837768554688,79.65959930419922,314.5339050292969,256.42999267578125,338.0799865722656,573.719970703125,79.63999938964844,314.5899963378906,256.4898986816406,338.19000244140625,574.1500244140625,79.65959930419922,17643,19872,8721,17711,16281
2026-08-27 12:19:00-04:00,314.3699951171875,256.4599914550781,338.37799072265625,574.0700073242188,79.66999816894531,314.5820007324219,256.510009765625,338.42999267578125,574.0700073242188,79.68000030517578,314.3699951171875,256.4306945800781,338.1000061035156,573.719970703125,79.63999938964844,314.5820007324219,256.44000244140625,338.1400146484375,573.8499755859375,79.63999938964844,23844,25582,13502,12148,25846
2026-08-27 12:20:00-04:00,314.32000732421875,256.4599914550781,338.239990234375,573.5999755859375,79.63459777832031,314.3699951171875,256.5895080566406,338.385009765625,574.1099853515625,79.67500305175781,314.2300109863281,256.4106140136719,338.1400146484375,573.5900268554688,79.63459777832031,314.3500061035156,256.4599914550781,338.385009765625,574.0599975585938,79.66999816894531,44017,27989,24126,19019,19996
2026-08-27 12:21:00-04:00,314.3800048828125,256.4649963378906,338.0299987792969,573.385009765625,79.63500213623047,314.3999938964844,256.6199951171875,338.2630920410156,573.7000122070312,79.63500213623047,314.110107421875,256.3900146484375,338.0199890136719,573.1749877929688,79.61499786376953,314.29998779296875,256.4898986816406,338.25,573.7000122070312,79.62999725341797,59124,71935,11088,15500,25024
2026-08-27 12:22:00-04:00,314.2699890136719,256.32000732421875,338.04998779296875,573.260009765625,79.59400177001953,314.3550109863281,256.4649963378906,338.20001220703125,573.5999755859375,79.63999938964844,314.25,256.29998779296875,337.9800109863281,573.260009765625,79.58999633789062,314.3550109863281,256.4649963378906,338.010009765625,573.385009765625,79.63500213623047,16354,33769,11036,19458,19215
2026-08-27 12:23:00-04:00,314.19500732421875,256.2262878417969,338.07501220703125,573.135009765625,79.59500122070312,314.32000732421875,256.364990234375,338.1549987792969,573.3900146484375,79.59500122070312,314.1802062988281,256.2262878417969,338.04998779296875,573.02001953125,79.55000305175781,314.25,256.32000732421875,338.0899963378906,573.2550048828125,79.59500122070312,16658,46666,5862,18866,40828
2026-08-27 12:24:00-04:00,314.3599853515625,256.2850036621094,338.2099914550781,573.5449829101562,79.625,314.3699951171875,256.2900085449219,338.2294006347656,573.57421875,79.63999938964844,314.20001220703125,256.1600036621094,338.0,573.1849975585938,79.59010314941406,314.20001220703125,256.239990234375,338.07501220703125,573.25,79.5906982421875,18655,55490,15966,8778,21856
2026-08-27 12:25:00-04:00,314.3399963378906,256.260009765625,338.2449951171875,573.489990234375,79.61499786376953,314.3999938964844,256.3900146484375,338.30999755859375,573.719970703125,79.62989807128906,314.30999755859375,256.260009765625,338.1900939941406,573.4301147460938,79.61000061035156,314.3699951171875,256.30999755859375,338.2200012207031,573.489990234375,79.625,14131,25519,11552,17952,21655
2026-08-27 12:26:00-04:00,314.20001220703125,256.2113952636719,338.21099853515625,572.844970703125,79.62000274658203,314.3699951171875,256.2799987792969,338.3594970703125,573.6187133789062,79.63999938964844,314.19000244140625,256.1449890136719,338.21099853515625,572.77001953125,79.5999984741211,314.3450012207031,256.260009765625,338.2449951171875,573.47998046875,79.61499786376953,18102,30733,9892,30623,28409
2026-08-27 12:27:00-04:00,314.3500061035156,256.4700012207031,338.3900146484375,573.3250122070312,79.62999725341797,314.3500061035156,256.4700012207031,338.3900146484375,573.5599975585938,79.63619995117188,314.1600036621094,256.1589050292969,338.17120361328125,572.72998046875,79.61000061035156,314.2149963378906,256.20001220703125,338.17120361328125,572.844970703125,79.625,29674,26306,17393,9695,12524
2026-08-27 12:28:00-04:00,314.4549865722656,256.3949890136719,338.4200134277344,572.9199829101562,79.66999816894531,314.4849853515625,256.50518798828125,338.45001220703125,573.4000244140625,79.67500305175781,314.2900085449219,256.3810119628906,338.3399963378906,572.864990234375,79.62000274658203,314.3500061035156,256.45489501953125,338.3700866699219,573.205322265625,79.62000274658203,19511,56066,13093,11456,55863
2026-08-27 12:29:00-04:00,314.57000732421875,256.4599914550781,338.4200134277344,572.9508056640625,79.62000274658203,314.5849914550781,256.5299987792969,338.44000244140625,573.0999755859375,79.72000122070312,314.4100036621094,256.4100036621094,338.3699951171875,572.8201293945312,79.62000274658203,314.4599914550781,256.4100036621094,338.3900146484375,572.9869995117188,79.68000030517578,27775,45319,7471,11600,154172
2026-08-27 12:30:00-04:00,314.4700012207031,256.5,338.614990234375,572.6300048828125,79.49500274658203,314.5950012207031,256.5,338.65301513671875,572.8699951171875,79.62010192871094,314.45001220703125,256.3999938964844,338.40899658203125,572.2000122070312,79.46009826660156,314.56500244140625,256.4599914550781,338.42498779296875,572.8400268554688,79.62000274658203,19319,17716,30549,16397,262697
2026-08-27 12:31:00-04:00,314.4649963378906,256.3900146484375,338.7749938964844,572.7899780273438,79.58000183105469,314.5299987792969,256.54998779296875,338.79998779296875,572.9552001953125,79.58000183105469,314.4175109863281,256.3900146484375,338.6000061035156,572.5399780273438,79.4800033569336,314.4750061035156,256.4800109863281,338.6099853515625,572.6300048828125,79.48999786376953,29238,41345,27241,9206,47786
2026-08-27 12:32:00-04:00,314.5,256.32708740234375,338.61029052734375,572.4000244140625,79.5697021484375,314.5199890136719,256.3999938964844,338.80999755859375,572.8400268554688,79.625,314.4200134277344,256.2925109863281,338.61029052734375,572.385009765625,79.55999755859375,314.4700012207031,256.3999938964844,338.80999755859375,572.780029296875,79.58499908447266,28247,37376,12223,11541,33840
2026-08-27 12:33:00-04:00,314.489990234375,256.3500061035156,338.5799865722656,572.4550170898438,79.5250015258789,314.5299987792969,256.3599853515625,338.6400146484375,572.5651245117188,79.55999755859375,314.43011474609375,256.2799987792969,338.44000244140625,572.2000122070312,79.51000213623047,314.4901123046875,256.3599853515625,338.5799865722656,572.3699951171875,79.55999755859375,23521,37013,10355,12775,25349
2026-08-27 12:34:00-04:00,314.4949951171875,256.255615234375,338.6300048828125,572.4400024414062,79.54000091552734,314.5,256.3099060058594,338.7200012207031,572.52001953125,79.55500030517578,314.44000244140625,256.2161865234375,338.54119873046875,572.239990234375,79.49500274658203,314.489990234375,256.2900085449219,338.54998779296875,572.52001953125,79.5199966430664,18832,27638,10542,11375,46925
2026-08-27 12:35:00-04:00,314.5400085449219,256.239990234375,338.5150146484375,571.1300048828125,79.58999633789062,314.5400085449219,256.30999755859375,338.6400146484375,572.4899291992188,79.625,314.45001220703125,256.1499938964844,338.5,570.7000122070312,79.5199966430664,314.4800109863281,256.2699890136719,338.614990234375,572.3900146484375,79.52999877929688,18229,67602,8725,42377,28192
2026-08-27 12:36:00-04:00,314.260009765625,256.2200012207031,338.4898986816406,571.1199951171875,79.54000091552734,314.56500244140625,256.2699890136719,338.5799865722656,571.2595825195312,79.58999633789062,314.25,256.2200012207031,338.45770263671875,570.8699951171875,79.54000091552734,314.5299987792969,256.2300109863281,338.4949951171875,571.0151977539062,79.5822982788086,44793,46045,9553,23447,22971
2026-08-27 12:37:00-04:00,314.510009765625,256.3299865722656,338.510009765625,572.25,79.59500122070312,314.510009765625,256.3500061035156,338.5899963378906,572.37548828125,79.59500122070312,314.2701110839844,256.17999267578125,338.44171142578125,571.1300048828125,79.55000305175781,314.2900085449219,256.2099914550781,338.4750061035156,571.1400146484375,79.55000305175781,30781,46309,13689,23696,18860
2026-08-27 12:38:00-04:00,314.4549865722656,256.4599914550781,338.5050048828125,571.969970703125,79.61499786376953,314.5,256.4601135253906,338.56988525390625,572.260009765625,79.61499786376953,314.3706970214844,256.260009765625,338.42999267578125,571.7899780273438,79.56999969482422,314.5,256.3450012207031,338.4912109375,571.969970703125,79.5999984741211,25756,38001,8439,8387159,26712
2026-08-27 12:39:00-04:00,314.5950012207031,256.5249938964844,338.4649963378906,571.864990234375,79.61000061035156,314.6400146484375,256.5400085449219,338.614990234375,572.1713256835938,79.62550354003906,314.4599914550781,256.43328857421875,338.4400939941406,571.739990234375,79.61000061035156,314.5950012207031,256.44000244140625,338.5050048828125,572.010009765625,79.61000061035156,28664,22879,6514,20053,16896
2026-08-27 12:40:00-04:00,314.6549987792969,256.44000244140625,338.42498779296875,571.5,79.59500122070312,314.7200012207031,256.5899963378906,338.5299987792969,572.4500122070312,79.61000061035156,314.5299987792969,256.44000244140625,338.42498779296875,571.5,79.59010314941406,314.6000061035156,256.5400085449219,338.4649963378906,571.8599853515625,79.59259796142578,37335,33791,19284,11202,13406
2026-08-27 12:41:00-04:00,314.625,256.5899963378906,338.3299865722656,570.4000244140625,79.59500122070312,314.6700134277344,256.614990234375,338.4200134277344,571.5800170898438,79.62000274658203,314.57000732421875,256.4200134277344,338.2799987792969,570.4000244140625,79.58499908447266,314.625,256.45001220703125,338.4200134277344,571.5800170898438,79.61000061035156,21535,55557,15650,85142,31676
2026-08-27 12:42:00-04:00,314.6449890136719,256.54998779296875,338.4349060058594,570.3499755859375,79.59500122070312,314.6449890136719,256.57501220703125,338.45001220703125,570.57861328125,79.6050033569336,314.55499267578125,256.489990234375,338.30999755859375,570.1199951171875,79.58000183105469,314.6400146484375,256.57501220703125,338.3699951171875,570.3400268554688,79.59500122070312,15765,54293,10869,28454,13709
2026-08-27 12:43:00-04:00,314.70001220703125,256.6449890136719,338.5799865722656,570.469970703125,79.59449768066406,314.7799987792969,256.70001220703125,338.6600036621094,570.469970703125,79.625,314.6300048828125,256.5400085449219,338.4200134277344,569.719970703125,79.58499908447266,314.6400146484375,256.54998779296875,338.44500732421875,570.4149780273438,79.58499908447266,26203,33068,18056,94292,18694
2026-08-27 12:44:00-04:00,314.7550048828125,256.5400085449219,338.6099853515625,571.2000122070312,79.54000091552734,314.8299865722656,256.6700134277344,338.6099853515625,571.219970703125,79.59770202636719,314.65460205078125,256.5,338.3999938964844,570.2349853515625,79.54000091552734,314.7200012207031,256.6449890136719,338.5849914550781,570.469970703125,79.59500122070312,32432,179016,13482,33426,21151
2026-08-27 12:45:00-04:00,315.1400146484375,256.70001220703125,338.5701904296875,571.4099731445312,79.51499938964844,315.14990234375,256.7550048828125,338.739990234375,571.760009765625,79.52999877929688,314.7699890136719,256.5299987792969,338.54998779296875,571.1599731445312,79.4800033569336,314.7699890136719,256.5299987792969,338.6099853515625,571.27001953125,79.52999877929688,85358,77571,15865,18613,68787
2026-08-27 12:46:00-04:00,314.9549865722656,256.489990234375,338.44500732421875,571.780029296875,79.61990356445312,315.1600036621094,256.7298889160156,338.6000061035156,571.7999267578125,79.61990356445312,314.8699951171875,256.45001220703125,338.40008544921875,571.1599731445312,79.51499938964844,315.1300964355469,256.7099914550781,338.57501220703125,571.52001953125,79.51499938964844,46515,106900,11841,22376,41317
2026-08-27 12:47:00-04:00,314.8800048828125,256.29998779296875,338.2300109863281,571.6900024414062,79.61499786376953,314.9800109863281,256.4800109863281,338.3999938964844,571.719970703125,79.61990356445312,314.8100891113281,256.25,338.19000244140625,571.4370727539062,79.58499908447266,314.9599914550781,256.29998779296875,338.3999938964844,571.719970703125,79.61499786376953,71546,57903,10862,10214,16977
2026-08-27 12:48:00-04:00,314.80010986328125,256.30999755859375,338.4599914550781,571.5,79.58499908447266,314.8900146484375,256.3999938964844,338.4649963378906,571.7340087890625,79.61499786376953,314.7200012207031,256.2900085449219,338.206787109375,571.4500122070312,79.58499908447266,314.8800048828125,256.2900085449219,338.215087890625,571.635009765625,79.61000061035156,24213,35329,9496,8149,18672
2026-08-27 12:49:00-04:00,314.68499755859375,256.2850036621094,338.29998779296875,571.4600219726562,79.65499877929688,314.80999755859375,256.3399963378906,338.4999084472656,571.669921875,79.65989685058594,314.67999267578125,256.2300109863281,338.2406921386719,571.22998046875,79.5863037109375,314.7900085449219,256.30499267578125,338.4999084472656,571.4299926757812,79.58979797363281,27157,44517,10848,13583,24404
2026-08-27 12:50:00-04:00,314.6400146484375,256.2099914550781,338.2650146484375,571.344970703125,79.74500274658203,314.7449951171875,256.31500244140625,338.3599853515625,571.530029296875,79.75,314.5849914550781,256.1600036621094,338.2200927734375,571.22998046875,79.65499877929688,314.70001220703125,256.2900085449219,338.3299865722656,571.530029296875,79.65499877929688,28811,29248,17292,13657,32185
2026-08-27 12:51:00-04:00,314.70001220703125,256.1000061035156,337.7901916503906,571.27001953125,79.8550033569336,314.7200012207031,256.2300109863281,338.33990478515625,571.3599853515625,79.85800170898438,314.5299987792969,256.06939697265625,337.7900085449219,571.2000122070312,79.7477035522461,314.6400146484375,256.2099914550781,338.2900085449219,571.3150024414062,79.7477035522461,19600,39330,33202,8920,35665
2026-08-27 12:52:00-04:00,314.7799987792969,256.0419921875,337.6199951171875,571.1806030273438,79.83000183105469,314.7850036621094,256.1400146484375,337.8500061035156,571.3049926757812,79.875,314.6400146484375,256.0400085449219,337.6199951171875,571.0,79.83000183105469,314.70001220703125,256.1138000488281,337.8139953613281,571.2999877929688,79.85199737548828,20953,30869,47325,10457,20720
2026-08-27 12:53:00-04:00,315.05999755859375,256.05999755859375,337.75,571.27001953125,79.77999877929688,315.17999267578125,256.1099853515625,337.7900085449219,571.27001953125,79.83000183105469,314.7699890136719,255.92300415039062,337.54998779296875,571.010009765625,79.7699966430664,314.7850036621094,256.0400085449219,337.6427917480469,571.1599731445312,79.83000183105469,14936835,98516,23265,8103,35823
2026-08-27 12:54:00-04:00,315.0639953613281,256.1700134277344,338.07000732421875,571.25,79.80500030517578,315.1814880371094,256.2449951171875,338.07000732421875,571.3900146484375,79.81999969482422,315.0400085449219,256.0849914550781,337.7650146484375,571.0599975585938,79.7699966430664,315.05999755859375,256.1099853515625,337.7650146484375,571.2000122070312,79.7699966430664,39595,67322,27604,211156,23315
2026-08-27 12:55:00-04:00,314.95599365234375,256.19000244140625,337.8999938964844,570.6099853515625,79.78209686279297,315.07501220703125,256.2049865722656,338.1199951171875,571.2000122070312,79.81999969482422,314.95001220703125,256.1000061035156,337.8800048828125,570.6099853515625,79.77999877929688,315.0450134277344,256.1650085449219,338.0799865722656,571.1900024414062,79.80500030517578,29956,40336,17299,14033,13632
2026-08-27 12:56:00-04:00,315.04998779296875,256.2300109863281,337.7120056152344,570.7100219726562,79.78500366210938,315.0740051269531,256.2300109863281,337.96990966796875,570.739990234375,79.80999755859375,314.94500732421875,256.114990234375,337.6499938964844,570.5700073242188,79.77999877929688,314.95001220703125,256.1650085449219,337.9200134277344,570.5999755859375,79.77999877929688,20625,41931,15512,11523,19373
2026-08-27 12:57:00-04:00,314.9222106933594,256.1199951171875,337.7300109863281,570.760009765625,79.76499938964844,315.1199951171875,256.32000732421875,337.80999755859375,570.9400024414062,79.79499816894531,314.8500061035156,256.0950012207031,337.6499938964844,570.6099853515625,79.76000213623047,315.0600891113281,256.25,337.6499938964844,570.6599731445312,79.77999877929688,44398,50908,19414,11545,19520
2026-08-27 12:58:00-04:00,315.04010009765625,256.1300048828125,337.635009765625,570.6799926757812,79.73500061035156,315.0799865722656,256.19000244140625,337.7998962402344,570.8499755859375,79.76000213623047,314.9200134277344,256.1000061035156,337.6099853515625,570.5526123046875,79.7300033569336,314.92999267578125,256.114990234375,337.7300109863281,570.6799926757812,79.76000213623047,22102,28810,20792,11687,21618
2026-08-27 12:59:00-04:00,315.0,256.3030090332031,337.8800048828125,571.030029296875,79.74500274658203,315.04998779296875,256.30999755859375,337.8800048828125,571.1998901367188,79.75,314.93499755859375,256.1099853515625,337.6099853515625,570.7000122070312,79.71499633789062,315.03570556640625,256.135009765625,337.6300048828125,570.7000122070312,79.73999786376953,18661,41818,30593,11982,22220
2026-08-27 13:00:00-04:00,314.9649963378906,256.04998779296875,337.7950134277344,571.02001953125,79.7699966430664,315.05999755859375,256.2699890136719,337.8599853515625,571.0900268554688,79.80999755859375,314.94000244140625,256.039306640625,337.70001220703125,570.8900146484375,79.74500274658203,315.0299987792969,256.2699890136719,337.8599853515625,570.9400024414062,79.7699966430664,21666,41917,17166,12789,30655
2026-08-27 13:01:00-04:00,314.88470458984375,256.0899963378906,337.9820861816406,571.385009765625,79.73500061035156,315.0,256.12420654296875,338.0199890136719,571.4299926757812,79.76000213623047,314.8599853515625,255.97000122070312,337.635009765625,570.8300170898438,79.73500061035156,314.9700012207031,256.0599060058594,337.760009765625,570.969970703125,79.75,30327,40918,43241,11265,18059
2026-08-27 13:02:00-04:00,314.82000732421875,256.1000061035156,337.95001220703125,571.3599853515625,79.76000213623047,314.94500732421875,256.1700134277344,338.0350036621094,571.9000244140625,79.77999877929688,314.82000732421875,256.0899963378906,337.95001220703125,571.3215942382812,79.72000122070312,314.8973083496094,256.0985107421875,337.9949951171875,571.385009765625,79.76000213623047,24306,29980,15808,30560,34351
2026-08-27 13:03:00-04:00,314.875,256.1099853515625,338.1499938964844,571.6849975585938,79.75,314.875,256.1099853515625,338.1600036621094,571.8295288085938,79.75,314.75,255.97999572753906,337.9599914550781,571.27001953125,79.72000122070312,314.81500244140625,256.0899963378906,337.9700012207031,571.47998046875,79.73999786376953,22036,40920,18626,21105,15727
2026-08-27 13:04:00-04:00,314.864990234375,256.0797119140625,338.1449890136719,571.5650024414062,79.73999786376953,314.9200134277344,256.1300048828125,338.2699890136719,571.6849975585938,79.7655029296875,314.8349914550781,256.0400085449219,338.1400146484375,571.3599853515625,79.72000122070312,314.8800048828125,256.1300048828125,338.17498779296875,571.6849975585938,79.75,23381,31329,15521,18265,11984
2026-08-27 13:05:00-04:00,314.8349914550781,255.9499969482422,337.9413146972656,571.4400024414062,79.78500366210938,314.864990234375,256.05999755859375,338.239990234375,571.6514892578125,79.79000091552734,314.7799987792969,255.80999755859375,337.8999938964844,571.4400024414062,79.7300033569336,314.864990234375,256.0400085449219,338.1400146484375,571.6514892578125,79.7300033569336,48854,69554,15963,6449,41072
2026-08-27 13:06:00-04:00,314.7900085449219,255.85000610351562,337.7879943847656,571.3300170898438,79.7750015258789,314.8399963378906,255.97000122070312,337.9849853515625,571.5698852539062,79.79010009765625,314.739990234375,255.83999633789062,337.7799987792969,571.3300170898438,79.75,314.82501220703125,255.9499969482422,337.92999267578125,571.52001953125,79.79000091552734,16451,51180,11722,11636,34051
2026-08-27 13:07:00-04:00,314.864990234375,255.78500366210938,337.7330017089844,570.6799926757812,79.7699966430664,314.8900146484375,255.86000061035156,337.81500244140625,571.3776245117188,79.79000091552734,314.7799987792969,255.6999969482422,337.6889953613281,570.5999755859375,79.76010131835938,314.7900085449219,255.85000610351562,337.7699890136719,571.2949829101562,79.77999877929688,16375,157554,12095,25264,23047
2026-08-27 13:08:00-04:00,315.30999755859375,255.84500122070312,337.9700012207031,570.6300048828125,79.78500366210938,315.30999755859375,255.8800048828125,338.0790100097656,570.8499755859375,79.79000091552734,314.8599853515625,255.75,337.7300109863281,570.4099731445312,79.73999786376953,314.8599853515625,255.78500366210938,337.7449951171875,570.6995239257812,79.77010345458984,71105,57186,18071,20799,74820
2026-08-27 13:09:00-04:00,315.2298889160156,255.8979949951172,338.19000244140625,570.7000122070312,79.76000213623047,315.29998779296875,255.91000366210938,338.2099914550781,570.72998046875,79.79000091552734,315.17999267578125,255.8000030517578,337.8800048828125,570.4299926757812,79.75499725341797,315.29998779296875,255.83999633789062,337.94000244140625,570.6699829101562,79.79000091552734,34095,62316,14515,11570,15635
2026-08-27 13:10:00-04:00,315.2250061035156,255.86500549316406,338.1400146484375,570.5150146484375,79.74500274658203,315.2699890136719,256.0,338.235107421875,570.9000244140625,79.77999877929688,315.19000244140625,255.86500549316406,338.0899963378906,570.47998046875,79.73999786376953,315.2300109863281,255.89999389648438,338.1700134277344,570.6799926757812,79.76000213623047,14948,47633,10837,17163,20344
2026-08-27 13:11:00-04:00,315.2699890136719,255.8300018310547,338.0849914550781,570.7849731445312,79.75499725341797,315.2900085449219,255.9199981689453,338.17999267578125,570.836181640625,79.75499725341797,315.19000244140625,255.8101043701172,338.0,570.5,79.75,315.2349853515625,255.86500549316406,338.1400146484375,570.5599975585938,79.75499725341797,31645,41381,7341,9105,11282
2026-08-27 13:12:00-04:00,315.2550048828125,255.89999389648438,338.20001220703125,570.8953247070312,79.73999786376953,315.3399963378906,255.9199981689453,338.239990234375,571.1649780273438,79.76499938964844,315.2300109863281,255.7899932861328,338.1000061035156,570.7899780273438,79.73999786376953,315.2799987792969,255.80999755859375,338.125,570.8953247070312,79.75499725341797,39801,55965,7162,15079,15004
2026-08-27 13:13:00-04:00,314.989990234375,255.9149932861328,338.385009765625,571.4400024414062,79.76499938964844,315.2699890136719,255.92999267578125,338.44000244140625,571.4899291992188,79.77999877929688,314.9649963378906,255.83509826660156,338.1700134277344,570.9500122070312,79.73500061035156,315.2699890136719,255.87249755859375,338.1700134277344,570.9500122070312,79.73999786376953,26357,39776,19418,17731,18055
2026-08-27 13:14:00-04:00,314.92999267578125,256.010009765625,338.45001220703125,571.4600219726562,79.7750015258789,315.010009765625,256.0201110839844,338.5,571.5549926757812,79.77999877929688,314.8800964355469,255.9102020263672,338.40008544921875,571.2000122070312,79.76000213623047,314.989990234375,255.94000244140625,338.42498779296875,571.364990234375,79.7698974609375,24488,44498,10795,21159,11841
2026-08-27 13:15:00-04:00,314.875,255.9346923828125,338.3550109863281,571.5250244140625,79.76229858398438,314.95001220703125,256.0400085449219,338.54998779296875,571.7899780273438,79.80500030517578,314.82000732421875,255.9346923828125,338.32000732421875,571.3499755859375,79.75,314.92999267578125,256.01959228515625,338.44500732421875,571.3499755859375,79.7750015258789,27208,38517,17685,19102,19971
2026-08-27 13:16:00-04:00,315.0466003417969,255.8300018310547,338.17999267578125,571.52001953125,79.77999877929688,315.1050109863281,256.0,338.3760070800781,571.6400146484375,79.79450225830078,314.8450012207031,255.8300018310547,338.1400146484375,571.4450073242188,79.76000213623047,314.875,255.9600067138672,338.3550109863281,571.5700073242188,79.76499938964844,35380,40774,7821,11052,44234
2026-08-27 13:17:00-04:00,315.1099853515625,255.76980590820312,338.05999755859375,571.114990234375,79.7500991821289,315.2099914550781,255.8498992919922,338.19000244140625,571.5399780273438,79.77999877929688,315.05999755859375,255.72000122070312,338.0,571.0,79.73500061035156,315.1000061035156,255.8321075439453,338.1579895019531,571.5,79.7750015258789,39502,46722,12820,11356,26032
2026-08-27 13:18:00-04:00,315.17999267578125,255.6708984375,337.8299865722656,571.1799926757812,79.76000213623047,315.19000244140625,255.75999450683594,338.05999755859375,571.3400268554688,79.76000213623047,315.04998779296875,255.6300048828125,337.82000732421875,571.0499877929688,79.7300033569336,315.1199035644531,255.75999450683594,338.0299987792969,571.0900268554688,79.75499725341797,25892,88079,17674,12614,31935
2026-08-27 13:19:00-04:00,315.2250061035156,255.55999755859375,337.8356018066406,571.135009765625,79.7699966430664,315.239990234375,255.75999450683594,337.989990234375,571.3692016601562,79.7699966430664,315.1499938964844,255.5500030517578,337.8297119140625,571.0,79.7500991821289,315.17498779296875,255.67999267578125,337.8356018066406,571.22998046875,79.76499938964844,28493,101085,13031,9248,18000
2026-08-27 13:20:00-04:00,315.16009521484375,255.53500366210938,337.8699951171875,571.2301025390625,79.78500366210938,315.2799987792969,255.58999633789062,337.8900146484375,571.4000244140625,79.79499816894531,315.1499938964844,255.44000244140625,337.760009765625,571.0321044921875,79.74500274658203,315.2200012207031,255.56500244140625,337.8651123046875,571.0551147460938,79.7699966430664,78477,143992,10128,173211,27735
2026-08-27 13:21:00-04:00,315.32000732421875,255.64010620117188,337.8514099121094,571.1649780273438,79.79499816894531,315.3500061035156,255.7100067138672,337.8999938964844,571.3300170898438,79.79499816894531,315.1300048828125,255.44500732421875,337.79998779296875,571.0,79.77999877929688,315.1860046386719,255.52499389648438,337.864990234375,571.2305908203125,79.77999877929688,31023,127194,9514,8546,25230
2026-08-27 13:22:00-04:00,315.30499267578125,255.5800018310547,337.8299865722656,570.8049926757812,79.78500366210938,315.3450012207031,255.6999969482422,337.8876953125,571.2294921875,79.80000305175781,315.19000244140625,255.5399932861328,337.80999755859375,570.75,79.7750015258789,315.3399963378906,255.6649932861328,337.8695068359375,571.219970703125,79.79499816894531,42694,61052,10875,18501,16490
2026-08-27 13:23:00-04:00,315.32989501953125,255.6909942626953,338.0299987792969,571.0900268554688,79.7750015258789,315.3999938964844,255.73989868164062,338.0299987792969,571.0900268554688,79.80500030517578,315.2850036621094,255.57000732421875,337.8299865722656,570.6500244140625,79.73500061035156,315.29998779296875,255.5850067138672,337.8599853515625,570.75,79.78500366210938,39737,38808,8453,12598,42890
2026-08-27 13:24:00-04:00,315.0150146484375,255.72500610351562,338.0799865722656,570.9650268554688,79.79499816894531,315.2900085449219,255.77499389648438,338.0799865722656,571.2000122070312,79.80000305175781,315.010009765625,255.69000244140625,337.9800109863281,570.830078125,79.7655029296875,315.2799987792969,255.74000549316406,338.0299987792969,571.2000122070312,79.77999877929688,25885,64019,8892,10312,18465
2026-08-27 13:25:00-04:00,315.1549987792969,255.66000366210938,338.0899963378906,571.3499755859375,79.83499908447266,315.2900085449219,255.74000549316406,338.1669006347656,571.4105834960938,79.84500122070312,314.9849853515625,255.6300048828125,338.0899963378906,570.9400024414062,79.79000091552734,315.0299987792969,255.72610473632812,338.1300048828125,571.0700073242188,79.79000091552734,31043,31431,6842,8618,26129
2026-08-27 13:26:00-04:00,315.1099853515625,255.75999450683594,337.94500732421875,571.364990234375,79.83499908447266,315.1600036621094,255.75999450683594,338.20001220703125,571.5150146484375,79.86499786376953,315.05999755859375,255.60000610351562,337.864013671875,571.0700073242188,79.83499908447266,315.1499938964844,255.6750030517578,338.1300048828125,571.4000244140625,79.83999633789062,25394,459375,7162,20071,24194
2026-08-27 13:27:00-04:00,315.2200012207031,255.7899932861328,337.9700012207031,571.4149780273438,79.82499694824219,315.239990234375,255.8300018310547,338.0899963378906,571.510009765625,79.85009765625,315.1159973144531,255.75,337.9599914550781,571.239990234375,79.80999755859375,315.2200012207031,255.78500366210938,337.9599914550781,571.364990234375,79.83000183105469,22350,48688,5853,13564,29294
2026-08-27 13:28:00-04:00,315.2601013183594,255.86000061035156,338.04998779296875,571.3599853515625,79.82499694824219,315.2699890136719,255.92999267578125,338.1600036621094,571.4799194335938,79.84500122070312,315.19000244140625,255.77499389648438,337.9750061035156,571.260009765625,79.82499694824219,315.2200012207031,255.789794921875,337.9750061035156,571.3599853515625,79.82499694824219,23329,67515,6945,13827,23319
2026-08-27 13:29:00-04:00,315.2699890136719,255.89999389648438,338.0299987792969,571.219970703125,79.8196029663086,315.2699890136719,255.92970275878906,338.05999755859375,571.3099975585938,79.83999633789062,315.1499938964844,255.78500366210938,337.9700927734375,571.0449829101562,79.80999755859375,315.25,255.86000061035156,338.0299987792969,571.2899780273438,79.8240966796875,37456,334045,12459,14012,31789
2026-08-27 13:30:00-04:00,315.2900085449219,255.8249969482422,338.06988525390625,571.10498046875,79.8499984741211,315.3399963378906,255.92999267578125,338.1600036621094,571.1900024414062,79.86100006103516,315.19000244140625,255.77000427246094,337.9601135253906,570.989990234375,79.80999755859375,315.2799987792969,255.8800048828125,338.0039978027344,571.135009765625,79.81510162353516,32949,40606,13590,13323,32042
2026-08-27 13:31:00-04:00,315.17999267578125,255.7100067138672,337.8999938964844,570.9000244140625,79.86499786376953,315.2900085449219,255.85989379882812,338.0150146484375,571.10498046875,79.87000274658203,315.1700134277344,255.6999969482422,337.8900146484375,570.780029296875,79.84010314941406,315.2900085449219,255.85989379882812,338.010009765625,571.02001953125,79.8499984741211,30207,35213,7633,9121,26559
2026-08-27 13:32:00-04:00,315.1000061035156,255.86900329589844,338.20001220703125,570.8300170898438,79.83999633789062,315.30999755859375,255.90809631347656,338.2300109863281,571.0899047851562,79.89520263671875,315.0806884765625,255.73500061035156,337.8999938964844,570.780029296875,79.83999633789062,315.19000244140625,255.74000549316406,337.8999938964844,570.9400024414062,79.86499786376953,25876,32079,10375,15529,44859
2026-08-27 13:33:00-04:00,315.06500244140625,255.85499572753906,338.1400146484375,570.8800048828125,79.81999969482422,315.1650085449219,255.9250030517578,338.2489929199219,571.0599975585938,79.84500122070312,315.04998779296875,255.80999755859375,338.1400146484375,570.719970703125,79.81009674072266,315.06500244140625,255.85499572753906,338.18499755859375,570.7899780273438,79.83499908447266,22109,42856,8914,9914,27360
2026-08-27 13:34:00-04:00,314.8900146484375,255.72999572753906,338.0799865722656,570.9500122070312,79.83000183105469,315.04998779296875,255.8800048828125,338.20001220703125,571.0999755859375,79.84500122070312,314.8700866699219,255.72000122070312,338.04998779296875,570.9000244140625,79.82499694824219,315.04998779296875,255.8800048828125,338.1300048828125,570.9395751953125,79.83000183105469,33607,32898,8633,11577,37820
2026-08-27 13:35:00-04:00,314.8349914550781,255.8000030517578,338.2099914550781,570.7650146484375,79.86000061035156,314.9200134277344,255.83999633789062,338.239990234375,571.0399780273438,79.86499786376953,314.82000732421875,255.72000122070312,338.04998779296875,570.60498046875,79.82499694824219,314.885009765625,255.72000122070312,338.0519104003906,571.019775390625,79.83499908447266,34060,37653,5406,39628,18316
2026-08-27 13:36:00-04:00,314.7650146484375,255.8300018310547,338.2200012207031,570.7100219726562,79.8550033569336,314.8699951171875,255.86000061035156,338.29998779296875,570.9000244140625,79.87000274658203,314.7101135253906,255.8101043701172,338.2200012207031,570.6820068359375,79.8499984741211,314.8399963378906,255.82000732421875,338.2699890136719,570.8200073242188,79.8499984741211,32188,45814,4812,8276,17469
2026-08-27 13:37:00-04:00,314.7099914550781,255.86500549316406,338.3299865722656,570.9199829101562,79.83499908447266,314.79998779296875,255.88999938964844,338.3450012207031,570.9199829101562,79.86499786376953,314.6499938964844,255.83099365234375,338.1300048828125,570.5900268554688,79.83399963378906,314.7799987792969,255.83999633789062,338.20001220703125,570.6699829101562,79.86000061035156,28904,26102,6399,9823,27637
2026-08-27 13:38:00-04:00,314.6000061035156,255.8800048828125,338.32000732421875,571.0150146484375,79.83499908447266,314.7200012207031,255.92210388183594,338.4367980957031,571.1300048828125,79.8499984741211,314.6000061035156,255.860107421875,338.3194885253906,570.89501953125,79.83499908447266,314.7099914550781,255.86500549316406,338.3599853515625,570.89501953125,79.83499908447266,16082,46214,5819,11873,14850
2026-08-27 13:39:00-04:00,314.5400085449219,255.9600067138672,338.3450012207031,571.1950073242188,79.86000061035156,314.6300048828125,256.010009765625,338.3500061035156,571.4500122070312,79.87000274658203,314.5,255.77999877929688,338.2200927734375,571.0150146484375,79.82499694824219,314.5899963378906,255.89999389648438,338.32000732421875,571.0150146484375,79.83599853515625,32117,72731,9662,17071,36569
2026-08-27 13:40:00-04:00,314.5350036621094,255.97999572753906,338.44000244140625,571.760009765625,79.8949966430664,314.55999755859375,255.97999572753906,338.45001220703125,571.8350830078125,79.91000366210938,314.4949951171875,255.91000366210938,338.3302917480469,571.1380004882812,79.8499984741211,314.5299987792969,255.9600067138672,338.3500061035156,571.1849975585938,79.85009765625,26677,135366,10759,19453,39931
2026-08-27 13:41:00-04:00,314.7200012207031,256.0199890136719,338.32501220703125,571.4299926757812,79.86499786376953,314.7300109863281,256.0400085449219,338.4360046386719,571.7999877929688,79.88999938964844,314.489990234375,255.9501953125,338.29998779296875,571.3900146484375,79.86000061035156,314.5350036621094,255.99000549316406,338.42999267578125,571.77001953125,79.88999938964844,38877,36185,7730,16440,39732
2026-08-27 13:42:00-04:00,314.7699890136719,256.1099853515625,338.3500061035156,571.5698852539062,79.875,314.80999755859375,256.139892578125,338.4100036621094,571.6199951171875,79.8949966430664,314.6700134277344,255.98500061035156,338.30999755859375,571.25,79.86000061035156,314.7300109863281,256.0,338.34991455078125,571.4299926757812,79.86499786376953,30172,85176,7792,12314,17646
2026-08-27 13:43:00-04:00,314.9200134277344,256.14599609375,338.4849853515625,571.7050170898438,79.875,314.94000244140625,256.19000244140625,338.52398681640625,571.75,79.87760162353516,314.75,256.05999755859375,338.3399963378906,571.4099731445312,79.87000274658203,314.75,256.1099853515625,338.375,571.5599975585938,79.875,20709,62061,10058,12777,14366
2026-08-27 13:44:00-04:00,314.6899108886719,256.29998779296875,338.239990234375,571.5449829101562,79.91999816894531,314.9800109863281,256.42999267578125,338.5199890136719,571.760009765625,79.91999816894531,314.6499938964844,256.1300048828125,338.19000244140625,571.3400268554688,79.87000274658203,314.9200134277344,256.1499938964844,338.5,571.594970703125,79.87830352783203,26168,187964,9267,22518,38627
2026-08-27 13:45:00-04:00,314.6499938964844,256.2099914550781,338.239990234375,571.5650024414062,79.92500305175781,314.69000244140625,256.32000732421875,338.3299865722656,571.8150024414062,79.95500183105469,314.6199951171875,256.2099914550781,338.2250061035156,571.5,79.91500091552734,314.69000244140625,256.3085021972656,338.2250061035156,571.5900268554688,79.91500091552734,19974,37680,6849,17546,28562
2026-08-27 13:46:00-04:00,314.7550048828125,256.1199951171875,338.0799865722656,571.5750122070312,79.927001953125,314.7900085449219,256.2887878417969,338.30999755859375,571.8099975585938,79.93949890136719,314.6300048828125,256.1099853515625,338.0199890136719,571.489990234375,79.91500091552734,314.6400146484375,256.2300109863281,338.260009765625,571.5499877929688,79.92500305175781,20416,346604,10531,27464,17719
2026-08-27 13:47:00-04:00,314.75,256.0450134277344,337.9849853515625,571.219970703125,79.875,314.80999755859375,256.19000244140625,338.1199951171875,571.72998046875,79.93000030517578,314.7099914550781,256.0199890136719,337.9601135253906,571.0399780273438,79.875,314.760009765625,256.1600036621094,338.05499267578125,571.510009765625,79.91999816894531,21908,41372,9542,24838,25380
2026-08-27 13:48:00-04:00,314.8299865722656,255.97999572753906,337.8800048828125,571.02001953125,79.875,314.8999938964844,256.05999755859375,337.9599914550781,571.1802978515625,79.87999725341797,314.7309875488281,255.97000122070312,337.8299865722656,570.8822021484375,79.87010192871094,314.760009765625,256.0400085449219,337.95001220703125,571.1300048828125,79.87010192871094,28004,56254,8788,7088,9195
2026-08-27 13:49:00-04:00,314.82501220703125,255.88999938964844,337.8399963378906,570.8900146484375,79.875,314.8800048828125,255.97500610351562,337.8800048828125,571.0250244140625,79.875,314.80999755859375,255.86000061035156,337.7699890136719,570.75,79.86229705810547,314.8299865722656,255.97500610351562,337.8800048828125,571.02001953125,79.875,24054,41899,10132,12628,18207
2026-08-27 13:50:00-04:00,314.7149963378906,255.8350067138672,337.760009765625,571.0900268554688,79.89510345458984,314.8599853515625,255.9040985107422,337.9200134277344,571.0900268554688,79.91999816894531,314.70001220703125,255.8350067138672,337.75,570.8201293945312,79.8499984741211,314.8399963378906,255.86000061035156,337.8599853515625,570.919677734375,79.875,21229,51999,12846,13021,37279
2026-08-27 13:51:00-04:00,314.6650085449219,255.66000366210938,337.5400085449219,570.5999755859375,79.88500213623047,314.7300109863281,255.81500244140625,337.75,571.1500244140625,79.89510345458984,314.6400146484375,255.6199951171875,337.5,570.5999755859375,79.88500213623047,314.7149963378906,255.81500244140625,337.75,571.1500244140625,79.88999938964844,20256,65061,11269,19052,15377
2026-08-27 13:52:00-04:00,314.760009765625,255.60000610351562,337.4906005859375,570.10498046875,79.90499877929688,314.760009765625,255.66000366210938,337.5299987792969,570.6588745117188,79.90499877929688,314.6820068359375,255.49000549316406,337.42999267578125,570.0499877929688,79.875,314.760009765625,255.60000610351562,337.5165100097656,570.6254272460938,79.87999725341797,16594557,95391,6591,25916,13164
2026-08-27 13:53:00-04:00,314.625,255.60000610351562,337.5299987792969,569.8499755859375,79.83999633789062,314.79998779296875,255.718994140625,337.5899963378906,570.0999755859375,79.90249633789062,314.625,255.57000732421875,337.489990234375,569.7700805664062,79.8301010131836,314.79998779296875,255.61000061035156,337.5299987792969,570.0999755859375,79.9020004272461,20766,246402,9911,31666,22909
2026-08-27 13:54:00-04:00,314.7650146484375,255.80999755859375,337.82000732421875,570.110107421875,79.84500122070312,314.7699890136719,255.85569763183594,337.8699951171875,570.4299926757812,79.86000061035156,314.6199951171875,255.55999755859375,337.4599914550781,569.7705078125,79.83000183105469,314.6499938964844,255.80999755859375,337.52508544921875,569.8800048828125,79.83000183105469,38208,113501,30466,30661,20451
2026-08-27 13:55:00-04:00,314.92498779296875,255.6204071044922,337.7099914550781,569.6799926757812,79.82499694824219,314.9800109863281,255.95989990234375,337.8500061035156,570.1765747070312,79.85009765625,314.75,255.61000061035156,337.68499755859375,569.5126953125,79.82499694824219,314.7546081542969,255.85000610351562,337.82000732421875,570.1099853515625,79.83999633789062,66910,95615,13102,17347,12480
2026-08-27 13:56:00-04:00,314.92999267578125,255.76620483398438,337.8893127441406,569.9400024414062,79.82499694824219,315.0299987792969,255.77099609375,337.8900146484375,569.9400024414062,79.83000183105469,314.79998779296875,255.57000732421875,337.55999755859375,569.63037109375,79.81500244140625,314.92498779296875,255.64999389648438,337.7099914550781,569.7349853515625,79.82499694824219,66691,33678,22055,11194,19108
2026-08-27 13:57:00-04:00,314.82501220703125,255.64500427246094,337.9200134277344,569.97998046875,79.83000183105469,314.9549865722656,255.7696990966797,337.972412109375,570.119873046875,79.84500122070312,314.7200012207031,255.61000061035156,337.8299865722656,569.719970703125,79.82029724121094,314.9256896972656,255.76499938964844,337.8550109863281,570.0150146484375,79.82499694824219,43730,76746,16274,37893,21645
2026-08-27 13:58:00-04:00,314.8399963378906,255.61000061035156,337.8500061035156,570.0499877929688,79.82080078125,314.8599853515625,255.6649932861328,337.9999084472656,570.2000122070312,79.83499908447266,314.78009033203125,255.47000122070312,337.775390625,569.97998046875,79.81999969482422,314.8299865722656,255.64999389648438,337.92498779296875,569.9949951171875,79.83000183105469,12584,61207,24250,11577,13290
2026-08-27 13:59:00-04:00,314.82501220703125,255.8800048828125,337.9100036621094,570.1500244140625,79.83499908447266,314.8800048828125,255.8800048828125,337.9100036621094,570.2000122070312,79.83999633789062,314.739990234375,255.61000061035156,337.82000732421875,570.0,79.80999755859375,314.8450012207031,255.6300048828125,337.9100036621094,570.02001953125,79.82499694824219,19036,39915,10466,7543,21610
2026-08-27 14:00:00-04:00,314.7099914550781,255.9600067138672,338.3699951171875,570.3099975585938,79.88500213623047,314.9100036621094,256.1050109863281,338.4999084472656,570.469970703125,79.885498046875,314.6199951171875,255.85499572753906,337.9800109863281,570.1649780273438,79.83999633789062,314.8500061035156,255.85499572753906,337.9800109863281,570.2000122070312,79.83999633789062,23243,57659,47036,12078,20874
2026-08-27 14:01:00-04:00,314.5199890136719,255.4199981689453,338.1400146484375,569.8499755859375,79.875,314.7300109863281,255.9499969482422,338.3800048828125,570.3900146484375,79.88999938964844,314.489990234375,255.3800048828125,338.0799865722656,569.6799926757812,79.86810302734375,314.7099914550781,255.9199981689453,338.3800048828125,570.2899780273438,79.87000274658203,35317,75033,13458,19793,23407
2026-08-27 14:02:00-04:00,314.44500732421875,255.47500610351562,338.32501220703125,570.1799926757812,79.82009887695312,314.6000061035156,255.47999572753906,338.32501220703125,570.1799926757812,79.86499786376953,314.4200134277344,255.25999450683594,338.17999267578125,569.7000122070312,79.82009887695312,314.5199890136719,255.42999267578125,338.21490478515625,569.7999877929688,79.86499786376953,36452,73035,19605,13438,20231
2026-08-27 14:03:00-04:00,314.45001220703125,255.5780029296875,338.2699890136719,570.0150146484375,79.87000274658203,314.4700012207031,255.61300659179688,338.3561096191406,570.239990234375,79.87999725341797,314.3900146484375,255.39999389648438,338.1300048828125,569.9301147460938,79.82389831542969,314.44000244140625,255.50999450683594,338.3399963378906,570.219970703125,79.82389831542969,21206,55393,19451,6174,29663
2026-08-27 14:04:00-04:00,314.2300109863281,255.66000366210938,338.1400146484375,570.0599975585938,79.875,314.42999267578125,255.73379516601562,338.3500061035156,570.2000122070312,79.87999725341797,314.2101135253906,255.5780029296875,338.1199951171875,569.9600219726562,79.84500122070312,314.42999267578125,255.5800018310547,338.2699890136719,569.97998046875,79.8499984741211,30139,40443,46795,18540,18146
2026-08-27 14:05:00-04:00,314.260009765625,255.75559997558594,338.1400146484375,570.0499877929688,79.875,314.3900146484375,255.77999877929688,338.239990234375,570.27001953125,79.88580322265625,314.19000244140625,255.63999938964844,338.0799865722656,569.9299926757812,79.87000274658203,314.2250061035156,255.63999938964844,338.0799865722656,570.0,79.875,24714,39136,13904,14551,15883
2026-08-27 14:06:00-04:00,314.25830078125,255.81500244140625,337.989990234375,569.6500244140625,79.8550033569336,314.2900085449219,255.83999633789062,338.2300109863281,570.22998046875,79.88500213623047,314.20001220703125,255.7100067138672,337.9599914550781,569.5399780273438,79.8550033569336,314.260009765625,255.74000549316406,338.1401062011719,570.075927734375,79.875,25388,32275,13146,8400,19410
2026-08-27 14:07:00-04:00,314.20001220703125,255.75,337.8999938964844,569.5449829101562,79.84500122070312,314.2650146484375,255.81500244140625,338.0249938964844,569.7490234375,79.8550033569336,314.1099853515625,255.66000366210938,337.82000732421875,569.4500122070312,79.83000183105469,314.260009765625,255.81500244140625,338.0,569.6500244140625,79.8499984741211,25620,84428,6849,17453,20246
2026-08-27 14:08:00-04:00,314.30999755859375,255.75,337.96990966796875,569.77001953125,79.83499908447266,314.3973083496094,255.82000732421875,337.989990234375,569.8499755859375,79.84500122070312,314.2099914550781,255.6999969482422,337.8699951171875,569.5499877929688,79.82499694824219,314.2099914550781,255.72500610351562,337.9200134277344,569.6400146484375,79.83999633789062,24389,41416,7281,10873,12906
2026-08-27 14:09:00-04:00,314.3699951171875,255.80999755859375,337.8500061035156,569.625,79.80020141601562,314.3800048828125,255.83909606933594,337.889892578125,569.77001953125,79.83000183105469,314.17999267578125,255.66000366210938,337.7799987792969,569.2899780273438,79.80000305175781,314.29998779296875,255.75,337.8800048828125,569.77001953125,79.83000183105469,18902,48719,8073,22834,17823
2026-08-27 14:10:00-04:00,314.3299865722656,255.64599609375,337.80499267578125,569.4450073242188,79.81500244140625,314.4100036621094,255.8300018310547,337.95001220703125,569.7000122070312,79.82499694824219,314.24261474609375,255.60000610351562,337.7799987792969,569.239990234375,79.80010223388672,314.3699951171875,255.80999755859375,337.86138916015625,569.625,79.80989837646484,25555,61471,7345,16486,21024
2026-08-27 14:11:00-04:00,314.31500244140625,255.69000244140625,337.74969482421875,569.5,79.81500244140625,314.36968994140625,255.76910400390625,337.8800048828125,569.5399169921875,79.82990264892578,314.25,255.6300048828125,337.70001220703125,569.2249755859375,79.81009674072266,314.3299865722656,255.63999938964844,337.7900085449219,569.3599853515625,79.81999969482422,19163,56739,29012,11827,15504
2026-08-27 14:12:00-04:00,314.2799987792969,255.7373046875,337.69500732421875,569.5106201171875,79.7750015258789,314.3299865722656,255.74000549316406,337.739990234375,569.5399780273438,79.83000183105469,314.2099914550781,255.64999389648438,337.6000061035156,569.2000122070312,79.77010345458984,314.30999755859375,255.69000244140625,337.71759033203125,569.5,79.81500244140625,30621,26399,8158,16309,27704
2026-08-27 14:13:00-04:00,314.2900085449219,255.35000610351562,337.57000732421875,568.9600219726562,79.69000244140625,314.3500061035156,255.7449951171875,337.7298889160156,569.489990234375,79.7750015258789,314.2149963378906,255.35000610351562,337.5249938964844,568.9000244140625,79.69000244140625,314.29998779296875,255.72000122070312,337.7298889160156,569.4237060546875,79.7699966430664,27431,102641,10177,30114,38753
2026-08-27 14:14:00-04:00,314.3299865722656,255.14939880371094,337.5570983886719,569.0700073242188,79.65499877929688,314.3399963378906,255.36500549316406,337.5799865722656,569.0800170898438,79.69499969482422,314.20001220703125,255.1199951171875,337.4200134277344,568.760009765625,79.63999938964844,314.2699890136719,255.36500549316406,337.54998779296875,568.9600219726562,79.69499969482422,20517,70983,8009,16426,37439
2026-08-27 14:15:00-04:00,314.2099914550781,255.26499938964844,337.510009765625,569.2000122070312,79.72509765625,314.3349914550781,255.3300018310547,337.6099853515625,569.2960205078125,79.72509765625,314.17999267578125,255.1300048828125,337.4700012207031,568.9299926757812,79.65799713134766,314.3349914550781,255.1300048828125,337.54998779296875,568.97998046875,79.65799713134766,29702,41147,11880,14112,34492
2026-08-27 14:16:00-04:00,314.18499755859375,255.27999877929688,337.510009765625,569.4500122070312,79.79499816894531,314.2250061035156,255.3000030517578,337.6000061035156,569.4500122070312,79.79499816894531,314.1000061035156,255.17999267578125,337.4624938964844,569.0100708007812,79.7249984741211,314.2200012207031,255.25,337.5249938964844,569.1500244140625,79.72830200195312,28957,36157,10326,15310,29147
2026-08-27 14:17:00-04:00,314.114990234375,255.28500366210938,337.6099853515625,569.4500122070312,79.7750015258789,314.20001220703125,255.3300018310547,337.6099853515625,569.5399780273438,79.79750061035156,314.1000061035156,255.24000549316406,337.3800048828125,569.2401123046875,79.7699966430664,314.17999267578125,255.27000427246094,337.5,569.4099731445312,79.79750061035156,34296,35022,12892,8319,24271
2026-08-27 14:18:00-04:00,314.3200988769531,255.32000732421875,337.68499755859375,569.6300048828125,79.80999755859375,314.3599853515625,255.3948974609375,337.7298889160156,569.8150024414062,79.80999755859375,314.114990234375,255.25999450683594,337.57000732421875,569.4500122070312,79.7699966430664,314.114990234375,255.27999877929688,337.635009765625,569.47998046875,79.80999755859375,27661,46016,27644,16649,25578
2026-08-27 14:19:00-04:00,314.32000732421875,255.27000427246094,337.7522888183594,569.64501953125,79.84500122070312,314.3999938964844,255.32000732421875,337.7882995605469,569.7899780273438,79.87000274658203,314.2582092285156,255.19000244140625,337.6000061035156,569.5,79.80229949951172,314.3399963378906,255.2899932861328,337.70001220703125,569.7899780273438,79.80989837646484,31429,43426,7893,8552,55478
2026-08-27 14:20:00-04:00,314.30999755859375,255.4499053955078,337.94000244140625,569.635009765625,79.90499877929688,314.364990234375,255.4499053955078,337.9700012207031,569.8200073242188,79.91000366210938,314.2650146484375,255.4499053955078,337.7300109863281,569.6099853515625,79.81999969482422,314.32000732421875,255.4499053955078,337.7300109863281,569.6550903320312,79.8550033569336,19397,65609,10459,13916,49080
2026-08-27 14:21:00-04:00,314.2200012207031,255.375,337.8900146484375,569.6599731445312,79.91999816894531,314.30999755859375,255.4499969482422,338.0,569.780029296875,79.93000030517578,314.19000244140625,255.34500122070312,337.8900146484375,569.5900268554688,79.87999725341797,314.2200012207031,255.4499969482422,337.9599914550781,569.635009765625,79.91000366210938,19543,23798,14616,13169,28857
2026-08-27 14:22:00-04:00,314.21990966796875,255.36000061035156,337.7903137207031,569.469970703125,79.88999938964844,314.2699890136719,255.39999389648438,337.9599914550781,569.6900024414062,79.91999816894531,314.20001220703125,255.32000732421875,337.7207946777344,569.3001098632812,79.87000274658203,314.25,255.36500549316406,337.92498779296875,569.469970703125,79.91999816894531,22277,26122,15032,20707,37698
2026-08-27 14:23:00-04:00,314.1300048828125,255.2899932861328,337.75,569.2349853515625,79.91000366210938,314.2200012207031,255.3699951171875,337.8299865722656,569.6799926757812,79.91000366210938,314.07000732421875,255.27139282226562,337.7449951171875,569.2349853515625,79.87999725341797,314.19000244140625,255.3699951171875,337.80499267578125,569.5499877929688,79.9000015258789,28520,30821,9461,10976,22867
2026-08-27 14:24:00-04:00,314.2054138183594,255.34500122070312,337.7550048828125,569.4000244140625,79.91780090332031,314.239990234375,255.36000061035156,337.8599853515625,569.47998046875,79.93990325927734,314.10009765625,255.22999572753906,337.75,569.22998046875,79.9000015258789,314.1199951171875,255.2899932861328,337.7699890136719,569.239990234375,79.91999816894531,19775,33419,7650,7206,27570
2026-08-27 14:25:00-04:00,314.2099914550781,255.1699981689453,337.54998779296875,569.0,79.87999725341797,314.2898864746094,255.3699951171875,337.7900085449219,569.4400024414062,79.91999816894531,314.0899963378906,255.1699981689453,337.5,568.9392700195312,79.86000061035156,314.2099914550781,255.35000610351562,337.7799987792969,569.360107421875,79.91500091552734,34336,61353,9274,12496,34341
2026-08-27 14:26:00-04:00,314.1199951171875,255.1300048828125,337.6000061035156,568.5399780273438,79.79000091552734,314.2699890136719,255.2100067138672,337.6300048828125,569.0250244140625,79.86499786376953,314.1199951171875,255.11000061035156,337.489990234375,568.3300170898438,79.75499725341797,314.2049865722656,255.1750030517578,337.55999755859375,568.9600830078125,79.86499786376953,27438,43911,8937,22424,30198
2026-08-27 14:27:00-04:00,314.19000244140625,255.08990478515625,337.5350036621094,568.3900146484375,79.82499694824219,314.2398986816406,255.08990478515625,337.6300048828125,568.5599975585938,79.82499694824219,314.05999755859375,255.08990478515625,337.3599853515625,568.0499877929688,79.78500366210938,314.125,255.08990478515625,337.5350036621094,568.4251708984375,79.79499816894531,34680,94164,11902,20055,23881
2026-08-27 14:28:00-04:00,314.1549987792969,255.102294921875,337.5450134277344,568.5399780273438,79.81500244140625,314.2200012207031,255.2100067138672,337.68499755859375,568.72998046875,79.84500122070312,314.1000061035156,255.02000427246094,337.5199890136719,568.3690185546875,79.80999755859375,314.20001220703125,255.08999633789062,337.55999755859375,568.3690185546875,79.82499694824219,24251,59762,8710,12639,16437
2026-08-27 14:29:00-04:00,314.17999267578125,255.08999633789062,337.47900390625,569.1599731445312,79.81009674072266,314.18499755859375,255.16000366210938,337.6099853515625,569.1599731445312,79.81500244140625,313.9934997558594,255.02000427246094,337.3299865722656,568.3699951171875,79.80000305175781,314.1600036621094,255.10499572753906,337.6099853515625,568.5899047851562,79.80500030517578,31707,42383,6416,14540,30218
2026-08-27 14:30:00-04:00,314.10400390625,255.2100067138672,337.7250061035156,569.405029296875,79.77999877929688,314.2200012207031,255.24000549316406,337.7250061035156,569.4998779296875,79.81999969482422,314.1000061035156,255.09500122070312,337.4601135253906,569.039794921875,79.7750015258789,314.20001220703125,255.09500122070312,337.4700012207031,569.1599731445312,79.81500244140625,24542,30677,7743,15071,39089
2026-08-27 14:31:00-04:00,314.1994934082031,255.22999572753906,337.7300109863281,569.4600219726562,79.84929656982422,314.2300109863281,255.27999877929688,337.8299865722656,569.7000122070312,79.8550033569336,314.1199951171875,255.17999267578125,337.7001037597656,569.4578247070312,79.79000091552734,314.1400146484375,255.1999969482422,337.7139892578125,569.47998046875,79.79499816894531,29528,35283,6496,10420,30559
2026-08-27 14:32:00-04:00,314.1199951171875,255.22500610351562,337.6499938964844,569.5800170898438,79.83499908447266,314.2200012207031,255.3300018310547,337.8900146484375,569.9699096679688,79.86949920654297,314.0299987792969,255.20010375976562,337.6499938964844,569.4000244140625,79.83499908447266,314.19000244140625,255.22000122070312,337.75,569.5,79.8499984741211,20218,42547,8915,26490,19530
2026-08-27 14:33:00-04:00,313.9800109863281,255.16000366210938,337.4849853515625,569.1199951171875,79.84500122070312,314.1400146484375,255.23989868164062,337.66778564453125,569.6500244140625,79.8499984741211,313.9700012207031,255.16000366210938,337.4200134277344,569.1199951171875,79.81999969482422,314.1199035644531,255.22579956054688,337.6199951171875,569.5800170898438,79.83499908447266,26453,33888,17778,9683,25297
2026-08-27 14:34:00-04:00,313.9200134277344,255.19500732421875,337.5400085449219,569.27001953125,79.875,314.0,255.2100067138672,337.635009765625,569.3300170898438,79.87999725341797,313.8800048828125,255.14999389648438,337.4342956542969,568.9199829101562,79.84500122070312,314.0,255.16940307617188,337.510009765625,569.1749877929688,79.84500122070312,27954,31499,9245,10386,25259
2026-08-27 14:35:00-04:00,314.0249938964844,255.20950317382812,337.5400085449219,569.3350219726562,79.86499786376953,314.05499267578125,255.28990173339844,337.69500732421875,569.5999755859375,79.87999725341797,313.8599853515625,255.1699981689453,337.5248107910156,569.280029296875,79.86000061035156,313.9200134277344,255.19500732421875,337.52911376953125,569.280029296875,79.875,27026,38853,14781,9228,25447
2026-08-27 14:36:00-04:00,314.0400085449219,255.24000549316406,337.5899963378906,569.135009765625,79.82360076904297,314.07000732421875,255.24000549316406,337.6300048828125,569.3800048828125,79.86499786376953,313.92999267578125,255.1699981689453,337.5199890136719,569.1099853515625,79.81009674072266,314.010009765625,255.1999969482422,337.5849914550781,569.3350219726562,79.82360076904297,22636,21367,6870,10076,26089
2026-08-27 14:37:00-04:00,314.19891357421875,255.36000061035156,337.67999267578125,569.0001220703125,79.82499694824219,314.19891357421875,255.3800048828125,337.7200012207031,569.2050170898438,79.83509826660156,314.010009765625,255.22000122070312,337.55999755859375,569.0,79.80999755859375,314.04998779296875,255.22000122070312,337.57501220703125,569.0001220703125,79.81999969482422,28817,39707,8677,14303,21414
2026-08-27 14:38:00-04:00,314.4100036621094,255.39999389648438,337.70001220703125,569.1199951171875,79.8499984741211,314.4100036621094,255.4158935546875,337.7300109863281,569.219970703125,79.8499984741211,314.20001220703125,255.26699829101562,337.6099853515625,568.9199829101562,79.81999969482422,314.20001220703125,255.3800048828125,337.7099914550781,569.1300048828125,79.82499694824219,36452,32605,7966,15578,42732
2026-08-27 14:39:00-04:00,314.3900146484375,255.42999267578125,337.6099853515625,569.4400024414062,79.83000183105469,314.44000244140625,255.4550018310547,337.7200012207031,569.47998046875,79.8949966430664,314.32000732421875,255.35000610351562,337.489990234375,569.0700073242188,79.81999969482422,314.4100036621094,255.38009643554688,337.68499755859375,569.2000122070312,79.86000061035156,25173,35830,30223,14096,58456
2026-08-27 14:40:00-04:00,314.4599914550781,255.59010314941406,337.614990234375,569.7550048828125,79.86499786376953,314.4649963378906,255.61529541015625,337.64990234375,569.8300170898438,79.87000274658203,314.3699951171875,255.38499450683594,337.5299987792969,569.4199829101562,79.83000183105469,314.389892578125,255.42999267578125,337.58099365234375,569.489990234375,79.83000183105469,21895,48255,10879,14303,33820
2026-08-27 14:41:00-04:00,314.3299865722656,255.42999267578125,337.54998779296875,569.5349731445312,79.79499816894531,314.4800109863281,255.60000610351562,337.6499938964844,569.8499755859375,79.8949966430664,314.32000732421875,255.41000366210938,337.5199890136719,569.477294921875,79.79000091552734,314.3299865722656,255.60000610351562,337.6499938964844,569.7550048828125,79.86000061035156,23874,34310,8091,15636,58232
2026-08-27 14:42:00-04:00,314.30999755859375,255.47000122070312,337.44000244140625,569.5900268554688,79.87000274658203,314.4200134277344,255.4940948486328,337.56988525390625,569.6300048828125,79.9000015258789,314.2699890136719,255.41000366210938,337.3999938964844,569.4000244140625,79.79010009765625,314.3500061035156,255.42999267578125,337.5400085449219,569.50048828125,79.79010009765625,23660,40868,17511,14292,220723
2026-08-27 14:43:00-04:00,314.239990234375,255.42999267578125,337.5050048828125,569.8099975585938,79.86000061035156,314.32000732421875,255.52000427246094,337.5400085449219,569.9199829101562,79.87000274658203,314.1600036621094,255.39999389648438,337.3999938964844,569.530029296875,79.8499984741211,314.30499267578125,255.49000549316406,337.45001220703125,569.530029296875,79.86499786376953,14828,36568,7292,13498,18306
2026-08-27 14:44:00-04:00,314.2449951171875,255.375,337.45001220703125,569.6900024414062,79.9000015258789,314.2900085449219,255.4600067138672,337.6000061035156,569.969970703125,79.9000015258789,314.2099914550781,255.32000732421875,337.45001220703125,569.630126953125,79.86250305175781,314.239990234375,255.4250030517578,337.5400085449219,569.9600219726562,79.86499786376953,18279,37255,8401,9610,31679
2026-08-27 14:45:00-04:00,314.42010498046875,255.4199981689453,337.4200134277344,569.3018188476562,79.93499755859375,314.54998779296875,255.4499969482422,337.4800109863281,569.7100219726562,79.94979858398438,314.2349853515625,255.35940551757812,337.4100036621094,569.2999877929688,79.9000015258789,314.260009765625,255.38999938964844,337.42999267578125,569.6749877929688,79.90499877929688,34105,29219,7959,12599,24985
2026-08-27 14:46:00-04:00,314.5000915527344,255.49000549316406,337.6199951171875,569.3800048828125,79.93009948730469,314.5870056152344,255.5399932861328,337.7200012207031,569.489990234375,79.95999908447266,314.4100036621094,255.39999389648438,337.42999267578125,569.2999877929688,79.91419982910156,314.42999267578125,255.39999389648438,337.42999267578125,569.3300170898438,79.93499755859375,30945,21033,12650,4816,38496
2026-08-27 14:47:00-04:00,314.4649963378906,255.44500732421875,337.6700134277344,569.3800048828125,79.875,314.55999755859375,255.5,337.7298889160156,569.47998046875,79.93499755859375,314.42999267578125,255.4199981689453,337.6199951171875,569.25,79.86000061035156,314.5299987792969,255.47059631347656,337.6400146484375,569.3800048828125,79.93499755859375,39188,24293,9363,10439,27805
2026-08-27 14:48:00-04:00,314.42999267578125,255.41009521484375,337.7699890136719,569.3200073242188,79.88500213623047,314.5299987792969,255.47999572753906,337.840087890625,569.5,79.90499877929688,314.42498779296875,255.41009521484375,337.69500732421875,569.3049926757812,79.87000274658203,314.489990234375,255.4600067138672,337.70001220703125,569.3400268554688,79.87000274658203,15950,19103,17924,16261,39970
2026-08-27 14:49:00-04:00,314.2699890136719,255.1999969482422,337.5799865722656,569.1500244140625,79.86499786376953,314.4649963378906,255.42999267578125,337.7699890136719,569.3900146484375,79.88500213623047,314.2601013183594,255.1999969482422,337.57000732421875,569.0,79.86499786376953,314.42498779296875,255.4199981689453,337.7650146484375,569.3200073242188,79.88500213623047,31785,57442,12693,28222,28905
2026-08-27 14:50:00-04:00,314.1199951171875,255.22999572753906,337.6000061035156,569.3231201171875,79.86499786376953,314.2850036621094,255.2449951171875,337.6400146484375,569.3732299804688,79.87000274658203,314.0979919433594,255.11000061035156,337.5450134277344,569.0449829101562,79.79000091552734,314.2699890136719,255.2050018310547,337.5950012207031,569.2100219726562,79.86000061035156,39650,52137,6577,16271,163295
2026-08-27 14:51:00-04:00,314.0400085449219,255.2917938232422,337.54998779296875,569.2150268554688,79.9000015258789,314.1400146484375,255.33999633789062,337.6600036621094,569.3200073242188,79.95500183105469,314.0199890136719,255.25259399414062,337.54998779296875,569.0999755859375,79.86000061035156,314.1000061035156,255.2550048828125,337.5799865722656,569.1799926757812,79.86499786376953,27160,43415,4420,8920,53428
2026-08-27 14:52:00-04:00,313.8450012207031,255.27999877929688,337.5249938964844,569.1500244140625,79.86499786376953,314.0400085449219,255.31500244140625,337.5794982910156,569.25,79.9093017578125,313.760009765625,255.24000549316406,337.4501037597656,568.9849853515625,79.86499786376953,314.0400085449219,255.30999755859375,337.55499267578125,569.2100219726562,79.9093017578125,52694,24548,7746,9786,34397
2026-08-27 14:53:00-04:00,313.7528076171875,255.25,337.625,568.9000244140625,79.87999725341797,313.8598937988281,255.3715057373047,337.7300109863281,569.2899780273438,79.91000366210938,313.739990234375,255.25,337.5400085449219,568.9000244140625,79.82499694824219,313.8598937988281,255.27999877929688,337.5400085449219,569.1536254882812,79.86000061035156,29735,33719,9970,13771,81698
2026-08-27 14:54:00-04:00,313.67999267578125,255.28500366210938,337.6400146484375,568.9000244140625,79.87000274658203,313.739990234375,255.3000030517578,337.7099914550781,568.9873046875,79.87999725341797,313.610107421875,255.2200927734375,337.5816955566406,568.8099975585938,79.86499786376953,313.739990234375,255.25,337.6199951171875,568.8800048828125,79.87000274658203,49224,24315,11152,13089,11484
2026-08-27 14:55:00-04:00,313.80950927734375,255.3800048828125,337.78790283203125,569.0,79.84500122070312,313.80950927734375,255.42979431152344,337.7900085449219,569.2698974609375,79.86000061035156,313.57000732421875,255.22000122070312,337.5899963378906,568.8699951171875,79.83000183105469,313.6600036621094,255.3800048828125,337.6099853515625,568.9500122070312,79.86000061035156,30539,44032,10402,19216,25499
2026-08-27 14:56:00-04:00,313.70001220703125,255.3000030517578,337.60931396484375,569.10498046875,79.8550033569336,313.80999755859375,255.3699951171875,337.7898864746094,569.1599731445312,79.8550033569336,313.64471435546875,255.27999877929688,337.5581970214844,568.9199829101562,79.83000183105469,313.80499267578125,255.3699951171875,337.7898864746094,568.989990234375,79.83999633789062,27992,27829,10310,11561,32698
2026-08-27 14:57:00-04:00,313.8999938964844,255.5399932861328,337.7701110839844,569.469970703125,79.8550033569336,313.9200134277344,255.5500030517578,337.79998779296875,569.469970703125,79.875,313.69000244140625,255.3000030517578,337.5899963378906,569.1099853515625,79.8499984741211,313.69000244140625,255.3000030517578,337.5899963378906,569.1599731445312,79.8550033569336,28297,35763,10052,12725,22718
2026-08-27 14:58:00-04:00,313.8399963378906,255.6199951171875,337.8399963378906,569.5800170898438,79.86499786376953,313.92999267578125,255.6300048828125,337.8800048828125,569.6519165039062,79.87000274658203,313.7799987792969,255.52000427246094,337.6400146484375,569.260009765625,79.85140228271484,313.8949890136719,255.5449981689453,337.7900085449219,569.469970703125,79.8550033569336,19705,44192,47082,11151,14387
2026-08-27 14:59:00-04:00,313.8794860839844,255.5399932861328,337.6000061035156,569.4849853515625,79.84500122070312,313.8999938964844,255.625,337.8399963378906,569.8399047851562,79.86499786376953,313.79998779296875,255.5,337.5899963378906,569.4500122070312,79.84500122070312,313.8794860839844,255.6027069091797,337.8399963378906,569.719970703125,79.86000061035156,30247,28593,9938,6231,18054
2026-08-27 15:00:00-04:00,314.0299072265625,255.55999755859375,337.6700134277344,569.4450073242188,79.87000274658203,314.06988525390625,255.65499877929688,337.75,569.719970703125,79.91000366210938,313.79998779296875,255.51449584960938,337.55999755859375,569.4099731445312,79.80000305175781,313.8500061035156,255.5500030517578,337.5899963378906,569.4400024414062,79.83999633789062,39382,34029,8066,15159,63763
2026-08-27 15:01:00-04:00,313.8999938964844,255.66000366210938,337.57000732421875,569.2100219726562,79.8550033569336,314.0799865722656,255.6699981689453,337.67999267578125,569.4299926757812,79.87000274658203,313.8999938964844,255.54010009765625,337.5400085449219,569.1099853515625,79.8499984741211,313.8999938964844,255.58999633789062,337.67999267578125,569.4299926757812,79.87000274658203,29485,58275,8967,7963,18056
2026-08-27 15:02:00-04:00,313.6700134277344,255.58999633789062,337.5450134277344,569.375,79.79000091552734,313.8999938964844,255.6894989013672,337.6000061035156,569.4400024414062,79.83999633789062,313.6499938964844,255.53680419921875,337.4800109863281,569.2550048828125,79.79000091552734,313.8900146484375,255.65499877929688,337.6000061035156,569.2999877929688,79.83999633789062,29713,31871,8935,8766,31254
2026-08-27 15:03:00-04:00,313.8800048828125,255.56370544433594,337.5799865722656,569.4301147460938,79.74749755859375,313.92498779296875,255.6199951171875,337.6099853515625,569.489990234375,79.80999755859375,313.6499938964844,255.50999450683594,337.53680419921875,569.2100219726562,79.72000122070312,313.69500732421875,255.57659912109375,337.5450134277344,569.4199829101562,79.79499816894531,64773,26907,12346,8759,52196
2026-08-27 15:04:00-04:00,313.9601135253906,255.69000244140625,337.6099853515625,569.4674072265625,79.69000244140625,314.06500244140625,255.69000244140625,337.8799133300781,569.5499877929688,79.75499725341797,313.8500061035156,255.52499389648438,337.57000732421875,569.2999877929688,79.69000244140625,313.8800048828125,255.56500244140625,337.5820007324219,569.3701171875,79.75499725341797,23759,26830,11510,8141,43001
2026-08-27 15:05:00-04:00,313.9700012207031,255.6699981689453,337.54998779296875,569.260009765625,79.75499725341797,314.0400085449219,255.83999633789062,337.8799133300781,569.7899780273438,79.7699966430664,313.885009765625,255.64999389648438,337.54998779296875,569.2100219726562,79.69000244140625,313.9800109863281,255.6999969482422,337.60400390625,569.5800170898438,79.69999694824219,40293,60645,43300,7722,43003
2026-08-27 15:06:00-04:00,313.8450012207031,255.60000610351562,337.42999267578125,569.489990234375,79.73500061035156,314.0,255.7274932861328,337.5340881347656,569.489990234375,79.75499725341797,313.80999755859375,255.5399932861328,337.3699951171875,569.1300048828125,79.71009826660156,313.8450012207031,255.67999267578125,337.5199890136719,569.2100219726562,79.7509994506836,25407,36035,13075,10217,62395
2026-08-27 15:07:00-04:00,313.8900146484375,255.64219665527344,337.6300048828125,569.7432250976562,79.75029754638672,313.9649963378906,255.72000122070312,337.6400146484375,569.8298950195312,79.76000213623047,313.8500061035156,255.60000610351562,337.4100036621094,569.39501953125,79.73500061035156,313.8500061035156,255.60000610351562,337.4100036621094,569.39501953125,79.75029754638672,26682,24376485,423264,9837,32012
2026-08-27 15:08:00-04:00,314.0751037597656,255.69500732421875,337.6700134277344,570.0538940429688,79.75499725341797,314.0899963378906,255.72000122070312,337.70989990234375,570.0538940429688,79.76000213623047,313.8800048828125,255.6199951171875,337.55999755859375,569.719970703125,79.73999786376953,313.8800048828125,255.66000366210938,337.635009765625,569.7960205078125,79.75499725341797,19599,20818,17898,16378,22669
2026-08-27 15:09:00-04:00,314.1000061035156,255.69000244140625,337.67999267578125,569.9099731445312,79.80000305175781,314.20001220703125,255.75,337.75,570.2698974609375,79.80999755859375,314.07080078125,255.66000366210938,337.6499938964844,569.9099731445312,79.75779724121094,314.0899963378906,255.7100067138672,337.6499938964844,570.02001953125,79.75779724121094,30915,39471,21241,16379,43404
2026-08-27 15:10:00-04:00,314.05999755859375,255.6649932861328,337.57000732421875,570.0,79.76750183105469,314.19000244140625,255.72259521484375,337.70831298828125,570.1699829101562,79.80500030517578,314.05999755859375,255.64999389648438,337.57000732421875,569.9000244140625,79.76499938964844,314.1000061035156,255.6649932861328,337.70831298828125,569.9674072265625,79.79000091552734,32372,38132,25957,12313,31504
2026-08-27 15:11:00-04:00,314.1199951171875,255.6699981689453,337.4849853515625,570.2000122070312,79.82499694824219,314.19000244140625,255.67990112304688,337.6099853515625,570.2999877929688,79.82499694824219,314.04998779296875,255.6300048828125,337.4800109863281,569.8800048828125,79.76499938964844,314.05999755859375,255.66000366210938,337.6000061035156,569.97998046875,79.76499938964844,29681,24862,9346,22467,76405
2026-08-27 15:12:00-04:00,314.1499938964844,255.7100067138672,337.45001220703125,570.1599731445312,79.81500244140625,314.17999267578125,255.77000427246094,337.5400085449219,570.280029296875,79.82499694824219,314.0400085449219,255.6304931640625,337.4200134277344,570.0900268554688,79.78500366210938,314.1000061035156,255.6649932861328,337.4599914550781,570.1300048828125,79.81999969482422,28508,35279,12117,15418,20321
2026-08-27 15:13:00-04:00,314.2799987792969,255.6699981689453,337.6098937988281,570.39501953125,79.88999938964844,314.3399963378906,255.72000122070312,337.6449890136719,570.4199829101562,79.8949966430664,314.1325988769531,255.64999389648438,337.4599914550781,570.1203002929688,79.81500244140625,314.1600036621094,255.7050018310547,337.4599914550781,570.1275024414062,79.81500244140625,22759,24420,8963,16029,22979
2026-08-27 15:14:00-04:00,314.2099914550781,255.66000366210938,337.6400146484375,570.5983276367188,79.93000030517578,314.3800048828125,255.77000427246094,337.75,570.7985229492188,79.94000244140625,314.17999267578125,255.625,337.5899963378906,570.4099731445312,79.87999725341797,314.2900085449219,255.63499450683594,337.6050109863281,570.4099731445312,79.87999725341797,31755,35744,14966,29106,25984
2026-08-27 15:15:00-04:00,314.2200012207031,255.72000122070312,337.67999267578125,570.625,79.95500183105469,314.2699890136719,255.72999572753906,337.69000244140625,570.6868896484375,79.95999908447266,314.1400146484375,255.66000366210938,337.6199951171875,570.3900146484375,79.91999816894531,314.25,255.67990112304688,337.6600036621094,570.5499877929688,79.91999816894531,31237,29388,11301,18233,29557
2026-08-27 15:16:00-04:00,314.1400146484375,255.8300018310547,337.57000732421875,570.4600219726562,79.96499633789062,314.29998779296875,255.86500549316406,337.70001220703125,570.6799926757812,79.9749984741211,314.1400146484375,255.7100067138672,337.5235900878906,570.4000244140625,79.95500183105469,314.2398986816406,255.72000122070312,337.6700134277344,570.625,79.96499633789062,32378,59715,2375,11858,19507
2026-08-27 15:17:00-04:00,314.0799865722656,255.75999450683594,337.4599914550781,569.89501953125,79.93499755859375,314.19500732421875,255.88319396972656,337.5899963378906,570.510009765625,79.98500061035156,314.05499267578125,255.74000549316406,337.44000244140625,569.8599853515625,79.93499755859375,314.1300048828125,255.83999633789062,337.510009765625,570.4248046875,79.97000122070312,27688,51884,12564,20892,26702
2026-08-27 15:18:00-04:00,314.125,255.8199005126953,337.4200134277344,569.8900146484375,79.94499969482422,314.17999267578125,255.82000732421875,337.4949951171875,569.9600219726562,79.95999908447266,314.07000732421875,255.6999969482422,337.3900146484375,569.6699829101562,79.91999816894531,314.0736083984375,255.75999450683594,337.4800109863281,569.8599853515625,79.93499755859375,28091,39652,8238,17687,31902
2026-08-27 15:19:00-04:00,314.2200012207031,255.77000427246094,337.55499267578125,569.8250122070312,79.94499969482422,314.2200012207031,255.82000732421875,337.6099853515625,569.9600219726562,79.95570373535156,314.0450134277344,255.74000549316406,337.42999267578125,569.6701049804688,79.94000244140625,314.125,255.77000427246094,337.42999267578125,569.9398803710938,79.94499969482422,28526,32750,11156,13172,26475
2026-08-27 15:20:00-04:00,314.0851135253906,255.7899932861328,337.4700012207031,569.5,79.94000244140625,314.2179870605469,255.80999755859375,337.5899963378906,569.7899780273438,79.94499969482422,314.0849914550781,255.75999450683594,337.4599914550781,569.4600219726562,79.9000015258789,314.2149963378906,255.7899932861328,337.55499267578125,569.7899780273438,79.94000244140625,37677,35900,24976,12519,51791
2026-08-27 15:21:00-04:00,314.0249938964844,255.82000732421875,337.3299865722656,569.0449829101562,79.94499969482422,314.139892578125,255.8300018310547,337.4700012207031,569.47998046875,79.94499969482422,313.93499755859375,255.72999572753906,337.30999755859375,569.0449829101562,79.91999816894531,314.08599853515625,255.77999877929688,337.4549865722656,569.4500122070312,79.93000030517578,59643,64579,13715,37158,30101
2026-08-27 15:22:00-04:00,313.85888671875,255.9149932861328,337.3399963378906,569.22998046875,79.95500183105469,314.04998779296875,255.9149932861328,337.4049987792969,569.3599853515625,79.95999908447266,313.8299865722656,255.80999755859375,337.3299865722656,569.0,79.94000244140625,314.0249938964844,255.8300018310547,337.3399963378906,569.0900268554688,79.94499969482422,43297,60308,15342,15572,31654
2026-08-27 15:23:00-04:00,313.739990234375,256.04998779296875,337.4200134277344,568.8099975585938,79.94499969482422,313.8599853515625,256.07989501953125,337.4200134277344,569.2899780273438,79.94999694824219,313.7200012207031,255.89999389648438,337.3399963378906,568.7100219726562,79.91999816894531,313.8599853515625,255.9199981689453,337.3500061035156,569.2899780273438,79.94999694824219,37871,48960,8611,37228,32290
2026-08-27 15:24:00-04:00,313.6700134277344,255.96499633789062,337.625,568.8699951171875,79.93499755859375,313.75,256.0799865722656,337.6600036621094,569.0490112304688,79.96749877929688,313.6000061035156,255.94000244140625,337.3800048828125,568.7349853515625,79.93000030517578,313.75,256.0450134277344,337.4200134277344,568.8150024414062,79.94509887695312,49248,52224,15377,15153,33913
2026-08-27 15:25:00-04:00,313.6400146484375,255.83999633789062,337.54998779296875,568.9299926757812,79.95600128173828,313.7073974609375,255.96499633789062,337.6499938964844,569.0598754882812,79.96499633789062,313.57000732421875,255.8000030517578,337.54998779296875,568.7000122070312,79.93499755859375,313.67498779296875,255.9499969482422,337.6099853515625,568.7000122070312,79.94000244140625,36199,41980,11750,22973,25715
2026-08-27 15:26:00-04:00,313.55999755859375,255.8249969482422,337.43670654296875,568.8400268554688,79.9749984741211,313.7200012207031,255.8800048828125,337.6000061035156,569.0599975585938,79.9800033569336,313.55999755859375,255.80999755859375,337.3916015625,568.8400268554688,79.95980072021484,313.635009765625,255.86000061035156,337.5849914550781,568.9199829101562,79.95999908447266,31783,46086,9479,14479,31038
2026-08-27 15:27:00-04:00,313.5150146484375,255.78500366210938,337.30999755859375,569.0150146484375,80.05500030517578,313.6449890136719,255.85000610351562,337.4599914550781,569.02001953125,80.05999755859375,313.4700012207031,255.75999450683594,337.2799987792969,568.7999877929688,79.94499969482422,313.57000732421875,255.80999755859375,337.4599914550781,568.8599853515625,80.05500030517578,40509,40589,9829,11466,84594
2026-08-27 15:28:00-04:00,313.4739074707031,255.72000122070312,337.3717041015625,569.0999755859375,79.97000122070312,313.5400085449219,255.8000030517578,337.4200134277344,569.0999755859375,80.05999755859375,313.44500732421875,255.66000366210938,337.2799987792969,568.8800048828125,79.97000122070312,313.5199890136719,255.7949981689453,337.3717041015625,568.9949951171875,80.05999755859375,34172,63714,15719,8879,42881
2026-08-27 15:29:00-04:00,313.57000732421875,255.74000549316406,337.44000244140625,569.4299926757812,79.99500274658203,313.5899963378906,255.85000610351562,337.4800109863281,569.4299926757812,79.99500274658203,313.4515075683594,255.6999969482422,337.3999938964844,569.010009765625,79.95500183105469,313.4800109863281,255.72000122070312,337.44000244140625,569.0900268554688,79.97000122070312,42958,47506,18066,12572,24776
2026-08-27 15:30:00-04:00,313.6099853515625,255.8199005126953,337.510009765625,569.1500244140625,80.06500244140625,313.7200012207031,255.89500427246094,337.6700134277344,569.4450073242188,80.08499908447266,313.55999755859375,255.72999572753906,337.45001220703125,569.1500244140625,79.98999786376953,313.5799865722656,255.72999572753906,337.4599914550781,569.4249877929688,79.98999786376953,38892,62355,17524,12921,70531
2026-08-27 15:31:00-04:00,313.6400146484375,255.85499572753906,337.42999267578125,569.5800170898438,80.07990264892578,313.6700134277344,255.86990356445312,337.5400085449219,569.6099853515625,80.11000061035156,313.55999755859375,255.77999877929688,337.4200134277344,569.1749877929688,80.05999755859375,313.614990234375,255.80999755859375,337.5249938964844,569.1749877929688,80.06999969482422,33703,41892,8872,18702,71859
2026-08-27 15:32:00-04:00,313.6000061035156,255.9199981689453,337.4800109863281,569.5499877929688,80.11499786376953,313.6499938964844,255.9199981689453,337.5,569.6599731445312,80.11499786376953,313.5299987792969,255.8000030517578,337.3900146484375,569.3800048828125,80.0250015258789,313.6199951171875,255.83999633789062,337.43499755859375,569.5499877929688,80.07499694824219,28602,172818,19454,18914,75055
2026-08-27 15:33:00-04:00,313.5950012207031,255.9499969482422,337.5150146484375,569.3800048828125,80.12000274658203,313.7101135253906,255.99989318847656,337.6099853515625,569.8800048828125,80.13999938964844,313.56500244140625,255.88499450683594,337.46600341796875,569.2949829101562,80.08499908447266,313.6000061035156,255.89999389648438,337.46661376953125,569.4727783203125,80.11499786376953,28011,43298,17116,14357,56877
2026-08-27 15:34:00-04:00,313.635009765625,256.0,337.4700012207031,569.2449951171875,80.10790252685547,313.67999267578125,256.0199890136719,337.55999755859375,569.4500122070312,80.12570190429688,313.55999755859375,255.91000366210938,337.45001220703125,569.2100830078125,80.0999984741211,313.6000061035156,255.91009521484375,337.4800109863281,569.3800048828125,80.125,31378,46922,20149,18297,35649
2026-08-27 15:35:00-04:00,313.5199890136719,255.99000549316406,337.4700012207031,569.1099853515625,80.11000061035156,313.6499938964844,256.0400085449219,337.6099853515625,569.2899780273438,80.16000366210938,313.4700012207031,255.94000244140625,337.4599914550781,569.0800170898438,80.09500122070312,313.635009765625,255.99000549316406,337.4700012207031,569.2449951171875,80.11000061035156,35335,60869,23719,17737,67412
2026-08-27 15:36:00-04:00,313.4150085449219,256.05999755859375,337.3500061035156,568.8687133789062,80.11000061035156,313.5249938964844,256.05999755859375,337.5050048828125,569.2048950195312,80.11499786376953,313.3699951171875,255.9600067138672,337.3299865722656,568.7899780273438,80.0999984741211,313.5198974609375,255.9644012451172,337.4750061035156,569.1300048828125,80.11000061035156,39634,48101,26503,18484,36079
2026-08-27 15:37:00-04:00,313.5150146484375,256.20001220703125,337.3900146484375,569.0900268554688,80.12000274658203,313.54998779296875,256.20001220703125,337.3900146484375,569.1099853515625,80.12000274658203,313.4150085449219,256.010009765625,337.27130126953125,568.72998046875,80.0999984741211,313.4150085449219,256.04998779296875,337.3500061035156,568.7999877929688,80.1050033569336,34716,67930,33247,15826,41127
2026-08-27 15:38:00-04:00,313.4800109863281,256.17999267578125,337.3316955566406,569.094970703125,80.06999969482422,313.57000732421875,256.2298889160156,337.44500732421875,569.239990234375,80.13500213623047,313.4200134277344,256.1184997558594,337.32000732421875,569.0,80.06999969482422,313.4800109863281,256.2200012207031,337.3999938964844,569.1099853515625,80.125,37033,68472,24464,14767,48009
2026-08-27 15:39:00-04:00,313.6400146484375,256.2099914550781,337.2349853515625,569.0900268554688,80.07499694824219,313.67999267578125,256.2099914550781,337.3601989746094,569.0900268554688,80.07499694824219,313.4849853515625,256.1300048828125,337.2200012207031,568.9000244140625,80.02999877929688,313.4849853515625,256.1600036621094,337.3299865722656,568.9249877929688,80.06999969482422,30188,62132,18744,18359,31023
2026-08-27 15:40:00-04:00,313.6600036621094,256.2149963378906,337.239990234375,568.8300170898438,80.02999877929688,313.7200012207031,256.2300109863281,337.2699890136719,569.2899780273438,80.0863037109375,313.6000061035156,256.1099853515625,337.1700134277344,568.7550048828125,80.02999877929688,313.6300048828125,256.18499755859375,337.239990234375,569.010009765625,80.06999969482422,34346,49202,19985,19283,36448
2026-08-27 15:41:00-04:00,313.7300109863281,256.3981018066406,337.3208923339844,568.905029296875,80.06999969482422,313.7699890136719,256.42999267578125,337.3500061035156,569.0999755859375,80.06999969482422,313.55499267578125,256.20001220703125,337.2250061035156,568.8499755859375,80.0250015258789,313.69000244140625,256.2099914550781,337.260009765625,568.89501953125,80.0250015258789,57285,121883,40291,13082,46844
2026-08-27 15:42:00-04:00,313.7099914550781,256.6300048828125,337.4949951171875,568.9099731445312,80.07499694824219,313.7477111816406,256.67999267578125,337.55999755859375,568.9699096679688,80.08999633789062,313.69000244140625,256.3699951171875,337.3399963378906,568.75,80.04499816894531,313.7300109863281,256.3999938964844,337.3399963378906,568.8300170898438,80.07499694824219,27677,95459,12979,13813,39847
2026-08-27 15:43:00-04:00,313.7699890136719,256.7699890136719,337.625,569.35498046875,80.05000305175781,313.7850036621094,256.7799072265625,337.64959716796875,569.3800048828125,80.07499694824219,313.6099853515625,256.6000061035156,337.3999938964844,568.905029296875,80.02999877929688,313.69000244140625,256.6499938964844,337.4949951171875,568.9400024414062,80.07499694824219,42329,98558,26471,21651,45556
2026-08-27 15:44:00-04:00,313.8900146484375,256.8450012207031,337.6199951171875,569.260009765625,80.06500244140625,313.8999938964844,256.8753967285156,337.7799987792969,569.468994140625,80.06500244140625,313.7099914550781,256.75,337.5867919921875,569.2100219726562,80.02999877929688,313.7900085449219,256.8450012207031,337.6000061035156,569.3900146484375,80.05000305175781,41161,116431,57680,18343,69299
2026-08-27 15:45:00-04:00,313.93499755859375,256.8699951171875,337.7300109863281,569.3800048828125,80.03500366210938,313.94000244140625,256.92999267578125,337.7449951171875,569.5700073242188,80.10820007324219,313.7699890136719,256.75,337.4800109863281,569.0999755859375,80.01499938964844,313.8800048828125,256.8299865722656,337.5899963378906,569.25,80.06999969482422,46595,147297,55006,28020,69360
2026-08-27 15:46:00-04:00,313.92498779296875,256.88720703125,337.7900085449219,569.3300170898438,80.04000091552734,313.989990234375,256.95001220703125,337.8399963378906,569.6868896484375,80.05989837646484,313.8810119628906,256.8219909667969,337.7149963378906,569.2531127929688,80.0250015258789,313.9393005371094,256.8800048828125,337.7449951171875,569.3049926757812,80.03009796142578,34434,137909,59048,17751,70889
2026-08-27 15:47:00-04:00,313.95989990234375,256.8399963378906,337.7749938964844,569.2550048828125,80.01000213623047,314.0299987792969,257.0299987792969,337.9800109863281,569.5700073242188,80.05000305175781,313.9100036621094,256.82501220703125,337.760009765625,569.1900024414062,80.0,313.9165954589844,256.8949890136719,337.7900085449219,569.3300170898438,80.05000305175781,35826,177202,73464,18869,54831
2026-08-27 15:48:00-04:00,314.0199890136719,257.0,337.9599914550781,569.47998046875,79.96499633789062,314.04998779296875,257.0,337.9700012207031,569.56298828125,80.0199966430664,313.86968994140625,256.7701110839844,337.7049865722656,569.0401000976562,79.94000244140625,313.95989990234375,256.8500061035156,337.7749938964844,569.2550048828125,80.0199966430664,38984,87572,47204,19659,126702
2026-08-27 15:49:00-04:00,314.0299987792969,257.010009765625,338.0050048828125,569.3800048828125,80.0,314.0350036621094,257.0299987792969,338.0400085449219,569.5599975585938,80.01499938964844,313.9495849609375,256.94000244140625,337.94000244140625,569.0850219726562,79.95500183105469,314.0198974609375,257.010009765625,337.9599914550781,569.3800048828125,79.97000122070312,356090,76934,28075,18559,50778
2026-08-27 15:50:00-04:00,314.05999755859375,256.92999267578125,337.8299865722656,569.090087890625,79.9000015258789,314.07000732421875,256.9949951171875,337.989990234375,569.530029296875,80.0,313.80010986328125,256.69500732421875,337.6400146484375,569.0,79.87000274658203,314.0199890136719,256.92999267578125,337.9800109863281,569.3300170898438,80.0,86945,159905,47159,39443,98183
2026-08-27 15:51:00-04:00,314.20001220703125,256.70001220703125,337.8450012207031,568.8699951171875,79.87010192871094,314.2300109863281,256.9599914550781,337.8599853515625,569.219970703125,79.91000366210938,314.05999755859375,256.66009521484375,337.7200012207031,568.7999877929688,79.86499786376953,314.05999755859375,256.92999267578125,337.8299865722656,569.1900024414062,79.87010192871094,20787396,121010,44035,35916,113602
2026-08-27 15:52:00-04:00,314.44000244140625,256.92999267578125,337.79998779296875,569.3150024414062,79.96499633789062,314.44000244140625,256.94000244140625,337.94989013671875,569.3300170898438,79.97000122070312,314.1600036621094,256.70001220703125,337.7799987792969,568.8939819335938,79.875,314.20001220703125,256.92999267578125,337.8299865722656,568.8939819335938,79.87999725341797,81954,164813,42648,30849,122888
2026-08-27 15:53:00-04:00,314.6300048828125,256.9100036621094,337.9049987792969,569.760009765625,79.99009704589844,314.6700134277344,257.0799865722656,337.9599914550781,569.9199829101562,79.99949645996094,314.42999267578125,256.8699951171875,337.7300109863281,569.2999877929688,79.93000030517578,314.42999267578125,256.9800109863281,337.80999755859375,569.3200073242188,79.9623031616211,87800,142150,48022,52335,127024
2026-08-27 15:54:00-04:00,314.8818054199219,256.79998779296875,337.8680114746094,570.5399780273438,80.12999725341797,314.9800109863281,256.9700012207031,338.07000732421875,570.7100219726562,80.13500213623047,314.5586853027344,256.67999267578125,337.80999755859375,569.47998046875,79.91000366210938,314.6300048828125,256.79998779296875,337.9200134277344,570.5399780273438,79.99749755859375,195512,135541,86977,63982,212861
2026-08-27 15:55:00-04:00,314.70001220703125,256.3699951171875,337.5185852050781,571.4400024414062,80.0,315.0899963378906,256.8299865722656,337.885009765625,572.1900024414062,80.19000244140625,314.5400085449219,256.3599853515625,337.3399963378906,570.6400146484375,80.0,314.8800048828125,256.3699951171875,337.8500061035156,570.989990234375,80.12999725341797,235355,175263,62658,134496,316507
2026-08-27 15:56:00-04:00,314.8550109863281,256.510009765625,337.49139404296875,571.219970703125,80.01499938964844,314.8599853515625,256.5150146484375,337.6400146484375,571.489990234375,80.0199966430664,314.6549987792969,256.33099365234375,337.44000244140625,571.10498046875,79.97000122070312,314.70001220703125,256.3599853515625,337.5199890136719,571.219970703125,80.01000213623047,153430,136079,51288,65792,168680
2026-08-27 15:57:00-04:00,314.6400146484375,256.32501220703125,337.4599914550781,571.27001953125,79.94000244140625,314.94000244140625,256.57000732421875,337.6000061035156,571.6300048828125,80.04499816894531,314.5899963378906,256.260009765625,337.3800048828125,570.967529296875,79.93000030517578,314.8599853515625,256.510009765625,337.5150146484375,571.239990234375,80.01010131835938,232156,168639,95474,123956,230791
2026-08-27 15:58:00-04:00,314.54400634765625,256.2699890136719,337.5,571.0750122070312,79.86799621582031,314.760009765625,256.44500732421875,337.6400146484375,571.5,79.94000244140625,314.5299987792969,256.2650146484375,337.44000244140625,570.969970703125,79.86799621582031,314.6499938964844,256.32501220703125,337.44000244140625,571.2100219726562,79.93499755859375,348058,282028,123762,124260,329885
2026-08-27 15:59:00-04:00,314.57501220703125,256.2200012207031,337.55499267578125,571.0700073242188,79.83000183105469,314.70001220703125,256.3599853515625,337.70001220703125,571.510009765625,79.9000015258789,314.42999267578125,256.1099853515625,337.4700012207031,570.9500122070312,79.80999755859375,314.54998779296875,256.2799987792969,337.5,571.1500244140625,79.86499786376953,748902,640754,243615,255750,894811
2026-08-28 09:30:00-04:00,316.260009765625,258.7301025390625,338.635009765625,575.2999877929688,80.04000091552734,317.67999267578125,258.9700012207031,339.29998779296875,576.0,80.37999725341797,315.5,258.0,337.2799987792969,571.0800170898438,79.9800033569336,317.0880126953125,258.32000732421875,337.8525085449219,571.9500122070312,80.33499908447266,1476247,1081741,473488,478179,625321
2026-08-28 09:31:00-04:00,316.8349914550781,258.9599914550781,339.3900146484375,576.469970703125,80.29000091552734,317.114990234375,259.54998779296875,339.5,577.0,80.31199645996094,315.989990234375,258.5400085449219,338.2950134277344,574.25,79.94999694824219,316.1099853515625,258.7699890136719,338.44000244140625,575.4600219726562,79.98999786376953,133646,368103,72192,85741,37974
2026-08-28 09:32:00-04:00,317.33990478515625,258.2449951171875,339.4700012207031,578.8800048828125,80.31500244140625,317.3399963378906,258.94000244140625,339.69000244140625,578.9299926757812,80.33000183105469,316.5,257.9100036621094,338.7200012207031,576.0,80.08499908447266,316.7699890136719,258.92999267578125,339.30999755859375,576.6300048828125,80.30000305175781,102990,180478,66410,97601,50113
2026-08-28 09:33:00-04:00,317.7099914550781,258.08599853515625,339.27410888671875,578.1400146484375,80.23999786376953,317.79998779296875,258.3500061035156,339.5,578.9456787109375,80.41000366210938,317.1499938964844,257.7799987792969,338.8900146484375,577.4201049804688,80.23999786376953,317.32000732421875,258.25,339.3949890136719,578.5759887695312,80.30500030517578,172187,121937,40539,60750,53432
2026-08-28 09:34:00-04:00,317.6549987792969,258.610107421875,339.8800048828125,578.0800170898438,80.51000213623047,318.0299987792969,258.70001220703125,339.8800048828125,578.5,80.58999633789062,317.5400085449219,257.9100036621094,339.0299987792969,576.47998046875,80.28500366210938,317.70001220703125,258.1098937988281,339.2200012207031,578.0125122070312,80.28500366210938,198882,123662,59333,58556,111731
2026-08-28 09:35:00-04:00,317.8450012207031,258.4700012207031,339.1099853515625,577.010009765625,80.66500091552734,317.9700012207031,258.7699890136719,339.9700012207031,578.8499755859375,80.68000030517578,317.2099914550781,258.3399963378906,339.07000732421875,577.0,80.44999694824219,317.6700134277344,258.6549987792969,339.8399963378906,578.0800170898438,80.66500091552734,116843,114879,48899,75354,121268
2026-08-28 09:36:00-04:00,317.6705017089844,258.3550109863281,339.1789855957031,576.3250122070312,80.56999969482422,318.1300048828125,258.760009765625,339.5899963378906,577.7100219726562,80.80000305175781,317.6319885253906,258.2040100097656,339.04998779296875,576.3250122070312,80.54000091552734,317.8450012207031,258.489990234375,339.125,577.010009765625,80.66999816894531,138576,120740,34957,55441,111848
2026-08-28 09:37:00-04:00,317.79998779296875,258.635009765625,339.2550048828125,578.4600219726562,80.73100280761719,317.9599914550781,258.8599853515625,339.6000061035156,579.0,80.75,317.6199951171875,258.3277893066406,339.1499938964844,576.1600952148438,80.55000305175781,317.79998779296875,258.4100036621094,339.2149963378906,576.260498046875,80.56999969482422,158768,69500,19303,56576,69331
2026-08-28 09:38:00-04:00,317.30499267578125,258.43499755859375,338.74481201171875,579.381591796875,80.66999816894531,317.79339599609375,258.7398986816406,339.5,579.6699829101562,80.79000091552734,317.0199890136719,258.17999267578125,338.5,578.719970703125,80.59500122070312,317.30499267578125,258.7200012207031,339.2749938964844,578.8400268554688,80.75240325927734,86724,59138,19418,75026,31422
2026-08-28 09:39:00-04:00,317.17999267578125,258.3500061035156,338.9100036621094,579.5700073242188,80.55500030517578,317.45001220703125,258.5799865722656,339.1199951171875,580.739990234375,80.75,317.07000732421875,258.29998779296875,338.6400146484375,579.1500244140625,80.5,317.3599853515625,258.45001220703125,338.73150634765625,579.3250122070312,80.69999694824219,54008,46398,38975,127504,110564
2026-08-28 09:40:00-04:00,316.94000244140625,258.3450012207031,338.79998779296875,579.5449829101562,80.43000030517578,317.19000244140625,258.5799865722656,338.9599914550781,580.3800048828125,80.56999969482422,316.7200012207031,258.19000244140625,338.6440124511719,579.0701293945312,80.4000015258789,316.94000244140625,258.3999938964844,338.8789978027344,579.6400146484375,80.55500030517578,102644,78992,29455,48200,78181
2026-08-28 09:41:00-04:00,317.0799865722656,258.45001220703125,339.3500061035156,581.0499877929688,80.45500183105469,317.18499755859375,258.5199890136719,339.3500061035156,581.0800170898438,80.4749984741211,316.94000244140625,258.1099853515625,338.7300109863281,579.4000244140625,80.3499984741211,316.9700012207031,258.29998779296875,338.7799987792969,579.6765747070312,80.45709991455078,67586,56711,38426,69103,98718
2026-08-28 09:42:00-04:00,317.29998779296875,258.7799987792969,339.31988525390625,581.7000122070312,80.3499984741211,317.32501220703125,258.79998779296875,339.5899963378906,582.1599731445312,80.4800033569336,316.85101318359375,258.4700012207031,339.1499938964844,580.60009765625,80.3499984741211,317.07501220703125,258.4700012207031,339.32501220703125,581.0499877929688,80.44339752197266,73643,77564,45087,96875,24618
2026-08-28 09:43:00-04:00,317.3599853515625,259.0600891113281,339.4750061035156,583.1900024414062,80.53500366210938,317.4599914550781,259.0799865722656,339.54998779296875,583.2999877929688,80.54000091552734,317.17999267578125,258.6606140136719,339.1000061035156,581.4400024414062,80.31900024414062,317.2900085449219,258.7650146484375,339.114990234375,581.6300048828125,80.34500122070312,73114,83616,20409,146776,38365
2026-08-28 09:44:00-04:00,317.32000732421875,259.3900146484375,339.67999267578125,583.7000122070312,80.58000183105469,317.4649963378906,259.45001220703125,339.7799987792969,584.1699829101562,80.58999633789062,317.1199951171875,259.0,339.2749938964844,583.0977172851562,80.48999786376953,317.38409423828125,259.0799865722656,339.4547119140625,583.2598876953125,80.5199966430664,62500,113509,33104,95859,31164
2026-08-28 09:45:00-04:00,316.3349914550781,259.139892578125,339.5400085449219,581.2999877929688,80.59519958496094,317.3699951171875,259.489990234375,339.760009765625,583.6300048828125,80.6698989868164,315.8999938964844,259.0,339.3900146484375,580.8099975585938,80.55999755859375,317.2825012207031,259.4200134277344,339.67498779296875,583.5499877929688,80.58450317382812,178630,147770,26102,110986,50712
2026-08-28 09:46:00-04:00,315.875,258.8500061035156,339.7099914550781,581.719970703125,80.62999725341797,316.33990478515625,259.1300048828125,339.79998779296875,582.219970703125,80.70999908447266,315.55419921875,258.8500061035156,339.4794006347656,581.0100708007812,80.58499908447266,316.3349914550781,259.07501220703125,339.4794006347656,581.0999755859375,80.61000061035156,118633,76807,41165,56345,46372
2026-08-28 09:47:00-04:00,315.9999084472656,259.1000061035156,339.7699890136719,582.7698974609375,80.68009948730469,315.9999084472656,259.1899108886719,339.95001220703125,583.0700073242188,80.69000244140625,315.54998779296875,258.739990234375,339.505615234375,581.1649780273438,80.55000305175781,315.8699951171875,258.8699951171875,339.67498779296875,581.6099853515625,80.68009948730469,111558,82856,78004,66555,45402
2026-08-28 09:48:00-04:00,316.32000732421875,259.6000061035156,339.8599853515625,580.7800903320312,80.75,316.45989990234375,259.6400146484375,339.9599914550781,582.9299926757812,80.79000091552734,315.80999755859375,259.010009765625,339.63800048828125,580.4000854492188,80.66000366210938,315.95001220703125,259.1000061035156,339.7655944824219,582.655029296875,80.69000244140625,95171,166525,27385,71012,62580
2026-08-28 09:49:00-04:00,315.8700866699219,259.2200927734375,339.6700134277344,579.0700073242188,80.7750015258789,316.2900085449219,259.75,339.94000244140625,580.9899291992188,80.77999877929688,315.760009765625,259.1099853515625,339.3800048828125,578.8499755859375,80.66000366210938,316.2900085449219,259.56219482421875,339.739990234375,580.5800170898438,80.73500061035156,84256,138476,49391,94429,69695
2026-08-28 09:50:00-04:00,315.6050109863281,259.18499755859375,339.4649963378906,578.3900146484375,80.72000122070312,315.9100036621094,259.6000061035156,339.92999267578125,579.989990234375,80.78990173339844,315.5050048828125,259.1700134277344,339.44000244140625,578.2999877929688,80.70500183105469,315.8699951171875,259.3900146484375,339.7300109863281,579.6199951171875,80.77999877929688,63437,129647,20730,45318,47392
2026-08-28 09:51:00-04:00,315.82989501953125,259.05999755859375,339.8800048828125,579.1849975585938,80.77999877929688,315.8500061035156,259.3599853515625,340.0400085449219,579.9398803710938,80.79000091552734,315.4504089355469,258.8100891113281,339.36248779296875,578.3099975585938,80.72000122070312,315.6000061035156,259.20001220703125,339.42999267578125,578.523193359375,80.72000122070312,75096,88692,108499,46511,38019
2026-08-28 09:52:00-04:00,315.8550109863281,259.6700134277344,340.2200012207031,581.280029296875,81.01000213623047,315.9288024902344,259.75,340.2200012207031,581.7000122070312,81.0199966430664,315.6000061035156,259.04998779296875,339.78790283203125,578.8150024414062,80.7750015258789,315.7950134277344,259.07000732421875,340.2200012207031,579.0999755859375,80.7750015258789,63832,128241,47376,85733,178183
2026-08-28 09:53:00-04:00,315.94940185546875,259.2101135253906,340.0249938964844,579.25,80.91010284423828,316.0,259.7699890136719,340.5,581.6900024414062,81.02999877929688,315.7699890136719,259.1400146484375,340.010009765625,579.0700073242188,80.9000015258789,315.8399963378906,259.6499938964844,340.2300109863281,581.364990234375,81.00499725341797,54775,128770,55835,47661,54528
2026-08-28 09:54:00-04:00,316.2001037597656,259.2441101074219,339.7838134765625,579.2550048828125,80.9749984741211,316.42999267578125,259.44000244140625,340.239990234375,579.719970703125,80.9749984741211,315.9200134277344,259.0899963378906,339.760009765625,578.75,80.8895034790039,315.95001220703125,259.25,339.9700012207031,579.25,80.91999816894531,81559,59349,28941,32937,57023
2026-08-28 09:55:00-04:00,315.8800048828125,259.260009765625,340.1300048828125,579.9149780273438,81.06500244140625,316.3699951171875,259.4100036621094,340.17999267578125,580.6699829101562,81.08000183105469,315.8599853515625,259.19000244140625,339.7799987792969,579.2550048828125,80.97000122070312,316.2380065917969,259.2799987792969,339.82000732421875,579.2550048828125,81.06500244140625,54137,53840,16986,36351,47850
2026-08-28 09:56:00-04:00,315.9100036621094,259.25,340.3500061035156,581.2550048828125,81.0999984741211,316.1206970214844,259.32000732421875,340.44000244140625,581.8900146484375,81.13999938964844,315.70001220703125,259.1499938964844,340.04998779296875,579.6599731445312,81.06009674072266,315.8949890136719,259.2250061035156,340.1700134277344,579.9149780273438,81.07170104980469,56721,61594,13295,39241,76320
2026-08-28 09:57:00-04:00,315.94000244140625,259.1000061035156,340.17999267578125,580.9400024414062,80.98999786376953,316.06500244140625,259.2200012207031,340.3900146484375,581.25,81.12000274658203,315.7672119140625,258.9200134277344,340.0899963378906,580.0599975585938,80.9800033569336,315.8999938964844,259.2200012207031,340.2799987792969,581.0,81.0999984741211,43274,60644,28225,33481,53062
2026-08-28 09:58:00-04:00,316.3599853515625,259.05999755859375,340.2900085449219,580.0900268554688,80.8949966430664,316.3599853515625,259.1400146484375,340.30999755859375,581.0,81.0199966430664,315.9200134277344,258.9549865722656,340.0199890136719,579.3101806640625,80.87999725341797,315.94000244140625,259.1000061035156,340.1499938964844,580.97998046875,80.99500274658203,48713,36665,20471,22044,63629
2026-08-28 09:59:00-04:00,316.7099914550781,259.3599853515625,340.3299865722656,581.0,80.91000366210938,316.8699951171875,259.4599914550781,340.6000061035156,581.8300170898438,81.0,316.29620361328125,258.9549865722656,340.1900939941406,579.9600219726562,80.83000183105469,316.3699951171875,259.3599853515625,340.25,579.9600219726562,80.9000015258789,137574,106129,59065,39595,43920
2026-08-28 10:00:00-04:00,317.0,260.135009765625,340.93499755859375,582.6599731445312,81.03009796142578,317.1199035644531,260.260009765625,340.9798889160156,582.6599731445312,81.05000305175781,316.44000244140625,258.989990234375,339.70001220703125,579.9600219726562,80.8499984741211,316.7699890136719,259.3299865722656,340.32501220703125,580.6900024414062,80.90499877929688,99285,256457,80415,46122,51291
2026-08-28 10:01:00-04:00,316.4549865722656,259.67999267578125,340.7149963378906,582.3001098632812,80.91999816894531,317.0,260.17999267578125,340.9800109863281,582.8099975585938,81.08999633789062,316.45001220703125,259.6300048828125,340.6600036621094,581.510009765625,80.91999816894531,316.989990234375,260.135009765625,340.93499755859375,582.6699829101562,81.05999755859375,95473,122155,41334,56247,68417
2026-08-28 10:02:00-04:00,316.6000061035156,259.70001220703125,341.0548095703125,583.27001953125,81.0199966430664,316.82000732421875,260.0299987792969,341.25,583.5,81.0199966430664,316.2149963378906,259.6401062011719,340.6000061035156,582.1699829101562,80.88999938964844,316.489990234375,259.68499755859375,340.7699890136719,582.6099853515625,81.0199966430664,67148,86022,118092,66414,53421
2026-08-28 10:03:00-04:00,316.5398864746094,259.5975036621094,340.114990234375,581.5549926757812,81.02780151367188,316.69000244140625,259.7900085449219,341.1400146484375,583.409912109375,81.04000091552734,316.4599914550781,259.5,340.114990234375,581.4157104492188,80.9800033569336,316.5799865722656,259.739990234375,341.1300048828125,582.8800048828125,81.0199966430664,61212,167938,24510,52227,34639
2026-08-28 10:04:00-04:00,316.7850036621094,259.7850036621094,339.544189453125,581.8049926757812,81.0,316.8349914550781,259.7850036621094,340.260009765625,581.9600219726562,81.02999877929688,316.3900146484375,259.32000732421875,339.3500061035156,581.2000122070312,80.86009979248047,316.4515075683594,259.6099853515625,340.17999267578125,581.8049926757812,81.0199966430664,45457,89638,23603,2724552,40950
2026-08-28 10:05:00-04:00,316.72259521484375,259.96490478515625,339.4800109863281,580.8350219726562,81.0,316.9649963378906,260.07000732421875,339.7200012207031,581.8035888671875,81.05000305175781,316.7099914550781,259.625,339.30999755859375,580.14501953125,80.94000244140625,316.7850036621094,259.7850036621094,339.510009765625,581.7999877929688,80.9749984741211,57293,126354,26110,39537,51149
2026-08-28 10:06:00-04:00,316.57000732421875,260.20001220703125,339.56500244140625,580.5900268554688,81.02989959716797,316.94000244140625,260.2200012207031,339.7699890136719,581.1400146484375,81.04000091552734,316.5,259.7550048828125,339.3800048828125,579.739990234375,80.98500061035156,316.7099914550781,259.947509765625,339.45001220703125,580.8364868164062,81.0,88338,101107,22290,59394,61281
2026-08-28 10:07:00-04:00,316.5799865722656,260.07000732421875,339.67498779296875,579.6599731445312,80.9905014038086,316.5899963378906,260.2099914550781,339.7699890136719,580.8900146484375,81.08000183105469,316.2449951171875,259.7002868652344,339.3800048828125,579.5100708007812,80.97000122070312,316.57501220703125,260.2099914550781,339.6000061035156,580.5900268554688,81.03919982910156,37878,133791,41157,45630,54716
2026-08-28 10:08:00-04:00,316.6792907714844,259.885009765625,340.07000732421875,579.0150146484375,81.0,316.7099914550781,260.1700134277344,340.1300048828125,580.0549926757812,81.04000091552734,316.489990234375,259.6549987792969,339.6000061035156,578.9299926757812,80.97000122070312,316.6099853515625,260.0712890625,339.6300048828125,579.75,80.98999786376953,41139,75234,74532,97166,33311
2026-08-28 10:09:00-04:00,316.80999755859375,259.760009765625,340.489990234375,580.4600219726562,81.03990173339844,316.95001220703125,260.0400085449219,340.55999755859375,580.5700073242188,81.08499908447266,316.6400146484375,259.67498779296875,339.9849853515625,578.885009765625,80.97000122070312,316.6700134277344,259.885009765625,340.0299987792969,578.9920043945312,80.97000122070312,42303,73844,28660,74920,66118
2026-08-28 10:10:00-04:00,316.55499267578125,259.81500244140625,340.2200012207031,579.9600219726562,80.86000061035156,316.9200134277344,260.1000061035156,340.6449890136719,580.8800048828125,81.05000305175781,316.5199890136719,259.6300964355469,340.1499938964844,579.8300170898438,80.83999633789062,316.80499267578125,259.760009765625,340.5,580.4500122070312,81.0250015258789,50486,87180,18354,19079,98152
2026-08-28 10:11:00-04:00,316.2699890136719,259.81500244140625,340.2799987792969,580.47998046875,80.9000015258789,316.57000732421875,260.0,340.6199951171875,580.8200073242188,80.91999816894531,316.1400146484375,259.6700134277344,340.026611328125,579.830078125,80.81099700927734,316.57000732421875,259.760009765625,340.2200012207031,579.909912109375,80.8499984741211,47360,111201,21553,32604,68430
2026-08-28 10:12:00-04:00,316.1505126953125,260.0299987792969,340.260009765625,580.4708862304688,80.89510345458984,316.4200134277344,260.1499938964844,340.32000732421875,580.739990234375,80.93000030517578,316.1505126953125,259.79998779296875,340.04998779296875,579.9500122070312,80.83000183105469,316.30999755859375,259.8599853515625,340.2900085449219,580.364990234375,80.91500091552734,26965,78813,21760,19539,47122
2026-08-28 10:13:00-04:00,316.2099914550781,259.2049865722656,339.82000732421875,579.27001953125,80.81279754638672,316.4057922363281,260.0696105957031,340.3699951171875,580.6099853515625,80.91999816894531,316.04998779296875,259.1961975097656,339.82000732421875,579.193603515625,80.81279754638672,316.20989990234375,260.0299987792969,340.30999755859375,580.6099243164062,80.91999816894531,38687,110251,16009,29350,29895
2026-08-28 10:14:00-04:00,316.5,259.5,339.8800048828125,579.5,80.73500061035156,316.5199890136719,259.5,339.8800048828125,579.8150024414062,80.80999755859375,316.2300109863281,259.1700134277344,339.6238098144531,579.1099853515625,80.68499755859375,316.5,259.19500732421875,339.8450012207031,579.4899291992188,80.80999755859375,5125997,52312,18538,30990,42954
2026-08-28 10:15:00-04:00,316.30499267578125,259.260009765625,339.53509521484375,579.6749877929688,80.7300033569336,316.4999084472656,259.67999267578125,339.9200134277344,580.0999755859375,80.7699966430664,316.2900085449219,259.239990234375,339.4200134277344,579.0700073242188,80.7249984741211,316.4601135253906,259.489990234375,339.8800048828125,579.8599853515625,80.7300033569336,38346,83545,33173,28279,32493
2026-08-28 10:16:00-04:00,316.2300109863281,259.7781982421875,339.5899963378906,579.52001953125,80.84500122070312,316.4800109863281,259.94000244140625,339.69000244140625,580.0999755859375,80.86990356445312,316.1820068359375,259.25,339.28509521484375,579.3348999023438,80.7300033569336,316.31500244140625,259.260009765625,339.6099853515625,579.6300048828125,80.7300033569336,43835,79369,23554,36994,41420
2026-08-28 10:17:00-04:00,316.2149963378906,260.0849914550781,339.6243896484375,579.3400268554688,80.89129638671875,316.29998779296875,260.20001220703125,339.7300109863281,579.98681640625,80.89990234375,316.1814880371094,259.67498779296875,339.489990234375,579.1500854492188,80.82009887695312,316.2300109863281,259.7099914550781,339.55999755859375,579.5399780273438,80.83000183105469,32259,121306,17213,18843,33859
2026-08-28 10:18:00-04:00,316.8299865722656,260.25,339.5050048828125,579.593017578125,81.06999969482422,316.8299865722656,260.3800048828125,339.7099914550781,579.6444702148438,81.06999969482422,316.16259765625,260.0,339.4849853515625,578.75,80.87000274658203,316.20001220703125,260.0899963378906,339.5849914550781,579.2849731445312,80.872802734375,55586,131010,29199,27811,76678
2026-08-28 10:19:00-04:00,316.80499267578125,260.5,339.7598876953125,579.5601196289062,81.0999984741211,316.8999938964844,260.57000732421875,339.9700012207031,579.9799194335938,81.11000061035156,316.69000244140625,260.2356872558594,339.54998779296875,579.5,81.05000305175781,316.8399963378906,260.2550048828125,339.55999755859375,579.5349731445312,81.06500244140625,58452,99279,15946,20524,38370
2026-08-28 10:20:00-04:00,316.82000732421875,260.6099853515625,339.94000244140625,579.9193725585938,81.22799682617188,317.0899963378906,260.7200012207031,340.0299987792969,580.2100219726562,81.23989868164062,316.82000732421875,260.3699951171875,339.75,579.5,81.09010314941406,316.8299865722656,260.45001220703125,339.75,579.7000122070312,81.10399627685547,119592,139904,50398,29913,84364
2026-08-28 10:21:00-04:00,317.0400085449219,260.8800048828125,340.3301086425781,580.27001953125,81.37989807128906,317.05999755859375,260.9750061035156,340.3821105957031,580.5700073242188,81.38069915771484,316.82000732421875,260.5400085449219,339.8500061035156,579.6599731445312,81.22000122070312,316.8594970703125,260.6000061035156,339.94000244140625,579.9500122070312,81.2249984741211,43969,124848,37329,20239,58242
2026-08-28 10:22:00-04:00,317.0,261.712890625,340.5400085449219,580.651611328125,81.37999725341797,317.1780090332031,261.8999938964844,340.70001220703125,581.0800170898438,81.43000030517578,316.92999267578125,260.7401123046875,340.25,580.1099853515625,81.35009765625,317.03009033203125,260.9200134277344,340.30108642578125,580.3150024414062,81.37999725341797,62736,226883,24367,34835,59003
2026-08-28 10:23:00-04:00,316.8699951171875,261.3900146484375,340.3699951171875,580.10498046875,81.27050018310547,317.05999755859375,261.80999755859375,340.6669921875,581.2100219726562,81.41999816894531,316.7078857421875,261.30999755859375,340.2001037597656,579.9650268554688,81.26499938964844,317.010009765625,261.718505859375,340.5127868652344,580.5399780273438,81.38999938964844,45393,160059,19190,39338,47113
2026-08-28 10:24:00-04:00,317.0168151855469,261.1099853515625,339.9599914550781,579.3001098632812,81.16000366210938,317.05999755859375,261.4129943847656,340.3599853515625,580.2000122070312,81.33000183105469,316.6000061035156,260.8800048828125,339.7099914550781,579.0700073242188,81.1500015258789,316.8599853515625,261.3616943359375,340.3550109863281,580.10498046875,81.27999877929688,45932,246025,30565,25032,62422
2026-08-28 10:25:00-04:00,316.6549987792969,260.760009765625,339.760009765625,577.5399780273438,81.11009979248047,317.0400085449219,261.25,340.0150146484375,579.4550170898438,81.16999816894531,316.6099853515625,260.760009765625,339.7077941894531,577.3400268554688,81.06999969482422,317.010009765625,261.1000061035156,340.0,579.3099975585938,81.16000366210938,57481,123380,35982,84291,101385
2026-08-28 10:26:00-04:00,316.6199951171875,260.5899963378906,339.94580078125,578.22998046875,81.2125015258789,316.7300109863281,260.9049987792969,340.0,578.669921875,81.22000122070312,316.4150085449219,260.4100036621094,339.5664978027344,577.2000122070312,81.12999725341797,316.6400146484375,260.7947998046875,339.7699890136719,577.7000122070312,81.12999725341797,359348,172562,24641,52157,93319
2026-08-28 10:27:00-04:00,316.260009765625,260.42401123046875,339.760498046875,576.8800048828125,81.22000122070312,316.67999267578125,260.7300109863281,340.010009765625,578.3800048828125,81.2490005493164,316.1700134277344,260.260009765625,339.70001220703125,576.6799926757812,81.16999816894531,316.6199951171875,260.5799865722656,340.0,578.22998046875,81.19999694824219,74450,113518,26377,35329,45779
2026-08-28 10:28:00-04:00,316.45001220703125,260.31500244140625,339.8800048828125,576.7000122070312,81.27259826660156,316.5899963378906,260.4465026855469,339.95001220703125,576.989990234375,81.27999877929688,316.2300109863281,260.17999267578125,339.6449890136719,576.1099853515625,81.18000030517578,316.2900085449219,260.42999267578125,339.7900085449219,576.8800048828125,81.22000122070312,57192,76359,26098,61574,44135
2026-08-28 10:29:00-04:00,316.7250061035156,260.8399963378906,340.2950134277344,577.010009765625,81.34500122070312,316.80999755859375,260.885009765625,340.3550109863281,577.2745971679688,81.36000061035156,316.4700012207031,260.239990234375,339.82000732421875,576.4000244140625,81.23999786376953,316.4750061035156,260.2900085449219,339.8500061035156,576.7039794921875,81.26909637451172,53656,76152,20105,18244,38642
2026-08-28 10:30:00-04:00,316.80499267578125,261.1099853515625,339.9513854980469,576.25,81.40059661865234,316.8299865722656,261.4100036621094,340.3599853515625,577.3499755859375,81.43000030517578,316.5199890136719,260.8505859375,339.9200134277344,576.25,81.33999633789062,316.7250061035156,260.9200134277344,340.2799987792969,577.2100219726562,81.34500122070312,46910,123520,24403,34121,70786
2026-08-28 10:31:00-04:00,317.010009765625,261.07989501953125,340.0899963378906,576.6099853515625,81.41999816894531,317.09991455078125,261.29998779296875,340.1700134277344,576.9232177734375,81.48999786376953,316.739990234375,260.9200134277344,339.8900146484375,576.0700073242188,81.4000015258789,316.7890930175781,261.1099853515625,339.90008544921875,576.260009765625,81.41000366210938,73195,66168,13516,26410,63696
2026-08-28 10:32:00-04:00,316.82000732421875,260.9849853515625,339.9100036621094,575.4949951171875,81.38999938964844,317.0199890136719,261.3399963378906,340.1549987792969,576.7098999023438,81.43000030517578,316.760009765625,260.9325866699219,339.85589599609375,575.3499755859375,81.36000061035156,317.0195007324219,261.0150146484375,340.04998779296875,576.4400024414062,81.41500091552734,46633,129072,29783,58764,50835
2026-08-28 10:33:00-04:00,316.95001220703125,260.95001220703125,340.25,574.8049926757812,81.34500122070312,317.0150146484375,261.1300048828125,340.25,575.8399047851562,81.4000015258789,316.7803955078125,260.75,339.875,574.5,81.32830047607422,316.8800048828125,261.07000732421875,339.95001220703125,575.4949951171875,81.375,38278,56997,16535,55143,53870
2026-08-28 10:34:00-04:00,317.0450134277344,260.67999267578125,340.1650085449219,575.0501098632812,81.42500305175781,317.04998779296875,261.21990966796875,340.5299987792969,575.9099731445312,81.44000244140625,316.8299865722656,260.67999267578125,340.07550048828125,574.6699829101562,81.33999633789062,316.951904296875,261.0249938964844,340.2650146484375,574.8049926757812,81.37000274658203,28636,66918,27378,69559,46019
2026-08-28 10:35:00-04:00,317.3349914550781,261.0450134277344,340.32501220703125,576.1950073242188,81.5199966430664,317.4100036621094,261.07000732421875,340.3500061035156,576.1950073242188,81.5199966430664,317.0201110839844,260.6300048828125,340.0848083496094,574.3599853515625,81.37999725341797,317.0201110839844,260.7099914550781,340.1700134277344,575.1099853515625,81.41000366210938,84584,72229,18575,50022,130235
2026-08-28 10:36:00-04:00,317.5400085449219,261.7099914550781,340.375,576.335205078125,81.58000183105469,317.57000732421875,261.7099914550781,340.4800109863281,576.72998046875,81.58360290527344,317.3215026855469,261.0400085449219,340.1600036621094,575.510009765625,81.48999786376953,317.3599853515625,261.0400085449219,340.3299865722656,576.1950073242188,81.51000213623047,91319,178945,14575,34183,48402
2026-08-28 10:37:00-04:00,317.6799011230469,261.68499755859375,340.1199951171875,577.5750122070312,81.68499755859375,317.7900085449219,261.79998779296875,340.364990234375,578.3331909179688,81.68990325927734,317.5303955078125,261.55999755859375,340.010009765625,576.469970703125,81.55000305175781,317.54998779296875,261.69000244140625,340.3399963378906,576.5250244140625,81.58799743652344,83385,142376,37114,39333,58225
2026-08-28 10:38:00-04:00,317.6099853515625,261.67999267578125,340.3893127441406,576.875,81.66000366210938,317.7799987792969,262.05999755859375,340.44500732421875,578.2000122070312,81.73930358886719,317.45098876953125,261.614990234375,340.04998779296875,576.6900024414062,81.63200378417969,317.67999267578125,261.68499755859375,340.1549987792969,577.5399780273438,81.68499755859375,189777,244036,21847,35554,58203
2026-08-28 10:39:00-04:00,317.5400085449219,262.1659851074219,340.70001220703125,577.0800170898438,81.68499755859375,317.760009765625,262.1700134277344,340.7449951171875,577.2550048828125,81.69499969482422,317.5000915527344,261.69000244140625,340.32000732421875,576.510009765625,81.6500015258789,317.6099853515625,261.7099914550781,340.42498779296875,576.8900146484375,81.65499877929688,59828,145412,30668,12368,31151
2026-08-28 10:40:00-04:00,317.69000244140625,262.510009765625,341.1748046875,578.1500244140625,81.69499969482422,317.7099914550781,262.5899963378906,341.25,578.3637084960938,81.72000122070312,317.510009765625,262.07000732421875,340.6700134277344,576.830078125,81.65010070800781,317.5400085449219,262.17999267578125,340.739990234375,577.0150146484375,81.69999694824219,73758,286934,76827,25468,41165
2026-08-28 10:41:00-04:00,318.1300048828125,262.34051513671875,341.05499267578125,578.7843017578125,81.69010162353516,318.1499938964844,262.510009765625,341.239990234375,578.89990234375,81.71009826660156,317.67010498046875,262.20001220703125,340.9849853515625,578.0499877929688,81.66999816894531,317.67010498046875,262.4700012207031,341.1099853515625,578.155029296875,81.69000244140625,136303,152111,29176,31793,47240
2026-08-28 10:42:00-04:00,318.0849914550781,262.7149963378906,341.32989501953125,579.4400024414062,81.75,318.135009765625,262.7699890136719,341.3299865722656,579.47998046875,81.75,317.914306640625,262.364990234375,341.0899963378906,578.7550048828125,81.66010284423828,318.1299133300781,262.364990234375,341.1499938964844,578.8200073242188,81.75,87971,179954,30978,29302,56708
2026-08-28 10:43:00-04:00,318.4599914550781,262.79998779296875,341.67999267578125,579.530029296875,81.79000091552734,318.4599914550781,262.8699951171875,341.82000732421875,579.9398803710938,81.80500030517578,318.0000915527344,262.55999755859375,341.3299865722656,578.5399780273438,81.73300170898438,318.1099853515625,262.67999267578125,341.3299865722656,579.35498046875,81.73999786376953,157826,138177,67652,55334,50681
2026-08-28 10:44:00-04:00,319.4700012207031,263.4200134277344,342.2699890136719,580.6799926757812,81.84339904785156,319.57501220703125,263.4750061035156,342.2850036621094,580.77001953125,81.8499984741211,318.44000244140625,262.760009765625,341.70001220703125,579.4099731445312,81.79000091552734,319.4700012207031,262.82000732421875,341.70001220703125,579.5599975585938,81.79000091552734,547635,373229,87685,48639,38478
2026-08-28 10:45:00-04:00,319.2699890136719,263.3599853515625,342.010009765625,581.5599975585938,81.87000274658203,319.739990234375,263.7349853515625,342.4200134277344,581.9799194335938,81.88500213623047,319.15008544921875,263.32000732421875,341.9700012207031,580.489990234375,81.83000183105469,319.4800109863281,263.4049987792969,342.30999755859375,580.8300170898438,81.86250305175781,296391,268495,55920,58289,51400
2026-08-28 10:46:00-04:00,319.1300048828125,263.9331970214844,342.6549987792969,583.0401000976562,81.9749984741211,319.4800109863281,263.9800109863281,342.75,583.1199951171875,81.9800033569336,319.0,263.3599853515625,341.9100036621094,581.2631225585938,81.86499786376953,319.2699890136719,263.4200134277344,342.0050048828125,581.4400024414062,81.9749984741211,254360,211178,51265,79188,5158375
2026-08-28 10:47:00-04:00,318.70001220703125,263.989990234375,342.7499084472656,583.3200073242188,81.96499633789062,319.1650085449219,264.1000061035156,342.7900085449219,583.8900146484375,81.9800033569336,318.67498779296875,263.7799987792969,342.54998779296875,582.7999877929688,81.93499755859375,319.1099853515625,263.94000244140625,342.6448059082031,583.2000122070312,81.95999908447266,158612,247331,25694,53602,40743
2026-08-28 10:48:00-04:00,319.2200012207031,264.4042053222656,343.0378112792969,584.2305908203125,82.11000061035156,319.3500061035156,264.6600036621094,343.25,584.6661987304688,82.15249633789062,318.5899963378906,263.9909973144531,342.70001220703125,583.3400268554688,81.97000122070312,318.70001220703125,264.0299987792969,342.70001220703125,583.4199829101562,81.9800033569336,136715,304925,137475,86753,177394
2026-08-28 10:49:00-04:00,319.2200012207031,264.4200134277344,343.4800109863281,585.6599731445312,82.22000122070312,319.3900146484375,264.5199890136719,343.5,585.75,82.2300033569336,319.1200866699219,264.1400146484375,343.0,584.1900024414062,82.0947036743164,319.2300109863281,264.41339111328125,343.07501220703125,584.3900146484375,82.11000061035156,84541,175381,39595,178418,77705
2026-08-28 10:50:00-04:00,319.04998779296875,264.7749938964844,343.5350036621094,586.1900024414062,82.19779968261719,319.239990234375,264.82000732421875,343.58990478515625,586.2999267578125,82.2300033569336,318.94000244140625,264.2699890136719,343.2449951171875,585.1610107421875,82.18000030517578,319.2099914550781,264.40618896484375,343.4800109863281,585.6599731445312,82.22949981689453,96986,229833,57066,88886,79938
2026-08-28 10:51:00-04:00,319.57000732421875,264.6449890136719,343.8900146484375,586.5800170898438,82.26000213623047,319.6000061035156,264.82000732421875,343.92999267578125,586.989990234375,82.26200103759766,319.04998779296875,264.44000244140625,343.3399963378906,585.9725952148438,82.16500091552734,319.07000732421875,264.75,343.510009765625,586.1799926757812,82.19999694824219,85866,148062,37433,105557,96531
2026-08-28 10:52:00-04:00,319.8699951171875,264.67999267578125,344.1600036621094,586.5999755859375,82.22000122070312,320.0299987792969,265.0899963378906,344.2250061035156,586.9299926757812,82.2699966430664,319.5299987792969,264.6099853515625,343.8299865722656,585.9000244140625,82.22000122070312,319.57000732421875,264.66510009765625,343.94110107421875,586.6849975585938,82.26000213623047,300515,410765,79667,78074,65541
2026-08-28 10:53:00-04:00,320.135009765625,264.885009765625,344.07000732421875,588.2899780273438,82.28500366210938,320.1400146484375,264.9100036621094,344.25,588.2899780273438,82.29000091552734,319.8110046386719,264.42999267578125,343.8599853515625,586.1300048828125,82.22000122070312,319.8953857421875,264.68499755859375,344.1400146484375,586.6300048828125,82.23999786376953,130463,210040,54258,203473,68657
2026-08-28 10:54:00-04:00,320.0199890136719,264.67999267578125,343.739990234375,587.72998046875,82.2699966430664,320.2998962402344,265.0799865722656,344.44000244140625,589.1900024414062,82.30000305175781,319.92498779296875,264.6199951171875,343.6708984375,587.6400146484375,82.22000122070312,320.1300964355469,264.885009765625,344.1000061035156,588.260009765625,82.28500366210938,126667,222398,128548,132587,83295
2026-08-28 10:55:00-04:00,320.1300048828125,264.82501220703125,343.31671142578125,586.6600952148438,82.2500991821289,320.17999267578125,264.84991455078125,343.7914123535156,588.05322265625,82.29000091552734,319.95001220703125,264.3800048828125,343.260009765625,586.5700073242188,82.23999786376953,320.02508544921875,264.6549987792969,343.7650146484375,587.72998046875,82.2699966430664,97503,258562,48497,86808,87857
2026-08-28 10:56:00-04:00,320.260009765625,264.8500061035156,343.8299865722656,586.8699951171875,82.29399871826172,320.3800048828125,265.0799865722656,343.8299865722656,587.0999755859375,82.31500244140625,320.1050109863281,264.7699890136719,343.04010009765625,586.530029296875,82.2300033569336,320.125,264.8500061035156,343.3500061035156,586.7750244140625,82.26000213623047,202872,172280,43119,73673,51506
2026-08-28 10:57:00-04:00,320.3699951171875,265.17498779296875,344.0299987792969,586.9600219726562,82.33499908447266,320.3999938964844,265.25,344.0799865722656,587.0399780273438,82.33999633789062,320.2200012207031,264.6724853515625,343.6700134277344,586.5999755859375,82.28500366210938,320.260009765625,264.8299865722656,343.7991943359375,586.7000122070312,82.29199981689453,99463,186230,49698,49418,70165
2026-08-28 10:58:00-04:00,320.7080078125,265.212890625,343.885009765625,585.3150024414062,82.27999877929688,320.7789001464844,265.42889404296875,344.0799865722656,587.0698852539062,82.35350036621094,320.3500061035156,264.95001220703125,343.79998779296875,585.219970703125,82.25,320.3599853515625,265.1499938964844,344.0799865722656,586.9600219726562,82.33499908447266,126146,149289,31818,62893,82893
2026-08-28 10:59:00-04:00,320.7099914550781,265.260009765625,343.72979736328125,584.8049926757812,82.18000030517578,320.7496032714844,265.39990234375,344.1799011230469,585.9450073242188,82.29499816894531,320.38018798828125,265.10699462890625,343.6199951171875,584.5040283203125,82.1500015258789,320.71990966796875,265.2149963378906,343.9169921875,585.3099975585938,82.28009796142578,104367,137796,47224,55009,83178
2026-08-28 11:00:00-04:00,320.8500061035156,265.6099853515625,343.9949951171875,584.2999877929688,82.06999969482422,321.0899963378906,265.6199951171875,344.05999755859375,584.822509765625,82.16999816894531,320.5545959472656,265.0899963378906,343.62701416015625,584.0700073242188,82.05999755859375,320.7099914550781,265.2449951171875,343.75,584.8049926757812,82.16999816894531,171024,236173,35404,41099,58838
2026-08-28 11:01:00-04:00,320.8900146484375,265.75860595703125,344.2294006347656,585.3599853515625,82.23999786376953,320.9049987792969,265.9700012207031,344.57000732421875,585.489990234375,82.2699966430664,320.4599914550781,265.5899963378906,343.9949951171875,583.8800048828125,82.09500122070312,320.8450012207031,265.6099853515625,343.9949951171875,584.2299194335938,82.09500122070312,119417,264279,58125,50393,68275
2026-08-28 11:02:00-04:00,320.9100036621094,266.2300109863281,344.5899963378906,585.4500122070312,82.1500015258789,321.2099914550781,266.25,344.75,586.0800170898438,82.2698974609375,320.7170104980469,265.5799865722656,344.1300048828125,585.1201171875,82.1500015258789,320.9150085449219,265.760009765625,344.2799987792969,585.4592895507812,82.23999786376953,191744,276063,52713,53701,60570
2026-08-28 11:03:00-04:00,321.0473937988281,266.1875,344.8800048828125,586.2849731445312,82.17009735107422,321.0473937988281,266.25,344.9200134277344,586.4498901367188,82.19000244140625,320.6499938964844,265.7200012207031,344.55999755859375,585.0601196289062,82.0999984741211,320.9100036621094,266.2300109863281,344.57000732421875,586.2849731445312,82.16000366210938,155977,267691,53258,31438,48976
2026-08-28 11:04:00-04:00,321.2149963378906,266.3599853515625,345.2149963378906,586.5380249023438,82.20950317382812,321.260009765625,266.3999938964844,345.3299865722656,586.5599975585938,82.2300033569336,320.8999938964844,266.1300964355469,344.7355041503906,585.590087890625,82.1500015258789,321.0150146484375,266.2099914550781,344.8800048828125,586.2999877929688,82.16999816894531,154332,214739,149567,34491,58430
2026-08-28 11:05:00-04:00,321.0799865722656,266.5,344.8800048828125,586.6500244140625,82.12999725341797,321.2701110839844,266.760009765625,345.3500061035156,587.0050048828125,82.20999908447266,320.96319580078125,266.30999755859375,344.8800048828125,586.4849853515625,82.12999725341797,321.2149963378906,266.3399963378906,345.1499938964844,586.5,82.20999908447266,93797,319935,61052,70889,35409
2026-08-28 11:06:00-04:00,321.06451416015625,266.489990234375,345.0899963378906,587.2000122070312,82.12999725341797,321.3399963378906,266.6700134277344,345.2300109863281,587.6500244140625,82.1449966430664,321.0199890136719,266.3599853515625,344.54998779296875,586.610107421875,82.11000061035156,321.1099853515625,266.510009765625,344.88360595703125,586.625,82.12999725341797,178471,246539,56316,100226,30993
2026-08-28 11:07:00-04:00,320.6000061035156,266.94000244140625,345.3349914550781,586.989990234375,82.15499877929688,321.2699890136719,267.1000061035156,345.42999267578125,587.2658081054688,82.16999816894531,320.598388671875,266.44000244140625,344.8599853515625,586.5496215820312,82.06999969482422,321.0450134277344,266.5199890136719,345.1199951171875,587.2658081054688,82.12999725341797,162991,274238,65360,25057,47140
2026-08-28 11:08:00-04:00,320.19000244140625,266.1000061035156,344.5299987792969,585.6500244140625,82.08000183105469,320.6400146484375,266.9200134277344,345.375,587.0700073242188,82.17130279541016,320.1199951171875,265.989990234375,344.5,585.6500244140625,82.06999969482422,320.6199951171875,266.9200134277344,345.32000732421875,587.0549926757812,82.15499877929688,11699284,286035,108081,54106,31263
2026-08-28 11:09:00-04:00,320.55499267578125,265.8299865722656,344.7200012207031,586.3800048828125,82.0999984741211,320.57501220703125,266.19970703125,344.7200012207031,586.47998046875,82.0999984741211,320.1300048828125,265.70001220703125,344.3900146484375,585.364990234375,82.02999877929688,320.1745910644531,266.1400146484375,344.5133056640625,585.8499755859375,82.07009887695312,106485,288871,45967,38586,44605
2026-08-28 11:10:00-04:00,320.510009765625,265.92999267578125,344.78009033203125,585.780029296875,82.09500122070312,320.6199951171875,266.04998779296875,344.82000732421875,586.6099243164062,82.12000274658203,320.260009765625,265.7101135253906,344.6315002441406,585.653076171875,82.07499694824219,320.56500244140625,265.8599853515625,344.68499755859375,586.2050170898438,82.1050033569336,70655,150715,31131,45307,31718
2026-08-28 11:11:00-04:00,320.30999755859375,265.8299865722656,344.1549987792969,585.4849853515625,82.01000213623047,320.5150146484375,266.0,344.95001220703125,585.969970703125,82.10179901123047,320.0299987792969,265.3999938964844,343.94000244140625,584.4401245117188,81.91500091552734,320.510009765625,265.8299865722656,344.8399963378906,585.7849731445312,82.09500122070312,72494,246351,51254,58836,131237
2026-08-28 11:12:00-04:00,320.5299987792969,265.7900085449219,343.44000244140625,584.5700073242188,82.05999755859375,320.54998779296875,265.8699951171875,344.2200012207031,585.6099243164062,82.20999908447266,320.2200012207031,265.5199890136719,343.44000244140625,584.3400268554688,82.05000305175781,320.2799987792969,265.8399963378906,344.2099914550781,585.4000244140625,82.05000305175781,82438,115135,43272,27168,262099
2026-08-28 11:13:00-04:00,320.55499267578125,265.7449951171875,343.5899963378906,584.3599853515625,81.93389892578125,320.69000244140625,265.8550109863281,343.7799072265625,584.6300048828125,82.05000305175781,320.3699951171875,265.55999755859375,343.3999938964844,584.010009765625,81.93000030517578,320.5400085449219,265.7699890136719,343.489990234375,584.5192260742188,82.04000091552734,117822,125436,58183,38188,50305
2026-08-28 11:14:00-04:00,320.8500061035156,265.7799987792969,343.67498779296875,583.9099731445312,81.98999786376953,320.989990234375,266.0,343.8399963378906,585.0,81.98999786376953,320.5299987792969,265.70001220703125,343.44000244140625,583.9000244140625,81.91000366210938,320.6050109863281,265.7449951171875,343.489990234375,584.3599853515625,81.93000030517578,98088,134313,37488,40389,41016
2026-08-28 11:15:00-04:00,321.1199951171875,266.32000732421875,344.2900085449219,584.4299926757812,81.97000122070312,321.29998779296875,266.3865051269531,344.3500061035156,584.6265869140625,82.0,320.7998962402344,265.7900085449219,343.6499938964844,583.9000244140625,81.92500305175781,320.7998962402344,265.82000732421875,343.67498779296875,583.9600219726562,82.0,113378,171924,77107,27555,44811
2026-08-28 11:16:00-04:00,320.9800109863281,266.25,343.864990234375,584.5900268554688,81.97000122070312,321.3800048828125,266.6000061035156,344.47900390625,584.780029296875,81.97989654541016,320.9100036621094,266.17999267578125,343.864990234375,584.1199951171875,81.93000030517578,321.1405029296875,266.2699890136719,344.2950134277344,584.4299926757812,81.97000122070312,120709,214978,59338,29965,42065
2026-08-28 11:17:00-04:00,321.1700134277344,266.45001220703125,343.92999267578125,584.25,82.02999877929688,321.239990234375,266.6199951171875,344.0899963378906,584.72998046875,82.02999877929688,320.79998779296875,266.0400085449219,343.7900085449219,584.25,81.94989776611328,320.9750061035156,266.2554931640625,343.8900146484375,584.4500122070312,81.96499633789062,144102,177909,24047,27251,35687
2026-08-28 11:18:00-04:00,321.32000732421875,265.9549865722656,343.2850036621094,583.9669189453125,81.94999694824219,321.3500061035156,266.4314880371094,343.9700012207031,584.989990234375,82.02999877929688,321.1000061035156,265.94000244140625,343.24578857421875,583.88037109375,81.91000366210938,321.1400146484375,266.4100036621094,343.8949890136719,584.2849731445312,82.0199966430664,75781,82925,52240,64403,56581
2026-08-28 11:19:00-04:00,321.1449890136719,265.7650146484375,343.4200134277344,583.5,81.97000122070312,321.3999938964844,265.9599914550781,343.54998779296875,584.265380859375,82.02999877929688,321.0,265.7099914550781,343.1600036621094,583.3270874023438,81.95999908447266,321.29998779296875,265.9595947265625,343.31201171875,583.9299926757812,81.96499633789062,71220,90249,64386,40899,28961
2026-08-28 11:20:00-04:00,321.0450134277344,266.42999267578125,343.7300109863281,584.469970703125,82.08499908447266,321.25,266.5299987792969,343.760009765625,584.614990234375,82.08499908447266,320.9700012207031,265.78009033203125,343.40008544921875,583.625,81.96499633789062,321.16009521484375,265.82000732421875,343.40008544921875,583.75,81.96499633789062,47387,134181,18345,26065,28546
2026-08-28 11:21:00-04:00,321.0400085449219,266.1300048828125,343.4100036621094,583.77001953125,82.08000183105469,321.09600830078125,266.4599914550781,343.70001220703125,584.5499267578125,82.09500122070312,320.91009521484375,265.95001220703125,343.3999938964844,583.77001953125,82.06500244140625,321.0299987792969,266.4100036621094,343.70001220703125,584.5073852539062,82.08499908447266,12889257,96985,14685,16247,41068
2026-08-28 11:22:00-04:00,321.07000732421875,266.1499938964844,343.510009765625,583.7999877929688,82.08999633789062,321.1400146484375,266.239990234375,343.5249938964844,584.1500244140625,82.12000274658203,320.9700012207031,266.02801513671875,343.2449951171875,583.719970703125,82.05000305175781,321.04998779296875,266.1099853515625,343.3599853515625,583.7703247070312,82.08499908447266,55172,78890,20456,18869,32104
2026-08-28 11:23:00-04:00,321.239990234375,266.68499755859375,343.81500244140625,583.85498046875,82.08499908447266,321.2699890136719,266.8399963378906,343.8999938964844,584.0650024414062,82.12999725341797,320.9800109863281,266.1099853515625,343.4949951171875,583.6500244140625,82.08499908447266,321.05609130859375,266.1499938964844,343.5329895019531,583.719970703125,82.1050033569336,73580,158130,34482,17445,29170
2026-08-28 11:24:00-04:00,321.489990234375,266.7799987792969,344.1099853515625,584.5800170898438,82.1050033569336,321.6299133300781,266.95001220703125,344.1199951171875,584.780029296875,82.12999725341797,321.25,266.6700134277344,343.8599853515625,583.75,82.08000183105469,321.25,266.68499755859375,343.8599853515625,583.9849853515625,82.09500122070312,128154,157143,26129,23627,29296
2026-08-28 11:25:00-04:00,321.7650146484375,266.82501220703125,344.135009765625,585.4849853515625,82.10990142822266,321.8699951171875,266.8699951171875,344.17999267578125,585.4849853515625,82.12989807128906,321.4949951171875,266.5199890136719,343.9700012207031,584.5,82.08999633789062,321.4949951171875,266.83758544921875,344.0899963378906,584.5399780273438,82.1050033569336,115435,110403,16465,32386,33018
2026-08-28 11:26:00-04:00,321.7749938964844,267.1700134277344,344.3299865722656,585.780029296875,82.11479949951172,321.8999938964844,267.25,344.3699951171875,586.0700073242188,82.11990356445312,321.6099853515625,266.7699890136719,344.05999755859375,585.4500732421875,82.10299682617188,321.7749938964844,266.82501220703125,344.1499938964844,585.5250244140625,82.1050033569336,67230,226614,16066,34802,17089
2026-08-28 11:27:00-04:00,321.6000061035156,266.67999267578125,344.2250061035156,585.0499877929688,82.11000061035156,321.8399963378906,267.19000244140625,344.54998779296875,585.7603149414062,82.11509704589844,321.54998779296875,266.6199951171875,344.19000244140625,584.9400024414062,82.06500244140625,321.7749938964844,267.1499938964844,344.364990234375,585.7349853515625,82.11499786376953,114244,123296,21936,27639,32065
2026-08-28 11:28:00-04:00,321.5299987792969,266.6099853515625,344.5450134277344,585.0750122070312,82.18000030517578,321.6700134277344,266.81988525390625,344.5498962402344,585.3599853515625,82.18000030517578,321.4200134277344,266.4200134277344,344.1300048828125,584.9400024414062,82.0999984741211,321.6099853515625,266.67498779296875,344.1600036621094,585.0250244140625,82.11990356445312,77837,132986,25692,21332,32713
2026-08-28 11:29:00-04:00,321.94000244140625,266.8500061035156,344.95001220703125,584.6400146484375,82.18499755859375,322.0299987792969,266.8900146484375,344.95001220703125,585.489990234375,82.20999908447266,321.5,266.5,344.4200134277344,584.509521484375,82.16000366210938,321.5108947753906,266.8500061035156,344.54998779296875,585.04150390625,82.18000030517578,146451,18977903,52766,36163,39286
2026-08-28 11:30:00-04:00,322.1499938964844,267.0375061035156,345.0098876953125,584.8604125976562,82.19000244140625,322.20001220703125,267.1195068359375,345.0400085449219,585.0399780273438,82.20999908447266,321.8399963378906,266.69000244140625,344.79998779296875,584.5900268554688,82.18000030517578,321.9549865722656,266.864990234375,344.9700012207031,584.75,82.19000244140625,88351,121651,42996,17831,34643
2026-08-28 11:31:00-04:00,322.2414855957031,266.875,344.4461975097656,584.780029296875,82.18000030517578,322.3500061035156,267.17388916015625,345.0299987792969,584.9299926757812,82.20999908447266,321.8847961425781,266.8500061035156,344.4200134277344,584.469970703125,82.18000030517578,322.1449890136719,267.01519775390625,344.9501953125,584.8867797851562,82.18370056152344,127020,110285,45757,18763,24248
2026-08-28 11:32:00-04:00,322.18499755859375,266.9150085449219,344.7699890136719,584.8200073242188,82.18000030517578,322.33990478515625,267.010009765625,344.7699890136719,584.9249877929688,82.19999694824219,322.1499938964844,266.81500244140625,344.42999267578125,584.6400756835938,82.16000366210938,322.2200012207031,266.8999938964844,344.44000244140625,584.9199829101562,82.16069793701172,68096,86357,14822,20820,24047
2026-08-28 11:33:00-04:00,322.25,267.07501220703125,344.8399963378906,584.0900268554688,82.21549987792969,322.3399963378906,267.1300048828125,344.9700012207031,585.2100219726562,82.22000122070312,322.1549987792969,266.8900146484375,344.6919860839844,584.0900268554688,82.18000030517578,322.16009521484375,266.8940124511719,344.760009765625,584.7706909179688,82.18000030517578,75688,87446,22152,32892,31443
2026-08-28 11:34:00-04:00,322.1700134277344,266.8949890136719,345.0199890136719,584.1900024414062,82.2500991821289,322.3699951171875,267.1603088378906,345.04998779296875,584.5,82.2699966430664,322.010009765625,266.75,344.8399963378906,583.9100952148438,82.20500183105469,322.260009765625,267.0899963378906,344.840087890625,584.2000122070312,82.21070098876953,81516,76819,28712,20034,51905
2026-08-28 11:35:00-04:00,321.95001220703125,267.0400085449219,345.0299987792969,584.22998046875,82.16999816894531,322.3500061035156,267.1199951171875,345.0899963378906,584.3900146484375,82.2698974609375,321.9161071777344,266.8399963378906,344.8599853515625,583.7100219726562,82.16000366210938,322.19000244140625,266.9200134277344,345.0199890136719,584.2999877929688,82.26000213623047,82667,110341,37238,16033,41078
2026-08-28 11:36:00-04:00,321.9410095214844,267.125,345.05499267578125,584.1749877929688,82.19000244140625,322.0895080566406,267.239990234375,345.0899963378906,584.2540893554688,82.19999694824219,321.7699890136719,266.95001220703125,344.9100036621094,583.830078125,82.16000366210938,321.94989013671875,267.07501220703125,345.010009765625,583.9949951171875,82.16999816894531,60869,126888,39297,12564,27228
2026-08-28 11:37:00-04:00,321.80999755859375,267.06500244140625,344.8711853027344,583.5750122070312,82.18000030517578,322.0249938964844,267.22821044921875,345.0899963378906,584.280029296875,82.19999694824219,321.739990234375,266.93499755859375,344.83551025390625,583.5750122070312,82.16010284423828,321.9549865722656,267.125,345.0299987792969,584.1849975585938,82.18000030517578,109942,66820,50238,23512,25833
2026-08-28 11:38:00-04:00,321.6300048828125,267.2200012207031,344.41448974609375,583.5,82.16500091552734,321.8500061035156,267.3550109863281,344.8599853515625,583.8300170898438,82.17500305175781,321.6300048828125,266.95001220703125,344.3599853515625,583.27001953125,82.15010070800781,321.7950134277344,267.2200012207031,344.8599853515625,583.6699829101562,82.16999816894531,56657,131270,22327,68738,20967
2026-08-28 11:39:00-04:00,321.510009765625,267.30999755859375,344.2309875488281,582.989990234375,82.16500091552734,321.69989013671875,267.3399963378906,344.2799987792969,583.7100219726562,82.19000244140625,321.4607849121094,267.05010986328125,344.1099853515625,582.5401000976562,82.1449966430664,321.625,267.2449951171875,344.2726135253906,583.4450073242188,82.16000366210938,73996,99388,19259,34080,39292
2026-08-28 11:40:00-04:00,321.3699951171875,267.1600036621094,343.7749938964844,581.7700805664062,82.17990112304688,321.6099853515625,267.55999755859375,344.3450012207031,583.5999755859375,82.2300033569336,321.3599853515625,267.1499938964844,343.7749938964844,581.7700805664062,82.16400146484375,321.5199890136719,267.30999755859375,344.1789855957031,582.7318115234375,82.16999816894531,105511,174336,29225,39010,64094
2026-08-28 11:41:00-04:00,321.625,267.07379150390625,344.010009765625,582.4299926757812,82.19000244140625,321.6549987792969,267.19500732421875,344.0400085449219,582.47802734375,82.19999694824219,321.3999938964844,266.70001220703125,343.57000732421875,581.7100219726562,82.13500213623047,321.3999938964844,267.1925048828125,343.7749938964844,581.780029296875,82.16500091552734,130316,153385,28932,26053,35991
2026-08-28 11:42:00-04:00,321.4800109863281,266.8290100097656,343.5400085449219,581.510009765625,82.12999725341797,321.6300048828125,267.20989990234375,344.0150146484375,582.3599853515625,82.19000244140625,321.29998779296875,266.75,343.5096130371094,581.2000122070312,82.11759948730469,321.6300048828125,267.1400146484375,344.0,582.239990234375,82.19000244140625,80942,135289,21248,27150,34316
2026-08-28 11:43:00-04:00,321.92999267578125,267.0899963378906,343.8550109863281,581.1651000976562,82.1449966430664,322.0299987792969,267.17999267578125,343.9800109863281,581.5800170898438,82.1500015258789,321.3900146484375,266.81500244140625,343.5350036621094,581.02001953125,82.11000061035156,321.4660949707031,266.8200988769531,343.6099853515625,581.510009765625,82.13500213623047,183325,143660,15927,19293,20447
2026-08-28 11:44:00-04:00,321.79998779296875,266.7499084472656,343.7300109863281,580.5120239257812,82.07749938964844,321.9599914550781,267.1700134277344,343.8800048828125,581.2100219726562,82.16999816894531,321.6700134277344,266.6061096191406,343.6099853515625,580.3458251953125,82.0426025390625,321.95709228515625,267.1099853515625,343.8299865722656,581.0999755859375,82.1449966430664,173272,140910,32881,28512,40234
2026-08-28 11:45:00-04:00,322.07000732421875,266.4305114746094,344.260009765625,580.3504028320312,82.12000274658203,322.0899963378906,266.7919921875,344.30499267578125,580.780029296875,82.12999725341797,321.7799987792969,266.3800048828125,343.7250061035156,580.1500854492188,82.06999969482422,321.80999755859375,266.69000244140625,343.7300109863281,580.4600219726562,82.07499694824219,88348,256279,33691,43786,36398
2026-08-28 11:46:00-04:00,322.239990234375,266.4067077636719,344.1700134277344,579.7100219726562,82.1500015258789,322.239990234375,266.55999755859375,344.43499755859375,580.3499755859375,82.158203125,321.9700012207031,266.2799987792969,344.1700134277344,579.6201171875,82.1166000366211,322.05999755859375,266.4649963378906,344.2200012207031,580.3499755859375,82.12000274658203,95858,254548,17437,28282,38221
2026-08-28 11:47:00-04:00,322.05999755859375,266.42999267578125,344.5450134277344,579.1599731445312,82.13500213623047,322.364990234375,266.739990234375,344.5715026855469,579.7150268554688,82.16000366210938,322.010009765625,266.360107421875,344.1300048828125,579.0700073242188,82.12999725341797,322.239990234375,266.427001953125,344.1700134277344,579.1599731445312,82.1449966430664,92188,166743,18754,28341,32842
2026-08-28 11:48:00-04:00,322.139892578125,266.2049865722656,344.32000732421875,578.444580078125,82.0968017578125,322.2279968261719,266.54998779296875,344.6199951171875,579.3599853515625,82.1500015258789,322.0150146484375,266.1600036621094,344.2601013183594,578.3499755859375,82.08999633789062,322.0799865722656,266.45001220703125,344.510009765625,579.280029296875,82.0968017578125,78190,89964,20946,47297,19848
2026-08-28 11:49:00-04:00,322.0899963378906,266.1000061035156,344.2101135253906,578.4000244140625,82.08499908447266,322.17999267578125,266.2300109863281,344.31640625,578.8900146484375,82.1052017211914,322.0400085449219,265.8399963378906,344.1000061035156,578.125,82.06999969482422,322.1300048828125,266.2200012207031,344.31640625,578.469970703125,82.09500122070312,62087,170132,24409,34404,26947
2026-08-28 11:50:00-04:00,321.8699951171875,266.0050048828125,344.30499267578125,578.114990234375,82.13999938964844,322.2300109863281,266.2799987792969,344.4999084472656,578.5800170898438,82.18499755859375,321.8699951171875,265.9801025390625,344.2250061035156,578.0499877929688,82.09010314941406,322.1000061035156,266.0632019042969,344.2304992675781,578.469970703125,82.09500122070312,71105,96874,25403,36312,33176
2026-08-28 11:51:00-04:00,321.7832946777344,265.7449951171875,344.05499267578125,577.5499877929688,82.13999938964844,321.92950439453125,266.05499267578125,344.30999755859375,578.4544067382812,82.1500015258789,321.7500915527344,265.6600036621094,344.0,577.3800048828125,82.0999984741211,321.8500061035156,265.9800109863281,344.28900146484375,578.114990234375,82.1500015258789,82577,136533,20344,34078,25072
2026-08-28 11:52:00-04:00,321.6300048828125,265.44500732421875,343.7250061035156,576.8449096679688,82.1500015258789,321.82000732421875,265.7997131347656,344.05499267578125,577.5050048828125,82.1500015258789,321.57501220703125,265.3500061035156,343.7200012207031,576.6900024414062,82.08999633789062,321.7500915527344,265.760009765625,344.05499267578125,577.5050048828125,82.13999938964844,64221,181118,18697,37218,23149
2026-08-28 11:53:00-04:00,321.5799865722656,265.3900146484375,343.70001220703125,576.3599243164062,82.07029724121094,321.7799072265625,265.5799865722656,343.8800048828125,577.010009765625,82.1500015258789,321.510009765625,265.29998779296875,343.69000244140625,576.219970703125,82.05999755859375,321.6099853515625,265.44500732421875,343.7325134277344,577.010009765625,82.13999938964844,58031,147417,24240,44777,49684
2026-08-28 11:54:00-04:00,321.57000732421875,265.739990234375,343.94000244140625,576.75,82.0999984741211,321.6000061035156,265.79949951171875,343.9599914550781,576.989990234375,82.11000061035156,321.3299865722656,265.2349853515625,343.5,575.82470703125,82.05000305175781,321.5400085449219,265.364990234375,343.7001037597656,576.3590087890625,82.07499694824219,67504,122269,44772,57724,27785
2026-08-28 11:55:00-04:00,321.135009765625,265.6050109863281,343.7900085449219,575.7899780273438,82.11000061035156,321.6199035644531,265.90399169921875,344.0299987792969,576.8571166992188,82.1500015258789,321.1099853515625,265.6000061035156,343.7900085449219,575.6942749023438,82.1050033569336,321.5899963378906,265.6050109863281,343.9800109863281,576.8400268554688,82.11000061035156,94910,104534,26287,31702,42474
2026-08-28 11:56:00-04:00,321.2850036621094,265.1199951171875,343.19000244140625,575.3099975585938,82.08000183105469,321.42999267578125,265.6099853515625,343.8399963378906,575.909912109375,82.12000274658203,321.1099853515625,265.1199951171875,343.1499938964844,575.1900024414062,82.05000305175781,321.1499938964844,265.6099853515625,343.7799987792969,575.7899780273438,82.12000274658203,76077,145034,26370,39731,37393
2026-08-28 11:57:00-04:00,321.3599853515625,265.1300048828125,343.1600036621094,575.4199829101562,82.06999969482422,321.42999267578125,265.2200012207031,343.29998779296875,575.67822265625,82.08999633789062,321.17999267578125,265.0299987792969,343.07000732421875,575.030029296875,82.04000091552734,321.260009765625,265.1260070800781,343.19000244140625,575.3300170898438,82.08000183105469,87646,159249,24561,30763,36469
2026-08-28 11:58:00-04:00,321.375,265.3599853515625,343.1214904785156,575.530029296875,82.05000305175781,321.489990234375,265.3800048828125,343.2799987792969,575.7100219726562,82.08989715576172,321.2799987792969,265.1000061035156,343.05499267578125,575.2249755859375,82.04000091552734,321.3599853515625,265.125,343.1000061035156,575.3699951171875,82.08000183105469,82016,96263,22154,22340,39441
2026-08-28 11:59:00-04:00,321.4800109863281,265.4150085449219,343.2349853515625,575.4749755859375,82.03500366210938,321.5,265.5,343.2900085449219,575.669921875,82.05000305175781,321.2200012207031,265.19000244140625,342.9200134277344,575.1099853515625,81.94999694824219,321.3699951171875,265.3599853515625,343.1451110839844,575.669921875,82.05000305175781,58793,106638,27833,26494,53682
2026-08-28 12:00:00-04:00,321.7200012207031,265.55999755859375,343.1000061035156,575.4500122070312,82.08999633789062,321.739990234375,265.6650085449219,343.302490234375,575.6699829101562,82.1050033569336,321.5,265.3699951171875,343.1000061035156,575.3441772460938,82.0199966430664,321.5,265.3999938964844,343.2300109863281,575.57470703125,82.03500366210938,95189,126327,31087,34048,91654
2026-08-28 12:01:00-04:00,321.5950012207031,265.42999267578125,342.92999267578125,574.8900146484375,82.0199966430664,321.70001220703125,265.5899963378906,343.1650085449219,575.5999755859375,82.0999984741211,321.5199890136719,265.1700134277344,342.79998779296875,574.4014892578125,82.0199966430664,321.70001220703125,265.5400085449219,343.0799865722656,575.5947875976562,82.06999969482422,71734,148900,46163,54805,48800
2026-08-28 12:02:00-04:00,321.6499938964844,265.54998779296875,342.9200134277344,575.857177734375,82.05509948730469,321.69000244140625,265.5899963378906,342.9700012207031,575.97998046875,82.06990051269531,321.3804931640625,265.2950134277344,342.6499938964844,574.7000122070312,82.01000213623047,321.5899963378906,265.3999938964844,342.9150085449219,574.72998046875,82.05509948730469,88910,70729,46058,36156,46162
2026-08-28 12:03:00-04:00,321.7160949707031,265.8450927734375,342.989990234375,576.14501953125,82.0250015258789,321.8599853515625,265.9100036621094,343.0350036621094,576.3200073242188,82.05000305175781,321.5799865722656,265.45001220703125,342.67999267578125,575.7100219726562,82.0199966430664,321.6549987792969,265.55999755859375,342.92498779296875,575.8300170898438,82.04000091552734,43736,99892,35311,38403,26105
2026-08-28 12:04:00-04:00,321.7149963378906,265.6600036621094,342.7900085449219,575.510009765625,81.99500274658203,321.82000732421875,265.927490234375,343.1300048828125,576.4298706054688,82.02999877929688,321.6700134277344,265.5600891113281,342.7900085449219,575.3099975585938,81.98999786376953,321.739990234375,265.8500061035156,343.010009765625,576.2100219726562,82.0199966430664,35551,97609,17913,66882,36434
2026-08-28 12:05:00-04:00,321.6499938964844,265.7972106933594,342.5799865722656,575.8049926757812,81.95709991455078,321.7149963378906,265.8299865722656,342.9200134277344,576.4199829101562,81.98999786376953,321.5899963378906,265.55999755859375,342.5199890136719,575.4600219726562,81.93000030517578,321.70001220703125,265.6400146484375,342.7900085449219,575.7698974609375,81.98999786376953,45946,94491,12587,36678,43645
2026-08-28 12:06:00-04:00,321.56500244140625,265.760009765625,342.6700134277344,576.3599853515625,81.95999908447266,321.739990234375,265.9200134277344,342.7550048828125,576.4199829101562,82.00499725341797,321.4200134277344,265.6650085449219,342.5700988769531,575.8499755859375,81.94999694824219,321.6700134277344,265.7900085449219,342.6600036621094,576.0098876953125,81.94999694824219,58577,70543,13269,18999,43077
2026-08-28 12:07:00-04:00,321.3999938964844,265.9849853515625,343.1300048828125,576.64501953125,81.97000122070312,321.70001220703125,266.0799865722656,343.17999267578125,576.780029296875,81.98500061035156,321.3200988769531,265.78009033203125,342.69000244140625,576.0499877929688,81.93000030517578,321.55999755859375,265.80999755859375,342.69000244140625,576.239990234375,81.94999694824219,55314,80997,20647,23058,32026
2026-08-28 12:08:00-04:00,321.3960876464844,266.05499267578125,343.5299987792969,576.2999877929688,82.0,321.5,266.1000061035156,343.5299987792969,576.9099731445312,82.01000213623047,321.3349914550781,265.79998779296875,343.0899963378906,575.8001098632812,81.95999908447266,321.3900146484375,266.0,343.164794921875,576.64501953125,81.96009826660156,54516,63548,16710,37905,23536
2026-08-28 12:09:00-04:00,321.30010986328125,266.1099853515625,343.2401123046875,575.5999755859375,81.94000244140625,321.5,266.2900085449219,343.70098876953125,576.3300170898438,82.01000213623047,321.30010986328125,266.010009765625,343.2200012207031,575.5399780273438,81.9301986694336,321.3900146484375,266.03619384765625,343.4800109863281,576.1950073242188,82.01000213623047,54788,111424,20884,27100,21251
2026-08-28 12:10:00-04:00,321.3450012207031,266.5299987792969,343.4800109863281,576.3800048828125,82.02999877929688,321.4200134277344,266.5487060546875,343.5,576.3800048828125,82.05000305175781,321.2449951171875,266.0249938964844,343.20001220703125,575.4000244140625,81.93000030517578,321.32000732421875,266.07501220703125,343.25,575.5,81.94000244140625,70234,107483,14381,24786,38772
2026-08-28 12:11:00-04:00,321.30999755859375,266.30499267578125,343.54998779296875,575.3049926757812,82.0250015258789,321.4596862792969,266.6199951171875,343.55999755859375,576.2849731445312,82.04000091552734,321.260009765625,266.2300109863281,343.4100036621094,575.1826782226562,81.98999786376953,321.3299865722656,266.57000732421875,343.4800109863281,576.2849731445312,82.02999877929688,50823,91183,18697,19719,23194
2026-08-28 12:12:00-04:00,321.1300048828125,266.2149963378906,343.36199951171875,575.8001098632812,82.0250015258789,321.3299865722656,266.45001220703125,343.6700134277344,575.9550170898438,82.02999877929688,321.12078857421875,266.1600036621094,343.36199951171875,575.3472290039062,81.95999908447266,321.29998779296875,266.3299865722656,343.6000061035156,575.3472290039062,82.02999877929688,57772,78895,12745,29299,39074
2026-08-28 12:13:00-04:00,321.3399963378906,266.5957946777344,343.74798583984375,576.17138671875,82.01499938964844,321.44000244140625,266.5957946777344,343.74798583984375,576.17138671875,82.03990173339844,321.1099853515625,266.1700134277344,343.4200134277344,575.5999755859375,82.0,321.11138916015625,266.2099914550781,343.42999267578125,575.8200073242188,82.02010345458984,43576,71765,19638,12806,19839
2026-08-28 12:14:00-04:00,321.6199951171875,266.7699890136719,343.87200927734375,576.2550048828125,82.01000213623047,321.6799011230469,266.9100036621094,343.94000244140625,576.6900024414062,82.06340026855469,321.3349914550781,266.5799865722656,343.6913146972656,575.989990234375,82.0,321.3349914550781,266.6000061035156,343.7099914550781,576.1427001953125,82.01899719238281,69071,132512,24761,21875,22869
2026-08-28 12:15:00-04:00,321.510009765625,266.6700134277344,343.4815979003906,575.6005249023438,81.98999786376953,321.8523864746094,267.05999755859375,344.0,576.4299926757812,82.06999969482422,321.5,266.6499938964844,343.4800109863281,575.6005249023438,81.95999908447266,321.6300048828125,266.7699890136719,343.8949890136719,576.3099975585938,82.01499938964844,74567,100571,26916,19552,47872
2026-08-28 12:16:00-04:00,321.4815979003906,266.364990234375,343.4800109863281,575.9619750976562,82.01899719238281,321.6099853515625,266.69989013671875,343.5,576.1699829101562,82.02999877929688,321.3905029296875,266.2900085449219,343.3100891113281,575.4600219726562,81.9800033569336,321.489990234375,266.6700134277344,343.489990234375,575.6511840820312,81.98999786376953,38915,91039,22341,16694,19393
2026-08-28 12:17:00-04:00,321.19500732421875,266.375,343.32000732421875,575.4500122070312,81.94999694824219,321.5400085449219,266.4049987792969,343.5899963378906,576.030029296875,82.02999877929688,321.1700134277344,266.2699890136719,343.2900085449219,575.4000854492188,81.93659973144531,321.5400085449219,266.3299865722656,343.5,576.030029296875,82.02989959716797,44248,58848,16669,10163,25278
2026-08-28 12:18:00-04:00,320.80999755859375,266.1600036621094,342.94000244140625,575.1900024414062,81.9000015258789,321.19000244140625,266.5299987792969,343.4100036621094,575.5900268554688,81.97000122070312,320.7749938964844,265.97119140625,342.8100891113281,574.8699951171875,81.875,321.1700134277344,266.3500061035156,343.32000732421875,575.4000244140625,81.94999694824219,101554,81840,23958,32687,74571
2026-08-28 12:19:00-04:00,321.1000061035156,266.1499938964844,342.92498779296875,575.469970703125,81.88999938964844,321.1400146484375,266.31500244140625,343.0400085449219,575.5499877929688,81.9198989868164,320.67999267578125,266.1099853515625,342.8999938964844,575.219970703125,81.87999725341797,320.8059997558594,266.1600036621094,342.93310546875,575.219970703125,81.89800262451172,66735,62162,20401,20899,27044
2026-08-28 12:20:00-04:00,320.7099914550781,266.1050109863281,342.7950134277344,574.7050170898438,81.83499908447266,321.1000061035156,266.3999938964844,343.1400146484375,575.6699829101562,81.91000366210938,320.7099914550781,265.9750061035156,342.75,574.642822265625,81.81999969482422,321.1000061035156,266.17498779296875,342.9150085449219,575.4099731445312,81.88259887695312,76538,103211,18467,22643,36850
2026-08-28 12:21:00-04:00,320.8599853515625,266.0799865722656,342.7749938964844,574.6099853515625,81.7699966430664,320.92999267578125,266.1700134277344,342.82000732421875,574.7999877929688,81.84500122070312,320.7099914550781,265.6700134277344,342.54998779296875,574.2363891601562,81.7699966430664,320.7099914550781,266.07000732421875,342.7699890136719,574.6400146484375,81.83999633789062,44640,107326,17584,36765,30809
2026-08-28 12:22:00-04:00,320.8999938964844,265.56500244140625,342.5400085449219,574.4000244140625,81.73999786376953,320.95001220703125,266.07000732421875,342.8349914550781,574.9400024414062,81.80000305175781,320.75,265.56500244140625,342.4200134277344,574.02001953125,81.7300033569336,320.840087890625,266.0350036621094,342.82000732421875,574.6799926757812,81.7750015258789,48390,60794,22360,14451,26111
2026-08-28 12:23:00-04:00,320.92498779296875,265.2200012207031,342.19500732421875,574.1199951171875,81.68000030517578,320.95001220703125,265.6099853515625,342.54998779296875,574.625,81.76000213623047,320.8399963378906,265.1099853515625,342.1600036621094,574.1199951171875,81.66999816894531,320.9054870605469,265.5899963378906,342.5199890136719,574.405029296875,81.74500274658203,37094,136240,19726,24004,42849
2026-08-28 12:24:00-04:00,320.94000244140625,265.0050048828125,342.31988525390625,573.5900268554688,81.62000274658203,321.0199890136719,265.2250061035156,342.32989501953125,574.2562255859375,81.69999694824219,320.5350036621094,264.7099914550781,341.8800048828125,573.4005126953125,81.61199951171875,320.91009521484375,265.2250061035156,342.2099914550781,574.239990234375,81.68000030517578,111494,125893,30316,37925,52409
2026-08-28 12:25:00-04:00,320.9150085449219,265.17498779296875,342.5400085449219,574.0050048828125,81.660400390625,321.0249938964844,265.20001220703125,342.5400085449219,574.0050048828125,81.66500091552734,320.8299865722656,264.79010009765625,342.2149963378906,573.3001098632812,81.58000183105469,320.9599914550781,264.9949951171875,342.29998779296875,573.6500244140625,81.62000274658203,41055,78610,77325,32600,51902
2026-08-28 12:26:00-04:00,320.7650146484375,265.30999755859375,342.6719970703125,573.8800048828125,81.6500015258789,320.92999267578125,265.4700012207031,342.68499755859375,574.2000122070312,81.66999816894531,320.7101135253906,265.1300048828125,342.510009765625,573.7833862304688,81.6500015258789,320.8900146484375,265.1400146484375,342.5400085449219,573.9500122070312,81.66999816894531,42303,91685,27738,18044,32644
2026-08-28 12:27:00-04:00,320.82000732421875,265.6199951171875,342.610107421875,574.47998046875,81.63999938964844,320.8699951171875,265.6199951171875,342.760009765625,574.47998046875,81.64569854736328,320.7500915527344,265.32501220703125,342.5799865722656,573.82177734375,81.61000061035156,320.7650146484375,265.32501220703125,342.6351013183594,573.8800048828125,81.64129638671875,48240,58818,14235,16854,28167
2026-08-28 12:28:00-04:00,320.70001220703125,265.8349914550781,342.6499938964844,574.7249755859375,81.69170379638672,320.989990234375,266.0386047363281,342.8160095214844,575.0499877929688,81.7249984741211,320.5899963378906,265.57000732421875,342.61639404296875,574.4417724609375,81.6500015258789,320.8160095214844,265.6293029785156,342.635009765625,574.5,81.6500015258789,43116,128584,11109,18997,34411
2026-08-28 12:29:00-04:00,320.9700012207031,265.8500061035156,342.8299865722656,575.1799926757812,81.68499755859375,320.9700012207031,265.9599914550781,342.94000244140625,575.2000122070312,81.71499633789062,320.69000244140625,265.7699890136719,342.6650085449219,574.6199951171875,81.68000030517578,320.6946105957031,265.8349914550781,342.6650085449219,574.7249755859375,81.69000244140625,31601,64037,22075,13417,23922
2026-08-28 12:30:00-04:00,321.1700134277344,266.2749938964844,342.8695068359375,575.0,81.7301025390625,321.2200012207031,266.2865905761719,342.9501037597656,575.5599975585938,81.75,320.94500732421875,265.7950134277344,342.7799987792969,574.6300048828125,81.67990112304688,320.94500732421875,265.8900146484375,342.79998779296875,575.239990234375,81.68000030517578,44337,90556,13493,20393,31796
2026-08-28 12:31:00-04:00,321.4200134277344,266.2200012207031,343.1199951171875,575.126708984375,81.80000305175781,321.44000244140625,266.32501220703125,343.19000244140625,575.7999877929688,81.80000305175781,321.1700134277344,266.0299987792969,342.8699951171875,575.0349731445312,81.73680114746094,321.1700134277344,266.29998779296875,342.8900146484375,575.0349731445312,81.73999786376953,56869,59789,25620,14353,24470
2026-08-28 12:32:00-04:00,321.3550109863281,266.2850036621094,343.5299072265625,576.1900024414062,81.81999969482422,321.4200134277344,266.3500061035156,343.5299072265625,576.4099731445312,81.81999969482422,321.2701110839844,266.1000061035156,342.9599914550781,575.1307983398438,81.76000213623047,321.3999938964844,266.2085876464844,343.1000061035156,575.219970703125,81.79049682617188,52616,49655,18264,30075,30759
2026-08-28 12:33:00-04:00,321.17999267578125,266.1400146484375,343.05999755859375,575.97998046875,81.87930297851562,321.3800048828125,266.3695068359375,343.5199890136719,576.280029296875,81.87930297851562,321.1000061035156,266.010009765625,343.037109375,575.77001953125,81.79000091552734,321.3598937988281,266.2900085449219,343.4700012207031,576.0499877929688,81.82499694824219,46697,60741,14133,19350,22048
2026-08-28 12:34:00-04:00,321.2449951171875,265.9100036621094,342.7900085449219,575.0150756835938,81.7699966430664,321.2799987792969,266.1600036621094,343.1199951171875,576.0258178710938,81.87000274658203,321.0849914550781,265.8999938964844,342.760009765625,574.9600219726562,81.7699966430664,321.19500732421875,266.1400146484375,342.7900085449219,576.0258178710938,81.87000274658203,47030,90761,13325,11312,28725
2026-08-28 12:35:00-04:00,321.260009765625,266.20001220703125,342.7900085449219,575.5349731445312,81.79000091552734,321.31500244140625,266.20001220703125,342.92999267578125,575.5693969726562,81.80000305175781,321.19000244140625,265.8699951171875,342.7550048828125,575.0599975585938,81.76499938964844,321.31500244140625,265.8999938964844,342.8500061035156,575.0700073242188,81.7699966430664,35986,48937,10699,10218,30899
2026-08-28 12:36:00-04:00,321.3900146484375,266.29998779296875,342.7668151855469,575.6898803710938,81.8499984741211,321.45001220703125,266.3800048828125,342.8699951171875,575.760009765625,81.86000061035156,321.2650146484375,266.1600036621094,342.7300109863281,575.37158203125,81.79000091552734,321.2650146484375,266.16119384765625,342.82989501953125,575.5499877929688,81.79499816894531,35959,71687,11767,16034,23205
2026-08-28 12:37:00-04:00,321.4800109863281,266.2699890136719,343.0,576.1099853515625,81.81999969482422,321.5199890136719,266.3299865722656,343.0,576.1099853515625,81.86000061035156,321.3460998535156,266.1400146484375,342.69000244140625,575.469970703125,81.80999755859375,321.3949890136719,266.32000732421875,342.80999755859375,575.5750122070312,81.81999969482422,32646,37822,19707,12713,20687
2026-08-28 12:38:00-04:00,321.2701110839844,265.92498779296875,342.9599914550781,575.989990234375,81.79000091552734,321.5,266.3299865722656,343.125,576.1699829101562,81.81999969482422,321.224609375,265.8399963378906,342.9328918457031,575.5700073242188,81.76000213623047,321.4800109863281,266.2749938964844,343.0015869140625,576.125,81.81999969482422,32963,56568,10214,15356,18492
2026-08-28 12:39:00-04:00,321.30999755859375,266.0,343.07501220703125,575.64990234375,81.73100280761719,321.385498046875,266.04998779296875,343.07501220703125,575.989990234375,81.79000091552734,321.168212890625,265.80499267578125,342.8500061035156,575.4000244140625,81.69999694824219,321.260009765625,265.9595031738281,342.92010498046875,575.989990234375,81.77999877929688,25378,83287,10790,12668,24280
2026-08-28 12:40:00-04:00,321.0199890136719,265.82000732421875,342.7799987792969,575.3599853515625,81.66999816894531,321.3301086425781,266.08758544921875,343.0799865722656,576.0800170898438,81.7300033569336,321.0199890136719,265.7799987792969,342.7099914550781,575.3599853515625,81.65979766845703,321.2900085449219,266.0,343.05999755859375,575.8499755859375,81.7300033569336,54153,67715,9708,8508,23282
2026-08-28 12:41:00-04:00,321.0150146484375,265.5400085449219,342.6449890136719,575.2504272460938,81.60009765625,321.1499938964844,265.7900085449219,342.7799987792969,575.7899780273438,81.67500305175781,320.9750061035156,265.5400085449219,342.6199951171875,575.219970703125,81.60009765625,321.0400085449219,265.7799987792969,342.7699890136719,575.6964111328125,81.67500305175781,32390,56359,8269,13098,21314
2026-08-28 12:42:00-04:00,320.82000732421875,265.4949951171875,342.510009765625,574.9299926757812,81.62999725341797,321.0199890136719,265.635009765625,342.67999267578125,575.2000122070312,81.63999938964844,320.78009033203125,265.4501037597656,342.4700012207031,574.7999877929688,81.60009765625,321.0199890136719,265.6000061035156,342.6199951171875,575.010009765625,81.60009765625,34239,82413,11628,17251,18928
2026-08-28 12:43:00-04:00,320.7049865722656,265.6000061035156,342.45001220703125,575.0,81.5999984741211,320.8599853515625,265.67999267578125,342.6000061035156,575.260009765625,81.6500015258789,320.6499938964844,265.4519958496094,342.3999938964844,574.8201293945312,81.59500122070312,320.80059814453125,265.4519958496094,342.5199890136719,574.9299926757812,81.62999725341797,44262,44949,8177,12595,26884
2026-08-28 12:44:00-04:00,320.625,265.57000732421875,342.4700012207031,575.1347045898438,81.62999725341797,320.7900085449219,265.6400146484375,342.5299987792969,575.2000122070312,81.64990234375,320.61358642578125,265.4150085449219,342.3999938964844,574.9099731445312,81.59500122070312,320.69000244140625,265.57501220703125,342.489990234375,575.0,81.5999984741211,77413,55835,9101,9091,32332
2026-08-28 12:45:00-04:00,321.0249938964844,266.159912109375,342.92498779296875,576.2899780273438,81.6498031616211,321.0400085449219,266.1600036621094,342.95001220703125,576.4199829101562,81.6500015258789,320.6145935058594,265.5299987792969,342.4801025390625,575.239990234375,81.61000061035156,320.625,265.5299987792969,342.5050048828125,575.260009765625,81.62999725341797,79735,112499,16983,22507,19034
2026-08-28 12:46:00-04:00,321.125,265.9750061035156,342.6553955078125,575.83251953125,81.62000274658203,321.1400146484375,266.1899108886719,342.94000244140625,576.3049926757812,81.66000366210938,320.9599914550781,265.9700927734375,342.623291015625,575.4199829101562,81.62000274658203,320.989990234375,266.1000061035156,342.94000244140625,576.22998046875,81.63999938964844,48651,44080,9554,13014,20132
2026-08-28 12:47:00-04:00,321.1300048828125,265.8299865722656,342.760009765625,576.030029296875,81.63999938964844,321.2300109863281,266.07000732421875,342.8599853515625,576.0900268554688,81.65989685058594,321.0799865722656,265.739990234375,342.6000061035156,575.75,81.61090087890625,321.1300048828125,265.94000244140625,342.625,575.8350219726562,81.62000274658203,37590,93505,9854,19473,26296
2026-08-28 12:48:00-04:00,321.2850036621094,265.80999755859375,342.5799865722656,575.8499755859375,81.63999938964844,321.3399963378906,265.8800048828125,342.71990966796875,576.0800170898438,81.6500015258789,321.04998779296875,265.57501220703125,342.5357971191406,575.75,81.62000274658203,321.1400146484375,265.80999755859375,342.7099914550781,576.0349731445312,81.6500015258789,59067,44715,4918,15476,17493
2026-08-28 12:49:00-04:00,321.19000244140625,265.92498779296875,342.52099609375,575.8699951171875,81.67500305175781,321.3500061035156,265.94989013671875,342.6300048828125,576.0399780273438,81.68499755859375,321.17498779296875,265.70001220703125,342.4501037597656,575.72900390625,81.63500213623047,321.19000244140625,265.7939147949219,342.55419921875,575.8250122070312,81.63999938964844,42397,59254,19598,8719,22840
2026-08-28 12:50:00-04:00,321.0,265.6300048828125,342.3900146484375,575.2252197265625,81.66999816894531,321.19940185546875,265.9700012207031,342.55999755859375,575.9500122070312,81.68000030517578,320.82000732421875,265.6000061035156,342.25,575.1088256835938,81.66000366210938,321.18499755859375,265.96038818359375,342.52398681640625,575.8900146484375,81.66999816894531,28018,46314,13183,11757,15984
2026-08-28 12:51:00-04:00,321.0,265.7200012207031,342.5199890136719,575.3200073242188,81.68270111083984,321.05499267578125,265.7900085449219,342.5364990234375,575.47998046875,81.68270111083984,320.864990234375,265.6000061035156,342.3865051269531,575.02001953125,81.66000366210938,321.0,265.6564025878906,342.3999938964844,575.3699951171875,81.66999816894531,29301,37853,11351,8991,21607
2026-08-28 12:52:00-04:00,321.0450134277344,265.87109375,342.3699951171875,575.7899780273438,81.66519927978516,321.0899963378906,265.94000244140625,342.5199890136719,575.8800048828125,81.69999694824219,320.95001220703125,265.7200012207031,342.3699951171875,575.1500244140625,81.66000366210938,320.99591064453125,265.7550048828125,342.5199890136719,575.3150024414062,81.66999816894531,27670,38355,12540,17211,29076
2026-08-28 12:53:00-04:00,320.94000244140625,265.6700134277344,342.1700134277344,575.1506958007812,81.63999938964844,321.0599060058594,265.8999938964844,342.375,575.7196044921875,81.66500091552734,320.8900146484375,265.3901062011719,342.1700134277344,575.02001953125,81.63999938964844,320.94000244140625,265.8999938964844,342.375,575.7000122070312,81.66000366210938,28212,137420,8844,17117,21584
2026-08-28 12:54:00-04:00,320.7817077636719,265.45001220703125,342.1700134277344,574.9749755859375,81.625,321.0199890136719,265.7900085449219,342.4082946777344,575.3800048828125,81.66500091552734,320.7406005859375,265.3100891113281,342.05999755859375,574.801025390625,81.5999984741211,320.95001220703125,265.6401062011719,342.1650085449219,575.1533813476562,81.625,35644,43019,30073,10711,13809
2026-08-28 12:55:00-04:00,320.7950134277344,265.4049987792969,341.9800109863281,574.9149780273438,81.61000061035156,320.8599853515625,265.510009765625,342.239990234375,575.1500244140625,81.63690185546875,320.7699890136719,265.2699890136719,341.8800048828125,574.77001953125,81.58999633789062,320.79998779296875,265.4800109863281,342.1413879394531,575.02001953125,81.62999725341797,34662,52090,21533,10959,29537
2026-08-28 12:56:00-04:00,320.80499267578125,265.3550109863281,341.989990234375,575.094970703125,81.59950256347656,320.80999755859375,265.57000732421875,342.04998779296875,575.0999755859375,81.63140106201172,320.67999267578125,265.20001220703125,341.9100036621094,574.8350219726562,81.59500122070312,320.78009033203125,265.4049987792969,341.9849853515625,574.9600219726562,81.61499786376953,36225,62840,17313,14305,22245
2026-08-28 12:57:00-04:00,320.9150085449219,265.4750061035156,342.20001220703125,575.2800903320312,81.58999633789062,320.94970703125,265.5199890136719,342.20001220703125,575.4534301757812,81.61000061035156,320.760009765625,265.25,341.9273986816406,575.056396484375,81.58000183105469,320.7900085449219,265.3550109863281,341.989990234375,575.0859985351562,81.59500122070312,28958,34729,12687,16262,17836
2026-08-28 12:58:00-04:00,320.9549865722656,265.3599853515625,342.17999267578125,575.4550170898438,81.56999969482422,321.0150146484375,265.510009765625,342.19000244140625,575.6475219726562,81.62989807128906,320.8900146484375,265.2699890136719,342.0403137207031,575.1099853515625,81.56999969482422,320.9150085449219,265.4750061035156,342.1474914550781,575.3361206054688,81.59989929199219,39151,32587,23896,13713,21868
2026-08-28 12:59:00-04:00,320.8450012207031,265.17999267578125,341.8900146484375,575.0676879882812,81.54000091552734,320.9798889160156,265.4150085449219,342.2279968261719,575.4600219726562,81.58999633789062,320.82000732421875,265.1199951171875,341.8900146484375,575.0499877929688,81.5199966430664,320.9425964355469,265.3800048828125,342.2279968261719,575.4450073242188,81.58000183105469,29716,51126,12084,6916,39917
2026-08-28 13:00:00-04:00,320.4599914550781,265.04998779296875,341.55999755859375,574.4000244140625,81.4749984741211,320.8299865722656,265.239990234375,341.9200134277344,575.0650024414062,81.55999755859375,320.45001220703125,264.860107421875,341.5199890136719,574.35009765625,81.45999908447266,320.82000732421875,265.1499938964844,341.9200134277344,575.030029296875,81.55999755859375,55796,100231,20467,19051,39897
2026-08-28 13:01:00-04:00,320.42999267578125,264.95001220703125,342.0199890136719,574.9199829101562,81.53510284423828,320.5299987792969,265.159912109375,342.1449890136719,574.9600219726562,81.54000091552734,320.2799987792969,264.94000244140625,341.5799865722656,574.3900146484375,81.4800033569336,320.42999267578125,264.95001220703125,341.5799865722656,574.5999145507812,81.4800033569336,80149,75380,17747,13738,32058
2026-08-28 13:02:00-04:00,320.6000061035156,264.8900146484375,342.2449951171875,575.27001953125,81.51499938964844,320.6199951171875,265.010009765625,342.32000732421875,575.27001953125,81.54019927978516,320.3500061035156,264.8200988769531,341.989990234375,574.6099853515625,81.49500274658203,320.42999267578125,264.95001220703125,342.0008850097656,574.7100219726562,81.54019927978516,60773,657042,10506,11945,17078
2026-08-28 13:03:00-04:00,320.7699890136719,265.1050109863281,342.5400085449219,575.3400268554688,81.54000091552734,320.80499267578125,265.1676025390625,342.6000061035156,575.4000244140625,81.58999633789062,320.5700988769531,264.8999938964844,342.2200012207031,574.9949951171875,81.52010345458984,320.6199951171875,264.9247131347656,342.2799987792969,575.280029296875,81.52999877929688,44442,563108,19762,12878,40519
2026-08-28 13:04:00-04:00,320.70001220703125,264.9150085449219,342.3900146484375,575.1701049804688,81.54000091552734,320.8102111816406,265.1499938964844,342.5799865722656,575.6400146484375,81.55999755859375,320.625,264.8800048828125,342.3900146484375,575.1701049804688,81.53500366210938,320.7699890136719,265.1050109863281,342.5799865722656,575.2650146484375,81.55000305175781,40274,42505,11363,12450,24112
2026-08-28 13:05:00-04:00,320.5799865722656,265.0899963378906,342.2799987792969,575.3099975585938,81.59500122070312,320.7900085449219,265.1300048828125,342.42498779296875,575.4500122070312,81.59500122070312,320.5299987792969,264.8699951171875,342.2301025390625,575.1201171875,81.54000091552734,320.69500732421875,264.885009765625,342.42498779296875,575.2949829101562,81.54000091552734,33459,50270,13463,9057,29607
2026-08-28 13:06:00-04:00,320.5249938964844,264.79998779296875,342.2799987792969,575.27001953125,81.61100006103516,320.6449890136719,265.1449890136719,342.3399963378906,575.3800048828125,81.61990356445312,320.489990234375,264.760009765625,342.2699890136719,574.9299926757812,81.56800079345703,320.6000061035156,265.1300048828125,342.2950134277344,575.3099975585938,81.5999984741211,55386,62447,5468,12401,22550
2026-08-28 13:07:00-04:00,320.6401062011719,264.7500915527344,342.3699951171875,575.3432006835938,81.56500244140625,320.760009765625,264.9049987792969,342.4700012207031,575.7100219726562,81.63999938964844,320.5299987792969,264.69000244140625,342.2900085449219,575.1801147460938,81.55999755859375,320.5299987792969,264.7607116699219,342.32000732421875,575.1801147460938,81.61000061035156,50813,73452,14155,12138,18425
2026-08-28 13:08:00-04:00,320.7820129394531,264.60009765625,342.31768798828125,575.5650024414062,81.56990051269531,320.79998779296875,264.8299865722656,342.38848876953125,575.6199951171875,81.56999969482422,320.5899963378906,264.54998779296875,342.2149963378906,575.2999877929688,81.54010009765625,320.614990234375,264.7900085449219,342.364990234375,575.4216918945312,81.55999755859375,16631,80992,12435,17931,33366
2026-08-28 13:09:00-04:00,320.57000732421875,264.6050109863281,342.0849914550781,574.9099731445312,81.56999969482422,320.8299865722656,264.760009765625,342.260009765625,575.6798706054688,81.58999633789062,320.57000732421875,264.510009765625,342.07000732421875,574.8699951171875,81.55000305175781,320.79998779296875,264.6499938964844,342.260009765625,575.6798706054688,81.56999969482422,41215,72303,8015,15585,16957
2026-08-28 13:10:00-04:00,320.6401062011719,264.4849853515625,342.0400085449219,574.9149780273438,81.55999755859375,320.6680908203125,264.6099853515625,342.172607421875,575.030029296875,81.55999755859375,320.4541931152344,264.43011474609375,341.923095703125,574.610107421875,81.54499816894531,320.5799865722656,264.5799865722656,342.0299987792969,574.9149780273438,81.55979919433594,22856,96652,12713,10360,19975
2026-08-28 13:11:00-04:00,320.7799987792969,264.7850036621094,342.1300048828125,574.9824829101562,81.54000091552734,320.7974853515625,264.82989501953125,342.20001220703125,575.1799926757812,81.56990051269531,320.6199951171875,264.3900146484375,341.8699951171875,574.6300048828125,81.5250015258789,320.6499938964844,264.5199890136719,342.04998779296875,574.989990234375,81.55999755859375,29492,85067,13038,16569,23457
2026-08-28 13:12:00-04:00,320.6199951171875,265.0299987792969,342.2099914550781,575.1500244140625,81.55000305175781,320.7799987792969,265.0299987792969,342.3299865722656,575.4299926757812,81.55380249023438,320.5799865722656,264.7850036621094,342.1200866699219,574.9099731445312,81.5199966430664,320.7799987792969,264.7850036621094,342.1200866699219,575.2000122070312,81.5199966430664,51297,63668,12967,9427,12438
2026-08-28 13:13:00-04:00,320.69000244140625,265.2650146484375,342.3399963378906,575.0698852539062,81.5250015258789,320.739990234375,265.30999755859375,342.44500732421875,575.3798828125,81.56189727783203,320.5899963378906,264.9200134277344,342.2239074707031,574.9299926757812,81.5250015258789,320.6449890136719,264.9849853515625,342.25,575.27001953125,81.55000305175781,26459,66964,13147,6342,17788
2026-08-28 13:14:00-04:00,320.7699890136719,265.54998779296875,342.4599914550781,575.651611328125,81.54499816894531,320.7898864746094,265.5799865722656,342.489990234375,575.75,81.56510162353516,320.6099853515625,265.19000244140625,342.30010986328125,575.0,81.52999877929688,320.69000244140625,265.260009765625,342.3399963378906,575.0,81.52999877929688,57005,83248,7533,11818,16118
2026-08-28 13:15:00-04:00,320.260009765625,265.4112854003906,342.4117126464844,575.25,81.55000305175781,320.79998779296875,265.57000732421875,342.5400085449219,575.75,81.55000305175781,320.1000061035156,265.3500061035156,342.3599853515625,575.1950073242188,81.52010345458984,320.7799987792969,265.5400085449219,342.489990234375,575.6300048828125,81.54499816894531,70171,74522,8419,11039,12788
2026-08-28 13:16:00-04:00,320.1300048828125,265.2900085449219,342.510009765625,575.260009765625,81.54989624023438,320.2900085449219,265.4551086425781,342.5799865722656,575.4299926757812,81.55000305175781,320.0614929199219,265.18011474609375,342.3800048828125,575.1300048828125,81.5166015625,320.2550048828125,265.4551086425781,342.44000244140625,575.3648071289062,81.54550170898438,35528,51643,14027,6319,20114
2026-08-28 13:17:00-04:00,320.17999267578125,265.4849853515625,342.5299987792969,575.5999755859375,81.5199966430664,320.239990234375,265.51739501953125,342.57000732421875,575.7999877929688,81.55000305175781,320.04998779296875,265.239990234375,342.44000244140625,575.3599853515625,81.5199966430664,320.1391906738281,265.2950134277344,342.489990234375,575.4199829101562,81.54499816894531,33547,64399,6669,13498,14117
2026-08-28 13:18:00-04:00,320.1700134277344,265.2900085449219,342.3599853515625,575.5,81.5199966430664,320.2550048828125,265.55499267578125,342.57000732421875,575.8400268554688,81.55000305175781,320.0,265.2200927734375,342.32000732421875,575.3948974609375,81.51000213623047,320.20001220703125,265.5195007324219,342.5299987792969,575.60498046875,81.5199966430664,97824,46865,16138,8387,19928
2026-08-28 13:19:00-04:00,320.1600036621094,265.364990234375,342.70001220703125,575.4400024414062,81.54499816894531,320.260009765625,265.4798889160156,342.75,575.8612060546875,81.55010223388672,320.1050109863281,265.2950134277344,342.364990234375,575.4044799804688,81.52749633789062,320.1700134277344,265.32501220703125,342.70001220703125,575.5599975585938,81.52749633789062,61275,35910,15253,19041,28062
2026-08-28 13:20:00-04:00,320.17498779296875,265.2699890136719,342.5299987792969,575.0,81.5199966430664,320.3599853515625,265.54998779296875,342.7200012207031,575.4400024414062,81.54750061035156,320.1199951171875,265.2699890136719,342.5299987792969,575.0,81.5199966430664,320.1700134277344,265.3299865722656,342.6499938964844,575.4099731445312,81.54000091552734,42447,50227,14815,24925,14236
2026-08-28 13:21:00-04:00,319.90838623046875,265.2900085449219,342.60919189453125,575.423095703125,81.55000305175781,320.20001220703125,265.3500061035156,342.60919189453125,575.423095703125,81.55000305175781,319.8096923828125,265.260009765625,342.42999267578125,574.7349853515625,81.5198974609375,320.1698913574219,265.31060791015625,342.44500732421875,574.9500122070312,81.5198974609375,67790,33332,8613,15783,15017
2026-08-28 13:22:00-04:00,319.7449951171875,265.1650085449219,342.3599853515625,575.4000244140625,81.5250015258789,319.91009521484375,265.3500061035156,342.5559997558594,575.5900268554688,81.55000305175781,319.7200012207031,265.0600891113281,342.3599853515625,575.219970703125,81.5199966430664,319.90020751953125,265.32000732421875,342.5559997558594,575.3400268554688,81.55000305175781,31958,52540,7831,12178,18142
2026-08-28 13:23:00-04:00,319.614990234375,265.3349914550781,342.3900146484375,575.8300170898438,81.51000213623047,319.8299865722656,265.5,342.5199890136719,576.20361328125,81.52999877929688,319.5801086425781,265.1300964355469,342.34228515625,575.405029296875,81.51000213623047,319.614990234375,265.1600036621094,342.34228515625,575.405029296875,81.5250015258789,39059,41670,7039,35551,12805
2026-08-28 13:24:00-04:00,319.7300109863281,265.375,342.4800109863281,576.4400024414062,81.62699890136719,319.760009765625,265.489990234375,342.5400085449219,576.5499877929688,81.62699890136719,319.59820556640625,265.3013000488281,342.3500061035156,575.60009765625,81.4800033569336,319.6000061035156,265.3599853515625,342.42999267578125,576.4400024414062,81.51000213623047,38772,62968,32448,11918,68326
2026-08-28 13:25:00-04:00,319.7950134277344,265.2300109863281,342.42999267578125,575.705810546875,81.56500244140625,319.81988525390625,265.4565124511719,342.5400085449219,576.7000122070312,81.6500015258789,319.6600036621094,265.110107421875,342.36041259765625,575.530029296875,81.56500244140625,319.7179870605469,265.3900146484375,342.5400085449219,576.5499877929688,81.625,24246,46754,15235,15291,30412
2026-08-28 13:26:00-04:00,319.8399963378906,265.31500244140625,342.6300048828125,575.4401245117188,81.54499816894531,319.9285888671875,265.34991455078125,342.7200012207031,575.9860229492188,81.58000183105469,319.75,265.17999267578125,342.45001220703125,575.4221801757812,81.54000091552734,319.80999755859375,265.2300109863281,342.45001220703125,575.739990234375,81.56500244140625,34239,18285,50590,11594,18969
2026-08-28 13:27:00-04:00,319.7650146484375,265.3299865722656,342.70001220703125,575.9968872070312,81.53990173339844,319.8999938964844,265.3999938964844,342.739990234375,576.1599731445312,81.54000091552734,319.739990234375,265.2550048828125,342.6499938964844,575.7349853515625,81.5199966430664,319.84271240234375,265.31500244140625,342.6499938964844,575.7349853515625,81.54000091552734,19498,280282,23286,10395,9309
2026-08-28 13:28:00-04:00,319.739990234375,265.3327941894531,342.9200134277344,576.093994140625,81.5250015258789,319.82989501953125,265.4700012207031,343.04998779296875,576.8809204101562,81.54000091552734,319.6766052246094,265.3327941894531,342.7001037597656,576.0650024414062,81.51499938964844,319.760009765625,265.3800048828125,342.7110900878906,576.0650024414062,81.54000091552734,20027,31506,36551,21065,8847
2026-08-28 13:29:00-04:00,319.739990234375,265.260009765625,342.8999938964844,575.8400268554688,81.48989868164062,319.7900085449219,265.4100036621094,343.05499267578125,576.2999877929688,81.52999877929688,319.7101135253906,265.2101135253906,342.8999938964844,575.780029296875,81.48500061035156,319.7300109863281,265.3299865722656,342.9800109863281,576.1099853515625,81.51499938964844,21588,42838,14604,7205,20424
2026-08-28 13:30:00-04:00,319.80999755859375,265.2699890136719,342.95001220703125,576.0549926757812,81.5,319.8554992675781,265.2799987792969,343.0199890136719,576.0700073242188,81.50959777832031,319.7699890136719,265.1700134277344,342.8599853515625,575.905029296875,81.48999786376953,319.80999755859375,265.2200012207031,342.8999938964844,575.965576171875,81.49009704589844,18581,124755,13228,6271,11316
2026-08-28 13:31:00-04:00,319.8800048828125,265.2699890136719,342.8500061035156,576.5,81.51000213623047,319.9100036621094,265.29998779296875,342.9700012207031,576.5,81.5199966430664,319.7699890136719,265.1004943847656,342.7099914550781,576.0200805664062,81.47000122070312,319.8299865722656,265.2200012207031,342.92999267578125,576.1400146484375,81.50070190429688,23500,41248,14686,12158,11737
2026-08-28 13:32:00-04:00,319.95001220703125,265.2900085449219,342.82000732421875,576.6599731445312,81.5199966430664,319.9700012207031,265.2900085449219,342.8900146484375,576.6599731445312,81.52999877929688,319.8599853515625,265.1099853515625,342.5801086425781,576.1300048828125,81.51000213623047,319.909912109375,265.2749938964844,342.8900146484375,576.35009765625,81.51000213623047,42562,26681,17336,8964,16256
2026-08-28 13:33:00-04:00,319.9100036621094,265.19000244140625,342.8599853515625,576.6799926757812,81.49970245361328,320.010009765625,265.3606872558594,342.92999267578125,576.7000122070312,81.51000213623047,319.9075927734375,265.18499755859375,342.79998779296875,576.4500122070312,81.48999786376953,319.9797058105469,265.2200012207031,342.82000732421875,576.5250244140625,81.51000213623047,41630,36657,13471,11000,20552
2026-08-28 13:34:00-04:00,319.8349914550781,265.2449951171875,342.7349853515625,576.6900024414062,81.54000091552734,320.0400085449219,265.30999755859375,342.9700012207031,576.8699951171875,81.54000091552734,319.80010986328125,265.1600036621094,342.7300109863281,576.3336181640625,81.47000122070312,319.8999938964844,265.17999267578125,342.8399963378906,576.5999755859375,81.47000122070312,30728,30488,10409,12684,15298
2026-08-28 13:35:00-04:00,319.75,265.2349853515625,342.89239501953125,576.3538208007812,81.5199966430664,319.90130615234375,265.3299865722656,342.89990234375,576.7100219726562,81.54940032958984,319.75,265.1400146484375,342.7311096191406,576.155029296875,81.5199966430664,319.8374938964844,265.25,342.7699890136719,576.698974609375,81.54000091552734,37703,37267,11248,12372,22373
2026-08-28 13:36:00-04:00,319.68499755859375,265.1600036621094,342.6300964355469,576.2349853515625,81.5,319.79998779296875,265.25,342.8500061035156,576.5,81.5199966430664,319.6600036621094,265.1300048828125,342.6300964355469,576.2100219726562,81.49369812011719,319.75,265.2099914550781,342.8500061035156,576.3049926757812,81.5199966430664,27770,24236,9599,6885,10745
2026-08-28 13:37:00-04:00,319.6600036621094,264.92999267578125,342.57000732421875,576.1400146484375,81.48500061035156,319.7200012207031,265.20001220703125,342.69000244140625,576.2481079101562,81.49500274658203,319.489990234375,264.9100036621094,342.4100036621094,575.9199829101562,81.46009826660156,319.6600036621094,265.1549987792969,342.69000244140625,576.2481079101562,81.49500274658203,45410,59853,14711,9278,20688
2026-08-28 13:38:00-04:00,319.54998779296875,264.9200134277344,342.55999755859375,575.739990234375,81.45500183105469,319.739990234375,265.0299987792969,342.6199951171875,576.1699829101562,81.50050354003906,319.5400085449219,264.9100036621094,342.4949951171875,575.5800170898438,81.44999694824219,319.6700134277344,264.94500732421875,342.6000061035156,576.10498046875,81.48500061035156,40172,38893,16832,14650,29997
2026-08-28 13:39:00-04:00,319.3800048828125,264.9150085449219,342.19000244140625,575.489990234375,81.41999816894531,319.55499267578125,265.1199951171875,342.6400146484375,575.8599853515625,81.47000122070312,319.3800048828125,264.8699951171875,342.18499755859375,575.280029296875,81.41999816894531,319.55499267578125,264.9150085449219,342.6199951171875,575.739990234375,81.45500183105469,58701,68916,20272,16472,38129
2026-08-28 13:40:00-04:00,319.5050048828125,264.9849853515625,342.3201904296875,575.6599731445312,81.47000122070312,319.5899963378906,265.0,342.3500061035156,575.739990234375,81.47000122070312,319.3800964355469,264.8100891113281,342.1400146484375,575.336669921875,81.42500305175781,319.3800964355469,264.8949890136719,342.19000244140625,575.3800048828125,81.42500305175781,34285,28066,8087,12538,17638
2026-08-28 13:41:00-04:00,319.57000732421875,264.9599914550781,342.3800048828125,575.625,81.46499633789062,319.6199951171875,265.0899963378906,342.4800109863281,575.8699951171875,81.4749984741211,319.4800109863281,264.8999938964844,342.3699951171875,575.625,81.45999908447266,319.510009765625,265.010009765625,342.375,575.6599731445312,81.47129821777344,27709,39229,10375,14519,19797
2026-08-28 13:42:00-04:00,319.54010009765625,265.239990234375,342.8399963378906,576.055908203125,81.46990203857422,319.6099853515625,265.2699890136719,342.8500061035156,576.1849975585938,81.47000122070312,319.5249938964844,264.8299865722656,342.3999938964844,575.3555908203125,81.45500183105469,319.57501220703125,264.9200134277344,342.3999938964844,575.6199951171875,81.46549987792969,24920,64251,13972,10258,13830
2026-08-28 13:43:00-04:00,319.4849853515625,265.1000061035156,342.9100036621094,576.0399780273438,81.5199966430664,319.5899963378906,265.239990234375,342.94000244140625,576.1500244140625,81.5199966430664,319.4501953125,264.91009521484375,342.760009765625,575.8237915039062,81.45999908447266,319.4849853515625,265.239990234375,342.79998779296875,576.0399780273438,81.4800033569336,29585,53072,14249,10619,70377
2026-08-28 13:44:00-04:00,319.4150085449219,265.1400146484375,342.7701110839844,575.8300170898438,81.48999786376953,319.510009765625,265.2300109863281,343.0,576.114990234375,81.5199966430664,319.3800048828125,265.0899963378906,342.7701110839844,575.6229858398438,81.4800033569336,319.510009765625,265.125,342.94000244140625,576.0999755859375,81.5199966430664,20388,24069,9566,9944,16475
2026-08-28 13:45:00-04:00,319.4299011230469,265.1549987792969,342.8301086425781,575.6500244140625,81.5,319.4849853515625,265.1549987792969,342.8500061035156,575.75,81.52989959716797,319.3949890136719,265.04998779296875,342.680908203125,575.3699951171875,81.48999786376953,319.4150085449219,265.0899963378906,342.7799987792969,575.6649780273438,81.48999786376953,24071,20509,9385,11799,27652
2026-08-28 13:46:00-04:00,319.6099853515625,265.30999755859375,342.9100036621094,575.875,81.5199966430664,319.625,265.3800048828125,342.9599914550781,576.0,81.52999877929688,319.42498779296875,265.1400146484375,342.80999755859375,575.635009765625,81.48999786376953,319.42498779296875,265.1549987792969,342.80999755859375,575.635009765625,81.5,35474,30112,14873,9758,14259
2026-08-28 13:47:00-04:00,319.4599914550781,265.4200134277344,342.7799987792969,575.5800170898438,81.48999786376953,319.6499938964844,265.54998779296875,342.9100036621094,575.9099731445312,81.52999877929688,319.4599914550781,265.2200012207031,342.7799987792969,575.5800170898438,81.4728012084961,319.6199951171875,265.3500061035156,342.9100036621094,575.8134155273438,81.5199966430664,30227,45425,5801,5249,44919
2026-08-28 13:48:00-04:00,319.510009765625,265.3900146484375,342.9200134277344,575.8350219726562,81.47979736328125,319.5299987792969,265.4800109863281,342.9700012207031,575.97998046875,81.5,319.3800048828125,265.3100891113281,342.75,575.5999755859375,81.4749984741211,319.4649963378906,265.4526062011719,342.760009765625,575.6099853515625,81.4977035522461,21321,102456,8681,6600,14057
2026-08-28 13:49:00-04:00,319.4624938964844,265.385009765625,343.0002136230469,575.8250122070312,81.46499633789062,319.5299987792969,265.4599914550781,343.1099853515625,576.0344848632812,81.4800033569336,319.42999267578125,265.3399963378906,342.9599914550781,575.780029296875,81.45999908447266,319.5199890136719,265.3800048828125,343.0002136230469,575.7899780273438,81.4800033569336,16648,39042,10724,9647,11819
2026-08-28 13:50:00-04:00,319.385009765625,265.3599853515625,342.8999938964844,575.6500244140625,81.4800033569336,319.4800109863281,265.4200134277344,343.0150146484375,575.760009765625,81.49500274658203,319.3699951171875,265.29998779296875,342.82000732421875,575.5800170898438,81.45999908447266,319.4649963378906,265.3900146484375,343.0,575.760009765625,81.46499633789062,25422,32648,11096,5492,15471
2026-08-28 13:51:00-04:00,319.4700012207031,265.375,342.94000244140625,575.594970703125,81.44999694824219,319.5,265.44000244140625,343.0299987792969,575.760009765625,81.4749984741211,319.3699951171875,265.30999755859375,342.9049987792969,575.4000244140625,81.44999694824219,319.3699951171875,265.32000732421875,342.9049987792969,575.6699829101562,81.47000122070312,21547,38912,9788,9169,11594
2026-08-28 13:52:00-04:00,319.42498779296875,265.3500061035156,342.9800109863281,575.5701293945312,81.44499969482422,319.5799865722656,265.42999267578125,343.0,575.739990234375,81.44999694824219,319.41009521484375,265.3299865722656,342.9100036621094,575.5,81.4302978515625,319.4779968261719,265.3699951171875,342.94000244140625,575.5499877929688,81.44000244140625,64986,24841,4987,8895,10424
2026-08-28 13:53:00-04:00,319.57989501953125,265.2349853515625,342.8699951171875,575.747802734375,81.41999816894531,319.57989501953125,265.3999938964844,342.989990234375,576.0,81.44499969482422,319.4330139160156,265.1700134277344,342.80999755859375,575.5449829101562,81.4113998413086,319.45001220703125,265.3599853515625,342.989990234375,575.5451049804688,81.44499969482422,13863,165500,10532,7401,15228
2026-08-28 13:54:00-04:00,319.5,265.3349914550781,342.8399963378906,575.8400268554688,81.44000244140625,319.5799865722656,265.3949890136719,342.8999938964844,575.9400024414062,81.45999908447266,319.44000244140625,265.239990234375,342.7300109863281,575.630126953125,81.43000030517578,319.5,265.239990234375,342.8999938964844,575.7999877929688,81.43000030517578,30473,35642,12676,6243,11382
2026-08-28 13:55:00-04:00,319.4549865722656,265.05999755859375,342.7012023925781,575.380126953125,81.43000030517578,319.5299987792969,265.4200134277344,342.8699951171875,575.780029296875,81.45999908447266,319.3999938964844,265.0203857421875,342.70001220703125,575.380126953125,81.43000030517578,319.510009765625,265.3500061035156,342.8280944824219,575.77001953125,81.44969940185547,32676,79547,11349,11581,11852
2026-08-28 13:56:00-04:00,319.5400085449219,265.0849914550781,342.8900146484375,575.4500122070312,81.43000030517578,319.54998779296875,265.1700134277344,342.8900146484375,575.47998046875,81.44000244140625,319.40399169921875,265.0101013183594,342.7099914550781,575.27001953125,81.41000366210938,319.4549865722656,265.1000061035156,342.7449951171875,575.4262084960938,81.43000030517578,30653,28040,13063,6893,48752
2026-08-28 13:57:00-04:00,319.5849914550781,265.1000061035156,342.94000244140625,575.4400024414062,81.47000122070312,319.639892578125,265.1842956542969,343.04998779296875,575.52001953125,81.5,319.5101013183594,265.0299987792969,342.8399963378906,575.260009765625,81.43000030517578,319.5450134277344,265.1300048828125,342.8500061035156,575.4099731445312,81.43000030517578,58322,45625,17915,17067,27267
2026-08-28 13:58:00-04:00,319.68499755859375,265.3800048828125,343.1351013183594,575.4736938476562,81.49500274658203,319.69000244140625,265.489990234375,343.1499938964844,575.5,81.49500274658203,319.54998779296875,265.0849914550781,342.92999267578125,575.0020751953125,81.47000122070312,319.6199951171875,265.1050109863281,342.95001220703125,575.4052124023438,81.47000122070312,64969,38795,22332,14121,18913
2026-08-28 13:59:00-04:00,319.69000244140625,265.43499755859375,343.04998779296875,575.7999877929688,81.48999786376953,319.70001220703125,265.5,343.1099853515625,575.7999877929688,81.51000213623047,319.5600891113281,265.29998779296875,343.010009765625,575.3800048828125,81.48999786376953,319.69000244140625,265.3699951171875,343.1099853515625,575.510009765625,81.5,28911,41738,8164,12035,17055
2026-08-28 14:00:00-04:00,319.4800109863281,265.2900085449219,343.1099853515625,575.780029296875,81.5,319.7099914550781,265.4794921875,343.20989990234375,575.9500122070312,81.50499725341797,319.4601135253906,265.239990234375,343.0299987792969,575.6699829101562,81.47000122070312,319.7099914550781,265.3999938964844,343.04998779296875,575.6699829101562,81.4800033569336,24831,26348,17960,5261,14875
2026-08-28 14:01:00-04:00,319.6050109863281,265.3450012207031,343.0849914550781,576.1300048828125,81.47989654541016,319.6050109863281,265.3999938964844,343.17999267578125,576.1300048828125,81.5,319.44000244140625,265.2699890136719,342.8900146484375,575.760009765625,81.45500183105469,319.5,265.3349914550781,343.17999267578125,575.8400268554688,81.5,36022,36090,13446,12233,11600
2026-08-28 14:02:00-04:00,319.8700866699219,265.3500061035156,343.2099914550781,576.530029296875,81.5199966430664,319.8999938964844,265.3900146484375,343.25,576.6798706054688,81.5199966430664,319.6050109863281,265.2550048828125,343.0199890136719,576.0399780273438,81.4749984741211,319.6050109863281,265.3500061035156,343.0899963378906,576.1900024414062,81.4800033569336,30247,21805,10408,13836,20877
2026-08-28 14:03:00-04:00,319.8992004394531,265.1451110839844,343.3999938964844,576.8099975585938,81.52580261230469,319.8999938964844,265.3599853515625,343.3999938964844,576.8099975585938,81.52999877929688,319.80999755859375,265.1300048828125,343.2149963378906,576.469970703125,81.51499938964844,319.8900146484375,265.3500061035156,343.2149963378906,576.5599975585938,81.5250015258789,32653,26534,9663,9896,13514
2026-08-28 14:04:00-04:00,319.875,265.04998779296875,343.2900085449219,576.614990234375,81.51000213623047,319.9800109863281,265.1451110839844,343.5199890136719,576.9400024414062,81.5250015258789,319.8399963378906,264.9801025390625,343.2699890136719,576.614990234375,81.51000213623047,319.9100036621094,265.135009765625,343.42999267578125,576.8200073242188,81.5250015258789,31668,38699,15267,10283,19515
2026-08-28 14:05:00-04:00,319.8800048828125,265.1300048828125,343.29998779296875,576.6300048828125,81.51499938964844,320.0199890136719,265.17999267578125,343.3999938964844,576.7999877929688,81.54499816894531,319.8599853515625,265.0199890136719,343.239990234375,576.469970703125,81.50499725341797,319.8699951171875,265.0199890136719,343.2799987792969,576.6500244140625,81.51499938964844,57783,36362,23930,106263,36133
2026-08-28 14:06:00-04:00,319.7099914550781,264.8505859375,343.17999267578125,576.97998046875,81.51499938964844,319.889892578125,265.0799865722656,343.3349914550781,577.0689697265625,81.5250015258789,319.67010498046875,264.8299865722656,343.152099609375,576.6099853515625,81.50499725341797,319.86199951171875,265.05499267578125,343.2962951660156,576.7000122070312,81.51499938964844,35757,44971,10335,25473,20696
2026-08-28 14:07:00-04:00,319.68499755859375,264.9949951171875,343.3599853515625,576.7849731445312,81.53500366210938,319.8900146484375,265.0799865722656,343.3900146484375,577.2899780273438,81.55999755859375,319.67010498046875,264.8699951171875,343.2300109863281,576.760009765625,81.51000213623047,319.7449951171875,264.89990234375,343.2300109863281,576.989990234375,81.51499938964844,25034,30373,8570,22334,20318
2026-08-28 14:08:00-04:00,319.5682067871094,264.9200134277344,343.4100036621094,576.625,81.53500366210938,319.7106018066406,264.9949951171875,343.45001220703125,576.9500122070312,81.53990173339844,319.52301025390625,264.8500061035156,343.2900085449219,576.5399780273438,81.5250015258789,319.68499755859375,264.9700927734375,343.3299865722656,576.8189697265625,81.53500366210938,21915871,18196,15033,12260,11189
2026-08-28 14:09:00-04:00,319.635009765625,265.0799865722656,343.3500061035156,577.0,81.5199966430664,319.6723937988281,265.1099853515625,343.45001220703125,577.0,81.55000305175781,319.57000732421875,264.8999938964844,343.2900085449219,576.5800170898438,81.51499938964844,319.5899963378906,264.9100036621094,343.4150085449219,576.5800170898438,81.53500366210938,27715,44347,23034,16268,22924
2026-08-28 14:10:00-04:00,320.0398864746094,265.1700134277344,343.4949951171875,576.8499755859375,81.52999877929688,320.0398864746094,265.2300109863281,343.54998779296875,577.0999755859375,81.54000091552734,319.54998779296875,265.07000732421875,343.3699951171875,576.6500244140625,81.51000213623047,319.635009765625,265.09051513671875,343.3699951171875,577.0999755859375,81.5199966430664,45054,29762,16751,15315,23971
2026-08-28 14:11:00-04:00,319.8599853515625,265.2699890136719,343.2200012207031,577.094970703125,81.48989868164062,320.04998779296875,265.29998779296875,343.5892028808594,577.1099853515625,81.54000091552734,319.79998779296875,265.1000061035156,343.1700134277344,576.72998046875,81.48500061035156,320.0299987792969,265.18499755859375,343.54998779296875,576.8599853515625,81.52999877929688,28422,44421,31556,10252,24657
2026-08-28 14:12:00-04:00,319.79998779296875,265.2349853515625,343.43499755859375,576.6900024414062,81.45500183105469,319.8673095703125,265.3500061035156,343.4841003417969,577.2340087890625,81.49500274658203,319.6200866699219,265.1499938964844,343.2131042480469,576.5590209960938,81.45500183105469,319.8450012207031,265.29998779296875,343.2900085449219,577.1860961914062,81.48500061035156,38417,34693,11479,15635,20290
2026-08-28 14:13:00-04:00,319.68499755859375,265.27410888671875,343.3699035644531,576.2501220703125,81.42500305175781,319.89990234375,265.3299865722656,343.43499755859375,576.7999877929688,81.45999908447266,319.68499755859375,265.1099853515625,343.2099914550781,576.0599975585938,81.42030334472656,319.82501220703125,265.2304992675781,343.43499755859375,576.7999877929688,81.45500183105469,32400,56071,13437,19638,17458
2026-08-28 14:14:00-04:00,319.6499938964844,265.1099853515625,343.25,576.0399780273438,81.51000213623047,319.7250061035156,265.2900085449219,343.3800048828125,576.39501953125,81.5199966430664,319.6000061035156,265.0950012207031,343.2200012207031,575.9199829101562,81.42009735107422,319.69000244140625,265.2550048828125,343.29998779296875,576.219970703125,81.42500305175781,40782,26764,11885,14742,22215
2026-08-28 14:15:00-04:00,319.75,265.1000061035156,343.3900146484375,575.719970703125,81.5250015258789,319.7699890136719,265.1600036621094,343.3900146484375,576.02001953125,81.54000091552734,319.5799865722656,265.0799865722656,343.25,575.7000122070312,81.5,319.6401062011719,265.114990234375,343.25,575.9199829101562,81.5,25409,19000,6079,13271,25511
2026-08-28 14:16:00-04:00,319.55010986328125,265.07000732421875,343.1549987792969,575.5,81.5250015258789,319.8299865722656,265.2300109863281,343.3900146484375,576.1798706054688,81.53500366210938,319.55010986328125,265.05999755859375,343.1499938964844,575.469970703125,81.5199966430664,319.7691955566406,265.0799865722656,343.3399963378906,575.760009765625,81.52999877929688,29305,34543,9744,13866,34138
2026-08-28 14:17:00-04:00,319.4901123046875,265.0,343.07000732421875,575.385009765625,81.5250015258789,319.5799865722656,265.05999755859375,343.1600036621094,575.530029296875,81.52999877929688,319.4325866699219,264.95001220703125,343.0101013183594,575.1099853515625,81.5,319.56500244140625,265.0299987792969,343.06500244140625,575.3599853515625,81.5250015258789,25954,28828,24025,12506,17066
2026-08-28 14:18:00-04:00,319.6400146484375,265.0325012207031,343.2049865722656,575.144287109375,81.54499816894531,319.6400146484375,265.1449890136719,343.2200012207031,575.5399780273438,81.55000305175781,319.5,265.0,343.0950012207031,575.0900268554688,81.5199966430664,319.5150146484375,265.0199890136719,343.1000061035156,575.385009765625,81.5250015258789,23009,18019,16616,309308,23342
2026-08-28 14:19:00-04:00,319.6099853515625,265.0150146484375,343.3299865722656,575.1500244140625,81.51499938964844,319.6499938964844,265.05999755859375,343.3999938964844,575.2899780273438,81.55000305175781,319.5799865722656,264.95001220703125,343.2049865722656,574.860107421875,81.51499938964844,319.635009765625,265.0350036621094,343.2049865722656,575.1799926757812,81.54499816894531,14206,18986,19428,22564,14048
2026-08-28 14:20:00-04:00,319.5799865722656,265.54998779296875,343.42999267578125,574.989990234375,81.5,319.67999267578125,265.5899963378906,343.4800109863281,575.260009765625,81.53340148925781,319.5199890136719,265.010009765625,343.3299865722656,574.969970703125,81.49500274658203,319.614990234375,265.0150146484375,343.3599853515625,575.1500244140625,81.51499938964844,20415,112116,12486,15501,20972
2026-08-28 14:21:00-04:00,319.6199951171875,265.57000732421875,343.29998779296875,575.030029296875,81.49500274658203,319.6600036621094,265.6300048828125,343.489990234375,575.0698852539062,81.51499938964844,319.5260925292969,265.4826965332031,343.260009765625,574.8699951171875,81.49500274658203,319.5899963378906,265.5199890136719,343.45001220703125,574.9849853515625,81.50499725341797,11824,40462,10728,15644,16777
2026-08-28 14:22:00-04:00,319.4849853515625,265.5350036621094,343.4150085449219,575.0999755859375,81.51499938964844,319.6299133300781,265.6300048828125,343.4150085449219,575.2537841796875,81.51499938964844,319.4800109863281,265.4949951171875,343.2200012207031,574.7000122070312,81.4801025390625,319.6050109863281,265.57501220703125,343.3299865722656,575.0,81.49500274658203,23578,71338,9441,14003,15889
2026-08-28 14:23:00-04:00,319.44000244140625,265.3450012207031,342.989990234375,574.3300170898438,81.5,319.489990234375,265.5899963378906,343.42498779296875,575.3200073242188,81.52999877929688,319.4100036621094,265.2950134277344,342.95001220703125,574.3300170898438,81.5,319.4849853515625,265.5450134277344,343.42498779296875,575.2000122070312,81.5199966430664,45075,38204,27179,18048,23938
2026-08-28 14:24:00-04:00,319.4800109863281,265.44000244140625,342.94000244140625,574.8001098632812,81.49500274658203,319.5249938964844,265.44500732421875,343.0,574.989990234375,81.51000213623047,319.3999938964844,265.32501220703125,342.93499755859375,574.3250122070312,81.48999786376953,319.4549865722656,265.3518981933594,342.989990234375,574.47998046875,81.5,50016,43965,12256,14711,24017
2026-08-28 14:25:00-04:00,319.5299987792969,265.260009765625,342.7099914550781,574.364990234375,81.47000122070312,319.57000732421875,265.5,342.9601135253906,575.1099853515625,81.51000213623047,319.4700927734375,265.2300109863281,342.6499938964844,574.2803955078125,81.47000122070312,319.4700927734375,265.44500732421875,342.9601135253906,574.9400024414062,81.49500274658203,31271,40334,31257,20493,21371
2026-08-28 14:26:00-04:00,319.6099853515625,265.2650146484375,342.6499938964844,574.4500122070312,81.51499938964844,319.6700134277344,265.31500244140625,342.79998779296875,574.6298828125,81.5199966430664,319.5201110839844,265.18798828125,342.6199951171875,574.2899780273438,81.47000122070312,319.6099853515625,265.2850036621094,342.760009765625,574.3599853515625,81.4800033569336,22540992,34618,27920,9533,15051
2026-08-28 14:27:00-04:00,319.6000061035156,265.39990234375,342.6499938964844,574.5900268554688,81.54000091552734,319.70001220703125,265.42999267578125,342.7799987792969,574.7017822265625,81.56999969482422,319.55999755859375,265.2950134277344,342.6000061035156,574.4099731445312,81.51499938964844,319.6099853515625,265.29998779296875,342.6499938964844,574.4099731445312,81.51499938964844,31593,35339,16799,12648,45971
2026-08-28 14:28:00-04:00,319.6200866699219,265.3900146484375,342.739990234375,574.4550170898438,81.55000305175781,319.6400146484375,265.4700012207031,342.7674865722656,574.7449951171875,81.55999755859375,319.5,265.32000732421875,342.6499938964844,574.3001098632812,81.53500366210938,319.5899963378906,265.3753967285156,342.6813049316406,574.5900268554688,81.54499816894531,25278,67706,11316,14354,18482
2026-08-28 14:29:00-04:00,319.5400085449219,265.29998779296875,342.57000732421875,574.5050048828125,81.55000305175781,319.6449890136719,265.45001220703125,342.7300109863281,574.6900024414062,81.56999969482422,319.5299987792969,265.2799987792969,342.5299987792969,574.4099731445312,81.54000091552734,319.6351013183594,265.4200134277344,342.7200012207031,574.5800170898438,81.55999755859375,23240,44491,13329,11572,17141
2026-08-28 14:30:00-04:00,319.6000061035156,265.3900146484375,342.8118896484375,574.719970703125,81.5250015258789,319.6449890136719,265.42999267578125,342.8500061035156,574.8300170898438,81.55999755859375,319.5199890136719,265.30499267578125,342.54998779296875,574.4249877929688,81.5199966430664,319.54998779296875,265.3599853515625,342.5740051269531,574.5499877929688,81.55000305175781,25068,62602,22426,10578,24246
2026-08-28 14:31:00-04:00,319.6499938964844,265.4200134277344,342.9649963378906,575.1199951171875,81.56999969482422,319.67999267578125,265.510009765625,342.9739990234375,575.5,81.58000183105469,319.55499267578125,265.25750732421875,342.79998779296875,574.760009765625,81.51940155029297,319.6499938964844,265.3699951171875,342.79998779296875,574.8300170898438,81.52980041503906,36704,102393,12543,19314,22778
2026-08-28 14:32:00-04:00,319.6300048828125,265.3900146484375,342.8147888183594,575.2000122070312,81.55999755859375,319.739990234375,265.4800109863281,342.973388671875,575.3115234375,81.57830047607422,319.6109924316406,265.3599853515625,342.739990234375,574.8433837890625,81.55999755859375,319.6499938964844,265.3800048828125,342.9469909667969,575.114990234375,81.57499694824219,25756,50596,12132,13042,14738
2026-08-28 14:33:00-04:00,319.6600036621094,265.10089111328125,342.80999755859375,575.3800048828125,81.54499816894531,319.69000244140625,265.389892578125,342.9200134277344,575.3800048828125,81.57499694824219,319.5899963378906,265.010009765625,342.739990234375,575.0,81.53009796142578,319.6449890136719,265.375,342.823486328125,575.1649780273438,81.56500244140625,21062,46957,12366,10047,23458
2026-08-28 14:34:00-04:00,319.6300048828125,265.17498779296875,342.80999755859375,575.5999755859375,81.55000305175781,319.739990234375,265.2300109863281,342.92999267578125,575.739990234375,81.56500244140625,319.55999755859375,265.0799865722656,342.7799987792969,575.280029296875,81.54000091552734,319.6650085449219,265.1099853515625,342.81201171875,575.3049926757812,81.54630279541016,24457,21025,12043,14659,22512
2026-08-28 14:35:00-04:00,319.6554870605469,265.2550048828125,342.8599853515625,575.9401245117188,81.54499816894531,319.69000244140625,265.260009765625,342.8699951171875,576.0800170898438,81.56500244140625,319.6050109863281,265.1400146484375,342.7149963378906,575.469970703125,81.54000091552734,319.6199951171875,265.19769287109375,342.82000732421875,575.5108032226562,81.55500030517578,25175,36134,14036,14422,17530
2026-08-28 14:36:00-04:00,319.54998779296875,265.17498779296875,342.82501220703125,576.02001953125,81.54429626464844,319.6600036621094,265.2900085449219,342.8999938964844,576.2999877929688,81.55999755859375,319.42999267578125,265.1300048828125,342.7650146484375,575.9199829101562,81.53500366210938,319.6499938964844,265.24200439453125,342.80999755859375,575.9400024414062,81.54499816894531,52444,30713,16494,17889,20063
2026-08-28 14:37:00-04:00,319.6000061035156,265.29998779296875,342.7850036621094,576.5050048828125,81.5999984741211,319.63751220703125,265.29998779296875,342.8500061035156,576.6300048828125,81.62010192871094,319.510009765625,265.1400146484375,342.67999267578125,576.0123901367188,81.55000305175781,319.54998779296875,265.19000244140625,342.7850036621094,576.0800170898438,81.55000305175781,28779,38220,24469,13730,21692
2026-08-28 14:38:00-04:00,319.6099853515625,265.2550048828125,342.7417907714844,576.89501953125,81.57499694824219,319.6700134277344,265.3500061035156,342.8194885253906,576.9600219726562,81.58999633789062,319.5799865722656,265.20001220703125,342.68701171875,576.3350219726562,81.57499694824219,319.6000061035156,265.29998779296875,342.79998779296875,576.530029296875,81.58999633789062,30575,23543,14622,26210,13175
2026-08-28 14:39:00-04:00,319.5299987792969,265.20001220703125,342.7900085449219,576.905029296875,81.57499694824219,319.6300048828125,265.2699890136719,342.8299865722656,577.22998046875,81.58999633789062,319.4800109863281,265.18011474609375,342.7200012207031,576.7999877929688,81.56999969482422,319.625,265.2550048828125,342.82000732421875,576.8004760742188,81.56999969482422,22142,36162,19155,29241,28284
2026-08-28 14:40:00-04:00,319.69000244140625,265.6650085449219,342.8949890136719,576.9349975585938,81.58999633789062,319.7084045410156,265.6849060058594,342.92999267578125,577.1400146484375,81.59500122070312,319.5450134277344,265.20001220703125,342.7900085449219,576.8300170898438,81.57499694824219,319.55999755859375,265.2200012207031,342.7900085449219,576.9400024414062,81.57499694824219,41649,57096,7718,19441,21148
2026-08-28 14:41:00-04:00,319.6499938964844,265.6099853515625,342.8299865722656,576.614990234375,81.59500122070312,319.70001220703125,265.69000244140625,343.0,577.0599975585938,81.5999984741211,319.6055908203125,265.57000732421875,342.80499267578125,576.25,81.58499908447266,319.67999267578125,265.6700134277344,342.9049987792969,576.989990234375,81.58499908447266,31328,33299,30826,29970,22881
2026-08-28 14:42:00-04:00,319.67498779296875,265.64910888671875,343.0,576.9349975585938,81.63919830322266,319.75,265.6700134277344,343.0,577.1900024414062,81.63999938964844,319.6199951171875,265.5050048828125,342.79998779296875,576.580078125,81.58000183105469,319.6600036621094,265.6300048828125,342.8399963378906,576.6699829101562,81.59500122070312,25726,43790,25310,30482,57617
2026-08-28 14:43:00-04:00,319.6099853515625,265.5299987792969,343.07000732421875,576.9598999023438,81.625,319.7300109863281,265.6600036621094,343.07000732421875,577.0800170898438,81.63999938964844,319.5899963378906,265.4901123046875,342.9100036621094,576.8200073242188,81.61000061035156,319.67498779296875,265.635009765625,342.9599914550781,576.9400024414062,81.63999938964844,26725,34047,32777,14382,29404
2026-08-28 14:44:00-04:00,319.5950012207031,265.75,343.30999755859375,577.2551879882812,81.63500213623047,319.6499938964844,265.7799072265625,343.3399963378906,577.2999877929688,81.63500213623047,319.5799865722656,265.54998779296875,343.0799865722656,576.8200073242188,81.62000274658203,319.6099853515625,265.54998779296875,343.1000061035156,576.989990234375,81.625,28025,35275,12319,14656,17200
2026-08-28 14:45:00-04:00,319.474609375,265.67999267578125,343.20001220703125,576.9199829101562,81.59500122070312,319.614990234375,265.8999938964844,343.5,577.489990234375,81.63500213623047,319.4700012207031,265.6400146484375,343.19000244140625,576.860107421875,81.59010314941406,319.5899963378906,265.74249267578125,343.30999755859375,577.2150268554688,81.62999725341797,28206,68184,27482,21496,23449
2026-08-28 14:46:00-04:00,319.5,265.5199890136719,343.2749938964844,576.530029296875,81.61000061035156,319.5249938964844,265.6549987792969,343.3299865722656,577.3499755859375,81.61499786376953,319.40008544921875,265.5,343.2099914550781,576.530029296875,81.59010314941406,319.4849853515625,265.6549987792969,343.2699890136719,576.9199829101562,81.59500122070312,39718,56124,13074,19019,20175
2026-08-28 14:47:00-04:00,319.6199951171875,265.4599914550781,343.2200012207031,576.0960083007812,81.61000061035156,319.6600036621094,265.5299987792969,343.3599853515625,576.52001953125,81.61499786376953,319.4700012207031,265.4007873535156,343.19000244140625,576.0200805664062,81.60009765625,319.5050048828125,265.5299987792969,343.2099914550781,576.52001953125,81.61000061035156,44652,841305,22425,17446,17272
2026-08-28 14:48:00-04:00,319.4649963378906,265.17999267578125,343.0050048828125,575.5250244140625,81.54989624023438,319.6400146484375,265.5199890136719,343.25,576.1599731445312,81.5999984741211,319.4649963378906,265.1400146484375,342.989990234375,575.4323120117188,81.54989624023438,319.625,265.4800109863281,343.2200012207031,576.1300048828125,81.5999984741211,667235,87135,29095,11043,32225
2026-08-28 14:49:00-04:00,319.4599914550781,265.2687072753906,343.0350036621094,575.0700073242188,81.58499908447266,319.5299987792969,265.3299865722656,343.1050109863281,575.489990234375,81.60990142822266,319.4200134277344,265.19000244140625,343.0350036621094,575.0001220703125,81.54499816894531,319.4700012207031,265.19000244140625,343.0799865722656,575.469970703125,81.54499816894531,29894,60913,9902,9385,27262
2026-08-28 14:50:00-04:00,319.2200012207031,265.1700134277344,342.93499755859375,574.7999877929688,81.625,319.4800109863281,265.2679138183594,343.1199951171875,575.1884765625,81.63500213623047,319.2200012207031,265.1199951171875,342.9100036621094,574.6799926757812,81.58999633789062,319.4599914550781,265.2449951171875,343.0249938964844,575.0,81.59439849853516,95031,53260,15463,18125,17199
2026-08-28 14:51:00-04:00,319.2650146484375,265.1700134277344,343.0799865722656,574.6906127929688,81.6500015258789,319.284912109375,265.3699951171875,343.1199951171875,574.9400024414062,81.6500015258789,319.160888671875,265.1499938964844,342.8999938964844,574.3001098632812,81.58999633789062,319.2200927734375,265.1600036621094,342.92999267578125,574.6799926757812,81.62000274658203,63997,77156,26065,25989,36348
2026-08-28 14:52:00-04:00,319.1300048828125,264.8900146484375,343.0899963378906,574.530029296875,81.61499786376953,319.2900085449219,265.25,343.20001220703125,575.2498779296875,81.6500015258789,319.04998779296875,264.8800048828125,343.06500244140625,574.4801025390625,81.61000061035156,319.1300048828125,265.1700134277344,343.07501220703125,574.625,81.6500015258789,45676,112103,42107,19787,23020
2026-08-28 14:53:00-04:00,319.4599914550781,265.06500244140625,343.2749938964844,574.594970703125,81.62000274658203,319.5,265.1000061035156,343.29998779296875,574.6900024414062,81.62989807128906,319.1000061035156,264.81500244140625,343.09991455078125,574.4650268554688,81.5999984741211,319.1400146484375,264.885009765625,343.1199951171875,574.594970703125,81.61499786376953,109113,69113,15226,11343,19983
2026-08-28 14:54:00-04:00,319.489990234375,264.94000244140625,343.4049987792969,574.8099975585938,81.61499786376953,319.5498962402344,265.07000732421875,343.5,575.027587890625,81.62000274658203,319.3900146484375,264.864990234375,343.2533874511719,574.5,81.5999984741211,319.4800109863281,265.06500244140625,343.2900085449219,574.5,81.61990356445312,44058,40340,27853,12529,22187
2026-08-28 14:55:00-04:00,319.4599914550781,264.92999267578125,343.4700012207031,574.5700073242188,81.625,319.4700012207031,265.0,343.6600036621094,574.8300170898438,81.62999725341797,319.30499267578125,264.7699890136719,343.260009765625,574.4000244140625,81.6050033569336,319.4700012207031,264.92999267578125,343.4200134277344,574.7100219726562,81.61499786376953,44606,49511,43260,22440,21340
2026-08-28 14:56:00-04:00,319.4849853515625,265.05999755859375,343.4800109863281,574.3101196289062,81.63999938964844,319.5,265.0799865722656,343.57000732421875,574.8900146484375,81.6500015258789,319.385009765625,264.9599914550781,343.3999938964844,574.3101196289062,81.6050033569336,319.4700012207031,264.9700012207031,343.489990234375,574.4666748046875,81.625,44748,33136,14684,12224,64220
2026-08-28 14:57:00-04:00,319.6099853515625,265.002685546875,343.3999938964844,574.1400146484375,81.63999938964844,319.6893005371094,265.1000061035156,343.4800109863281,574.489990234375,81.65499877929688,319.4849853515625,264.95001220703125,343.32000732421875,574.1099853515625,81.625,319.4849853515625,265.07000732421875,343.44500732421875,574.4351196289062,81.63999938964844,41013,36217,16396,12845,24114
2026-08-28 14:58:00-04:00,319.7799987792969,265.0199890136719,343.30999755859375,574.2999877929688,81.63500213623047,319.7799987792969,265.07501220703125,343.4198913574219,574.3599853515625,81.63999938964844,319.5849914550781,264.94000244140625,343.2900085449219,574.0999755859375,81.625,319.6300048828125,265.03509521484375,343.3999938964844,574.1099853515625,81.63999938964844,39978,41995,25941,12466,15269
2026-08-28 14:59:00-04:00,319.81500244140625,265.1499938964844,343.3500061035156,573.9749755859375,81.62000274658203,319.81500244140625,265.2099914550781,343.3800048828125,574.3800048828125,81.63999938964844,319.6401062011719,265.0199890136719,343.2950134277344,573.8800048828125,81.62000274658203,319.7900085449219,265.04998779296875,343.3450012207031,574.2999877929688,81.63999938964844,48538,64556,11910,25415,20757
2026-08-28 15:00:00-04:00,319.489990234375,265.04998779296875,343.29998779296875,574.0999755859375,81.67500305175781,319.8493957519531,265.19000244140625,343.42999267578125,574.2899780273438,81.68499755859375,319.4800109863281,265.0,343.2699890136719,573.989990234375,81.625,319.82000732421875,265.1199951171875,343.3550109863281,574.0350952148438,81.62989807128906,67488,34369,16199,18827,30001
2026-08-28 15:01:00-04:00,319.5400085449219,265.239990234375,343.57000732421875,575.2150268554688,81.70950317382812,319.5799865722656,265.239990234375,343.57000732421875,575.2999877929688,81.70950317382812,319.42999267578125,265.0400085449219,343.30499267578125,574.1199951171875,81.66999816894531,319.5400085449219,265.0400085449219,343.3299865722656,574.1199951171875,81.70950317382812,43030,61124,27125,24700,17244
2026-08-28 15:02:00-04:00,319.3999938964844,265.17999267578125,343.70001220703125,575.6900024414062,81.6500015258789,319.57000732421875,265.29998779296875,343.70001220703125,575.6900024414062,81.7166976928711,319.3699951171875,265.06500244140625,343.5,575.1099853515625,81.6500015258789,319.5450134277344,265.2250061035156,343.57000732421875,575.2999877929688,81.70999908447266,32247,49419,19425,20909,74306
2026-08-28 15:03:00-04:00,319.510009765625,265.2300109863281,343.6499938964844,575.5349731445312,81.65229797363281,319.5289001464844,265.2550048828125,343.6711120605469,575.6220703125,81.66999816894531,319.3301086425781,265.1000061035156,343.5,575.27001953125,81.6449966430664,319.3900146484375,265.17999267578125,343.6711120605469,575.5701293945312,81.65499877929688,48368,25887,11737,9317,17948
2026-08-28 15:04:00-04:00,319.7373962402344,265.1300048828125,343.7410888671875,575.9509887695312,81.7249984741211,319.739990234375,265.2550048828125,343.760009765625,576.2899780273438,81.7249984741211,319.510009765625,265.04998779296875,343.55010986328125,575.5499877929688,81.66500091552734,319.510009765625,265.20001220703125,343.6400146484375,575.6099853515625,81.66999816894531,39790,34253,31222,33378,17352
2026-08-28 15:05:00-04:00,319.75,265.2099914550781,343.9100036621094,576.8400268554688,81.70500183105469,319.81988525390625,265.2449951171875,343.9100036621094,576.9190063476562,81.73999786376953,319.7099914550781,265.04998779296875,343.70001220703125,576.0599975585938,81.70500183105469,319.739990234375,265.1300048828125,343.7250061035156,576.3198852539062,81.7249984741211,43018,36989,16810,25076,24878
2026-08-28 15:06:00-04:00,319.8500061035156,265.1300048828125,343.9440002441406,577.02001953125,81.70999908447266,319.889892578125,265.2699890136719,344.0,577.02001953125,81.70999908447266,319.71051025390625,265.1099853515625,343.79998779296875,576.4901123046875,81.69000244140625,319.7550048828125,265.2099914550781,343.9100036621094,576.6900024414062,81.70500183105469,65634,46347,32693,20768,20044
2026-08-28 15:07:00-04:00,319.75,265.19000244140625,343.9700012207031,576.9000244140625,81.72000122070312,319.83740234375,265.19000244140625,343.9700012207031,576.9500122070312,81.7300033569336,319.7099914550781,265.04998779296875,343.82000732421875,576.469970703125,81.69000244140625,319.8299865722656,265.1300048828125,343.94000244140625,576.9224853515625,81.70999908447266,40573,35190,17930,18192,28420
2026-08-28 15:08:00-04:00,319.7250061035156,265.1549987792969,343.9700012207031,577.002197265625,81.73500061035156,319.8299865722656,265.25,344.10699462890625,577.14501953125,81.73999786376953,319.4800109863281,265.1400146484375,343.8900146484375,576.8250122070312,81.69999694824219,319.7300109863281,265.19500732421875,343.9100036621094,576.8524780273438,81.7249984741211,68754,37213,27289,23803,19701
2026-08-28 15:09:00-04:00,319.5899963378906,265.4150085449219,344.42999267578125,577.5800170898438,81.73989868164062,319.75,265.42999267578125,344.42999267578125,577.5900268554688,81.73999786376953,319.4800109863281,265.1499938964844,343.92999267578125,576.9000244140625,81.70999908447266,319.75,265.1575012207031,343.9599914550781,576.9099731445312,81.7249984741211,84117,53746,22541,20755,17064
2026-08-28 15:10:00-04:00,319.6549987792969,265.29998779296875,344.1400146484375,577.2100219726562,81.7300033569336,319.7499084472656,265.4700012207031,344.5199890136719,577.7000122070312,81.73999786376953,319.5199890136719,265.2900085449219,344.0920104980469,577.1400146484375,81.72000122070312,319.5849914550781,265.4150085449219,344.4114990234375,577.6099853515625,81.73999786376953,41187,39788,49318,21968,18377
2026-08-28 15:11:00-04:00,319.6099853515625,265.2900085449219,344.1650085449219,577.4249877929688,81.72989654541016,319.739990234375,265.35528564453125,344.2300109863281,577.5,81.74500274658203,319.55999755859375,265.2200012207031,344.1099853515625,577.2501220703125,81.70500183105469,319.6700134277344,265.30999755859375,344.18499755859375,577.3400268554688,81.73500061035156,31728,43559,15053,13235,31182
2026-08-28 15:12:00-04:00,319.3800048828125,265.3973083496094,344.2699890136719,577.5399780273438,81.73500061035156,319.6700134277344,265.3973083496094,344.2922058105469,577.6300048828125,81.73999786376953,319.3599853515625,265.260009765625,344.1400146484375,577.22998046875,81.72000122070312,319.6099853515625,265.2900085449219,344.1650085449219,577.364990234375,81.72599792480469,25143640,58913,21970,20129,15002
2026-08-28 15:13:00-04:00,319.5050048828125,265.4049987792969,343.9599914550781,576.72998046875,81.70999908447266,319.55999755859375,265.42999267578125,344.2300109863281,577.5349731445312,81.73760223388672,319.239990234375,265.2900085449219,343.94580078125,576.4500122070312,81.69000244140625,319.3699951171875,265.3800048828125,344.2300109863281,577.5150146484375,81.73500061035156,50997,70852,21759,35066,50344
2026-08-28 15:14:00-04:00,319.6400146484375,265.4049987792969,344.0249938964844,576.864990234375,81.71499633789062,319.7200012207031,265.4599914550781,344.1400146484375,577.0,81.7249984741211,319.4700927734375,265.3399963378906,343.9442138671875,576.5999755859375,81.70500183105469,319.5,265.39520263671875,343.9599914550781,576.6701049804688,81.70999908447266,40600,30121,13522,16577,25070
2026-08-28 15:15:00-04:00,319.6099853515625,265.3699951171875,343.95001220703125,576.780029296875,81.68499755859375,319.7699890136719,265.4100036621094,344.1600036621094,577.0899047851562,81.7354965209961,319.6099853515625,265.2749938964844,343.9100036621094,576.7301025390625,81.68499755859375,319.6099853515625,265.3800048828125,344.0000915527344,576.864990234375,81.71499633789062,39949,44519,39587,13757,70637
2026-08-28 15:16:00-04:00,319.7502136230469,265.3299865722656,343.9150085449219,576.8350219726562,81.72000122070312,319.8699951171875,265.3999938964844,344.010009765625,577.0900268554688,81.72000122070312,319.6300048828125,265.29998779296875,343.9100036621094,576.719970703125,81.68000030517578,319.6300048828125,265.3699951171875,343.989990234375,576.8699951171875,81.68499755859375,49814,41670,13824,12125,22799
2026-08-28 15:17:00-04:00,319.7699890136719,265.17498779296875,343.82501220703125,576.97998046875,81.7125015258789,319.7864990234375,265.3500061035156,343.9599914550781,577.2698974609375,81.72000122070312,319.6401062011719,265.15008544921875,343.80999755859375,576.8350219726562,81.70500183105469,319.7550048828125,265.3299865722656,343.9150085449219,576.9400024414062,81.70999908447266,37859,42789,15891,6628,16791
2026-08-28 15:18:00-04:00,319.79998779296875,265.06500244140625,343.7049865722656,576.3883056640625,81.70010375976562,319.8550109863281,265.2149963378906,343.7900085449219,577.155029296875,81.7300033569336,319.760009765625,265.0400085449219,343.6499938964844,576.3699951171875,81.70010375976562,319.7699890136719,265.17498779296875,343.78009033203125,576.97998046875,81.71499633789062,44027,57451,19332,18674,28415
2026-08-28 15:19:00-04:00,319.760009765625,265.0350036621094,343.7099914550781,575.9299926757812,81.68930053710938,319.80999755859375,265.1288146972656,343.7699890136719,576.4500122070312,81.72000122070312,319.7049865722656,265.0,343.67999267578125,575.8800048828125,81.68499755859375,319.7850036621094,265.04998779296875,343.7049865722656,576.3800048828125,81.70500183105469,46973,85529,13372,18884,48669
2026-08-28 15:20:00-04:00,319.70001220703125,265.19500732421875,343.81500244140625,576.8200073242188,81.70249938964844,319.8399963378906,265.239990234375,343.8544921875,577.0,81.71499633789062,319.69000244140625,265.0101013183594,343.70001220703125,575.9249877929688,81.68000030517578,319.75,265.0199890136719,343.7200012207031,575.9600219726562,81.68000030517578,43272,53554,23515,13253,31459
2026-08-28 15:21:00-04:00,319.864990234375,265.3399963378906,344.03509521484375,577.0,81.75499725341797,319.864990234375,265.4175109863281,344.1000061035156,577.2999877929688,81.76000213623047,319.67999267578125,265.20001220703125,343.7950134277344,576.7100219726562,81.69499969482422,319.6947021484375,265.20001220703125,343.79998779296875,576.7882080078125,81.70999908447266,41968,51070,25217,13390,41063
2026-08-28 15:22:00-04:00,319.9150085449219,265.2699890136719,343.9599914550781,577.489990234375,81.73999786376953,319.989990234375,265.3699951171875,344.114990234375,577.4998779296875,81.75,319.82000732421875,265.2304992675781,343.8599853515625,576.947021484375,81.7300033569336,319.864990234375,265.3500061035156,344.0199890136719,576.989990234375,81.75,49503,46237,9340,20340,22159
2026-08-28 15:23:00-04:00,319.7699890136719,265.20001220703125,343.875,576.9749755859375,81.69999694824219,319.9150085449219,265.32501220703125,344.04998779296875,577.5131225585938,81.75499725341797,319.7699890136719,265.1675109863281,343.82501220703125,576.9199829101562,81.69049835205078,319.9150085449219,265.2756042480469,344.0,577.3699951171875,81.74500274658203,42769,39749,10623,12715,34862
2026-08-28 15:24:00-04:00,319.7099914550781,265.3500061035156,343.92999267578125,577.155029296875,81.69499969482422,319.7799987792969,265.3699951171875,343.9800109863281,577.155029296875,81.70989990234375,319.69000244140625,265.19000244140625,343.8500061035156,576.79931640625,81.69000244140625,319.7650146484375,265.19000244140625,343.8500061035156,576.8900146484375,81.69509887695312,38124,42148,10665,13381,33085
2026-08-28 15:25:00-04:00,319.760009765625,265.42999267578125,344.0,577.0399780273438,81.72000122070312,319.82000732421875,265.42999267578125,344.0,577.2100219726562,81.72750091552734,319.69000244140625,265.3113098144531,343.91009521484375,576.9199829101562,81.69999694824219,319.70001220703125,265.3599853515625,343.9700012207031,577.0999755859375,81.69999694824219,38786,45977,11315,19285,35626
2026-08-28 15:26:00-04:00,319.75,265.6600036621094,344.0150146484375,577.2224731445312,81.72000122070312,319.79998779296875,265.67999267578125,344.2099914550781,577.3499755859375,81.72000122070312,319.67999267578125,265.43499755859375,343.9800109863281,577.0,81.71009826660156,319.7900085449219,265.44000244140625,344.0150146484375,577.0,81.72000122070312,49964,80057,26756,14699,16571
2026-08-28 15:27:00-04:00,319.760009765625,265.94500732421875,343.989990234375,577.3300170898438,81.72000122070312,319.82000732421875,265.9800109863281,344.125,577.3699951171875,81.7300033569336,319.70001220703125,265.65020751953125,343.9501037597656,577.1380004882812,81.66999816894531,319.7550048828125,265.6549987792969,344.0400085449219,577.1380004882812,81.71499633789062,55369,89736,10273,22997,98735
2026-08-28 15:28:00-04:00,319.7099914550781,265.81500244140625,344.114990234375,577.3800048828125,81.77799987792969,319.7850036621094,265.95001220703125,344.1600036621094,577.3900146484375,81.77799987792969,319.6400146484375,265.7900085449219,343.964111328125,577.1099853515625,81.72000122070312,319.739990234375,265.92999267578125,343.989990234375,577.3800048828125,81.77799987792969,55264,84628,15263,22523,117282
2026-08-28 15:29:00-04:00,319.5450134277344,266.0400085449219,344.0368957519531,577.3499755859375,81.80000305175781,319.70001220703125,266.0400085449219,344.1300048828125,577.4400024414062,81.80500030517578,319.5299987792969,266.0400085449219,343.9800109863281,577.260009765625,81.76000213623047,319.68499755859375,266.0400085449219,344.1299133300781,577.3200073242188,81.7699966430664,47387,96335,24201,12851,45538
2026-08-28 15:30:00-04:00,319.7825927734375,265.9750061035156,343.989990234375,577.1950073242188,81.76000213623047,319.7900085449219,266.135009765625,344.1000061035156,577.3613891601562,81.80989837646484,319.5,265.9200134277344,343.8999938964844,577.1400146484375,81.7500991821289,319.7825927734375,266.07501220703125,344.0199890136719,577.3499755859375,81.80000305175781,80502,90268,24413,26244,27029
2026-08-28 15:31:00-04:00,319.80999755859375,265.8599853515625,344.0365905761719,577.1799926757812,81.82499694824219,319.8550109863281,266.026611328125,344.1199951171875,577.4400024414062,81.83999633789062,319.739990234375,265.82000732421875,343.95001220703125,577.1599731445312,81.75499725341797,319.7900085449219,265.9750061035156,344.0199890136719,577.1749877929688,81.75499725341797,47914,89870,21832,18006,47676
2026-08-28 15:32:00-04:00,319.9054870605469,265.89990234375,344.1000061035156,577.1599731445312,81.81999969482422,319.92999267578125,265.9200134277344,344.1300048828125,577.2899780273438,81.8499984741211,319.80859375,265.7950134277344,343.9800109863281,576.9133911132812,81.80000305175781,319.8399963378906,265.8450012207031,344.05999755859375,577.1799926757812,81.81999969482422,55220,81245,17609,21931,46940
2026-08-28 15:33:00-04:00,319.7900085449219,265.7619934082031,343.989990234375,577.0250244140625,81.73999786376953,319.8999938964844,265.95001220703125,344.0799865722656,577.25,81.81999969482422,319.7699890136719,265.67999267578125,343.8399963378906,576.8900146484375,81.7300033569336,319.8999938964844,265.8800048828125,344.0799865722656,577.1699829101562,81.81999969482422,52721,131001,23247,9881,46927
2026-08-28 15:34:00-04:00,320.0,265.9150085449219,343.95001220703125,576.7249755859375,81.75,320.0400085449219,265.94000244140625,343.9800109863281,577.0700073242188,81.75,319.75,265.75,343.86279296875,576.535888671875,81.7300033569336,319.7900085449219,265.9150085449219,343.94000244140625,577.0599975585938,81.74500274658203,152983,60548,18435,17610,32796
2026-08-28 15:35:00-04:00,319.7998962402344,265.7900085449219,343.8599853515625,576.8400268554688,81.70999908447266,320.0299987792969,265.8900146484375,343.9800109863281,577.0900268554688,81.76000213623047,319.7726135253906,265.78009033203125,343.8299865722656,576.7000732421875,81.69000244140625,320.0050048828125,265.8900146484375,343.95001220703125,576.760009765625,81.75499725341797,82443,52606,16854,14111,46701
2026-08-28 15:36:00-04:00,319.7650146484375,265.9397888183594,343.885009765625,576.97998046875,81.75450134277344,319.8800048828125,265.9397888183594,343.885009765625,577.0,81.7698974609375,319.7401123046875,265.7699890136719,343.79998779296875,576.7100219726562,81.71379852294922,319.7998962402344,265.7994079589844,343.8599853515625,576.9000244140625,81.7157974243164,59455,53613,14435,10333,34371
2026-08-28 15:37:00-04:00,319.93499755859375,265.9200134277344,343.7099914550781,576.8350219726562,81.80000305175781,319.9750061035156,265.9700012207031,343.9100036621094,577.0357055664062,81.80979919433594,319.7699890136719,265.8900146484375,343.66009521484375,576.719970703125,81.7522964477539,319.7699890136719,265.9200134277344,343.8800048828125,577.0357055664062,81.7522964477539,42982,64734,16596,10565,40433
2026-08-28 15:38:00-04:00,320.05499267578125,266.0,343.760009765625,576.969970703125,81.83000183105469,320.1000061035156,266.0400085449219,343.760009765625,577.0,81.83000183105469,319.9101867675781,265.8999938964844,343.54998779296875,576.6950073242188,81.802001953125,319.9200134277344,265.8999938964844,343.67999267578125,576.8499755859375,81.802001953125,79155,60572,22598,11383,36030
2026-08-28 15:39:00-04:00,319.9800109863281,266.0799865722656,343.7699890136719,577.3499755859375,81.83499908447266,320.05499267578125,266.1300048828125,343.7900085449219,577.3699951171875,81.83999633789062,319.95001220703125,265.9400939941406,343.6700134277344,576.880126953125,81.80010223388672,320.05499267578125,266.0299987792969,343.7699890136719,576.9299926757812,81.83000183105469,66554,57372,25582,24683,31535
2026-08-28 15:40:00-04:00,319.9100036621094,266.04998779296875,344.0,576.39501953125,81.83000183105469,320.0,266.159912109375,344.0,577.3900146484375,81.91500091552734,319.8399963378906,265.9901123046875,343.760009765625,576.3200073242188,81.80000305175781,319.9800109863281,266.0899963378906,343.7799987792969,577.3200073242188,81.83499908447266,79896,96251,31093,39864,213056
2026-08-28 15:41:00-04:00,320.0700988769531,266.2749938964844,343.82000732421875,576.39501953125,81.84500122070312,320.1000061035156,266.2900085449219,344.0,576.530029296875,81.8499984741211,319.9200134277344,266.0199890136719,343.760009765625,576.239990234375,81.81500244140625,319.92999267578125,266.05841064453125,343.989990234375,576.364990234375,81.84500122070312,78243,77677,27552,15931,51337
2026-08-28 15:42:00-04:00,320.0799865722656,266.2301025390625,344.0,576.2000122070312,81.86499786376953,320.1700134277344,266.3500061035156,344.07000732421875,576.4299926757812,81.86499786376953,320.0799865722656,266.20159912109375,343.8251037597656,576.1400146484375,81.81500244140625,320.0799865722656,266.26019287109375,343.8251037597656,576.3900146484375,81.83499908447266,77050,70030,41508,13226,43206
2026-08-28 15:43:00-04:00,320.1499938964844,266.3599853515625,344.1400146484375,576.1799926757812,81.9000015258789,320.1993103027344,266.5,344.2200012207031,576.3499755859375,81.91500091552734,320.0400085449219,266.25628662109375,344.0,575.9400024414062,81.86000061035156,320.0799865722656,266.2799987792969,344.0150146484375,576.1699829101562,81.86000061035156,106328,88140,42543,17618,57817
2026-08-28 15:44:00-04:00,319.8349914550781,266.2515869140625,344.04998779296875,576.2550048828125,81.83000183105469,320.1553955078125,266.3699951171875,344.2099914550781,576.3300170898438,81.88999938964844,319.82000732421875,266.2322082519531,344.04998779296875,575.9299926757812,81.80999755859375,319.8349914550781,266.3399963378906,344.04998779296875,576.1199951171875,81.88999938964844,107109,82083,32236,11763,68201
2026-08-28 15:45:00-04:00,319.70001220703125,266.2149963378906,343.95001220703125,576.00830078125,81.73999786376953,319.9100036621094,266.3399963378906,344.1400146484375,576.239990234375,81.82990264892578,319.5799865722656,266.148193359375,343.8599853515625,575.6599731445312,81.70999908447266,319.70001220703125,266.260009765625,344.0400085449219,576.1942749023438,81.82499694824219,101968,113499,43641,33223,82611
2026-08-28 15:46:00-04:00,319.7699890136719,266.1830139160156,343.7300109863281,575.8699951171875,81.70500183105469,319.8598937988281,266.31500244140625,343.9917907714844,576.2694702148438,81.73500061035156,319.66009521484375,266.12078857421875,343.7300109863281,575.8699951171875,81.66000366210938,319.67999267578125,266.2200012207031,343.7300109863281,575.97998046875,81.7300033569336,67154,93489,29456,12920,96384
2026-08-28 15:47:00-04:00,319.68499755859375,266.010009765625,343.4649963378906,575.72998046875,81.67500305175781,319.8399963378906,266.17498779296875,343.8900146484375,575.9299926757812,81.7300033569336,319.6700134277344,265.8999938964844,343.4200134277344,575.5800170898438,81.66999816894531,319.7650146484375,266.1698913574219,343.7300109863281,575.9000244140625,81.70059967041016,78083,166091,59839,17836,51958
2026-08-28 15:48:00-04:00,319.6600036621094,265.8999938964844,343.6300048828125,575.6099853515625,81.66000366210938,319.7268981933594,266.0299987792969,343.6700134277344,575.719970703125,81.68000030517578,319.6321105957031,265.7755126953125,343.45001220703125,575.4099731445312,81.63999938964844,319.68499755859375,266.0199890136719,343.4700012207031,575.6599731445312,81.67250061035156,62365,139522,31347,16613,52731
2026-08-28 15:49:00-04:00,319.8299865722656,266.010009765625,343.7300109863281,575.8300170898438,81.70999908447266,319.8800048828125,266.0299987792969,343.760009765625,575.969970703125,81.77580261230469,319.6600036621094,265.80999755859375,343.590087890625,575.64501953125,81.65170288085938,319.6600036621094,266.010009765625,343.6449890136719,575.8300170898438,81.65170288085938,57339,102149,39928,27711,101438
2026-08-28 15:50:00-04:00,320.20001220703125,266.3949890136719,343.82501220703125,576.739990234375,81.88999938964844,320.3299865722656,266.5400085449219,343.8599853515625,576.8798828125,81.91000366210938,319.79998779296875,266.0199890136719,343.3800964355469,575.8699951171875,81.69999694824219,319.82000732421875,266.0299987792969,343.7300109863281,575.8699951171875,81.70500183105469,153620,153589,58312,34022,109729
2026-08-28 15:51:00-04:00,320.04998779296875,266.43499755859375,343.690185546875,576.9000244140625,81.94499969482422,320.32000732421875,266.5,343.8900146484375,576.97998046875,81.95999908447266,319.9200134277344,266.33990478515625,343.6199951171875,576.5449829101562,81.8949966430664,320.2200012207031,266.4100036621094,343.82501220703125,576.7899780273438,81.8949966430664,128234,131369,55756,39138,79052
2026-08-28 15:52:00-04:00,320.0400085449219,266.40301513671875,343.67999267578125,577.1917114257812,81.9800033569336,320.1400146484375,266.5400085449219,343.80999755859375,577.4299926757812,82.0198974609375,319.92999267578125,266.3550109863281,343.6600036621094,576.9000244140625,81.94499969482422,320.04998779296875,266.40301513671875,343.7300109863281,576.9000244140625,81.94499969482422,105927,133845,57335,45231,107916
2026-08-28 15:53:00-04:00,319.79998779296875,266.28009033203125,343.5799865722656,577.2100219726562,81.91999816894531,320.04998779296875,266.44000244140625,343.8500061035156,577.5700073242188,81.98999786376953,319.7200012207031,266.2799987792969,343.54998779296875,577.0800170898438,81.91500091552734,320.0400085449219,266.4200134277344,343.5799865722656,577.22998046875,81.91999816894531,117146,119377,59090,46001,73902
2026-08-28 15:54:00-04:00,319.92999267578125,266.2300109863281,343.7200012207031,577.7050170898438,81.77999877929688,319.94000244140625,266.4750061035156,343.8599853515625,577.8499755859375,81.95500183105469,319.54998779296875,266.05999755859375,343.42999267578125,576.4000244140625,81.72000122070312,319.79998779296875,266.29998779296875,343.6099853515625,577.219970703125,81.77999877929688,146607,180919,77719,44466,205652
2026-08-28 15:55:00-04:00,319.6449890136719,266.4796142578125,343.05499267578125,578.2650146484375,81.65499877929688,320.0199890136719,266.5299987792969,343.7200012207031,578.97998046875,81.83999633789062,319.5199890136719,266.1903076171875,342.8800048828125,577.6500244140625,81.65390014648438,319.92999267578125,266.2099914550781,343.69000244140625,577.6500244140625,81.80999755859375,162865,270187,141999,108149,180934
2026-08-28 15:56:00-04:00,319.7349853515625,266.6300048828125,343.2799987792969,578.5,81.70999908447266,319.80499267578125,266.6700134277344,343.32000732421875,578.510009765625,81.7300033569336,319.57000732421875,266.44000244140625,343.0299987792969,578.0250244140625,81.5999984741211,319.6449890136719,266.4800109863281,343.05499267578125,578.2899780273438,81.66000366210938,130316,257753,114855,71941,187697
2026-08-28 15:57:00-04:00,319.864990234375,266.6499938964844,343.0899963378906,578.52001953125,81.69999694824219,320.0199890136719,266.69000244140625,343.2900085449219,578.7000122070312,81.7249984741211,319.7250061035156,266.50189208984375,342.8900146484375,578.3599853515625,81.67500305175781,319.7300109863281,266.6499938964844,343.2850036621094,578.530029296875,81.70500183105469,141981,337432,208456,81693,201203
2026-08-28 15:58:00-04:00,319.875,266.57000732421875,343.0950012207031,578.5700073242188,81.7249984741211,319.94000244140625,266.7300109863281,343.1300048828125,578.6599731445312,81.74500274658203,319.7900085449219,266.5150146484375,342.989990234375,578.4199829101562,81.69499969482422,319.8699951171875,266.6600036621094,343.1000061035156,578.5399780273438,81.70500183105469,227835,314752,132127,352561,223633
2026-08-28 15:59:00-04:00,319.6400146484375,266.3800048828125,342.8800048828125,578.02001953125,81.7300033569336,319.8999938964844,266.56500244140625,343.1000061035156,578.6199951171875,81.76000213623047,319.5201110839844,266.3399963378906,342.7300109863281,577.7999877929688,81.67500305175781,319.8699951171875,266.55999755859375,343.0799865722656,578.60498046875,81.7300033569336,573840,661780,337492,519435,545630
