Price,Close,Close,Close,Close,Close,High,High,High,High,High,Low,Low,Low,Low,Low,Open,Open,Open,Open,Open,Volume,Volume,Volume,Volume,Volume
Ticker,AAPL,AMZN,GOOG,META,NFLX,AAPL,AMZN,GOOG,META,NFLX,AAPL,AMZN,GOOG,META,NFLX,AAPL,AMZN,GOOG,META,NFLX,AAPL,AMZN,GOOG,META,NFLX
Datetime,,,,,,,,,,,,,,,,,,,,,,,,,
2026-07-27 09:30:00-04:00,335.3349914550781,234.2550048828125,326.31500244140625,603.52001953125,70.30000305175781,336.70001220703125,235.8800048828125,326.9599914550781,611.260009765625,70.80000305175781,334.1000061035156,233.75,324.4700012207031,603.52001953125,70.22000122070312,334.8999938964844,235.6999969482422,324.739990234375,607.219970703125,70.58999633789062,1876287,1296037,1508378,507698,1007910
2026-07-27 09:31:00-04:00,335.5,233.5,326.4200134277344,602.3150024414062,70.43000030517578,336.3800048828125,234.47999572753906,327.20001220703125,604.7100219726562,70.62999725341797,335.1199951171875,233.25,326.0299987792969,601.1199951171875,70.18000030517578,335.4200134277344,234.17999267578125,326.2900085449219,604.02001953125,70.29000091552734,271943,159675,110041,57051,122895
2026-07-27 09:32:00-04:00,336.73968505859375,234.80499267578125,326.6543884277344,603.9898071289062,70.6449966430664,336.947998046875,234.82000732421875,326.7300109863281,604.780029296875,70.7300033569336,335.510009765625,233.22000122070312,325.7699890136719,600.1799926757812,70.34500122070312,335.510009765625,233.42999267578125,326.4999084472656,602.3049926757812,70.43499755859375,236166,121016,91976,58384,137158
2026-07-27 09:33:00-04:00,336.68499755859375,234.4149932861328,325.8999938964844,602.2999877929688,70.25,337.1199951171875,235.14999389648438,326.760009765625,605.0800170898438,70.72869873046875,336.477294921875,234.4149932861328,325.6499938964844,601.5700073242188,70.20999908447266,336.70001220703125,234.80999755859375,326.6099853515625,604.780029296875,70.6449966430664,250700,123999,112198,25057,111458
2026-07-27 09:34:00-04:00,335.5450134277344,234.8350067138672,327.5150146484375,602.989990234375,70.25,337.0400085449219,234.9199981689453,327.6600036621094,603.3699951171875,70.34850311279297,335.3504943847656,234.07000732421875,325.7200012207031,601.5800170898438,70.18000030517578,336.75,234.47000122070312,325.7720031738281,602.155029296875,70.2750015258789,292933,80596,117871,33180,84002
2026-07-27 09:35:00-04:00,335.6600036621094,235.25999450683594,327.8699951171875,605.1799926757812,70.06999969482422,335.8699951171875,235.4199981689453,327.989990234375,605.9450073242188,70.36000061035156,335.1805114746094,234.6699981689453,327.2099914550781,602.530029296875,70.05999755859375,335.5400085449219,234.8350067138672,327.510009765625,603.280029296875,70.25,174967,118697,114854,49626,121265
2026-07-27 09:36:00-04:00,336.19500732421875,235.07000732421875,328.1199951171875,604.8200073242188,69.96499633789062,336.510009765625,235.3000030517578,328.25,605.1799926757812,70.18000030517578,335.70098876953125,234.92010498046875,327.6099853515625,604.0,69.92500305175781,335.760009765625,235.22000122070312,327.8699951171875,605.165771484375,70.05999755859375,170292,151356,119963,29451,135927
2026-07-27 09:37:00-04:00,334.3500061035156,234.92999267578125,328.4100036621094,605.7874755859375,70.02999877929688,336.32000732421875,235.12789916992188,328.42999267578125,606.0,70.08999633789062,334.2799987792969,234.6699981689453,327.739990234375,604.760009765625,69.93000030517578,336.239990234375,235.0399932861328,328.125,605.0289916992188,69.95500183105469,232690,85754,83310,22029,88420
2026-07-27 09:38:00-04:00,335.760009765625,235.3249969482422,328.0220031738281,605.4199829101562,70.25,335.8999938964844,235.47189331054688,328.489990234375,606.719970703125,70.37000274658203,334.32000732421875,234.83999633789062,327.9200134277344,605.25,70.01010131835938,334.3900146484375,234.86000061035156,328.44000244140625,606.0999755859375,70.02999877929688,170116,151062,95458,27025,113350
2026-07-27 09:39:00-04:00,335.7349853515625,234.66749572753906,327.44000244140625,604.0250244140625,70.2699966430664,335.8349914550781,235.41000366210938,328.25,605.8900146484375,70.4000015258789,335.1499938964844,234.6649932861328,327.3100891113281,603.969970703125,70.22000122070312,335.82000732421875,235.36000061035156,328.0400085449219,605.6699829101562,70.2699966430664,101324,127580,84345,24062,147648
2026-07-27 09:40:00-04:00,335.6099853515625,234.8699951171875,327.3500061035156,604.469970703125,70.27999877929688,336.05950927734375,234.9698944091797,327.5050048828125,604.9500122070312,70.4800033569336,335.5439147949219,234.5800018310547,327.0801086425781,603.9500122070312,70.23999786376953,335.760009765625,234.67999267578125,327.4049987792969,603.9600219726562,70.26180267333984,111124,114504,100631,28185,109128
2026-07-27 09:41:00-04:00,335.3999938964844,234.5800018310547,328.2699890136719,601.8099975585938,70.41000366210938,335.9200134277344,234.89999389648438,328.32000732421875,604.7899780273438,70.41000366210938,335.3200988769531,234.5500030517578,327.29998779296875,601.6799926757812,70.22000122070312,335.69000244140625,234.8699951171875,327.3800048828125,604.469970703125,70.30500030517578,124258,80750,155614,40729,64263
2026-07-27 09:42:00-04:00,335.3800048828125,234.64500427246094,328.5953063964844,603.5999755859375,70.37999725341797,335.7699890136719,234.76499938964844,328.75,604.2249755859375,70.48999786376953,335.29998779296875,234.50999450683594,328.1199951171875,601.6799926757812,70.26000213623047,335.3999938964844,234.5800018310547,328.2922058105469,602.0499877929688,70.3949966430664,114474,94780,156742,39492,113950
2026-07-27 09:43:00-04:00,335.3999938964844,235.0500030517578,328.3399963378906,604.530029296875,70.53500366210938,335.6300048828125,235.0749969482422,328.6499938964844,604.909912109375,70.62000274658203,335.2799987792969,234.5500030517578,328.0400085449219,603.4201049804688,70.41000366210938,335.3500061035156,234.6199951171875,328.57501220703125,603.6199951171875,70.41000366210938,108463,79491,117805,21900,105974
2026-07-27 09:44:00-04:00,335.05999755859375,234.5,328.260009765625,603.3499755859375,70.44499969482422,335.4700012207031,235.10499572753906,328.6700134277344,604.7999877929688,70.58989715576172,334.9200134277344,234.49000549316406,328.20001220703125,603.02001953125,70.43170166015625,335.42999267578125,235.08999633789062,328.3599853515625,604.52001953125,70.54499816894531,181434,83567,90549,34162,94309
2026-07-27 09:45:00-04:00,335.5899963378906,235.1300048828125,328.5950012207031,604.6699829101562,70.51499938964844,335.6499938964844,235.1300048828125,328.8500061035156,605.3499755859375,70.58000183105469,334.8999938964844,234.40029907226562,328.2200012207031,603.3300170898438,70.36000061035156,335.0199890136719,234.50999450683594,328.2300109863281,603.9199829101562,70.44999694824219,127255,111209,109713,42163,98215
2026-07-27 09:46:00-04:00,335.57000732421875,234.72000122070312,328.7001037597656,603.718017578125,70.41999816894531,335.79998779296875,235.13999938964844,328.80999755859375,604.7999877929688,70.56999969482422,335.4700012207031,234.72000122070312,328.34600830078125,603.2100219726562,70.41999816894531,335.5899963378906,235.10000610351562,328.5950012207031,604.7000122070312,70.51499938964844,107680,103929,103915,26786,88722
2026-07-27 09:47:00-04:00,336.2250061035156,234.5800018310547,328.2749938964844,605.0599975585938,70.38500213623047,336.3999938964844,234.78500366210938,328.86279296875,605.3400268554688,70.4718017578125,335.5,234.52499389648438,328.2099914550781,603.3800048828125,70.33000183105469,335.5979919433594,234.7100067138672,328.70001220703125,603.6699829101562,70.41999816894531,203985,63161,83863,29189,84897
2026-07-27 09:48:00-04:00,336.5150146484375,234.85350036621094,327.82000732421875,605.8699951171875,70.3499984741211,336.7799987792969,234.86000061035156,328.4100036621094,606.52001953125,70.43000030517578,336.1400146484375,234.5,327.79998779296875,605.0,70.33999633789062,336.2699890136719,234.6300048828125,328.30999755859375,605.27001953125,70.38500213623047,254187,70307,83142,55463,63634
2026-07-27 09:49:00-04:00,335.35009765625,235.05499267578125,327.0400085449219,605.510009765625,70.2300033569336,336.5715026855469,235.30999755859375,327.8299865722656,606.5,70.40499877929688,335.2300109863281,234.5800018310547,326.8699951171875,605.2949829101562,70.20999908447266,336.5199890136719,234.88999938964844,327.7401123046875,606.0499877929688,70.37750244140625,121345,85037,68153,30694,78737
2026-07-27 09:50:00-04:00,335.1300048828125,234.9600067138672,327.760009765625,605.9199829101562,70.18099975585938,335.44000244140625,235.10499572753906,327.989990234375,606.1199951171875,70.23500061035156,335.0,234.8699951171875,326.885009765625,604.97998046875,70.13999938964844,335.3999938964844,235.10499572753906,326.885009765625,605.4500122070312,70.22000122070312,127980,98384,44300,16164,75062
2026-07-27 09:51:00-04:00,334.94500732421875,234.88999938964844,328.25,607.4400024414062,70.1500015258789,335.3599853515625,235.0,328.2799072265625,607.4500122070312,70.23999786376953,334.760009765625,234.77000427246094,327.6600036621094,605.7147216796875,70.1500015258789,335.1050109863281,234.97000122070312,327.7650146484375,605.9400024414062,70.16999816894531,163977,62050,52784,39835,115493
2026-07-27 09:52:00-04:00,334.9750061035156,234.78500366210938,328.25,607.2000122070312,70.16500091552734,335.19000244140625,235.0,328.29998779296875,607.4400024414062,70.16500091552734,334.6300048828125,234.64999389648438,327.7402038574219,605.3699951171875,70.0199966430664,334.9549865722656,234.92999267578125,328.29998779296875,607.2014770507812,70.16000366210938,104398,109369,121007,81322,77160
2026-07-27 09:53:00-04:00,335.0199890136719,234.63999938964844,328.30999755859375,606.9400024414062,70.17500305175781,335.1099853515625,234.8699951171875,328.3599853515625,607.5,70.23999786376953,334.55999755859375,234.61000061035156,328.07000732421875,606.5599975585938,70.12000274658203,334.9599914550781,234.8000030517578,328.25,607.2000122070312,70.16999816894531,124514,72725,56481,16945,65678
2026-07-27 09:54:00-04:00,334.7850036621094,234.4499969482422,328.2099914550781,606.8300170898438,70.2249984741211,335.1299133300781,234.64990234375,328.5249938964844,607.3699951171875,70.2699966430664,334.6499938964844,234.33999633789062,328.03009033203125,606.4849853515625,70.17500305175781,335.0498962402344,234.63999938964844,328.32000732421875,606.719970703125,70.17500305175781,195910,59253,63260,16361,27619
2026-07-27 09:55:00-04:00,334.2200012207031,234.6999969482422,328.6499938964844,607.530029296875,70.19499969482422,334.79998779296875,234.8000030517578,328.69000244140625,607.6900024414062,70.26499938964844,334.0199890136719,234.4600067138672,328.1499938964844,606.8699951171875,70.16999816894531,334.7799987792969,234.47999572753906,328.2799987792969,606.9763793945312,70.2249984741211,157254,65221,59088,23536,52675
2026-07-27 09:56:00-04:00,334.8599853515625,234.51089477539062,327.7449951171875,607.905029296875,70.1050033569336,334.94000244140625,234.7050018310547,328.7499084472656,608.739990234375,70.19999694824219,334.1900939941406,234.50999450683594,327.7449951171875,607.5745239257812,70.0999984741211,334.1900939941406,234.63999938964844,328.7300109863281,607.5745239257812,70.19000244140625,136498,64206,69590,37813,40444
2026-07-27 09:57:00-04:00,335.1700134277344,234.24000549316406,327.7900085449219,607.14501953125,70.16999816894531,335.3599853515625,234.60499572753906,328.07000732421875,608.219970703125,70.16999816894531,334.82000732421875,234.22000122070312,327.54998779296875,607.02001953125,70.05999755859375,334.8399963378906,234.51010131835938,327.7449951171875,607.9600219726562,70.12000274658203,126730,61862,39441,31778,96346
2026-07-27 09:58:00-04:00,335.07000732421875,234.1699981689453,327.25,606.5850219726562,70.2249984741211,335.5799865722656,234.3114013671875,327.7799987792969,607.5900268554688,70.26000213623047,334.9599914550781,234.0800018310547,327.19000244140625,606.380126953125,70.1603012084961,335.1650085449219,234.21499633789062,327.6900939941406,607.0499877929688,70.1603012084961,163124,87378,33054,28756,64736
2026-07-27 09:59:00-04:00,335.5849914550781,234.08999633789062,327.25,605.72998046875,70.07499694824219,335.6600036621094,234.32969665527344,327.6099853515625,607.239990234375,70.29000091552734,335.06048583984375,234.0800018310547,327.25,605.5800170898438,70.07499694824219,335.0799865722656,234.14010620117188,327.260009765625,606.3800048828125,70.22000122070312,129531,83528,47848,28338,107292
2026-07-27 10:00:00-04:00,336.0299987792969,234.08999633789062,327.4949951171875,605.9400024414062,69.98999786376953,336.05999755859375,234.11000061035156,327.5791015625,606.0999755859375,70.08000183105469,335.260009765625,233.65499877929688,327.04998779296875,604.5900268554688,69.86000061035156,335.6199951171875,234.08999633789062,327.2200012207031,605.530029296875,70.06999969482422,183187,139583,57167,60373,203136
2026-07-27 10:01:00-04:00,336.6449890136719,233.8800048828125,327.3789978027344,605.6099853515625,70.08999633789062,336.7799987792969,234.08999633789062,327.6300048828125,606.1500244140625,70.0999984741211,335.9700012207031,233.6999969482422,327.2019958496094,605.0100708007812,69.95500183105469,336.05499267578125,234.08999633789062,327.4800109863281,606.1500244140625,70.00070190429688,282870,54313,49889,19978,172737
2026-07-27 10:02:00-04:00,336.6700134277344,234.38999938964844,327.8999938964844,606.3599853515625,70.20099639892578,336.8900146484375,234.44000244140625,328.0,606.7999877929688,70.20999908447266,336.3900146484375,233.82000732421875,327.30108642578125,605.5449829101562,70.06999969482422,336.6400146484375,233.89999389648438,327.3900146484375,605.7852172851562,70.09719848632812,136188,89909,62452,23657,113782
2026-07-27 10:03:00-04:00,336.69500732421875,234.57000732421875,327.7799987792969,606.614990234375,70.0999984741211,336.8999938964844,234.6300048828125,327.9599914550781,606.969970703125,70.25,336.5600891113281,234.3300018310547,327.68499755859375,606.2999877929688,70.09500122070312,336.6700134277344,234.40499877929688,327.8999938964844,606.4550170898438,70.19999694824219,109568,94060,45659,21444,67252
2026-07-27 10:04:00-04:00,335.7300109863281,234.5,328.17999267578125,607.0499877929688,70.16999816894531,336.69000244140625,234.57000732421875,328.25,607.0999755859375,70.2249984741211,335.55999755859375,234.38999938964844,327.6499938964844,606.469970703125,70.06999969482422,336.69000244140625,234.57000732421875,327.80999755859375,606.6099853515625,70.10679626464844,232232,97516,45937,19061,67452
2026-07-27 10:05:00-04:00,335.7300109863281,234.6199951171875,327.9700012207031,607.530029296875,70.21540069580078,335.989990234375,234.75010681152344,328.3349914550781,607.989990234375,70.26000213623047,335.6499938964844,234.5,327.9100036621094,606.9600219726562,70.11499786376953,335.7651062011719,234.52000427246094,328.1650085449219,607.0499877929688,70.16000366210938,103574,65770,35679,23482,88917
2026-07-27 10:06:00-04:00,336.31500244140625,234.60000610351562,328.2799987792969,607.3400268554688,70.26000213623047,336.4175109863281,234.66000366210938,328.3999938964844,607.9299926757812,70.30000305175781,335.70001220703125,234.42999267578125,327.739990234375,607.0700073242188,70.20999908447266,335.715087890625,234.66000366210938,327.94000244140625,607.669921875,70.20999908447266,116034,103541,63715,41064,72092
2026-07-27 10:07:00-04:00,336.19500732421875,234.38499450683594,328.8500061035156,608.489990234375,70.30999755859375,336.45001220703125,234.6999969482422,328.95001220703125,608.5,70.37000274658203,335.95001220703125,234.3699951171875,328.20001220703125,607.4000244140625,70.25,336.3049011230469,234.58999633789062,328.260009765625,607.4000244140625,70.26000213623047,78411,66337,67352,36732,82829
2026-07-27 10:08:00-04:00,336.5199890136719,234.47999572753906,329.2200012207031,609.3651123046875,70.38999938964844,336.789794921875,234.5659942626953,329.2488098144531,609.4400024414062,70.44000244140625,336.1700134277344,234.3699951171875,328.79998779296875,608.4199829101562,70.27999877929688,336.18499755859375,234.3800048828125,328.79998779296875,608.4443969726562,70.30999755859375,95908,85702,90036,34988,75597
2026-07-27 10:09:00-04:00,336.3500061035156,234.4499969482422,329.3006896972656,608.5800170898438,70.30509948730469,336.6099853515625,234.5399932861328,329.3699951171875,609.5795288085938,70.38670349121094,336.2300109863281,234.36199951171875,329.05999755859375,608.22998046875,70.26000213623047,336.5299072265625,234.5,329.2300109863281,609.280029296875,70.38670349121094,60872,64196,91415,18771,37942
2026-07-27 10:10:00-04:00,336.0350036621094,234.3000030517578,328.6400146484375,607.6599731445312,70.44999694824219,336.3699951171875,234.49000549316406,329.3599853515625,608.9899291992188,70.47000122070312,336.0,234.22999572753906,328.57000732421875,607.5,70.27999877929688,336.3515930175781,234.4199981689453,329.3351135253906,608.3300170898438,70.29000091552734,84661,69549,47395,43531,69727
2026-07-27 10:11:00-04:00,336.3699951171875,234.4600067138672,328.8699951171875,608.135009765625,70.45500183105469,336.45001220703125,234.52000427246094,328.8800048828125,608.3599853515625,70.51499938964844,335.9599914550781,234.2100067138672,328.2200012207031,607.1500854492188,70.43000030517578,336.0299987792969,234.3291015625,328.70001220703125,607.6500244140625,70.44010162353516,116203,78137,51246,70432,119301
2026-07-27 10:12:00-04:00,336.68951416015625,234.8350067138672,329.1600036621094,608.9400024414062,70.5,336.693603515625,234.83999633789062,329.2300109863281,609.1199951171875,70.50990295410156,335.8999938964844,234.44500732421875,328.82000732421875,608.0,70.41999816894531,336.3949890136719,234.4600067138672,328.8699951171875,608.0,70.48999786376953,255072,85891,53960,31313,80477
2026-07-27 10:13:00-04:00,336.54901123046875,234.82000732421875,329.010009765625,608.7999877929688,70.54000091552734,336.70001220703125,234.88999938964844,329.19000244140625,609.25,70.54000091552734,336.3349914550781,234.66000366210938,328.8599853515625,608.6900024414062,70.44999694824219,336.6700134277344,234.87930297851562,329.1600036621094,608.9400024414062,70.5,98134,87177,37423,37681,73436
2026-07-27 10:14:00-04:00,336.6000061035156,234.72999572753906,329.3678894042969,609.1400146484375,70.61000061035156,336.7799987792969,234.86000061035156,329.67999267578125,609.2999877929688,70.63500213623047,336.3699951171875,234.69000244140625,328.9501037597656,608.5900268554688,70.5250015258789,336.55999755859375,234.86000061035156,328.989990234375,609.0,70.52999877929688,127409,64210,71603,30502,66555
2026-07-27 10:15:00-04:00,337.0098876953125,234.8000030517578,329.79998779296875,608.719970703125,70.54000091552734,337.0199890136719,235.0050048828125,329.82501220703125,609.489990234375,70.64990234375,336.57000732421875,234.73500061035156,329.3800048828125,608.4299926757812,70.52999877929688,336.6000061035156,234.73500061035156,329.4200134277344,609.2150268554688,70.61959838867188,167159,86227,105030,28484,81865
2026-07-27 10:16:00-04:00,337.44000244140625,234.80999755859375,329.7749938964844,608.1599731445312,70.55000305175781,337.45989990234375,234.9199981689453,330.1014099121094,608.8400268554688,70.58999633789062,336.9700012207031,234.72999572753906,329.7099914550781,608.1500244140625,70.50749969482422,337.01971435546875,234.82000732421875,329.7650146484375,608.719970703125,70.54000091552734,167727,93896,134716,34456,65132
2026-07-27 10:17:00-04:00,337.80499267578125,234.83999633789062,329.7650146484375,608.7899780273438,70.52999877929688,337.8399963378906,234.92999267578125,329.80499267578125,609.030029296875,70.55999755859375,337.43011474609375,234.63999938964844,329.4599914550781,608.02001953125,70.4800033569336,337.46099853515625,234.81500244140625,329.7651062011719,608.260009765625,70.54000091552734,204829,80506,101233,35987,53031
2026-07-27 10:18:00-04:00,337.5950012207031,234.86000061035156,329.6799011230469,608.2650146484375,70.46009826660156,337.8699951171875,234.8824005126953,329.7974853515625,608.9000244140625,70.52999877929688,337.4100036621094,234.60499572753906,329.2300109863281,607.75,70.43000030517578,337.80010986328125,234.8249969482422,329.739990234375,608.6801147460938,70.52999877929688,137312,49654,66790,25865,79015
2026-07-27 10:19:00-04:00,337.6300048828125,234.57000732421875,329.639892578125,608.27001953125,70.31999969482422,337.80999755859375,234.86000061035156,329.7200012207031,609.0700073242188,70.4800033569336,337.5299987792969,234.52999877929688,329.4100036621094,608.1500244140625,70.31999969482422,337.6199951171875,234.83999633789062,329.6300048828125,608.2650146484375,70.47000122070312,170557,90072,64641,49735,67443
2026-07-27 10:20:00-04:00,337.45001220703125,234.46499633789062,329.3800048828125,607.60498046875,70.4000015258789,337.67999267578125,234.60000610351562,329.6199035644531,608.1900024414062,70.43000030517578,337.1217041015625,234.375,329.25,607.3900146484375,70.31500244140625,337.6300048828125,234.5800018310547,329.5350036621094,608.010009765625,70.31500244140625,100905,58967,43869,19627,45827
2026-07-27 10:21:00-04:00,337.8500061035156,234.49000549316406,329.2900085449219,608.125,70.4000015258789,337.9200134277344,234.58999633789062,329.42999267578125,608.2125244140625,70.44999694824219,337.4800109863281,234.4250030517578,329.1099853515625,607.27001953125,70.37000274658203,337.4800109863281,234.5178985595703,329.3699951171875,607.5900268554688,70.4000015258789,160230,74058,48926,28052,69515
2026-07-27 10:22:00-04:00,337.8900146484375,234.1649932861328,328.8699951171875,607.9949951171875,70.3499984741211,338.1000061035156,234.53500366210938,329.39898681640625,608.8699951171875,70.41000366210938,337.75,234.14999389648438,328.7900085449219,607.7600708007812,70.32499694824219,337.8800048828125,234.47999572753906,329.3500061035156,608.125,70.39510345458984,265231,63074,57851,19241,46829
2026-07-27 10:23:00-04:00,337.95001220703125,234.1750030517578,328.1300048828125,607.1199951171875,70.27999877929688,338.09991455078125,234.23500061035156,329.17999267578125,608.5,70.33999633789062,337.760009765625,234.0500030517578,328.1000061035156,607.0999755859375,70.25,337.8699951171875,234.16000366210938,328.8900146484375,608.0,70.33999633789062,187255,93074,41935,26135,68664
2026-07-27 10:24:00-04:00,337.7300109863281,234.14999389648438,327.989990234375,607.8599853515625,70.3949966430664,338.1400146484375,234.25,328.2900085449219,607.9299926757812,70.44000244140625,337.6300048828125,234.0749969482422,327.9305114746094,607.1099853515625,70.2699966430664,337.9617004394531,234.19500732421875,328.1499938964844,607.260009765625,70.2699966430664,224444,56508,66322,18114,132768
2026-07-27 10:25:00-04:00,337.489990234375,234.58999633789062,328.1600036621094,608.489990234375,70.54000091552734,337.739990234375,234.58999633789062,328.17999267578125,608.594970703125,70.55000305175781,337.04998779296875,234.125,327.7900085449219,607.6500244140625,70.3499984741211,337.739990234375,234.14999389648438,327.9849853515625,607.8400268554688,70.37999725341797,196982,97783,47052,33005,112291
2026-07-27 10:26:00-04:00,337.75,234.39500427246094,327.6099853515625,607.4099731445312,70.48999786376953,337.8999938964844,234.6699981689453,328.2099914550781,608.594970703125,70.54000091552734,337.47259521484375,234.34010314941406,327.55499267578125,607.405029296875,70.45999908447266,337.47259521484375,234.59500122070312,328.17999267578125,608.510009765625,70.52999877929688,167938,84605,60419,25429,93087
2026-07-27 10:27:00-04:00,337.6000061035156,234.13999938964844,326.90008544921875,607.405029296875,70.50499725341797,337.8500061035156,234.38999938964844,327.6099853515625,607.5499877929688,70.51000213623047,337.5663146972656,234.08999633789062,326.7699890136719,607.1199951171875,70.44999694824219,337.7699890136719,234.38999938964844,327.6099853515625,607.405029296875,70.5,106042,65949,110644,21513,70830
2026-07-27 10:28:00-04:00,337.81500244140625,233.77999877929688,327.20001220703125,606.6900024414062,70.48999786376953,337.85400390625,234.16000366210938,327.2598876953125,607.5900268554688,70.56999969482422,337.4599914550781,233.69000244140625,326.5799865722656,606.3800048828125,70.48999786376953,337.6300048828125,234.15989685058594,326.8276062011719,607.3699951171875,70.50499725341797,130390,114933,95085,34971,64024
2026-07-27 10:29:00-04:00,337.69000244140625,233.47999572753906,326.260009765625,605.3250122070312,70.41000366210938,337.92999267578125,233.85000610351562,327.2099914550781,606.7100219726562,70.5250015258789,337.6199951171875,233.36000061035156,326.260009765625,605.02001953125,70.37000274658203,337.80999755859375,233.75,327.2099914550781,606.5399780273438,70.48999786376953,141941,143661,72725,40029,82946
2026-07-27 10:30:00-04:00,337.46990966796875,233.67999267578125,325.8800048828125,604.7349853515625,70.44000244140625,337.8500061035156,233.6999969482422,326.5997009277344,605.9152221679688,70.4800033569336,337.04998779296875,233.3800048828125,325.739990234375,604.2540893554688,70.4000015258789,337.70001220703125,233.47999572753906,326.3299865722656,605.2000122070312,70.40499877929688,216957,93484,89174,41795,102710
2026-07-27 10:31:00-04:00,337.2080078125,233.7967987060547,326.0,605.47998046875,70.5166015625,337.6300048828125,233.86500549316406,326.2099914550781,605.760009765625,70.5250015258789,337.1000061035156,233.61000061035156,325.7799987792969,604.62939453125,70.44499969482422,337.44000244140625,233.75,325.8599853515625,604.9600219726562,70.44499969482422,141432,167710,66821,27475,102757
2026-07-27 10:32:00-04:00,337.2900085449219,233.99000549316406,326.2699890136719,605.16748046875,70.48999786376953,337.2900085449219,234.0,326.2699890136719,605.7000122070312,70.52999877929688,336.79998779296875,233.69000244140625,325.75,604.7899780273438,70.45999908447266,337.239990234375,233.81500244140625,326.05499267578125,605.6300048828125,70.51000213623047,258140,77275,67941,29016,73043
2026-07-27 10:33:00-04:00,337.3599853515625,234.1199951171875,326.1000061035156,604.739990234375,70.51499938964844,337.4800109863281,234.19000244140625,326.57818603515625,605.5999755859375,70.55000305175781,337.2300109863281,233.9550018310547,326.0400085449219,604.2100219726562,70.46499633789062,337.2699890136719,234.0,326.2699890136719,605.3099975585938,70.50499725341797,106612,99415,65414,37204,122993
2026-07-27 10:34:00-04:00,337.3500061035156,234.24000549316406,326.07501220703125,603.989990234375,70.4800033569336,337.6099853515625,234.42999267578125,326.3699951171875,604.7249755859375,70.54000091552734,337.1700134277344,233.96400451660156,325.8900146484375,603.780029296875,70.4800033569336,337.3699951171875,234.19000244140625,326.0899963378906,604.510009765625,70.51000213623047,208495,80020,54712,54966,87761
2026-07-27 10:35:00-04:00,337.32000732421875,233.9600067138672,325.9100036621094,603.0650024414062,70.44719696044922,337.32000732421875,234.2698974609375,326.2300109863281,604.14501953125,70.5,336.9599914550781,233.78500366210938,325.5589904785156,602.6199951171875,70.3949966430664,337.2900085449219,234.24000549316406,326.0400085449219,603.969970703125,70.4800033569336,141270,59809,77613,48504,88541
2026-07-27 10:36:00-04:00,337.1199951171875,233.77000427246094,325.4800109863281,602.260009765625,70.48999786376953,337.614990234375,234.11000061035156,326.17999267578125,603.4299926757812,70.51000213623047,337.0799865722656,233.77000427246094,325.4599914550781,602.219970703125,70.44000244140625,337.30999755859375,233.92999267578125,325.8550109863281,603.0750122070312,70.44000244140625,159972,48839,55820,27605,67012
2026-07-27 10:37:00-04:00,337.3900146484375,234.00999450683594,325.29998779296875,602.22998046875,70.54660034179688,337.69000244140625,234.03990173339844,325.7099914550781,602.5335083007812,70.55000305175781,337.07000732421875,233.69000244140625,325.0299987792969,601.5599975585938,70.49009704589844,337.10009765625,233.77499389648438,325.44000244140625,602.2100219726562,70.49500274658203,165111,46129,61477,37981,83516
2026-07-27 10:38:00-04:00,337.5199890136719,234.0500030517578,325.44500732421875,602.3909912109375,70.61000061035156,337.57000732421875,234.2100067138672,325.69000244140625,602.8699951171875,70.61000061035156,337.04998779296875,233.99000549316406,325.2749938964844,602.0900268554688,70.48999786376953,337.3900146484375,234.00999450683594,325.2749938964844,602.2949829101562,70.54000091552734,171098,66090,46474,18084,95956
2026-07-27 10:39:00-04:00,337.6700134277344,234.11000061035156,325.7200012207031,602.7100219726562,70.7300033569336,337.7200012207031,234.22000122070312,325.9494934082031,603.27001953125,70.77999877929688,337.3299865722656,233.97999572753906,325.4100036621094,602.2100219726562,70.61000061035156,337.510009765625,234.0500030517578,325.5,602.3800048828125,70.61000061035156,166606,58178,49656,26513,113415
2026-07-27 10:40:00-04:00,337.6600036621094,234.0,325.55999755859375,602.25,70.83000183105469,337.90899658203125,234.22000122070312,325.94000244140625,603.2799072265625,70.91000366210938,337.4599914550781,233.9600067138672,325.4200134277344,601.8099975585938,70.72000122070312,337.7300109863281,234.125,325.70001220703125,602.8499755859375,70.7300033569336,193394,88061,43495,42016,101927
2026-07-27 10:41:00-04:00,337.0299987792969,233.71499633789062,324.69500732421875,601.260009765625,70.83049774169922,337.67498779296875,234.08999633789062,325.7699890136719,602.5900268554688,70.87000274658203,336.5299987792969,233.63999938964844,324.57000732421875,600.6900024414062,70.77999877929688,337.6700134277344,233.99200439453125,325.55999755859375,602.25,70.83999633789062,227985,106839,73890,51255,77765
2026-07-27 10:42:00-04:00,337.010009765625,233.77000427246094,324.7799987792969,601.5549926757812,70.83499908447266,337.1285095214844,233.88499450683594,325.1300048828125,601.8400268554688,70.8550033569336,336.7499084472656,233.72999572753906,324.67999267578125,601.0999755859375,70.7802963256836,337.05999755859375,233.72999572753906,324.7300109863281,601.3200073242188,70.83000183105469,171991,66066,77765,19640,67787
2026-07-27 10:43:00-04:00,336.6499938964844,233.64999389648438,324.80999755859375,601.364990234375,70.80999755859375,337.09991455078125,233.8300018310547,325.1199951171875,601.9000244140625,70.86499786376953,336.57000732421875,233.53599548339844,324.5299987792969,600.5599975585938,70.7699966430664,337.0400085449219,233.7899932861328,324.8599853515625,601.5549926757812,70.83609771728516,158238,87345,73022,21323,68927
2026-07-27 10:44:00-04:00,336.32501220703125,233.5,325.0400085449219,601.0,70.86000061035156,336.8500061035156,233.67999267578125,325.139892578125,601.5,70.8949966430664,336.2300109863281,233.47039794921875,324.8500061035156,600.4000244140625,70.79499816894531,336.6700134277344,233.67999267578125,324.8999938964844,601.364990234375,70.80000305175781,169014,52538,40881,24054,87937
2026-07-27 10:45:00-04:00,336.5199890136719,233.375,325.2799987792969,600.719970703125,70.80999755859375,336.8800048828125,233.6699981689453,325.6700134277344,601.3994750976562,70.88999938964844,336.31500244140625,233.3560028076172,325.04998779296875,600.3499755859375,70.7699966430664,336.32501220703125,233.5800018310547,325.0849914550781,600.8800048828125,70.88999938964844,140811,93009,61365,22809,54806
2026-07-27 10:46:00-04:00,336.3999938964844,233.2899932861328,325.6600036621094,600.1599731445312,70.7300033569336,336.69989013671875,233.3804931640625,325.6600036621094,600.8154296875,70.81500244140625,336.1199951171875,233.10000610351562,325.0617980957031,599.6400146484375,70.6500015258789,336.5,233.35000610351562,325.2300109863281,600.8154296875,70.80999755859375,168490,127727,86446,99630,83989
2026-07-27 10:47:00-04:00,336.70989990234375,233.17999267578125,325.9200134277344,600.0,70.54000091552734,336.70989990234375,233.30499267578125,326.0,600.5499877929688,70.7500991821289,336.2900085449219,233.0749969482422,325.4949951171875,598.97998046875,70.51000213623047,336.3901062011719,233.3000030517578,325.57501220703125,600.2249755859375,70.73999786376953,115022,73476,107255,41168,66461
2026-07-27 10:48:00-04:00,337.33990478515625,233.05999755859375,326.1864929199219,599.72998046875,70.55000305175781,337.5,233.17999267578125,326.3900146484375,600.4000244140625,70.59500122070312,336.5799865722656,233.00999450683594,325.95001220703125,599.4500122070312,70.51010131835938,336.7200012207031,233.16000366210938,325.95001220703125,600.0250244140625,70.54989624023438,157691,67251,82555,19773,39650
2026-07-27 10:49:00-04:00,337.3699951171875,233.02999877929688,326.7749938964844,600.2750244140625,70.5,337.5799865722656,233.10000610351562,327.0299987792969,600.5,70.54499816894531,337.17498779296875,233.02059936523438,326.2120056152344,599.72998046875,70.44999694824219,337.29998779296875,233.07000732421875,326.2120056152344,599.72998046875,70.52999877929688,133108,59506,63672,18168,75181
2026-07-27 10:50:00-04:00,337.4200134277344,233.0500030517578,326.9599914550781,600.9000244140625,70.44999694824219,337.510009765625,233.1199951171875,327.2200012207031,601.1500244140625,70.5,337.20001220703125,232.92999267578125,326.7200012207031,600.02001953125,70.41999816894531,337.3900146484375,233.00999450683594,326.79998779296875,600.219970703125,70.4800033569336,86229,107421,98502,46440,69604
2026-07-27 10:51:00-04:00,337.3450012207031,233.25999450683594,326.9100036621094,600.969970703125,70.45999908447266,337.5,233.32000732421875,327.19000244140625,601.2098999023438,70.5,337.2601013183594,233.0,326.8599853515625,600.6199951171875,70.41999816894531,337.3999938964844,233.0449981689453,326.95001220703125,600.9600219726562,70.44000244140625,93890,51398,35535,16171,39770
2026-07-27 10:52:00-04:00,336.8999938964844,233.2550048828125,327.6199951171875,601.5499877929688,70.41999816894531,337.4200134277344,233.37989807128906,327.6199951171875,601.7545166015625,70.48529815673828,336.7799987792969,233.0800018310547,326.720703125,600.6799926757812,70.41000366210938,337.3100891113281,233.24000549316406,326.8949890136719,600.9650268554688,70.45999908447266,125439,71749,55517,15032,34410
2026-07-27 10:53:00-04:00,336.69000244140625,233.08999633789062,327.2749938964844,601.1099853515625,70.45999908447266,336.989990234375,233.2899932861328,327.6299133300781,601.9600219726562,70.4800033569336,336.6400146484375,233.0399932861328,327.21600341796875,600.7999877929688,70.3949966430664,336.8815002441406,233.25999450683594,327.57501220703125,601.6099853515625,70.41500091552734,89996,82112,78658,53651,42806
2026-07-27 10:54:00-04:00,336.9700012207031,233.125,327.3699951171875,601.030029296875,70.4800033569336,336.9849853515625,233.2899932861328,327.69989013671875,601.4299926757812,70.4979019165039,336.61749267578125,233.0800018310547,327.1000061035156,600.822998046875,70.44000244140625,336.7200012207031,233.1649932861328,327.29998779296875,601.1099853515625,70.45999908447266,67426,123032,53929,23594,26738
2026-07-27 10:55:00-04:00,337.3999938964844,233.19349670410156,327.70001220703125,600.9400024414062,70.4749984741211,337.989990234375,233.36000061035156,327.7900085449219,601.4401245117188,70.51499938964844,336.94000244140625,233.11000061035156,327.30999755859375,600.8900146484375,70.44999694824219,336.9700012207031,233.125,327.4143981933594,601.0700073242188,70.48500061035156,178831,98887,59847,13632,55302
2026-07-27 10:56:00-04:00,337.239990234375,233.31500244140625,328.239990234375,601.6649780273438,70.49500274658203,337.409912109375,233.38949584960938,328.2699890136719,601.7750244140625,70.51000213623047,337.20001220703125,233.1300048828125,327.6600036621094,601.030029296875,70.47000122070312,337.385009765625,233.17999267578125,327.6600036621094,601.135009765625,70.47000122070312,78083,89154,64007,16719,41396
2026-07-27 10:57:00-04:00,337.7799987792969,233.37399291992188,327.8399963378906,600.780029296875,70.45999908447266,337.8999938964844,233.4600067138672,328.3299865722656,601.8499755859375,70.5,337.2200012207031,233.27999877929688,327.82000732421875,600.469970703125,70.44999694824219,337.2699890136719,233.29299926757812,328.2699890136719,601.8499755859375,70.49199676513672,166757,76916,77524,23167,40201
2026-07-27 10:58:00-04:00,338.1700134277344,233.5500030517578,328.0303955078125,602.4500122070312,70.55509948730469,338.2200012207031,233.57000732421875,328.1199035644531,602.530029296875,70.55509948730469,337.6700134277344,233.3000030517578,327.8500061035156,600.7947998046875,70.45999908447266,337.7879943847656,233.3000030517578,327.9800109863281,600.7947998046875,70.45999908447266,191463,82444,45372,16147,57588
2026-07-27 10:59:00-04:00,338.20001220703125,233.5500030517578,327.6400146484375,603.0673217773438,70.56500244140625,338.33990478515625,233.6300048828125,328.1199951171875,603.2899780273438,70.57990264892578,338.0199890136719,233.2100067138672,327.5400085449219,602.2100830078125,70.51000213623047,338.17999267578125,233.52999877929688,328.04998779296875,602.530029296875,70.56500244140625,165277,85675,63101,17435,45923
2026-07-27 11:00:00-04:00,338.6700134277344,233.4499969482422,327.7650146484375,603.2000122070312,70.54000091552734,338.760009765625,233.57000732421875,327.7650146484375,603.2000122070312,70.56990051269531,338.17999267578125,233.27999877929688,327.4100036621094,602.3099975585938,70.44999694824219,338.25,233.55999755859375,327.6499938964844,603.0900268554688,70.55999755859375,218506,96509,54917,15163,132327
2026-07-27 11:01:00-04:00,339.3334045410156,233.60000610351562,328.55029296875,603.8900146484375,70.66000366210938,339.3789978027344,233.66000366210938,328.6300048828125,604.0,70.66500091552734,338.67999267578125,233.47500610351562,327.7799987792969,602.9000244140625,70.55000305175781,338.67999267578125,233.47500610351562,327.79998779296875,602.9201049804688,70.55000305175781,306744,98336,49816,15724,61455
2026-07-27 11:02:00-04:00,339.2099914550781,233.36000061035156,329.0450134277344,604.0999755859375,70.76000213623047,339.5,233.6699981689453,329.0830993652344,604.3699951171875,70.76000213623047,338.9403076171875,233.35000610351562,328.5,603.8005981445312,70.6500015258789,339.3299865722656,233.5850067138672,328.57000732421875,603.989990234375,70.6500015258789,253610,97154,62040,22494,66146
2026-07-27 11:03:00-04:00,339.1650085449219,233.57000732421875,329.2099914550781,604.3599853515625,70.80609893798828,339.4590148925781,233.66000366210938,329.3500061035156,604.5,70.82990264892578,339.0804138183594,233.3699951171875,329.0201110839844,604.0399780273438,70.73999786376953,339.17999267578125,233.3699951171875,329.0201110839844,604.1099853515625,70.75,147604,94000,65480,20448,38738
2026-07-27 11:04:00-04:00,339.1000061035156,233.52999877929688,329.30999755859375,605.3800048828125,70.80500030517578,339.2101135253906,233.72999572753906,329.5,605.4000244140625,70.83000183105469,338.8203125,233.5,329.04998779296875,604.22998046875,70.78500366210938,339.14801025390625,233.5500030517578,329.2799987792969,604.3599853515625,70.80500030517578,137859,91421,55899,24298,37659
2026-07-27 11:05:00-04:00,339.17999267578125,233.85000610351562,329.6828918457031,606.25,70.81600189208984,339.19000244140625,233.89999389648438,329.69000244140625,606.47998046875,70.8499984741211,338.8999938964844,233.5500030517578,329.2699890136719,605.25,70.7699966430664,339.1099853515625,233.55999755859375,329.30499267578125,605.3499755859375,70.80000305175781,102754,100036,35754,31457,54058
2026-07-27 11:06:00-04:00,339.239990234375,233.7899932861328,329.2799987792969,606.0449829101562,70.91500091552734,339.4200134277344,233.8699951171875,329.6899108886719,606.9500122070312,71.0199966430664,339.04998779296875,233.63999938964844,329.2099914550781,606.0,70.80999755859375,339.1700134277344,233.77999877929688,329.6700134277344,606.3400268554688,70.81999969482422,165219,221243,106512,111697,180322
2026-07-27 11:07:00-04:00,339.0400085449219,233.9199981689453,329.3900146484375,606.2949829101562,70.83999633789062,339.3299865722656,234.08999633789062,329.5400085449219,606.4099731445312,70.93499755859375,338.9241027832031,233.80999755859375,329.07000732421875,605.77001953125,70.83999633789062,339.2200927734375,233.80999755859375,329.2300109863281,606.0449829101562,70.9198989868164,137054,96123,36355,18711,44792
2026-07-27 11:08:00-04:00,338.7699890136719,233.82000732421875,329.5799865722656,606.14501953125,70.81500244140625,339.0400085449219,233.9499969482422,329.5799865722656,606.260009765625,70.83999633789062,338.6400146484375,233.75999450683594,329.32000732421875,605.8599853515625,70.77999877929688,339.0400085449219,233.91000366210938,329.3900146484375,606.1900024414062,70.83999633789062,114844,74398,34662,18775,143040
2026-07-27 11:09:00-04:00,338.5899963378906,233.75999450683594,328.864990234375,605.9400024414062,70.8499984741211,338.8799133300781,233.88999938964844,329.57000732421875,606.52001953125,70.875,338.57000732421875,233.67999267578125,328.8299865722656,605.9400024414062,70.80999755859375,338.7650146484375,233.82000732421875,329.55999755859375,606.2899780273438,70.83000183105469,109970,58234,69550,19152,54265
2026-07-27 11:10:00-04:00,338.6499938964844,233.67999267578125,328.9200134277344,606.1599731445312,70.82589721679688,338.80999755859375,233.8300018310547,329.0653076171875,606.5999755859375,70.91999816894531,338.5899963378906,233.5800018310547,328.6300048828125,605.9400024414062,70.81999969482422,338.6300048828125,233.7899932861328,328.8800048828125,605.9400024414062,70.8499984741211,79080,218305,38686,16476,57024
2026-07-27 11:11:00-04:00,338.82000732421875,233.8699951171875,328.9150085449219,606.0900268554688,70.94999694824219,338.8800048828125,233.8800048828125,329.1199951171875,606.4000244140625,70.95500183105469,338.55999755859375,233.6699981689453,328.8399963378906,606.0001220703125,70.82039642333984,338.6400146484375,233.69500732421875,328.8900146484375,606.0449829101562,70.82499694824219,87998,35717,35194,12826,38802
2026-07-27 11:12:00-04:00,338.7850036621094,233.82000732421875,328.9700012207031,605.8099975585938,70.94999694824219,338.94989013671875,233.9600067138672,329.072509765625,606.4879760742188,70.96520233154297,338.75,233.80999755859375,328.840087890625,605.75,70.92500305175781,338.82000732421875,233.89999389648438,328.9049987792969,606.02001953125,70.95500183105469,52924,35991,47593,24005,58970
2026-07-27 11:13:00-04:00,338.9599914550781,234.0050048828125,329.4150085449219,605.7550048828125,70.91000366210938,339.0299987792969,234.0399932861328,329.4599914550781,606.3170776367188,70.94000244140625,338.7850036621094,233.82000732421875,328.9200134277344,605.5800170898438,70.9000015258789,338.7900085449219,233.8433074951172,328.9599914550781,605.8400268554688,70.93199920654297,76892,42228,30910,19673,72778
2026-07-27 11:14:00-04:00,339.04998779296875,233.9499969482422,329.32000732421875,605.85498046875,70.9800033569336,339.20001220703125,234.1999969482422,329.6099853515625,606.1900024414062,70.9800033569336,338.94000244140625,233.94000244140625,329.32000732421875,605.7000122070312,70.88999938964844,338.9800109863281,233.97999572753906,329.4150085449219,605.8200073242188,70.91000366210938,69852,56071,39678,11935,71448
2026-07-27 11:15:00-04:00,339.08599853515625,233.71499633789062,328.8599853515625,605.1304931640625,71.03009796142578,339.2099914550781,233.94500732421875,329.4100036621094,605.989990234375,71.06950378417969,338.9800109863281,233.70889282226562,328.82000732421875,605.1304931640625,70.9800033569336,339.04998779296875,233.92999267578125,329.3599853515625,605.8499755859375,70.9800033569336,68632,52011,40972,20626,76966
2026-07-27 11:16:00-04:00,339.1000061035156,233.80499267578125,328.7799987792969,605.2650146484375,71.14089965820312,339.20001220703125,233.86000061035156,328.82000732421875,605.489990234375,71.1449966430664,339.0299987792969,233.67999267578125,328.6000061035156,605.0499877929688,71.0250015258789,339.0849914550781,233.72999572753906,328.79998779296875,605.25,71.04000091552734,73605,45123,33500,18294,104353
2026-07-27 11:17:00-04:00,338.9150085449219,233.64999389648438,328.5249938964844,604.969970703125,71.12760162353516,339.20001220703125,233.83999633789062,328.7799072265625,605.489990234375,71.16000366210938,338.8699951171875,233.5966033935547,328.45599365234375,604.77001953125,71.11499786376953,339.0849914550781,233.80499267578125,328.7200012207031,605.4000244140625,71.1449966430664,70445,42785,26942,18744,63498
2026-07-27 11:18:00-04:00,338.8599853515625,233.41000366210938,328.5450134277344,605.5819702148438,71.1500015258789,338.9200134277344,233.6699981689453,328.57000732421875,605.6900024414062,71.19000244140625,338.6099853515625,233.25999450683594,328.122802734375,604.6113891601562,71.12999725341797,338.8999938964844,233.66000366210938,328.5299987792969,605.0,71.13500213623047,118925,74793,24942,11665,56492
2026-07-27 11:19:00-04:00,338.8399963378906,233.22999572753906,328.635009765625,605.4550170898438,71.12000274658203,338.95001220703125,233.47000122070312,328.79998779296875,605.8499755859375,71.18820190429688,338.6600036621094,233.17999267578125,328.5400085449219,605.3099975585938,71.05000305175781,338.8699951171875,233.4250030517578,328.6300048828125,605.6900024414062,71.18000030517578,65170,158161,20629,15096,87849
2026-07-27 11:20:00-04:00,338.7300109863281,233.27499389648438,328.5690002441406,605.5999755859375,71.12000274658203,338.9695129394531,233.32000732421875,328.95989990234375,605.780029296875,71.13999938964844,338.70098876953125,233.16000366210938,328.4800109863281,605.4249877929688,71.07499694824219,338.864990234375,233.22500610351562,328.67999267578125,605.6400146484375,71.12999725341797,66954,55427,22854,10462,73250
2026-07-27 11:21:00-04:00,338.6000061035156,233.22999572753906,328.2200012207031,605.27001953125,71.15039825439453,338.8399963378906,233.35000610351562,328.54998779296875,605.6699829101562,71.16999816894531,338.6000061035156,233.1699981689453,328.2099914550781,605.0100708007812,71.0999984741211,338.7349853515625,233.25999450683594,328.54998779296875,605.6599731445312,71.12000274658203,76959,90367,30268,14148,62594
2026-07-27 11:22:00-04:00,338.6700134277344,233.4600067138672,328.6300048828125,606.2999877929688,71.16999816894531,338.80999755859375,233.49000549316406,328.63970947265625,606.4000244140625,71.19000244140625,338.53009033203125,233.19000244140625,328.1700134277344,605.010009765625,71.12000274658203,338.614990234375,233.2100067138672,328.2349853515625,605.1400146484375,71.1500015258789,103497,47554,17396,15299,110255
2026-07-27 11:23:00-04:00,338.614990234375,233.39500427246094,328.45001220703125,606.6199951171875,71.21990203857422,338.79998779296875,233.50999450683594,328.6700134277344,606.760009765625,71.25,338.4599914550781,233.35000610351562,328.3900146484375,606.10009765625,71.16999816894531,338.6499938964844,233.41000366210938,328.6099853515625,606.239990234375,71.16999816894531,72462,64058,28805,43099,110361
2026-07-27 11:24:00-04:00,338.5801086425781,233.33999633789062,328.5199890136719,605.9600219726562,71.1500015258789,338.6199951171875,233.40989685058594,328.57501220703125,607.010009765625,71.22000122070312,338.260498046875,233.27000427246094,328.30999755859375,605.9600219726562,71.12999725341797,338.6000061035156,233.39999389648438,328.43499755859375,606.739990234375,71.22000122070312,82092,36256,20959,37776,72127
2026-07-27 11:25:00-04:00,338.625,233.35000610351562,328.70001220703125,606.0250244140625,71.13500213623047,338.7200012207031,233.36500549316406,328.70001220703125,606.2100219726562,71.16999816894531,338.510009765625,233.17059326171875,328.54998779296875,605.6699829101562,71.1050033569336,338.5950927734375,233.3300018310547,328.54998779296875,605.760009765625,71.13999938964844,64320,55980,37570,14493,80783
2026-07-27 11:26:00-04:00,338.80999755859375,233.3000030517578,328.6300048828125,605.885009765625,71.19999694824219,338.80999755859375,233.3699951171875,328.70001220703125,606.2000122070312,71.20500183105469,338.44000244140625,233.27000427246094,328.45001220703125,605.6599731445312,71.08499908447266,338.6099853515625,233.30499267578125,328.6499938964844,605.9349975585938,71.12999725341797,57368,31607,25696,10494,115869
2026-07-27 11:27:00-04:00,338.6400146484375,233.3300018310547,328.5199890136719,605.77001953125,71.1500015258789,338.8999938964844,233.4199981689453,328.67999267578125,605.8599853515625,71.20989990234375,338.635986328125,233.2899932861328,328.45001220703125,605.5599975585938,71.13999938964844,338.789306640625,233.3300018310547,328.6300048828125,605.8599853515625,71.20279693603516,63260,69976,22708,11634,68956
2026-07-27 11:28:00-04:00,338.6000061035156,233.31500244140625,328.0299987792969,605.5599975585938,71.13999938964844,338.7099914550781,233.33999633789062,328.5199890136719,605.72998046875,71.19999694824219,338.5299987792969,233.1999969482422,327.9100036621094,605.3001098632812,71.13009643554688,338.66009521484375,233.30999755859375,328.5,605.72998046875,71.1500015258789,43120,34644,46130,12110,111254
2026-07-27 11:29:00-04:00,338.739990234375,233.30499267578125,328.2099914550781,605.5349731445312,71.1500015258789,338.7499084472656,233.36000061035156,328.3500061035156,605.6799926757812,71.16999816894531,338.6000061035156,233.26010131835938,328.0299987792969,605.3101196289062,71.13999938964844,338.6000061035156,233.3000030517578,328.0899963378906,605.6599731445312,71.1500015258789,60195,32182,31146,11400,89812
2026-07-27 11:30:00-04:00,338.8500061035156,233.05979919433594,328.010009765625,605.4500122070312,71.16999816894531,338.8500061035156,233.30999755859375,328.2300109863281,605.5499267578125,71.19000244140625,338.5723876953125,233.0,327.8999938964844,605.2100219726562,71.13999938964844,338.7300109863281,233.30999755859375,328.1875,605.4299926757812,71.1500015258789,51542,53010,26444,7922,124441
2026-07-27 11:31:00-04:00,338.93499755859375,232.89999389648438,327.7049865722656,605.155029296875,71.19499969482422,338.968994140625,233.07000732421875,328.1199951171875,605.7000122070312,71.20999908447266,338.6700134277344,232.8820037841797,327.6700134277344,605.0700073242188,71.18000030517578,338.8599853515625,233.0500030517578,327.9823913574219,605.5601196289062,71.18000030517578,93731,66096,27266,15905,36178
2026-07-27 11:32:00-04:00,339.05999755859375,232.64999389648438,327.6300048828125,605.1400146484375,71.17500305175781,339.20001220703125,232.9600067138672,327.8794860839844,605.4199829101562,71.21499633789062,338.8999938964844,232.64999389648438,327.6000061035156,604.9401245117188,71.17500305175781,338.92498779296875,232.91000366210938,327.7049865722656,605.1300048828125,71.19499969482422,130403,65884,58865,16284,59969
2026-07-27 11:33:00-04:00,339.4100036621094,232.66000366210938,327.7091979980469,604.9500122070312,71.16000366210938,339.4599914550781,232.7100067138672,327.82000732421875,605.1599731445312,71.18000030517578,339.0299987792969,232.5,327.55999755859375,604.530029296875,71.1500015258789,339.05999755859375,232.66000366210938,327.6000061035156,605.1599731445312,71.17980194091797,133905,60833,29087,11676,66993
2026-07-27 11:34:00-04:00,339.3699951171875,232.47000122070312,327.44000244140625,603.6599731445312,71.1449966430664,339.57000732421875,232.67999267578125,327.70001220703125,604.8900146484375,71.18499755859375,339.29998779296875,232.42999267578125,327.4100036621094,603.6599731445312,71.13500213623047,339.4049987792969,232.66000366210938,327.69000244140625,604.8150024414062,71.16560363769531,126120,72966,39704,20328,35767
2026-07-27 11:35:00-04:00,339.04998779296875,232.2050018310547,327.2699890136719,602.760009765625,71.12999725341797,339.3500061035156,232.57000732421875,327.4800109863281,603.7850952148438,71.18000030517578,338.9800109863281,232.1699981689453,327.2200012207031,602.760009765625,71.12000274658203,339.3500061035156,232.4600067138672,327.44000244140625,603.7850952148438,71.1500015258789,112513,83462,39093,23244,83909
2026-07-27 11:36:00-04:00,338.44500732421875,232.27999877929688,327.2799987792969,602.8049926757812,71.16000366210938,339.0400085449219,232.3699951171875,327.3550109863281,603.1900024414062,71.17720031738281,338.3999938964844,232.0800018310547,327.1400146484375,602.3099975585938,71.11000061035156,339.0400085449219,232.19000244140625,327.21051025390625,602.7449951171875,71.12999725341797,164423,82193,33487,18670,73852
2026-07-27 11:37:00-04:00,338.2200927734375,232.27999877929688,327.46551513671875,602.5349731445312,71.16000366210938,338.6199951171875,232.3459014892578,327.6300048828125,603.1900024414062,71.17500305175781,338.2200012207031,232.22999572753906,327.20001220703125,602.5349731445312,71.1500015258789,338.44500732421875,232.28500366210938,327.2699890136719,602.989990234375,71.16000366210938,106853,43743,35233,18302,37373
2026-07-27 11:38:00-04:00,337.82000732421875,232.43499755859375,327.6449890136719,603.780029296875,71.2300033569336,338.25,232.4499969482422,327.6600036621094,603.780029296875,71.23590087890625,337.70001220703125,232.25999450683594,327.4100036621094,602.4500122070312,71.1500015258789,338.25,232.29750061035156,327.4649963378906,602.5250854492188,71.1500015258789,182273,59189,35301,13702,51703
2026-07-27 11:39:00-04:00,337.4700012207031,232.3800048828125,327.6099853515625,603.9299926757812,71.2300033569336,337.9200134277344,232.52999877929688,327.7650146484375,604.10888671875,71.2699966430664,337.3800048828125,232.3350067138672,327.50799560546875,603.6400756835938,71.21499633789062,337.80999755859375,232.4600067138672,327.6449890136719,603.7650146484375,71.2300033569336,1399600,70214,37264,9477,75625
2026-07-27 11:40:00-04:00,337.43499755859375,232.39500427246094,327.55499267578125,603.9500122070312,71.23500061035156,337.6000061035156,232.43499755859375,327.7499084472656,603.989990234375,71.26000213623047,337.0899963378906,232.2899932861328,327.5,603.6199951171875,71.22640228271484,337.5,232.3800048828125,327.6050109863281,603.8800048828125,71.25,122077,56200,43720,17406,52589
2026-07-27 11:41:00-04:00,337.57000732421875,232.38999938964844,327.6319885253906,603.635009765625,71.23999786376953,337.6499938964844,232.47999572753906,327.82000732421875,604.0800170898438,71.25029754638672,337.4200134277344,232.2899932861328,327.5000915527344,603.4099731445312,71.19000244140625,337.45001220703125,232.39500427246094,327.6400146484375,603.8300170898438,71.23999786376953,89584,49643,34159,12646,60862
2026-07-27 11:42:00-04:00,337.80999755859375,232.5467987060547,327.81500244140625,603.3610229492188,71.26010131835938,337.82000732421875,232.5500030517578,327.8900146484375,603.8800048828125,71.30000305175781,337.54998779296875,232.375,327.5700988769531,603.360107421875,71.21499633789062,337.5799865722656,232.3834991455078,327.67999267578125,603.760009765625,71.2300033569336,95469,45572,49008,17078,103876
2026-07-27 11:43:00-04:00,337.93499755859375,232.39500427246094,327.489990234375,602.625,71.28500366210938,337.9800109863281,232.56500244140625,327.8900146484375,603.5349731445312,71.28500366210938,337.7250061035156,232.35000610351562,327.3999938964844,602.489990234375,71.24500274658203,337.8299865722656,232.52999877929688,327.7799987792969,603.5150146484375,71.2699966430664,83834,43690,32128,20586,62669
2026-07-27 11:44:00-04:00,338.260009765625,232.52999877929688,327.5899963378906,602.7750244140625,71.31500244140625,338.3320007324219,232.55990600585938,327.7099914550781,602.9500122070312,71.31999969482422,337.9200134277344,232.3300018310547,327.42010498046875,602.469970703125,71.27999877929688,337.95001220703125,232.4040069580078,327.4599914550781,602.6199951171875,71.28500366210938,90437,59564,34398,33501,55595
2026-07-27 11:45:00-04:00,338.0150146484375,232.35000610351562,327.5299987792969,601.625,71.27010345458984,338.29998779296875,232.56500244140625,327.67999267578125,603.0,71.30999755859375,337.8500061035156,232.22000122070312,327.2799987792969,601.5599975585938,71.25499725341797,338.2898864746094,232.5500030517578,327.6300048828125,602.780029296875,71.30999755859375,80727,40077,27497,35387,73781
2026-07-27 11:46:00-04:00,338.20001220703125,232.38999938964844,327.6300048828125,601.9849853515625,71.26000213623047,338.2900085449219,232.4250030517578,327.69000244140625,602.0700073242188,71.2750015258789,337.9700012207031,232.2949981689453,327.4700012207031,601.3499755859375,71.19499969482422,337.9700012207031,232.35499572753906,327.4700012207031,601.5599975585938,71.2699966430664,52411,92780,22256,17789,88729
2026-07-27 11:47:00-04:00,338.30499267578125,232.45989990234375,327.6600036621094,602.0050048828125,71.25499725341797,338.3599853515625,232.4949951171875,327.739990234375,602.5999145507812,71.2697982788086,338.1199951171875,232.39999389648438,327.5899963378906,601.959228515625,71.19000244140625,338.20001220703125,232.40420532226562,327.6300048828125,601.9849853515625,71.25260162353516,70247,64119,264100,10294,65459
2026-07-27 11:48:00-04:00,338.1050109863281,232.4499969482422,327.5931091308594,602.4500122070312,71.28500366210938,338.55999755859375,232.62969970703125,327.94989013671875,603.0598754882812,71.29000091552734,338.0899963378906,232.4199981689453,327.5899963378906,602.0100708007812,71.24500274658203,338.3299865722656,232.4322052001953,327.6600036621094,602.0100708007812,71.25589752197266,74421,32486,51378,9705,44127
2026-07-27 11:49:00-04:00,338.2300109863281,232.2100067138672,327.7799987792969,602.114990234375,71.33300018310547,338.2799987792969,232.44500732421875,327.8399963378906,602.4500122070312,71.33999633789062,338.0899963378906,232.11000061035156,327.5199890136719,601.7000732421875,71.25499725341797,338.1400146484375,232.43499755859375,327.57000732421875,602.3712158203125,71.28500366210938,43076,126955,31525,13277,72095
2026-07-27 11:50:00-04:00,338.2200012207031,232.2449951171875,328.40008544921875,602.1300048828125,71.27999877929688,338.30999755859375,232.3000030517578,328.4200134277344,602.8405151367188,71.33999633789062,338.1202087402344,232.10000610351562,327.7301025390625,602.1300048828125,71.2699966430664,338.30999755859375,232.24000549316406,327.8299865722656,602.3200073242188,71.33999633789062,39954,114286,46158,6623,36955
2026-07-27 11:51:00-04:00,338.2850036621094,232.17999267578125,328.6300048828125,602.2000122070312,71.19000244140625,338.42498779296875,232.30369567871094,328.8800048828125,602.4249877929688,71.27999877929688,338.1650085449219,232.1699981689453,328.3699951171875,602.0900268554688,71.18009948730469,338.2149963378906,232.27000427246094,328.3999938964844,602.1849975585938,71.27999877929688,38667,37580,42810,6051,126698
2026-07-27 11:52:00-04:00,337.90008544921875,232.05780029296875,328.2850036621094,601.3900146484375,71.16000366210938,338.3399963378906,232.2100067138672,328.625,602.1199951171875,71.19000244140625,337.8800048828125,232.00509643554688,328.25,601.3599853515625,71.13500213623047,338.2799987792969,232.1699981689453,328.5799865722656,602.010009765625,71.19000244140625,107268,31728,23351,7885,54173
2026-07-27 11:53:00-04:00,337.760009765625,232.2050018310547,328.260009765625,601.375,71.21499633789062,337.9700012207031,232.26499938964844,328.364990234375,601.9299926757812,71.22000122070312,337.7099914550781,232.00079345703125,328.07000732421875,601.1749877929688,71.16500091552734,337.8999938964844,232.0399932861328,328.2799987792969,601.489990234375,71.16999816894531,63207,40107,24007,23383,61738
2026-07-27 11:54:00-04:00,337.9399108886719,232.25,328.4599914550781,601.5,71.17009735107422,337.9800109863281,232.27000427246094,328.4599914550781,601.5,71.21499633789062,337.6700134277344,232.11000061035156,328.20001220703125,600.9000244140625,71.06999969482422,337.7650146484375,232.2050018310547,328.30999755859375,601.364990234375,71.21499633789062,60686,45078,22521,24847,116645
2026-07-27 11:55:00-04:00,337.7799987792969,232.25999450683594,328.69000244140625,601.8837280273438,71.22730255126953,337.9549865722656,232.28500366210938,328.7699890136719,601.9398193359375,71.2300033569336,337.635986328125,232.17999267578125,328.4200134277344,601.4030151367188,71.1500015258789,337.92999267578125,232.23500061035156,328.427001953125,601.4600219726562,71.18000030517578,49588,36816,48820,12932,81741
2026-07-27 11:56:00-04:00,337.7449951171875,232.17999267578125,328.6700134277344,601.6199951171875,71.23500061035156,337.8794860839844,232.27000427246094,328.8399963378906,601.9400024414062,71.25,337.6300048828125,232.16000366210938,328.5700988769531,601.5700073242188,71.20999908447266,337.79998779296875,232.27000427246094,328.7349853515625,601.9400024414062,71.2300033569336,33905,39040,27091,6542,48862
2026-07-27 11:57:00-04:00,337.6400146484375,232.1649932861328,328.6499938964844,601.6900024414062,71.27359771728516,337.80999755859375,232.1999969482422,328.7200012207031,601.8359985351562,71.27989959716797,337.625,232.08050537109375,328.489990234375,601.5114135742188,71.1947021484375,337.739990234375,232.19000244140625,328.67498779296875,601.5114135742188,71.23500061035156,1093038,34030,21439,5516,43607
2026-07-27 11:58:00-04:00,336.79998779296875,232.0399932861328,328.6050109863281,601.4000244140625,71.33999633789062,337.6300048828125,232.13999938964844,328.70001220703125,601.64501953125,71.33999633789062,336.760986328125,231.91000366210938,328.510009765625,601.0700073242188,71.25,337.6199951171875,232.13999938964844,328.69500732421875,601.5399780273438,71.2750015258789,95025,66956,19465,7874,80377
2026-07-27 11:59:00-04:00,337.06500244140625,231.88499450683594,328.4800109863281,600.97998046875,71.39669799804688,337.1099853515625,232.06500244140625,328.7099914550781,601.5499877929688,71.41999816894531,336.75,231.8699951171875,328.2099914550781,600.7125244140625,71.33000183105469,336.7799987792969,232.0500030517578,328.59228515625,601.4000244140625,71.34649658203125,90812,51988,66332,14356,85325
2026-07-27 12:00:00-04:00,337.2099914550781,232.10000610351562,328.54730224609375,601.5426025390625,71.43000030517578,337.3900146484375,232.1699981689453,328.7699890136719,601.6300048828125,71.4749984741211,336.95001220703125,231.89999389648438,328.44000244140625,601.02001953125,71.36000061035156,337.0400085449219,231.89999389648438,328.44000244140625,601.0999755859375,71.38980102539062,54211,106344,24680,14955,65927
2026-07-27 12:01:00-04:00,337.16009521484375,232.0500030517578,328.5950012207031,601.2999877929688,71.4800033569336,337.2900085449219,232.1199951171875,328.6700134277344,601.6400146484375,71.50499725341797,337.010009765625,231.9499969482422,328.5299987792969,601.0599975585938,71.38999938964844,337.260009765625,232.10499572753906,328.6000061035156,601.6300048828125,71.41999816894531,76616,53630,20347,8784,92885
2026-07-27 12:02:00-04:00,337.45001220703125,231.89999389648438,328.5299987792969,601.0399780273438,71.51499938964844,337.45001220703125,232.0800018310547,328.6300048828125,601.4749755859375,71.51499938964844,337.1400146484375,231.86000061035156,328.3500061035156,600.9000244140625,71.48500061035156,337.1400146484375,232.02999877929688,328.6099853515625,601.3900146484375,71.48500061035156,141530,32046,22358,6549,99436
2026-07-27 12:03:00-04:00,337.17999267578125,231.88999938964844,328.6850891113281,600.8209228515625,71.51499938964844,337.4599914550781,231.97000122070312,328.68548583984375,601.22998046875,71.5199966430664,337.1650085449219,231.82000732421875,328.5,600.4000244140625,71.49500274658203,337.44000244140625,231.8800048828125,328.5,601.0399780273438,71.51499938964844,48157,46130,21392,48789,47610
2026-07-27 12:04:00-04:00,337.2301025390625,232.01499938964844,328.9639892578125,601.6810302734375,71.625,337.260009765625,232.01499938964844,328.9800109863281,601.6810302734375,71.62999725341797,337.04998779296875,231.85499572753906,328.7049865722656,600.739990234375,71.49500274658203,337.19000244140625,231.89999389648438,328.7099914550781,600.9400024414062,71.51000213623047,47369,61852,23986,25752,74686
2026-07-27 12:05:00-04:00,337.04998779296875,232.0,328.81500244140625,601.489990234375,71.48500061035156,337.2799987792969,232.0800018310547,329.05999755859375,601.6900024414062,71.6500015258789,337.0299987792969,231.99000549316406,328.7799987792969,601.3200073242188,71.46009826660156,337.2650146484375,232.0050048828125,329.0,601.4650268554688,71.62999725341797,43039,32509,34174,9290,82111
2026-07-27 12:06:00-04:00,337.1700134277344,231.8699951171875,328.7073059082031,600.4550170898438,71.44999694824219,337.1700134277344,232.00999450683594,328.8996887207031,601.739990234375,71.48770141601562,337.0299987792969,231.75,328.5849914550781,600.1599731445312,71.42500305175781,337.04998779296875,232.00999450683594,328.8399963378906,601.6099853515625,71.4800033569336,41219,42857,22526,47300,47434
2026-07-27 12:07:00-04:00,337.2049865722656,231.77000427246094,328.7200012207031,599.635009765625,71.36499786376953,337.2799987792969,231.90499877929688,328.8999938964844,600.5999755859375,71.44999694824219,337.1099853515625,231.75,328.70001220703125,599.3599853515625,71.33999633789062,337.1700134277344,231.8699951171875,328.7699890136719,600.5999755859375,71.44999694824219,28555,38747,25964,24923,40702
2026-07-27 12:08:00-04:00,337.1449890136719,231.87899780273438,328.7799987792969,599.5599975585938,71.36499786376953,337.2300109863281,231.94000244140625,328.84991455078125,599.7999877929688,71.39620208740234,337.1000061035156,231.75,328.6700134277344,599.2650146484375,71.3499984741211,337.2049865722656,231.7899932861328,328.7250061035156,599.7000122070312,71.36000061035156,25732,55236,22458,17516,31839
2026-07-27 12:09:00-04:00,337.20001220703125,231.960205078125,328.69000244140625,598.7650146484375,71.43000030517578,337.2300109863281,231.960205078125,328.79998779296875,599.5599975585938,71.44000244140625,337.0299987792969,231.7949981689453,328.6300048828125,598.5499877929688,71.36000061035156,337.1300048828125,231.91000366210938,328.74090576171875,599.5599975585938,71.36000061035156,33789,48612,21682,25141,49581
2026-07-27 12:10:00-04:00,337.43499755859375,231.97000122070312,328.70001220703125,598.9600219726562,71.41000366210938,337.44000244140625,231.97999572753906,328.87188720703125,599.3200073242188,71.43000030517578,337.10009765625,231.85000610351562,328.6700134277344,598.530029296875,71.35169982910156,337.1900939941406,231.92999267578125,328.7300109863281,598.7650146484375,71.43000030517578,80306,42451,24502,21675,59558
2026-07-27 12:11:00-04:00,337.3299865722656,232.00999450683594,328.58990478515625,598.719970703125,71.37999725341797,337.4399108886719,232.02000427246094,328.7099914550781,598.9600219726562,71.41999816894531,337.30999755859375,231.88499450683594,328.5,598.5701293945312,71.375,337.42999267578125,231.97000122070312,328.6499938964844,598.9600219726562,71.4000015258789,36399,46017,18883,10240,36097
2026-07-27 12:12:00-04:00,337.44000244140625,231.9199981689453,328.2300109863281,598.385009765625,71.32499694824219,337.5299987792969,232.02999877929688,328.6210021972656,599.0,71.4000015258789,337.32501220703125,231.9199981689453,328.2200012207031,598.385009765625,71.31999969482422,337.3500061035156,232.0050048828125,328.5101013183594,598.7100219726562,71.38999938964844,43026,45000,33497,21710,52114
2026-07-27 12:13:00-04:00,337.25,231.67999267578125,327.91009521484375,598.0,71.375,337.42999267578125,231.9199981689453,328.260009765625,598.5,71.375,337.17498779296875,231.6199951171875,327.8599853515625,597.739990234375,71.30000305175781,337.4200134277344,231.91000366210938,328.2200012207031,598.5,71.33499908447266,32576,74834,22528,32766,25617
2026-07-27 12:14:00-04:00,337.30999755859375,231.44000244140625,327.8500061035156,597.9550170898438,71.31999969482422,337.3550109863281,231.67999267578125,327.95001220703125,598.239990234375,71.375,337.1600036621094,231.44000244140625,327.739990234375,597.7700805664062,71.31999969482422,337.239990234375,231.6699981689453,327.8900146484375,598.0399780273438,71.375,35228,104382,28152,11431,42991
2026-07-27 12:15:00-04:00,337.2049865722656,231.40460205078125,328.07501220703125,597.8499755859375,71.26000213623047,337.58990478515625,231.5050048828125,328.21990966796875,598.5499877929688,71.31800079345703,337.2049865722656,231.36000061035156,327.875,597.8200073242188,71.25,337.3299865722656,231.42999267578125,327.875,597.9550170898438,71.31500244140625,42325,72772,22010,20697,38657
2026-07-27 12:16:00-04:00,337.29998779296875,231.2949981689453,327.8699951171875,597.469970703125,71.2699966430664,337.3399963378906,231.3800048828125,328.0498962402344,597.8099975585938,71.27989959716797,337.19500732421875,231.25,327.7699890136719,597.3905029296875,71.24500274658203,337.2099914550781,231.3800048828125,328.010009765625,597.8099975585938,71.26000213623047,33291,54540,15179,12096,46742
2026-07-27 12:17:00-04:00,337.45001220703125,231.22500610351562,327.864990234375,598.239990234375,71.2750015258789,337.5751037597656,231.36000061035156,327.95001220703125,598.3800048828125,71.29000091552734,337.2699890136719,230.99000549316406,327.760009765625,597.5399780273438,71.26000213623047,337.30999755859375,231.32000732421875,327.8500061035156,597.5800170898438,71.26499938964844,45858,135239,15636,15562,34034
2026-07-27 12:18:00-04:00,337.69000244140625,231.33999633789062,327.989990234375,598.4600219726562,71.31999969482422,337.8800048828125,231.3699951171875,328.0596923828125,598.530029296875,71.31999969482422,337.4200134277344,231.22000122070312,327.8424987792969,598.219970703125,71.2699966430664,337.45001220703125,231.22999572753906,327.8424987792969,598.219970703125,71.2699966430664,73024,42932,25373,29161,23624
2026-07-27 12:19:00-04:00,337.4800109863281,231.33999633789062,327.8699951171875,598.3699951171875,71.24009704589844,337.7099914550781,231.5050048828125,328.0299987792969,598.4650268554688,71.31999969482422,337.3399963378906,231.33999633789062,327.82000732421875,597.9249267578125,71.23999786376953,337.69000244140625,231.3800048828125,327.989990234375,598.4650268554688,71.31999969482422,37895,61091,21329,11401,91836
2026-07-27 12:20:00-04:00,337.5,231.22000122070312,327.79998779296875,598.260009765625,71.2249984741211,337.6199951171875,231.36500549316406,327.8699951171875,598.3800048828125,71.25,337.42059326171875,231.22000122070312,327.70001220703125,597.8900146484375,71.21009826660156,337.4849853515625,231.36500549316406,327.85101318359375,598.2550048828125,71.24500274658203,49378,59648,13995,27463,68060
2026-07-27 12:21:00-04:00,337.55499267578125,231.14999389648438,327.5000915527344,597.9949951171875,71.19499969482422,337.6499938964844,231.30999755859375,327.8299865722656,598.4500122070312,71.23500061035156,337.45001220703125,231.11000061035156,327.489990234375,597.85009765625,71.19499969482422,337.4801025390625,231.1999969482422,327.7699890136719,598.2650146484375,71.2249984741211,43388,72251,16704,16055,48963
2026-07-27 12:22:00-04:00,337.6449890136719,231.0749969482422,327.7349853515625,598.4097290039062,71.12999725341797,337.69000244140625,231.1199951171875,327.7349853515625,598.4099731445312,71.19499969482422,337.4800109863281,230.99029541015625,327.5,597.8599853515625,71.12999725341797,337.5299987792969,231.1199951171875,327.5799865722656,598.0,71.19499969482422,36340,47811,23345,11086,58429
2026-07-27 12:23:00-04:00,337.4599914550781,231.1300048828125,327.739990234375,597.8200073242188,71.16000366210938,337.6449890136719,231.1649932861328,327.760009765625,598.409912109375,71.18000030517578,337.29998779296875,231.0,327.6099853515625,597.5999755859375,71.0999984741211,337.6449890136719,231.0800018310547,327.7250061035156,598.409912109375,71.0999984741211,76478,43009,20518,11190,81919
2026-07-27 12:24:00-04:00,337.489990234375,231.14999389648438,327.95001220703125,598.4450073242188,71.12999725341797,337.5400085449219,231.1699981689453,327.96209716796875,598.4450073242188,71.16000366210938,337.32000732421875,231.031494140625,327.7200012207031,597.8099975585938,71.11000061035156,337.43499755859375,231.11000061035156,327.7650146484375,598.030029296875,71.1500015258789,32791,39056,16853,12016,47761
2026-07-27 12:25:00-04:00,337.9649963378906,231.82000732421875,328.54998779296875,600.0449829101562,71.22000122070312,338.0,231.82000732421875,328.6099853515625,600.1400146484375,71.22000122070312,337.42498779296875,231.02999877929688,327.8900146484375,598.2999877929688,71.05999755859375,337.510009765625,231.15499877929688,327.9100036621094,598.3900146484375,71.11000061035156,132431,165632,74626,52258,102211
2026-07-27 12:26:00-04:00,337.7699890136719,231.5,328.2550048828125,599.5650024414062,71.16999816894531,337.9700012207031,231.80999755859375,328.5799865722656,600.2000122070312,71.20999908447266,337.6400146484375,231.47999572753906,328.19500732421875,598.8099975585938,71.14430236816406,337.9700012207031,231.8000030517578,328.510009765625,599.8800048828125,71.20999908447266,52259,58665,27204,31487,61685
2026-07-27 12:27:00-04:00,337.82000732421875,231.89999389648438,328.42999267578125,599.72998046875,71.26499938964844,337.8699951171875,231.97250366210938,328.510009765625,599.8699951171875,71.2699966430664,337.67999267578125,231.52999877929688,328.23590087890625,599.3699951171875,71.18000030517578,337.7099914550781,231.5500030517578,328.2550048828125,599.6400146484375,71.18000030517578,46190,62867,14376,17750,55998
2026-07-27 12:28:00-04:00,337.5299987792969,231.70950317382812,328.0199890136719,599.5050048828125,71.23999786376953,337.8599853515625,231.9600067138672,328.4200134277344,599.8699951171875,71.2699966430664,337.4949951171875,231.7050018310547,328.0,599.3300170898438,71.23500061035156,337.80999755859375,231.90499877929688,328.4100036621094,599.72998046875,71.2699966430664,53759,66091,20112,8845,39903
2026-07-27 12:29:00-04:00,337.4501037597656,231.52999877929688,327.8699951171875,599.02001953125,71.26499938964844,337.57000732421875,231.7100067138672,328.07989501953125,599.6400146484375,71.26499938964844,337.32000732421875,231.52000427246094,327.739990234375,599.010009765625,71.24500274658203,337.5350036621094,231.6699981689453,328.0450134277344,599.4099731445312,71.24500274658203,55402,77721,14576,10370,26020
2026-07-27 12:30:00-04:00,337.5450134277344,231.77000427246094,327.8500061035156,599.2100219726562,71.2699966430664,337.6000061035156,231.875,328.0,599.5250244140625,71.29499816894531,337.42999267578125,231.49000549316406,327.7699890136719,598.8099975585938,71.24500274658203,337.4599914550781,231.52999877929688,327.79998779296875,599.02001953125,71.26000213623047,53074,96637,18200,35245,47035
2026-07-27 12:31:00-04:00,337.5450134277344,231.9300994873047,328.0199890136719,599.7286987304688,71.26499938964844,337.6300048828125,231.9398956298828,328.0199890136719,599.72998046875,71.2699966430664,337.4800109863281,231.77499389648438,327.8525085449219,599.0999755859375,71.22000122070312,337.5450134277344,231.77999877929688,327.8900146484375,599.2050170898438,71.2699966430664,33898,76433,15784,19269,37120
2026-07-27 12:32:00-04:00,337.6400146484375,231.96499633789062,328.1000061035156,599.8275146484375,71.32430267333984,337.7398986816406,232.02000427246094,328.2099914550781,600.22998046875,71.33000183105469,337.5450134277344,231.90499877929688,327.9801025390625,599.6099853515625,71.26499938964844,337.5450134277344,231.93499755859375,327.9801025390625,599.6649780273438,71.2699966430664,38323,70123,18818,26931,48122
2026-07-27 12:33:00-04:00,337.5,231.9250030517578,327.9700012207031,599.655029296875,71.33999633789062,337.6700134277344,231.98190307617188,328.1199951171875,599.8800048828125,71.37000274658203,337.4150085449219,231.83999633789062,327.80999755859375,599.4000244140625,71.31999969482422,337.6549987792969,231.98190307617188,328.1000061035156,599.833984375,71.33000183105469,27845,54145,15329,10106,57052
2026-07-27 12:34:00-04:00,337.7200012207031,232.0800018310547,328.1000061035156,599.8699951171875,71.27999877929688,337.75,232.09500122070312,328.1000061035156,599.9099731445312,71.3499984741211,337.5,231.8800048828125,327.9100036621094,599.4600219726562,71.25,337.5,231.9199981689453,327.9599914550781,599.760009765625,71.34500122070312,39460,63539,12142,10649,87254
2026-07-27 12:35:00-04:00,337.6549987792969,232.1699981689453,328.1455993652344,600.2100219726562,71.27999877929688,337.7699890136719,232.19000244140625,328.2200012207031,600.2100219726562,71.30500030517578,337.5799865722656,232.0800018310547,328.010009765625,599.8499755859375,71.25499725341797,337.7200012207031,232.10000610351562,328.0299987792969,599.8499755859375,71.2750015258789,43122,53423,21177,21456,49581
2026-07-27 12:36:00-04:00,338.1300048828125,232.11500549316406,328.1099853515625,600.1950073242188,71.29000091552734,338.1300048828125,232.17999267578125,328.1700134277344,600.280029296875,71.31069946289062,337.57000732421875,232.02000427246094,327.94000244140625,599.8800048828125,71.28500366210938,337.6549987792969,232.16000366210938,328.1600036621094,600.219970703125,71.29000091552734,68955,48392,16416,17134,35309
2026-07-27 12:37:00-04:00,337.8800048828125,232.02000427246094,327.9549865722656,599.8300170898438,71.21009826660156,338.1300048828125,232.16000366210938,328.1300048828125,600.3699951171875,71.29000091552734,337.8599853515625,231.99000549316406,327.94000244140625,599.75,71.19999694824219,338.1099853515625,232.1300048828125,328.1000061035156,600.1900024414062,71.29000091552734,39542,30405,13658,14291,47542
2026-07-27 12:38:00-04:00,337.6549987792969,231.8699951171875,327.82000732421875,599.4099731445312,71.18499755859375,337.8999938964844,232.01499938964844,328.0400085449219,599.9099731445312,71.2249984741211,337.6300048828125,231.82000732421875,327.8100891113281,599.1900024414062,71.16999816894531,337.8800048828125,232.0,327.989990234375,599.75,71.21499633789062,30336,43144,209206,10480,49967
2026-07-27 12:39:00-04:00,337.43499755859375,231.72999572753906,327.67498779296875,598.8275146484375,71.14510345458984,337.7099914550781,231.86839294433594,327.8598937988281,599.364990234375,71.18499755859375,337.385009765625,231.66000366210938,327.55999755859375,598.6500244140625,71.13500213623047,337.6700134277344,231.86839294433594,327.8598937988281,599.364990234375,71.18419647216797,45453,57297,19208,11850,35985
2026-07-27 12:40:00-04:00,337.4800109863281,231.72999572753906,327.7799987792969,598.8800048828125,71.15499877929688,337.5299987792969,231.7899932861328,327.79998779296875,599.1199951171875,71.17500305175781,337.2200012207031,231.7100067138672,327.6300964355469,598.8300170898438,71.13999938964844,337.45001220703125,231.75999450683594,327.7699890136719,598.9099731445312,71.1500015258789,71469,39002,6535,11203,21044
2026-07-27 12:41:00-04:00,337.1600036621094,231.77000427246094,327.54998779296875,598.5900268554688,71.125,337.476806640625,231.7899932861328,327.7799987792969,598.9500122070312,71.15499877929688,337.1499938964844,231.56509399414062,327.4849853515625,598.280029296875,71.08000183105469,337.4599914550781,231.73500061035156,327.739990234375,598.9500122070312,71.15499877929688,37469,62913,15959,9860,109209
2026-07-27 12:42:00-04:00,337.07000732421875,231.6750030517578,327.510009765625,598.4500122070312,71.1449966430664,337.17999267578125,231.85499572753906,327.5899963378906,598.6400146484375,71.16500091552734,337.010009765625,231.6750030517578,327.4599914550781,598.4500122070312,71.12000274658203,337.1499938964844,231.75999450683594,327.54998779296875,598.6099853515625,71.125,58692,112631,14408,8422,62468
2026-07-27 12:43:00-04:00,336.625,231.55499267578125,327.4200134277344,598.1900024414062,71.08499908447266,337.0799865722656,231.67999267578125,327.5150146484375,598.4099731445312,71.1500015258789,336.57000732421875,231.50999450683594,327.3599853515625,598.02001953125,71.06999969482422,337.05999755859375,231.6750030517578,327.4700012207031,598.4000244140625,71.1449966430664,135256,32187,21689,14599,39868
2026-07-27 12:44:00-04:00,336.7349853515625,231.6699981689453,327.3500061035156,598.219970703125,71.1500015258789,336.8194885253906,231.67999267578125,327.489990234375,598.3499755859375,71.1500015258789,336.610107421875,231.5,327.25,597.8099975585938,71.08000183105469,336.6400146484375,231.53970336914062,327.42999267578125,598.27001953125,71.08499908447266,53487,27713,23833,19491,43559
2026-07-27 12:45:00-04:00,336.6549987792969,231.72000122070312,327.4200134277344,598.4000244140625,71.1050033569336,336.7900085449219,231.8000030517578,327.54998779296875,598.5499877929688,71.16000366210938,336.6099853515625,231.6300048828125,327.3299865722656,598.22998046875,71.1050033569336,336.739990234375,231.6699981689453,327.3399963378906,598.2750244140625,71.13999938964844,54388,49965,14309,8262,34840
2026-07-27 12:46:00-04:00,336.6650085449219,231.7100067138672,327.5799865722656,598.5150146484375,71.13009643554688,336.79998779296875,231.74000549316406,327.6300048828125,598.8599853515625,71.1449966430664,336.5400085449219,231.6300048828125,327.3800048828125,598.3699951171875,71.06999969482422,336.6401062011719,231.7100067138672,327.42498779296875,598.3699951171875,71.1050033569336,58080,28527,14613,6783,59207
2026-07-27 12:47:00-04:00,336.5899963378906,231.77000427246094,327.614990234375,598.5850219726562,71.15989685058594,336.7300109863281,231.78990173339844,327.70001220703125,598.77001953125,71.18000030517578,336.54998779296875,231.6699981689453,327.55999755859375,598.4099731445312,71.12650299072266,336.67498779296875,231.6999969482422,327.5979919433594,598.614990234375,71.13500213623047,61968,33794,18687,11766,74745
2026-07-27 12:48:00-04:00,336.54998779296875,231.64010620117188,327.4750061035156,597.6550903320312,71.13999938964844,336.7900085449219,231.77499389648438,327.67999267578125,598.6599731445312,71.16000366210938,336.5002136230469,231.5749969482422,327.4142150878906,597.5700073242188,71.13500213623047,336.5899963378906,231.72999572753906,327.6099853515625,598.5449829101562,71.15499877929688,48720,65945,15289,12349,25130
2026-07-27 12:49:00-04:00,336.45001220703125,231.6300048828125,327.3900146484375,597.6599731445312,71.15499877929688,336.55999755859375,231.7100067138672,327.55999755859375,597.9299926757812,71.18499755859375,336.3999938964844,231.6300048828125,327.3699951171875,597.6300048828125,71.13999938964844,336.54998779296875,231.64999389648438,327.4999084472656,597.655029296875,71.14089965820312,41341,35478,15644,12196,35811
2026-07-27 12:50:00-04:00,336.5,231.5500030517578,327.2200012207031,597.3699951171875,71.16999816894531,336.6000061035156,231.65989685058594,327.3900146484375,597.6400146484375,71.1989974975586,336.3800048828125,231.5399932861328,327.20001220703125,597.260009765625,71.12999725341797,336.4552917480469,231.6199951171875,327.3399963378906,597.5700073242188,71.1500015258789,56406,43516,25362,14502,57880
2026-07-27 12:51:00-04:00,336.239990234375,231.61000061035156,327.17999267578125,597.427490234375,71.1500015258789,336.55499267578125,231.61000061035156,327.2699890136719,597.5399780273438,71.19000244140625,336.2189025878906,231.5,327.0600891113281,597.0900268554688,71.13500213623047,336.5199890136719,231.61000061035156,327.19000244140625,597.405029296875,71.16999816894531,55088,41100,23222,14715,55117
2026-07-27 12:52:00-04:00,336.18499755859375,231.60009765625,326.83758544921875,597.3099975585938,71.12999725341797,336.3099060058594,231.67999267578125,327.2099914550781,597.530029296875,71.15989685058594,336.1400146484375,231.5500030517578,326.7099914550781,597.0,71.12000274658203,336.2200012207031,231.60499572753906,327.20001220703125,597.4650268554688,71.13999938964844,62478,31943,44499,15271,24635
2026-07-27 12:53:00-04:00,336.20330810546875,231.5800018310547,326.6199951171875,597.3300170898438,71.16000366210938,336.2749938964844,231.63999938964844,326.82000732421875,597.4719848632812,71.16500091552734,336.1300048828125,231.55999755859375,326.6000061035156,597.0999755859375,71.13500213623047,336.2200012207031,231.60000610351562,326.82000732421875,597.3099975585938,71.13500213623047,33497,24560,19425,13054,53029
2026-07-27 12:54:00-04:00,336.37298583984375,231.78500366210938,326.739990234375,597.98779296875,71.22000122070312,336.3900146484375,231.78720092773438,326.7699890136719,597.98779296875,71.25,336.2033996582031,231.56500244140625,326.5509948730469,597.3350219726562,71.16999816894531,336.239990234375,231.56500244140625,326.635009765625,597.3350219726562,71.16999816894531,33196,30100,16882,13733,49627
2026-07-27 12:55:00-04:00,336.2300109863281,231.8699951171875,326.5950012207031,597.4199829101562,71.21990203857422,336.4200134277344,231.8800048828125,326.80999755859375,598.02001953125,71.25,336.0199890136719,231.75999450683594,326.5400085449219,597.4199829101562,71.20500183105469,336.3800048828125,231.78990173339844,326.7699890136719,597.9349975585938,71.2251968383789,197456,50773,20058,18482,40795
2026-07-27 12:56:00-04:00,336.44500732421875,231.97000122070312,326.7550048828125,597.280029296875,71.20500183105469,336.5400085449219,231.99000549316406,326.79998779296875,597.6898803710938,71.20999908447266,336.20001220703125,231.80999755859375,326.5799865722656,597.030029296875,71.19000244140625,336.25,231.88999938964844,326.5799865722656,597.5700073242188,71.20999908447266,82819,38746,22547,21203,110648
2026-07-27 12:57:00-04:00,336.45001220703125,231.94000244140625,326.6050109863281,597.489990234375,71.20999908447266,336.57989501953125,232.02000427246094,326.7900085449219,597.5900268554688,71.22000122070312,336.3699951171875,231.92999267578125,326.5899963378906,597.3200073242188,71.19999694824219,336.4599914550781,231.97999572753906,326.7550048828125,597.4500122070312,71.21499633789062,43833,43779,18252,9924,40703
2026-07-27 12:58:00-04:00,336.56201171875,231.88499450683594,326.64990234375,597.5499877929688,71.20500183105469,336.6300048828125,231.9600067138672,326.64990234375,597.77001953125,71.21499633789062,336.42498779296875,231.82000732421875,326.5201110839844,597.4099731445312,71.19999694824219,336.43011474609375,231.92999267578125,326.59698486328125,597.4949951171875,71.20500183105469,51137,33486,19983,12199,15442
2026-07-27 12:59:00-04:00,336.6600036621094,231.83999633789062,326.6099853515625,597.5349731445312,71.20500183105469,336.7200012207031,231.89999389648438,326.6400146484375,597.5999755859375,71.20999908447266,336.5400085449219,231.6999969482422,326.38250732421875,597.1300048828125,71.19499969482422,336.57000732421875,231.88999938964844,326.625,597.5650024414062,71.20359802246094,30946,24349,20201,13850,18676
2026-07-27 13:00:00-04:00,336.6549987792969,231.8300018310547,326.55999755859375,597.239990234375,71.0,336.7850036621094,231.86500549316406,326.6700134277344,597.5900268554688,71.20999908447266,336.6199951171875,231.77499389648438,326.5199890136719,597.2349853515625,70.9800033569336,336.67999267578125,231.85000610351562,326.614990234375,597.510009765625,71.20369720458984,40659,53721,15529,13779,557987
2026-07-27 13:01:00-04:00,336.5199890136719,231.7899932861328,326.409912109375,597.135009765625,70.91999816894531,336.68499755859375,231.84500122070312,326.5799865722656,597.4298706054688,71.01000213623047,336.5000915527344,231.77000427246094,326.29998779296875,597.0499877929688,70.91000366210938,336.6549987792969,231.80999755859375,326.5657043457031,597.2899780273438,71.0,25589,22123,17906,12489,61527
2026-07-27 13:02:00-04:00,336.25048828125,231.5749969482422,326.0799865722656,596.530029296875,70.95500183105469,336.5199890136719,231.77999877929688,326.3599853515625,597.1539916992188,71.01000213623047,336.17999267578125,231.52000427246094,325.9800109863281,596.4099731445312,70.92230224609375,336.5199890136719,231.76019287109375,326.3450012207031,597.1400146484375,70.92230224609375,38692,48390,40967,20282,58672
2026-07-27 13:03:00-04:00,336.20001220703125,231.50999450683594,326.0950012207031,596.4299926757812,71.0,336.2601013183594,231.5850067138672,326.19000244140625,596.6959838867188,71.01499938964844,336.0899963378906,231.4600067138672,325.9800109863281,596.3250122070312,70.92500305175781,336.25,231.57000732421875,326.05499267578125,596.5349731445312,70.95390319824219,71818,30613,19495,19193,58698
2026-07-27 13:04:00-04:00,336.07501220703125,231.42999267578125,326.20001220703125,596.5999755859375,70.9749984741211,336.2900085449219,231.52029418945312,326.2298889160156,596.780029296875,70.99500274658203,336.0400085449219,231.39010620117188,325.8999938964844,596.3699951171875,70.90499877929688,336.2099914550781,231.52029418945312,326.0862121582031,596.52001953125,70.99500274658203,37295,29312,35942,13550,65011
2026-07-27 13:05:00-04:00,336.125,231.45899963378906,326.25,596.739990234375,71.00499725341797,336.1400146484375,231.52000427246094,326.33990478515625,596.7999877929688,71.0199966430664,336.010498046875,231.4199981689453,326.1600036621094,596.530029296875,70.9800033569336,336.1099853515625,231.423095703125,326.20001220703125,596.5399780273438,70.98500061035156,36718,33331,20284,9457,59056
2026-07-27 13:06:00-04:00,336.1199951171875,231.47999572753906,326.4100036621094,596.8599853515625,71.0,336.19000244140625,231.47999572753906,326.46600341796875,596.9998779296875,71.0,336.031005859375,231.3800048828125,326.19000244140625,596.7100219726562,70.94999694824219,336.1099853515625,231.4499969482422,326.2699890136719,596.7550048828125,71.0,36380,64790,14012,9653,33226
2026-07-27 13:07:00-04:00,336.1000061035156,231.43499755859375,326.45001220703125,597.1500244140625,71.03500366210938,336.2099914550781,231.49000549316406,326.58990478515625,597.364990234375,71.05000305175781,336.010009765625,231.41000366210938,326.30999755859375,596.8599853515625,71.0,336.1099853515625,231.49000549316406,326.4150085449219,596.8599853515625,71.00499725341797,43439,49352,19964,10094,29506
2026-07-27 13:08:00-04:00,336.0199890136719,231.52999877929688,326.385009765625,596.9500122070312,71.03500366210938,336.1199951171875,231.57000732421875,326.54998779296875,597.2999877929688,71.05000305175781,335.91070556640625,231.39999389648438,326.3399963378906,596.8800048828125,71.01010131835938,336.0899963378906,231.44000244140625,326.53369140625,597.2150268554688,71.02999877929688,81360,55092,12137,9739,23932
2026-07-27 13:09:00-04:00,336.260009765625,231.57000732421875,326.54998779296875,597.3049926757812,71.0,336.2799987792969,231.61329650878906,326.6698913574219,597.3499755859375,71.03500366210938,335.9849853515625,231.49000549316406,326.3399963378906,596.8300170898438,70.95999908447266,336.02679443359375,231.52999877929688,326.3399963378906,597.27001953125,71.03500366210938,60760,23058,20364,10911,25241
2026-07-27 13:10:00-04:00,336.239990234375,231.61000061035156,326.625,597.288818359375,70.9749984741211,336.45989990234375,231.61000061035156,326.6400146484375,597.2999877929688,70.9800033569336,336.17999267578125,231.5500030517578,326.4750061035156,597.010009765625,70.93000030517578,336.2850036621094,231.55999755859375,326.57000732421875,597.1500244140625,70.95999908447266,90342,21336,17443,12222,161761
2026-07-27 13:11:00-04:00,336.29998779296875,231.5399932861328,326.52099609375,597.010009765625,70.97010040283203,336.3550109863281,231.61000061035156,326.6899108886719,597.4099731445312,70.98999786376953,336.1419982910156,231.52000427246094,326.52099609375,596.9500122070312,70.96499633789062,336.2001037597656,231.61000061035156,326.6600036621094,597.3599853515625,70.97000122070312,53192,25427,9647,14114,20448
2026-07-27 13:12:00-04:00,336.1885986328125,231.6699981689453,326.6199951171875,597.22998046875,70.9751968383789,336.3399963378906,231.67999267578125,326.6700134277344,597.239990234375,70.98999786376953,336.1700134277344,231.52499389648438,326.4801025390625,596.8400268554688,70.97000122070312,336.2900085449219,231.52999877929688,326.57000732421875,596.9400024414062,70.9749984741211,27936,33041,18487,15000,23001
2026-07-27 13:13:00-04:00,336.2900085449219,231.70010375976562,326.7149963378906,597.4400024414062,70.99500274658203,336.30999755859375,231.7628936767578,326.75,597.5,71.0,336.17010498046875,231.6699981689453,326.614990234375,597.1674194335938,70.97000122070312,336.2300109863281,231.69000244140625,326.614990234375,597.22998046875,70.9800033569336,16994,39056,38595,15757,33594
2026-07-27 13:14:00-04:00,336.3392028808594,231.72000122070312,326.80999755859375,597.77001953125,70.97000122070312,336.3392028808594,231.74000549316406,326.8500061035156,597.8699951171875,71.00499725341797,336.1000061035156,231.6199951171875,326.7101135253906,597.47998046875,70.95500183105469,336.2900085449219,231.72000122070312,326.7149963378906,597.47998046875,71.0,196436,58933,31797,20217,39214
2026-07-27 13:15:00-04:00,336.1300048828125,231.8000030517578,326.82000732421875,597.885009765625,70.95999908447266,336.3851013183594,231.8000030517578,326.8399963378906,597.885009765625,70.98500061035156,336.1199951171875,231.7100067138672,326.7099914550781,597.52001953125,70.95999908447266,336.3299865722656,231.74000549316406,326.81500244140625,597.7750244140625,70.97000122070312,38795,30662,15092,7124,24431
2026-07-27 13:16:00-04:00,335.95001220703125,231.6300048828125,326.625,596.8499755859375,70.90499877929688,336.1600036621094,231.7949981689453,326.8699951171875,597.8900146484375,70.96499633789062,335.93499755859375,231.61500549316406,326.6099853515625,596.8200073242188,70.88999938964844,336.1449890136719,231.7949981689453,326.82000732421875,597.7999877929688,70.95999908447266,47114,25954,37034,29248,50202
2026-07-27 13:17:00-04:00,335.7550048828125,231.60000610351562,326.4949951171875,596.635009765625,70.9000015258789,336.010009765625,231.69500732421875,326.67498779296875,597.0499877929688,70.91999816894531,335.6820068359375,231.5399932861328,326.4599914550781,596.594970703125,70.8949966430664,336.010009765625,231.6300048828125,326.590087890625,597.0,70.90499877929688,51660,34228,32211,10920,43305
2026-07-27 13:18:00-04:00,335.7749938964844,231.6649932861328,326.635009765625,596.625,70.87000274658203,335.8599853515625,231.7095947265625,326.69000244140625,596.780029296875,70.91999816894531,335.67999267578125,231.60000610351562,326.45001220703125,596.469970703125,70.86499786376953,335.7699890136719,231.60000610351562,326.4949951171875,596.530029296875,70.90499877929688,41411,27708,27048,12444,55031
2026-07-27 13:19:00-04:00,335.9200134277344,231.83999633789062,326.79998779296875,596.8699951171875,70.87999725341797,335.95001220703125,231.83999633789062,326.8299865722656,596.9400024414062,70.88999938964844,335.7349853515625,231.63999938964844,326.5801086425781,596.469970703125,70.85140228271484,335.7699890136719,231.66000366210938,326.635009765625,596.6099853515625,70.86000061035156,65611,63303,33021,14047,41375
2026-07-27 13:20:00-04:00,336.1700134277344,231.9550018310547,327.1549987792969,597.3049926757812,70.91000366210938,336.19500732421875,231.97000122070312,327.1694030761719,597.3250122070312,70.91000366210938,335.79998779296875,231.80999755859375,326.7900085449219,596.7443237304688,70.8499984741211,335.94500732421875,231.83999633789062,326.82000732421875,596.9110107421875,70.88500213623047,63364,50936,75938,11790,61383
2026-07-27 13:21:00-04:00,336.1499938964844,231.86000061035156,327.010009765625,597.2000122070312,70.95500183105469,336.25,231.99000549316406,327.20001220703125,597.4500122070312,70.98999786376953,336.1199951171875,231.86000061035156,326.9599914550781,597.2000122070312,70.88500213623047,336.1600036621094,231.94000244140625,327.1400146484375,597.44921875,70.90499877929688,45733,22369,18811,3949,66637
2026-07-27 13:22:00-04:00,336.25,231.9199981689453,327.0,597.4400024414062,70.97000122070312,336.3399963378906,231.9799041748047,327.1099853515625,597.6799926757812,70.98999786376953,336.06500244140625,231.83999633789062,326.90008544921875,597.0900268554688,70.94999694824219,336.114990234375,231.83999633789062,326.95001220703125,597.1699829101562,70.96499633789062,35017,28330,16026,12978,31367
2026-07-27 13:23:00-04:00,336.18499755859375,231.86500549316406,326.77978515625,596.989990234375,70.98999786376953,336.301513671875,231.9600067138672,327.0400085449219,597.4849853515625,71.0,336.17999267578125,231.85499572753906,326.69000244140625,596.989990234375,70.94999694824219,336.25,231.92999267578125,327.0350036621094,597.4201049804688,70.97000122070312,30723,43213,12891,5863,48150
2026-07-27 13:24:00-04:00,336.4200134277344,231.8300018310547,326.7850036621094,597.0750122070312,70.99500274658203,336.44000244140625,231.86000061035156,326.8399963378906,597.1699829101562,71.01000213623047,336.1174011230469,231.7899932861328,326.739990234375,596.8200073242188,70.9800033569336,336.2099914550781,231.86000061035156,326.7550048828125,596.9000854492188,70.98639678955078,38138,25125,12989,13883,41239
2026-07-27 13:25:00-04:00,336.45001220703125,231.83999633789062,326.739990234375,597.27001953125,71.00499725341797,336.56500244140625,231.87120056152344,326.8800048828125,597.530029296875,71.01499938964844,336.239990234375,231.83009338378906,326.739990234375,597.155029296875,70.99009704589844,336.44989013671875,231.83009338378906,326.80999755859375,597.1799926757812,70.99500274658203,58033,21545,13057,17717,58934
2026-07-27 13:26:00-04:00,336.7300109863281,231.8000030517578,326.635009765625,597.4299926757812,71.01499938964844,336.7300109863281,231.83999633789062,326.7550048828125,597.4299926757812,71.01499938964844,336.45001220703125,231.72999572753906,326.55999755859375,597.02001953125,70.99500274658203,336.4549865722656,231.83999633789062,326.7550048828125,597.2849731445312,71.0,64000,51426,16903,11114,38715
2026-07-27 13:27:00-04:00,336.3949890136719,231.7899932861328,326.760009765625,597.219970703125,70.99500274658203,336.75,231.8350067138672,326.80999755859375,597.469970703125,71.02200317382812,336.3399963378906,231.75,326.6600036621094,597.1599731445312,70.99500274658203,336.70001220703125,231.80499267578125,326.6600036621094,597.3099975585938,71.01499938964844,80853,49475,33275,7918,20642
2026-07-27 13:28:00-04:00,336.3999938964844,231.8300018310547,326.760009765625,597.2899780273438,70.99359893798828,336.5899963378906,231.83999633789062,326.79998779296875,597.3099975585938,71.00499725341797,336.34039306640625,231.78500366210938,326.6300048828125,597.080078125,70.98999786376953,336.4200134277344,231.8000030517578,326.7300109863281,597.1300048828125,70.9927978515625,39453,23643,16305,8154,18678
2026-07-27 13:29:00-04:00,336.04998779296875,231.70069885253906,326.6650085449219,596.8499755859375,70.9800033569336,336.3999938964844,231.86000061035156,326.79998779296875,597.2999877929688,71.0199966430664,336.0199890136719,231.6999969482422,326.6099853515625,596.8499755859375,70.9800033569336,336.3999938964844,231.8300018310547,326.7900085449219,597.2349853515625,70.99500274658203,69379,31439,11156,10765,37785
2026-07-27 13:30:00-04:00,336.1099853515625,231.66000366210938,326.67498779296875,597.0305786132812,71.01139831542969,336.16009521484375,231.74000549316406,326.7349853515625,597.1799926757812,71.02999877929688,336.04998779296875,231.6199951171875,326.6400146484375,596.8099975585938,70.99500274658203,336.07000732421875,231.7100067138672,326.6650085449219,596.8200073242188,70.99500274658203,41739,53263,14214,7320,31981
2026-07-27 13:31:00-04:00,336.14990234375,231.5800018310547,326.7300109863281,597.155029296875,71.03500366210938,336.2300109863281,231.7100067138672,326.80999755859375,597.3499755859375,71.04000091552734,336.0600891113281,231.5500030517578,326.6199951171875,596.9299926757812,71.01499938964844,336.1099853515625,231.64999389648438,326.67498779296875,597.0977783203125,71.01499938964844,36860,54206,16707,7688,30170
2026-07-27 13:32:00-04:00,336.260009765625,231.55999755859375,326.69000244140625,597.0700073242188,71.02100372314453,336.32000732421875,231.61500549316406,326.80938720703125,597.260009765625,71.04000091552734,336.0,231.55999755859375,326.69000244140625,597.02001953125,71.01000213623047,336.1300048828125,231.57000732421875,326.7200012207031,597.0800170898438,71.03990173339844,62424,44222,24399,20969,21287
2026-07-27 13:33:00-04:00,336.3399963378906,231.58999633789062,326.5299987792969,596.6900024414062,71.00499725341797,336.3800048828125,231.6199951171875,326.7349853515625,597.260009765625,71.0199966430664,336.25,231.5500030517578,326.5,596.655029296875,70.9800033569336,336.25,231.5800018310547,326.7099914550781,597.135009765625,71.01000213623047,34643,29051,19482,13232,41267
2026-07-27 13:34:00-04:00,336.4200134277344,231.72000122070312,326.43499755859375,596.9105224609375,71.0250015258789,336.439697265625,231.72000122070312,326.57501220703125,596.9105224609375,71.02999877929688,336.30999755859375,231.49000549316406,326.2799987792969,596.6199951171875,70.99500274658203,336.3699951171875,231.58999633789062,326.5299987792969,596.77001953125,71.01000213623047,35115,33336,18128,9580,36115
2026-07-27 13:35:00-04:00,336.4049987792969,231.75999450683594,326.364990234375,596.2100219726562,71.01000213623047,336.4599914550781,231.85000610351562,326.6000061035156,596.9600219726562,71.0250015258789,336.3013000488281,231.6999969482422,326.32501220703125,596.1500244140625,70.98999786376953,336.42498779296875,231.72000122070312,326.4136047363281,596.885009765625,71.0250015258789,51073,43416,21811,20702,30031
2026-07-27 13:36:00-04:00,336.4150085449219,231.74000549316406,326.5,596.39501953125,71.04499816894531,336.5,231.81500244140625,326.5799865722656,596.5700073242188,71.05000305175781,336.340087890625,231.72999572753906,326.3399963378906,596.1099853515625,71.01000213623047,336.37200927734375,231.77000427246094,326.364990234375,596.1199951171875,71.01000213623047,23043,28093,16348,16972,37374
2026-07-27 13:37:00-04:00,336.49249267578125,231.6699981689453,326.4750061035156,596.1799926757812,71.06500244140625,336.57000732421875,231.77000427246094,326.6199951171875,596.5700073242188,71.06999969482422,336.3500061035156,231.6699981689453,326.4200134277344,596.1799926757812,71.04000091552734,336.3999938964844,231.72999572753906,326.5249938964844,596.260009765625,71.043701171875,39841,64099,18217,13181,41551
2026-07-27 13:38:00-04:00,336.6600036621094,231.68499755859375,326.4700012207031,596.3140869140625,71.08000183105469,336.77911376953125,231.72000122070312,326.6199035644531,596.3140869140625,71.08989715576172,336.4599914550781,231.57000732421875,326.2099914550781,595.760009765625,71.06999969482422,336.4800109863281,231.67999267578125,326.4200134277344,596.1099853515625,71.06999969482422,44758,47184,24559,28898,63552
2026-07-27 13:39:00-04:00,336.5299987792969,231.66000366210938,326.3450012207031,595.8735961914062,71.05999755859375,336.79998779296875,231.8000030517578,326.5050048828125,596.4099731445312,71.08999633789062,336.5299987792969,231.6199951171875,326.3127136230469,595.8735961914062,71.05500030517578,336.6700134277344,231.6649932861328,326.4700012207031,596.030029296875,71.08000183105469,35522,47850,17137,17546,50310
2026-07-27 13:40:00-04:00,336.32000732421875,231.65499877929688,326.210693359375,595.6799926757812,71.04499816894531,336.55999755859375,231.74000549316406,326.3900146484375,595.989990234375,71.05999755859375,336.2699890136719,231.6300048828125,326.20001220703125,595.5499877929688,71.03500366210938,336.5299987792969,231.63999938964844,326.29998779296875,595.9099731445312,71.05500030517578,53219,31020,11357,13367,34183
2026-07-27 13:41:00-04:00,336.3800048828125,231.71499633789062,326.4649963378906,595.6599731445312,71.02999877929688,336.3999938964844,231.74000549316406,326.489990234375,595.8200073242188,71.05000305175781,336.29998779296875,231.63999938964844,326.19000244140625,595.5700073242188,71.02439880371094,336.3299865722656,231.66000366210938,326.19000244140625,595.6749877929688,71.04000091552734,33715,19905,9777,12379,30746
2026-07-27 13:42:00-04:00,336.20001220703125,231.52499389648438,326.3500061035156,595.0650024414062,70.99500274658203,336.3900146484375,231.7299041748047,326.54998779296875,595.739990234375,71.03500366210938,336.1400146484375,231.52499389648438,326.3500061035156,595.0650024414062,70.98999786376953,336.38958740234375,231.7299041748047,326.4649963378906,595.739990234375,71.03500366210938,32866,26025,14593,27860,42361
2026-07-27 13:43:00-04:00,336.260009765625,231.64999389648438,326.3800048828125,595.1500244140625,71.0199966430664,336.30999755859375,231.64999389648438,326.4100036621094,595.25,71.02999877929688,336.1099853515625,231.52999877929688,326.25,594.7999877929688,70.98500061035156,336.2099914550781,231.52999877929688,326.3699951171875,595.02001953125,70.99500274658203,38799,22285,19420,31473,26207
2026-07-27 13:44:00-04:00,336.260009765625,231.72999572753906,326.3699951171875,595.0900268554688,71.08000183105469,336.32000732421875,231.72999572753906,326.375,595.2996826171875,71.08000183105469,336.17999267578125,231.6300048828125,326.22900390625,594.9284057617188,71.0199966430664,336.2699890136719,231.66009521484375,326.3699951171875,595.1599731445312,71.02989959716797,25127,18398,10773,14392,26733
2026-07-27 13:45:00-04:00,336.19500732421875,231.76499938964844,326.375,594.9400024414062,71.12999725341797,336.29998779296875,231.76499938964844,326.4421081542969,595.3099975585938,71.16000366210938,336.1300048828125,231.67999267578125,326.2900085449219,594.8699951171875,71.05999755859375,336.2699890136719,231.72999572753906,326.3599853515625,595.0900268554688,71.08499908447266,31419,55499,10962,14637,104104
2026-07-27 13:46:00-04:00,336.20001220703125,231.80999755859375,326.4849853515625,594.9849853515625,71.07499694824219,336.2799987792969,231.88999938964844,326.6600036621094,595.3699951171875,71.13999938964844,336.1650085449219,231.75999450683594,326.3599853515625,594.9000244140625,71.07499694824219,336.19000244140625,231.75999450683594,326.375,594.969970703125,71.13500213623047,28178,36555,14369,20389,37675
2026-07-27 13:47:00-04:00,336.2300109863281,231.70199584960938,326.3900146484375,594.6199951171875,71.06500244140625,336.29998779296875,231.81500244140625,326.489990234375,594.9400024414062,71.08999633789062,336.1719970703125,231.70199584960938,326.3900146484375,594.6199951171875,71.05000305175781,336.19000244140625,231.8000030517578,326.489990234375,594.9099731445312,71.07499694824219,37291,22558,14002,15323,47533
2026-07-27 13:48:00-04:00,335.9043884277344,231.6999969482422,326.4100036621094,594.5250244140625,71.0250015258789,336.2900085449219,231.7899932861328,326.489990234375,594.8099975585938,71.08000183105469,335.8900146484375,231.69000244140625,326.3500061035156,594.4400024414062,71.01000213623047,336.239990234375,231.6999969482422,326.3900146484375,594.6199951171875,71.06500244140625,71062,28676,17401,20923,44619
2026-07-27 13:49:00-04:00,335.8500061035156,231.74000549316406,326.3900146484375,594.6400756835938,71.04570007324219,335.9649963378906,231.75999450683594,326.4549865722656,594.77001953125,71.04570007324219,335.8200988769531,231.6699981689453,326.3500061035156,594.4600219726562,71.01499938964844,335.9150085449219,231.6999969482422,326.3900146484375,594.4600219726562,71.0199966430664,40621,25388,7540,11621,21124
2026-07-27 13:50:00-04:00,335.7950134277344,231.9001007080078,326.4049987792969,594.9500122070312,71.06999969482422,335.95001220703125,231.918701171875,326.4599914550781,595.1400146484375,71.08000183105469,335.72021484375,231.72999572753906,326.2699890136719,594.6400146484375,71.04000091552734,335.864990234375,231.75999450683594,326.3699951171875,594.6400146484375,71.04499816894531,60277,39805,24513,19737,28817
2026-07-27 13:51:00-04:00,335.4305114746094,231.9250030517578,326.375,595.0900268554688,71.05500030517578,335.8299865722656,231.9499969482422,326.44000244140625,595.15087890625,71.06990051269531,335.36199951171875,231.86000061035156,326.32000732421875,594.8499755859375,71.05030059814453,335.7900085449219,231.89999389648438,326.4150085449219,595.0800170898438,71.06990051269531,158830,26566,11676,11352,20789
2026-07-27 13:52:00-04:00,335.4700012207031,231.99000549316406,326.45001220703125,595.219970703125,71.05509948730469,335.489990234375,232.0,326.45001220703125,595.239990234375,71.05999755859375,335.3699951171875,231.8699951171875,326.29998779296875,594.9400024414062,71.02999877929688,335.4649963378906,231.89999389648438,326.3599853515625,595.0900268554688,71.05500030517578,45090,26814,10560,9281,21721
2026-07-27 13:53:00-04:00,335.510009765625,232.1199951171875,326.5899963378906,595.4600830078125,71.08000183105469,335.6700134277344,232.13999938964844,326.5899963378906,595.760009765625,71.1050033569336,335.44000244140625,231.99000549316406,326.4100036621094,595.219970703125,71.05500030517578,335.4700012207031,231.9949951171875,326.4100036621094,595.2899780273438,71.05500030517578,118069,44335,14029,14204,31004
2026-07-27 13:54:00-04:00,336.0400085449219,232.22999572753906,326.6050109863281,595.8150024414062,71.11499786376953,336.0400085449219,232.24000549316406,326.67999267578125,595.8399047851562,71.12000274658203,335.45001220703125,232.11000061035156,326.4599914550781,595.4735717773438,71.08499908447266,335.45001220703125,232.11000061035156,326.5899963378906,595.6599731445312,71.08499908447266,135539,37603,14089,17128,14492
2026-07-27 13:55:00-04:00,335.4150085449219,232.22000122070312,326.3500061035156,595.6500244140625,71.0999984741211,336.1098937988281,232.27000427246094,326.6300048828125,595.9199829101562,71.12000274658203,335.30999755859375,232.13999938964844,326.3500061035156,595.6400146484375,71.08000183105469,336.0400085449219,232.22999572753906,326.57000732421875,595.8400268554688,71.12000274658203,117148,49497,29854,17072,47680
2026-07-27 13:56:00-04:00,335.5199890136719,232.42999267578125,326.5400085449219,595.8699951171875,71.125,335.57000732421875,232.42999267578125,326.6099853515625,596.010009765625,71.1500015258789,335.3819885253906,232.22999572753906,326.3500061035156,595.6099853515625,71.11000061035156,335.4200134277344,232.23880004882812,326.375,595.7349853515625,71.11000061035156,87628,52797,22874,27140,64616
2026-07-27 13:57:00-04:00,335.3817138671875,232.27000427246094,326.3299865722656,595.3574829101562,71.13500213623047,335.5400085449219,232.5128936767578,326.60888671875,596.02001953125,71.13990020751953,335.3212890625,232.27000427246094,326.29998779296875,595.239990234375,71.11000061035156,335.5199890136719,232.4250030517578,326.57000732421875,595.7924194335938,71.125,58935,34486,14310,21657,31999
2026-07-27 13:58:00-04:00,335.3699035644531,232.24000549316406,326.0849914550781,594.8400268554688,71.15499877929688,335.5799865722656,232.3000030517578,326.3399963378906,595.3964233398438,71.16000366210938,335.3349914550781,232.2050018310547,326.07000732421875,594.8099975585938,71.12000274658203,335.3999938964844,232.2550048828125,326.30999755859375,595.22998046875,71.13009643554688,53582,26215,28025,26262,24032
2026-07-27 13:59:00-04:00,335.5174865722656,232.25999450683594,325.9949951171875,594.8300170898438,71.11499786376953,335.54998779296875,232.27000427246094,326.1499938964844,594.97998046875,71.15979766845703,335.340087890625,232.1999969482422,325.9949951171875,594.6799926757812,71.11499786376953,335.3500061035156,232.22999572753906,326.0849914550781,594.9749755859375,71.15499877929688,51485,25506,12555,13112,21672
2026-07-27 14:00:00-04:00,335.3699035644531,232.02000427246094,325.8380126953125,594.5850219726562,71.05500030517578,335.5799865722656,232.27999877929688,326.135009765625,595.1500244140625,71.12000274658203,335.2300109863281,232.02000427246094,325.82000732421875,594.4000244140625,71.02010345458984,335.5400085449219,232.27999877929688,326.0199890136719,594.8300170898438,71.11499786376953,48888,45876,25185,22183,37396
2026-07-27 14:01:00-04:00,335.1600036621094,231.9199981689453,325.9100036621094,594.4000244140625,71.03500366210938,335.4100036621094,232.0399932861328,326.0299987792969,594.760009765625,71.07499694824219,335.1600036621094,231.9199981689453,325.8399963378906,594.4000244140625,71.03450012207031,335.33990478515625,232.0399932861328,325.8500061035156,594.4299926757812,71.05000305175781,43210,77296,22990,15458,58684
2026-07-27 14:02:00-04:00,335.3999938964844,231.86500549316406,325.9700012207031,594.3300170898438,71.01000213623047,335.5050048828125,231.9799041748047,325.9800109863281,594.52001953125,71.02999877929688,335.04998779296875,231.8415069580078,325.75,594.219970703125,71.0,335.1700134277344,231.89999389648438,325.8800048828125,594.4600219726562,71.02999877929688,57075,58169,22235,17590,46384
2026-07-27 14:03:00-04:00,335.4700012207031,231.99000549316406,326.04998779296875,594.4099731445312,71.03510284423828,335.4849853515625,232.00999450683594,326.1300048828125,594.469970703125,71.04499816894531,335.2799987792969,231.86000061035156,325.9100036621094,594.0999755859375,71.01499938964844,335.3399963378906,231.88009643554688,325.9700012207031,594.219970703125,71.01499938964844,28997,29747,17590,13953,24284
2026-07-27 14:04:00-04:00,335.4132080078125,231.91319274902344,325.7799987792969,593.8599853515625,71.02770233154297,335.47900390625,231.99000549316406,326.0799865722656,594.4000244140625,71.03500366210938,335.2799987792969,231.89999389648438,325.7799987792969,593.760009765625,71.00499725341797,335.4700012207031,231.99000549316406,326.07330322265625,594.4000244140625,71.03500366210938,30687,18759,11656,21256,33820
2026-07-27 14:05:00-04:00,335.6099853515625,232.0500030517578,326.07000732421875,594.5499877929688,71.04000091552734,335.6650085449219,232.05999755859375,326.0799865722656,594.6701049804688,71.04000091552734,335.3500061035156,231.88999938964844,325.7340087890625,593.5050048828125,71.01000213623047,335.4049987792969,231.9199981689453,325.80999755859375,593.830078125,71.0250015258789,148660,36500,18305,44321,18228
2026-07-27 14:06:00-04:00,335.5799865722656,232.00999450683594,326.1000061035156,594.4949951171875,71.0250015258789,335.6600036621094,232.13499450683594,326.2099914550781,594.969970703125,71.05000305175781,335.4700012207031,232.00999450683594,326.010009765625,594.4057006835938,71.0250015258789,335.6000061035156,232.0449981689453,326.0625,594.6699829101562,71.04000091552734,82311,20084,10566,11656,18391
2026-07-27 14:07:00-04:00,335.7149963378906,232.02000427246094,326.239990234375,594.8800048828125,70.99500274658203,335.7300109863281,232.07000732421875,326.239990234375,595.2498779296875,71.02999877929688,335.55999755859375,232.0,326.0899963378906,594.47998046875,70.97209930419922,335.5799865722656,232.00999450683594,326.135009765625,594.52001953125,71.0250015258789,45341,41119,14314,52395,124874
2026-07-27 14:08:00-04:00,335.7900085449219,232.0500030517578,326.05999755859375,595.25,71.00499725341797,335.7900085449219,232.08999633789062,326.25,595.3300170898438,71.01499938964844,335.6499938964844,232.02000427246094,326.0299987792969,594.9000244140625,70.98999786376953,335.7149963378906,232.02000427246094,326.25,595.0399780273438,70.99500274658203,58749,29472,19251,13081,58602
2026-07-27 14:09:00-04:00,335.739990234375,232.0800018310547,325.8125,594.7000122070312,71.00499725341797,335.8599853515625,232.10000610351562,326.0799865722656,595.1998901367188,71.01000213623047,335.6400146484375,232.01499938964844,325.8125,594.5900268554688,70.98999786376953,335.80999755859375,232.0500030517578,326.04998779296875,595.1799926757812,71.00499725341797,42515,42663,20484,16540,17962
2026-07-27 14:10:00-04:00,335.80389404296875,232.1300048828125,325.7850036621094,594.5399780273438,71.01219940185547,335.82000732421875,232.2100067138672,325.99688720703125,595.0900268554688,71.02999877929688,335.6400146484375,232.1199951171875,325.760009765625,594.5150146484375,71.0,335.760009765625,232.1199951171875,325.79998779296875,594.7000122070312,71.00499725341797,44719,30974,18069,23766,30596
2026-07-27 14:11:00-04:00,335.7250061035156,232.03500366210938,325.9049987792969,594.85498046875,71.00499725341797,335.8299865722656,232.1300048828125,325.9549865722656,595.0499877929688,71.0199966430664,335.70001220703125,232.02999877929688,325.739990234375,594.6500244140625,71.0,335.79998779296875,232.1300048828125,325.8299865722656,594.75,71.01499938964844,36745,34143,21932,13015,22840
2026-07-27 14:12:00-04:00,335.7799987792969,232.10000610351562,326.3399963378906,595.0650024414062,71.0,335.864990234375,232.1999969482422,326.3599853515625,595.239990234375,71.02999877929688,335.7300109863281,232.0399932861328,325.92999267578125,594.8300170898438,71.0,335.7300109863281,232.0399932861328,325.92999267578125,594.85498046875,71.00499725341797,38191,52606,51929,9018,22032
2026-07-27 14:13:00-04:00,335.8399963378906,232.17999267578125,326.3500061035156,595.1500244140625,71.02999877929688,335.875,232.2100067138672,326.3500061035156,595.239990234375,71.02999877929688,335.739990234375,232.07000732421875,326.1499938964844,595.010009765625,70.99500274658203,335.760009765625,232.0850067138672,326.3299865722656,595.010009765625,71.00499725341797,39921,36217,26965,11420,34047
2026-07-27 14:14:00-04:00,335.63299560546875,232.125,326.2699890136719,595.239990234375,71.00499725341797,335.8800048828125,232.19000244140625,326.40008544921875,595.260009765625,71.03209686279297,335.63299560546875,232.10000610351562,326.2699890136719,594.9099731445312,70.99500274658203,335.8500061035156,232.18499755859375,326.3500061035156,595.18701171875,71.02999877929688,38072,18465,8318,14369,34232
2026-07-27 14:15:00-04:00,335.55999755859375,231.92999267578125,326.1499938964844,594.844970703125,70.98500061035156,335.7099914550781,232.11000061035156,326.260009765625,595.1799926757812,71.02989959716797,335.4601135253906,231.9149932861328,326.114990234375,594.7899780273438,70.97000122070312,335.6300048828125,232.11000061035156,326.25,595.1799926757812,71.01000213623047,52993,41793,17630,10604,43562
2026-07-27 14:16:00-04:00,335.67999267578125,231.9199981689453,325.9599914550781,594.5650024414062,71.0250015258789,335.7099914550781,231.9499969482422,326.1600036621094,594.8350219726562,71.04000091552734,335.510009765625,231.84010314941406,325.9100036621094,594.39501953125,70.9800033569336,335.5799865722656,231.93499755859375,326.1449890136719,594.7899780273438,70.98500061035156,52709,48063,22096,16122,59173
2026-07-27 14:17:00-04:00,335.8340148925781,231.9250030517578,326.0150146484375,594.4600219726562,71.01499938964844,336.0,231.9250030517578,326.04998779296875,594.6400146484375,71.04000091552734,335.6600036621094,231.85000610351562,325.9049987792969,594.3900146484375,71.01499938964844,335.67999267578125,231.89999389648438,325.9049987792969,594.5650024414062,71.02999877929688,98919,27611,17646,8782,13544
2026-07-27 14:18:00-04:00,335.760009765625,231.8000030517578,326.05999755859375,594.4249877929688,70.93000030517578,335.8599853515625,231.9199981689453,326.05999755859375,594.7999877929688,71.0199966430664,335.6300048828125,231.77000427246094,325.9700012207031,594.2899780273438,70.93000030517578,335.8500061035156,231.9199981689453,326.0150146484375,594.5,71.01499938964844,31092,29333,13254,16485,25646
2026-07-27 14:19:00-04:00,335.6199951171875,231.75999450683594,325.92999267578125,594.22998046875,70.91380310058594,335.7699890136719,231.8498992919922,326.1549987792969,594.4450073242188,70.931396484375,335.6099853515625,231.74000549316406,325.92999267578125,594.1500244140625,70.87999725341797,335.75,231.7899932861328,326.04998779296875,594.2999877929688,70.93009948730469,25440,52880,11675,13437,44968
2026-07-27 14:20:00-04:00,335.7099914550781,231.72500610351562,325.7699890136719,594.2894287109375,70.91500091552734,335.7550048828125,231.79989624023438,326.0,594.4899291992188,70.91999816894531,335.6000061035156,231.7100067138672,325.7699890136719,594.1901245117188,70.875,335.6199951171875,231.75,325.9549865722656,594.4149780273438,70.91439819335938,30030,34118,14597,8237,41215
2026-07-27 14:21:00-04:00,335.6700134277344,231.7899932861328,325.7900085449219,594.5800170898438,70.88999938964844,335.82000732421875,231.7899932861328,325.84100341796875,594.5999755859375,70.91510009765625,335.5799865722656,231.6199951171875,325.69000244140625,594.0999755859375,70.88009643554688,335.7200012207031,231.7100067138672,325.79998779296875,594.3200073242188,70.91500091552734,43052,50454,16658,17792,30554
2026-07-27 14:22:00-04:00,335.614990234375,231.69000244140625,325.7200927734375,594.25,70.86499786376953,335.739990234375,231.8000030517578,325.7749938964844,594.5,70.8949966430664,335.59100341796875,231.67999267578125,325.69000244140625,594.25,70.86000061035156,335.6601867675781,231.8000030517578,325.7416076660156,594.5,70.8949966430664,28260,21782,12096,8936,25320
2026-07-27 14:23:00-04:00,335.6499938964844,231.64999389648438,325.8299865722656,594.1801147460938,70.81500244140625,335.7699890136719,231.77999877929688,325.94000244140625,594.5399780273438,70.87999725341797,335.60009765625,231.64999389648438,325.7200012207031,594.1599731445312,70.80999755859375,335.6299133300781,231.69000244140625,325.7200012207031,594.3250122070312,70.86000061035156,31773,39747,24340,15293,34061
2026-07-27 14:24:00-04:00,335.6449890136719,231.75,326.0199890136719,594.739990234375,70.84010314941406,335.7699890136719,231.82000732421875,326.0799865722656,594.8800048828125,70.8550033569336,335.6400146484375,231.64999389648438,325.7900085449219,594.2000122070312,70.80999755859375,335.6600036621094,231.66000366210938,325.82501220703125,594.2000122070312,70.81500244140625,49613,49287,14577,16353,28327
2026-07-27 14:25:00-04:00,335.5950012207031,231.7899932861328,326.0400085449219,594.9099731445312,70.84010314941406,335.7200012207031,231.80999755859375,326.1199951171875,595.0701293945312,70.86000061035156,335.5899963378906,231.75,326.0199890136719,594.760009765625,70.83499908447266,335.6300048828125,231.75,326.04998779296875,594.8400268554688,70.84500122070312,30896,27649,10074,9406,30386
2026-07-27 14:26:00-04:00,335.489990234375,231.75999450683594,325.9849853515625,594.6400146484375,70.87999725341797,335.6600036621094,231.8000030517578,326.07989501953125,594.9799194335938,70.87999725341797,335.4620056152344,231.71499633789062,325.94000244140625,594.5399780273438,70.81999969482422,335.5799865722656,231.8000030517578,326.05999755859375,594.780029296875,70.83999633789062,35364,29666,9970,7383,33625
2026-07-27 14:27:00-04:00,335.1799011230469,231.80999755859375,326.0,594.8400268554688,70.90499877929688,335.5299987792969,231.83999633789062,326.0799865722656,595.1099853515625,70.91999816894531,335.1499938964844,231.75999450683594,325.8999938964844,594.6400146484375,70.87999725341797,335.510009765625,231.77000427246094,325.9849853515625,594.6900024414062,70.8949966430664,83659,34105,16220,10955,127660
2026-07-27 14:28:00-04:00,335.125,231.80999755859375,326.0899963378906,594.8800048828125,70.90499877929688,335.2200012207031,231.84730529785156,326.1899108886719,595.030029296875,70.91999816894531,335.0754089355469,231.78500366210938,326.0,594.7600708007812,70.90499877929688,335.1600036621094,231.8000030517578,326.0,594.7600708007812,70.90499877929688,41160,28352,17166,5004,44231
2026-07-27 14:29:00-04:00,335.1499938964844,231.8800048828125,326.135009765625,594.8499755859375,70.8550033569336,335.1841125488281,231.8800048828125,326.1700134277344,594.9299926757812,70.93499755859375,335.1000061035156,231.80999755859375,326.04998779296875,594.4400024414062,70.8550033569336,335.125,231.82000732421875,326.1400146484375,594.8331909179688,70.90499877929688,37968,30716,17011,11290,137118
2026-07-27 14:30:00-04:00,335.0849914550781,231.92999267578125,325.9798889160156,594.5,70.83499908447266,335.1700134277344,231.92999267578125,326.135009765625,594.8214721679688,70.86499786376953,335.010009765625,231.84500122070312,325.8900146484375,594.3400268554688,70.83000183105469,335.1499938964844,231.86000061035156,326.1099853515625,594.8214721679688,70.86000061035156,61373,32030,15251,7648,27736
2026-07-27 14:31:00-04:00,334.8420104980469,231.8000030517578,325.7250061035156,594.1400146484375,70.83499908447266,335.1199951171875,231.93980407714844,326.1099853515625,594.7899780273438,70.875,334.7699890136719,231.77000427246094,325.7099914550781,594.0999755859375,70.83499908447266,335.07000732421875,231.91000366210938,325.94000244140625,594.4400024414062,70.83499908447266,110628,29664,24417,12606,38670
2026-07-27 14:32:00-04:00,334.93499755859375,231.8699951171875,325.7850036621094,594.1699829101562,70.86499786376953,334.95989990234375,231.875,325.7850036621094,594.2550048828125,70.86499786376953,334.7900085449219,231.77999877929688,325.6400146484375,593.8300170898438,70.83499908447266,334.8599853515625,231.7899932861328,325.7300109863281,594.0900268554688,70.83499908447266,36434,35860,19630,17874,26780
2026-07-27 14:33:00-04:00,334.8800048828125,231.86000061035156,325.82501220703125,594.2249755859375,70.86499786376953,335.0400085449219,231.89999389648438,325.9100036621094,594.260009765625,70.875,334.8800048828125,231.7899932861328,325.75,594.0,70.83999633789062,334.92999267578125,231.86500549316406,325.7500915527344,594.2550048828125,70.86499786376953,75306,53728,24474,8262,31313
2026-07-27 14:34:00-04:00,334.8598937988281,231.81500244140625,325.7550048828125,593.9299926757812,70.91000366210938,334.94000244140625,231.88499450683594,325.8599853515625,594.2249755859375,70.92500305175781,334.7699890136719,231.80999755859375,325.75,593.8599853515625,70.86000061035156,334.8800048828125,231.85000610351562,325.82501220703125,594.2249755859375,70.86129760742188,38232,34203,19828,10294,36784
2026-07-27 14:35:00-04:00,334.8800048828125,231.85000610351562,325.7749938964844,594.1500854492188,70.88999938964844,334.8999938964844,231.86500549316406,325.8299865722656,594.27001953125,70.91000366210938,334.7099914550781,231.75999450683594,325.6499938964844,593.8499755859375,70.88500213623047,334.8399963378906,231.82000732421875,325.739990234375,593.8699951171875,70.90499877929688,47661,26155,19422,17546,16857
2026-07-27 14:36:00-04:00,334.8999938964844,231.8300018310547,325.8500061035156,594.2050170898438,70.90499877929688,334.9700012207031,231.8699951171875,325.92999267578125,594.3300170898438,70.91500091552734,334.7900085449219,231.80999755859375,325.7300109863281,594.130126953125,70.8949966430664,334.8800048828125,231.85000610351562,325.7699890136719,594.2150268554688,70.8949966430664,32778,21212,11597,5629,17405
2026-07-27 14:37:00-04:00,334.9649963378906,231.91000366210938,325.8999938964844,594.5,70.91500091552734,335.010009765625,231.94000244140625,325.94000244140625,594.5,70.91510009765625,334.8500061035156,231.85000610351562,325.79998779296875,594.0999755859375,70.88500213623047,334.8900146484375,231.85009765625,325.8299865722656,594.2050170898438,70.90499877929688,34099,37782,14951,11217,23814
2026-07-27 14:38:00-04:00,334.9849853515625,231.86000061035156,325.8799133300781,594.3699951171875,70.88999938964844,334.9849853515625,231.91000366210938,325.9549865722656,594.5198974609375,70.91000366210938,334.8475036621094,231.8000030517578,325.8299865722656,594.27001953125,70.88500213623047,334.952392578125,231.91000366210938,325.8599853515625,594.3906860351562,70.91000366210938,35472,29842,12270,15039,17847
2026-07-27 14:39:00-04:00,335.0,231.86000061035156,325.8800048828125,594.2000122070312,70.90499877929688,335.05999755859375,231.8699951171875,325.9100036621094,594.3699951171875,70.90499877929688,334.9100036621094,231.7899932861328,325.80999755859375,594.2000122070312,70.87000274658203,334.9700012207031,231.83999633789062,325.8299865722656,594.3599853515625,70.87999725341797,63559,22188,24383,5969,25688
2026-07-27 14:40:00-04:00,334.8500061035156,231.94000244140625,325.9599914550781,594.27001953125,70.91500091552734,335.0199890136719,231.9499969482422,325.989990234375,594.47998046875,70.93000030517578,334.840087890625,231.84500122070312,325.8450012207031,594.2650146484375,70.90010070800781,334.9949951171875,231.8699951171875,325.8800048828125,594.2650146484375,70.90010070800781,43589,49515,19787,11581,26185
2026-07-27 14:41:00-04:00,334.8399963378906,232.1699981689453,326.3599853515625,594.9299926757812,70.8949966430664,335.19000244140625,232.2899932861328,326.55999755859375,595.280029296875,70.94000244140625,334.7900085449219,231.9149932861328,325.96051025390625,594.3599853515625,70.8949966430664,334.8399963378906,231.9199981689453,325.9800109863281,594.3599853515625,70.91000366210938,141492,127770,64312,36689,71859
2026-07-27 14:42:00-04:00,334.8299865722656,232.1750030517578,326.3599853515625,595.2849731445312,70.875,334.8734130859375,232.1999969482422,326.4200134277344,595.3900146484375,70.88999938964844,334.70001220703125,232.07000732421875,326.32000732421875,594.9199829101562,70.86009979248047,334.864990234375,232.17999267578125,326.32000732421875,594.9500122070312,70.88999938964844,51207,48169,16430,13651,21641
2026-07-27 14:43:00-04:00,334.989990234375,232.28500366210938,326.4800109863281,595.47998046875,70.9000015258789,335.07000732421875,232.2899932861328,326.55999755859375,595.5399780273438,70.9000015258789,334.7699890136719,232.12010192871094,326.29998779296875,595.1599731445312,70.875,334.82000732421875,232.1750030517578,326.3399963378906,595.2849731445312,70.87989807128906,54240,38701,19719,25723,16829
2026-07-27 14:44:00-04:00,335.0400085449219,232.30999755859375,326.4949951171875,595.77001953125,70.90499877929688,335.1514892578125,232.36990356445312,326.5498962402344,595.9299926757812,70.90499877929688,334.9800109863281,232.25999450683594,326.4100036621094,595.5499877929688,70.88500213623047,334.9800109863281,232.2949981689453,326.44000244140625,595.6400146484375,70.9000015258789,116097,33266,16563,12938,25454
2026-07-27 14:45:00-04:00,335.260009765625,232.44000244140625,326.5299987792969,595.8900146484375,70.9000015258789,335.28509521484375,232.4499969482422,326.5299987792969,595.9400024414062,70.91000366210938,335.0050048828125,232.30999755859375,326.3699951171875,595.5100708007812,70.88500213623047,335.0400085449219,232.31500244140625,326.5,595.7899780273438,70.90010070800781,56812,31204,19040,12971,23710
2026-07-27 14:46:00-04:00,335.30499267578125,232.5850067138672,326.7300109863281,596.3579711914062,70.90499877929688,335.30499267578125,232.58999633789062,326.75,596.510009765625,70.92500305175781,335.1980895996094,232.42999267578125,326.5480041503906,595.7501220703125,70.9000015258789,335.2650146484375,232.46499633789062,326.5799865722656,595.864990234375,70.90499877929688,33506,46456,14633,9811,22959
2026-07-27 14:47:00-04:00,335.3299865722656,232.55999755859375,326.8800048828125,597.1699829101562,70.875,335.39990234375,232.63499450683594,326.8949890136719,597.1699829101562,70.91000366210938,335.260009765625,232.52999877929688,326.6499938964844,596.340087890625,70.86000061035156,335.30999755859375,232.58599853515625,326.7300109863281,596.6890258789062,70.90499877929688,51660,39178,20630,20975,75168
2026-07-27 14:48:00-04:00,335.30999755859375,232.5500030517578,326.7900085449219,596.81201171875,70.88500213623047,335.4599914550781,232.58999633789062,326.8699951171875,597.239990234375,70.9000015258789,335.2900085449219,232.50999450683594,326.7099914550781,596.5999755859375,70.86000061035156,335.3210144042969,232.55499267578125,326.8500061035156,597.0150146484375,70.875,52873,49646,23904,20958,53902
2026-07-27 14:49:00-04:00,335.090087890625,232.49600219726562,326.82000732421875,596.1500244140625,70.8949966430664,335.3197937011719,232.57000732421875,326.8550109863281,596.905029296875,70.8949966430664,335.0400085449219,232.4600067138672,326.7301025390625,596.1400146484375,70.875,335.30999755859375,232.57000732421875,326.78009033203125,596.8300170898438,70.88500213623047,37093,51085,12862,11345,41247
2026-07-27 14:50:00-04:00,335.2699890136719,232.5399932861328,326.79998779296875,596.280029296875,70.91999816894531,335.33990478515625,232.60000610351562,326.9599914550781,596.4500122070312,70.92500305175781,335.1000061035156,232.50999450683594,326.7799987792969,596.1500244140625,70.8949966430664,335.1000061035156,232.50999450683594,326.81500244140625,596.1500244140625,70.8949966430664,28152,50296,14403,15783,35131
2026-07-27 14:51:00-04:00,335.19500732421875,232.5050048828125,326.7550048828125,596.5250854492188,70.91500091552734,335.2699890136719,232.55999755859375,326.8299865722656,596.7000122070312,70.92780303955078,335.1499938964844,232.47000122070312,326.75,596.1300048828125,70.91500091552734,335.2699890136719,232.5399932861328,326.80999755859375,596.280029296875,70.91999816894531,25155,55232,17866,15605,44683
2026-07-27 14:52:00-04:00,335.5899963378906,232.72999572753906,327.0299987792969,597.0319213867188,70.92500305175781,335.6549987792969,232.74949645996094,327.0299987792969,597.1500244140625,70.92500305175781,335.1600036621094,232.46389770507812,326.70001220703125,596.4400024414062,70.87999725341797,335.17999267578125,232.5,326.739990234375,596.4400024414062,70.91000366210938,54436,60748,27281,18322,32952
2026-07-27 14:53:00-04:00,335.7098083496094,232.8350067138672,327.489990234375,597.72998046875,70.97000122070312,335.84228515625,232.83999633789062,327.5299072265625,597.72998046875,70.97029876708984,335.5899963378906,232.69400024414062,327.0400085449219,596.9901123046875,70.91999816894531,335.6099853515625,232.74000549316406,327.0899963378906,597.1599731445312,70.92500305175781,70219,64953,29459,14785,26885
2026-07-27 14:54:00-04:00,335.75,232.75,327.4100036621094,597.4099731445312,70.93499755859375,335.7998962402344,232.8300018310547,327.5690002441406,597.7999877929688,70.97010040283203,335.6199951171875,232.69500732421875,327.3599853515625,597.3099975585938,70.91999816894531,335.69000244140625,232.8300018310547,327.510009765625,597.72998046875,70.97010040283203,36844,53663,24788,11646,36453
2026-07-27 14:55:00-04:00,336.1700134277344,232.9199981689453,327.7550048828125,597.9000244140625,70.94000244140625,336.239990234375,232.98890686035156,327.81500244140625,598.0399780273438,70.94000244140625,335.75,232.75,327.4200134277344,597.405029296875,70.91000366210938,335.79998779296875,232.75,327.42999267578125,597.405029296875,70.93000030517578,73575,84443,35863,18675,42554
2026-07-27 14:56:00-04:00,335.8500061035156,232.7816925048828,327.54998779296875,597.2515258789062,70.87989807128906,336.1700134277344,232.9398956298828,327.7898864746094,597.8099975585938,70.93499755859375,335.7900085449219,232.7550048828125,327.54998779296875,597.2301025390625,70.875,336.1700134277344,232.9199981689453,327.7300109863281,597.739990234375,70.93499755859375,38582,61094,19683,8918,29665
2026-07-27 14:57:00-04:00,335.7950134277344,232.7899932861328,327.4949951171875,597.0549926757812,70.86430358886719,335.9299011230469,232.82000732421875,327.70001220703125,597.323974609375,70.89009857177734,335.7580871582031,232.72999572753906,327.42999267578125,596.9400024414062,70.86000061035156,335.8550109863281,232.77999877929688,327.5799865722656,597.323974609375,70.875,35082,59090,26684,12852,32181
2026-07-27 14:58:00-04:00,335.8550109863281,232.83689880371094,327.5950012207031,597.0399780273438,70.83999633789062,335.8699951171875,232.83689880371094,327.5950012207031,597.2000122070312,70.88500213623047,335.664794921875,232.6750030517578,327.3900146484375,596.7000122070312,70.80999755859375,335.7799987792969,232.78030395507812,327.4949951171875,597.1884155273438,70.87000274658203,33171,62707,14860,22634,50144
2026-07-27 14:59:00-04:00,335.8500061035156,232.7100067138672,327.489990234375,596.8599853515625,70.8499984741211,335.885009765625,232.8498992919922,327.64990234375,597.0700073242188,70.87000274658203,335.7300109863281,232.6199951171875,327.3699951171875,596.5700073242188,70.78089904785156,335.8299865722656,232.8350067138672,327.6099853515625,596.9600219726562,70.83499908447266,34731,79568,18037,8549,45107
2026-07-27 15:00:00-04:00,335.6600036621094,232.58999633789062,327.3500061035156,596.5,70.83499908447266,335.8500061035156,232.77000427246094,327.5599060058594,596.9299926757812,70.86000061035156,335.6351013183594,232.58999633789062,327.3500061035156,596.3482055664062,70.83000183105469,335.8500061035156,232.71499633789062,327.510009765625,596.8099975585938,70.86000061035156,35094,60445,24712,16756,24285
2026-07-27 15:01:00-04:00,335.5899963378906,232.51939392089844,327.260009765625,596.469970703125,70.83499908447266,335.760009765625,232.5850067138672,327.3900146484375,596.5999755859375,70.87000274658203,335.5849914550781,232.41110229492188,327.25,596.4099731445312,70.81999969482422,335.67498779296875,232.5800018310547,327.3399963378906,596.4600219726562,70.83499908447266,35244,50920,12043,11936,29712
2026-07-27 15:02:00-04:00,335.55999755859375,232.4250030517578,327.1199951171875,596.1699829101562,70.80999755859375,335.75,232.55499267578125,327.32000732421875,596.5999755859375,70.83599853515625,335.55999755859375,232.4250030517578,327.1199951171875,596.1599731445312,70.80000305175781,335.625,232.50999450683594,327.2300109863281,596.4879760742188,70.83499908447266,43848,48621,21145,10704,26629
2026-07-27 15:03:00-04:00,335.5199890136719,232.36500549316406,327.07000732421875,596.0900268554688,70.80500030517578,335.6400146484375,232.4199981689453,327.1700134277344,596.2299194335938,70.81500244140625,335.5,232.3000030517578,327.0400085449219,595.8900146484375,70.8021011352539,335.55999755859375,232.4199981689453,327.1199951171875,596.1300048828125,70.80570220947266,40532,54679,20437,19722,37427
2026-07-27 15:04:00-04:00,335.3031005859375,232.27000427246094,327.02880859375,595.719970703125,70.7300033569336,335.5400085449219,232.3699951171875,327.1600036621094,596.2199096679688,70.80000305175781,335.2799987792969,232.25999450683594,326.9599914550781,595.6300048828125,70.7300033569336,335.510009765625,232.3699951171875,327.06500244140625,596.010009765625,70.80000305175781,49050,43667,23647,12494,49322
2026-07-27 15:05:00-04:00,335.4382019042969,232.32000732421875,327.1099853515625,595.9099731445312,70.73500061035156,335.45001220703125,232.38999938964844,327.164794921875,596.0599975585938,70.76499938964844,335.25,232.26499938964844,327.0450134277344,595.7150268554688,70.71499633789062,335.29998779296875,232.30999755859375,327.0450134277344,595.8200073242188,70.73989868164062,33120,29737,17668,12800,45523
2026-07-27 15:06:00-04:00,335.4700012207031,232.39999389648438,327.05999755859375,595.77001953125,70.70999908447266,335.6199951171875,232.4293975830078,327.1300048828125,596.069580078125,70.75499725341797,335.3699951171875,232.27499389648438,327.0299987792969,595.6500244140625,70.70500183105469,335.46990966796875,232.3000030517578,327.1099853515625,595.9600219726562,70.73500061035156,44818,32262,16479,9762,31076
2026-07-27 15:07:00-04:00,335.4504089355469,232.36300659179688,327.0101013183594,595.7150268554688,70.69000244140625,335.56500244140625,232.47999572753906,327.1099853515625,595.9299926757812,70.7157974243164,335.44000244140625,232.3300018310547,326.92999267578125,595.6300048828125,70.66999816894531,335.4700012207031,232.39999389648438,327.05999755859375,595.7000122070312,70.69999694824219,42265,29616,19607,9861,36338
2026-07-27 15:08:00-04:00,335.5799865722656,232.2949981689453,326.9700012207031,595.9500122070312,70.63500213623047,335.5950012207031,232.43499755859375,327.1003112792969,596.0499877929688,70.69999694824219,335.4649963378906,232.2949981689453,326.94000244140625,595.6900024414062,70.62999725341797,335.4649963378906,232.3699951171875,327.0350036621094,595.7899780273438,70.68569946289062,26687,29214,17601,10614,37985
2026-07-27 15:09:00-04:00,335.5350036621094,232.39999389648438,327.1050109863281,596.02001953125,70.62999725341797,335.6600036621094,232.39999389648438,327.1700134277344,596.0999755859375,70.63999938964844,335.45001220703125,232.25,326.9104919433594,595.72998046875,70.61499786376953,335.54998779296875,232.27999877929688,326.9700012207031,595.9149780273438,70.63500213623047,42482,29145,19936,11458,37496
2026-07-27 15:10:00-04:00,335.7200012207031,232.5500030517578,327.3915100097656,596.1599731445312,70.59500122070312,335.7200012207031,232.58999633789062,327.4200134277344,596.3992919921875,70.6500015258789,335.5849914550781,232.41000366210938,327.135009765625,596.0399780273438,70.58000183105469,335.6000061035156,232.41000366210938,327.135009765625,596.0399780273438,70.63500213623047,42216,45888,32336,9827,36998
2026-07-27 15:11:00-04:00,335.7250061035156,232.4499969482422,327.239990234375,596.1099853515625,70.45999908447266,335.79998779296875,232.5408935546875,327.45001220703125,596.2000122070312,70.59500122070312,335.57000732421875,232.4250030517578,327.2149963378906,595.9500122070312,70.45500183105469,335.7200012207031,232.5399932861328,327.3900146484375,596.1649780273438,70.58999633789062,46364,26016,27792,11330,89492
2026-07-27 15:12:00-04:00,335.7300109863281,232.38999938964844,327.1000061035156,595.719970703125,70.44000244140625,335.82000732421875,232.49940490722656,327.3182067871094,596.25,70.47000122070312,335.6050109863281,232.3800048828125,327.1000061035156,595.719970703125,70.4103012084961,335.7250061035156,232.47000122070312,327.260009765625,596.0700073242188,70.45500183105469,40154,21393,13279,10357,66338
2026-07-27 15:13:00-04:00,335.7799987792969,232.4600067138672,327.1700134277344,595.8200073242188,70.45999908447266,335.8299865722656,232.51499938964844,327.2467041015625,596.0399780273438,70.4749984741211,335.6600036621094,232.39999389648438,327.114990234375,595.77001953125,70.43000030517578,335.7300109863281,232.39999389648438,327.114990234375,595.7999877929688,70.44499969482422,33544,23574,12757,8814,65011
2026-07-27 15:14:00-04:00,335.6000061035156,232.58999633789062,327.31500244140625,595.8618774414062,70.4800033569336,335.80999755859375,232.58999633789062,327.3500061035156,595.9299926757812,70.48999786376953,335.5,232.44000244140625,327.1600036621094,595.7000122070312,70.44999694824219,335.7900085449219,232.46499633789062,327.17999267578125,595.8049926757812,70.46499633789062,102762,36713,20044,10269,37124
2026-07-27 15:15:00-04:00,335.7049865722656,232.60000610351562,327.364990234375,595.7999877929688,70.4749984741211,335.7550048828125,232.6649932861328,327.4700012207031,596.0999145507812,70.51000213623047,335.5799865722656,232.58999633789062,327.33990478515625,595.7103881835938,70.4749984741211,335.5799865722656,232.58999633789062,327.3399963378906,595.780029296875,70.4749984741211,44485,25552,15611,18711,47619
2026-07-27 15:16:00-04:00,335.7300109863281,232.63999938964844,327.3949890136719,595.7550048828125,70.45500183105469,335.760009765625,232.66000366210938,327.4049987792969,595.97998046875,70.48500061035156,335.6400146484375,232.5850067138672,327.30999755859375,595.619873046875,70.44999694824219,335.7049865722656,232.58999633789062,327.3500061035156,595.875,70.4800033569336,42069,32258,16926,11044,41154
2026-07-27 15:17:00-04:00,335.6600036621094,232.57000732421875,327.3800048828125,595.5681762695312,70.5199966430664,335.7897033691406,232.65570068359375,327.489990234375,595.8848266601562,70.5250015258789,335.6300048828125,232.5449981689453,327.3500061035156,595.4099731445312,70.375,335.7300109863281,232.63499450683594,327.3949890136719,595.8099975585938,70.45500183105469,39669,28405,18786,14617,136720
2026-07-27 15:18:00-04:00,335.6300048828125,232.5800018310547,327.3450012207031,595.6749877929688,70.5250015258789,335.7099914550781,232.58999633789062,327.42999267578125,595.75,70.54869842529297,335.54998779296875,232.53500366210938,327.29998779296875,595.5399780273438,70.49500274658203,335.6600036621094,232.56500244140625,327.4100036621094,595.614990234375,70.5199966430664,35924,27328,15187,12800,107077
2026-07-27 15:19:00-04:00,335.6000061035156,232.51499938964844,327.5899963378906,595.8350219726562,70.55999755859375,335.6400146484375,232.6199951171875,327.6000061035156,595.8800048828125,70.55999755859375,335.54168701171875,232.51499938964844,327.32000732421875,595.6749877929688,70.51499938964844,335.614990234375,232.57000732421875,327.32000732421875,595.6749877929688,70.5199966430664,47657,30544,13596,11747,69202
2026-07-27 15:20:00-04:00,335.5589904785156,232.50999450683594,327.5350036621094,596.1099853515625,70.5385971069336,335.6400146484375,232.58999633789062,327.6199951171875,596.1400146484375,70.55000305175781,335.5249938964844,232.46499633789062,327.5,595.7501220703125,70.5199966430664,335.6199951171875,232.50999450683594,327.5799865722656,595.8699951171875,70.55000305175781,53775,48489,20113,11423,40112
2026-07-27 15:21:00-04:00,335.7300109863281,232.49000549316406,327.4599914550781,595.9000244140625,70.5250015258789,335.92999267578125,232.52000427246094,327.5455017089844,596.114990234375,70.53500366210938,335.5199890136719,232.4199981689453,327.42999267578125,595.5800170898438,70.51000213623047,335.5450134277344,232.49000549316406,327.5199890136719,596.114990234375,70.52999877929688,91204,69618,16219,38752,41091
2026-07-27 15:22:00-04:00,335.8900146484375,232.47999572753906,327.57000732421875,595.5900268554688,70.49500274658203,335.95001220703125,232.50999450683594,327.6300048828125,595.8983154296875,70.5199966430664,335.75,232.4207000732422,327.456787109375,595.5900268554688,70.48500061035156,335.75,232.5,327.4649963378906,595.8300170898438,70.5199966430664,76334,39211,41248,11316,132142
2026-07-27 15:23:00-04:00,335.739990234375,232.5,327.4849853515625,595.6799926757812,70.50499725341797,335.9100036621094,232.52999877929688,327.6199951171875,595.8699951171875,70.55000305175781,335.7300109863281,232.47500610351562,327.4800109863281,595.6199951171875,70.48999786376953,335.8900146484375,232.49000549316406,327.56500244140625,595.6400146484375,70.49500274658203,51016,26311,22808,8359,118261
2026-07-27 15:24:00-04:00,335.8500061035156,232.39999389648438,327.4549865722656,595.760009765625,70.33499908447266,335.8500061035156,232.51260375976562,327.48431396484375,595.8699951171875,70.50499725341797,335.5899963378906,232.39999389648438,327.3900146484375,595.6699829101562,70.33000183105469,335.7499084472656,232.49000549316406,327.4800109863281,595.75,70.4999008178711,34855,30564,22538,11636,305549
2026-07-27 15:25:00-04:00,335.8399963378906,232.33009338378906,327.5899963378906,595.9099731445312,70.44499969482422,335.9100036621094,232.4199981689453,327.6199951171875,596.0900268554688,70.4749984741211,335.7601013183594,232.3000030517578,327.44000244140625,595.760009765625,70.27999877929688,335.8550109863281,232.39999389648438,327.4549865722656,595.780029296875,70.33499908447266,39405,66291,18073,20764,211813
2026-07-27 15:26:00-04:00,335.75,232.3800048828125,327.4800109863281,595.77001953125,70.3949966430664,335.8399963378906,232.3800048828125,327.5899963378906,595.9400024414062,70.47000122070312,335.6700134277344,232.32000732421875,327.42999267578125,595.6900024414062,70.38999938964844,335.8399963378906,232.3300018310547,327.5799865722656,595.9099731445312,70.4469985961914,531365,63997,17592,14268,64639
2026-07-27 15:27:00-04:00,335.8290100097656,232.30999755859375,327.45001220703125,595.6199951171875,70.375,335.8699951171875,232.4290008544922,327.5299987792969,595.8499755859375,70.4000015258789,335.739013671875,232.2899932861328,327.3900146484375,595.531494140625,70.37000274658203,335.7550048828125,232.36000061035156,327.42999267578125,595.8499755859375,70.3949966430664,33950,83326,11725,14721,42306
2026-07-27 15:28:00-04:00,335.8699951171875,232.27000427246094,327.3900146484375,595.5900268554688,70.33499908447266,335.92999267578125,232.3300018310547,327.5150146484375,595.77001953125,70.38500213623047,335.79998779296875,232.23500061035156,327.31500244140625,595.52001953125,70.30999755859375,335.82000732421875,232.32000732421875,327.4750061035156,595.77001953125,70.375,46839,45154,24399,19512,46962
2026-07-27 15:29:00-04:00,335.7200012207031,232.25,327.44000244140625,595.7100219726562,70.31999969482422,335.8800048828125,232.2899932861328,327.44000244140625,595.8300170898438,70.36000061035156,335.67999267578125,232.19000244140625,327.30999755859375,595.52001953125,70.31999969482422,335.8599853515625,232.27999877929688,327.364990234375,595.6099853515625,70.33999633789062,55888,54057,9930,11308,49099
2026-07-27 15:30:00-04:00,335.9100036621094,232.07000732421875,327.3800048828125,595.530029296875,70.29499816894531,336.010009765625,232.2449951171875,327.44000244140625,595.77001953125,70.3301010131836,335.6499938964844,232.0601043701172,327.2500915527344,595.4500122070312,70.28500366210938,335.7200012207031,232.2449951171875,327.44000244140625,595.77001953125,70.32499694824219,89466,73669,35476,21495,58949
2026-07-27 15:31:00-04:00,335.92498779296875,232.08999633789062,327.4901123046875,595.8200073242188,70.30999755859375,336.0,232.1199951171875,327.5398864746094,595.8200073242188,70.33000183105469,335.9049987792969,232.0500030517578,327.3500061035156,595.4400024414062,70.28500366210938,335.9049987792969,232.0800018310547,327.3900146484375,595.4400024414062,70.29000091552734,60216,41942,13801,14008,47489
2026-07-27 15:32:00-04:00,335.8599853515625,232.2100067138672,327.614990234375,596.067626953125,70.38500213623047,335.92498779296875,232.25999450683594,327.614990234375,596.0999145507812,70.3949966430664,335.7699890136719,232.0800018310547,327.5,595.75,70.30999755859375,335.92498779296875,232.0800018310547,327.510009765625,595.8800048828125,70.31500244140625,61197,63549,18947,11147,43884
2026-07-27 15:33:00-04:00,336.0299987792969,232.25,327.7349853515625,596.27001953125,70.57499694824219,336.07000732421875,232.25999450683594,327.75,596.2999877929688,70.58000183105469,335.7900085449219,232.17999267578125,327.57000732421875,595.8699951171875,70.36499786376953,335.8599853515625,232.2100067138672,327.614990234375,595.969970703125,70.37999725341797,73379,37042,14946,13230,157396
2026-07-27 15:34:00-04:00,336.01031494140625,232.1999969482422,327.80999755859375,596.0850219726562,70.54499816894531,336.114990234375,232.26890563964844,327.8999938964844,596.5,70.58499908447266,336.0,232.1300048828125,327.7367858886719,596.0850219726562,70.52999877929688,336.0400085449219,232.2519989013672,327.75,596.3200073242188,70.57499694824219,59320,69854,38359,9344,73864
2026-07-27 15:35:00-04:00,335.9849853515625,232.2700958251953,327.6000061035156,595.77001953125,70.56420135498047,336.1050109863281,232.3350067138672,327.8500061035156,596.219970703125,70.57499694824219,335.94500732421875,232.19500732421875,327.6000061035156,595.7100219726562,70.54000091552734,336.010009765625,232.2100067138672,327.80999755859375,596.1099853515625,70.54499816894531,70011,63721,28072,16610,83680
2026-07-27 15:36:00-04:00,336.2998962402344,232.0,327.4800109863281,595.469970703125,70.55999755859375,336.29998779296875,232.2899932861328,327.6199951171875,595.8300170898438,70.56999969482422,335.9800109863281,231.97999572753906,327.4100036621094,595.4099731445312,70.53500366210938,335.9800109863281,232.28500366210938,327.590087890625,595.760009765625,70.56500244140625,49902,48372,25532,10255,48595
2026-07-27 15:37:00-04:00,336.3500061035156,232.00999450683594,327.6000061035156,595.280029296875,70.6050033569336,336.3599853515625,232.10000610351562,327.6099853515625,595.5499877929688,70.61000061035156,336.2099914550781,232.00999450683594,327.3999938964844,595.1099853515625,70.56999969482422,336.29998779296875,232.02999877929688,327.5,595.4749755859375,70.57440185546875,75312,50185,36020,12924,56463
2026-07-27 15:38:00-04:00,336.3500061035156,231.97999572753906,327.7650146484375,594.9650268554688,70.59500122070312,336.3799133300781,232.0399932861328,327.81500244140625,595.1950073242188,70.6050033569336,336.239990234375,231.9250030517578,327.6199951171875,594.9000244140625,70.55000305175781,336.3500061035156,231.99000549316406,327.6199951171875,595.1950073242188,70.5999984741211,62678,34617,134253,25308,81565
2026-07-27 15:39:00-04:00,336.2900085449219,232.02999877929688,327.6400146484375,594.47998046875,70.63500213623047,336.44000244140625,232.03500366210938,327.79998779296875,595.1099853515625,70.66590118408203,336.214599609375,231.91009521484375,327.6012878417969,594.4400024414062,70.59500122070312,336.3500061035156,231.98019409179688,327.760009765625,595.02001953125,70.59500122070312,75180,44790,20683,24804,136155
2026-07-27 15:40:00-04:00,336.3450012207031,231.97000122070312,327.5450134277344,594.5025024414062,70.60749816894531,336.3500061035156,232.0500030517578,327.64959716796875,594.6500244140625,70.63990020751953,336.2294006347656,231.91000366210938,327.5199890136719,594.3800048828125,70.59349822998047,336.2900085449219,232.03500366210938,327.6300048828125,594.4400024414062,70.63500213623047,51942,56591,32389,24069,129969
2026-07-27 15:41:00-04:00,336.2900085449219,231.97000122070312,327.581298828125,594.4625244140625,70.6050033569336,336.3599853515625,232.0,327.639892578125,594.7813720703125,70.62999725341797,336.2699890136719,231.94500732421875,327.5199890136719,594.3350219726562,70.6050033569336,336.3500061035156,231.97999572753906,327.5697937011719,594.489990234375,70.6050033569336,60310,47197,24503,12400,98393
2026-07-27 15:42:00-04:00,336.2950134277344,231.73129272460938,327.5199890136719,594.1749877929688,70.56999969482422,336.3800048828125,231.97000122070312,327.6700134277344,594.5050048828125,70.61000061035156,336.19000244140625,231.73129272460938,327.4800109863281,594.0706787109375,70.56999969482422,336.2900085449219,231.97000122070312,327.55999755859375,594.5050048828125,70.61000061035156,70003,97696,27368,17150,113868
2026-07-27 15:43:00-04:00,336.2699890136719,231.8000030517578,327.510009765625,594.3300170898438,70.44499969482422,336.3800048828125,231.88999938964844,327.6400146484375,594.489990234375,70.56999969482422,336.2200012207031,231.73500061035156,327.510009765625,594.0900268554688,70.44499969482422,336.2950134277344,231.75,327.5450134277344,594.0900268554688,70.56500244140625,68371,45961,23546,13027,203923
2026-07-27 15:44:00-04:00,336.2300109863281,231.78500366210938,327.5,594.2650146484375,70.48999786376953,336.2699890136719,231.83999633789062,327.5299987792969,594.619873046875,70.51000213623047,336.114990234375,231.7100067138672,327.4100036621094,594.239990234375,70.44000244140625,336.2699890136719,231.80999755859375,327.5,594.3200073242188,70.44499969482422,75623,60278,31747,15331,145069
2026-07-27 15:45:00-04:00,335.9800109863281,231.60000610351562,327.2799072265625,593.4199829101562,70.50499725341797,336.2699890136719,231.80999755859375,327.510009765625,594.4299926757812,70.5250015258789,335.8500061035156,231.5800018310547,327.1675109863281,593.3905029296875,70.45999908447266,336.2349853515625,231.77999877929688,327.510009765625,594.1799926757812,70.48999786376953,112125,62674,50028,26132,119367
2026-07-27 15:46:00-04:00,335.8800048828125,231.4801025390625,327.2349853515625,593.4249877929688,70.4104995727539,336.2900085449219,231.61000061035156,327.3399963378906,593.510009765625,70.51000213623047,335.8800048828125,231.47999572753906,327.110107421875,593.1799926757812,70.41000366210938,335.989990234375,231.60000610351562,327.239990234375,593.510009765625,70.50499725341797,121818,61359,28430,24244,80796
2026-07-27 15:47:00-04:00,336.1000061035156,231.46499633789062,327.44000244140625,593.9299926757812,70.41000366210938,336.1099853515625,231.52999877929688,327.44000244140625,593.969970703125,70.45999908447266,335.7200012207031,231.3800048828125,327.1700134277344,593.2825927734375,70.37999725341797,335.875,231.4949951171875,327.2349853515625,593.5,70.41000366210938,106200,81556,39640,22209,129286
2026-07-27 15:48:00-04:00,336.17999267578125,231.35499572753906,327.4100036621094,593.6099853515625,70.375,336.2799987792969,231.4799041748047,327.42999267578125,593.9500122070312,70.41500091552734,336.04998779296875,231.3300018310547,327.30999755859375,593.4500122070312,70.3550033569336,336.0899963378906,231.46499633789062,327.42498779296875,593.8800048828125,70.41500091552734,55269,51706,40461,18997,66059
2026-07-27 15:49:00-04:00,336.3500061035156,231.4149932861328,327.4700012207031,594.0999755859375,70.51499938964844,336.36199951171875,231.4199981689453,327.5,594.1099853515625,70.56999969482422,336.19000244140625,231.25999450683594,327.3800048828125,593.5700073242188,70.36499786376953,336.2049865722656,231.35000610351562,327.44000244140625,593.7000122070312,70.375,74818,96605,34778,22908,210777
2026-07-27 15:50:00-04:00,336.57000732421875,231.77000427246094,327.32000732421875,594.635009765625,70.54010009765625,336.6300048828125,231.86000061035156,327.70001220703125,594.7100219726562,70.55000305175781,336.3500061035156,231.39999389648438,327.2099914550781,594.0200805664062,70.48500061035156,336.3500061035156,231.39999389648438,327.489990234375,594.1900024414062,70.51000213623047,126525,163493,92970,37099,105834
2026-07-27 15:51:00-04:00,336.58990478515625,231.5749969482422,327.0899963378906,594.4400024414062,70.51499938964844,336.6400146484375,231.80999755859375,327.3800048828125,594.6500244140625,70.55000305175781,336.4472961425781,231.57000732421875,327.0559997558594,594.048828125,70.48999786376953,336.55999755859375,231.7899932861328,327.30499267578125,594.64501953125,70.54000091552734,99204,95133,51111,39330,104814
2026-07-27 15:52:00-04:00,336.5,231.60000610351562,327.3299865722656,594.5900268554688,70.56500244140625,336.6300048828125,231.6300048828125,327.3599853515625,594.6699829101562,70.56999969482422,336.4750061035156,231.5,326.9800109863281,594.3900146484375,70.51499938964844,336.5799865722656,231.58999633789062,327.0849914550781,594.4299926757812,70.51499938964844,112760,100593,53537,37506,79165
2026-07-27 15:53:00-04:00,336.6400146484375,231.52000427246094,326.95001220703125,594.5599975585938,70.54000091552734,336.6400146484375,231.89999389648438,327.4200134277344,594.7899780273438,70.58509826660156,336.4256896972656,231.42999267578125,326.92999267578125,594.4500122070312,70.51499938964844,336.510009765625,231.61000061035156,327.3699951171875,594.6599731445312,70.56999969482422,124141,213595,80395,39405,85081
2026-07-27 15:54:00-04:00,337.1199951171875,231.3350067138672,327.2099914550781,593.8800048828125,70.5250015258789,337.1300048828125,231.6300048828125,327.2099914550781,594.760009765625,70.55999755859375,336.5899963378906,231.27000427246094,326.8900146484375,593.6799926757812,70.51000213623047,336.6400146484375,231.52000427246094,326.94000244140625,594.530029296875,70.54499816894531,169498,205410,85132,56809,118885
2026-07-27 15:55:00-04:00,337.07000732421875,231.47999572753906,326.7650146484375,593.8779907226562,70.54499816894531,337.2200012207031,231.5050048828125,327.2099914550781,594.1199951171875,70.55999755859375,336.69000244140625,231.3000030517578,326.7099914550781,593.1599731445312,70.50499725341797,337.1300048828125,231.33999633789062,327.2099914550781,593.8400268554688,70.5250015258789,248840,243921,129228,88866,141653
2026-07-27 15:56:00-04:00,337.0,231.50999450683594,326.94000244140625,594.0599975585938,70.44000244140625,337.1099853515625,231.5749969482422,326.989990234375,594.1199951171875,70.55000305175781,336.8900146484375,231.4600067138672,326.7099914550781,593.6799926757812,70.41999816894531,337.07000732421875,231.47999572753906,326.7650146484375,593.9199829101562,70.54830169677734,186554,187940,99349,96212,313310
2026-07-27 15:57:00-04:00,337.0,231.35000610351562,326.5975036621094,593.5399780273438,70.41500091552734,337.0799865722656,231.50999450683594,327.0299987792969,594.0999755859375,70.46499633789062,336.7850036621094,231.2899932861328,326.510009765625,593.3599853515625,70.41000366210938,337.0050048828125,231.50999450683594,326.95001220703125,594.030029296875,70.44499969482422,195051,235406,138005,83770,179296
2026-07-27 15:58:00-04:00,336.9800109863281,231.35000610351562,326.5400085449219,593.3599853515625,70.4000015258789,337.0899963378906,231.42999267578125,326.67999267578125,593.6041870117188,70.44000244140625,336.875,231.3000030517578,326.4599914550781,593.2000122070312,70.4000015258789,337.010009765625,231.35000610351562,326.6000061035156,593.5499877929688,70.41999816894531,300117,250207,195886,113183,207976
2026-07-27 15:59:00-04:00,336.9200134277344,231.36000061035156,326.6099853515625,593.9299926757812,70.4000015258789,337.0400085449219,231.47999572753906,326.6199951171875,593.989990234375,70.41000366210938,336.69000244140625,231.2100067138672,326.3599853515625,593.1500244140625,70.36000061035156,336.9700012207031,231.33999633789062,326.5350036621094,593.3099975585938,70.4000015258789,578680,506839,346112,189640,533560
2026-07-28 09:30:00-04:00,341.1300048828125,231.97000122070312,329.3450012207031,597.594970703125,71.8550033569336,342.8900146484375,233.02000427246094,329.92999267578125,601.0,72.12999725341797,339.69000244140625,231.14999389648438,327.5,595.6199951171875,71.2300033569336,340.0299987792969,232.85000610351562,327.79998779296875,595.9000244140625,72.11000061035156,2567995,1455865,1054192,490892,1180238
2026-07-28 09:31:00-04:00,338.3299865722656,231.25,327.989990234375,598.905029296875,72.36000061035156,341.5,232.02000427246094,330.1700134277344,599.9998779296875,72.44999694824219,337.8999938964844,231.25,327.7749938964844,597.27001953125,71.81500244140625,341.2099914550781,231.83999633789062,329.4100036621094,597.8599853515625,71.91410064697266,687343,494957,157428,53481,213400
2026-07-28 09:32:00-04:00,338.8299865722656,230.80499267578125,327.9100036621094,597.1300048828125,72.22000122070312,338.8844909667969,231.5399932861328,328.1499938964844,599.6500244140625,72.37000274658203,337.7099914550781,230.5399932861328,327.0400085449219,597.010009765625,72.04000091552734,338.2300109863281,231.25999450683594,328.139892578125,599.469970703125,72.33999633789062,380368,285757,94023,53398,209725
2026-07-28 09:33:00-04:00,338.8900146484375,230.77999877929688,328.1199951171875,598.4400024414062,72.26000213623047,339.9100036621094,230.8988037109375,328.30999755859375,599.0,72.38999938964844,338.4700012207031,230.36000061035156,327.43011474609375,596.9199829101562,72.12000274658203,338.8299865722656,230.75,327.8599853515625,597.010498046875,72.2300033569336,355529,213726,99929,39414,206815
2026-07-28 09:34:00-04:00,339.4700012207031,230.84500122070312,327.92999267578125,597.7048950195312,72.25,339.8599853515625,230.9199981689453,328.25,598.9600219726562,72.29989624023438,338.9849853515625,230.4949951171875,327.8349914550781,596.010009765625,72.1050033569336,339.0199890136719,230.76499938964844,328.1400146484375,598.375,72.23999786376953,306564,184363,71799,54728,143989
2026-07-28 09:35:00-04:00,339.94500732421875,231.57000732421875,327.8999938964844,599.0349731445312,72.48500061035156,340.010009765625,231.639892578125,328.125,599.0349731445312,72.50499725341797,339.3599853515625,230.8000030517578,327.55999755859375,596.3900146484375,72.25,339.4700012207031,230.86000061035156,327.989990234375,597.719970703125,72.26000213623047,325632,221981,80063,37727,289056
2026-07-28 09:36:00-04:00,339.8299865722656,231.4199981689453,328.239990234375,599.5399780273438,72.65499877929688,340.4200134277344,231.8000030517578,328.54998779296875,599.719970703125,72.69999694824219,339.6499938964844,231.1750030517578,327.67999267578125,598.010009765625,72.31999969482422,339.947509765625,231.57000732421875,328.0299987792969,599.02001953125,72.47000122070312,329121,205214,74766,42905,262941
2026-07-28 09:37:00-04:00,339.340087890625,231.30499267578125,328.3299865722656,599.4500122070312,72.54010009765625,339.8900146484375,231.49000549316406,328.8699951171875,599.8900146484375,72.69000244140625,338.6000061035156,231.2100067138672,328.17999267578125,598.6500244140625,72.4000015258789,339.8349914550781,231.41000366210938,328.2749938964844,599.5399780273438,72.66999816894531,342284,126521,78786,35523,238256
2026-07-28 09:38:00-04:00,339.489990234375,231.11000061035156,328.0450134277344,599.0399780273438,72.41999816894531,339.8900146484375,231.32000732421875,328.6000061035156,599.7999267578125,72.58499908447266,339.3299865722656,230.75,328.0000915527344,598.239990234375,72.375,339.3900146484375,231.3000030517578,328.31500244140625,599.260009765625,72.52999877929688,210567,216560,64262,42750,247340
2026-07-28 09:39:00-04:00,338.75,230.8000030517578,327.5400085449219,597.5900268554688,72.78990173339844,339.5299987792969,231.14999389648438,328.1195983886719,599.135009765625,72.80000305175781,338.6000061035156,230.63499450683594,327.42999267578125,597.3900146484375,72.33999633789062,339.4200134277344,231.11000061035156,328.0450134277344,599.0599975585938,72.4000015258789,225563,107210,90080,47215,303916
2026-07-28 09:40:00-04:00,338.80999755859375,230.5,327.13250732421875,595.52001953125,72.8550033569336,339.2799987792969,230.85499572753906,327.6300048828125,597.7169799804688,72.91000366210938,338.6700134277344,230.39999389648438,326.9200134277344,595.5,72.68000030517578,338.69000244140625,230.8000030517578,327.5849914550781,597.7169799804688,72.78060150146484,332883,167152,99545,64777,232731
2026-07-28 09:41:00-04:00,338.7449951171875,229.97000122070312,325.8800048828125,595.6099853515625,73.05999755859375,339.0799865722656,230.639892578125,327.1499938964844,596.5999755859375,73.0999984741211,338.5400085449219,229.89999389648438,325.8800048828125,595.0,72.86170196533203,338.79998779296875,230.50999450683594,327.1300048828125,595.52001953125,72.875,183337,286276,90753,85387,349522
2026-07-28 09:42:00-04:00,338.92999267578125,229.91299438476562,325.54998779296875,594.6799926757812,73.22000122070312,339.04339599609375,230.08999633789062,326.0400085449219,595.530029296875,73.25499725341797,338.6000061035156,229.69000244140625,325.3800048828125,594.090087890625,72.98999786376953,338.7200012207031,229.9600067138672,325.9049987792969,595.3599853515625,73.05500030517578,191408,227879,116059,36418,275157
2026-07-28 09:43:00-04:00,338.2900085449219,229.83999633789062,325.5000915527344,595.2949829101562,73.28500366210938,339.4150085449219,229.97999572753906,325.8800048828125,595.469970703125,73.33999633789062,338.1199951171875,229.66000366210938,325.1499938964844,594.1099853515625,73.19999694824219,338.8999938964844,229.91000366210938,325.57000732421875,594.75,73.2249984741211,297679,149132,76982,24476,284698
2026-07-28 09:44:00-04:00,338.42999267578125,230.14999389648438,325.6000061035156,594.9600219726562,73.26000213623047,338.8799133300781,230.3000030517578,325.9198913574219,595.75,73.30999755859375,338.2799987792969,229.8699951171875,325.45001220703125,594.9500122070312,73.13999938964844,338.2799987792969,229.88999938964844,325.56500244140625,595.2949829101562,73.28500366210938,181077,133731,57574,24452,210550
2026-07-28 09:45:00-04:00,338.55999755859375,229.9600067138672,325.6400146484375,594.2100219726562,73.2249984741211,338.8550109863281,230.25999450683594,325.9800109863281,595.5800170898438,73.33000183105469,338.2799987792969,229.9199981689453,325.4707946777344,594.1900024414062,73.16000366210938,338.4200134277344,230.1699981689453,325.6099853515625,594.976806640625,73.26000213623047,179886,103927,64866,45129,282772
2026-07-28 09:46:00-04:00,338.2699890136719,229.82000732421875,324.9750061035156,593.2999877929688,73.30999755859375,338.6000061035156,230.0800018310547,325.6499938964844,594.1900024414062,73.33999633789062,338.2349853515625,229.82000732421875,324.9700012207031,593.2999877929688,73.19499969482422,338.55999755859375,230.01499938964844,325.6099853515625,594.1900024414062,73.22000122070312,144593,95999,87666,36700,234376
2026-07-28 09:47:00-04:00,338.45001220703125,229.39500427246094,324.6449890136719,592.4360961914062,73.37159729003906,338.5,229.94000244140625,325.0,594.0499877929688,73.43000030517578,337.9200134277344,229.36000061035156,324.5400085449219,592.0,73.29000091552734,338.260009765625,229.82000732421875,324.95001220703125,593.5449829101562,73.30999755859375,260057,124093,74110,44695,174685
2026-07-28 09:48:00-04:00,337.8500061035156,229.94540405273438,325.30499267578125,591.4099731445312,73.43000030517578,338.55999755859375,230.11000061035156,325.69000244140625,593.0499877929688,73.45999908447266,337.80999755859375,229.3800048828125,324.55010986328125,591.4099731445312,73.30999755859375,338.489990234375,229.3800048828125,324.6449890136719,592.4000244140625,73.37799835205078,183938,189680,88130,53651,316650
2026-07-28 09:49:00-04:00,337.93499755859375,229.72000122070312,325.69000244140625,592.9000244140625,73.16000366210938,337.9800109863281,230.00990295410156,325.7950134277344,592.9600219726562,73.47000122070312,337.5299987792969,229.60000610351562,325.30999755859375,591.0,73.16000366210938,337.864990234375,229.97000122070312,325.3599853515625,591.469970703125,73.43779754638672,189002,93571,62056,27941,278930
2026-07-28 09:50:00-04:00,338.3299865722656,229.77999877929688,325.43499755859375,592.030029296875,73.16500091552734,338.489990234375,230.00999450683594,325.94000244140625,593.66552734375,73.26000213623047,337.8349914550781,229.64999389648438,325.25,592.010009765625,73.0250015258789,337.9150085449219,229.72999572753906,325.69000244140625,592.739990234375,73.16500091552734,203840,135304,88402,21793,278406
2026-07-28 09:51:00-04:00,339.42999267578125,229.94000244140625,326.8299865722656,593.7100219726562,73.25,339.57000732421875,230.05999755859375,326.95001220703125,594.260009765625,73.30000305175781,338.3399963378906,229.8000030517578,325.43499755859375,592.3200073242188,73.125,338.3399963378906,229.80999755859375,325.4476013183594,592.3200073242188,73.16000366210938,304479,110578,108038,39811,192589
2026-07-28 09:52:00-04:00,338.739501953125,229.80999755859375,327.0174865722656,595.4249877929688,73.25509643554688,339.6011047363281,230.0500030517578,327.7200012207031,595.6749877929688,73.31500244140625,338.4601135253906,229.7899932861328,326.8399963378906,593.3699951171875,73.1500015258789,339.45001220703125,229.9499053955078,326.8500061035156,593.6199951171875,73.25,224493,138828,123815,46051,256137
2026-07-28 09:53:00-04:00,338.1499938964844,230.00999450683594,327.510009765625,595.02001953125,73.25,338.9599914550781,230.1300048828125,327.70001220703125,595.9000244140625,73.31990051269531,337.8900146484375,229.66000366210938,326.8399963378906,594.4099731445312,73.16000366210938,338.7049865722656,229.81649780273438,327.04998779296875,595.469970703125,73.25,279266,171093,64684,23689,223225
2026-07-28 09:54:00-04:00,338.25,229.91000366210938,327.0,593.375,73.11499786376953,338.4700012207031,230.39999389648438,327.6400146484375,595.4600219726562,73.25090026855469,337.9400939941406,229.8800048828125,327.0,593.19580078125,73.11000061035156,338.19000244140625,229.99000549316406,327.54998779296875,595.0349731445312,73.2300033569336,169968,245743,46271,26001,128506
2026-07-28 09:55:00-04:00,337.6700134277344,229.3800048828125,326.5,593.1649780273438,73.31600189208984,338.74920654296875,229.99000549316406,327.2200012207031,593.780029296875,73.33999633789062,337.6099853515625,229.3300018310547,326.489990234375,592.5900268554688,73.06999969482422,338.239990234375,229.9199981689453,327.0400085449219,593.27001953125,73.11499786376953,162175,122463,84276,25994,138173
2026-07-28 09:56:00-04:00,337.55999755859375,229.57000732421875,326.1099853515625,594.0966186523438,73.33999633789062,337.70001220703125,229.75,326.55999755859375,594.4199829101562,73.38999938964844,337.1499938964844,229.38499450683594,325.989990234375,593.25,73.26000213623047,337.6600036621094,229.44000244140625,326.489990234375,593.25,73.30999755859375,189406,84976,61252,24334,216024
2026-07-28 09:57:00-04:00,337.7200012207031,229.72999572753906,326.239990234375,594.1199951171875,73.26499938964844,337.82000732421875,229.8300018310547,326.29998779296875,594.2974853515625,73.31999969482422,337.3999938964844,229.47000122070312,325.8500061035156,593.3125,73.20999908447266,337.5299987792969,229.57400512695312,326.07000732421875,593.5999755859375,73.30999755859375,109445,59904,59142,23702,169025
2026-07-28 09:58:00-04:00,337.622314453125,229.3800048828125,325.42999267578125,593.0999755859375,73.29000091552734,337.7699890136719,229.75990295410156,326.2200012207031,593.9550170898438,73.33999633789062,337.2200012207031,229.3000030517578,325.42999267578125,593.0,73.21009826660156,337.7300109863281,229.72500610351562,326.20001220703125,593.9550170898438,73.2698974609375,140514,77918,44798,16846,101788
2026-07-28 09:59:00-04:00,337.5,229.3699951171875,325.3399963378906,593.1900024414062,73.2699966430664,337.80999755859375,229.63499450683594,325.6499938964844,593.5900268554688,73.32879638671875,337.3900146484375,229.3000030517578,325.2200012207031,592.8699951171875,73.20999908447266,337.6099853515625,229.3699951171875,325.3800048828125,593.280029296875,73.27999877929688,107432,151463,40695,22909,145466
2026-07-28 10:00:00-04:00,337.8999938964844,229.77999877929688,325.7699890136719,594.4199829101562,73.41000366210938,338.1199951171875,229.80999755859375,325.7699890136719,594.6699829101562,73.43000030517578,337.510009765625,229.38999938964844,325.3399963378906,593.2000122070312,73.25,337.5799865722656,229.44000244140625,325.3949890136719,593.280029296875,73.29000091552734,127774,111082,52169,21356,141964
2026-07-28 10:01:00-04:00,337.6156005859375,229.65499877929688,326.0249938964844,594.1900024414062,73.45999908447266,338.1199951171875,229.85000610351562,326.239990234375,594.7899780273438,73.48999786376953,337.6000061035156,229.50999450683594,325.75,593.9299926757812,73.3550033569336,337.8900146484375,229.77999877929688,325.760009765625,594.5499877929688,73.41000366210938,81664,81155,60998,16064,235948
2026-07-28 10:02:00-04:00,337.5299987792969,229.86500549316406,326.9100036621094,594.0850219726562,73.53500366210938,337.9200134277344,230.0,326.9599914550781,594.739990234375,73.54000091552734,337.42279052734375,229.66000366210938,325.9800109863281,593.8900146484375,73.31999969482422,337.625,229.66000366210938,326.0249938964844,594.0800170898438,73.45999908447266,91039,89164,51791,24678,257349
2026-07-28 10:03:00-04:00,336.635009765625,229.7100067138672,326.5799865722656,593.2100219726562,73.5999984741211,337.5799865722656,229.88999938964844,327.07989501953125,594.5,73.6500015258789,336.5799865722656,229.6699981689453,326.5299987792969,593.0,73.5199966430664,337.5299987792969,229.875,326.9150085449219,594.1799926757812,73.53500366210938,204213,83923,46634,23876,190763
2026-07-28 10:04:00-04:00,336.3500061035156,229.3699951171875,326.4100036621094,592.9600219726562,73.67500305175781,336.6986083984375,229.74049377441406,326.57000732421875,593.6199951171875,73.72000122070312,336.0400085449219,229.35000610351562,326.2900085449219,592.7800903320312,73.57499694824219,336.6600036621094,229.69500732421875,326.5400085449219,593.2913818359375,73.59989929199219,209351,92190,35386,17158,188161
2026-07-28 10:05:00-04:00,336.0150146484375,229.5500946044922,326.80499267578125,593.6099853515625,73.68000030517578,336.3900146484375,229.64999389648438,326.8599853515625,593.77001953125,73.69989776611328,335.6000061035156,229.27000427246094,326.2799987792969,592.739990234375,73.63390350341797,336.3500061035156,229.3800048828125,326.4100036621094,592.9450073242188,73.67500305175781,191427,89967,42242,20635,148207
2026-07-28 10:06:00-04:00,336.5950012207031,229.52999877929688,326.9523010253906,593.1950073242188,73.63999938964844,336.625,229.55999755859375,326.9599914550781,593.5900268554688,73.69000244140625,335.8399963378906,229.27000427246094,326.510009765625,592.9555053710938,73.61000061035156,336.05999755859375,229.5500030517578,326.7300109863281,593.4299926757812,73.68000030517578,130284,124369,33146,18962,205769
2026-07-28 10:07:00-04:00,336.8052062988281,229.52999877929688,326.8100891113281,593.2125244140625,73.6449966430664,336.9599914550781,229.66000366210938,327.32000732421875,593.5700073242188,73.66000366210938,336.57000732421875,229.47000122070312,326.8100891113281,593.1950073242188,73.55999755859375,336.5799865722656,229.52999877929688,326.8999938964844,593.1950073242188,73.5999984741211,124810,58845,46648,19234,171221
2026-07-28 10:08:00-04:00,337.3999938964844,229.83999633789062,327.20001220703125,593.39501953125,73.6500015258789,337.5599060058594,229.86990356445312,327.239990234375,593.5700073242188,73.70999908447266,336.739990234375,229.39999389648438,326.5450134277344,592.69677734375,73.61019897460938,336.760009765625,229.52499389648438,326.7900085449219,593.1699829101562,73.63999938964844,160257,113439,43516,18626,203880
2026-07-28 10:09:00-04:00,336.635009765625,229.8000030517578,327.44000244140625,593.9500122070312,73.69999694824219,337.4211120605469,229.93739318847656,327.57000732421875,594.3400268554688,73.72000122070312,336.6099853515625,229.8000030517578,327.1000061035156,593.4000244140625,73.58260345458984,337.4211120605469,229.8350067138672,327.24249267578125,593.4000244140625,73.63999938964844,133126,58645,49639,20119,204763
2026-07-28 10:10:00-04:00,336.2650146484375,229.8000030517578,327.30499267578125,594.1900024414062,73.70500183105469,336.6650085449219,229.96890258789062,327.67999267578125,594.6500244140625,73.75499725341797,336.1600036621094,229.62399291992188,327.2799987792969,593.719970703125,73.64350128173828,336.6449890136719,229.75709533691406,327.44500732421875,593.9000244140625,73.69999694824219,157067,94467,53123,25673,150413
2026-07-28 10:11:00-04:00,336.23980712890625,229.72999572753906,326.4700012207031,593.1599731445312,73.65979766845703,336.4200134277344,229.85000610351562,327.31500244140625,594.1099853515625,73.69999694824219,336.07000732421875,229.67750549316406,326.3900146484375,593.0700073242188,73.6050033569336,336.2850036621094,229.80499267578125,327.31500244140625,594.0900268554688,73.69999694824219,69709,89261,45854,17933,160017
2026-07-28 10:12:00-04:00,336.32000732421875,229.66000366210938,326.4901123046875,592.2000122070312,73.68000030517578,336.3399963378906,229.80999755859375,326.6499938964844,593.5800170898438,73.7300033569336,336.0,229.52000427246094,326.4200134277344,592.2000122070312,73.64009857177734,336.19000244140625,229.72000122070312,326.45001220703125,593.3099975585938,73.65499877929688,114111,63906,25615,24215,109964
2026-07-28 10:13:00-04:00,336.6400146484375,229.67999267578125,326.69500732421875,591.7150268554688,73.61100006103516,336.80999755859375,229.89999389648438,326.94000244140625,592.5700073242188,73.69999694824219,336.2300109863281,229.5800018310547,326.3599853515625,591.580078125,73.58000183105469,336.32000732421875,229.63499450683594,326.489990234375,592.2000122070312,73.68000030517578,88952,66202,32429,27612,194198
2026-07-28 10:14:00-04:00,336.8800048828125,229.8300018310547,326.95001220703125,592.030029296875,73.70500183105469,336.9700012207031,229.85000610351562,327.0400085449219,592.3112182617188,73.72000122070312,336.5299987792969,229.60499572753906,326.6400146484375,591.489990234375,73.61000061035156,336.625,229.6699981689453,326.6600036621094,591.719970703125,73.62000274658203,130467,97474,43937,22953,114476
2026-07-28 10:15:00-04:00,337.3450012207031,229.91000366210938,327.2799987792969,592.1900024414062,73.68499755859375,337.489990234375,229.9799041748047,327.3883972167969,592.47998046875,73.75,336.95001220703125,229.77000427246094,326.9049987792969,591.7100219726562,73.63999938964844,336.96990966796875,229.83999633789062,326.989990234375,592.02001953125,73.70500183105469,200015,90569,54568,21255,201278
2026-07-28 10:16:00-04:00,337.4200134277344,229.7100067138672,326.80999755859375,592.3400268554688,73.4800033569336,337.5299987792969,229.91000366210938,327.260009765625,592.3400268554688,73.69999694824219,337.0199890136719,229.61000061035156,326.760009765625,591.89501953125,73.41999816894531,337.3699951171875,229.91000366210938,327.2406921386719,592.2249755859375,73.69000244140625,114134,82217,49178,17958,233731
2026-07-28 10:17:00-04:00,337.29998779296875,230.0449981689453,326.9100036621094,593.2100219726562,73.58999633789062,337.5,230.07000732421875,326.9800109863281,593.35498046875,73.5999984741211,337.0199890136719,229.74000549316406,326.6199951171875,592.1904907226562,73.46499633789062,337.4100036621094,229.75,326.8399963378906,592.3800048828125,73.5,137298,117468,36202,19706,174497
2026-07-28 10:18:00-04:00,337.625,230.35000610351562,327.2850036621094,593.6900024414062,73.51499938964844,337.6300048828125,230.42999267578125,327.29998779296875,593.8699951171875,73.5999984741211,337.0899963378906,229.9499969482422,326.6549987792969,592.9199829101562,73.5,337.2699890136719,230.00999450683594,326.8699951171875,593.1099853515625,73.58999633789062,173121,129692,46847,21348,180544
2026-07-28 10:19:00-04:00,337.4150085449219,230.2100067138672,327.4049987792969,593.7100219726562,73.5979995727539,337.7950134277344,230.52999877929688,327.54998779296875,593.9400024414062,73.70999908447266,337.3800048828125,230.17999267578125,327.2699890136719,593.5050048828125,73.5199966430664,337.6300048828125,230.35000610351562,327.30999755859375,593.7100219726562,73.5199966430664,106730,96240,49257,20929,227097
2026-07-28 10:20:00-04:00,337.4549865722656,230.0699005126953,327.239990234375,594.1099853515625,73.62999725341797,337.6890869140625,230.39999389648438,327.5,594.8596801757812,73.66000366210938,337.3299865722656,230.0260009765625,327.1400146484375,593.77001953125,73.58999633789062,337.44000244140625,230.25999450683594,327.42999267578125,593.7999877929688,73.58999633789062,89277,73591,49551,29031,102743
2026-07-28 10:21:00-04:00,337.80499267578125,229.9199981689453,327.239990234375,594.1320190429688,73.54000091552734,337.89990234375,230.10000610351562,327.3900146484375,594.75,73.70500183105469,337.3999938964844,229.64999389648438,327.05999755859375,593.9500122070312,73.52999877929688,337.44000244140625,230.0399932861328,327.260009765625,594.3200073242188,73.62999725341797,122315,138606,50834,29504,194112
2026-07-28 10:22:00-04:00,337.6300048828125,229.80999755859375,326.8599853515625,593.0050048828125,73.55249786376953,338.0899963378906,229.9499969482422,327.239990234375,594.1199951171875,73.62000274658203,337.6000061035156,229.58999633789062,326.70001220703125,592.9400024414062,73.4800033569336,337.82501220703125,229.88999938964844,327.2200012207031,594.1199951171875,73.54499816894531,164086,76438,27018,24661,168368
2026-07-28 10:23:00-04:00,338.25,230.19000244140625,327.8399963378906,594.989990234375,73.6050033569336,338.260009765625,230.1999969482422,327.8399963378906,594.989990234375,73.69999694824219,337.6199951171875,229.77999877929688,326.8399963378906,593.010009765625,73.55999755859375,337.625,229.81500244140625,326.8399963378906,593.125,73.55999755859375,177958,97016,69727,25331,171984
2026-07-28 10:24:00-04:00,337.7200012207031,229.9149932861328,327.23699951171875,594.1599731445312,73.4800033569336,338.2699890136719,230.2299041748047,327.8900146484375,595.1099853515625,73.5999984741211,337.6499938964844,229.81500244140625,327.1700134277344,594.0800170898438,73.4800033569336,338.2449951171875,230.19000244140625,327.8900146484375,594.8300170898438,73.5999984741211,102231,70434,34064,21218,123817
2026-07-28 10:25:00-04:00,337.9549865722656,229.8800048828125,327.2300109863281,594.3250122070312,73.5999984741211,338.05999755859375,230.0399932861328,327.3500061035156,594.5,73.62999725341797,337.67999267578125,229.80999755859375,327.1099853515625,593.8599853515625,73.5,337.70001220703125,229.9199981689453,327.2699890136719,594.2349853515625,73.5,88764,46447,35426,16021,121956
2026-07-28 10:26:00-04:00,337.489990234375,229.8800048828125,327.32000732421875,593.8699951171875,73.56999969482422,337.9989929199219,230.0,327.4898986816406,594.2899780273438,73.61949920654297,337.4100036621094,229.8000030517578,326.9231872558594,593.6400146484375,73.52999877929688,337.9700012207031,229.88999938964844,327.2550048828125,594.1799926757812,73.61000061035156,100336,45603,63791,34968,172763
2026-07-28 10:27:00-04:00,337.6499938964844,229.81500244140625,327.5199890136719,594.1500244140625,73.5199966430664,337.739990234375,229.9600067138672,327.6299133300781,594.2999877929688,73.58000183105469,337.4100036621094,229.8000030517578,327.2099914550781,593.6199951171875,73.51010131835938,337.4750061035156,229.91000366210938,327.3900146484375,593.989990234375,73.57499694824219,73046,50082,36223,14170,74695
2026-07-28 10:28:00-04:00,337.7799987792969,229.6199951171875,327.7799987792969,593.5549926757812,73.43000030517578,337.8699951171875,229.8699951171875,327.7799987792969,594.1629028320312,73.53990173339844,337.5400085449219,229.5749969482422,327.44219970703125,593.47998046875,73.38009643554688,337.6499938964844,229.81500244140625,327.5199890136719,594.02001953125,73.5199966430664,70378,132545,33978,13503,61215
2026-07-28 10:29:00-04:00,337.9599914550781,229.57000732421875,327.6700134277344,594.52001953125,73.56999969482422,338.065185546875,229.72000122070312,327.8500061035156,594.5499877929688,73.56999969482422,337.75,229.50010681152344,327.6400146484375,593.5701293945312,73.44000244140625,337.7799987792969,229.58999633789062,327.7846984863281,593.5900268554688,73.44000244140625,75263,103780,28575,19629,110030
2026-07-28 10:30:00-04:00,338.05499267578125,229.11000061035156,327.4200134277344,593.6950073242188,73.51499938964844,338.1600036621094,229.6300048828125,327.7799987792969,594.5,73.58000183105469,337.9150085449219,229.11000061035156,327.3599853515625,593.5,73.45999908447266,337.9800109863281,229.55499267578125,327.6400146484375,594.5,73.56999969482422,111324,97307,38035,20365,111591
2026-07-28 10:31:00-04:00,338.3299865722656,228.91000366210938,327.6000061035156,593.1199951171875,73.56999969482422,338.3500061035156,229.22999572753906,327.6614074707031,593.89501953125,73.58499908447266,337.9100036621094,228.88999938964844,327.260009765625,593.1199951171875,73.5000991821289,338.0751037597656,229.1300048828125,327.3599853515625,593.6599731445312,73.51499938964844,75616,182999,32678,31651,144426
2026-07-28 10:32:00-04:00,338.4800109863281,228.85360717773438,327.7699890136719,593.5697021484375,73.52999877929688,338.5199890136719,228.9499969482422,327.8299865722656,593.6199951171875,73.57009887695312,338.19000244140625,228.7100067138672,327.5450134277344,592.780029296875,73.43000030517578,338.3349914550781,228.88999938964844,327.54998779296875,593.1400146484375,73.57009887695312,178489,99852,40059,21745,105785
2026-07-28 10:33:00-04:00,338.635009765625,229.11000061035156,327.79998779296875,592.9199829101562,73.5,338.6700134277344,229.1300048828125,327.8800048828125,593.6400146484375,73.55950164794922,338.3699951171875,228.7436981201172,327.67498779296875,592.7827758789062,73.48999786376953,338.4800109863281,228.83079528808594,327.75,593.510009765625,73.52999877929688,107798,120026,31626,14022,76799
2026-07-28 10:34:00-04:00,338.6000061035156,228.83999633789062,327.5,591.6500244140625,73.4800033569336,338.7900085449219,229.22999572753906,327.9700012207031,593.1099853515625,73.52999877929688,338.375,228.81640625,327.44000244140625,591.6500244140625,73.44499969482422,338.635009765625,229.1199951171875,327.8399963378906,592.9149780273438,73.48999786376953,120343,96895,38275,24476,70825
2026-07-28 10:35:00-04:00,338.2626037597656,228.85000610351562,327.5299987792969,591.844970703125,73.43499755859375,338.6000061035156,228.86000061035156,327.6199951171875,591.8699951171875,73.49500274658203,338.0199890136719,228.73500061035156,327.3900146484375,591.3400268554688,73.4000015258789,338.5799865722656,228.8249969482422,327.45001220703125,591.5750122070312,73.47000122070312,115148,63465,43473,17870,81662
2026-07-28 10:36:00-04:00,338.360107421875,228.87330627441406,327.53009033203125,592.1500244140625,73.42990112304688,338.3900146484375,228.99000549316406,327.6199951171875,592.4199829101562,73.45999908447266,338.0899963378906,228.77000427246094,327.2799987792969,591.719970703125,73.37999725341797,338.30999755859375,228.86000061035156,327.5299987792969,591.844970703125,73.43499755859375,90248,81695,35377,21907,175522
2026-07-28 10:37:00-04:00,338.1099853515625,228.7899932861328,327.7250061035156,591.4450073242188,73.45500183105469,338.489990234375,228.97000122070312,327.7900085449219,592.4400024414062,73.5,337.92999267578125,228.72999572753906,327.5799865722656,591.3499755859375,73.41000366210938,338.3599853515625,228.87669372558594,327.614990234375,592.2667236328125,73.43000030517578,125470,44896,29293,13487,143127
2026-07-28 10:38:00-04:00,337.70001220703125,228.47999572753906,327.4800109863281,590.6799926757812,73.41999816894531,338.1600036621094,228.77499389648438,327.7900085449219,591.5399780273438,73.45500183105469,337.6300048828125,228.36000061035156,327.45001220703125,590.4600219726562,73.37000274658203,338.1199951171875,228.77499389648438,327.73028564453125,591.4400024414062,73.45500183105469,109804,83975,22618,29277,69822
2026-07-28 10:39:00-04:00,337.4364929199219,228.28500366210938,327.2099914550781,590.47998046875,73.41999816894531,337.739990234375,228.47999572753906,327.5299987792969,590.7000122070312,73.45999908447266,337.3999938964844,228.25,327.05999755859375,589.8800048828125,73.4000015258789,337.70001220703125,228.47999572753906,327.489990234375,590.5034790039062,73.42169952392578,72886,106075,40915,58689,59042
2026-07-28 10:40:00-04:00,337.4700012207031,228.3394012451172,327.3999938964844,591.2949829101562,73.5,337.5,228.35000610351562,327.3999938964844,591.4400024414062,73.5,337.2099914550781,228.10000610351562,327.1099853515625,590.0599975585938,73.40499877929688,337.45001220703125,228.2899932861328,327.17999267578125,590.6199951171875,73.41000366210938,99277,99855,20807,18736,92198
2026-07-28 10:41:00-04:00,337.82000732421875,228.42999267578125,327.4599914550781,592.0399780273438,73.40499877929688,337.8699951171875,228.4696044921875,327.50830078125,592.3198852539062,73.5199966430664,337.3599853515625,228.22999572753906,327.2099914550781,591.2000122070312,73.38999938964844,337.4700012207031,228.3249969482422,327.32000732421875,591.2949829101562,73.51000213623047,94016,129144,24811,35572,120228
2026-07-28 10:42:00-04:00,337.8493957519531,228.7100067138672,327.739990234375,591.97998046875,73.44000244140625,338.23370361328125,228.71499633789062,327.739990234375,592.3298950195312,73.47000122070312,337.7699890136719,228.3800048828125,327.4649963378906,591.7100219726562,73.37000274658203,337.82000732421875,228.4499053955078,327.4649963378906,592.0,73.40499877929688,101414,95812,22080,20684,113805
2026-07-28 10:43:00-04:00,337.9200134277344,228.64010620117188,327.7099914550781,592.5900268554688,73.4000015258789,338.04998779296875,228.8300018310547,327.8399963378906,592.6799926757812,73.44000244140625,337.6000061035156,228.64010620117188,327.6099853515625,591.6300048828125,73.38999938964844,337.8699951171875,228.71499633789062,327.7550048828125,591.8699951171875,73.43009948730469,92409,71602,32310,22757,49227
2026-07-28 10:44:00-04:00,338.1650085449219,228.4949951171875,327.95001220703125,593.094970703125,73.36000061035156,338.30499267578125,228.74000549316406,327.989990234375,593.239990234375,73.42500305175781,337.760009765625,228.47000122070312,327.7300109863281,592.3300170898438,73.34750366210938,337.9200134277344,228.6699981689453,327.739990234375,592.5599975585938,73.39990234375,78870,84617,34616,20373,113928
2026-07-28 10:45:00-04:00,338.3399963378906,228.61000061035156,327.79998779296875,592.6099853515625,73.45500183105469,338.3949890136719,228.72999572753906,328.1400146484375,593.7000122070312,73.5199966430664,338.1199951171875,228.49000549316406,327.79998779296875,592.6099853515625,73.33999633789062,338.1700134277344,228.49000549316406,328.0,593.094970703125,73.3499984741211,126684,89872,64346,26252,142420
2026-07-28 10:46:00-04:00,338.2300109863281,228.89999389648438,328.2049865722656,592.97998046875,73.50509643554688,338.3949890136719,228.94000244140625,328.2799987792969,593.6500244140625,73.55999755859375,338.13031005859375,228.58999633789062,327.79998779296875,592.5700073242188,73.44499969482422,338.32000732421875,228.60000610351562,327.8299865722656,592.72998046875,73.45500183105469,112444,82336,33364,45029,145894
2026-07-28 10:47:00-04:00,338.1600036621094,228.86990356445312,328.5400085449219,593.1400146484375,73.4749984741211,338.364990234375,228.9499969482422,328.69000244140625,593.5999755859375,73.51000213623047,338.010009765625,228.77999877929688,328.2099914550781,592.6005249023438,73.43000030517578,338.2149963378906,228.88999938964844,328.2250061035156,593.0050048828125,73.51000213623047,83076,67485,28803,18603,108475
2026-07-28 10:48:00-04:00,338.2099914550781,229.02499389648438,328.4100036621094,592.9650268554688,73.47000122070312,338.32000732421875,229.04539489746094,328.6099853515625,593.4400024414062,73.48999786376953,338.08160400390625,228.85499572753906,328.3200988769531,592.9000244140625,73.38999938964844,338.1549987792969,228.85499572753906,328.55999755859375,593.1500244140625,73.47000122070312,66403,62654,23925,10131,399289
2026-07-28 10:49:00-04:00,338.0899963378906,229.07000732421875,328.3599853515625,592.7000122070312,73.45500183105469,338.239990234375,229.1300048828125,328.6499938964844,593.119873046875,73.49500274658203,337.95001220703125,228.9600067138672,328.2701110839844,592.469970703125,73.44999694824219,338.2099914550781,229.035400390625,328.3960876464844,593.119873046875,73.4749984741211,112772,95203,42793,14421,59038
2026-07-28 10:50:00-04:00,338.32000732421875,228.9600067138672,328.2699890136719,592.8800048828125,73.4749984741211,338.3800048828125,229.139892578125,328.4200134277344,592.989990234375,73.48999786376953,338.04998779296875,228.92999267578125,328.18499755859375,592.469970703125,73.43000030517578,338.0899963378906,229.0399932861328,328.3599853515625,592.6199951171875,73.45020294189453,68966,106749,28852,18084,82257
2026-07-28 10:51:00-04:00,338.1549987792969,228.9199981689453,328.32501220703125,592.4849853515625,73.31999969482422,338.32000732421875,229.00999450683594,328.3599853515625,592.969970703125,73.4800033569336,338.07000732421875,228.83030700683594,328.10009765625,592.0963745117188,73.30999755859375,338.30999755859375,228.9600067138672,328.2900085449219,592.864990234375,73.4749984741211,69482,61933,35421,19895,354536
2026-07-28 10:52:00-04:00,337.8999938964844,228.97999572753906,328.5199890136719,592.6749877929688,73.34369659423828,338.1600036621094,229.02000427246094,328.639892578125,592.6749877929688,73.41000366210938,337.80999755859375,228.8000030517578,328.110107421875,592.04052734375,73.2699966430664,338.1600036621094,228.9199981689453,328.3443908691406,592.4849853515625,73.32499694824219,111890,80353,38025,16629,498891
2026-07-28 10:53:00-04:00,337.3699951171875,228.67999267578125,328.4599914550781,591.4647216796875,73.18000030517578,337.989990234375,229.0,328.7900085449219,592.7000122070312,73.32499694824219,337.2250061035156,228.67050170898438,328.3900146484375,591.3099975585938,73.1449966430664,337.8999938964844,228.97500610351562,328.5632019042969,592.6900024414062,73.32499694824219,172939,80314,31040,14729,330951
2026-07-28 10:54:00-04:00,337.2250061035156,228.7550048828125,328.67999267578125,590.6400146484375,73.12000274658203,337.3900146484375,228.80999755859375,328.7007141113281,591.619873046875,73.19499969482422,337.1400146484375,228.5800018310547,328.4599914550781,590.6400146484375,73.11000061035156,337.3599853515625,228.67999267578125,328.4599914550781,591.4199829101562,73.18000030517578,105046,89413,31704,18203,143527
2026-07-28 10:55:00-04:00,337.21319580078125,228.8300018310547,328.7699890136719,591.0050048828125,73.00309753417969,337.2799987792969,228.8699951171875,328.9385986328125,591.5,73.12999725341797,336.92999267578125,228.69419860839844,328.6099853515625,590.3300170898438,72.97000122070312,337.2200927734375,228.75999450683594,328.6499938964844,590.6901245117188,73.11499786376953,93476,54663,51683,21454,160353
2026-07-28 10:56:00-04:00,337.1549987792969,229.11000061035156,328.7200012207031,590.6599731445312,72.94499969482422,337.2980041503906,229.27999877929688,328.9100036621094,591.25,73.02999877929688,337.0199890136719,228.82000732421875,328.67999267578125,590.6599731445312,72.94000244140625,337.2300109863281,228.8350067138672,328.7749938964844,591.0,73.01000213623047,72203,82938,32305,14764,114271
2026-07-28 10:57:00-04:00,337.215087890625,229.0399932861328,328.739990234375,590.4500122070312,72.90499877929688,337.25,229.1300048828125,328.80999755859375,590.8956298828125,72.98999786376953,336.989990234375,229.03500366210938,328.67498779296875,590.2119750976562,72.90010070800781,337.1499938964844,229.09010314941406,328.7200012207031,590.6599731445312,72.94000244140625,72175,62817,32558,19520,107396
2026-07-28 10:58:00-04:00,337.44000244140625,229.3000030517578,328.5415954589844,590.2949829101562,72.95010375976562,337.5799865722656,229.389892578125,328.760009765625,590.47998046875,72.97000122070312,337.2149963378906,228.97999572753906,328.5415954589844,590.1099853515625,72.8499984741211,337.2300109863281,229.03500366210938,328.75,590.47998046875,72.9000015258789,60968,72467,44665,21634,75017
2026-07-28 10:59:00-04:00,337.05499267578125,229.1699981689453,328.5483093261719,589.5499877929688,72.87000274658203,337.5050048828125,229.32000732421875,328.7099914550781,590.47998046875,72.97000122070312,337.0,229.07000732421875,328.364990234375,589.4000244140625,72.8499984741211,337.4599914550781,229.2899932861328,328.5799865722656,590.3200073242188,72.94999694824219,115847,57305,32442,53443,56754
2026-07-28 11:00:00-04:00,336.81500244140625,229.28500366210938,329.5450134277344,589.5800170898438,72.81999969482422,337.1099853515625,229.32369995117188,329.5799865722656,589.9400024414062,72.8949966430664,336.6000061035156,229.0800018310547,328.5299987792969,589.2901000976562,72.80000305175781,337.0404968261719,229.1699981689453,328.57000732421875,589.5399780273438,72.86000061035156,89057,53344,56846,57739,133914
2026-07-28 11:01:00-04:00,336.885009765625,229.36000061035156,329.3399963378906,589.47998046875,72.8550033569336,336.9700012207031,229.4499053955078,329.70001220703125,590.1799926757812,72.8584976196289,336.7799987792969,229.25999450683594,329.1000061035156,589.280029296875,72.76499938964844,336.8699951171875,229.32000732421875,329.5799865722656,589.5800170898438,72.80000305175781,66983,81395,50450,23247,93300
2026-07-28 11:02:00-04:00,336.80999755859375,229.23500061035156,329.1499938964844,589.0499877929688,72.94200134277344,336.8900146484375,229.39990234375,329.4100036621094,589.5900268554688,73.01000213623047,336.6400146484375,229.2100067138672,329.1400146484375,588.7999877929688,72.78500366210938,336.8900146484375,229.3699951171875,329.3699951171875,589.5900268554688,72.8511962890625,60982,57820,24480,40125,222041
2026-07-28 11:03:00-04:00,337.57000732421875,229.1750030517578,328.9200134277344,588.0050048828125,72.87999725341797,337.57501220703125,229.25,329.13720703125,589.1591186523438,72.94499969482422,336.6549987792969,229.02999877929688,328.8599853515625,587.780029296875,72.87000274658203,336.79998779296875,229.23500061035156,329.1199951171875,589.1591186523438,72.94499969482422,116943,98524,23205,37996,68877
2026-07-28 11:04:00-04:00,337.7650146484375,228.8300018310547,328.82501220703125,587.0900268554688,72.87000274658203,337.7900085449219,229.2100067138672,329.04998779296875,588.010009765625,72.8949966430664,337.5400085449219,228.8300018310547,328.7900085449219,587.010009765625,72.8499984741211,337.5899963378906,229.1699981689453,328.9049987792969,588.0050048828125,72.87999725341797,74559,124075,18057,58490,69147
2026-07-28 11:05:00-04:00,338.05999755859375,229.11000061035156,329.2349853515625,588.4340209960938,72.87000274658203,338.2300109863281,229.11000061035156,329.2799072265625,588.4340209960938,72.9000015258789,337.73199462890625,228.75010681152344,328.7699890136719,587.0,72.8550033569336,337.7513122558594,228.8350067138672,328.82501220703125,587.0650024414062,72.87989807128906,112731,111359,30285,66191,90984
2026-07-28 11:06:00-04:00,338.010009765625,229.18499755859375,329.760009765625,588.77001953125,72.78630065917969,338.0799865722656,229.24000549316406,329.84991455078125,588.9000244140625,72.87000274658203,337.8399963378906,229.02499389648438,329.19000244140625,587.8599853515625,72.7300033569336,338.0799865722656,229.08999633789062,329.2550048828125,588.2949829101562,72.87000274658203,48930,61688,61880,53521,217705
2026-07-28 11:07:00-04:00,338.260009765625,228.9600067138672,329.42999267578125,588.2210083007812,72.76000213623047,338.3399963378906,229.33999633789062,329.79998779296875,588.7750244140625,72.82499694824219,337.8900146484375,228.9499969482422,329.2767028808594,587.8980102539062,72.73500061035156,338.0199890136719,229.22000122070312,329.760009765625,588.760009765625,72.78500366210938,179172,63055,22700,40591,71832
2026-07-28 11:08:00-04:00,338.2900085449219,228.89500427246094,329.3299865722656,588.4450073242188,72.67500305175781,338.32000732421875,229.0500030517578,329.5,588.6799926757812,72.76000213623047,338.1000061035156,228.75999450683594,329.2699890136719,588.041015625,72.67500305175781,338.260009765625,228.99000549316406,329.45001220703125,588.2650146484375,72.75,66462,115624,31069,14355,70884
2026-07-28 11:09:00-04:00,338.8399963378906,229.10549926757812,329.3299865722656,588.2949829101562,72.73999786376953,338.8800048828125,229.10549926757812,329.3900146484375,588.4450073242188,72.76000213623047,338.25,228.7449951171875,328.95001220703125,587.5784301757812,72.62999725341797,338.2850036621094,228.8800048828125,329.3299865722656,588.4450073242188,72.66999816894531,140000,111723,39801,33545,160951
2026-07-28 11:10:00-04:00,339.2900085449219,229.10000610351562,328.94000244140625,588.9976196289062,72.71499633789062,339.3999938964844,229.43499755859375,329.6499938964844,589.2999877929688,72.7699966430664,338.8299865722656,228.9499969482422,328.8800048828125,588.2949829101562,72.68000030517578,338.8500061035156,229.08999633789062,329.29998779296875,588.2974853515625,72.73999786376953,213942,145481,54455,56607,92548
2026-07-28 11:11:00-04:00,339.3349914550781,229.3000030517578,329.1400146484375,590.219970703125,72.7750015258789,339.4599914550781,229.32000732421875,329.17950439453125,590.3499755859375,72.80000305175781,338.9700012207031,229.0500030517578,328.70001220703125,588.5601196289062,72.70999908447266,339.2749938964844,229.0749969482422,328.91839599609375,588.780029296875,72.7136001586914,154551,94735,29097,26378,62144
2026-07-28 11:12:00-04:00,339.31500244140625,229.64999389648438,329.6300048828125,591.2899780273438,72.76000213623047,339.4800109863281,229.72999572753906,329.760009765625,591.2899780273438,72.82499694824219,339.1600036621094,229.1699981689453,329.04998779296875,589.9000244140625,72.76000213623047,339.3299865722656,229.27999877929688,329.1700134277344,590.2249755859375,72.7750015258789,114387,108591,34348,25209,74995
2026-07-28 11:13:00-04:00,339.3500061035156,229.57009887695312,329.7699890136719,591.0,72.74500274658203,339.4299011230469,229.72999572753906,329.7699890136719,591.2999877929688,72.76000213623047,339.2200012207031,229.5,329.4237060546875,590.4135131835938,72.69000244140625,339.3299865722656,229.6649932861328,329.6600036621094,591.2899780273438,72.76000213623047,61232,64703,36236,22052,68233
2026-07-28 11:14:00-04:00,339.0899963378906,229.75999450683594,330.07000732421875,591.3250122070312,72.76000213623047,339.44000244140625,229.77999877929688,330.20001220703125,591.5999755859375,72.77999877929688,339.0400085449219,229.55999755859375,329.739990234375,590.8800048828125,72.70999908447266,339.35009765625,229.6199951171875,329.7900085449219,591.0,72.73999786376953,95764,114596,66525,21339,62073
2026-07-28 11:15:00-04:00,339.125,229.82000732421875,330.2099914550781,591.780029296875,72.9198989868164,339.239990234375,229.9199981689453,330.29998779296875,592.06201171875,72.92500305175781,338.9599914550781,229.7375946044922,330.0400085449219,591.1599731445312,72.75,339.0899963378906,229.7550048828125,330.0780944824219,591.3200073242188,72.7699966430664,100301,85229,41756,24383,135289
2026-07-28 11:16:00-04:00,339.3399963378906,229.91000366210938,330.8901062011719,593.2528076171875,72.9280014038086,339.4200134277344,230.00999450683594,330.94989013671875,593.3300170898438,72.96499633789062,339.1000061035156,229.80999755859375,330.2200012207031,591.7999877929688,72.91999816894531,339.1400146484375,229.80999755859375,330.2200012207031,591.97998046875,72.91999816894531,59648,101497,57572,26993,65721
2026-07-28 11:17:00-04:00,339.364990234375,230.02499389648438,331.1510925292969,593.3099975585938,73.04499816894531,339.4700012207031,230.02499389648438,331.20001220703125,593.5,73.05999755859375,339.1600036621094,229.80999755859375,330.8399963378906,592.7509765625,72.91999816894531,339.3399963378906,229.94000244140625,330.9100036621094,593.219970703125,72.91999816894531,90232,85950,59459,31543,147266
2026-07-28 11:18:00-04:00,339.5150146484375,230.3000030517578,331.95001220703125,594.114990234375,73.06999969482422,339.5150146484375,230.31500244140625,331.9800109863281,594.2393798828125,73.07520294189453,339.2699890136719,229.9499969482422,331.1499938964844,592.625,72.9801025390625,339.3699951171875,230.00999450683594,331.19500732421875,593.4600219726562,73.04499816894531,176261,116194,77138,28287,123971
2026-07-28 11:19:00-04:00,339.3500061035156,230.44000244140625,331.8999938964844,594.2150268554688,73.08799743652344,339.6687927246094,230.56199645996094,332.1300048828125,594.469970703125,73.12000274658203,339.30999755859375,230.25999450683594,331.8399963378906,593.5700073242188,73.05000305175781,339.5299987792969,230.27999877929688,331.9100036621094,594.114990234375,73.06999969482422,67092,64628,63387,15054,57785
2026-07-28 11:20:00-04:00,339.2900085449219,230.63999938964844,332.489990234375,594.6021118164062,73.16999816894531,339.4800109863281,230.7299041748047,332.6000061035156,594.739990234375,73.16999816894531,339.260009765625,230.375,331.8599853515625,594.0100708007812,73.07499694824219,339.3500061035156,230.42999267578125,331.92999267578125,594.155029296875,73.08999633789062,72727,73888,56507,31564,58731
2026-07-28 11:21:00-04:00,338.95001220703125,230.61000061035156,332.55999755859375,593.9299926757812,73.19000244140625,339.32000732421875,230.67999267578125,332.7366027832031,594.739990234375,73.19499969482422,338.87200927734375,230.34010314941406,332.41839599609375,593.5200805664062,73.13999938964844,339.2850036621094,230.6300048828125,332.42999267578125,594.5399780273438,73.16349792480469,88969,93073,44384,16829,50826
2026-07-28 11:22:00-04:00,338.760986328125,230.5,332.0050048828125,593.3049926757812,73.26499938964844,339.1781921386719,230.68499755859375,332.6000061035156,594.030029296875,73.28140258789062,338.7099914550781,230.42999267578125,331.9949951171875,593.0999755859375,73.19999694824219,338.95001220703125,230.6199951171875,332.5799865722656,593.6900024414062,73.19999694824219,75234,52605,39023,8407,73701
2026-07-28 11:23:00-04:00,338.7500915527344,230.3000030517578,331.92999267578125,592.6400146484375,73.1500015258789,338.8299865722656,230.5449981689453,332.255615234375,593.5399780273438,73.29000091552734,338.6099853515625,230.22999572753906,331.69000244140625,592.1500854492188,73.1500015258789,338.79998779296875,230.50999450683594,332.0,593.2000122070312,73.2699966430664,61260,110340,40473,26111,89237
2026-07-28 11:24:00-04:00,338.80999755859375,230.3000030517578,331.760009765625,592.7000122070312,73.16999816894531,338.9200134277344,230.38999938964844,331.9599914550781,592.8699951171875,73.20999908447266,338.7099914550781,230.2100067138672,331.760009765625,592.3300170898438,73.13500213623047,338.7500915527344,230.3000030517578,331.9100036621094,592.72998046875,73.1500015258789,81451,46431,36173,15482,70022
2026-07-28 11:25:00-04:00,338.8299865722656,230.30499267578125,331.42999267578125,592.4600219726562,73.1050033569336,338.8500061035156,230.3350067138672,331.80999755859375,592.8300170898438,73.15499877929688,338.67999267578125,230.20010375976562,331.29998779296875,592.1099853515625,73.02999877929688,338.80999755859375,230.24000549316406,331.760009765625,592.7000122070312,73.15499877929688,64406,56398,48270,17809,58046
2026-07-28 11:26:00-04:00,339.2850036621094,230.52000427246094,331.9100036621094,593.1199951171875,73.23999786376953,339.3099060058594,230.5399932861328,331.95001220703125,593.2150268554688,73.23999786376953,338.8399963378906,230.3000030517578,331.3999938964844,592.364990234375,73.1050033569336,338.8399963378906,230.3000030517578,331.45001220703125,592.4299926757812,73.1050033569336,65997,75849,29767,16984,53842
2026-07-28 11:27:00-04:00,339.2674865722656,230.30499267578125,332.05999755859375,593.6699829101562,73.2300033569336,339.3699951171875,230.5399932861328,332.0899963378906,593.6799926757812,73.27999877929688,339.1499938964844,230.30499267578125,331.8699951171875,593.0601196289062,73.20999908447266,339.29998779296875,230.5050048828125,332.0,593.1199951171875,73.25,61211,39099,30616,10321,42013
2026-07-28 11:28:00-04:00,339.4599914550781,230.35980224609375,332.1600036621094,594.4000244140625,73.2249984741211,339.4599914550781,230.3699951171875,332.2799987792969,594.4000244140625,73.24500274658203,339.2099914550781,230.22999572753906,331.9801025390625,593.5999755859375,73.20500183105469,339.2799987792969,230.2899932861328,332.05999755859375,593.7750244140625,73.2301025390625,52853,43378,59084,11541,32087
2026-07-28 11:29:00-04:00,339.2699890136719,230.3000030517578,331.94000244140625,593.756591796875,73.20999908447266,339.5,230.44000244140625,332.2699890136719,594.5925903320312,73.24500274658203,339.2699890136719,230.22999572753906,331.8700866699219,593.75,73.16999816894531,339.4599914550781,230.36000061035156,332.1600036621094,594.4099731445312,73.2300033569336,66609,48108,74152,15579,48871
2026-07-28 11:30:00-04:00,339.57501220703125,230.16000366210938,332.13970947265625,594.337890625,73.19499969482422,339.6499938964844,230.3800048828125,332.2799072265625,594.75,73.22000122070312,339.17999267578125,230.14999389648438,331.8599853515625,593.844970703125,73.1500015258789,339.2401123046875,230.2899932861328,331.96990966796875,594.030029296875,73.22000122070312,110929,63030,27314,16120,32570
2026-07-28 11:31:00-04:00,339.30499267578125,230.22500610351562,331.9599914550781,594.3599853515625,73.16999816894531,339.5899963378906,230.27999877929688,332.239990234375,594.530029296875,73.19999694824219,339.2601013183594,230.08999633789062,331.8999938964844,594.1400146484375,73.16000366210938,339.5899963378906,230.1439971923828,332.1600036621094,594.3499755859375,73.19020080566406,69102,85305,31861,14045,25343
2026-07-28 11:32:00-04:00,339.3500061035156,229.99000549316406,332.05499267578125,594.3098754882812,73.1500015258789,339.4287109375,230.2299041748047,332.125,594.469970703125,73.16999816894531,339.2699890136719,229.97000122070312,331.8599853515625,593.7899780273438,73.0999984741211,339.2950134277344,230.2100067138672,331.989990234375,594.3336791992188,73.16000366210938,54829,65896,24007,22281,54440
2026-07-28 11:33:00-04:00,339.239990234375,230.3300018310547,332.16241455078125,593.8900146484375,73.26000213623047,339.3599853515625,230.35499572753906,332.17999267578125,594.3800048828125,73.27999877929688,339.2099914550781,229.94000244140625,331.989990234375,593.8599853515625,73.12999725341797,339.3500061035156,229.99000549316406,332.05499267578125,594.1500244140625,73.1500015258789,495431,93439,14972,33507,40670
2026-07-28 11:34:00-04:00,339.19000244140625,230.26499938964844,332.3399963378906,594.0,73.2699966430664,339.2795104980469,230.3699951171875,332.3999938964844,594.2999267578125,73.27989959716797,339.0,230.19000244140625,332.1300048828125,593.6199951171875,73.23500061035156,339.2699890136719,230.33999633789062,332.17999267578125,593.969970703125,73.26000213623047,144293,72485,38305,8640,36487
2026-07-28 11:35:00-04:00,339.19500732421875,230.5,332.3999938964844,593.9586791992188,73.33100128173828,339.3500061035156,230.52999877929688,332.4649963378906,594.25,73.33989715576172,339.1600036621094,230.25999450683594,332.25,593.8400268554688,73.27999877929688,339.19000244140625,230.27999877929688,332.3599853515625,594.030029296875,73.27999877929688,40073,81220,33716,9789,51127
2026-07-28 11:36:00-04:00,339.4999084472656,230.52999877929688,332.6600036621094,594.0198974609375,73.33499908447266,339.4999084472656,230.6300048828125,332.6600036621094,594.219970703125,73.34850311279297,339.1300048828125,230.48500061035156,332.3699951171875,593.8099975585938,73.31999969482422,339.20001220703125,230.50999450683594,332.3699951171875,593.8400268554688,73.33000183105469,56688,73387,25562,12997,51412
2026-07-28 11:37:00-04:00,339.44000244140625,230.72999572753906,332.7699890136719,594.2000122070312,73.29499816894531,339.54998779296875,230.74000549316406,332.8900146484375,594.5,73.3499984741211,339.3100891113281,230.50999450683594,332.6300048828125,593.6500244140625,73.29499816894531,339.489990234375,230.50999450683594,332.6600036621094,593.8150024414062,73.33499908447266,68895,102699,33694,12228,44994
2026-07-28 11:38:00-04:00,339.2650146484375,230.66839599609375,332.8399963378906,593.9317016601562,73.21499633789062,339.45001220703125,230.72900390625,332.9800109863281,594.35498046875,73.29000091552734,339.239990234375,230.6300048828125,332.7101135253906,593.5700073242188,73.20500183105469,339.44000244140625,230.7100067138672,332.7900085449219,594.35498046875,73.29000091552734,74871,58589,26847,10921,32932
2026-07-28 11:39:00-04:00,339.44000244140625,230.6291046142578,332.7699890136719,593.4600219726562,73.15010070800781,339.4700012207031,230.68499755859375,332.909912109375,593.9849853515625,73.23999786376953,339.25,230.5800018310547,332.739990234375,593.4600219726562,73.1449966430664,339.2799987792969,230.65499877929688,332.8399963378906,593.8499755859375,73.22000122070312,38470,32929,25349,8672,36621
2026-07-28 11:40:00-04:00,339.5199890136719,230.35000610351562,332.9800109863281,593.72998046875,73.12049865722656,339.6300048828125,230.65989685058594,333.010009765625,593.72998046875,73.18000030517578,339.3999938964844,230.30999755859375,332.70001220703125,593.3099975585938,73.08999633789062,339.43499755859375,230.61000061035156,332.70001220703125,593.4000244140625,73.15499877929688,66707,50583,35913,9597,54637
2026-07-28 11:41:00-04:00,339.5899963378906,230.23500061035156,332.7449951171875,593.7949829101562,73.13999938964844,339.7900085449219,230.4499969482422,333.2699890136719,594.5,73.19999694824219,339.5,230.22999572753906,332.7099914550781,593.489990234375,73.11000061035156,339.5115051269531,230.33999633789062,333.0400085449219,593.489990234375,73.125,83702,50848,46911,16845,57959
2026-07-28 11:42:00-04:00,339.875,230.30999755859375,332.79998779296875,593.9099731445312,73.20999908447266,339.8900146484375,230.30999755859375,332.8500061035156,594.239990234375,73.26499938964844,339.5849914550781,230.16000366210938,332.5799865722656,593.8300170898438,73.12999725341797,339.5849914550781,230.22999572753906,332.75,593.8300170898438,73.12999725341797,52866,57261,31032,6139,51025
2026-07-28 11:43:00-04:00,339.67999267578125,230.26060485839844,332.760009765625,593.844970703125,73.11000061035156,339.8949890136719,230.3699951171875,332.9200134277344,594.260009765625,73.20999908447266,339.6199951171875,230.2010040283203,332.75,593.7000122070312,73.11000061035156,339.8887023925781,230.2899932861328,332.79998779296875,594.094970703125,73.20999908447266,67012,59405,24878,20264,42563
2026-07-28 11:44:00-04:00,339.6700134277344,230.3800048828125,332.8800048828125,594.0,73.16000366210938,339.7950134277344,230.39999389648438,332.93499755859375,594.22998046875,73.16999816894531,339.6099853515625,230.27720642089844,332.7200012207031,593.8699951171875,73.11000061035156,339.7300109863281,230.27720642089844,332.79998779296875,593.969970703125,73.11000061035156,47007,43179,31178,11585,46504
2026-07-28 11:45:00-04:00,339.56500244140625,230.3300018310547,332.6400146484375,593.7000122070312,73.12999725341797,339.7149963378906,230.41000366210938,332.9549865722656,594.1400146484375,73.15599822998047,339.5,230.26499938964844,332.635009765625,593.6500244140625,73.12000274658203,339.7099914550781,230.3800048828125,332.95001220703125,594.0050048828125,73.15599822998047,46062,46110,21424,5468,51051
2026-07-28 11:46:00-04:00,339.4100036621094,230.375,332.44000244140625,593.6099853515625,73.05500030517578,339.5899963378906,230.41000366210938,332.6499938964844,593.881103515625,73.13500213623047,339.3900146484375,230.27999877929688,332.42498779296875,593.47998046875,73.05500030517578,339.55999755859375,230.3300018310547,332.6000061035156,593.7899780273438,73.13500213623047,42466,52008,28985,9844,41848
2026-07-28 11:47:00-04:00,339.2699890136719,230.3699951171875,332.6099853515625,593.75,72.97000122070312,339.489990234375,230.42999267578125,332.6600036621094,594.0399780273438,73.05000305175781,339.2650146484375,230.3300018310547,332.17999267578125,593.5599975585938,72.95999908447266,339.4100036621094,230.36000061035156,332.4100036621094,593.6099853515625,73.05000305175781,44163,42490,34291,12022,70323
2026-07-28 11:48:00-04:00,339.3500061035156,230.37860107421875,332.69000244140625,594.3900146484375,72.94499969482422,339.4100036621094,230.42970275878906,332.7099914550781,594.3900146484375,72.9800033569336,339.260009765625,230.3000030517578,332.5799865722656,593.7000122070312,72.93000030517578,339.2749938964844,230.36000061035156,332.6000061035156,593.905029296875,72.97000122070312,47920,50226,22509,7149,61040
2026-07-28 11:49:00-04:00,339.3005065917969,230.6199951171875,332.260009765625,594.239990234375,72.91500091552734,339.489990234375,230.6199951171875,332.75,594.4299926757812,72.94499969482422,339.23980712890625,230.3699951171875,332.18499755859375,593.7122192382812,72.88999938964844,339.3399963378906,230.3800048828125,332.69000244140625,594.2899780273438,72.94000244140625,57140,70595,32079,12497,46375
2026-07-28 11:50:00-04:00,339.2099914550781,230.56500244140625,331.94000244140625,594.1668701171875,72.9000015258789,339.3599853515625,230.67999267578125,332.2900085449219,594.4400024414062,72.91000366210938,339.0299987792969,230.5399932861328,331.9200134277344,593.97998046875,72.85030364990234,339.3299865722656,230.625,332.239990234375,594.4400024414062,72.90019989013672,66024,59830,44913,11840,54470
2026-07-28 11:51:00-04:00,339.5249938964844,231.07000732421875,332.3900146484375,594.989501953125,72.9000015258789,339.54998779296875,231.1300048828125,332.3900146484375,594.989990234375,72.92510223388672,339.1499938964844,230.58999633789062,331.79998779296875,593.9000244140625,72.88500213623047,339.2099914550781,230.58999633789062,331.9100036621094,593.97998046875,72.8949966430664,46727,134005,30634,18578,53495
2026-07-28 11:52:00-04:00,339.70001220703125,231.0500030517578,332.5899963378906,595.2849731445312,73.0199966430664,339.760009765625,231.14999389648438,332.6000061035156,595.5,73.02999877929688,339.510009765625,230.91000366210938,332.3599853515625,594.7828979492188,72.90499877929688,339.5299987792969,231.07879638671875,332.3747863769531,594.8099975585938,72.90499877929688,52767,63289,28204,13896,49903
2026-07-28 11:53:00-04:00,339.5400085449219,231.14500427246094,332.67999267578125,595.1749877929688,72.96499633789062,339.6824951171875,231.19000244140625,332.75,595.5999755859375,73.02259826660156,339.4700012207031,230.9600067138672,332.5199890136719,595.0999755859375,72.94000244140625,339.6700134277344,231.02000427246094,332.5899963378906,595.2899780273438,73.0199966430664,76739,47352,23726,17691,75429
2026-07-28 11:54:00-04:00,339.55999755859375,231.15980529785156,332.8900146484375,595.0750122070312,72.9749984741211,339.57000732421875,231.2899932861328,332.8900146484375,595.2899780273438,72.98500061035156,339.4200134277344,231.07000732421875,332.5899963378906,594.9500122070312,72.95449829101562,339.5199890136719,231.12989807128906,332.67498779296875,595.1649780273438,72.95999908447266,34679,128063,38907,17112,32641
2026-07-28 11:55:00-04:00,339.6300048828125,231.1699981689453,332.635009765625,594.5300903320312,72.9800033569336,339.7601013183594,231.25,332.9700012207031,595.2100219726562,73.0199966430664,339.54998779296875,231.09010314941406,332.635009765625,594.5300903320312,72.9749984741211,339.54998779296875,231.15280151367188,332.885009765625,594.97998046875,72.9749984741211,38988,35479,32157,13057,50837
2026-07-28 11:56:00-04:00,339.7550048828125,231.3000030517578,332.8699951171875,594.60498046875,72.97000122070312,339.82000732421875,231.33999633789062,332.9700012207031,594.75,72.98999786376953,339.6300048828125,231.11000061035156,332.5199890136719,594.22998046875,72.94999694824219,339.6449890136719,231.1750030517578,332.6177062988281,594.75,72.98500061035156,38348,53964,18539,8771,71670
2026-07-28 11:57:00-04:00,339.7699890136719,231.2899932861328,332.989990234375,594.9998779296875,72.94740295410156,339.8689880371094,231.30999755859375,333.0299987792969,595.0,72.98629760742188,339.69000244140625,231.19000244140625,332.79998779296875,594.4332885742188,72.94740295410156,339.760009765625,231.30499267578125,332.89990234375,594.5999755859375,72.96499633789062,61397,37619,21634,7885,32951
2026-07-28 11:58:00-04:00,339.7099914550781,231.25030517578125,332.885009765625,594.784423828125,72.94349670410156,339.7598876953125,231.28990173339844,333.0199890136719,594.969482421875,72.97000122070312,339.6600036621094,231.1699981689453,332.7799987792969,594.6799926757812,72.92500305175781,339.75,231.2301025390625,332.9599914550781,594.8099975585938,72.94000244140625,35988,44557,14972,7789,36143
2026-07-28 11:59:00-04:00,339.6600036621094,231.2449951171875,332.9599914550781,595.4000244140625,72.94499969482422,339.79998779296875,231.389892578125,333.0849914550781,595.4000244140625,72.95999908447266,339.6099853515625,231.22000122070312,332.8500061035156,594.780029296875,72.92500305175781,339.7099914550781,231.26499938964844,332.8800048828125,594.780029296875,72.94509887695312,48430,63502,23518,9048,32802
2026-07-28 12:00:00-04:00,339.5639953613281,231.2100067138672,332.9800109863281,595.468994140625,72.93499755859375,339.6824951171875,231.25999450683594,333.05999755859375,595.6400146484375,72.95500183105469,339.5050048828125,231.060302734375,332.8143005371094,595.0,72.90029907226562,339.6600036621094,231.2449951171875,333.0,595.5499877929688,72.94000244140625,64536,61866,16697,15401,34661
2026-07-28 12:01:00-04:00,339.54998779296875,231.09500122070312,332.7900085449219,595.97998046875,72.94499969482422,339.6000061035156,231.32000732421875,333.0799865722656,596.0499877929688,72.95500183105469,339.4599914550781,231.0800018310547,332.7699890136719,595.3099975585938,72.91000366210938,339.5400085449219,231.2100067138672,332.9750061035156,595.3099975585938,72.94000244140625,43031,87657,27296,52122,40894
2026-07-28 12:02:00-04:00,339.5,230.98500061035156,332.6099853515625,596.27001953125,72.88500213623047,339.56988525390625,231.1300048828125,332.80999755859375,596.3499145507812,72.9520034790039,339.4612121582031,230.9199981689453,332.53009033203125,595.7999877929688,72.8550033569336,339.5450134277344,231.10000610351562,332.79998779296875,596.0,72.9520034790039,47564,132968,39175,35587,78539
2026-07-28 12:03:00-04:00,339.67999267578125,231.27000427246094,332.5400085449219,596.4400024414062,72.8949966430664,339.69000244140625,231.3699951171875,332.7099914550781,596.719970703125,72.91500091552734,339.5050048828125,230.97000122070312,332.49591064453125,596.219970703125,72.88999938964844,339.5050048828125,230.97999572753906,332.6000061035156,596.3300170898438,72.88999938964844,37541,86096,22961,13066,28354
2026-07-28 12:04:00-04:00,339.6600036621094,231.24659729003906,332.4549865722656,596.0399780273438,72.9800033569336,339.75,231.30999755859375,332.62030029296875,596.3699951171875,72.9800033569336,339.5899963378906,231.22000122070312,332.43499755859375,595.9500122070312,72.8949966430664,339.68499755859375,231.25999450683594,332.5799865722656,596.2200927734375,72.8949966430664,54168,27412,17950,10064,59279
2026-07-28 12:05:00-04:00,339.5849914550781,231.09500122070312,332.3999938964844,596.25,72.94999694824219,339.68499755859375,231.24000549316406,332.510009765625,596.3300170898438,72.98999786376953,339.4700012207031,231.02000427246094,332.32000732421875,596.0,72.94000244140625,339.6700134277344,231.24000549316406,332.4103088378906,596.1900024414062,72.9800033569336,32998,39113,26396,13672,28887
2026-07-28 12:06:00-04:00,339.79998779296875,231.27830505371094,332.7300109863281,596.3150024414062,72.98500061035156,339.84991455078125,231.28500366210938,332.7550048828125,596.469970703125,72.98999786376953,339.5899963378906,231.05999755859375,332.3699951171875,596.2000122070312,72.94499969482422,339.5899963378906,231.0800018310547,332.3699951171875,596.27001953125,72.95989990234375,55935,40812,13761,10821,25103
2026-07-28 12:07:00-04:00,339.6499938964844,231.24000549316406,332.6300048828125,596.3300170898438,73.01000213623047,339.8900146484375,231.33099365234375,332.7598876953125,596.3800048828125,73.02999877929688,339.6300048828125,231.1999969482422,332.6199951171875,596.1699829101562,72.98500061035156,339.79998779296875,231.27000427246094,332.7300109863281,596.3800048828125,72.98500061035156,60427,52846,16241,7696,54291
2026-07-28 12:08:00-04:00,339.8599853515625,231.3000030517578,332.739990234375,596.6649780273438,73.05999755859375,339.92999267578125,231.3300018310547,332.8193054199219,596.6649780273438,73.06999969482422,339.5299987792969,231.24000549316406,332.5899963378906,596.2501220703125,73.00499725341797,339.6300048828125,231.24000549316406,332.6300048828125,596.3099975585938,73.00499725341797,72251,34560,44195,10578,82470
2026-07-28 12:09:00-04:00,339.9100036621094,231.30499267578125,332.6499938964844,596.719970703125,73.05999755859375,339.94000244140625,231.30999755859375,332.75,596.9420166015625,73.05999755859375,339.8399963378906,231.1999969482422,332.510009765625,596.5900268554688,73.04000091552734,339.8699951171875,231.30999755859375,332.7300109863281,596.6699829101562,73.05999755859375,43060,46852,29604,24114,46161
2026-07-28 12:10:00-04:00,339.8550109863281,231.2100067138672,332.4849853515625,596.9199829101562,73.08499908447266,339.989990234375,231.34500122070312,332.75,597.1400146484375,73.11000061035156,339.82049560546875,231.2100067138672,332.4599914550781,596.6500244140625,73.05000305175781,339.9200134277344,231.32000732421875,332.6700134277344,596.760009765625,73.06500244140625,65759,38790,21291,24002,92861
2026-07-28 12:11:00-04:00,339.8900146484375,231.22999572753906,332.6000061035156,596.6300048828125,73.08999633789062,339.8900146484375,231.25,332.6000061035156,596.9970092773438,73.11990356445312,339.760009765625,231.15499877929688,332.3999938964844,596.530029296875,73.07499694824219,339.8699951171875,231.19000244140625,332.489990234375,596.8099975585938,73.08509826660156,59201,36216,14538,9667,35484
2026-07-28 12:12:00-04:00,339.7799987792969,231.14010620117188,332.6449890136719,596.5,73.08999633789062,339.8999938964844,231.3000030517578,332.6700134277344,596.739990234375,73.12999725341797,339.7200927734375,231.05999755859375,332.4800109863281,596.27001953125,73.08000183105469,339.8800048828125,231.27000427246094,332.6400146484375,596.72998046875,73.0999984741211,44475,48895,23450,12049,77339
2026-07-28 12:13:00-04:00,339.8299865722656,231.06500244140625,332.5,596.719970703125,73.17500305175781,339.8999938964844,231.2100067138672,332.7200012207031,596.8989868164062,73.18000030517578,339.7650146484375,231.05999755859375,332.4801025390625,596.5499877929688,73.08499908447266,339.7850036621094,231.17999267578125,332.6499938964844,596.5499877929688,73.08999633789062,58640,21607,22995,10416,52436
2026-07-28 12:14:00-04:00,339.82000732421875,231.13999938964844,332.6000061035156,596.8400268554688,73.2699966430664,339.8699951171875,231.17999267578125,332.6600036621094,596.9400024414062,73.2699966430664,339.75,231.0500030517578,332.5,596.5,73.18000030517578,339.8500061035156,231.0800018310547,332.510009765625,596.739990234375,73.18000030517578,39841,27040,18192,12372,100247
2026-07-28 12:15:00-04:00,339.81500244140625,231.3000030517578,332.9849853515625,597.3150024414062,73.25,339.8900146484375,231.3238067626953,333.0,597.3150024414062,73.2699966430664,339.739990234375,231.10009765625,332.60009765625,596.73828125,73.20999908447266,339.8299865722656,231.16000366210938,332.60009765625,596.9500122070312,73.2699966430664,53267,32355,54150,15346,42130
2026-07-28 12:16:00-04:00,339.7900085449219,231.38499450683594,332.8999938964844,596.7100219726562,73.32499694824219,339.8500061035156,231.41000366210938,333.0,597.3843994140625,73.33000183105469,339.7200012207031,231.22999572753906,332.6499938964844,596.5999755859375,73.18499755859375,339.80499267578125,231.30499267578125,333.0,597.35302734375,73.25499725341797,47806,41756,33154,23733,84085
2026-07-28 12:17:00-04:00,339.6650085449219,231.5998992919922,333.34991455078125,597.219970703125,73.26119995117188,339.8599853515625,231.63499450683594,333.3999938964844,597.2208862304688,73.31999969482422,339.6300048828125,231.3800048828125,332.8999938964844,596.760009765625,73.26119995117188,339.80999755859375,231.38499450683594,332.8999938964844,596.780029296875,73.31999969482422,50161,71309,38011,11262,26131
2026-07-28 12:18:00-04:00,339.5841064453125,231.6649932861328,333.2099914550781,597.22998046875,73.25,339.739990234375,231.66650390625,333.6000061035156,597.5,73.27999877929688,339.5199890136719,231.53799438476562,333.2099914550781,597.0800170898438,73.23999786376953,339.6650085449219,231.5800018310547,333.3356018066406,597.1998901367188,73.2699966430664,56437,41462,46806,20575,30930
2026-07-28 12:19:00-04:00,339.7099914550781,231.72999572753906,333.57000732421875,597.6900024414062,73.26000213623047,339.739990234375,231.75999450683594,333.6000061035156,597.8699951171875,73.26000213623047,339.57000732421875,231.6199951171875,333.2099914550781,597.1287231445312,73.2249984741211,339.5799865722656,231.67999267578125,333.2300109863281,597.3499755859375,73.24009704589844,49969,67645,148892,13198,25321
2026-07-28 12:20:00-04:00,339.7799987792969,231.74000549316406,333.4100036621094,597.2899780273438,73.2300033569336,339.8299865722656,231.7899932861328,333.6300048828125,598.0,73.25,339.67498779296875,231.6199951171875,333.3450012207031,597.25,73.20999908447266,339.67999267578125,231.73989868164062,333.57501220703125,597.8699951171875,73.25,48300,57458,17984,19446,28838
2026-07-28 12:21:00-04:00,339.8599853515625,231.61000061035156,333.3599853515625,597.3300170898438,73.23500061035156,339.9100036621094,231.8022003173828,333.3900146484375,597.780029296875,73.26000213623047,339.75,231.61000061035156,333.2799987792969,597.27001953125,73.22000122070312,339.7900085449219,231.72000122070312,333.3507080078125,597.469970703125,73.2300033569336,54334,58714,26575,9810,26095
2026-07-28 12:22:00-04:00,339.82000732421875,231.55909729003906,333.4100036621094,597.469970703125,73.21589660644531,339.93951416015625,231.67999267578125,333.5299987792969,597.8699951171875,73.23500061035156,339.7799987792969,231.55909729003906,333.32000732421875,597.2525024414062,73.19999694824219,339.8429870605469,231.63999938964844,333.3599853515625,597.2628784179688,73.2300033569336,67941,33547,27630,11330,35233
2026-07-28 12:23:00-04:00,339.7850036621094,231.61000061035156,333.29998779296875,596.9099731445312,73.20999908447266,339.8699951171875,231.64999389648438,333.44500732421875,597.489990234375,73.23999786376953,339.7200012207031,231.510498046875,333.17999267578125,596.7899780273438,73.19999694824219,339.8599853515625,231.5500030517578,333.4100036621094,597.364990234375,73.21499633789062,68977,55465,23005,11348,26749
2026-07-28 12:24:00-04:00,339.6650085449219,231.5699005126953,333.25,596.7449951171875,73.19499969482422,339.79998779296875,231.64500427246094,333.3091125488281,596.9190063476562,73.22000122070312,339.510009765625,231.52999877929688,333.04998779296875,596.3699951171875,73.18000030517578,339.7799987792969,231.59500122070312,333.2799987792969,596.8599853515625,73.22000122070312,87115,35505,26267,17689,43352
2026-07-28 12:25:00-04:00,339.82000732421875,231.5821990966797,333.35369873046875,596.9099731445312,73.20899963378906,339.8299865722656,231.61000061035156,333.3800048828125,596.9400024414062,73.20899963378906,339.6300048828125,231.52000427246094,333.1700134277344,596.5549926757812,73.19000244140625,339.66400146484375,231.55999755859375,333.260009765625,596.6799926757812,73.19999694824219,53303,52735,17688,18003,18250
2026-07-28 12:26:00-04:00,339.93499755859375,231.5299072265625,333.1405029296875,596.719970703125,73.19499969482422,339.95001220703125,231.6199951171875,333.35321044921875,596.97998046875,73.2197036743164,339.80999755859375,231.5050048828125,333.1400146484375,596.6884765625,73.18499755859375,339.81500244140625,231.58999633789062,333.30999755859375,596.8699951171875,73.20500183105469,43194,39046,21307,10053,51267
2026-07-28 12:27:00-04:00,339.92999267578125,231.44000244140625,333.19000244140625,596.7449951171875,73.20500183105469,340.1400146484375,231.5800018310547,333.3900146484375,596.9299926757812,73.2249984741211,339.8999938964844,231.4149932861328,333.1499938964844,596.7000122070312,73.19000244140625,339.94000244140625,231.52000427246094,333.1549987792969,596.75390625,73.19999694824219,268759,49260,30775,9570,40960
2026-07-28 12:28:00-04:00,340.0199890136719,231.38999938964844,333.0849914550781,596.7150268554688,73.21499633789062,340.0199890136719,231.5,333.2799987792969,596.89990234375,73.22000122070312,339.8550109863281,231.356201171875,333.07000732421875,596.5938720703125,73.19999694824219,339.9200134277344,231.44500732421875,333.18499755859375,596.8494262695312,73.20500183105469,58761,43670,22825,6052,40407
2026-07-28 12:29:00-04:00,339.80999755859375,231.27999877929688,332.9649963378906,596.364990234375,73.20500183105469,340.0400085449219,231.38999938964844,333.1400146484375,596.6099853515625,73.21499633789062,339.760009765625,231.27000427246094,332.8999938964844,596.25,73.19450378417969,340.010009765625,231.375,333.0899963378906,596.6099853515625,73.20999908447266,46901,27350,24228,11030,49928
2026-07-28 12:30:00-04:00,340.06500244140625,231.42010498046875,332.8800048828125,596.7100219726562,73.34989929199219,340.1099853515625,231.5137939453125,332.9800109863281,596.739990234375,73.34989929199219,339.79010009765625,231.25,332.8284912109375,596.364990234375,73.19999694824219,339.8299865722656,231.28509521484375,332.93499755859375,596.364990234375,73.19999694824219,68062,43448,23666,6483,61236
2026-07-28 12:31:00-04:00,340.10009765625,231.52999877929688,332.75048828125,596.780029296875,73.33000183105469,340.19000244140625,231.57000732421875,332.9798889160156,596.89501953125,73.37000274658203,340.0199890136719,231.4499969482422,332.75,596.5700073242188,73.33000183105469,340.0299987792969,231.4550018310547,332.9100036621094,596.760009765625,73.3499984741211,65192,31433,20062,14734,51341
2026-07-28 12:32:00-04:00,340.4549865722656,231.58999633789062,332.6300048828125,596.6209716796875,73.26499938964844,340.4700012207031,231.64999389648438,332.7550048828125,597.0,73.33000183105469,340.0799865722656,231.50999450683594,332.5899963378906,596.6209716796875,73.26000213623047,340.1099853515625,231.52029418945312,332.7550048828125,596.7150268554688,73.33000183105469,116728,24806,38748,20149,47863
2026-07-28 12:33:00-04:00,340.2304992675781,231.4600067138672,332.6199951171875,596.0999755859375,73.23999786376953,340.57989501953125,231.61000061035156,332.739990234375,596.7100219726562,73.2699966430664,340.2300109863281,231.44259643554688,332.54998779296875,596.0999755859375,73.2300033569336,340.4599914550781,231.61000061035156,332.6700134277344,596.7100219726562,73.26499938964844,110054,21167,36428,21504,28037
2026-07-28 12:34:00-04:00,340.29998779296875,231.33999633789062,332.54998779296875,595.1900024414062,73.19999694824219,340.45001220703125,231.49000549316406,332.6499938964844,596.2335815429688,73.23999786376953,340.20599365234375,231.30999755859375,332.4100036621094,595.1900024414062,73.19000244140625,340.2449951171875,231.44500732421875,332.6199951171875,596.0908813476562,73.23999786376953,37080,35569,19929,32963,29186
2026-07-28 12:35:00-04:00,340.239990234375,231.35000610351562,332.6300048828125,595.469970703125,73.22000122070312,340.4200134277344,231.35000610351562,332.6400146484375,595.469970703125,73.2249984741211,340.239990234375,231.27000427246094,332.5400085449219,595.0999755859375,73.19270324707031,340.31500244140625,231.33999633789062,332.5400085449219,595.1900024414062,73.20500183105469,55699,36039,15573,14492,39264
2026-07-28 12:36:00-04:00,340.010009765625,231.25999450683594,332.6650085449219,595.27001953125,73.19999694824219,340.260009765625,231.38999938964844,332.7300109863281,595.6900024414062,73.23999786376953,339.9700012207031,231.25,332.57000732421875,595.1799926757812,73.19499969482422,340.25,231.3699951171875,332.614990234375,595.4400024414062,73.2249984741211,65865,44951,21749,18341,28699
2026-07-28 12:37:00-04:00,340.0350036621094,231.2899932861328,332.7349853515625,595.0999755859375,73.19000244140625,340.12939453125,231.3000030517578,332.760009765625,595.3400268554688,73.21499633789062,339.9599914550781,231.17999267578125,332.54998779296875,595.0800170898438,73.19000244140625,339.9800109863281,231.24000549316406,332.6650085449219,595.2899780273438,73.19750213623047,40896,52295,26764,8235,28020
2026-07-28 12:38:00-04:00,340.05999755859375,231.33999633789062,333.0400085449219,595.489990234375,73.21769714355469,340.1600036621094,231.35000610351562,333.1400146484375,595.7399291992188,73.2249984741211,340.0199890136719,231.2100067138672,332.760009765625,595.0,73.19010162353516,340.04998779296875,231.27499389648438,332.760009765625,595.369873046875,73.19999694824219,59615,29910,30204,15634,52765
2026-07-28 12:39:00-04:00,340.05010986328125,231.44000244140625,333.1499938964844,595.625,73.23999786376953,340.0899963378906,231.44000244140625,333.20001220703125,595.6900024414062,73.27999877929688,339.9700012207031,231.3300018310547,332.9700012207031,595.3900146484375,73.19000244140625,340.05999755859375,231.3300018310547,332.989990234375,595.5599975585938,73.20999908447266,72372,19883,30002,11782,175659
2026-07-28 12:40:00-04:00,339.94000244140625,231.33999633789062,333.2099914550781,595.510009765625,73.20999908447266,340.1000061035156,231.52000427246094,333.2200012207031,595.739990234375,73.25,339.80999755859375,231.32000732421875,333.135986328125,595.5,73.20999908447266,340.05999755859375,231.5,333.1499938964844,595.625,73.23500061035156,61847,30633,16208,7038,20730
2026-07-28 12:41:00-04:00,339.94000244140625,231.37010192871094,333.2799987792969,595.3800048828125,73.23500061035156,340.010009765625,231.40499877929688,333.2900085449219,595.5900268554688,73.23500061035156,339.8299865722656,231.3300018310547,333.1199951171875,595.280029296875,73.19999694824219,339.92999267578125,231.3300018310547,333.19000244140625,595.4500122070312,73.20999908447266,62663,27372,20877,4728,33266
2026-07-28 12:42:00-04:00,339.7699890136719,231.27000427246094,333.2799987792969,595.1799926757812,73.23500061035156,339.93719482421875,231.42999267578125,333.29998779296875,595.5800170898438,73.26000213623047,339.7200012207031,231.260498046875,333.2200012207031,595.1799926757812,73.22000122070312,339.9200134277344,231.41000366210938,333.2900085449219,595.4896850585938,73.23999786376953,39610,20921,10207,11154,71192
2026-07-28 12:43:00-04:00,339.6650085449219,231.31509399414062,333.2955017089844,595.4600219726562,73.24800109863281,339.760009765625,231.3300018310547,333.3500061035156,595.4600219726562,73.2698974609375,339.6199951171875,231.22999572753906,333.20001220703125,595.2100219726562,73.20999908447266,339.75,231.27000427246094,333.2799987792969,595.3049926757812,73.23500061035156,52244,40765,17935,16148,33567
2026-07-28 12:44:00-04:00,339.4549865722656,231.19000244140625,333.0400085449219,595.0900268554688,73.2699966430664,339.67999267578125,231.39999389648438,333.3699951171875,595.6425170898438,73.29000091552734,339.3900146484375,231.17999267578125,333.0400085449219,595.0900268554688,73.2300033569336,339.67999267578125,231.30999755859375,333.2912902832031,595.4500122070312,73.24040222167969,98978,53884,17010,11824,51057
2026-07-28 12:45:00-04:00,339.2850036621094,231.2100067138672,333.010009765625,595.2899780273438,73.22000122070312,339.54998779296875,231.22000122070312,333.1400146484375,595.2899780273438,73.27999877929688,339.1600036621094,231.0800018310547,332.989990234375,595.0,73.20999908447266,339.4700012207031,231.17999267578125,333.03509521484375,595.0900268554688,73.27999877929688,89489,57471,15664,8931,38109
2026-07-28 12:46:00-04:00,339.07000732421875,231.22999572753906,332.8999938964844,594.2462158203125,73.25499725341797,339.4200134277344,231.42340087890625,333.1400146484375,595.3699951171875,73.27999877929688,338.94000244140625,231.22999572753906,332.8800048828125,594.2000732421875,73.22000122070312,339.2900085449219,231.22999572753906,333.0050048828125,595.1599731445312,73.22000122070312,86788,25844,15614,10701,38335
2026-07-28 12:47:00-04:00,339.2850036621094,231.22500610351562,333.0150146484375,594.364990234375,73.2300033569336,339.2850036621094,231.2949981689453,333.04998779296875,594.5067749023438,73.2750015258789,339.04998779296875,231.2100067138672,332.9599914550781,594.239990234375,73.22010040283203,339.07000732421875,231.25,332.9700012207031,594.2849731445312,73.26499938964844,44037,24608,11535,5890,53236
2026-07-28 12:48:00-04:00,339.1000061035156,231.33999633789062,332.9750061035156,594.239990234375,73.21499633789062,339.3999938964844,231.34500122070312,333.0799865722656,594.3944702148438,73.23989868164062,339.0700988769531,231.23500061035156,332.9200134277344,594.030029296875,73.20500183105469,339.2900085449219,231.24000549316406,333.0150146484375,594.2899780273438,73.22000122070312,58112,31409,13197,5675,33204
2026-07-28 12:49:00-04:00,339.1300048828125,231.3249969482422,333.20001220703125,594.155029296875,73.23500061035156,339.239990234375,231.3697967529297,333.239990234375,594.2349853515625,73.23999786376953,339.1000061035156,231.27999877929688,332.9750061035156,593.780029296875,73.21499633789062,339.1050109863281,231.3300018310547,332.9750061035156,594.2349853515625,73.21499633789062,45633,22962,11584,16449,40042
2026-07-28 12:50:00-04:00,339.41009521484375,231.76499938964844,333.326904296875,594.7849731445312,73.2300033569336,339.4599914550781,231.77000427246094,333.3800048828125,594.9299926757812,73.23999786376953,339.1300048828125,231.32000732421875,333.1700134277344,594.0499877929688,73.21009826660156,339.1499938964844,231.32000732421875,333.17999267578125,594.0700073242188,73.2300033569336,56002,83097,21554,19844,32317
2026-07-28 12:51:00-04:00,339.5150146484375,231.8300018310547,333.4750061035156,594.6849975585938,73.20999908447266,339.6000061035156,231.83999633789062,333.5899963378906,594.7999877929688,73.2300033569336,339.4150085449219,231.7301025390625,333.3695068359375,594.5,73.20010375976562,339.4200134277344,231.76499938964844,333.3699951171875,594.7999877929688,73.2249984741211,71808,32513,21673,19889,24229
2026-07-28 12:52:00-04:00,339.5150146484375,231.8000030517578,333.5813903808594,595.6500244140625,73.23500061035156,339.5350036621094,231.85000610351562,333.6199951171875,595.6832885742188,73.23999786376953,339.3500061035156,231.75999450683594,333.3800048828125,594.6099853515625,73.19999694824219,339.5101013183594,231.80999755859375,333.4700012207031,594.6099853515625,73.20500183105469,49004,38008,31720,6146,26668
2026-07-28 12:53:00-04:00,339.8450012207031,231.7100067138672,333.6199035644531,594.9400024414062,73.20999908447266,339.8500061035156,231.82000732421875,333.79998779296875,595.780029296875,73.23999786376953,339.4700012207031,231.70010375976562,333.57501220703125,594.9400024414062,73.16999816894531,339.489990234375,231.7899932861328,333.5899963378906,595.5875244140625,73.23500061035156,74993,41935,19978,33489,94832
2026-07-28 12:54:00-04:00,339.92999267578125,231.66000366210938,333.5899963378906,595.015625,73.2699966430664,339.9750061035156,231.72999572753906,333.6698913574219,595.1749877929688,73.2699966430664,339.7403869628906,231.61000061035156,333.5050048828125,594.6500244140625,73.20500183105469,339.8450012207031,231.72000122070312,333.5950012207031,594.9299926757812,73.21499633789062,52203,41984,22092,11329,58627
2026-07-28 12:55:00-04:00,339.7850036621094,231.69000244140625,333.7300109863281,595.0349731445312,73.2699966430664,339.9649963378906,231.72999572753906,333.7300109863281,595.1199951171875,73.30000305175781,339.7742004394531,231.6300048828125,333.55999755859375,594.844970703125,73.26000213623047,339.9200134277344,231.66000366210938,333.5899963378906,594.844970703125,73.26000213623047,40742,31021,34658,17779,41120
2026-07-28 12:56:00-04:00,339.75,231.63999938964844,333.7650146484375,594.8328857421875,73.26000213623047,339.80999755859375,231.71499633789062,333.79998779296875,595.1199951171875,73.2750015258789,339.6000061035156,231.61000061035156,333.5849914550781,594.7600708007812,73.23999786376953,339.760009765625,231.67999267578125,333.69000244140625,594.9400024414062,73.2750015258789,56625,30888,22937,17801,30373
2026-07-28 12:57:00-04:00,339.6099853515625,231.59640502929688,333.8399963378906,594.844970703125,73.2699966430664,339.7699890136719,231.63999938964844,333.8500061035156,595.239990234375,73.2699966430664,339.5199890136719,231.55999755859375,333.6400146484375,594.22998046875,73.24500274658203,339.7449951171875,231.63999938964844,333.739990234375,595.030029296875,73.26499938964844,57734,14481,19320,33927,10931
2026-07-28 12:58:00-04:00,339.58880615234375,231.6217041015625,333.7850036621094,594.9000244140625,73.26360321044922,339.6099853515625,231.64999389648438,333.88690185546875,595.0399780273438,73.2699966430664,339.5299987792969,231.58349609375,333.7218933105469,594.7999877929688,73.24500274658203,339.6050109863281,231.61000061035156,333.8299865722656,594.905029296875,73.26499938964844,34636,17409,13254,7924,22188
2026-07-28 12:59:00-04:00,339.7699890136719,231.5800018310547,333.864990234375,594.356201171875,73.33000183105469,339.79998779296875,231.61000061035156,333.8800048828125,595.0358276367188,73.36530303955078,339.5199890136719,231.49000549316406,333.760009765625,594.25,73.26499938964844,339.5849914550781,231.60000610351562,333.80499267578125,594.9450073242188,73.26499938964844,43916,23607,24700,11646,133173
2026-07-28 13:00:00-04:00,339.82501220703125,231.42999267578125,333.8349914550781,593.8499755859375,73.31999969482422,339.8900146484375,231.60499572753906,333.8999938964844,594.4299926757812,73.33999633789062,339.760009765625,231.42999267578125,333.7699890136719,593.8499755859375,73.30010223388672,339.79998779296875,231.5800018310547,333.8900146484375,594.4299926757812,73.33799743652344,39190,26368,15862,14942,48911
2026-07-28 13:01:00-04:00,339.739990234375,231.41000366210938,333.8800048828125,593.8096923828125,73.3301010131836,339.8500061035156,231.50999450683594,333.9200134277344,594.030029296875,73.34500122070312,339.739990234375,231.360107421875,333.7799987792969,593.3800048828125,73.30500030517578,339.8299865722656,231.4199981689453,333.7900085449219,593.8099975585938,73.31999969482422,29128,48297,21719,19162,447140
2026-07-28 13:02:00-04:00,339.6600036621094,231.26499938964844,333.9700012207031,593.760009765625,73.36499786376953,339.7300109863281,231.41000366210938,334.1076965332031,593.8300170898438,73.36499786376953,339.54168701171875,231.22999572753906,333.8900146484375,593.556396484375,73.31999969482422,339.7300109863281,231.41000366210938,333.8900146484375,593.8289184570312,73.34500122070312,37140,40485,42034,8618,34912
2026-07-28 13:03:00-04:00,339.6300048828125,231.39999389648438,333.7900085449219,593.0,73.375,339.70001220703125,231.4499969482422,334.04998779296875,593.85498046875,73.4000015258789,339.55999755859375,231.1999969482422,333.7699890136719,592.9099731445312,73.3499984741211,339.6700134277344,231.27000427246094,334.0,593.7999877929688,73.36499786376953,26342,75808,46174,43742,54091
2026-07-28 13:04:00-04:00,339.6700134277344,231.77000427246094,333.739990234375,593.1300048828125,73.40499877929688,339.6700134277344,231.77000427246094,333.8800048828125,593.2449951171875,73.40499877929688,339.5199890136719,231.39999389648438,333.6199951171875,592.9099731445312,73.37000274658203,339.6241149902344,231.41000366210938,333.7900085449219,593.0399780273438,73.37000274658203,43969,63843,24668,22927,44664
2026-07-28 13:05:00-04:00,339.6499938964844,231.88499450683594,333.760009765625,593.25,73.42449951171875,339.82000732421875,231.9499969482422,333.82000732421875,593.4500122070312,73.4365005493164,339.6199951171875,231.75999450683594,333.67010498046875,593.0,73.3949966430664,339.66009521484375,231.77999877929688,333.7200012207031,593.1300048828125,73.4000015258789,47061,88391,17649,25165,32966
2026-07-28 13:06:00-04:00,339.5799865722656,231.94920349121094,333.760009765625,593.02001953125,73.375,339.659912109375,231.99000549316406,333.8399963378906,593.3599853515625,73.44000244140625,339.45001220703125,231.80999755859375,333.5799865722656,592.77001953125,73.36009979248047,339.6300048828125,231.89999389648438,333.739990234375,593.2277221679688,73.42990112304688,52203,87388,27635,11899,47519
2026-07-28 13:07:00-04:00,339.389892578125,231.92999267578125,333.59991455078125,592.97998046875,73.4000015258789,339.5849914550781,232.0399932861328,333.760009765625,593.0250244140625,73.41999816894531,339.364990234375,231.8800048828125,333.5299987792969,592.7949829101562,73.36499786376953,339.5450134277344,231.9600067138672,333.760009765625,592.9500122070312,73.37010192871094,54751,95291,34626,7955,56169
2026-07-28 13:08:00-04:00,339.385009765625,231.75999450683594,333.4049987792969,593.1099853515625,73.375,339.42999267578125,231.9499969482422,333.67999267578125,593.260009765625,73.4000015258789,339.340087890625,231.74009704589844,333.3800048828125,592.9000244140625,73.37000274658203,339.3800048828125,231.9199981689453,333.5799865722656,593.0800170898438,73.38999938964844,45098,49046,115180,10083,42185
2026-07-28 13:09:00-04:00,339.3800048828125,231.77000427246094,333.17999267578125,592.5999755859375,73.375,339.409912109375,231.77999877929688,333.42999267578125,592.969970703125,73.38999938964844,339.25201416015625,231.70469665527344,333.1700134277344,592.510009765625,73.36009979248047,339.3900146484375,231.75,333.3699951171875,592.9500122070312,73.37000274658203,53169,44667,21139,6990,30960
2026-07-28 13:10:00-04:00,339.29998779296875,231.80999755859375,333.2900085449219,592.5,73.37000274658203,339.3999938964844,231.82000732421875,333.29998779296875,592.510009765625,73.37999725341797,339.2699890136719,231.61050415039062,333.04998779296875,592.239990234375,73.3499984741211,339.3699951171875,231.72999572753906,333.19000244140625,592.5,73.37000274658203,44466,47469,32673,19535,33317
2026-07-28 13:11:00-04:00,339.25,231.8800048828125,333.6000061035156,592.7449951171875,73.4000015258789,339.3598937988281,231.92999267578125,333.6300048828125,592.7598266601562,73.4000015258789,339.17999267578125,231.80499267578125,333.30999755859375,592.4450073242188,73.36000061035156,339.2799987792969,231.80499267578125,333.30999755859375,592.4450073242188,73.36000061035156,57861,44919,16629,307656,30426
2026-07-28 13:12:00-04:00,339.2049865722656,231.88999938964844,333.625,592.9735107421875,73.38500213623047,339.30499267578125,231.97000122070312,333.69000244140625,593.0999755859375,73.40499877929688,339.17999267578125,231.8699951171875,333.56048583984375,592.864990234375,73.37999725341797,339.2699890136719,231.89500427246094,333.6000061035156,592.8665161132812,73.38999938964844,33984,38882,21622,9377,23532
2026-07-28 13:13:00-04:00,339.1000061035156,231.85000610351562,333.57000732421875,592.7999877929688,73.3843994140625,339.239990234375,231.88999938964844,333.635009765625,593.0349731445312,73.41000366210938,339.05010986328125,231.8209991455078,333.4700012207031,592.7000122070312,73.37999725341797,339.2099914550781,231.8800048828125,333.625,593.0349731445312,73.38999938964844,50679,29934,19332,5531,31296
2026-07-28 13:14:00-04:00,339.1000061035156,231.9600067138672,333.6600036621094,592.9349975585938,73.34500122070312,339.1299133300781,231.9600067138672,333.6600036621094,593.010009765625,73.38510131835938,339.0199890136719,231.82000732421875,333.510009765625,592.7999877929688,73.33000183105469,339.1000061035156,231.8699951171875,333.56500244140625,592.8800048828125,73.38500213623047,35141,52723,22183,9860,41807
2026-07-28 13:15:00-04:00,339.0899963378906,231.89999389648438,333.8299865722656,593.7100219726562,73.3550033569336,339.1700134277344,232.0500030517578,333.8799133300781,593.7100219726562,73.37740325927734,339.04998779296875,231.87010192871094,333.6499938964844,592.8900146484375,73.34500122070312,339.07000732421875,231.9499969482422,333.65948486328125,592.9500122070312,73.36000061035156,63430,78282,22621,22936,32881
2026-07-28 13:16:00-04:00,339.0950012207031,231.86000061035156,333.7900085449219,593.510009765625,73.38500213623047,339.1300048828125,231.94000244140625,333.8450012207031,593.8200073242188,73.38999938964844,339.0199890136719,231.8549041748047,333.7099914550781,593.5,73.3499984741211,339.1000061035156,231.9199981689453,333.8299865722656,593.7100219726562,73.3550033569336,38551,27548,41045,4052,13729
2026-07-28 13:17:00-04:00,339.05010986328125,231.7449951171875,333.6499938964844,593.260009765625,73.36499786376953,339.1199951171875,231.8800048828125,333.8299865722656,593.9349975585938,73.38719940185547,339.04998779296875,231.72000122070312,333.6300048828125,593.219970703125,73.36000061035156,339.11590576171875,231.83999633789062,333.7900085449219,593.75,73.38500213623047,21160,43217,21116,14787,26053
2026-07-28 13:18:00-04:00,339.07000732421875,231.77000427246094,333.7349853515625,593.1950073242188,73.375,339.0899963378906,231.8000030517578,333.80999755859375,593.4899291992188,73.37789916992188,338.9800109863281,231.7100067138672,333.6499938964844,593.0999755859375,73.36499786376953,339.05389404296875,231.72999572753906,333.6499938964844,593.3099975585938,73.36990356445312,37871,21222,16954,5634,17069
2026-07-28 13:19:00-04:00,339.04998779296875,231.63999938964844,334.06060791015625,592.8900146484375,73.3550033569336,339.1300048828125,231.8300018310547,334.06060791015625,593.239990234375,73.38999938964844,338.93011474609375,231.63999938964844,333.70001220703125,592.8200073242188,73.3550033569336,339.05999755859375,231.75999450683594,333.7099914550781,593.1199951171875,73.375,58623,39130,28408,12643,41541
2026-07-28 13:20:00-04:00,339.4100036621094,231.85000610351562,334.1449890136719,593.7750244140625,73.375,339.4700012207031,231.88999938964844,334.17999267578125,593.780029296875,73.38999938964844,339.04071044921875,231.5500030517578,333.8999938964844,592.7899780273438,73.3499984741211,339.04998779296875,231.6300048828125,334.07000732421875,592.8499755859375,73.3499984741211,84670,78920,50103,20618,68728
2026-07-28 13:21:00-04:00,339.1549987792969,231.7550048828125,334.1499938964844,593.3699951171875,73.34010314941406,339.5,231.97000122070312,334.33990478515625,594.1806030273438,73.41000366210938,339.1549987792969,231.7550048828125,334.1000061035156,593.3699951171875,73.34010314941406,339.4100036621094,231.85000610351562,334.1300048828125,593.77001953125,73.37999725341797,48478,34291,53207,12530,56446
2026-07-28 13:22:00-04:00,339.01129150390625,231.97000122070312,333.9849853515625,593.1500244140625,73.27999877929688,339.22698974609375,231.97500610351562,334.1650085449219,593.4650268554688,73.34500122070312,338.96099853515625,231.6699981689453,333.9100036621094,592.989990234375,73.2699966430664,339.19000244140625,231.7550048828125,334.1650085449219,593.3099975585938,73.34500122070312,31938,41351,18920,3802,42692
2026-07-28 13:23:00-04:00,339.1600036621094,232.21090698242188,334.0849914550781,593.4650268554688,73.29499816894531,339.1900939941406,232.27999877929688,334.1400146484375,593.5590209960938,73.31500244140625,338.9599914550781,231.96499633789062,333.9849853515625,593.22998046875,73.26000213623047,339.010009765625,231.97000122070312,333.9849853515625,593.3200073242188,73.27999877929688,31918,77761,12229,7858,41978
2026-07-28 13:24:00-04:00,339.1856994628906,232.10000610351562,334.1449890136719,593.4099731445312,73.2750015258789,339.260009765625,232.2899932861328,334.2149963378906,593.780029296875,73.30999755859375,339.1700134277344,232.0800018310547,334.0849914550781,593.4099731445312,73.2699966430664,339.19000244140625,232.2100067138672,334.0849914550781,593.5399780273438,73.29499816894531,31192,61441,17603,7222,16067
2026-07-28 13:25:00-04:00,339.09991455078125,231.97000122070312,334.1400146484375,593.4949951171875,73.27999877929688,339.2355041503906,232.09500122070312,334.17999267578125,593.530029296875,73.29000091552734,339.0400085449219,231.9600067138672,333.92999267578125,593.155029296875,73.26000213623047,339.2099914550781,232.09010314941406,334.1449890136719,593.4849853515625,73.2750015258789,37849,34499,17699,24865,31752
2026-07-28 13:26:00-04:00,338.9700012207031,232.1750030517578,334.2300109863281,593.530029296875,73.26499938964844,339.1369934082031,232.1999969482422,334.260009765625,593.7098999023438,73.29000091552734,338.94500732421875,231.97999572753906,334.0450134277344,593.4255981445312,73.26000213623047,339.09991455078125,231.97999572753906,334.1300048828125,593.4949951171875,73.2699966430664,26403,31290,23915,7272,21962
2026-07-28 13:27:00-04:00,339.010009765625,232.32009887695312,334.32501220703125,593.719970703125,73.2750015258789,339.1099853515625,232.3800048828125,334.3832092285156,594.6849975585938,73.28900146484375,338.9508972167969,232.22000122070312,334.05999755859375,593.5499877929688,73.26499938964844,338.9750061035156,232.22000122070312,334.2900085449219,593.6799926757812,73.26499938964844,31935,45200,22297,30192,26661
2026-07-28 13:28:00-04:00,338.9599914550781,232.21499633789062,334.44000244140625,593.6900024414062,73.26499938964844,339.0899963378906,232.3249969482422,334.5899963378906,594.02001953125,73.29499816894531,338.9599914550781,232.2100067138672,334.29998779296875,593.6699829101562,73.26499938964844,339.010009765625,232.3249969482422,334.3399963378906,593.7999877929688,73.2699966430664,20738,29784,22749,7572,24053
2026-07-28 13:29:00-04:00,339.0299987792969,232.02999877929688,334.3800048828125,593.5499877929688,73.26499938964844,339.1000061035156,232.24000549316406,334.5899963378906,593.969970703125,73.27999877929688,338.9700012207031,232.02999877929688,334.3500061035156,593.5499877929688,73.26499938964844,338.9700012207031,232.19000244140625,334.4049987792969,593.7899780273438,73.2699966430664,23042,44902,24469,4545,16633
2026-07-28 13:30:00-04:00,339.0400085449219,231.97999572753906,334.55499267578125,593.6599731445312,73.30999755859375,339.0899963378906,232.0800018310547,334.6000061035156,593.6599731445312,73.30999755859375,339.010009765625,231.9499969482422,334.32501220703125,593.4400024414062,73.24500274658203,339.0400085449219,232.0399932861328,334.3450012207031,593.5,73.26499938964844,27304,44464,17093,2890,81321
2026-07-28 13:31:00-04:00,339.0299987792969,232.0500030517578,334.8799133300781,594.0,73.30999755859375,339.1099853515625,232.0800018310547,334.94000244140625,594.0499877929688,73.31749725341797,339.0199890136719,231.9199981689453,334.55499267578125,593.655029296875,73.29499816894531,339.0400085449219,231.9600067138672,334.55499267578125,593.6599731445312,73.30989837646484,21622,58538,50112,8682,61576
2026-07-28 13:32:00-04:00,339.0400085449219,231.88999938964844,334.72760009765625,593.3400268554688,73.29499816894531,339.08990478515625,232.07440185546875,334.94989013671875,593.9600219726562,73.30999755859375,339.0,231.8800048828125,334.55999755859375,593.3400268554688,73.26000213623047,339.0400085449219,232.05999755859375,334.8800048828125,593.9149780273438,73.30500030517578,50640,60155,28435,5468,256326
2026-07-28 13:33:00-04:00,339.1099853515625,231.93499755859375,334.909912109375,594.1199951171875,73.34590148925781,339.2799987792969,232.02000427246094,334.95001220703125,594.2100219726562,73.34590148925781,339.0101013183594,231.8800048828125,334.67999267578125,593.5430297851562,73.2979965209961,339.04998779296875,231.90499877929688,334.70001220703125,593.5430297851562,73.2979965209961,50613,87830,29174,17614,57560
2026-07-28 13:34:00-04:00,339.1400146484375,231.86000061035156,335.07000732421875,594.3200073242188,73.31500244140625,339.1899108886719,232.00999450683594,335.1882019042969,594.5700073242188,73.3550033569336,339.04998779296875,231.85499572753906,334.8949890136719,594.02001953125,73.30000305175781,339.1199951171875,231.9199981689453,334.8949890136719,594.1699829101562,73.34500122070312,42117,43424,74764,57980,28813
2026-07-28 13:35:00-04:00,339.1400146484375,231.85000610351562,334.8299865722656,594.219970703125,73.31649780273438,339.2300109863281,232.0,335.1549987792969,594.8800048828125,73.33499908447266,339.0899963378906,231.75,334.80010986328125,594.1300048828125,73.30000305175781,339.135009765625,231.8699951171875,335.0906982421875,594.3499755859375,73.31999969482422,46284,51233,15861,8769,25805
2026-07-28 13:36:00-04:00,339.1600036621094,231.97999572753906,335.0299987792969,594.2000122070312,73.32869720458984,339.19000244140625,232.13999938964844,335.1050109863281,594.4598999023438,73.36000061035156,339.0799865722656,231.83999633789062,334.8299865722656,594.1199951171875,73.31500244140625,339.1400146484375,231.83999633789062,334.8299865722656,594.2550048828125,73.31500244140625,31263,62852,18374,3760,27928
2026-07-28 13:37:00-04:00,339.20001220703125,231.92999267578125,335.07000732421875,594.0900268554688,73.33499908447266,339.2099914550781,232.0500030517578,335.125,594.3800048828125,73.34989929199219,339.0989990234375,231.87010192871094,335.0,594.0100708007812,73.31500244140625,339.1700134277344,231.9499969482422,335.0,594.3250122070312,73.32990264892578,29774,27690,41599,9583,26377
2026-07-28 13:38:00-04:00,339.30499267578125,231.9149932861328,334.92999267578125,594.4099731445312,73.33499908447266,339.3299865722656,231.94500732421875,335.0899963378906,594.4600219726562,73.33999633789062,339.1700134277344,231.7899932861328,334.8399963378906,594.0900268554688,73.30500030517578,339.19500732421875,231.8800048828125,335.07000732421875,594.0900268554688,73.33000183105469,47106,60173,20833,9845,64753
2026-07-28 13:39:00-04:00,339.3703918457031,231.8800048828125,334.8500061035156,594.3150024414062,73.30740356445312,339.42498779296875,231.9600067138672,334.94000244140625,594.489990234375,73.34989929199219,339.29998779296875,231.82000732421875,334.7799987792969,594.239990234375,73.29000091552734,339.32000732421875,231.9199981689453,334.9200134277344,594.4450073242188,73.33719635009766,41868,28956,18394,4906,34404
2026-07-28 13:40:00-04:00,339.5199890136719,231.70399475097656,334.9150085449219,594.6699829101562,73.33000183105469,339.56988525390625,231.97000122070312,334.9800109863281,594.7999877929688,73.33499908447266,339.3700866699219,231.64999389648438,334.7799987792969,594.27001953125,73.30999755859375,339.3800048828125,231.86000061035156,334.80999755859375,594.3250122070312,73.30999755859375,64055,83986,27712,13071,40210
2026-07-28 13:41:00-04:00,339.74810791015625,231.52000427246094,334.92999267578125,594.4600219726562,73.38999938964844,339.7799987792969,231.71499633789062,335.125,595.0,73.4000015258789,339.510009765625,231.44000244140625,334.8500061035156,594.4000244140625,73.31999969482422,339.510009765625,231.6699981689453,334.92999267578125,594.780029296875,73.31999969482422,69010,79923,33280,23156,92789
2026-07-28 13:42:00-04:00,339.6000061035156,231.4250030517578,334.7850036621094,594.3499755859375,73.3499984741211,339.7550048828125,231.49000549316406,334.989990234375,594.5800170898438,73.4000015258789,339.55999755859375,231.38999938964844,334.7699890136719,594.2100219726562,73.33999633789062,339.7550048828125,231.49000549316406,334.8999938964844,594.5449829101562,73.3949966430664,66654,28314,28663,7659,35592
2026-07-28 13:43:00-04:00,339.5400085449219,231.22999572753906,334.42999267578125,593.5750122070312,73.29499816894531,339.78009033203125,231.42689514160156,334.7850036621094,594.35498046875,73.35169982910156,339.5299987792969,231.19000244140625,334.35040283203125,593.530029296875,73.29499816894531,339.6000061035156,231.42689514160156,334.7850036621094,594.2581176757812,73.35169982910156,63444,56982,43151,12197,26750
2026-07-28 13:44:00-04:00,339.5199890136719,231.15499877929688,334.1600036621094,593.7000122070312,73.32499694824219,339.5899963378906,231.27999877929688,334.42498779296875,593.7100219726562,73.33499908447266,339.3999938964844,231.13099670410156,334.05999755859375,593.4500732421875,73.29019927978516,339.54998779296875,231.2100067138672,334.4100036621094,593.5535888671875,73.29759979248047,48380,29291,37699,5020,28306
2026-07-28 13:45:00-04:00,339.54998779296875,231.21499633789062,334.0299987792969,593.8800048828125,73.33499908447266,339.6499938964844,231.25,334.19000244140625,593.989990234375,73.3550033569336,339.4599914550781,231.14999389648438,334.0000915527344,593.6500244140625,73.31999969482422,339.489990234375,231.1699981689453,334.05999755859375,593.6500244140625,73.32499694824219,35246,30161,32528,7835,35906
2026-07-28 13:46:00-04:00,339.6499938964844,231.22999572753906,334.1000061035156,593.27001953125,73.34500122070312,339.6700134277344,231.3199005126953,334.1000061035156,593.8599853515625,73.3499984741211,339.5,231.17999267578125,333.9200134277344,593.0601196289062,73.30999755859375,339.55999755859375,231.1999969482422,333.94000244140625,593.75,73.33499908447266,44748,40893,25578,14547,23725
2026-07-28 13:47:00-04:00,339.69000244140625,231.14500427246094,334.3299865722656,593.294189453125,73.32499694824219,339.7499084472656,231.2899932861328,334.3299865722656,593.7799072265625,73.34500122070312,339.6199951171875,231.11000061035156,334.07000732421875,593.294189453125,73.30999755859375,339.6600036621094,231.23500061035156,334.0899963378906,593.4500122070312,73.33999633789062,54032,24882,23307,5049,32795
2026-07-28 13:48:00-04:00,339.95098876953125,231.3699951171875,334.760009765625,593.8150024414062,73.30999755859375,340.0198974609375,231.44000244140625,334.7799987792969,594.0800170898438,73.33999633789062,339.68011474609375,231.08009338378906,334.2850036621094,593.5850219726562,73.30999755859375,339.69000244140625,231.16000366210938,334.2850036621094,593.5850219726562,73.32499694824219,110084,80021,50787,23599,41378
2026-07-28 13:49:00-04:00,339.8800048828125,231.2899932861328,334.95001220703125,593.7349853515625,73.31999969482422,340.010009765625,231.36000061035156,334.95001220703125,593.97998046875,73.33000183105469,339.8299865722656,231.27000427246094,334.6300048828125,593.510009765625,73.29499816894531,339.94000244140625,231.36000061035156,334.67999267578125,593.97998046875,73.30999755859375,64791,27753,27598,8332,30276
2026-07-28 13:50:00-04:00,339.69000244140625,231.25999450683594,334.83990478515625,593.27001953125,73.30989837646484,339.8900146484375,231.33999633789062,335.0,593.9099731445312,73.33999633789062,339.6600036621094,231.2449951171875,334.7799987792969,593.27001953125,73.30449676513672,339.8800048828125,231.2949981689453,334.9599914550781,593.9099731445312,73.32250213623047,56086,41460,33267,9090,26036
2026-07-28 13:51:00-04:00,339.760009765625,231.25999450683594,334.8450012207031,593.2050170898438,73.29499816894531,339.760009765625,231.27999877929688,334.92999267578125,593.4299926757812,73.31500244140625,339.6159973144531,231.2122039794922,334.7749938964844,593.1500244140625,73.29029846191406,339.70001220703125,231.25999450683594,334.82000732421875,593.27001953125,73.31500244140625,33228,20519,14692,5881,20911
2026-07-28 13:52:00-04:00,339.78009033203125,231.24000549316406,334.6099853515625,592.7899780273438,73.31500244140625,339.9200134277344,231.31820678710938,334.8999938964844,593.344970703125,73.32990264892578,339.760009765625,231.24000549316406,334.6099853515625,592.52001953125,73.29499816894531,339.7699890136719,231.25999450683594,334.82000732421875,593.2050170898438,73.29499816894531,41306,35305,18233,13109,22706
2026-07-28 13:53:00-04:00,339.82000732421875,231.24000549316406,334.5849914550781,592.5,73.28500366210938,339.8500061035156,231.27000427246094,334.6499938964844,592.8900146484375,73.31990051269531,339.7200012207031,231.22000122070312,334.497802734375,592.5,73.27999877929688,339.7829895019531,231.2550048828125,334.6499938964844,592.6500244140625,73.30999755859375,42879,26159,13664,8621,39751
2026-07-28 13:54:00-04:00,339.7900085449219,231.25999450683594,334.489990234375,593.0050048828125,73.30500030517578,339.8900146484375,231.3800048828125,334.6700134277344,593.030029296875,73.30989837646484,339.7650146484375,231.24000549316406,334.42010498046875,592.5,73.28500366210938,339.82000732421875,231.24000549316406,334.5899963378906,592.5,73.29000091552734,61452,35333,19883,25280,52088
2026-07-28 13:55:00-04:00,339.7300109863281,231.2100067138672,334.6099853515625,593.0999755859375,73.29499816894531,339.8999938964844,231.27999877929688,334.6499938964844,593.2100219726562,73.32499694824219,339.70001220703125,231.1699981689453,334.4849853515625,592.9500122070312,73.29000091552734,339.7900085449219,231.25010681152344,334.489990234375,593.0050048828125,73.30999755859375,36173,28175,27803,39644,48333
2026-07-28 13:56:00-04:00,339.79998779296875,231.4499969482422,334.7650146484375,593.4550170898438,73.32749938964844,339.82501220703125,231.4499969482422,334.82000732421875,593.469970703125,73.3280029296875,339.69000244140625,231.1905059814453,334.5899963378906,592.9909057617188,73.29499816894531,339.739990234375,231.2100067138672,334.5950012207031,593.1649780273438,73.29499816894531,30238,34976,19039,7095,29688
2026-07-28 13:57:00-04:00,339.6000061035156,231.50599670410156,334.7850036621094,593.7100219726562,73.31500244140625,339.8500061035156,231.5500030517578,334.8900146484375,593.7249755859375,73.31999969482422,339.5950012207031,231.41000366210938,334.75,593.2899780273438,73.29100036621094,339.7699890136719,231.41000366210938,334.7650146484375,593.489990234375,73.31500244140625,61877,27484,17011,6856,22865
2026-07-28 13:58:00-04:00,339.67999267578125,231.57000732421875,334.8699951171875,593.5025024414062,73.31500244140625,339.67999267578125,231.57000732421875,334.8999938964844,593.73681640625,73.31999969482422,339.5008850097656,231.47000122070312,334.7200012207031,593.280029296875,73.30500030517578,339.6000061035156,231.52000427246094,334.81500244140625,593.6849975585938,73.31500244140625,79130,38831,14611,6002,19702
2026-07-28 13:59:00-04:00,339.7449951171875,231.60000610351562,335.0950012207031,594.4450073242188,73.31500244140625,339.7799987792969,231.63499450683594,335.135986328125,594.7000122070312,73.32499694824219,339.6549987792969,231.5749969482422,334.8800048828125,593.5050048828125,73.30999755859375,339.69000244140625,231.63499450683594,334.8800048828125,593.5050048828125,73.31500244140625,32385,23528,29025,24325,37267
2026-07-28 14:00:00-04:00,339.7650146484375,231.5592041015625,334.739990234375,594.864990234375,73.30000305175781,339.8399963378906,231.6199951171875,335.1000061035156,595.0,73.31999969482422,339.70001220703125,231.42999267578125,334.739990234375,594.2999877929688,73.29499816894531,339.7449951171875,231.5800018310547,335.1000061035156,594.4500122070312,73.31199645996094,358273,46170,21173,9689,1385587
2026-07-28 14:01:00-04:00,339.7250061035156,231.3300018310547,334.55499267578125,593.8300170898438,73.2228012084961,339.7749938964844,231.57000732421875,334.760009765625,594.9000244140625,73.30500030517578,339.67999267578125,231.3249969482422,334.45001220703125,593.8300170898438,73.20999908447266,339.7650146484375,231.57000732421875,334.7449951171875,594.9000244140625,73.29499816894531,34196,48861,16782,8012,135120
2026-07-28 14:02:00-04:00,339.54998779296875,231.22999572753906,334.57000732421875,593.3599853515625,73.09989929199219,339.739990234375,231.38999938964844,334.6199951171875,593.9500122070312,73.21499633789062,339.510009765625,231.17999267578125,334.44000244140625,593.3499755859375,73.08000183105469,339.7099914550781,231.32000732421875,334.5299987792969,593.9349975585938,73.20999908447266,42618,49695,17762,7306,43694
2026-07-28 14:03:00-04:00,339.6000061035156,231.1999969482422,334.4800109863281,593.52001953125,73.12000274658203,339.6400146484375,231.33999633789062,334.6300048828125,593.75,73.1449966430664,339.5450134277344,231.1999969482422,334.4800109863281,593.3499755859375,73.08999633789062,339.55999755859375,231.27259826660156,334.5899963378906,593.4149780273438,73.0999984741211,56507,28164,30934,8144,29961
2026-07-28 14:04:00-04:00,339.6600036621094,231.2899932861328,334.6300048828125,593.62841796875,73.1050033569336,339.6700134277344,231.2899932861328,334.739990234375,593.8150024414062,73.12999725341797,339.55499267578125,231.19500732421875,334.4700927734375,593.4099731445312,73.0999984741211,339.6000061035156,231.22950744628906,334.4700927734375,593.510986328125,73.11000061035156,39977,29033,16631,8110,31423
2026-07-28 14:05:00-04:00,339.6700134277344,231.21499633789062,334.0799865722656,593.4000244140625,73.07499694824219,339.69000244140625,231.25999450683594,334.6400146484375,593.7899780273438,73.125,339.5899963378906,231.1199951171875,334.0799865722656,593.1849975585938,73.06999969482422,339.6400146484375,231.25,334.6217956542969,593.625,73.1050033569336,29456,20703,49518,6015,43266
2026-07-28 14:06:00-04:00,339.510009765625,231.10009765625,333.85009765625,593.3200073242188,73.05500030517578,339.67999267578125,231.25,334.1029968261719,593.47998046875,73.08499908447266,339.4801025390625,231.10009765625,333.8500061035156,593.1199951171875,73.05500030517578,339.67999267578125,231.2100067138672,334.05999755859375,593.4000244140625,73.07499694824219,65368,25858,14980,6540,26884
2026-07-28 14:07:00-04:00,339.54998779296875,231.143798828125,333.9649963378906,593.53369140625,73.07499694824219,339.57501220703125,231.1999969482422,333.989990234375,593.5800170898438,73.08499908447266,339.489990234375,231.11500549316406,333.760009765625,593.2000122070312,73.05000305175781,339.5400085449219,231.11500549316406,333.92999267578125,593.2000122070312,73.05999755859375,28161,23645,25261,4990,30281
2026-07-28 14:08:00-04:00,339.6099853515625,231.10000610351562,333.92999267578125,593.5599975585938,73.02999877929688,339.6600036621094,231.1999969482422,334.0,593.8499755859375,73.11000061035156,339.55999755859375,231.05999755859375,333.8399963378906,593.5599975585938,73.02999877929688,339.5801086425781,231.16000366210938,334.0,593.6099853515625,73.07499694824219,48042,45672,22952,9249,53750
2026-07-28 14:09:00-04:00,339.625,231.2689971923828,334.0299987792969,593.7000122070312,72.99500274658203,339.6499938964844,231.2689971923828,334.1199951171875,594.010009765625,73.03500366210938,339.5199890136719,231.10000610351562,333.8999938964844,593.4500122070312,72.96499633789062,339.614990234375,231.10000610351562,333.92498779296875,593.4500122070312,73.03500366210938,43937,34139,18318,11791,48682
2026-07-28 14:10:00-04:00,339.5450134277344,231.18499755859375,333.9200134277344,593.690185546875,73.01499938964844,339.6499938964844,231.3000030517578,334.0400085449219,593.719970703125,73.03500366210938,339.5350036621094,231.18499755859375,333.8599853515625,593.3900146484375,72.9979019165039,339.6099853515625,231.24000549316406,334.0,593.6386108398438,72.9979019165039,61407,23625,15587,3382,42993
2026-07-28 14:11:00-04:00,339.59100341796875,231.00030517578125,333.78948974609375,593.4400024414062,73.01000213623047,339.6400146484375,231.19000244140625,333.885009765625,593.7999877929688,73.02999877929688,339.5199890136719,230.97000122070312,333.739990234375,593.4000244140625,73.0,339.5400085449219,231.1699981689453,333.885009765625,593.4349975585938,73.01499938964844,42890,37607,15272,11101,27585
2026-07-28 14:12:00-04:00,339.5199890136719,230.9199981689453,333.79998779296875,593.4450073242188,73.03500366210938,339.5899963378906,231.00999450683594,333.79998779296875,593.510009765625,73.03500366210938,339.489990234375,230.86000061035156,333.6000061035156,593.0601196289062,73.0,339.5799865722656,231.0,333.7799987792969,593.510009765625,73.0198974609375,33597,38861,24321,9790,27000
2026-07-28 14:13:00-04:00,339.4599914550781,230.89999389648438,333.93499755859375,593.3900146484375,73.05999755859375,339.6300048828125,230.97000122070312,333.9599914550781,593.6300048828125,73.08000183105469,339.4599914550781,230.80999755859375,333.82000732421875,593.1099853515625,73.0250015258789,339.55999755859375,230.94500732421875,333.82000732421875,593.6300048828125,73.04000091552734,34578,32408,13896,4334,47929
2026-07-28 14:14:00-04:00,339.55999755859375,231.0800018310547,333.9844970703125,593.6900024414062,73.11699676513672,339.6099853515625,231.08999633789062,334.010009765625,593.72998046875,73.11699676513672,339.4200134277344,230.8800048828125,333.8702087402344,593.219970703125,73.05000305175781,339.42999267578125,230.91000366210938,333.93499755859375,593.4450073242188,73.05000305175781,29810,50874,16337,8480,65055
2026-07-28 14:15:00-04:00,339.4800109863281,231.18499755859375,334.0050048828125,593.9299926757812,73.12000274658203,339.5799865722656,231.21499633789062,334.0199890136719,593.9500122070312,73.13999938964844,339.42999267578125,231.08999633789062,333.8125,593.72998046875,73.0999984741211,339.57000732421875,231.08999633789062,333.9750061035156,593.75,73.12000274658203,48425,41933,19619,11562,63539
2026-07-28 14:16:00-04:00,339.56500244140625,231.05999755859375,333.8299865722656,593.7000122070312,72.98500061035156,339.5899963378906,231.1999969482422,334.0050048828125,593.989990234375,73.12000274658203,339.43011474609375,231.0399932861328,333.7500915527344,593.7000122070312,72.98500061035156,339.4800109863281,231.19000244140625,334.0050048828125,593.9500122070312,73.12000274658203,63367,40104,27689,10443,62683
2026-07-28 14:17:00-04:00,339.57501220703125,231.0449981689453,333.8900146484375,593.52001953125,72.9800033569336,339.5799865722656,231.11000061035156,333.989501953125,593.8693237304688,72.98500061035156,339.5150146484375,230.92999267578125,333.7605895996094,593.3800048828125,72.94000244140625,339.57501220703125,231.0850067138672,333.82501220703125,593.8693237304688,72.98500061035156,30435,54010,34416,6798,71236
2026-07-28 14:18:00-04:00,339.7257995605469,231.22999572753906,334.20001220703125,593.5999755859375,73.01499938964844,339.739990234375,231.22999572753906,334.20001220703125,593.739990234375,73.0199966430664,339.5700988769531,231.0399932861328,333.8699951171875,593.5999755859375,72.9800033569336,339.57501220703125,231.0399932861328,333.8999938964844,593.6099853515625,72.98500061035156,43632,55619,17502,7036,25848
2026-07-28 14:19:00-04:00,339.75,230.99000549316406,334.3599853515625,593.5599975585938,73.0,339.80999755859375,231.1999969482422,334.4599914550781,593.7000122070312,73.01000213623047,339.6502990722656,230.97999572753906,334.1400146484375,593.4949951171875,72.97000122070312,339.739990234375,231.1999969482422,334.17498779296875,593.7000122070312,73.01000213623047,40054,41212,19644,9518,56031
2026-07-28 14:20:00-04:00,339.7250061035156,231.1300048828125,334.44000244140625,594.5125122070312,72.9749984741211,339.80999755859375,231.16000366210938,334.4800109863281,595.0,73.00499725341797,339.6499938964844,230.9499969482422,334.2900085449219,593.5599975585938,72.9749984741211,339.7550048828125,230.97000122070312,334.3599853515625,593.6500244140625,72.99500274658203,69633,27805,35767,51092,31079
2026-07-28 14:21:00-04:00,339.7066955566406,231.11000061035156,334.3894958496094,594.6950073242188,72.9928970336914,339.82000732421875,231.18499755859375,334.4700012207031,595.219970703125,73.01000213623047,339.67999267578125,231.09120178222656,334.3599853515625,594.4349975585938,72.96499633789062,339.723388671875,231.1300048828125,334.42498779296875,594.4500122070312,72.97000122070312,34523,25777,26479,14272,19765
2026-07-28 14:22:00-04:00,339.79998779296875,231.19000244140625,334.5899963378906,594.8900146484375,73.01000213623047,339.8500061035156,231.1999969482422,334.5899963378906,594.9000244140625,73.01000213623047,339.7101135253906,231.0800018310547,334.3999938964844,594.666015625,72.95999908447266,339.7300109863281,231.11500549316406,334.3999938964844,594.760009765625,72.99500274658203,42440,18433,21547,5271,27993
2026-07-28 14:23:00-04:00,339.7200012207031,231.1300048828125,334.43499755859375,594.5401000976562,72.98500061035156,339.885009765625,231.22500610351562,334.5899963378906,594.8900146484375,73.01000213623047,339.7099914550781,231.1199951171875,334.3999938964844,594.5401000976562,72.9800033569336,339.8399963378906,231.2100067138672,334.57000732421875,594.8461303710938,73.00499725341797,40782,23769,13675,8793,35837
2026-07-28 14:24:00-04:00,339.7699890136719,231.15960693359375,334.3399963378906,594.4650268554688,72.9749984741211,339.7900085449219,231.22999572753906,334.5400085449219,594.780029296875,73.0,339.7149963378906,231.13999938964844,334.29998779296875,594.4400024414062,72.97000122070312,339.7200012207031,231.1699981689453,334.42498779296875,594.5800170898438,72.98500061035156,34713,28934,15317,10519,28947
2026-07-28 14:25:00-04:00,339.80999755859375,231.1999969482422,334.25,594.25,72.98500061035156,339.875,231.25999450683594,334.45001220703125,594.6400146484375,73.0,339.760009765625,231.10000610351562,333.8999938964844,594.2000122070312,72.9749984741211,339.760009765625,231.1199951171875,334.352294921875,594.4299926757812,72.9749984741211,58486,52555,41073,5366,25829
2026-07-28 14:26:00-04:00,339.80999755859375,231.1999969482422,334.17999267578125,594.4749755859375,72.98500061035156,339.8999938964844,231.24000549316406,334.3699951171875,594.5399780273438,72.9999008178711,339.79998779296875,231.16000366210938,334.010009765625,594.1699829101562,72.96499633789062,339.80999755859375,231.22999572753906,334.20001220703125,594.4099731445312,72.9800033569336,59778,22751,30097,12621,43924
2026-07-28 14:27:00-04:00,339.92999267578125,231.14999389648438,334.2250061035156,594.280029296875,73.01499938964844,340.159912109375,231.17999267578125,334.2699890136719,594.489990234375,73.01499938964844,339.75,231.11000061035156,334.0249938964844,594.280029296875,72.9800033569336,339.82000732421875,231.17999267578125,334.1400146484375,594.35498046875,72.9800033569336,134548,21437,13978,4765,22153
2026-07-28 14:28:00-04:00,339.8699951171875,231.0749969482422,334.29998779296875,594.364990234375,72.99500274658203,339.9700012207031,231.17999267578125,334.3699951171875,594.625,73.01499938964844,339.8299865722656,231.05999755859375,334.2200012207031,594.2899780273438,72.98500061035156,339.9599914550781,231.14999389648438,334.260009765625,594.5,73.01499938964844,56588,21844,21234,6779,20832
2026-07-28 14:29:00-04:00,339.8399963378906,231.14999389648438,334.2799987792969,594.469970703125,72.99500274658203,339.909912109375,231.14999389648438,334.3900146484375,594.469970703125,73.00499725341797,339.7799987792969,231.05999755859375,334.17498779296875,594.2999877929688,72.98500061035156,339.8699951171875,231.08999633789062,334.32000732421875,594.3900146484375,72.99500274658203,33069,17608,39306,4626,22626
2026-07-28 14:30:00-04:00,339.7799987792969,231.27000427246094,334.07000732421875,594.2999877929688,73.01499938964844,339.8900146484375,231.2899932861328,334.29998779296875,594.5980224609375,73.0199966430664,339.6300048828125,231.11000061035156,333.9200134277344,594.2999877929688,72.9800033569336,339.8399963378906,231.14500427246094,334.2799987792969,594.489990234375,72.99500274658203,73261,48594,37865,8003,71064
2026-07-28 14:31:00-04:00,339.4700012207031,231.22000122070312,334.2850036621094,593.9000244140625,72.9749984741211,339.7799987792969,231.27000427246094,334.3599853515625,594.469970703125,73.0199966430664,339.3900146484375,231.19000244140625,334.07000732421875,593.7999877929688,72.97360229492188,339.7799987792969,231.27000427246094,334.0899963378906,594.3001098632812,73.01499938964844,105097,20634,30592,9096,31351
2026-07-28 14:32:00-04:00,339.3349914550781,231.22500610351562,334.1499938964844,593.7479858398438,73.03500366210938,339.5,231.24000549316406,334.32000732421875,594.0250244140625,73.05000305175781,339.32000732421875,231.14999389648438,334.0600891113281,593.5499877929688,72.96499633789062,339.4700012207031,231.2100067138672,334.32000732421875,593.8300170898438,72.9800033569336,57369,26152,21972,16886,119578
2026-07-28 14:33:00-04:00,339.3901062011719,231.16000366210938,334.239990234375,593.8400268554688,73.05999755859375,339.4800109863281,231.22999572753906,334.25,593.8400268554688,73.05999755859375,339.32000732421875,231.08999633789062,334.1109924316406,593.510009765625,73.01000213623047,339.3299865722656,231.22999572753906,334.1650085449219,593.60498046875,73.02999877929688,51001,27298,14175,19567,54180
2026-07-28 14:34:00-04:00,339.45001220703125,231.17999267578125,334.3399963378906,594.0399780273438,73.05999755859375,339.510009765625,231.22000122070312,334.3500061035156,594.0399780273438,73.05999755859375,339.385009765625,231.1300048828125,334.2099914550781,593.7000122070312,73.0250015258789,339.3999938964844,231.14999389648438,334.239990234375,593.8300170898438,73.05500030517578,81013,32772,24350,10657,48428
2026-07-28 14:35:00-04:00,339.260009765625,231.16000366210938,334.2650146484375,593.2550048828125,73.02999877929688,339.5299987792969,231.2899932861328,334.54998779296875,594.1199951171875,73.12999725341797,339.1600036621094,231.1199951171875,334.25,593.200927734375,73.02999877929688,339.4549865722656,231.17999267578125,334.31500244140625,593.8800048828125,73.06500244140625,90990,67829,27885,19814,143518
2026-07-28 14:36:00-04:00,339.1400146484375,231.13999938964844,334.3800048828125,592.8157958984375,73.05010223388672,339.2699890136719,231.17999267578125,334.3900146484375,593.3350219726562,73.06999969482422,339.07501220703125,231.05320739746094,334.2300109863281,591.6900024414062,73.02999877929688,339.260009765625,231.1699981689453,334.31500244140625,593.3099975585938,73.03389739990234,35715,18789,20003,56159,85314
2026-07-28 14:37:00-04:00,339.19000244140625,231.19000244140625,334.42498779296875,592.760009765625,73.05400085449219,339.2349853515625,231.2100067138672,334.4599914550781,593.0800170898438,73.08000183105469,339.1099853515625,231.11000061035156,334.3299865722656,592.6099853515625,73.02999877929688,339.1499938964844,231.1273956298828,334.3800048828125,592.885009765625,73.05500030517578,38862,19093,9289,8216,43705
2026-07-28 14:38:00-04:00,339.25,231.1741943359375,334.47698974609375,593.2849731445312,73.05999755859375,339.2900085449219,231.19000244140625,334.5799865722656,593.39990234375,73.0999984741211,339.0892028808594,231.13009643554688,334.3999938964844,592.7550048828125,73.05000305175781,339.20001220703125,231.1649932861328,334.4200134277344,592.8099975585938,73.05229949951172,40893,17594,17929,13371,28646
2026-07-28 14:39:00-04:00,338.81500244140625,231.1199951171875,334.54998779296875,592.7999877929688,73.05500030517578,339.2550048828125,231.16000366210938,334.54998779296875,593.2849731445312,73.09500122070312,338.7950134277344,231.11000061035156,334.32000732421875,592.7999877929688,73.05500030517578,339.2550048828125,231.16000366210938,334.4700012207031,593.2849731445312,73.05999755859375,104283,16490,20116,10675,34275
2026-07-28 14:40:00-04:00,338.4400939941406,231.11500549316406,334.5050048828125,593.0999755859375,73.06500244140625,338.8399963378906,231.17999267578125,334.6700134277344,593.2100219726562,73.0999984741211,338.4400939941406,231.0399932861328,334.45001220703125,592.7357788085938,73.05000305175781,338.81500244140625,231.10499572753906,334.5249938964844,592.7999877929688,73.05000305175781,84630,26876,10979,10889,57658
2026-07-28 14:41:00-04:00,338.32000732421875,231.22999572753906,334.5799865722656,593.52392578125,73.08499908447266,338.4700012207031,231.27000427246094,334.7099914550781,593.8098754882812,73.10890197753906,338.29998779296875,231.11500549316406,334.5050048828125,593.1099853515625,73.05999755859375,338.4400939941406,231.1300048828125,334.5050048828125,593.1099853515625,73.06500244140625,58955,50700,16956,8731,28062
2026-07-28 14:42:00-04:00,338.4599914550781,231.25,334.6300048828125,593.1500244140625,73.09100341796875,338.5274963378906,231.25,334.6300048828125,593.4099731445312,73.09500122070312,338.2799987792969,231.1649932861328,334.43011474609375,593.0,73.06999969482422,338.32000732421875,231.2100067138672,334.56500244140625,593.3900146484375,73.0875015258789,44761,33078,19616,6674,28814
2026-07-28 14:43:00-04:00,338.625,231.3699951171875,334.7900085449219,593.5280151367188,73.08499908447266,338.6549987792969,231.38999938964844,334.7900085449219,593.6998901367188,73.11000061035156,338.45001220703125,231.26499938964844,334.5700988769531,593.3101196289062,73.08499908447266,338.4549865722656,231.26499938964844,334.60540771484375,593.3400268554688,73.09500122070312,75260,27190,17623,4867,43323
2026-07-28 14:44:00-04:00,338.3999938964844,231.27999877929688,334.8349914550781,593.739990234375,73.0999984741211,338.6400146484375,231.38499450683594,334.8900146484375,593.760009765625,73.0999984741211,338.375,231.2570037841797,334.6700134277344,593.4400024414062,73.05999755859375,338.6400146484375,231.372802734375,334.79998779296875,593.5999755859375,73.08000183105469,43229,38352,24152,6696,36995
2026-07-28 14:45:00-04:00,338.6499938964844,231.18499755859375,335.0295104980469,594.1400146484375,73.11000061035156,338.659912109375,231.33999633789062,335.04998779296875,594.1400146484375,73.11499786376953,338.4100036621094,231.1199951171875,334.7937927246094,593.6400146484375,73.08999633789062,338.4100036621094,231.31500244140625,334.8699951171875,593.6400146484375,73.08999633789062,42166,101006,25219,7129,22603
2026-07-28 14:46:00-04:00,338.6199951171875,231.4600067138672,335.05999755859375,594.3900146484375,73.13500213623047,338.6600036621094,231.4600067138672,335.1099853515625,594.4099731445312,73.13999938964844,338.510009765625,231.1199951171875,335.010009765625,594.0900268554688,73.11000061035156,338.6400146484375,231.1699981689453,335.05999755859375,594.219970703125,73.11499786376953,43769,63207,25610,8114,28900
2026-07-28 14:47:00-04:00,338.8559875488281,231.3699951171875,335.0199890136719,594.239990234375,73.13500213623047,338.8699951171875,231.4499969482422,335.1600036621094,594.4249877929688,73.1500015258789,338.6099853515625,231.36500549316406,335.0199890136719,594.2000122070312,73.12480163574219,338.6400146484375,231.4499969482422,335.0899963378906,594.3900146484375,73.13999938964844,56460,34545,24749,4977,26513
2026-07-28 14:48:00-04:00,338.69000244140625,231.42999267578125,335.0400085449219,594.1649780273438,73.15499877929688,338.864990234375,231.4550018310547,335.20001220703125,594.2999877929688,73.16999816894531,338.5899963378906,231.3350067138672,335.0249938964844,594.0737915039062,73.12999725341797,338.8599853515625,231.3699951171875,335.0249938964844,594.2349853515625,73.13500213623047,45655,26616,18084,5799,36665
2026-07-28 14:49:00-04:00,338.6499938964844,231.4600067138672,335.14990234375,594.2999267578125,73.15989685058594,338.70098876953125,231.52999877929688,335.1499938964844,594.2999877929688,73.18000030517578,338.5799865722656,231.4250030517578,334.9800109863281,593.9299926757812,73.13999938964844,338.69000244140625,231.42669677734375,335.0299987792969,594.1649780273438,73.15499877929688,33210,34039,13666,7918,29761
2026-07-28 14:50:00-04:00,338.68499755859375,231.2449951171875,335.19000244140625,594.4299926757812,73.1500015258789,338.7699890136719,231.49000549316406,335.20001220703125,594.4299926757812,73.15499877929688,338.6199951171875,231.2449951171875,335.1199951171875,594.1699829101562,73.13400268554688,338.6257019042969,231.47999572753906,335.135009765625,594.3499755859375,73.15010070800781,55514,39739,19590,6033,20188
2026-07-28 14:51:00-04:00,338.8598937988281,231.24000549316406,334.92999267578125,594.239990234375,73.16500091552734,338.90948486328125,231.2908935546875,335.20880126953125,594.4299926757812,73.16999816894531,338.6600036621094,231.1699981689453,334.8999938964844,594.0999755859375,73.12999725341797,338.69000244140625,231.25999450683594,335.19000244140625,594.4299926757812,73.1500015258789,63986,59384,29033,10567,42024
2026-07-28 14:52:00-04:00,338.8800048828125,231.3300018310547,335.0299987792969,594.2899780273438,73.15499877929688,338.93499755859375,231.3300018310547,335.1199035644531,594.3099975585938,73.1771011352539,338.8053894042969,231.17999267578125,334.94000244140625,594.0449829101562,73.1500015258789,338.8550109863281,231.24119567871094,334.9599914550781,594.239990234375,73.16500091552734,43085,121132,50333,6829,44214
2026-07-28 14:53:00-04:00,338.81500244140625,231.3800048828125,334.875,594.4500122070312,73.17500305175781,338.8900146484375,231.44000244140625,335.1099853515625,594.489990234375,73.18000030517578,338.7699890136719,231.27000427246094,334.8699951171875,594.3300170898438,73.13999938964844,338.8800048828125,231.3300018310547,335.0400085449219,594.3699951171875,73.15499877929688,46200,56827,17308,6860,47409
2026-07-28 14:54:00-04:00,338.8500061035156,231.30909729003906,334.9081115722656,594.27001953125,73.15499877929688,338.8999938964844,231.44000244140625,335.0400085449219,594.5599975585938,73.18000030517578,338.7601013183594,231.2899932861328,334.8299865722656,594.260009765625,73.13999938964844,338.82000732421875,231.38999938964844,334.8900146484375,594.4299926757812,73.17500305175781,50542,25965,25190,9526,81523
2026-07-28 14:55:00-04:00,339.07000732421875,231.3101043701172,334.67498779296875,594.3599853515625,73.15010070800781,339.07501220703125,231.33999633789062,334.8949890136719,594.3800048828125,73.16999816894531,338.8599853515625,231.27000427246094,334.6099853515625,594.0501098632812,73.13009643554688,338.8599853515625,231.30999755859375,334.8949890136719,594.3200073242188,73.16000366210938,72829,33065,21198,6960,51502
2026-07-28 14:56:00-04:00,339.42999267578125,231.17999267578125,334.6700134277344,594.1624755859375,73.1050033569336,339.45001220703125,231.35000610351562,334.739990234375,594.3499755859375,73.1500015258789,338.9901123046875,231.16990661621094,334.6499938964844,594.0999755859375,73.1050033569336,339.0600891113281,231.3249969482422,334.70001220703125,594.2650146484375,73.1500015258789,90360,47198,21115,6264,93251
2026-07-28 14:57:00-04:00,339.44000244140625,231.19000244140625,334.6700134277344,594.10498046875,73.06999969482422,339.55999755859375,231.25,334.739501953125,594.2178955078125,73.12000274658203,339.3599853515625,231.14999389648438,334.6199951171875,594.0,73.06500244140625,339.42999267578125,231.19000244140625,334.6650085449219,594.2171020507812,73.1050033569336,74303,38769,122492,8679,35407
2026-07-28 14:58:00-04:00,339.4049987792969,231.14999389648438,334.7153015136719,594.2150268554688,73.08999633789062,339.4800109863281,231.21499633789062,334.75,594.2899780273438,73.08999633789062,339.2900085449219,231.13999938964844,334.6499938964844,594.0449829101562,73.06500244140625,339.44500732421875,231.17999267578125,334.6600036621094,594.169921875,73.06500244140625,47372,19886,11937,9408,30560
2026-07-28 14:59:00-04:00,339.3500061035156,231.3350067138672,334.5799865722656,594.5194702148438,73.0999984741211,339.4599914550781,231.33999633789062,334.80999755859375,594.5800170898438,73.10169982910156,339.2900085449219,231.1199951171875,334.5299987792969,594.1400146484375,73.06500244140625,339.43499755859375,231.14999389648438,334.7049865722656,594.2150268554688,73.08499908447266,59047,41972,25104,7373,28848
2026-07-28 15:00:00-04:00,339.4200134277344,231.25,334.6650085449219,595.0,73.04000091552734,339.4849853515625,231.38999938964844,334.7278137207031,595.3897094726562,73.1050033569336,339.32000732421875,231.22000122070312,334.5400085449219,594.4400024414062,73.03500366210938,339.3450012207031,231.33999633789062,334.5899963378906,594.4400024414062,73.1050033569336,69955,36027,17318,24811,44791
2026-07-28 15:01:00-04:00,339.5150146484375,231.22500610351562,334.70001220703125,595.0900268554688,73.01499938964844,339.54998779296875,231.2899932861328,334.760009765625,595.1199951171875,73.05000305175781,339.3999938964844,231.1699981689453,334.5201110839844,594.9299926757812,73.0000991821289,339.42999267578125,231.25,334.6650085449219,595.0650024414062,73.04000091552734,52663,20679,24825,5367,42652
2026-07-28 15:02:00-04:00,339.510009765625,231.27000427246094,334.6600036621094,594.989990234375,73.0250015258789,339.54998779296875,231.28500366210938,334.70001220703125,595.1199951171875,73.04000091552734,339.3999938964844,231.125,334.57000732421875,594.8400268554688,72.99500274658203,339.5199890136719,231.22500610351562,334.69000244140625,595.1099853515625,73.01000213623047,45752,34878,23076,10969,114815
2026-07-28 15:03:00-04:00,339.53009033203125,231.27999877929688,334.639404296875,594.9299926757812,73.01499938964844,339.5400085449219,231.32000732421875,334.739990234375,595.0549926757812,73.0250015258789,339.42999267578125,231.2449951171875,334.5799865722656,594.8400268554688,73.00499725341797,339.510009765625,231.26499938964844,334.6701965332031,595.0,73.0199966430664,48163,32297,20793,7125,53260
2026-07-28 15:04:00-04:00,339.614990234375,231.3300018310547,334.6000061035156,594.85009765625,72.9749984741211,339.67498779296875,231.33999633789062,334.6499938964844,594.989990234375,73.01499938964844,339.5299987792969,231.20550537109375,334.510009765625,594.7899780273438,72.97000122070312,339.5299987792969,231.27999877929688,334.6199951171875,594.9299926757812,73.01499938964844,91116,31368,17820,62485,78492
2026-07-28 15:05:00-04:00,339.510009765625,231.3000030517578,334.6099853515625,594.510009765625,72.97000122070312,339.6199951171875,231.3769073486328,334.6600036621094,595.010009765625,72.98249816894531,339.4200134277344,231.26010131835938,334.5,594.4749755859375,72.95999908447266,339.6000061035156,231.32000732421875,334.5799865722656,594.9299926757812,72.9749984741211,65212,35029,19918,8223,111889
2026-07-28 15:06:00-04:00,339.510009765625,231.27999877929688,334.5613098144531,594.6900024414062,72.97000122070312,339.5400085449219,231.43499755859375,334.6600036621094,594.8900146484375,72.98999786376953,339.3900146484375,231.27999877929688,334.55999755859375,594.6500244140625,72.95999908447266,339.5,231.32000732421875,334.6099853515625,594.6500244140625,72.97000122070312,56695,34478,11578,6284,128961
2026-07-28 15:07:00-04:00,339.5400085449219,231.2949981689453,334.3699951171875,594.7000122070312,72.8949966430664,339.56500244140625,231.3300018310547,334.5799865722656,594.7650146484375,72.9749984741211,339.3999938964844,231.1909942626953,334.30999755859375,594.530029296875,72.88999938964844,339.5199890136719,231.27999877929688,334.54998779296875,594.6300048828125,72.97000122070312,58657,50203,28742,8618,288336
2026-07-28 15:08:00-04:00,339.3999938964844,231.29409790039062,334.159912109375,594.4099731445312,72.84989929199219,339.5350036621094,231.3300018310547,334.3900146484375,594.7000122070312,72.9000015258789,339.393310546875,231.2100067138672,334.1300048828125,594.3739013671875,72.84989929199219,339.5299987792969,231.32000732421875,334.364990234375,594.7000122070312,72.89990234375,55716,33491,34641,12945,51539
2026-07-28 15:09:00-04:00,339.32501220703125,231.3000030517578,333.9599914550781,594.375,72.75,339.44500732421875,231.36500549316406,334.2174072265625,594.530029296875,72.8499984741211,339.2101135253906,231.27000427246094,333.9200134277344,594.2999877929688,72.73999786376953,339.4100036621094,231.27999877929688,334.135009765625,594.385009765625,72.8499984741211,75549,42865,25022,13075,83959
2026-07-28 15:10:00-04:00,339.32000732421875,231.18499755859375,333.5299987792969,593.986083984375,72.75,339.3999938964844,231.3699951171875,334.0199890136719,594.47998046875,72.78500366210938,339.29998779296875,231.17999267578125,333.5249938964844,593.9000244140625,72.72000122070312,339.3399963378906,231.32000732421875,333.9599914550781,594.4500122070312,72.76000213623047,50774,48587,28268,11880,70807
2026-07-28 15:11:00-04:00,339.260009765625,231.2301025390625,333.5899963378906,593.60498046875,72.75499725341797,339.3500061035156,231.30999755859375,333.7300109863281,593.969970703125,72.80000305175781,339.2200012207031,231.1999969482422,333.4599914550781,593.60498046875,72.73999786376953,339.32501220703125,231.1999969482422,333.5299987792969,593.77001953125,72.74500274658203,44713,28394,24758,8874,85042
2026-07-28 15:12:00-04:00,339.44000244140625,231.2449951171875,333.6400146484375,593.739990234375,72.7300033569336,339.45001220703125,231.3000030517578,333.6400146484375,593.8099975585938,72.77989959716797,339.2650146484375,231.22500610351562,333.42498779296875,593.5,72.69999694824219,339.2799072265625,231.22999572753906,333.5899963378906,593.6300048828125,72.76000213623047,36658,34749,19575,8972,43887
2026-07-28 15:13:00-04:00,339.31500244140625,231.27999877929688,333.7300109863281,593.698974609375,72.69999694824219,339.45001220703125,231.3000030517578,333.7799987792969,593.9299926757812,72.73999786376953,339.2409973144531,231.1300048828125,333.6300048828125,593.5700073242188,72.69049835205078,339.42999267578125,231.25,333.635009765625,593.8099975585938,72.73999786376953,85850,30394,34533,7912,47295
2026-07-28 15:14:00-04:00,339.1700134277344,231.1999969482422,333.7699890136719,593.3699951171875,72.7300033569336,339.32000732421875,231.30999755859375,333.8500061035156,593.7849731445312,72.75,339.1700134277344,231.1999969482422,333.5801086425781,593.3599853515625,72.69010162353516,339.30499267578125,231.2899932861328,333.7250061035156,593.7849731445312,72.69999694824219,47884,57380,20647,12617,50016
2026-07-28 15:15:00-04:00,339.20001220703125,231.08999633789062,333.6050109863281,593.489990234375,72.73999786376953,339.260009765625,231.22999572753906,333.7550048828125,593.7100219726562,72.75,339.1300048828125,231.0800018310547,333.56500244140625,593.3499755859375,72.70999908447266,339.1700134277344,231.19000244140625,333.7550048828125,593.4749755859375,72.7249984741211,40602,37462,21709,9935,42770
2026-07-28 15:16:00-04:00,339.15130615234375,231.08999633789062,333.7200012207031,593.60498046875,72.7249984741211,339.2699890136719,231.1199951171875,333.8299865722656,593.6500244140625,72.75,339.135009765625,231.0449981689453,333.5627136230469,593.2000122070312,72.69999694824219,339.20001220703125,231.0800018310547,333.6300048828125,593.6500244140625,72.73989868164062,60748,41876,27744,14137,46241
2026-07-28 15:17:00-04:00,339.2699890136719,231.1999969482422,333.67999267578125,593.7899780273438,72.75499725341797,339.3363952636719,231.22000122070312,333.79998779296875,593.8900146484375,72.75749969482422,339.1600036621094,231.08999633789062,333.6507873535156,593.4749755859375,72.71499633789062,339.1700134277344,231.08999633789062,333.7149963378906,593.60498046875,72.7249984741211,54102,38650,18983,16488,45138
2026-07-28 15:18:00-04:00,339.4100036621094,231.31500244140625,333.70001220703125,594.1199951171875,72.69499969482422,339.42999267578125,231.32000732421875,333.7499084472656,594.1199951171875,72.75499725341797,339.239990234375,231.14999389648438,333.510009765625,593.47998046875,72.68000030517578,339.2799987792969,231.19000244140625,333.67999267578125,593.739990234375,72.75,69255,60493,32749,15690,49948
2026-07-28 15:19:00-04:00,339.2795104980469,231.05499267578125,333.57501220703125,594.0900268554688,72.63999938964844,339.4800109863281,231.34300231933594,333.7200012207031,594.280029296875,72.71990203857422,339.25,231.0399932861328,333.489990234375,593.8800048828125,72.625,339.4049987792969,231.3300018310547,333.7049865722656,594.094970703125,72.69499969482422,71800,57669,24573,7239,59038
2026-07-28 15:20:00-04:00,339.4200134277344,230.99000549316406,333.510009765625,593.7449951171875,72.57499694824219,339.44000244140625,231.1199951171875,333.6099853515625,593.969970703125,72.64550018310547,339.2900085449219,230.99000549316406,333.4800109863281,593.7301025390625,72.57499694824219,339.29998779296875,231.0500030517578,333.6099853515625,593.905029296875,72.64550018310547,47261,39771,15349,7456,37176
2026-07-28 15:21:00-04:00,339.3699951171875,230.97000122070312,333.4750061035156,593.9219970703125,72.5864028930664,339.4200134277344,231.0,333.5249938964844,593.9650268554688,72.5864028930664,339.30999755859375,230.9499969482422,333.260009765625,593.6400146484375,72.56500244140625,339.3999938964844,230.99000549316406,333.510009765625,593.739990234375,72.57499694824219,54777,30904,31304,27148,39625
2026-07-28 15:22:00-04:00,339.30999755859375,230.82000732421875,333.3500061035156,593.5599975585938,72.4749984741211,339.5199890136719,230.9499969482422,333.4700012207031,593.8400268554688,72.58000183105469,339.2900085449219,230.75010681152344,333.2500915527344,593.4600219726562,72.46499633789062,339.375,230.9499969482422,333.4599914550781,593.8400268554688,72.58000183105469,98949,58477,20221,14970,66365
2026-07-28 15:23:00-04:00,339.2701110839844,230.8800048828125,333.3500061035156,593.4500122070312,72.57499694824219,339.30999755859375,230.8800048828125,333.3800048828125,593.7100219726562,72.58999633789062,339.176513671875,230.77999877929688,333.25,593.4099731445312,72.41000366210938,339.30999755859375,230.80999755859375,333.2699890136719,593.5700073242188,72.47000122070312,45423,28224,21004,4777,115141
2026-07-28 15:24:00-04:00,339.2749938964844,230.85000610351562,333.239990234375,593.3300170898438,72.57499694824219,339.3299865722656,230.9040069580078,333.3800048828125,593.530029296875,72.5999984741211,339.2250061035156,230.82000732421875,333.20001220703125,593.3300170898438,72.56500244140625,339.2699890136719,230.8699951171875,333.25,593.4099731445312,72.57499694824219,35750,34994,16783,7191,41795
2026-07-28 15:25:00-04:00,339.19000244140625,230.7899932861328,333.2049865722656,593.4000244140625,72.55000305175781,339.2900085449219,230.8699951171875,333.3099060058594,593.530029296875,72.59500122070312,339.19000244140625,230.78500366210938,333.19000244140625,593.2100219726562,72.54000091552734,339.2799987792969,230.83999633789062,333.2300109863281,593.3607788085938,72.56999969482422,72274,51157,20681,10552,93962
2026-07-28 15:26:00-04:00,339.0693054199219,230.83999633789062,333.25,593.1300048828125,72.58499908447266,339.2200012207031,230.86000061035156,333.2900085449219,593.3300170898438,72.59500122070312,339.04998779296875,230.78460693359375,333.1953125,593.1300048828125,72.53009796142578,339.19989013671875,230.7899932861328,333.2074890136719,593.3150024414062,72.54499816894531,64766,43062,18699,12016,44897
2026-07-28 15:27:00-04:00,339.2099914550781,230.80999755859375,333.5350036621094,593.4299926757812,72.625,339.2300109863281,230.94500732421875,333.5799865722656,593.530029296875,72.66500091552734,339.0299987792969,230.80999755859375,333.25,593.2100219726562,72.58499908447266,339.04998779296875,230.8300018310547,333.2699890136719,593.2399291992188,72.58499908447266,58106,43690,29058,7459,61777
2026-07-28 15:28:00-04:00,339.3399963378906,230.97000122070312,333.6499938964844,593.6900024414062,72.52999877929688,339.3500061035156,230.97999572753906,333.7099914550781,593.75,72.62000274658203,339.1700134277344,230.80999755859375,333.510009765625,593.4299926757812,72.52999877929688,339.2099914550781,230.8249969482422,333.56500244140625,593.4349975585938,72.62000274658203,48047,45406,28988,12497,45173
2026-07-28 15:29:00-04:00,339.20001220703125,230.94500732421875,333.6199951171875,593.5050048828125,72.51499938964844,339.3699951171875,231.00999450683594,333.6549987792969,593.7919921875,72.56500244140625,339.1499938964844,230.94000244140625,333.53021240234375,593.4199829101562,72.50499725341797,339.3599853515625,230.97999572753906,333.6400146484375,593.7100219726562,72.52999877929688,72986,47622,17447,7043,66096
2026-07-28 15:30:00-04:00,339.2300109863281,230.97999572753906,333.8900146484375,593.489990234375,72.53500366210938,339.2799987792969,231.00999450683594,333.9200134277344,593.5800170898438,72.55999755859375,339.1199951171875,230.8300018310547,333.510009765625,592.969970703125,72.49500274658203,339.1600036621094,230.91000366210938,333.6000061035156,593.4299926757812,72.51000213623047,68216,72602,46414,25098,88229
2026-07-28 15:31:00-04:00,339.1600036621094,230.85499572753906,333.85009765625,593.0401000976562,72.48500061035156,339.2900085449219,230.99000549316406,333.92999267578125,593.5999755859375,72.54000091552734,339.1000061035156,230.8300018310547,333.82000732421875,593.0,72.46499633789062,339.2349853515625,230.98500061035156,333.8821105957031,593.5999755859375,72.53500366210938,67740,60037,18941,12472,59750
2026-07-28 15:32:00-04:00,339.30999755859375,231.0449981689453,333.7200012207031,593.1649780273438,72.5,339.3800048828125,231.05999755859375,333.94000244140625,593.27001953125,72.5,339.1600036621094,230.86000061035156,333.7099914550781,593.0999755859375,72.46009826660156,339.1600036621094,230.8699951171875,333.85009765625,593.114990234375,72.48500061035156,67002,79906,19708,458754,80958
2026-07-28 15:33:00-04:00,339.2200012207031,231.10000610351562,333.7799987792969,593.5198974609375,72.44999694824219,339.3800048828125,231.10989379882812,333.7799987792969,593.5499877929688,72.50990295410156,339.2099914550781,231.01429748535156,333.6000061035156,593.010009765625,72.44999694824219,339.30999755859375,231.0500030517578,333.7300109863281,593.1900024414062,72.5,66740,64584,29262,16417,55768
2026-07-28 15:34:00-04:00,339.3599853515625,231.21499633789062,333.7314147949219,593.489990234375,72.41500091552734,339.3599853515625,231.22999572753906,333.8800048828125,593.75,72.45500183105469,339.18499755859375,231.02999877929688,333.7314147949219,593.3704223632812,72.4000015258789,339.2099914550781,231.07000732421875,333.7699890136719,593.4299926757812,72.44000244140625,1169802,62154,18447,14683,88265
2026-07-28 15:35:00-04:00,339.44000244140625,231.14500427246094,333.4200134277344,593.02001953125,72.41999816894531,339.54998779296875,231.24989318847656,333.79998779296875,593.625,72.44499969482422,339.3299865722656,231.1199951171875,333.4200134277344,592.8200073242188,72.4000015258789,339.3500061035156,231.2100067138672,333.739990234375,593.6099853515625,72.41500091552734,68911,48112,21749,19686,85208
2026-07-28 15:36:00-04:00,339.55499267578125,231.1750030517578,333.5899963378906,593.1799926757812,72.47000122070312,339.57000732421875,231.20849609375,333.6199951171875,593.3095703125,72.47000122070312,339.4200134277344,231.1199951171875,333.4049987792969,592.989990234375,72.41000366210938,339.4200134277344,231.1300048828125,333.42498779296875,593.1799926757812,72.42500305175781,111089,50749,18033,12158,79837
2026-07-28 15:37:00-04:00,339.739990234375,231.22500610351562,333.5690002441406,593.27001953125,72.47989654541016,339.7699890136719,231.22999572753906,333.67999267578125,593.3800048828125,72.51499938964844,339.510009765625,231.13999938964844,333.55999755859375,593.0650024414062,72.47000122070312,339.54071044921875,231.17999267578125,333.6000061035156,593.0650024414062,72.4749984741211,103468,59849,17727,10229,67849
2026-07-28 15:38:00-04:00,339.68499755859375,231.1300048828125,333.7149963378906,593.0900268554688,72.46499633789062,339.9100036621094,231.22999572753906,333.739990234375,593.4450073242188,72.48999786376953,339.57000732421875,231.07000732421875,333.5450134277344,593.0501098632812,72.45500183105469,339.739990234375,231.22999572753906,333.55999755859375,593.27001953125,72.4800033569336,152259,44243,24452,12327,96052
2026-07-28 15:39:00-04:00,339.7049865722656,231.0399932861328,333.8699951171875,593.5499877929688,72.49009704589844,339.739990234375,231.1199951171875,333.8699951171875,593.614990234375,72.49500274658203,339.6549987792969,231.03500366210938,333.67999267578125,593.0499877929688,72.45999908447266,339.67010498046875,231.1199951171875,333.7250061035156,593.1099853515625,72.46499633789062,65515,58167,21304,17572,60452
2026-07-28 15:40:00-04:00,339.8699951171875,231.08999633789062,333.6034851074219,593.5499877929688,72.49500274658203,339.8799133300781,231.12429809570312,333.8800048828125,593.760009765625,72.50499725341797,339.70001220703125,231.00999450683594,333.5899963378906,593.4500122070312,72.4749984741211,339.7200012207031,231.0399932861328,333.8299865722656,593.5750122070312,72.49500274658203,70573,46711,21998,13329,81940
2026-07-28 15:41:00-04:00,339.8699951171875,231.1199951171875,333.43011474609375,593.4299926757812,72.45999908447266,339.8999938964844,231.14999389648438,333.6296081542969,593.6400146484375,72.5250015258789,339.7799987792969,231.07000732421875,333.3699951171875,593.25,72.44999694824219,339.8599853515625,231.09500122070312,333.5972900390625,593.530029296875,72.49500274658203,64714,39972,23655,15638,80787
2026-07-28 15:42:00-04:00,339.8399963378906,230.92999267578125,333.54998779296875,593.2849731445312,72.41999816894531,339.94989013671875,231.16990661621094,333.57000732421875,593.7999877929688,72.48500061035156,339.70001220703125,230.9149932861328,333.3299865722656,593.280029296875,72.41000366210938,339.8699951171875,231.13999938964844,333.4549865722656,593.4249877929688,72.47000122070312,64680,66883,17895,14103,77884
2026-07-28 15:43:00-04:00,340.1050109863281,231.0894012451172,333.7049865722656,593.5599975585938,72.42500305175781,340.1499938964844,231.1199951171875,333.7699890136719,593.6799926757812,72.43000030517578,339.7701110839844,230.92999267578125,333.54998779296875,593.1900024414062,72.41000366210938,339.8349914550781,230.94000244140625,333.55499267578125,593.239990234375,72.42510223388672,165832,57217,33648,14544,80081
2026-07-28 15:44:00-04:00,340.010009765625,231.05999755859375,333.590087890625,593.5499877929688,72.4000015258789,340.1199951171875,231.11000061035156,333.693115234375,593.6500244140625,72.44000244140625,340.0,231.02000427246094,333.54998779296875,593.469970703125,72.37000274658203,340.1099853515625,231.08009338378906,333.67999267578125,593.614990234375,72.42500305175781,85914,34202,22426,260898,88113
2026-07-28 15:45:00-04:00,339.32000732421875,230.9199981689453,333.2300109863281,593.594970703125,72.3550033569336,340.010009765625,231.14999389648438,333.6700134277344,593.9500122070312,72.43009948730469,339.20001220703125,230.89999389648438,333.2200012207031,593.510009765625,72.3550033569336,340.010009765625,231.0500030517578,333.590087890625,593.5599975585938,72.4000015258789,141124,82865,39334,23278,77561
2026-07-28 15:46:00-04:00,339.3699951171875,230.97000122070312,333.239990234375,594.0700073242188,72.375,339.3999938964844,230.97000122070312,333.3475036621094,594.0700073242188,72.38999938964844,339.1300048828125,230.8800048828125,333.2049865722656,593.594970703125,72.33999633789062,339.3299865722656,230.9199981689453,333.2349853515625,593.594970703125,72.35009765625,86814,64641,24466,21280,86512
2026-07-28 15:47:00-04:00,339.4800109863281,230.89999389648438,333.0559997558594,594.0700073242188,72.38719940185547,339.4800109863281,231.02000427246094,333.2699890136719,594.25,72.38719940185547,339.2200012207031,230.8800048828125,332.92999267578125,593.780029296875,72.35060119628906,339.364990234375,230.97000122070312,333.2699890136719,593.9949951171875,72.375,90554,49517,61800,37643,54016
2026-07-28 15:48:00-04:00,339.5199890136719,230.77499389648438,332.8699951171875,593.8099975585938,72.36499786376953,339.5400085449219,230.92990112304688,333.19000244140625,594.2000122070312,72.41000366210938,339.44000244140625,230.77000427246094,332.8699951171875,593.780029296875,72.36000061035156,339.4800109863281,230.89999389648438,333.05499267578125,593.964599609375,72.38999938964844,71306,60844,28768,13931,51548
2026-07-28 15:49:00-04:00,339.44000244140625,230.74000549316406,332.9169921875,594.0,72.375,339.5299987792969,230.77999877929688,333.0400085449219,594.1099853515625,72.37999725341797,339.3399963378906,230.66000366210938,332.79998779296875,593.57177734375,72.33499908447266,339.5299072265625,230.77000427246094,332.8450012207031,593.7999877929688,72.36499786376953,68816,94451,50317,16827,85294
2026-07-28 15:50:00-04:00,339.9700012207031,230.81350708007812,332.635009765625,594.0599975585938,72.51000213623047,339.9800109863281,230.83999633789062,332.9599914550781,594.4500122070312,72.52999877929688,339.3699951171875,230.65089416503906,332.54998779296875,593.9500122070312,72.37999725341797,339.44000244140625,230.7100067138672,332.9200134277344,593.9500122070312,72.37999725341797,143874,2382215,67455,32386,302820
2026-07-28 15:51:00-04:00,339.75,230.6999969482422,332.5,593.75,72.46499633789062,340.0,230.8249969482422,332.7170104980469,594.27001953125,72.52999877929688,339.67999267578125,230.6999969482422,332.4410095214844,593.75,72.45999908447266,339.9649963378906,230.82000732421875,332.6499938964844,594.1199951171875,72.5199966430664,132748,89559,64656,27276,134433
2026-07-28 15:52:00-04:00,339.614990234375,230.7899932861328,332.7200012207031,594.1699829101562,72.46499633789062,339.8500061035156,230.7899932861328,332.7200012207031,594.1699829101562,72.49500274658203,339.56500244140625,230.69000244140625,332.3949890136719,593.7000122070312,72.45500183105469,339.7601013183594,230.69000244140625,332.5,593.719970703125,72.47000122070312,102229,135251,87227,24454,137797
2026-07-28 15:53:00-04:00,339.54998779296875,231.02999877929688,332.6400146484375,594.1099853515625,72.33999633789062,339.739990234375,231.0399932861328,332.82000732421875,594.4099731445312,72.47000122070312,339.4800109863281,230.7899932861328,332.625,593.969970703125,72.33999633789062,339.6300048828125,230.7899932861328,332.7099914550781,594.0900268554688,72.46499633789062,121160,153113,73684,32534,172317
2026-07-28 15:54:00-04:00,339.8500061035156,230.9250030517578,332.8599853515625,594.1199951171875,72.44499969482422,340.0,231.1999969482422,332.9200134277344,594.489990234375,72.46499633789062,339.2900085449219,230.8699951171875,332.5400085449219,593.75,72.33499908447266,339.57000732421875,231.0399932861328,332.6400146484375,594.1099853515625,72.33999633789062,211884,207808,121054,41815,301909
2026-07-28 15:55:00-04:00,339.8399963378906,231.0198974609375,332.3999938964844,593.4400024414062,72.41500091552734,339.94000244140625,231.08999633789062,332.8800048828125,594.010009765625,72.48999786376953,339.1000061035156,230.39999389648438,332.1600036621094,592.7000122070312,72.41000366210938,339.8399963378906,230.92999267578125,332.8599853515625,594.010009765625,72.44999694824219,399825,2628713,224684,105212,335176
2026-07-28 15:56:00-04:00,340.125,231.14999389648438,332.6199951171875,594.1950073242188,72.38999938964844,340.1499938964844,231.17999267578125,332.70001220703125,594.22998046875,72.44000244140625,339.739990234375,231.01010131835938,332.30999755859375,593.3300170898438,72.37000274658203,339.8500061035156,231.01499938964844,332.4100036621094,593.6400146484375,72.41500091552734,280877,237653,152150,58661,345650
2026-07-28 15:57:00-04:00,340.3900146484375,230.91000366210938,332.57000732421875,593.8400268554688,72.43000030517578,340.4100036621094,231.17999267578125,332.80999755859375,594.2849731445312,72.44000244140625,339.9700927734375,230.88999938964844,332.5299987792969,593.7816162109375,72.3550033569336,340.125,231.14999389648438,332.6199951171875,594.22998046875,72.38500213623047,390175,299226,172263,64761,322108
2026-07-28 15:58:00-04:00,340.3450012207031,230.94000244140625,332.5255126953125,593.489990234375,72.41500091552734,340.5299987792969,231.0500030517578,332.69000244140625,593.989990234375,72.45999908447266,340.19000244140625,230.88999938964844,332.44000244140625,593.4000244140625,72.3949966430664,340.3999938964844,230.91000366210938,332.57000732421875,593.8699951171875,72.43499755859375,547327,408192,356434,136985,447262
2026-07-28 15:59:00-04:00,340.1600036621094,230.89999389648438,332.7200012207031,593.6599731445312,72.37999725341797,340.3500061035156,231.00999450683594,332.739990234375,593.72998046875,72.41999816894531,339.94000244140625,230.69000244140625,332.3599853515625,593.1199951171875,72.3499984741211,340.3450012207031,230.94500732421875,332.5150146484375,593.4949951171875,72.41000366210938,1234410,986330,550070,271960,1220096
2026-07-29 09:30:00-04:00,341.5953063964844,228.63009643554688,333.7200012207031,591.3400268554688,72.30500030517578,341.7200012207031,230.1649932861328,334.9100036621094,593.7050170898438,72.38999938964844,339.6521911621094,228.50999450683594,333.1300048828125,589.6900024414062,71.75,339.69000244140625,229.31500244140625,333.7900085449219,593.4199829101562,72.19000244140625,1864881,1086296,842376,422140,3171544
2026-07-29 09:31:00-04:00,340.8299865722656,228.82000732421875,333.0400085449219,591.22998046875,72.30999755859375,342.19000244140625,229.32000732421875,334.25,592.6798706054688,72.4000015258789,340.55999755859375,228.41000366210938,333.0400085449219,590.6599731445312,72.12000274658203,341.70001220703125,228.63499450683594,333.7200012207031,591.4149780273438,72.37999725341797,305503,123044,62316,45671,121470
2026-07-29 09:32:00-04:00,340.3900146484375,228.77000427246094,333.1300964355469,590.2050170898438,72.30000305175781,340.96990966796875,229.42999267578125,333.4100036621094,591.8259887695312,72.54000091552734,339.7200012207031,228.74000549316406,332.6099853515625,589.6099853515625,72.2699966430664,340.8900146484375,228.99000549316406,333.0199890136719,591.2050170898438,72.31999969482422,186855,110616,58534,47800,104966
2026-07-29 09:33:00-04:00,339.9599914550781,229.67999267578125,334.05999755859375,590.7855224609375,72.49500274658203,340.54119873046875,229.67999267578125,334.20001220703125,591.4000244140625,72.66999816894531,339.7900085449219,228.63999938964844,333.1600036621094,589.7501220703125,72.30000305175781,340.42498779296875,228.6999969482422,333.1600036621094,590.2050170898438,72.30000305175781,210047,101652,42026,41877,133145
2026-07-29 09:34:00-04:00,340.0282897949219,230.0,333.57000732421875,590.35498046875,72.44999694824219,340.40399169921875,230.0,334.3999938964844,591.4500122070312,72.5999984741211,339.55999755859375,229.42999267578125,333.125,589.6400146484375,72.40699768066406,339.9849853515625,229.74769592285156,334.05999755859375,591.2999877929688,72.48999786376953,143584,76113,53904,49115,196166
2026-07-29 09:35:00-04:00,340.42999267578125,229.7949981689453,334.3800048828125,593.260009765625,72.26000213623047,340.45001220703125,230.24000549316406,334.4700012207031,593.6900024414062,72.44000244140625,339.8500061035156,229.75999450683594,333.3699951171875,590.0900268554688,72.12000274658203,340.05999755859375,230.0,333.4949951171875,590.0900268554688,72.43000030517578,106358,119030,33491,59022,195927
2026-07-29 09:36:00-04:00,340.7950134277344,230.0,334.5799865722656,592.3150024414062,72.25980377197266,340.989990234375,230.16140747070312,334.6700134277344,593.6900024414062,72.37999725341797,340.1600036621094,229.75999450683594,333.8949890136719,591.8800048828125,72.19999694824219,340.3949890136719,229.83999633789062,334.3999938964844,593.6900024414062,72.23500061035156,215061,53449,45504,48242,92044
2026-07-29 09:37:00-04:00,340.7550048828125,229.47999572753906,333.8399963378906,592.02001953125,72.16000366210938,340.8299865722656,229.9600067138672,334.6293029785156,592.6099853515625,72.30000305175781,340.010009765625,229.35000610351562,333.7099914550781,591.8900146484375,72.08000183105469,340.7900085449219,229.9600067138672,334.5546875,592.4400024414062,72.29000091552734,155495,68052,48986,23330,106584
2026-07-29 09:38:00-04:00,340.6499938964844,229.63499450683594,334.32501220703125,593.0599975585938,72.08999633789062,340.989990234375,229.69000244140625,334.32501220703125,593.489990234375,72.24030303955078,340.3699951171875,229.38999938964844,333.6099853515625,591.22998046875,72.06009674072266,340.7699890136719,229.4949951171875,333.8999938964844,592.02001953125,72.13500213623047,235461,69963,30592,46987,99171
2026-07-29 09:39:00-04:00,341.2178955078125,230.14999389648438,334.69500732421875,593.739990234375,72.33000183105469,341.2178955078125,230.22999572753906,334.8949890136719,594.0,72.375,340.6841125488281,229.6199951171875,334.2347106933594,592.8099975585938,72.08000183105469,340.70001220703125,229.6595001220703,334.2347106933594,593.0700073242188,72.1050033569336,161202,77783,33063,72418,173969
2026-07-29 09:40:00-04:00,341.7300109863281,229.59500122070312,334.9999084472656,594.0,72.22000122070312,341.7550048828125,230.19000244140625,335.6700134277344,594.5499877929688,72.3499984741211,340.864990234375,229.27999877929688,334.29998779296875,593.2100219726562,72.03500366210938,341.1600036621094,230.19000244140625,334.6776123046875,593.8099975585938,72.33499908447266,198497,133760,80468,54652,164185
2026-07-29 09:41:00-04:00,341.4549865722656,229.1699981689453,334.41009521484375,593.405029296875,72.22000122070312,341.7799987792969,229.5800018310547,335.06658935546875,594.239990234375,72.23999786376953,341.4100036621094,229.13999938964844,334.41009521484375,593.1300048828125,72.125,341.7149963378906,229.5800018310547,334.8500061035156,594.0800170898438,72.23999786376953,175212,52986,45972,26753,99785
2026-07-29 09:42:00-04:00,341.4599914550781,229.2949981689453,333.8900146484375,592.2100219726562,72.20999908447266,341.7200012207031,229.51499938964844,334.510009765625,593.5900268554688,72.23500061035156,341.2699890136719,229.1699981689453,333.76458740234375,592.1599731445312,72.12000274658203,341.4549865722656,229.1699981689453,334.3999938964844,593.4099731445312,72.2300033569336,130969,78088,47869,42336,101501
2026-07-29 09:43:00-04:00,341.1400146484375,229.52999877929688,333.9100036621094,591.0750122070312,72.25,341.4599914550781,229.60000610351562,334.1000061035156,592.1900024414062,72.36509704589844,340.95001220703125,229.25999450683594,333.6000061035156,590.9000244140625,72.19999694824219,341.44000244140625,229.2899932861328,333.8800048828125,592.1500244140625,72.20999908447266,113700,64764,31262,48079,81835
2026-07-29 09:44:00-04:00,341.55999755859375,229.33999633789062,333.760009765625,590.75,72.13999938964844,341.5950012207031,229.6280059814453,333.9700012207031,591.4400024414062,72.2699966430664,340.7900085449219,229.33999633789062,333.6000061035156,590.5,72.13999938964844,341.1700134277344,229.52000427246094,333.9700012207031,591.2000122070312,72.24500274658203,108027,60640,22909,36828,52937
2026-07-29 09:45:00-04:00,342.239990234375,229.50999450683594,333.885009765625,591.9149780273438,72.12000274658203,342.3699951171875,229.6999969482422,334.3349914550781,592.0,72.29000091552734,341.5299987792969,229.3404998779297,333.67999267578125,590.7650146484375,72.06999969482422,341.5450134277344,229.35499572753906,333.7900085449219,590.7650146484375,72.16999816894531,256533,75565,42564,39932,112154
2026-07-29 09:46:00-04:00,342.7749938964844,228.91000366210938,333.2099914550781,591.2000122070312,72.19499969482422,342.9700012207031,229.5,334.3598937988281,592.2899780273438,72.23999786376953,342.239990234375,228.6999969482422,333.1600036621094,591.1199951171875,72.0999984741211,342.2850036621094,229.47000122070312,333.8949890136719,591.85498046875,72.12000274658203,371562,111274,34693,18582,95008
2026-07-29 09:47:00-04:00,342.8800048828125,228.60000610351562,332.4750061035156,589.364990234375,72.26000213623047,343.1300048828125,229.00999450683594,333.45928955078125,591.3499755859375,72.32990264892578,342.572509765625,228.50999450683594,332.385009765625,589.364990234375,72.16000366210938,342.7749938964844,228.8699951171875,333.1700134277344,591.1849975585938,72.19499969482422,280290,76128,40731,51706,59015
2026-07-29 09:48:00-04:00,343.0799865722656,228.74009704589844,332.0199890136719,589.5499877929688,72.25,343.1000061035156,228.7899932861328,332.6099853515625,590.0,72.2699966430664,342.80999755859375,228.55499267578125,331.8699951171875,589.4000244140625,72.18000030517578,342.8900146484375,228.58999633789062,332.55999755859375,589.530029296875,72.2699966430664,138507,82716,43608,22219,54139
2026-07-29 09:49:00-04:00,343.2349853515625,228.9499969482422,332.2349853515625,589.1749877929688,72.25,343.45001220703125,228.97000122070312,332.510009765625,589.6771240234375,72.31500244140625,342.7500915527344,228.6199951171875,331.9200134277344,588.6099853515625,72.16000366210938,343.0799865722656,228.8000030517578,332.07000732421875,589.5499877929688,72.28739929199219,223731,47886,36939,32010,66838
2026-07-29 09:50:00-04:00,343.3699951171875,228.80999755859375,331.9800109863281,589.10498046875,72.19499969482422,343.4800109863281,228.9499969482422,332.2749938964844,589.1749877929688,72.2300033569336,342.9700012207031,228.72999572753906,331.9017028808594,588.530029296875,72.12000274658203,343.2716064453125,228.94500732421875,332.2349853515625,589.1749877929688,72.2300033569336,265217,49591,17891,24223,67136
2026-07-29 09:51:00-04:00,343.6449890136719,228.71499633789062,331.9750061035156,588.3200073242188,72.25,343.6700134277344,228.83999633789062,332.0899963378906,588.9400024414062,72.30999755859375,343.1650085449219,228.63999938964844,331.70001220703125,588.2000122070312,72.18000030517578,343.3699951171875,228.7899932861328,331.92999267578125,588.9400024414062,72.19000244140625,233364,118613,35792,22463,116196
2026-07-29 09:52:00-04:00,343.3399963378906,228.63499450683594,331.1499938964844,587.135009765625,72.2300033569336,343.6499938964844,228.75999450683594,331.9100036621094,588.2119750976562,72.26000213623047,343.05029296875,228.5500030517578,331.1400146484375,587.135009765625,72.19999694824219,343.6300048828125,228.69000244140625,331.9100036621094,588.2119750976562,72.25039672851562,199860,75080,38225,41883,63720
2026-07-29 09:53:00-04:00,343.3500061035156,228.91700744628906,331.5,588.0900268554688,72.11000061035156,343.4599914550781,228.94500732421875,331.5899963378906,588.3699951171875,72.2750015258789,343.05999755859375,228.5800018310547,331.07000732421875,587.0499877929688,72.07499694824219,343.3500061035156,228.63499450683594,331.18499755859375,587.22998046875,72.2300033569336,128481,87685,27087,27563,90422
2026-07-29 09:54:00-04:00,343.0249938964844,228.7700958251953,331.5299987792969,587.7349853515625,72.05000305175781,343.409912109375,228.92999267578125,331.68389892578125,588.3099975585938,72.09500122070312,342.94000244140625,228.7100067138672,331.2799987792969,587.4000244140625,71.98999786376953,343.3599853515625,228.9199981689453,331.510009765625,588.2100219726562,72.08999633789062,102794,36526,34810,26500,65397
2026-07-29 09:55:00-04:00,342.6600036621094,229.0850067138672,331.9202880859375,587.9194946289062,72.16000366210938,343.1000061035156,229.16000366210938,332.1592102050781,588.0599975585938,72.17500305175781,342.3999938964844,228.83999633789062,331.4599914550781,587.5001220703125,72.05000305175781,343.0199890136719,228.89999389648438,331.5498962402344,587.7999877929688,72.05000305175781,123993,51233,41508,19569,57821
2026-07-29 09:56:00-04:00,342.5639953613281,229.4499969482422,331.75,588.739990234375,72.19999694824219,342.739990234375,229.47000122070312,332.1700134277344,589.11181640625,72.2699966430664,342.19000244140625,229.05999755859375,331.7099914550781,587.864990234375,72.1500015258789,342.68499755859375,229.10000610351562,331.95001220703125,587.9199829101562,72.1500015258789,145354,76116,35529,35893,101832
2026-07-29 09:57:00-04:00,342.94000244140625,229.27000427246094,331.6400146484375,589.1699829101562,72.36499786376953,343.1199951171875,229.50999450683594,331.8900146484375,589.219970703125,72.38999938964844,342.4599914550781,229.22999572753906,331.5400085449219,588.2050170898438,72.18000030517578,342.5199890136719,229.41000366210938,331.80499267578125,588.739990234375,72.20999908447266,155731,73133,32385,45498,150469
2026-07-29 09:58:00-04:00,342.760009765625,229.6085968017578,331.4750061035156,588.635009765625,72.31999969482422,343.0,229.67999267578125,331.69000244140625,589.14501953125,72.37000274658203,342.5199890136719,229.26499938964844,331.2799987792969,588.1099853515625,72.2699966430664,342.92999267578125,229.27000427246094,331.6000061035156,589.0700073242188,72.37000274658203,99885,84069,37204,26850,72223
2026-07-29 09:59:00-04:00,342.8699951171875,229.4550018310547,331.75,589.3800048828125,72.37999725341797,343.05499267578125,229.6300048828125,331.989990234375,589.5499877929688,72.41000366210938,342.5450134277344,229.3000030517578,331.2349853515625,588.1099853515625,72.27999877929688,342.7799987792969,229.59500122070312,331.4700012207031,588.5700073242188,72.31999969482422,126990,111331,33985,35434,85567
2026-07-29 10:00:00-04:00,342.67498779296875,229.6999969482422,331.87298583984375,590.77001953125,72.33000183105469,342.9700012207031,229.91000366210938,332.1300048828125,590.8499755859375,72.41999816894531,342.6549987792969,229.4199981689453,331.6400146484375,589.4550170898438,72.27999877929688,342.82501220703125,229.42999267578125,331.760009765625,589.5499877929688,72.37999725341797,146548,99933,51955,42017,153593
2026-07-29 10:01:00-04:00,342.82501220703125,229.6199951171875,331.739990234375,591.25,72.26000213623047,342.82501220703125,229.8300018310547,331.968994140625,591.25,72.38999938964844,342.5150146484375,229.47999572753906,331.6499938964844,590.6199951171875,72.20999908447266,342.6600036621094,229.6999969482422,331.8699951171875,590.760009765625,72.33000183105469,133418,72576,38055,34184,232806
2026-07-29 10:02:00-04:00,342.92999267578125,229.5,331.3949890136719,590.9600219726562,72.16999816894531,343.0400085449219,229.6699981689453,331.8299865722656,591.510009765625,72.29000091552734,342.6199951171875,229.33999633789062,331.3301086425781,590.760009765625,72.12999725341797,342.82501220703125,229.59010314941406,331.739990234375,591.2449951171875,72.26499938964844,179837,108353,33247,34853,111152
2026-07-29 10:03:00-04:00,343.43499755859375,229.3800048828125,331.5199890136719,590.72998046875,72.29499816894531,343.4800109863281,229.52000427246094,331.5899963378906,590.969970703125,72.30999755859375,342.95001220703125,229.27000427246094,331.2900085449219,590.0805053710938,72.16000366210938,342.9700012207031,229.47999572753906,331.4700012207031,590.7650146484375,72.16010284423828,238317,72819,48623,21819,106307
2026-07-29 10:04:00-04:00,343.19000244140625,229.3000030517578,331.5801086425781,590.64501953125,72.32499694824219,343.4599914550781,229.42999267578125,331.8299865722656,591.1199951171875,72.33999633789062,342.9501037597656,229.22000122070312,331.4501037597656,590.3699951171875,72.2699966430664,343.42401123046875,229.35000610351562,331.5199890136719,590.6500244140625,72.27999877929688,124330,53726,39120,17971,54452
2026-07-29 10:05:00-04:00,342.95001220703125,229.05999755859375,331.8949890136719,590.75,72.19000244140625,343.302490234375,229.32000732421875,332.1836853027344,591.2899780273438,72.30000305175781,342.9100036621094,228.97999572753906,331.4599914550781,590.5,72.1500015258789,343.19000244140625,229.2550048828125,331.5799865722656,590.72998046875,72.30000305175781,135478,58063,31709,24739,231821
2026-07-29 10:06:00-04:00,342.6192932128906,228.73500061035156,331.7799987792969,590.3049926757812,72.26000213623047,343.1600036621094,229.02999877929688,332.0690002441406,590.8400268554688,72.2699966430664,342.510009765625,228.6999969482422,331.5799865722656,590.1649780273438,72.12999725341797,342.9750061035156,229.02999877929688,331.8500061035156,590.7100219726562,72.16999816894531,233414,93284,16072,39025,86197
2026-07-29 10:07:00-04:00,342.4750061035156,228.73500061035156,331.6600036621094,589.6099853515625,72.26000213623047,342.8241882324219,228.88999938964844,332.0199890136719,590.4799194335938,72.37999725341797,342.4100036621094,228.6199951171875,331.5450134277344,589.340087890625,72.26000213623047,342.625,228.74549865722656,331.7550048828125,590.3150024414062,72.30000305175781,111261,85178,47265,13038,50148
2026-07-29 10:08:00-04:00,342.61968994140625,228.80990600585938,331.5098876953125,589.7999877929688,72.28500366210938,342.69000244140625,228.8800048828125,331.70001220703125,590.0,72.31999969482422,342.2300109863281,228.7100067138672,331.3699951171875,589.4000854492188,72.23999786376953,342.5,228.75999450683594,331.6600036621094,589.8400268554688,72.27999877929688,147850,71341,20628,10946,72489
2026-07-29 10:09:00-04:00,342.6650085449219,228.60009765625,331.6000061035156,590.219970703125,72.29000091552734,342.7489929199219,228.86000061035156,331.760009765625,590.4000244140625,72.30999755859375,342.45928955078125,228.59500122070312,331.4100036621094,589.4000244140625,72.23999786376953,342.5950012207031,228.7899932861328,331.4599914550781,589.5900268554688,72.29000091552734,78765,60553,29547,25901,59337
2026-07-29 10:10:00-04:00,342.3699951171875,228.1999969482422,331.3699951171875,589.1550903320312,72.30999755859375,342.81500244140625,228.61000061035156,331.6099853515625,590.2050170898438,72.33999633789062,342.3699951171875,228.1300048828125,331.19000244140625,588.6799926757812,72.2699966430664,342.6400146484375,228.61000061035156,331.5,590.2050170898438,72.2699966430664,124239,115961,59394,24814,54595
2026-07-29 10:11:00-04:00,342.3450012207031,228.22000122070312,331.2349853515625,588.6563110351562,72.20999908447266,342.67999267578125,228.30999755859375,331.6000061035156,589.4998779296875,72.30999755859375,342.25,228.1300048828125,331.1099853515625,588.4650268554688,72.20999908447266,342.3999938964844,228.24000549316406,331.4049987792969,589.155029296875,72.30580139160156,129929,62983,42944,14436,60411
2026-07-29 10:12:00-04:00,342.20001220703125,228.0,331.1499938964844,588.4500122070312,72.29499816894531,342.3568115234375,228.3699951171875,331.2799987792969,588.760009765625,72.30000305175781,341.8500061035156,227.94500732421875,330.75,588.1500244140625,72.18000030517578,342.3450012207031,228.22999572753906,331.2200012207031,588.7100219726562,72.20999908447266,208957,118372,36987,20776,52211
2026-07-29 10:13:00-04:00,341.840087890625,227.5800018310547,330.5400085449219,587.4099731445312,72.22000122070312,342.20001220703125,227.98500061035156,331.1300048828125,588.4099731445312,72.29949951171875,341.7200012207031,227.5800018310547,330.42999267578125,587.25,72.21499633789062,342.20001220703125,227.97999572753906,331.1300048828125,588.3900146484375,72.29949951171875,110397,96766,39353,31272,74265
2026-07-29 10:14:00-04:00,341.8299865722656,227.77000427246094,330.5899963378906,588.3800048828125,72.33499908447266,342.1600036621094,227.80250549316406,330.70001220703125,588.6099853515625,72.33999633789062,341.79998779296875,227.55999755859375,330.40789794921875,587.4099731445312,72.2300033569336,341.864990234375,227.60499572753906,330.5400085449219,587.4149780273438,72.25,144955,98483,32986,31742,72450
2026-07-29 10:15:00-04:00,342.0575866699219,227.94009399414062,331.0050048828125,588.64501953125,72.25,342.0889892578125,227.94009399414062,331.06988525390625,589.030029296875,72.41000366210938,341.67498779296875,227.74000549316406,330.57000732421875,588.3599853515625,72.22000122070312,341.82501220703125,227.77499389648438,330.58709716796875,588.6099853515625,72.33499908447266,129663,83194,32088,17582,108875
2026-07-29 10:16:00-04:00,341.6300048828125,227.84500122070312,330.9100036621094,588.6099853515625,72.12000274658203,342.0625915527344,227.92999267578125,331.1000061035156,588.719970703125,72.23999786376953,341.590087890625,227.58009338378906,330.65008544921875,588.0,71.97000122070312,342.04998779296875,227.91000366210938,330.97039794921875,588.6900024414062,72.23999786376953,100358,96039,26011,21386,159224
2026-07-29 10:17:00-04:00,341.7445068359375,227.5489959716797,330.79998779296875,589.3150024414062,72.12000274658203,341.7650146484375,227.86000061035156,331.1000061035156,590.0,72.18000030517578,341.4800109863281,227.47000122070312,330.6499938964844,588.52001953125,72.08499908447266,341.6300048828125,227.84500122070312,330.8905029296875,588.6098022460938,72.18000030517578,153064,74459,19940,102421,60895
2026-07-29 10:18:00-04:00,341.4599914550781,227.74000549316406,331.2113037109375,589.989990234375,72.06990051269531,341.7699890136719,227.83999633789062,331.2893981933594,590.0,72.16999816894531,341.4176025390625,227.50999450683594,330.8301086425781,589.1500244140625,72.06990051269531,341.7699890136719,227.52999877929688,330.8699951171875,589.3300170898438,72.11000061035156,119756,95716,20079,34393,81487
2026-07-29 10:19:00-04:00,341.29998779296875,227.61000061035156,331.30999755859375,589.5599975585938,72.00499725341797,341.5,227.9149932861328,331.44000244140625,590.7650146484375,72.11000061035156,341.20001220703125,227.5500030517578,331.1304931640625,589.5599975585938,71.99500274658203,341.4800109863281,227.72000122070312,331.20001220703125,589.8800048828125,72.06999969482422,109519,81382,30898,17914,56791
2026-07-29 10:20:00-04:00,341.3900146484375,227.96499633789062,331.6400146484375,590.4299926757812,72.07499694824219,341.5299987792969,227.97999572753906,331.6499938964844,590.4299926757812,72.08989715576172,341.1300048828125,227.5399932861328,331.1499938964844,589.2899780273438,71.95999908447266,341.2900085449219,227.63999938964844,331.32000732421875,589.5700073242188,72.00499725341797,154242,75731,22853,22112,53893
2026-07-29 10:21:00-04:00,341.2049865722656,227.9102020263672,331.7749938964844,588.7650146484375,71.91999816894531,341.4800109863281,227.97000122070312,331.80999755859375,590.2949829101562,72.09500122070312,341.1401062011719,227.8000030517578,331.5799865722656,588.4100952148438,71.91500091552734,341.385009765625,227.97000122070312,331.67999267578125,590.2949829101562,72.07499694824219,72115,71733,25512,42747,83002
2026-07-29 10:22:00-04:00,341.6499938964844,227.99000549316406,332.489013671875,589.0999755859375,72.00990295410156,341.6499938964844,228.0800018310547,332.489013671875,589.5399780273438,72.04000091552734,341.2200012207031,227.85000610351562,331.80010986328125,588.5900268554688,71.91999816894531,341.25,227.91000366210938,331.8399963378906,588.7849731445312,71.91999816894531,77135,55507,61053,34243,57529
2026-07-29 10:23:00-04:00,341.4601135253906,228.01499938964844,332.3301086425781,588.719970703125,71.95999908447266,341.7284851074219,228.15989685058594,332.6199951171875,589.8699951171875,72.0199966430664,341.4601135253906,227.97999572753906,332.29998779296875,588.5900268554688,71.93499755859375,341.6300048828125,228.00999450683594,332.45001220703125,589.1749877929688,71.9800033569336,68227,51751,48216,43708,76684
2026-07-29 10:24:00-04:00,341.2200012207031,227.64999389648438,331.8800048828125,588.2999877929688,71.93499755859375,341.4800109863281,228.03500366210938,332.32501220703125,589.010009765625,72.01000213623047,341.1600036621094,227.58999633789062,331.7650146484375,587.72998046875,71.93000030517578,341.43499755859375,228.02000427246094,332.32501220703125,588.5499877929688,71.9749984741211,80681,92900,44634,28969,83440
2026-07-29 10:25:00-04:00,340.9606018066406,227.58999633789062,331.6700134277344,587.3400268554688,71.94989776611328,341.30999755859375,227.72000122070312,332.1400146484375,588.2999877929688,71.95500183105469,340.9599914550781,227.5800018310547,331.6700134277344,587.3400268554688,71.87999725341797,341.2799987792969,227.6649932861328,331.8500061035156,588.27099609375,71.94000244140625,65398,74640,26354,16936,70721
2026-07-29 10:26:00-04:00,341.1199951171875,227.6300048828125,331.3900146484375,587.5900268554688,71.9749984741211,341.1899108886719,227.64990234375,331.6700134277344,587.780029296875,72.01000213623047,340.7200012207031,227.3699951171875,331.239990234375,586.72998046875,71.93000030517578,340.9700012207031,227.5950927734375,331.6700134277344,587.25,71.94999694824219,124913,103990,28870,37152,90742
2026-07-29 10:27:00-04:00,341.0799865722656,227.7899932861328,331.3999938964844,587.1500244140625,72.02010345458984,341.2200012207031,227.8000030517578,331.3999938964844,587.7899169921875,72.06990051269531,341.0299987792969,227.56500244140625,331.0700988769531,586.7999877929688,71.99500274658203,341.10009765625,227.61000061035156,331.3900146484375,587.5900268554688,71.99500274658203,92587,65023,22804,35938,91130
2026-07-29 10:28:00-04:00,341.2550048828125,227.72999572753906,331.3550109863281,586.6849975585938,72.01499938964844,341.3399963378906,227.8000030517578,331.4292907714844,587.4000244140625,72.06999969482422,341.0299987792969,227.625,330.9789123535156,586.3900146484375,71.99009704589844,341.1099853515625,227.78509521484375,331.3900146484375,587.1649780273438,72.04000091552734,107801,68639,29327,34776,83432
2026-07-29 10:29:00-04:00,341.1600036621094,227.625,331.2850036621094,588.3699951171875,72.05999755859375,341.2650146484375,227.75999450683594,331.5,588.3699951171875,72.08000183105469,341.1050109863281,227.5,331.1600036621094,586.780029296875,71.98999786376953,341.260009765625,227.71499633789062,331.30230712890625,586.780029296875,72.0,68949,75061,28238,36481,106889
2026-07-29 10:30:00-04:00,341.2900085449219,227.8000030517578,331.67950439453125,589.7576293945312,72.01499938964844,341.31988525390625,227.80999755859375,331.67999267578125,589.7576293945312,72.08000183105469,340.9100036621094,227.5399932861328,331.1000061035156,588.260009765625,71.9800033569336,341.1700134277344,227.60000610351562,331.2449951171875,588.489990234375,72.08000183105469,98861,47457,27236,51653,77726
2026-07-29 10:31:00-04:00,341.31988525390625,227.69500732421875,331.5899963378906,589.6799926757812,72.01000213623047,341.3999938964844,227.82000732421875,331.80999755859375,590.010009765625,72.07499694824219,341.04998779296875,227.52999877929688,331.3699951171875,589.1199951171875,71.98500061035156,341.32000732421875,227.82000732421875,331.6400146484375,589.3734741210938,72.01499938964844,89307,75722,24647,15047,75679
2026-07-29 10:32:00-04:00,341.1600036621094,227.8699951171875,331.8800048828125,589.9793090820312,72.05000305175781,341.34100341796875,227.91000366210938,331.95001220703125,589.97998046875,72.05999755859375,341.1000061035156,227.61500549316406,331.5202941894531,589.2849731445312,71.9800033569336,341.2699890136719,227.7100067138672,331.55999755859375,589.635009765625,72.01000213623047,76185,62729,20917,12297,49633
2026-07-29 10:33:00-04:00,341.5150146484375,227.89999389648438,332.12420654296875,589.6199951171875,72.02999877929688,341.57000732421875,228.00999450683594,332.2900085449219,590.0599975585938,72.05000305175781,341.0307922363281,227.8065948486328,331.75,589.6199951171875,71.95999908447266,341.1600036621094,227.86000061035156,331.80999755859375,589.7899780273438,72.05000305175781,102847,53415,27267,15593,128342
2026-07-29 10:34:00-04:00,341.70001220703125,227.7899932861328,331.875,589.3900146484375,72.0250015258789,341.70001220703125,227.92990112304688,332.1430969238281,589.6199951171875,72.05000305175781,341.3699951171875,227.72999572753906,331.80999755859375,589.3599853515625,71.98999786376953,341.4949951171875,227.91000366210938,332.05999755859375,589.5599975585938,72.03500366210938,69064,39649,21202,10678,34350
2026-07-29 10:35:00-04:00,341.489990234375,227.8300018310547,332.1300048828125,589.5,71.9800033569336,341.739990234375,227.89999389648438,332.1499938964844,589.6900024414062,72.0199966430664,341.4200134277344,227.55999755859375,331.7799987792969,589.1199951171875,71.96499633789062,341.70001220703125,227.7899932861328,331.875,589.6199951171875,72.0199966430664,63025,53719,20104,11954,48237
2026-07-29 10:36:00-04:00,341.2655944824219,227.76499938964844,331.9949951171875,589.77001953125,71.91999816894531,341.57000732421875,227.89999389648438,332.2799987792969,589.9400024414062,72.02999877929688,341.1300048828125,227.76499938964844,331.8599853515625,589.27001953125,71.88999938964844,341.4949951171875,227.8300018310547,332.2300109863281,589.405029296875,71.9800033569336,59830,38069,13180,26090,61377
2026-07-29 10:37:00-04:00,341.2900085449219,227.7899932861328,331.9501037597656,589.864990234375,71.85009765625,341.3695983886719,227.85000610351562,332.0150146484375,590.010009765625,71.91999816894531,341.14019775390625,227.7301025390625,331.8299865722656,589.6099853515625,71.8499984741211,341.2699890136719,227.77000427246094,331.95001220703125,589.9400024414062,71.91500091552734,48879,40529,17177,22162,58059
2026-07-29 10:38:00-04:00,341.364990234375,227.7949981689453,332.05999755859375,590.75,71.9800033569336,341.3999938964844,227.85000610351562,332.1600036621094,591.239990234375,71.9800033569336,341.1341857910156,227.66220092773438,331.75,589.469970703125,71.81500244140625,341.2699890136719,227.7899932861328,331.95001220703125,589.72998046875,71.8499984741211,52115,80529,30882,53570,204373
2026-07-29 10:39:00-04:00,341.2900085449219,227.59500122070312,331.8699951171875,590.010009765625,71.98500061035156,341.45001220703125,227.77999877929688,332.0899963378906,591.0399780273438,72.00499725341797,341.260009765625,227.50999450683594,331.7699890136719,589.7999877929688,71.90499877929688,341.3699951171875,227.77999877929688,332.07000732421875,591.0399780273438,71.9800033569336,54751,59285,17319,20128,164683
2026-07-29 10:40:00-04:00,341.05999755859375,227.32000732421875,331.4599914550781,589.4500122070312,71.9135971069336,341.3999938964844,227.57000732421875,331.8399963378906,590.2080078125,72.05500030517578,341.0201110839844,227.19500732421875,331.2699890136719,589.2650146484375,71.90499877929688,341.2799987792969,227.57000732421875,331.8399963378906,590.0750122070312,71.97000122070312,71155,79722,33562,10006,108712
2026-07-29 10:41:00-04:00,341.489990234375,227.71499633789062,331.42999267578125,590.0900268554688,72.14620208740234,341.6400146484375,227.75990295410156,331.69000244140625,590.6099853515625,72.14649963378906,341.05999755859375,227.3300018310547,331.260498046875,589.5999755859375,71.8949966430664,341.05999755859375,227.3300018310547,331.4700012207031,589.7100219726562,71.91000366210938,79503,71227,19234,17640,155647
2026-07-29 10:42:00-04:00,341.45001220703125,227.61500549316406,331.43499755859375,589.2999877929688,72.1500015258789,341.5799865722656,227.80999755859375,331.80999755859375,590.3400268554688,72.19000244140625,341.3500061035156,227.60000610351562,331.42498779296875,589.02001953125,72.0,341.489990234375,227.72000122070312,331.42498779296875,589.8900146484375,72.13999938964844,72121,81327,21995,41237,282658
2026-07-29 10:43:00-04:00,341.44500732421875,227.8350067138672,331.6400146484375,589.6599731445312,72.23500061035156,341.6000061035156,227.8800048828125,331.79998779296875,589.8400268554688,72.23500061035156,341.32000732421875,227.55999755859375,331.42999267578125,589.219970703125,72.125,341.44000244140625,227.5800018310547,331.43499755859375,589.2249755859375,72.15499877929688,157990,72827,24319,12171,105896
2026-07-29 10:44:00-04:00,341.5899963378906,227.86000061035156,331.7099914550781,589.5750122070312,72.23999786376953,341.6000061035156,227.889892578125,331.7900085449219,589.8699951171875,72.30000305175781,341.32000732421875,227.6999969482422,331.45001220703125,589.2979736328125,72.2300033569336,341.427490234375,227.83999633789062,331.6099853515625,589.594970703125,72.24690246582031,98701,58703,22096,13777,78700
2026-07-29 10:45:00-04:00,341.4599914550781,227.97000122070312,331.8800048828125,589.8150024414062,72.19999694824219,341.70001220703125,227.97999572753906,331.9399108886719,589.989990234375,72.28500366210938,341.3500061035156,227.72999572753906,331.68499755859375,589.4949951171875,72.19010162353516,341.57000732421875,227.8300018310547,331.68499755859375,589.7899780273438,72.25499725341797,86547,59868,21372,14870,88841
2026-07-29 10:46:00-04:00,341.6099853515625,227.8300018310547,332.1449890136719,589.6900024414062,72.2300033569336,341.6400146484375,227.99000549316406,332.19000244140625,589.8900146484375,72.2300033569336,341.3236083984375,227.5500030517578,331.6300048828125,589.110107421875,72.1449966430664,341.44000244140625,227.96009826660156,331.95001220703125,589.8200073242188,72.19999694824219,61702,78416,21381,12942,81191
2026-07-29 10:47:00-04:00,341.2099914550781,227.64999389648438,331.9100036621094,588.6900024414062,72.01000213623047,341.5899963378906,227.8300018310547,332.2300109863281,589.6400146484375,72.2300033569336,341.17498779296875,227.63999938964844,331.8905029296875,588.6900024414062,72.01000213623047,341.5899963378906,227.82000732421875,332.1449890136719,589.5499877929688,72.2300033569336,79733,33747,14712,19317,112033
2026-07-29 10:48:00-04:00,341.3299865722656,227.61000061035156,331.6499938964844,588.6300048828125,72.03009796142578,341.3399963378906,227.71099853515625,331.9100036621094,588.9398803710938,72.05000305175781,341.0820007324219,227.5,331.54998779296875,588.2050170898438,71.99500274658203,341.20001220703125,227.64999389648438,331.89599609375,588.7650146484375,72.01499938964844,65185,51843,22034,14857,93576
2026-07-29 10:49:00-04:00,341.0400085449219,227.60000610351562,331.8949890136719,588.6900024414062,71.92500305175781,341.3500061035156,227.64999389648438,332.010009765625,588.760009765625,72.02999877929688,340.80999755859375,227.49000549316406,331.5903015136719,588.3499755859375,71.92500305175781,341.32000732421875,227.58999633789062,331.6199951171875,588.489990234375,72.02999877929688,105451,85822,24957,8244,63329
2026-07-29 10:50:00-04:00,340.6160888671875,227.72000122070312,332.2099914550781,588.7999877929688,72.0199966430664,341.05499267578125,227.7449951171875,332.2799987792969,588.7999877929688,72.05000305175781,340.5119934082031,227.52000427246094,331.875,587.97998046875,71.9000015258789,341.05499267578125,227.61500549316406,331.8949890136719,588.7550048828125,71.93499755859375,161532,75485,35114,22647,134170
2026-07-29 10:51:00-04:00,340.54998779296875,227.6300048828125,332.3599853515625,588.7100219726562,72.04000091552734,340.9305114746094,227.72000122070312,332.3599853515625,588.8049926757812,72.05590057373047,340.510009765625,227.47000122070312,331.9200134277344,588.2899780273438,72.00499725341797,340.6050109863281,227.72000122070312,332.2550048828125,588.8049926757812,72.02999877929688,128843,65182,42984,14801,64351
2026-07-29 10:52:00-04:00,340.3800048828125,227.63499450683594,332.9049987792969,589.114990234375,71.95999908447266,340.779296875,227.7899932861328,332.95001220703125,589.2698974609375,72.04000091552734,340.3800048828125,227.6199951171875,332.30999755859375,588.719970703125,71.94000244140625,340.5899963378906,227.72999572753906,332.3999938964844,588.8499755859375,72.03500366210938,113412,55286,29356,15096,71436
2026-07-29 10:53:00-04:00,340.7099914550781,227.7550048828125,333.2900085449219,590.2899780273438,71.93000030517578,340.8999938964844,227.82000732421875,333.3699951171875,590.469970703125,71.98500061035156,340.4150085449219,227.5800018310547,332.8299865722656,588.719970703125,71.93000030517578,340.4200134277344,227.6199951171875,332.8699951171875,588.9199829101562,71.9800033569336,77357,59038,40628,78244,50368
2026-07-29 10:54:00-04:00,340.7099914550781,227.94000244140625,333.1700134277344,590.3692016601562,72.02639770507812,340.7699890136719,227.9600067138672,333.2900085449219,590.530029296875,72.02999877929688,340.44000244140625,227.72999572753906,332.7900085449219,589.9849853515625,71.91999816894531,340.70001220703125,227.75999450683594,333.25,590.2899780273438,71.93000030517578,85786,38687,32969,24113,42388
2026-07-29 10:55:00-04:00,340.70001220703125,227.8300018310547,332.95001220703125,590.2100219726562,72.15499877929688,340.75,227.9499969482422,333.2799987792969,590.9699096679688,72.19499969482422,340.6199951171875,227.8249969482422,332.8902893066406,590.2100219726562,72.0199966430664,340.7200012207031,227.91000366210938,333.1099853515625,590.3499755859375,72.0199966430664,68240,30349,22563,13844,77726
2026-07-29 10:56:00-04:00,340.6156005859375,227.74249267578125,332.8599853515625,590.1199951171875,72.11000061035156,340.8399963378906,227.82000732421875,333.0199890136719,590.6724243164062,72.16000366210938,340.54010009765625,227.6699981689453,332.7300109863281,589.6799926757812,72.05000305175781,340.69500732421875,227.82000732421875,332.92999267578125,590.6724243164062,72.15499877929688,81499,47092,15919,11583,88024
2026-07-29 10:57:00-04:00,340.5000915527344,227.83999633789062,333.0148010253906,589.614990234375,72.16500091552734,340.7099914550781,227.86500549316406,333.0799865722656,589.9500122070312,72.16999816894531,340.4800109863281,227.67999267578125,332.6700134277344,589.0432739257812,72.08000183105469,340.6600036621094,227.7550048828125,332.8352966308594,589.8200073242188,72.12000274658203,78947,58363,41098,15730,67814
2026-07-29 10:58:00-04:00,340.31500244140625,227.88999938964844,333.125,588.9400024414062,72.12999725341797,340.6000061035156,228.08999633789062,333.489990234375,589.5999755859375,72.16510009765625,340.1199951171875,227.81509399414062,332.9599914550781,588.6799926757812,72.11000061035156,340.510009765625,227.82000732421875,332.989990234375,589.5449829101562,72.16510009765625,97178,70521,25901,18774,69330
2026-07-29 10:59:00-04:00,340.3900146484375,227.85000610351562,333.0163879394531,588.9099731445312,72.13999938964844,340.44879150390625,227.91000366210938,333.2099914550781,589.3800048828125,72.15499877929688,340.2699890136719,227.72999572753906,332.92999267578125,588.2626953125,72.11000061035156,340.29998779296875,227.88499450683594,333.15899658203125,588.9400024414062,72.12999725341797,95515,46152,17717,27672,118653
2026-07-29 11:00:00-04:00,340.32501220703125,227.8699951171875,333.1000061035156,588.4299926757812,72.22879791259766,340.5,228.02999877929688,333.1000061035156,589.3599853515625,72.2300033569336,340.1499938964844,227.83999633789062,332.79998779296875,588.22998046875,72.1500015258789,340.3999938964844,227.86000061035156,332.989990234375,588.9099731445312,72.1500015258789,124389,55398,24319,13371,52256
2026-07-29 11:01:00-04:00,340.17999267578125,228.1699981689453,333.5199890136719,589.2349853515625,72.19999694824219,340.42999267578125,228.29469299316406,333.6300048828125,589.5,72.26899719238281,340.14080810546875,227.86000061035156,332.9800109863281,588.1500244140625,72.17500305175781,340.3349914550781,227.88999938964844,333.0950012207031,588.260009765625,72.25,101960,76912,28094,25480,111445
2026-07-29 11:02:00-04:00,339.79998779296875,228.0500030517578,333.54998779296875,589.405029296875,72.19000244140625,340.2699890136719,228.17999267578125,333.6499938964844,589.5551147460938,72.20500183105469,339.760009765625,227.93499755859375,333.4800109863281,588.6799926757812,72.12000274658203,340.17498779296875,228.1739959716797,333.55499267578125,589.1500244140625,72.19499969482422,143607,52485,27968,15512,66250
2026-07-29 11:03:00-04:00,339.760009765625,228.0428924560547,333.8699951171875,589.239990234375,72.11000061035156,340.05499267578125,228.1699981689453,333.9787902832031,589.4000244140625,72.20999908447266,339.7200012207031,227.98500061035156,333.4700927734375,588.9099731445312,72.06999969482422,339.77081298828125,228.02000427246094,333.5450134277344,589.4000244140625,72.19000244140625,127520,65070,39958,16933,157432
2026-07-29 11:04:00-04:00,339.739990234375,228.19009399414062,333.7200012207031,588.7100219726562,72.19000244140625,339.8599853515625,228.1999969482422,333.8500061035156,589.239990234375,72.22000122070312,339.5199890136719,227.98500061035156,333.5899963378906,588.5900268554688,72.0,339.739990234375,228.0399932861328,333.8500061035156,589.1599731445312,72.12000274658203,154508,59746,25013,13219,232773
2026-07-29 11:05:00-04:00,339.6700134277344,228.0303955078125,333.3900146484375,589.0650024414062,72.1500015258789,339.989990234375,228.22999572753906,333.82000732421875,589.75,72.27999877929688,339.5899963378906,228.00999450683594,333.2699890136719,588.385009765625,72.12000274658203,339.7799987792969,228.1699981689453,333.82000732421875,588.7999877929688,72.19999694824219,68099,39648,35279,64663,172676
2026-07-29 11:06:00-04:00,340.3999938964844,228.1199951171875,333.44500732421875,589.3201904296875,72.16999816894531,340.55999755859375,228.14990234375,333.63958740234375,589.5700073242188,72.18000030517578,339.6099853515625,228.02999877929688,333.30999755859375,589.1099853515625,72.12000274658203,339.6700134277344,228.02999877929688,333.4549865722656,589.1099853515625,72.16000366210938,140678,33528,25650,29002,57355
2026-07-29 11:07:00-04:00,340.510009765625,228.1699981689453,334.2200012207031,589.6951293945312,72.19999694824219,340.57000732421875,228.2100067138672,334.2200012207031,589.8336181640625,72.21499633789062,340.3500061035156,228.0800018310547,333.45001220703125,589.3300170898438,72.16999816894531,340.4200134277344,228.12899780273438,333.4800109863281,589.4299926757812,72.16999816894531,128042,51050,44869,15282,34047
2026-07-29 11:08:00-04:00,340.3599853515625,228.08999633789062,334.15728759765625,590.3300170898438,72.28500366210938,340.5398864746094,228.2100067138672,334.4200134277344,590.7199096679688,72.29000091552734,340.2001037597656,228.08999633789062,333.9800109863281,589.6950073242188,72.16000366210938,340.526611328125,228.17999267578125,334.2049865722656,589.6950073242188,72.20500183105469,71661,48931,53157,43360,62612
2026-07-29 11:09:00-04:00,340.2650146484375,228.31500244140625,334.25,590.5650024414062,72.29000091552734,340.4100036621094,228.31500244140625,334.2900085449219,590.7100219726562,72.30989837646484,340.2200927734375,228.0500030517578,334.05499267578125,590.3099975585938,72.2750015258789,340.2900085449219,228.0800018310547,334.05499267578125,590.3599853515625,72.28500366210938,71562,60401,20678,27737,71554
2026-07-29 11:10:00-04:00,340.1724853515625,228.27000427246094,333.80999755859375,590.2349853515625,72.2500991821289,340.29998779296875,228.3800048828125,334.2900085449219,590.5650024414062,72.29900360107422,340.1099853515625,228.25,333.7200012207031,590.0599975585938,72.25,340.2799987792969,228.31500244140625,334.260009765625,590.5650024414062,72.27999877929688,101061,51567,43275,21978,59502
2026-07-29 11:11:00-04:00,340.1400146484375,228.05999755859375,333.1099853515625,591.4299926757812,72.4000015258789,340.2300109863281,228.2899932861328,333.8500061035156,591.4299926757812,72.43499755859375,339.94000244140625,227.91000366210938,333.0899963378906,590.030517578125,72.26000213623047,340.19000244140625,228.27000427246094,333.79998779296875,590.239990234375,72.26000213623047,90780,105563,28267,72694,124090
2026-07-29 11:12:00-04:00,340.1499938964844,228.07000732421875,333.17041015625,590.989990234375,72.37979888916016,340.20001220703125,228.1699981689453,333.3999938964844,591.4500122070312,72.4000015258789,340.0299987792969,227.97999572753906,333.0199890136719,590.75,72.34500122070312,340.1499938964844,228.10000610351562,333.2300109863281,591.2349853515625,72.4000015258789,40168,54769,36066,27646,58316
2026-07-29 11:13:00-04:00,340.0299987792969,228.1199951171875,333.07000732421875,591.280029296875,72.37999725341797,340.19000244140625,228.27999877929688,333.3299865722656,591.7899780273438,72.41999816894531,339.9100036621094,228.02999877929688,333.0050048828125,590.9600219726562,72.3499984741211,340.1400146484375,228.10000610351562,333.2099914550781,591.0850219726562,72.37000274658203,58441,74845,24750,23093,54312
2026-07-29 11:14:00-04:00,339.9700012207031,228.14999389648438,333.17999267578125,591.9949951171875,72.34880065917969,340.0799865722656,228.24000549316406,333.2200012207031,592.6799926757812,72.37999725341797,339.94500732421875,228.10000610351562,332.9649963378906,591.2000122070312,72.33999633789062,340.0199890136719,228.11500549316406,333.1300048828125,591.25,72.36499786376953,42752,42627,21544,92946,37999
2026-07-29 11:15:00-04:00,339.94000244140625,228.1699981689453,333.25,591.3461303710938,72.34989929199219,340.05999755859375,228.2100067138672,333.2799987792969,592.0800170898438,72.36499786376953,339.8900146484375,228.07000732421875,332.9700012207031,591.0399780273438,72.30000305175781,339.9700012207031,228.16000366210938,333.20001220703125,592.02001953125,72.34500122070312,50655,59873,28153,26725,75427
2026-07-29 11:16:00-04:00,340.135009765625,228.32000732421875,333.7099914550781,592.510009765625,72.3499984741211,340.239990234375,228.36500549316406,333.7550048828125,592.969970703125,72.37999725341797,339.92999267578125,228.11000061035156,333.1449890136719,591.405029296875,72.34500122070312,339.92999267578125,228.14999389648438,333.2326965332031,591.405029296875,72.3499984741211,81671,40902,26149,29638,55965
2026-07-29 11:17:00-04:00,340.1300048828125,228.1699981689453,333.510009765625,592.3300170898438,72.3550033569336,340.2699890136719,228.33999633789062,333.7300109863281,592.510009765625,72.41999816894531,340.1000061035156,228.14999389648438,333.2799987792969,592.0800170898438,72.33999633789062,340.1199951171875,228.32000732421875,333.6499938964844,592.3099975585938,72.3499984741211,62589,45376,18307,9670,55706
2026-07-29 11:18:00-04:00,339.8999938964844,228.19000244140625,333.6400146484375,592.5599975585938,72.3499984741211,340.3299865722656,228.2747039794922,333.67999267578125,592.9600219726562,72.37999725341797,339.80999755859375,228.17999267578125,333.5,592.2999877929688,72.33999633789062,340.1099853515625,228.19000244140625,333.5,592.3300170898438,72.3550033569336,62561,28375,17396,14117,35706
2026-07-29 11:19:00-04:00,339.8699951171875,228.07000732421875,333.1400146484375,591.85498046875,72.2300033569336,340.0199890136719,228.22999572753906,333.6400146484375,592.4500122070312,72.36000061035156,339.8399963378906,228.05999755859375,333.11370849609375,591.8350219726562,72.20999908447266,339.92999267578125,228.1649932861328,333.6400146484375,592.3594970703125,72.3499984741211,47313,39354,27813,14418,181143
2026-07-29 11:20:00-04:00,339.9949951171875,228.05999755859375,333.3399963378906,591.8599243164062,72.30000305175781,340.010009765625,228.11000061035156,333.44500732421875,592.1300048828125,72.30999755859375,339.8299865722656,228.02000427246094,333.1400146484375,591.5999755859375,72.23999786376953,339.8500061035156,228.05999755859375,333.1506042480469,591.85498046875,72.23999786376953,50760,47721,37082,11079,49557
2026-07-29 11:21:00-04:00,339.864990234375,227.9199981689453,333.32000732421875,591.1799926757812,72.33000183105469,340.0400085449219,228.10499572753906,333.409912109375,591.6951293945312,72.37000274658203,339.760009765625,227.8800048828125,333.2601013183594,591.0900268554688,72.27999877929688,340.0,228.10499572753906,333.3500061035156,591.6950073242188,72.30000305175781,36435,98750,17882,22732,88790
2026-07-29 11:22:00-04:00,339.7950134277344,227.89500427246094,333.0799865722656,591.280029296875,72.30999755859375,339.9200134277344,227.94000244140625,333.31500244140625,591.3200073242188,72.33999633789062,339.69000244140625,227.8383026123047,332.9750061035156,590.510009765625,72.28500366210938,339.8699035644531,227.93499755859375,333.30999755859375,591.02001953125,72.33499908447266,59439,56929,27691,23324,68231
2026-07-29 11:23:00-04:00,339.7900085449219,227.97999572753906,333.3399963378906,591.9500122070312,72.30500030517578,339.8699035644531,228.0,333.3799133300781,591.9500122070312,72.31500244140625,339.69000244140625,227.8699951171875,333.0899963378906,591.3201293945312,72.26499938964844,339.78729248046875,227.91000366210938,333.1400146484375,591.4000244140625,72.30500030517578,52925,49305,19813,17394,53223
2026-07-29 11:24:00-04:00,340.05999755859375,228.0500030517578,333.2300109863281,591.3099975585938,72.26000213623047,340.0899963378906,228.08999633789062,333.3900146484375,591.9500122070312,72.33000183105469,339.6499938964844,227.89999389648438,333.05999755859375,591.1500244140625,72.25,339.79998779296875,227.97000122070312,333.3900146484375,591.9500122070312,72.29000091552734,89897,79709,13048,20515,83781
2026-07-29 11:25:00-04:00,340.04998779296875,228.3000030517578,333.04998779296875,591.3049926757812,72.26499938964844,340.0899963378906,228.3000030517578,333.2550048828125,591.3699951171875,72.2750015258789,339.8999938964844,228.00999450683594,332.7900085449219,590.5,72.19999694824219,340.04998779296875,228.0500030517578,333.2550048828125,591.2000122070312,72.26499938964844,73930,72840,29203,25655,59323
2026-07-29 11:26:00-04:00,339.8799133300781,228.0800018310547,332.80999755859375,591.4400024414062,72.23500061035156,340.06500244140625,228.3800048828125,333.3299865722656,591.997802734375,72.27950286865234,339.70001220703125,228.07000732421875,332.7449951171875,591.0,72.2249984741211,340.0299987792969,228.28500366210938,333.0278015136719,591.3099975585938,72.26499938964844,53670,66629,23067,24254,47564
2026-07-29 11:27:00-04:00,339.8699951171875,227.94500732421875,332.6499938964844,591.4749755859375,72.28500366210938,340.0400085449219,228.10000610351562,333.0,592.0,72.29499816894531,339.739990234375,227.94500732421875,332.6400146484375,591.25,72.2322998046875,339.8700866699219,228.08999633789062,332.82501220703125,591.489990234375,72.2322998046875,46078,34937,24294,22218,34709
2026-07-29 11:28:00-04:00,339.9800109863281,228.0399932861328,332.92999267578125,591.3350219726562,72.25499725341797,340.0799865722656,228.1199951171875,333.010009765625,591.8699951171875,72.3499984741211,339.8800048828125,227.9600067138672,332.6449890136719,591.3200073242188,72.25,339.8900146484375,227.9600067138672,332.6449890136719,591.5,72.30000305175781,36362,88517,20397,23555,50138
2026-07-29 11:29:00-04:00,339.80999755859375,228.01499938964844,332.81500244140625,591.4500122070312,72.2699966430664,340.0299987792969,228.07000732421875,332.9649963378906,591.6500244140625,72.27999877929688,339.7799987792969,227.97999572753906,332.7099914550781,591.2700805664062,72.25,339.9800109863281,228.0399932861328,332.95001220703125,591.625,72.2699966430664,39928,76104,16558,11201,49016
2026-07-29 11:30:00-04:00,339.9150085449219,228.21499633789062,333.0899963378906,591.280029296875,72.2300033569336,339.989990234375,228.2324981689453,333.0899963378906,591.5800170898438,72.28990173339844,339.80999755859375,227.97999572753906,332.6908874511719,590.7150268554688,72.22000122070312,339.8299865722656,228.0,332.7900085449219,591.4400024414062,72.27999877929688,97770,110894,19215,14860,64491
2026-07-29 11:31:00-04:00,339.989990234375,228.375,333.0747985839844,591.260009765625,72.23500061035156,340.0,228.47999572753906,333.1700134277344,591.5399780273438,72.25,339.760009765625,228.17999267578125,332.9800109863281,591.010009765625,72.19999694824219,339.9100036621094,228.17999267578125,333.1000061035156,591.10498046875,72.23999786376953,72314,108302,13589,9734,49752
2026-07-29 11:32:00-04:00,340.07000732421875,228.47250366210938,333.2200012207031,591.4500122070312,72.2249984741211,340.20001220703125,228.61000061035156,333.339599609375,591.6300048828125,72.2300033569336,339.92999267578125,228.3000030517578,333.05499267578125,591.1799926757812,72.20500183105469,339.9849853515625,228.39500427246094,333.1499938964844,591.27001953125,72.2300033569336,78685,97840,29300,17686,64379
2026-07-29 11:33:00-04:00,340.0199890136719,228.51499938964844,333.2900085449219,591.7650146484375,72.13999938964844,340.1300048828125,228.5749969482422,333.3999938964844,591.9390869140625,72.22000122070312,339.989990234375,228.39999389648438,333.07000732421875,591.3699951171875,72.125,340.07000732421875,228.47500610351562,333.2300109863281,591.6599731445312,72.22000122070312,52492,78120,21323,12800,38231
2026-07-29 11:34:00-04:00,339.8999938964844,228.3800048828125,333.0804138183594,590.969970703125,72.0999984741211,340.04998779296875,228.60000610351562,333.385009765625,591.9500122070312,72.16999816894531,339.8399963378906,228.25050354003906,332.9200134277344,590.8900146484375,72.0999984741211,340.03009033203125,228.52999877929688,333.32000732421875,591.9500122070312,72.13999938964844,40785,89570,19631,11499,43096
2026-07-29 11:35:00-04:00,340.0400085449219,228.49000549316406,333.3800048828125,591.5999755859375,72.07499694824219,340.1050109863281,228.50999450683594,333.3800048828125,591.7999877929688,72.11499786376953,339.8450012207031,228.3300018310547,333.07000732421875,591.0009765625,72.05999755859375,339.9200134277344,228.3800048828125,333.1300048828125,591.10498046875,72.1050033569336,74277,38902,18567,17896,50810
2026-07-29 11:36:00-04:00,340.010009765625,228.39500427246094,333.4100036621094,591.97998046875,72.06999969482422,340.07000732421875,228.5198974609375,333.44000244140625,592.0,72.08499908447266,339.8450012207031,228.27999877929688,333.17999267578125,591.3809814453125,72.05000305175781,340.0299987792969,228.4949951171875,333.3900146484375,591.6799926757812,72.08000183105469,38910,84494,16014,13038,49695
2026-07-29 11:37:00-04:00,340.3999938964844,228.2698974609375,333.0450134277344,591.5549926757812,72.23989868164062,340.5150146484375,228.4499969482422,333.57000732421875,592.5999755859375,72.25,340.010009765625,228.25,333.0115051269531,591.469970703125,72.05999755859375,340.010009765625,228.39999389648438,333.44000244140625,592.0,72.07499694824219,90535,77782,23319,24951,182773
2026-07-29 11:38:00-04:00,340.510009765625,228.27499389648438,332.67999267578125,590.8400268554688,72.30500030517578,340.67999267578125,228.39999389648438,333.0799865722656,591.6300048828125,72.37000274658203,340.3800048828125,228.21170043945312,332.63519287109375,590.8400268554688,72.2300033569336,340.3800048828125,228.23500061035156,333.0400085449219,591.5549926757812,72.26000213623047,102581,60752,20493,11762,116925
2026-07-29 11:39:00-04:00,340.3999938964844,228.22999572753906,332.6650085449219,589.8900146484375,72.30999755859375,340.5506896972656,228.32000732421875,332.79998779296875,591.0800170898438,72.3550033569336,340.3399963378906,228.22999572753906,332.6000061035156,589.5700073242188,72.29000091552734,340.5350036621094,228.27499389648438,332.67999267578125,590.9500122070312,72.30500030517578,56190,44631,15687,25130,61276
2026-07-29 11:40:00-04:00,340.4200134277344,228.2100067138672,332.5400085449219,589.1900024414062,72.37000274658203,340.6099853515625,228.2899932861328,332.8349914550781,590.1900024414062,72.37000274658203,340.30999755859375,228.2100067138672,332.5199890136719,589.0399780273438,72.29000091552734,340.3800964355469,228.22999572753906,332.67999267578125,589.8900146484375,72.31500244140625,51773,41653,13574,31252,51847
2026-07-29 11:41:00-04:00,340.489990234375,228.39999389648438,332.57000732421875,589.4099731445312,72.3301010131836,340.56500244140625,228.39999389648438,332.6000061035156,589.75,72.36499786376953,340.3800964355469,228.10000610351562,332.2799987792969,588.6900024414062,72.25499725341797,340.42498779296875,228.2050018310547,332.5400085449219,589.114990234375,72.36000061035156,50192,89565,26011,56032,59902
2026-07-29 11:42:00-04:00,340.3399963378906,228.33999633789062,332.44000244140625,589.239990234375,72.26000213623047,340.57000732421875,228.47999572753906,332.7250061035156,590.1300048828125,72.33999633789062,340.239990234375,228.33999633789062,332.3699951171875,589.239990234375,72.23999786376953,340.4800109863281,228.3699951171875,332.5101013183594,589.4099731445312,72.33999633789062,86668,50941,22925,36706,83623
2026-07-29 11:43:00-04:00,340.1050109863281,228.2949981689453,332.510009765625,589.4550170898438,72.31990051269531,340.45001220703125,228.41000366210938,332.68499755859375,589.8200073242188,72.31990051269531,339.8800048828125,228.2899932861328,332.44000244140625,589.4500122070312,72.26000213623047,340.32501220703125,228.36000061035156,332.44000244140625,589.8200073242188,72.2699966430664,112823,50580,27241,8357,38749
2026-07-29 11:44:00-04:00,340.0899963378906,228.30999755859375,332.69000244140625,589.5650024414062,72.3550033569336,340.16009521484375,228.38999938964844,332.69500732421875,589.64990234375,72.3550033569336,339.94000244140625,228.22000122070312,332.5199890136719,589.0501098632812,72.30000305175781,340.1300048828125,228.2949981689453,332.55999755859375,589.4000244140625,72.30999755859375,55997,62445,9039,15802,62504
2026-07-29 11:45:00-04:00,340.2900085449219,228.31500244140625,332.5950012207031,589.1500244140625,72.3550033569336,340.2900085449219,228.40499877929688,332.7200012207031,589.6400146484375,72.38999938964844,340.05999755859375,228.25,332.5,589.0,72.3499984741211,340.0899963378906,228.3000030517578,332.69000244140625,589.47998046875,72.36000061035156,49117,107213,17084,16881,45520
2026-07-29 11:46:00-04:00,340.375,228.25999450683594,332.82000732421875,588.9000244140625,72.42990112304688,340.44500732421875,228.33999633789062,332.9986877441406,589.147705078125,72.43000030517578,340.1300048828125,228.125,332.6099853515625,588.219970703125,72.3499984741211,340.260009765625,228.3000030517578,332.6099853515625,589.0800170898438,72.3550033569336,49017,102696,15182,24967,53567
2026-07-29 11:47:00-04:00,340.6549987792969,228.6999969482422,332.92999267578125,588.7100219726562,72.4800033569336,340.739990234375,228.72000122070312,332.9997863769531,588.9299926757812,72.49500274658203,340.32000732421875,228.14999389648438,332.7699890136719,588.280029296875,72.43000030517578,340.375,228.2689971923828,332.8500061035156,588.8099975585938,72.44499969482422,81070,122151,16527,29804,64411
2026-07-29 11:48:00-04:00,340.5899963378906,228.6999969482422,332.7793884277344,588.5549926757812,72.55500030517578,340.8599853515625,228.75999450683594,332.9800109863281,588.7899780273438,72.55500030517578,340.57000732421875,228.6199951171875,332.75,588.3099975585938,72.4801025390625,340.68499755859375,228.69500732421875,332.9200134277344,588.75,72.4801025390625,69446,91914,14922,22446,85121
2026-07-29 11:49:00-04:00,340.8399963378906,228.77000427246094,332.7349853515625,588.875,72.58000183105469,340.8800048828125,228.77000427246094,332.739990234375,589.0,72.58000183105469,340.5950012207031,228.67999267578125,332.44000244140625,588.010009765625,72.54350280761719,340.5950012207031,228.6999969482422,332.739990234375,588.4199829101562,72.55000305175781,53000,54847,16835,14210,33226
2026-07-29 11:50:00-04:00,340.875,228.68499755859375,332.70001220703125,588.469970703125,72.61000061035156,340.9700012207031,228.90499877929688,332.80999755859375,588.89501953125,72.62100219726562,340.781005859375,228.66000366210938,332.54998779296875,588.4099731445312,72.56500244140625,340.80999755859375,228.75999450683594,332.7300109863281,588.75,72.57499694824219,100429,71953,21869,16053,65778
2026-07-29 11:51:00-04:00,340.8500061035156,228.5399932861328,332.45001220703125,588.0050048828125,72.5999984741211,340.8900146484375,228.6999969482422,332.7200012207031,588.6500244140625,72.62989807128906,340.75,228.50999450683594,332.42010498046875,587.9099731445312,72.58000183105469,340.82501220703125,228.68499755859375,332.6700134277344,588.469970703125,72.60079956054688,58719,61809,17866,32779,50874
2026-07-29 11:52:00-04:00,341.17498779296875,228.4951934814453,332.6499938964844,588.27001953125,72.63500213623047,341.2200012207031,228.5950927734375,332.6499938964844,588.3900146484375,72.6624984741211,340.82000732421875,228.35499572753906,332.375,587.9600219726562,72.6050033569336,340.8399963378906,228.55999755859375,332.5150146484375,587.9600219726562,72.61000061035156,122585,60586,18578,15189,42719
2026-07-29 11:53:00-04:00,341.0199890136719,228.4600067138672,332.23651123046875,587.9899291992188,72.64990234375,341.1700134277344,228.5500030517578,332.6300048828125,588.3699951171875,72.66010284423828,340.8900146484375,228.4499969482422,332.2149963378906,587.4600219726562,72.61000061035156,341.1700134277344,228.49000549316406,332.6300048828125,588.27001953125,72.63500213623047,53202,29232,26872,20347,86245
2026-07-29 11:54:00-04:00,340.8399963378906,228.38999938964844,332.05999755859375,586.9099731445312,72.63500213623047,341.0419921875,228.47500610351562,332.2699890136719,587.6799926757812,72.6500015258789,340.7250061035156,228.375,332.0,586.8499755859375,72.62000274658203,341.0199890136719,228.47500610351562,332.2699890136719,587.6799926757812,72.64990234375,51197,47759,25058,22085,83683
2026-07-29 11:55:00-04:00,340.9200134277344,228.14999389648438,331.94000244140625,585.8150024414062,72.57499694824219,340.9949951171875,228.41000366210938,332.0899963378906,586.9099731445312,72.62999725341797,340.7799987792969,228.1269073486328,331.8200988769531,585.510009765625,72.56999969482422,340.8599853515625,228.41000366210938,332.0899963378906,586.8499755859375,72.62999725341797,60312,47141,18598,39895,69293
2026-07-29 11:56:00-04:00,341.0249938964844,228.1649932861328,331.8100891113281,585.8400268554688,72.61499786376953,341.07000732421875,228.23500061035156,331.9700012207031,585.9299926757812,72.61990356445312,340.8800048828125,228.07000732421875,331.7200012207031,585.25,72.58000183105469,340.93499755859375,228.14999389648438,331.94000244140625,585.8099975585938,72.58000183105469,56931,49715,16933,25805,78141
2026-07-29 11:57:00-04:00,341.07000732421875,227.72000122070312,331.5350036621094,585.7850952148438,72.59500122070312,341.1000061035156,228.185302734375,332.0,586.2449951171875,72.63999938964844,340.8599853515625,227.6199951171875,331.5,585.5700073242188,72.57499694824219,341.0199890136719,228.1699981689453,331.7900085449219,585.8300170898438,72.61499786376953,48212,217985,29106,18521,82187
2026-07-29 11:58:00-04:00,341.04998779296875,227.9600067138672,331.70001220703125,586.0700073242188,72.58000183105469,341.1499938964844,227.97999572753906,331.70001220703125,586.0700073242188,72.61000061035156,340.75,227.7100067138672,331.3949890136719,585.25,72.56500244140625,341.0799865722656,227.7100067138672,331.4100036621094,585.6749877929688,72.59500122070312,99450,56633,18232,25701,37359
2026-07-29 11:59:00-04:00,341.0299987792969,227.8800048828125,331.94000244140625,586.7150268554688,72.58000183105469,341.1499938964844,227.97000122070312,332.0400085449219,586.8499755859375,72.58999633789062,340.9200134277344,227.85000610351562,331.510009765625,585.9099731445312,72.53500366210938,341.0799865722656,227.97000122070312,331.7099914550781,586.0399780273438,72.58000183105469,48453,36317,31430,14100,39642
2026-07-29 12:00:00-04:00,340.8612060546875,227.6199951171875,331.94000244140625,586.8099975585938,72.51000213623047,341.1199951171875,227.99000549316406,332.1300048828125,587.3397216796875,72.58499908447266,340.7799987792969,227.60000610351562,331.9200134277344,586.5800170898438,72.47000122070312,341.1000061035156,227.88999938964844,331.94000244140625,586.760009765625,72.58000183105469,40214,48272,21569,28906,51063
2026-07-29 12:01:00-04:00,340.75,227.625,332.19000244140625,587.2100219726562,72.58999633789062,340.95001220703125,227.7299041748047,332.19000244140625,587.2999877929688,72.62000274658203,340.7200012207031,227.5800018310547,331.9104919433594,586.7100219726562,72.50050354003906,340.8500061035156,227.61000061035156,331.9549865722656,586.7100219726562,72.50050354003906,36563,31425,20114,28447,55121
2026-07-29 12:02:00-04:00,340.92999267578125,227.5800018310547,332.0799865722656,586.7449951171875,72.5999984741211,341.0199890136719,227.67999267578125,332.2799987792969,587.3599853515625,72.62999725341797,340.6300048828125,227.5800018310547,332.05999755859375,586.7000122070312,72.57499694824219,340.7298889160156,227.6300048828125,332.17999267578125,587.2100219726562,72.58000183105469,44130,43844,30528,28850,50836
2026-07-29 12:03:00-04:00,341.0299987792969,227.72999572753906,332.19000244140625,586.6099853515625,72.61499786376953,341.0799865722656,227.75,332.20001220703125,586.9199829101562,72.62999725341797,340.9049987792969,227.52000427246094,332.0400085449219,586.47998046875,72.58999633789062,340.92999267578125,227.59800720214844,332.0899963378906,586.7449951171875,72.60009765625,29415,65448,17880,22038,24618
2026-07-29 12:04:00-04:00,340.8999938964844,227.63999938964844,332.2799987792969,586.739990234375,72.62999725341797,341.1499938964844,227.77000427246094,332.32501220703125,586.8300170898438,72.66500091552734,340.8599853515625,227.5906982421875,332.1499938964844,586.3773803710938,72.60009765625,341.0450134277344,227.74000549316406,332.1600036621094,586.6369018554688,72.62000274658203,53013,31147,31534,18327,58381
2026-07-29 12:05:00-04:00,340.7699890136719,227.51499938964844,332.2699890136719,586.8599853515625,72.66010284423828,340.9200134277344,227.63999938964844,332.29998779296875,586.8800048828125,72.6698989868164,340.70001220703125,227.38999938964844,332.0548095703125,586.3300170898438,72.62000274658203,340.9049987792969,227.63999938964844,332.29998779296875,586.7449951171875,72.6333999633789,48455,70606,27407,23628,43300
2026-07-29 12:06:00-04:00,340.8800048828125,227.57000732421875,332.80999755859375,587.0999755859375,72.70999908447266,340.94000244140625,227.61000061035156,332.80999755859375,587.1500244140625,72.7300033569336,340.739990234375,227.49000549316406,332.2200012207031,586.8099975585938,72.66500091552734,340.75,227.52000427246094,332.2900085449219,586.8599853515625,72.66510009765625,76514,32078,42529,14373,86243
2026-07-29 12:07:00-04:00,340.9150085449219,227.35499572753906,332.4818115234375,585.6500244140625,72.7699966430664,340.95001220703125,227.55999755859375,332.82000732421875,586.9299926757812,72.77999877929688,340.739990234375,227.32000732421875,332.47100830078125,585.5700073242188,72.71499633789062,340.82501220703125,227.55999755859375,332.760009765625,586.9299926757812,72.72019958496094,53575,55721,24046,24010,137934
2026-07-29 12:08:00-04:00,340.8450927734375,227.48500061035156,333.0360107421875,585.75,72.76499938964844,341.010009765625,227.5,333.1199951171875,585.8300170898438,72.83999633789062,340.7900085449219,227.32000732421875,332.510009765625,585.5,72.76000213623047,340.92999267578125,227.36000061035156,332.54998779296875,585.6400146484375,72.7699966430664,39419,57997,31456,37610,135117
2026-07-29 12:09:00-04:00,341.010009765625,227.59500122070312,333.3500061035156,585.9099731445312,72.77999877929688,341.0350036621094,227.60879516601562,333.3500061035156,586.0999755859375,72.77999877929688,340.7560119628906,227.36000061035156,332.935302734375,585.27001953125,72.73500061035156,340.8399963378906,227.47999572753906,333.04998779296875,585.7100219726562,72.77989959716797,53868,58254,24969,46189,45701
2026-07-29 12:10:00-04:00,340.9502868652344,227.5,333.6000061035156,586.0,72.76000213623047,341.07501220703125,227.61000061035156,333.69000244140625,586.1599731445312,72.77999877929688,340.92010498046875,227.49000549316406,333.2900085449219,585.8200073242188,72.75,340.9700012207031,227.5850067138672,333.3500061035156,586.114990234375,72.7699966430664,38330,24024,18697,13848,48680
2026-07-29 12:11:00-04:00,340.95001220703125,227.61000061035156,333.79998779296875,586.3699951171875,72.7300033569336,340.9800109863281,227.61000061035156,333.9100036621094,586.3800048828125,72.76499938964844,340.70001220703125,227.47000122070312,333.4800109863281,585.85498046875,72.69999694824219,340.9599914550781,227.5050048828125,333.5950012207031,586.0,72.76000213623047,29686,30679,33722,24134,52712
2026-07-29 12:12:00-04:00,340.8699951171875,227.61000061035156,333.6488037109375,586.1525268554688,72.69989776611328,340.9649963378906,227.6699981689453,333.8900146484375,586.4299926757812,72.7300033569336,340.8299865722656,227.55999755859375,333.6400146484375,586.1099853515625,72.68479919433594,340.95001220703125,227.60499572753906,333.79998779296875,586.3795166015625,72.7300033569336,30879,26513,23116,117380,75963
2026-07-29 12:13:00-04:00,340.9800109863281,227.81500244140625,333.4800109863281,586.5800170898438,72.72000122070312,340.989990234375,227.83999633789062,333.7298889160156,586.5999755859375,72.7300033569336,340.79998779296875,227.58999633789062,333.4800109863281,585.9099731445312,72.66000366210938,340.900390625,227.61500549316406,333.635009765625,586.1400146484375,72.70500183105469,39350,41125,28577,22027,45023
2026-07-29 12:14:00-04:00,340.8299865722656,227.6649932861328,333.1499938964844,585.760009765625,72.7699966430664,341.0400085449219,227.80999755859375,333.6300048828125,586.5557250976562,72.78990173339844,340.80999755859375,227.62100219726562,333.1499938964844,585.5100708007812,72.70500183105469,340.9700927734375,227.8000030517578,333.4700012207031,586.5557250976562,72.72200012207031,39256,39593,39184,13956,71299
2026-07-29 12:15:00-04:00,340.69500732421875,227.72999572753906,333.54998779296875,585.9600219726562,72.72019958496094,340.8599853515625,227.75,333.54998779296875,586.22998046875,72.77999877929688,340.69000244140625,227.55999755859375,333.0299987792969,585.3613891601562,72.70999908447266,340.79998779296875,227.64999389648438,333.0799865722656,585.6649780273438,72.77999877929688,49155,43915,22625,32267,68793
2026-07-29 12:16:00-04:00,340.8399963378906,227.9550018310547,333.625,585.7999877929688,72.71980285644531,340.8599853515625,227.9550018310547,333.760009765625,586.1099853515625,72.73999786376953,340.67999267578125,227.7100067138672,333.4847106933594,585.5471801757812,72.69999694824219,340.69500732421875,227.77999877929688,333.5274963378906,585.969970703125,72.72000122070312,55760,81127,21521,17157,44144
2026-07-29 12:17:00-04:00,341.0506896972656,228.11000061035156,333.510009765625,585.7550048828125,72.80999755859375,341.1600036621094,228.1300048828125,333.6700134277344,585.8200073242188,72.81999969482422,340.80999755859375,227.9600067138672,333.3800964355469,585.530029296875,72.7249984741211,340.8200988769531,227.9600067138672,333.6099853515625,585.7849731445312,72.7249984741211,81276,53563,44455,21332,55557
2026-07-29 12:18:00-04:00,341.06500244140625,228.14500427246094,333.4200134277344,586.1799926757812,72.78589630126953,341.1600036621094,228.14999389648438,333.6199951171875,586.280029296875,72.82990264892578,340.94500732421875,228.07040405273438,333.30999755859375,585.760009765625,72.7699966430664,341.07000732421875,228.1199951171875,333.47039794921875,585.77001953125,72.80999755859375,62218,34059,25034,21957,47057
2026-07-29 12:19:00-04:00,341.07000732421875,228.17990112304688,333.3299865722656,587.0800170898438,72.8301010131836,341.1499938964844,228.22000122070312,333.4800109863281,587.114990234375,72.84500122070312,341.00048828125,228.10000610351562,333.07000732421875,586.0499877929688,72.73979949951172,341.05999755859375,228.14500427246094,333.4200134277344,586.1749877929688,72.7750015258789,44486,35526,31684,56059,199996
2026-07-29 12:20:00-04:00,340.94000244140625,228.17999267578125,333.42498779296875,587.6500244140625,72.8301010131836,341.1499938964844,228.1999969482422,333.4599914550781,587.6500244140625,72.87650299072266,340.8699951171875,228.09429931640625,333.239990234375,586.8599853515625,72.81999969482422,341.07000732421875,228.1699981689453,333.30999755859375,587.0999755859375,72.83999633789062,69783,35981,20894,38064,203562
2026-07-29 12:21:00-04:00,341.05999755859375,228.3000030517578,333.4049987792969,588.469970703125,72.88999938964844,341.1000061035156,228.3000030517578,333.4800109863281,588.469970703125,72.88999938964844,340.8399963378906,228.13999938964844,333.30999755859375,587.2349853515625,72.81999969482422,340.92999267578125,228.16000366210938,333.4100036621094,587.5750122070312,72.83999633789062,48386,37320,14058,44432,178773
2026-07-29 12:22:00-04:00,341.2099914550781,228.49000549316406,333.8699951171875,588.905029296875,73.02639770507812,341.2200012207031,228.5500030517578,333.8699951171875,589.094970703125,73.02999877929688,341.0299987792969,228.32000732421875,333.3700866699219,588.260009765625,72.88500213623047,341.07000732421875,228.32000732421875,333.3700866699219,588.3151245117188,72.88999938964844,59791,41488,37672,24595,100260
2026-07-29 12:23:00-04:00,341.4200134277344,228.6300048828125,333.93060302734375,589.1799926757812,73.08000183105469,341.45001220703125,228.73500061035156,334.2699890136719,589.9400024414062,73.08000183105469,341.1600036621094,228.44000244140625,333.8500061035156,588.8099975585938,73.0199966430664,341.2099914550781,228.5,333.8999938964844,588.8800048828125,73.02999877929688,87512,61445,33810,23761,77675
2026-07-29 12:24:00-04:00,341.54998779296875,228.72500610351562,333.989990234375,589.5,73.12069702148438,341.54998779296875,228.74920654296875,334.0400085449219,589.5499877929688,73.12999725341797,341.3800048828125,228.60000610351562,333.82000732421875,589.1300048828125,73.04000091552734,341.42999267578125,228.61000061035156,333.9501037597656,589.1668701171875,73.07009887695312,56708,40484,20078,21954,50260
2026-07-29 12:25:00-04:00,341.42999267578125,228.82000732421875,334.1628112792969,590.0999755859375,73.08989715576172,341.55999755859375,228.88499450683594,334.239990234375,590.1799926757812,73.13500213623047,341.3999938964844,228.7200927734375,334.04998779296875,589.5499877929688,73.06999969482422,341.5350036621094,228.7200927734375,334.04998779296875,589.5499877929688,73.12999725341797,42754,132393,15722,19247,73940
2026-07-29 12:26:00-04:00,341.5150146484375,229.01499938964844,334.3299865722656,590.0750122070312,73.08000183105469,341.5199890136719,229.0299072265625,334.3599853515625,590.1799926757812,73.11000061035156,341.31500244140625,228.80999755859375,334.07000732421875,589.7000122070312,73.06999969482422,341.44000244140625,228.82000732421875,334.1000061035156,589.989990234375,73.08989715576172,55190,42163,38211,21604,80457
2026-07-29 12:27:00-04:00,341.42498779296875,229.08999633789062,334.70001220703125,590.9600219726562,73.11499786376953,341.5150146484375,229.1300048828125,334.7900085449219,591.1900024414062,73.12989807128906,341.3500061035156,228.9801025390625,334.32000732421875,589.969970703125,73.05999755859375,341.5150146484375,229.00929260253906,334.32000732421875,589.969970703125,73.06999969482422,36991,39989,30671,25725,59660
2026-07-29 12:28:00-04:00,341.281005859375,229.03500366210938,334.6300048828125,590.8499145507812,73.16999816894531,341.44000244140625,229.0800018310547,334.7200012207031,591.0,73.16999816894531,341.2099914550781,228.97000122070312,334.3599853515625,590.4199829101562,73.0802001953125,341.44000244140625,229.0800018310547,334.67010498046875,590.8800048828125,73.11499786376953,44358,30320,26001,13137,72534
2026-07-29 12:29:00-04:00,341.2699890136719,229.1699981689453,334.67999267578125,590.8200073242188,73.28980255126953,341.44000244140625,229.17990112304688,334.8999938964844,591.1400146484375,73.36499786376953,341.2699890136719,229.0500030517578,334.5799865722656,590.510009765625,73.1500015258789,341.29998779296875,229.0500030517578,334.5799865722656,590.510009765625,73.1500015258789,36243,54154,43769,9473,248481
2026-07-29 12:30:00-04:00,341.2449951171875,229.35000610351562,334.6050109863281,591.4550170898438,73.20999908447266,341.4100036621094,229.42999267578125,334.92401123046875,591.7999877929688,73.3499984741211,341.20001220703125,229.13999938964844,334.5799865722656,590.3400268554688,73.20999908447266,341.25,229.13999938964844,334.6499938964844,590.8300170898438,73.27999877929688,45853,78148,21855,42367,160648
2026-07-29 12:31:00-04:00,341.04998779296875,229.24000549316406,334.70001220703125,591.5,73.19999694824219,341.2300109863281,229.33999633789062,334.739990234375,591.5899047851562,73.26000213623047,341.010009765625,229.22000122070312,334.57000732421875,590.9000244140625,73.16999816894531,341.2200012207031,229.3000030517578,334.57000732421875,591.4000244140625,73.21499633789062,37080,53225,16898,16859,176080
2026-07-29 12:32:00-04:00,341.21038818359375,229.17999267578125,334.5198059082031,591.094970703125,73.11000061035156,341.2250061035156,229.24000549316406,334.7550048828125,591.5999755859375,73.20999908447266,340.9700012207031,229.11000061035156,334.4800109863281,590.9400024414062,73.08000183105469,341.0799865722656,229.22860717773438,334.7200012207031,591.510009765625,73.20989990234375,38298,47969,12049,16892,195428
2026-07-29 12:33:00-04:00,341.2701110839844,229.15280151367188,334.43939208984375,590.3150024414062,73.1050033569336,341.32000732421875,229.1898956298828,334.6300048828125,591.111083984375,73.12000274658203,341.17999267578125,229.07000732421875,334.3599853515625,590.0599975585938,73.08999633789062,341.2300109863281,229.16000366210938,334.5450134277344,591.111083984375,73.11990356445312,41145,36250,69142,19194,74717
2026-07-29 12:34:00-04:00,341.1099853515625,229.06500244140625,334.44500732421875,590.22998046875,73.08499908447266,341.3399963378906,229.22999572753906,334.5799865722656,590.5800170898438,73.12999725341797,341.0400085449219,229.05999755859375,334.3299865722656,589.8200073242188,73.05000305175781,341.2850036621094,229.16000366210938,334.45001220703125,590.280029296875,73.0999984741211,44506,44901,22722,15948,63636
2026-07-29 12:35:00-04:00,340.9100036621094,229.09249877929688,334.4551086425781,590.905029296875,72.97000122070312,341.1400146484375,229.14999389648438,334.6619873046875,590.989990234375,73.08989715576172,340.8900146484375,229.05039978027344,334.3699951171875,590.2899780273438,72.96009826660156,341.1099853515625,229.0605010986328,334.4306945800781,590.2899780273438,73.08000183105469,52568,32836,28668,14713,79460
2026-07-29 12:36:00-04:00,340.6675109863281,229.07000732421875,334.3558044433594,590.8099975585938,72.96499633789062,340.9700012207031,229.1199951171875,334.4700012207031,590.89501953125,72.98500061035156,340.6099853515625,228.9199981689453,334.2300109863281,590.4000244140625,72.9000015258789,340.9200134277344,229.1199951171875,334.4700012207031,590.8900146484375,72.9800033569336,45821,31116,40970,14604,108233
2026-07-29 12:37:00-04:00,340.6300048828125,229.1999969482422,334.510009765625,591.1400146484375,72.94499969482422,340.80999755859375,229.1999969482422,334.5299987792969,591.369873046875,72.97000122070312,340.6300048828125,229.07000732421875,334.3900146484375,590.7650146484375,72.9343032836914,340.67999267578125,229.07000732421875,334.3999938964844,590.7650146484375,72.96499633789062,42747,30404,15891,13984,50449
2026-07-29 12:38:00-04:00,340.5,229.03250122070312,334.2300109863281,590.9901123046875,72.80500030517578,340.6700134277344,229.17999267578125,334.5150146484375,591.3660278320312,72.94989776611328,340.4800109863281,228.99000549316406,334.2300109863281,590.989990234375,72.80500030517578,340.635009765625,229.17999267578125,334.5101013183594,591.1500244140625,72.94499969482422,42390,43446,15525,15524,61319
2026-07-29 12:39:00-04:00,340.57000732421875,229.17340087890625,334.29998779296875,591.375,72.73999786376953,340.67999267578125,229.22000122070312,334.364990234375,591.489990234375,72.80500030517578,340.510009765625,229.03750610351562,334.2200012207031,591.010009765625,72.72000122070312,340.5199890136719,229.0399932861328,334.260009765625,591.1400146484375,72.80500030517578,32616,52561,20989,78276,43100
2026-07-29 12:40:00-04:00,340.5,229.19000244140625,334.3399963378906,592.469970703125,72.68000030517578,340.5950012207031,229.2198944091797,334.3620910644531,592.469970703125,72.73999786376953,340.44000244140625,229.08999633789062,334.1099853515625,591.1500244140625,72.66000366210938,340.56500244140625,229.19000244140625,334.2799987792969,591.375,72.73999786376953,46063,33017,26645,27943,63196
2026-07-29 12:41:00-04:00,340.260009765625,229.03500366210938,334.11419677734375,592.0900268554688,72.62000274658203,340.5299987792969,229.1999053955078,334.3500061035156,592.5700073242188,72.69000244140625,340.19000244140625,229.03500366210938,334.11419677734375,591.7750244140625,72.62000274658203,340.510009765625,229.16000366210938,334.2909851074219,592.49462890625,72.68000030517578,41641,27074,12941,21701,40922
2026-07-29 12:42:00-04:00,340.1787109375,229.0500030517578,333.9200134277344,591.3150024414062,72.50499725341797,340.2550048828125,229.1300048828125,334.125,591.8032836914062,72.62989807128906,340.04998779296875,228.97000122070312,333.77099609375,591.110107421875,72.47000122070312,340.239990234375,229.0399932861328,334.1075134277344,591.8032836914062,72.61000061035156,41535,26613,20961,17813,76908
2026-07-29 12:43:00-04:00,340.3299865722656,229.0399932861328,334.1427917480469,591.72998046875,72.58499908447266,340.4200134277344,229.14999389648438,334.25,592.0394897460938,72.5999984741211,340.1499938964844,229.0,333.9100036621094,591.364990234375,72.50499725341797,340.1499938964844,229.031494140625,333.9100036621094,591.489990234375,72.50499725341797,45485,26355,19028,9831,48303
2026-07-29 12:44:00-04:00,340.55999755859375,229.13999938964844,334.2699890136719,592.5,72.73999786376953,340.5899963378906,229.14999389648438,334.2699890136719,592.5,72.75,340.32501220703125,229.00999450683594,334.0877990722656,591.6500244140625,72.56999969482422,340.32501220703125,229.02000427246094,334.1300048828125,591.72998046875,72.58499908447266,33905,30505,19951,18148,100351
2026-07-29 12:45:00-04:00,340.5,229.07009887695312,334.1925048828125,592.4400024414062,72.71990203857422,340.7699890136719,229.17599487304688,334.30999755859375,592.7050170898438,72.7699966430664,340.43499755859375,229.0399932861328,334.1182861328125,592.1900024414062,72.69999694824219,340.55999755859375,229.125,334.2300109863281,592.5449829101562,72.7499008178711,60336,27357,19240,15048,54054
2026-07-29 12:46:00-04:00,340.389892578125,229.0500030517578,334.2799987792969,592.030029296875,72.6500015258789,340.5299987792969,229.0998992919922,334.2799987792969,592.489990234375,72.72000122070312,340.30059814453125,229.02999877929688,334.1300048828125,592.010009765625,72.6449966430664,340.5,229.05999755859375,334.20001220703125,592.3800048828125,72.72000122070312,29442,24416,15792,9444,35731
2026-07-29 12:47:00-04:00,340.5450134277344,229.39999389648438,334.5799865722656,592.4550170898438,72.69499969482422,340.55999755859375,229.39999389648438,334.5799865722656,592.6409912109375,72.70999908447266,340.3999938964844,229.07000732421875,334.29998779296875,592.0399780273438,72.66000366210938,340.3999938964844,229.0800018310547,334.30999755859375,592.1599731445312,72.66000366210938,33349,1080115,38680,13383,53603
2026-07-29 12:48:00-04:00,340.57000732421875,229.41000366210938,334.497314453125,592.6400146484375,72.72000122070312,340.67999267578125,229.50999450683594,334.67999267578125,592.8917236328125,72.76000213623047,340.5199890136719,229.3800048828125,334.497314453125,592.4099731445312,72.70010375976562,340.5325012207031,229.42999267578125,334.6499938964844,592.614990234375,72.70010375976562,32774,69592,22931,9685,25656
2026-07-29 12:49:00-04:00,340.8500061035156,229.50999450683594,334.7799987792969,592.8099975585938,72.77999877929688,340.8500061035156,229.50999450683594,334.8299865722656,592.9000244140625,72.77999877929688,340.5304870605469,229.39999389648438,334.510009765625,592.3900146484375,72.70999908447266,340.57000732421875,229.41000366210938,334.5400085449219,592.5150146484375,72.7300033569336,48509,50293,30960,18173,32858
2026-07-29 12:50:00-04:00,340.8800048828125,229.4949951171875,334.864990234375,592.844970703125,72.80999755859375,340.95001220703125,229.52890014648438,334.95001220703125,593.0,72.81999969482422,340.79010009765625,229.42999267578125,334.7799987792969,592.6975708007812,72.73999786376953,340.82000732421875,229.50999450683594,334.82989501953125,592.8599853515625,72.77999877929688,46765,50622,35981,18734,53139
2026-07-29 12:51:00-04:00,340.8949890136719,229.5749969482422,334.8399963378906,592.6900024414062,72.7750015258789,340.9700012207031,229.61000061035156,334.9100036621094,592.9500122070312,72.82499694824219,340.75,229.4499969482422,334.6499938964844,592.6400146484375,72.7300033569336,340.8599853515625,229.5,334.8900146484375,592.8400268554688,72.81999969482422,26704,44686,17405,17141,67547
2026-07-29 12:52:00-04:00,340.9551086425781,229.5800018310547,334.9599914550781,592.5800170898438,72.7699966430664,340.9599914550781,229.61000061035156,334.989990234375,592.9500122070312,72.79000091552734,340.81500244140625,229.47999572753906,334.6470031738281,592.2999877929688,72.74500274658203,340.8949890136719,229.5800018310547,334.8299865722656,592.6900024414062,72.7750015258789,43384,44552,23165,37275,52740
2026-07-29 12:53:00-04:00,340.9599914550781,229.60499572753906,335.0494079589844,592.9650268554688,72.81999969482422,341.1097106933594,229.6300048828125,335.0733947753906,593.1900024414062,72.81999969482422,340.8800964355469,229.5500946044922,334.9100036621094,592.5800170898438,72.5,340.9599914550781,229.5800018310547,334.9800109863281,592.5800170898438,72.7699966430664,48314,44116,47193,29251,69437
2026-07-29 12:54:00-04:00,341.0299987792969,229.55999755859375,334.82501220703125,592.4400024414062,72.83999633789062,341.0899963378906,229.64010620117188,335.0411071777344,593.1099853515625,72.88999938964844,340.8800964355469,229.5500030517578,334.80999755859375,592.4349975585938,72.81999969482422,340.92999267578125,229.60000610351562,335.0411071777344,592.9400024414062,72.81999969482422,35143,34468,13467,27979,46512
2026-07-29 12:55:00-04:00,340.94000244140625,229.5850067138672,334.8999938964844,592.9299926757812,72.82499694824219,341.0486145019531,229.64999389648438,334.95001220703125,593.2000122070312,72.8499984741211,340.8699951171875,229.5301055908203,334.70001220703125,592.3200073242188,72.81999969482422,341.0299987792969,229.56500244140625,334.82501220703125,592.4099731445312,72.84500122070312,30990,28532,19574,27646,50288
2026-07-29 12:56:00-04:00,341.0450134277344,229.66000366210938,335.17999267578125,592.989990234375,72.81500244140625,341.04998779296875,229.69000244140625,335.20001220703125,593.139892578125,72.82990264892578,340.8550109863281,229.36000061035156,334.8258056640625,592.52001953125,72.80000305175781,340.94000244140625,229.58200073242188,334.8999938964844,592.9949951171875,72.82450103759766,42633,86154,41381,12206,26298
2026-07-29 12:57:00-04:00,340.8901062011719,229.6750030517578,335.30999755859375,592.7949829101562,72.79000091552734,341.0400085449219,229.72000122070312,335.39801025390625,593.125,72.82990264892578,340.82989501953125,229.58999633789062,335.1199951171875,592.6500244140625,72.78500366210938,341.0400085449219,229.66000366210938,335.12188720703125,592.864990234375,72.80999755859375,36509,40340,26395,13136,32571
2026-07-29 12:58:00-04:00,341.07501220703125,229.72500610351562,335.502685546875,592.8350219726562,72.86000061035156,341.0899963378906,229.72999572753906,335.5199890136719,593.0399780273438,72.87989807128906,340.81500244140625,229.57009887695312,335.19000244140625,592.5650024414062,72.79000091552734,340.8900146484375,229.6699981689453,335.29998779296875,592.780029296875,72.79969787597656,27360,35515,28942,38914,41278
2026-07-29 12:59:00-04:00,341.30999755859375,229.93499755859375,335.6600036621094,593.0449829101562,72.87750244140625,341.30999755859375,229.9600067138672,335.8399963378906,593.3800048828125,72.9000015258789,341.05999755859375,229.72000122070312,335.5199890136719,592.5,72.86000061035156,341.05999755859375,229.74000549316406,335.5292053222656,592.8350219726562,72.87000274658203,61656,59686,34168,27685,42699
2026-07-29 13:00:00-04:00,341.17950439453125,229.89990234375,335.6828918457031,592.9500122070312,72.87999725341797,341.44000244140625,229.99000549316406,335.760009765625,593.1599731445312,72.93990325927734,341.1600036621094,229.86000061035156,335.5369873046875,592.7949829101562,72.875,341.32000732421875,229.9499969482422,335.739990234375,593.0449829101562,72.87979888916016,53488,43095,19441,19963,63032
2026-07-29 13:01:00-04:00,341.2655944824219,229.77999877929688,335.42999267578125,593.2899780273438,72.875,341.32000732421875,229.92999267578125,335.69000244140625,593.4600219726562,72.91500091552734,341.1300048828125,229.77999877929688,335.42999267578125,592.8900146484375,72.8550033569336,341.1700134277344,229.84950256347656,335.6600036621094,592.8900146484375,72.88990020751953,35631,40193,25024,47368,61722
2026-07-29 13:02:00-04:00,341.32501220703125,229.97999572753906,335.47491455078125,593.405029296875,72.81500244140625,341.32501220703125,229.97999572753906,335.5,593.47998046875,72.87989807128906,341.114990234375,229.76210021972656,335.0703125,593.1199951171875,72.80500030517578,341.260009765625,229.7899932861328,335.3999938964844,593.2349853515625,72.87000274658203,21264,30215,22561,16808,40581
2026-07-29 13:03:00-04:00,341.510009765625,230.28500366210938,335.7799987792969,593.5549926757812,72.76499938964844,341.5299987792969,230.2899932861328,335.87939453125,593.72998046875,72.83000183105469,341.32000732421875,229.99000549316406,335.4599914550781,593.2999877929688,72.69499969482422,341.32000732421875,229.99000549316406,335.4599914550781,593.4199829101562,72.81500244140625,44035,100197,25487,31816,136094
2026-07-29 13:04:00-04:00,341.9649963378906,230.4199981689453,335.8599853515625,593.5800170898438,72.79000091552734,342.0799865722656,230.4199981689453,335.94000244140625,593.6699829101562,72.83999633789062,341.510009765625,230.19000244140625,335.7099914550781,593.1599731445312,72.76000213623047,341.510009765625,230.27000427246094,335.7702941894531,593.4301147460938,72.7699966430664,327522,53066,23678,35439,132626
2026-07-29 13:05:00-04:00,342.037109375,230.25999450683594,335.3399963378906,592.9298706054688,72.73999786376953,342.0799865722656,230.44000244140625,335.8800048828125,593.719970703125,72.79000091552734,341.8949890136719,230.1800994873047,335.29998779296875,592.5499877929688,72.7300033569336,341.9599914550781,230.41000366210938,335.81500244140625,593.6799926757812,72.78009796142578,146309,73344,17622,27110,101831
2026-07-29 13:06:00-04:00,341.8999938964844,230.22999572753906,335.42999267578125,592.8150024414062,72.73999786376953,342.0799865722656,230.27000427246094,335.4800109863281,592.9299926757812,72.77999877929688,341.864990234375,230.16000366210938,335.260009765625,592.6300048828125,72.7301025390625,342.0799865722656,230.26499938964844,335.30999755859375,592.864990234375,72.73999786376953,41863,31929,12414,10509,41000
2026-07-29 13:07:00-04:00,341.8599853515625,230.08999633789062,335.4700012207031,593.1500244140625,72.72000122070312,341.9100036621094,230.25,335.6000061035156,593.4500122070312,72.73370361328125,341.7900085449219,230.07000732421875,335.1600036621094,592.6199951171875,72.68499755859375,341.90008544921875,230.25,335.42999267578125,592.739990234375,72.72000122070312,34144,28902,16317,25367,29658
2026-07-29 13:08:00-04:00,341.80999755859375,230.125,335.6199951171875,592.9349975585938,72.74500274658203,341.8800048828125,230.22000122070312,335.7799987792969,593.3800048828125,72.74500274658203,341.7099914550781,230.07000732421875,335.3999938964844,592.9349975585938,72.71499633789062,341.8399963378906,230.0850067138672,335.4042053222656,593.1500244140625,72.73989868164062,40112,48706,28524,18737,77488
2026-07-29 13:09:00-04:00,341.56988525390625,230.1300048828125,335.7699890136719,592.875,72.7300033569336,341.839111328125,230.17250061035156,335.7699890136719,593.02001953125,72.75,341.55999755859375,230.0500030517578,335.53009033203125,592.6201171875,72.71170043945312,341.80999755859375,230.1199951171875,335.6000061035156,592.9349975585938,72.73999786376953,34941,29379,12299,7512,64921
2026-07-29 13:10:00-04:00,341.84869384765625,230.36000061035156,336.2782897949219,593.3499755859375,72.7699966430664,341.8900146484375,230.4499969482422,336.3900146484375,593.5800170898438,72.77999877929688,341.54998779296875,230.1300048828125,335.7300109863281,592.8200073242188,72.72000122070312,341.54998779296875,230.13499450683594,335.7650146484375,592.8250122070312,72.7249984741211,54416,141331,49930,21411,30523
2026-07-29 13:11:00-04:00,341.69000244140625,230.44000244140625,336.44000244140625,593.3400268554688,72.80259704589844,341.9399108886719,230.5135040283203,336.53399658203125,593.7899780273438,72.83999633789062,341.69000244140625,230.38999938964844,336.25,593.3400268554688,72.7699966430664,341.8500061035156,230.39999389648438,336.30499267578125,593.4099731445312,72.77799987792969,52265,68318,19624,40493,47284
2026-07-29 13:12:00-04:00,341.8949890136719,230.6199951171875,336.3800048828125,593.2000122070312,72.81500244140625,341.9299011230469,230.63999938964844,336.5299987792969,593.47998046875,72.82499694824219,341.69000244140625,230.42999267578125,336.25,592.9749755859375,72.79499816894531,341.7349853515625,230.44500732421875,336.4200134277344,593.3499755859375,72.80480194091797,65162,61327,21757,13963,36959
2026-07-29 13:13:00-04:00,342.1199951171875,230.22000122070312,336.6099853515625,593.489990234375,72.91500091552734,342.1600036621094,230.66000366210938,336.739990234375,593.7150268554688,72.92500305175781,341.864990234375,230.2100067138672,336.3299865722656,593.1304931640625,72.81500244140625,341.8949890136719,230.63999938964844,336.4700012207031,593.219970703125,72.81500244140625,55324,225528,32745,15815,54439
2026-07-29 13:14:00-04:00,342.32000732421875,230.23500061035156,336.6300048828125,593.6599731445312,72.97000122070312,342.32000732421875,230.3000030517578,336.80999755859375,594.010009765625,72.98999786376953,342.07501220703125,230.22000122070312,336.54998779296875,593.5001220703125,72.91999816894531,342.1199951171875,230.22000122070312,336.70001220703125,593.52001953125,72.91999816894531,102814,51311,26115,28777,38959
2026-07-29 13:15:00-04:00,342.239990234375,230.42999267578125,336.6300048828125,593.6400146484375,72.92500305175781,342.3299865722656,230.48500061035156,336.80999755859375,593.9299926757812,72.98500061035156,342.1200866699219,230.1699981689453,336.54998779296875,593.4000244140625,72.91000366210938,342.32000732421875,230.23500061035156,336.69488525390625,593.7999877929688,72.97000122070312,54093,187744,39858,14623,73345
2026-07-29 13:16:00-04:00,342.4599914550781,230.39500427246094,337.0,593.6845092773438,72.92500305175781,342.4750061035156,230.4499969482422,337.0,593.8298950195312,72.94000244140625,342.2203063964844,230.28500366210938,336.6499938964844,593.39501953125,72.91000366210938,342.2300109863281,230.42999267578125,336.6600036621094,593.6091918945312,72.91999816894531,63861,52942,57831,16383,38431
2026-07-29 13:17:00-04:00,342.6099853515625,230.60000610351562,337.114990234375,594.0050048828125,72.93000030517578,342.659912109375,230.6300048828125,337.239990234375,594.2999877929688,72.94499969482422,342.42999267578125,230.39999389648438,336.989990234375,593.4400024414062,72.90499877929688,342.44000244140625,230.39999389648438,337.010009765625,593.6400146484375,72.93000030517578,70895,35198,32478,31188,37937
2026-07-29 13:18:00-04:00,342.7250061035156,230.45880126953125,337.0050048828125,594.47998046875,72.94499969482422,342.79998779296875,230.64999389648438,337.1600036621094,594.7999877929688,72.97000122070312,342.5799865722656,230.44000244140625,336.92999267578125,594.0,72.91999816894531,342.60009765625,230.5800018310547,337.1400146484375,594.0,72.94000244140625,102322,30660,35383,91242,50213
2026-07-29 13:19:00-04:00,342.864990234375,230.76280212402344,336.95001220703125,594.4099731445312,72.9800033569336,342.8900146484375,230.76280212402344,337.04998779296875,594.6500244140625,72.99500274658203,342.7049865722656,230.44000244140625,336.7969970703125,594.0700073242188,72.94000244140625,342.7300109863281,230.44000244140625,336.9800109863281,594.385009765625,72.94000244140625,92007,99858,26847,17389,76374
2026-07-29 13:20:00-04:00,343.1199951171875,230.6999969482422,336.80999755859375,594.5150146484375,72.96499633789062,343.1600036621094,230.77999877929688,336.989990234375,594.75,73.0,342.801513671875,230.6699981689453,336.7284851074219,594.3200073242188,72.95500183105469,342.8800048828125,230.75999450683594,336.9800109863281,594.4099731445312,72.9800033569336,199220,69097,26011,11102,46408
2026-07-29 13:21:00-04:00,343.42999267578125,230.875,337.25,595.02001953125,73.05999755859375,343.44000244140625,230.8800048828125,337.25,595.4495239257812,73.05999755859375,343.10009765625,230.69000244140625,336.7699890136719,594.47998046875,72.94979858398438,343.1199951171875,230.7050018310547,336.7699890136719,594.52001953125,72.96499633789062,164030,46027,27638,67245,50545
2026-07-29 13:22:00-04:00,343.1050109863281,230.69000244140625,337.2449951171875,594.7800903320312,73.0250015258789,343.44891357421875,230.875,337.2898864746094,595.139892578125,73.05999755859375,343.0920104980469,230.6649932861328,337.1400146484375,594.646728515625,73.00499725341797,343.4200134277344,230.8699951171875,337.2799072265625,595.02001953125,73.05500030517578,170338,51646,26048,16226,43912
2026-07-29 13:23:00-04:00,342.9674987792969,230.60000610351562,337.2699890136719,595.0750122070312,73.06500244140625,343.2099914550781,230.6699981689453,337.2900085449219,595.2000122070312,73.06500244140625,342.8800048828125,230.5,337.1000061035156,594.64501953125,73.01000213623047,343.1050109863281,230.6699981689453,337.2449951171875,594.780029296875,73.03500366210938,128200,46088,55196,22909,66670
2026-07-29 13:24:00-04:00,342.92999267578125,230.4499969482422,336.86309814453125,593.8300170898438,72.98999786376953,343.04998779296875,230.59500122070312,337.2900085449219,595.1395263671875,73.06500244140625,342.8399963378906,230.39999389648438,336.80999755859375,593.760009765625,72.9749984741211,342.9599914550781,230.59500122070312,337.2749938964844,595.1395263671875,73.06500244140625,70723,36291,21339,14476,235825
2026-07-29 13:25:00-04:00,342.9700012207031,230.4149932861328,336.5199890136719,593.114990234375,72.98500061035156,343.0,230.55999755859375,336.8699951171875,593.8300170898438,73.01000213623047,342.75,230.39999389648438,336.5199890136719,593.0123901367188,72.93499755859375,342.9700012207031,230.4550018310547,336.80999755859375,593.8300170898438,72.9800033569336,78864,35989,18939,16331,214594
2026-07-29 13:26:00-04:00,342.8599853515625,230.3000030517578,336.7250061035156,593.6599731445312,72.95500183105469,342.9800109863281,230.46499633789062,336.7699890136719,593.8099975585938,72.99500274658203,342.7200012207031,230.26759338378906,336.52178955078125,593.0106811523438,72.94000244140625,342.965087890625,230.4199981689453,336.55999755859375,593.3098754882812,72.9749984741211,79114,43737,21408,11365,36330
2026-07-29 13:27:00-04:00,342.9049987792969,230.25999450683594,336.57000732421875,593.7050170898438,72.94000244140625,342.9200134277344,230.32000732421875,336.7698974609375,593.8099975585938,72.99230194091797,342.75,230.25999450683594,336.4599914550781,593.4199829101562,72.94000244140625,342.864990234375,230.2830047607422,336.7250061035156,593.5853271484375,72.95169830322266,61991,28137,22554,10486,58927
2026-07-29 13:28:00-04:00,343.0050048828125,230.42999267578125,336.55999755859375,593.6102294921875,73.0176010131836,343.1199951171875,230.47000122070312,336.75,593.8200073242188,73.04000091552734,342.8949890136719,230.22000122070312,336.44500732421875,593.489990234375,72.94499969482422,342.8999938964844,230.24000549316406,336.55499267578125,593.7244873046875,72.94499969482422,68938,52586,40795,13921,29494
2026-07-29 13:29:00-04:00,342.7200012207031,230.13999938964844,336.3299865722656,592.9400024414062,73.0,343.05999755859375,230.44000244140625,336.5400085449219,593.6300048828125,73.03500366210938,342.69000244140625,230.13999938964844,336.3299865722656,592.9199829101562,73.0,342.989990234375,230.44000244140625,336.5400085449219,593.6300048828125,73.01499938964844,63940,38704,38615,12931,26612
2026-07-29 13:30:00-04:00,342.4049987792969,229.72000122070312,336.0799865722656,592.6199951171875,72.86000061035156,342.7200012207031,230.1300048828125,336.3900146484375,593.0,73.0199966430664,342.3999938964844,229.6999969482422,336.0199890136719,592.3900146484375,72.86000061035156,342.69500732421875,230.1300048828125,336.29998779296875,592.9299926757812,73.00499725341797,61278,49632,30065,17615,73858
2026-07-29 13:31:00-04:00,342.6099853515625,229.68499755859375,336.0,593.22998046875,72.87999725341797,342.6300048828125,229.72000122070312,336.19000244140625,593.22998046875,72.87999725341797,342.3500061035156,229.64010620117188,335.9200134277344,592.4000854492188,72.80010223388672,342.4049987792969,229.7100067138672,336.052001953125,592.5100708007812,72.84500122070312,49706,50882,24631,17212,80445
2026-07-29 13:32:00-04:00,342.6050109863281,229.7550048828125,336.1700134277344,593.47998046875,72.9000015258789,342.7250061035156,229.75999450683594,336.20001220703125,593.5499877929688,72.90499877929688,342.4949951171875,229.64999389648438,335.95001220703125,593.155029296875,72.86499786376953,342.5899963378906,229.69009399414062,336.0199890136719,593.22998046875,72.87999725341797,61694,25951,19754,15183,32109
2026-07-29 13:33:00-04:00,342.510009765625,229.66000366210938,336.2099914550781,593.0599975585938,72.83499908447266,342.6700134277344,229.77999877929688,336.3800048828125,593.5499877929688,72.88999938964844,342.3800048828125,229.55999755859375,336.1000061035156,593.0,72.80999755859375,342.6000061035156,229.7550048828125,336.25,593.4199829101562,72.88999938964844,57453,38326,17767,16045,53342
2026-07-29 13:34:00-04:00,342.4750061035156,229.5800018310547,335.8699951171875,593.344970703125,72.86499786376953,342.64801025390625,229.69500732421875,336.2900085449219,593.469970703125,72.87999725341797,342.45001220703125,229.52999877929688,335.80999755859375,593.0225219726562,72.83000183105469,342.5249938964844,229.68499755859375,336.2200012207031,593.0225219726562,72.83999633789062,30933,28352,45662,26676,76697
2026-07-29 13:35:00-04:00,342.7200927734375,229.60000610351562,335.7699890136719,592.989990234375,72.84500122070312,342.7799072265625,229.7100067138672,335.83990478515625,593.4099731445312,72.86499786376953,342.4750061035156,229.5399932861328,335.63531494140625,592.7899780273438,72.83000183105469,342.5,229.55999755859375,335.8299865722656,593.344970703125,72.86499786376953,61379,29284,15932,30082,43253
2026-07-29 13:36:00-04:00,342.82501220703125,229.5500030517578,335.5799865722656,593.1099853515625,72.83000183105469,342.94000244140625,229.65780639648438,335.7699890136719,593.114990234375,72.88009643554688,342.70001220703125,229.5399932861328,335.5199890136719,592.6599731445312,72.81999969482422,342.7200012207031,229.58999633789062,335.7699890136719,592.8599853515625,72.83999633789062,50692,30374,20580,11182,31742
2026-07-29 13:37:00-04:00,342.9049987792969,229.5,335.2601013183594,592.7000122070312,72.86000061035156,343.1700134277344,229.65750122070312,335.67999267578125,593.1099853515625,72.89990234375,342.82000732421875,229.49000549316406,335.2601013183594,592.7000122070312,72.83499908447266,342.82501220703125,229.56500244140625,335.5400085449219,593.0,72.83499908447266,102383,24304,22541,12223,30490
2026-07-29 13:38:00-04:00,343.0400085449219,229.44000244140625,335.20001220703125,592.0700073242188,72.8499984741211,343.0799865722656,229.49600219726562,335.3900146484375,592.6500244140625,72.93000030517578,342.8399963378906,229.36000061035156,335.18499755859375,592.0700073242188,72.83999633789062,342.9049987792969,229.4949951171875,335.2749938964844,592.6500244140625,72.86000061035156,53709,24616,23012,19276,40944
2026-07-29 13:39:00-04:00,343.0010986328125,229.4550018310547,335.3500061035156,592.635986328125,72.92510223388672,343.05999755859375,229.60000610351562,335.3900146484375,592.669921875,72.92510223388672,342.9700012207031,229.4250030517578,335.20001220703125,592.0399780273438,72.8499984741211,343.0299987792969,229.44000244140625,335.20001220703125,592.0999755859375,72.85199737548828,42578,32388,25209,9601,15959
2026-07-29 13:40:00-04:00,343.1700134277344,229.44810485839844,335.20001220703125,592.6400146484375,72.91999816894531,343.20001220703125,229.52000427246094,335.3699951171875,592.8400268554688,72.95500183105469,342.9700012207031,229.4001007080078,335.0762023925781,592.5,72.88999938964844,343.0101013183594,229.47500610351562,335.3048095703125,592.6699829101562,72.92449951171875,85750,51324,34593,18183,33480
2026-07-29 13:41:00-04:00,343.2200012207031,229.60009765625,335.3514099121094,592.9600219726562,72.9561996459961,343.29998779296875,229.60009765625,335.510009765625,593.0499877929688,72.97989654541016,343.1579895019531,229.42999267578125,335.2099914550781,592.6599731445312,72.93000030517578,343.1700134277344,229.44000244140625,335.2099914550781,592.6900024414062,72.93499755859375,67968,30600,20020,9627,28341
2026-07-29 13:42:00-04:00,343.30499267578125,229.6898956298828,335.32501220703125,593.0050048828125,72.9800033569336,343.3900146484375,229.7899932861328,335.5899963378906,593.3477172851562,73.0199966430664,343.16119384765625,229.55999755859375,335.239990234375,592.8101196289062,72.95010375976562,343.239990234375,229.63999938964844,335.45001220703125,593.0250244140625,72.95500183105469,62932,31366,23710,21702,47625
2026-07-29 13:43:00-04:00,343.30999755859375,229.78509521484375,335.5679931640625,593.4097900390625,73.06999969482422,343.3900146484375,229.80999755859375,335.5899963378906,593.4097900390625,73.06999969482422,343.1400146484375,229.63999938964844,335.2406921386719,592.9600219726562,72.97000122070312,343.33990478515625,229.69000244140625,335.31500244140625,593.0715942382812,72.9800033569336,109716,40946,20712,37748,46545
2026-07-29 13:44:00-04:00,343.04840087890625,229.82000732421875,335.5,593.3203125,73.12999725341797,343.3399963378906,229.8800048828125,335.6499938964844,593.4099731445312,73.13999938964844,343.010009765625,229.73500061035156,335.4800109863281,593.1610107421875,73.05500030517578,343.30999755859375,229.8000030517578,335.5950012207031,593.2750244140625,73.05999755859375,65836,19284,12185,8234,45551
2026-07-29 13:45:00-04:00,343.0799865722656,229.74000549316406,335.43499755859375,593.0900268554688,73.09500122070312,343.1400146484375,229.8699951171875,335.5899963378906,593.4199829101562,73.13999938964844,343.0350036621094,229.72500610351562,335.42498779296875,593.0599975585938,73.07990264892578,343.06500244140625,229.83999633789062,335.5400085449219,593.3499755859375,73.12999725341797,50428,20323,23135,9192,94142
2026-07-29 13:46:00-04:00,343.1000061035156,229.78509521484375,335.518310546875,593.0399780273438,73.09500122070312,343.1600036621094,229.86000061035156,335.5899963378906,593.2899780273438,73.0999984741211,343.0,229.74000549316406,335.3800048828125,592.5999755859375,73.06990051269531,343.0954895019531,229.75999450683594,335.43499755859375,593.0900268554688,73.0999984741211,110830,28696,24009,14760,32313
2026-07-29 13:47:00-04:00,343.0299987792969,229.89999389648438,335.59991455078125,593.1699829101562,73.09980010986328,343.1199951171875,229.89999389648438,335.6000061035156,593.2000122070312,73.11000061035156,342.9200134277344,229.72000122070312,335.375,592.97998046875,73.06999969482422,343.1000061035156,229.80999755859375,335.54998779296875,593.0,73.09500122070312,62279,32956,25026,10424,49412
2026-07-29 13:48:00-04:00,343.060791015625,229.9398956298828,335.57501220703125,593.3049926757812,73.19010162353516,343.1199951171875,229.9600067138672,335.639892578125,593.3594970703125,73.20500183105469,342.9200134277344,229.77000427246094,335.4599914550781,593.1599731445312,73.08999633789062,343.0400085449219,229.88999938964844,335.55499267578125,593.1900024414062,73.106201171875,48192,90978,14227,8577,43979
2026-07-29 13:49:00-04:00,342.9949951171875,229.92999267578125,335.7200012207031,592.989990234375,73.19979858398438,343.1199951171875,229.9600067138672,335.7699890136719,593.3800048828125,73.2300033569336,342.92999267578125,229.8800048828125,335.5199890136719,592.7899780273438,73.18000030517578,343.0751037597656,229.9499969482422,335.5799865722656,593.3099975585938,73.19999694824219,79434,51813,37642,42005,69554
2026-07-29 13:50:00-04:00,343.125,229.92999267578125,335.8999938964844,593.1472778320312,73.29000091552734,343.17999267578125,230.0500030517578,335.8999938964844,593.4299926757812,73.30000305175781,343.0,229.9149932861328,335.70001220703125,592.8900146484375,73.197998046875,343.0,229.94000244140625,335.7699890136719,593.0,73.20339965820312,71358,79815,18426,19400,57838
2026-07-29 13:51:00-04:00,343.0199890136719,229.90890502929688,335.92999267578125,593.1400146484375,73.27999877929688,343.1700134277344,229.92999267578125,335.9599914550781,593.260009765625,73.29000091552734,343.0049133300781,229.84500122070312,335.7900085449219,592.97998046875,73.25,343.1400146484375,229.91000366210938,335.8500061035156,593.239990234375,73.29000091552734,59122,43572,14893,10794,61118
2026-07-29 13:52:00-04:00,342.9700927734375,229.86000061035156,336.0350036621094,593.3198852539062,73.2699966430664,343.1050109863281,229.9398956298828,336.0631103515625,593.3400268554688,73.29000091552734,342.9419860839844,229.85000610351562,335.8900146484375,592.989990234375,73.24500274658203,343.0150146484375,229.9199981689453,335.92999267578125,593.1599731445312,73.27999877929688,30528,41115,11037,17995,29275
2026-07-29 13:53:00-04:00,342.94000244140625,229.86000061035156,335.96710205078125,592.969970703125,73.23500061035156,342.9700012207031,229.9250030517578,336.07501220703125,593.3200073242188,73.27999877929688,342.8500061035156,229.82000732421875,335.9200134277344,592.7100219726562,73.23500061035156,342.9700012207031,229.86000061035156,336.05999755859375,593.3200073242188,73.27989959716797,52331,60589,22354,13208,28594
2026-07-29 13:54:00-04:00,342.9800109863281,230.2899932861328,336.05499267578125,593.3099975585938,73.31199645996094,342.9800109863281,230.2899932861328,336.1050109863281,593.4299926757812,73.33000183105469,342.7101135253906,229.8300018310547,335.9800109863281,592.8699951171875,73.22959899902344,342.9599914550781,229.86500549316406,336.010009765625,593.0599975585938,73.23500061035156,59463,56436,13915,12876,34985
2026-07-29 13:55:00-04:00,342.9549865722656,230.3000030517578,336.1499938964844,592.8900146484375,73.29000091552734,343.01251220703125,230.3159942626953,336.2300109863281,593.3699951171875,73.31999969482422,342.8194885253906,230.17999267578125,335.9599914550781,592.7700805664062,73.26309967041016,342.9649963378906,230.3159942626953,336.05999755859375,593.35498046875,73.31500244140625,52825,48798,26589,10275,41830
2026-07-29 13:56:00-04:00,342.7850036621094,230.43499755859375,336.52239990234375,593.0800170898438,73.23999786376953,342.9700012207031,230.4499053955078,336.599609375,593.3699951171875,73.29010009765625,342.75,230.22000122070312,336.072509765625,592.8599853515625,73.22160339355469,342.9700012207031,230.3000030517578,336.1050109863281,592.8800048828125,73.28500366210938,58500,37032,15495,8088,90289
2026-07-29 13:57:00-04:00,342.7799987792969,230.44000244140625,336.55999755859375,593.5700073242188,73.23500061035156,342.8299865722656,230.44700622558594,336.659912109375,593.6304931640625,73.2699966430664,342.6600036621094,230.3699951171875,336.4205017089844,593.2249755859375,73.19999694824219,342.7900085449219,230.42999267578125,336.510009765625,593.2249755859375,73.24500274658203,33932,34296,21136,17865,68080
2026-07-29 13:58:00-04:00,342.8900146484375,230.5500030517578,336.8599853515625,593.6699829101562,73.30500030517578,342.92999267578125,230.58599853515625,336.95001220703125,593.8800048828125,73.31500244140625,342.6700134277344,230.43499755859375,336.55169677734375,593.4500122070312,73.25,342.7699890136719,230.44000244140625,336.56689453125,593.6799926757812,73.25,51468,47854,26216,9858,38648
2026-07-29 13:59:00-04:00,343.2099914550781,230.56500244140625,336.9800109863281,593.1649780273438,73.44999694824219,343.3399963378906,230.625,337.21990966796875,593.614990234375,73.45999908447266,342.8699951171875,230.50999450683594,336.8200988769531,592.7999877929688,73.30000305175781,342.8699951171875,230.5500030517578,336.8829040527344,593.614990234375,73.30999755859375,64561,50091,24422,28283,49623
2026-07-29 14:00:00-04:00,343.7900085449219,231.08999633789062,337.6700134277344,595.3200073242188,73.48999786376953,343.809814453125,231.22000122070312,337.91839599609375,595.4500122070312,73.58999633789062,343.04010009765625,230.5500030517578,337.04998779296875,593.1649780273438,73.41000366210938,343.25,230.57000732421875,337.04998779296875,593.1649780273438,73.44999694824219,255560,197275,96459,92357,151160
2026-07-29 14:01:00-04:00,344.0199890136719,231.5749969482422,339.1300048828125,596.3099975585938,73.50499725341797,344.1000061035156,231.7100067138672,339.25,596.4600219726562,73.59500122070312,343.6199951171875,230.9499969482422,337.67999267578125,595.0399780273438,73.4800033569336,343.7499084472656,231.02999877929688,337.67999267578125,595.1199951171875,73.49340057373047,304445,106665,126135,26114,88793
2026-07-29 14:02:00-04:00,344.04998779296875,231.7899932861328,338.8949890136719,596.5800170898438,73.51000213623047,344.19000244140625,232.0749969482422,339.4100036621094,597.02001953125,73.53900146484375,343.8800048828125,231.5500030517578,338.7799987792969,596.2249755859375,73.46499633789062,344.0199890136719,231.5500030517578,339.0299987792969,596.3099975585938,73.51000213623047,208784,297099,73798,31048,69807
2026-07-29 14:03:00-04:00,343.875,231.72999572753906,338.7666931152344,597.3200073242188,73.58499908447266,344.1499938964844,231.8699951171875,339.2799987792969,597.5,73.58499908447266,343.80999755859375,231.49000549316406,338.5799865722656,596.360107421875,73.48999786376953,344.04998779296875,231.7899932861328,338.8999938964844,596.360107421875,73.51000213623047,124454,136174,58937,43306,71777
2026-07-29 14:04:00-04:00,344.17498779296875,231.80999755859375,338.8999938964844,597.344970703125,73.54769897460938,344.19000244140625,231.8699951171875,338.9700012207031,597.7000122070312,73.62999725341797,343.82000732421875,231.4499969482422,338.4200134277344,596.77001953125,73.5199966430664,343.8800048828125,231.74749755859375,338.8949890136719,597.25,73.58000183105469,140696,118650,39467,20381,75959
2026-07-29 14:05:00-04:00,344.5199890136719,231.88999938964844,338.5199890136719,597.6300048828125,73.55000305175781,344.54998779296875,232.0749969482422,339.04998779296875,597.9594116210938,73.56999969482422,344.1416931152344,231.7550048828125,338.3900146484375,597.0247802734375,73.51499938964844,344.1499938964844,231.80499267578125,338.9198913574219,597.1500244140625,73.54000091552734,272059,201141,34037,30374,92764
2026-07-29 14:06:00-04:00,344.2200012207031,231.75,338.8450012207031,597.0499877929688,73.48999786376953,344.56988525390625,232.0,339.1300048828125,598.22998046875,73.55000305175781,344.1400146484375,231.6699981689453,338.6095886230469,597.02001953125,73.4749984741211,344.489990234375,231.91000366210938,338.6099853515625,597.6199951171875,73.54000091552734,160590,88814,32853,16482,49919
2026-07-29 14:07:00-04:00,343.8949890136719,231.3946990966797,338.30999755859375,596.0599975585938,73.41850280761719,344.25,231.7899932861328,338.9844970703125,597.2000122070312,73.49500274658203,343.8599853515625,231.3946990966797,338.289794921875,595.8900146484375,73.41000366210938,344.2099914550781,231.77999877929688,338.9844970703125,597.1799926757812,73.49500274658203,114810,92828,21115,28450,45184
2026-07-29 14:08:00-04:00,343.8500061035156,231.52999877929688,338.6000061035156,596.125,73.50309753417969,343.92999267578125,231.61000061035156,338.7398986816406,596.510009765625,73.5198974609375,343.61041259765625,231.35000610351562,338.19000244140625,595.8699951171875,73.42500305175781,343.9100036621094,231.38499450683594,338.3125915527344,595.9000244140625,73.42500305175781,106922,69754,32855,36539,49878
2026-07-29 14:09:00-04:00,343.75,231.26499938964844,338.5400085449219,595.1699829101562,73.45999908447266,343.8900146484375,231.52650451660156,338.6600036621094,596.0700073242188,73.5,343.6099853515625,231.17999267578125,338.2850036621094,594.6503295898438,73.44999694824219,343.8599853515625,231.52650451660156,338.6300048828125,596.0399780273438,73.5,90455,73663,26032,51525,38403
2026-07-29 14:10:00-04:00,343.5400085449219,231.3699951171875,339.14691162109375,595.4000244140625,73.38500213623047,343.9100036621094,231.4600067138672,339.3699951171875,596.3961791992188,73.48999786376953,343.5400085449219,231.14500427246094,338.5400085449219,595.219970703125,73.36000061035156,343.7300109863281,231.25999450683594,338.5841979980469,595.719970703125,73.47000122070312,108547,76984,54646,32541,49730
2026-07-29 14:11:00-04:00,343.8699951171875,231.48500061035156,338.8450012207031,596.6300048828125,73.45999908447266,343.92999267578125,231.51950073242188,339.2550048828125,596.8300170898438,73.4800033569336,343.5400085449219,231.3300018310547,338.55499267578125,595.14501953125,73.37000274658203,343.55999755859375,231.3699951171875,339.1400146484375,595.3699951171875,73.37000274658203,58813,41593,34047,53706,38653
2026-07-29 14:12:00-04:00,343.7294921875,231.3800048828125,338.7200012207031,595.7550048828125,73.44000244140625,343.9700012207031,231.52999877929688,338.9800109863281,596.7899780273438,73.47000122070312,343.69000244140625,231.3699951171875,338.635009765625,595.6799926757812,73.43499755859375,343.8900146484375,231.50999450683594,338.8450012207031,596.7000122070312,73.47000122070312,65464,43891,21454,29789,38140
2026-07-29 14:13:00-04:00,343.760009765625,231.44500732421875,338.7099914550781,596.114990234375,73.44999694824219,343.79998779296875,231.49000549316406,338.8900146484375,596.409912109375,73.46499633789062,343.5899963378906,231.35000610351562,338.5111083984375,595.7000122070312,73.41999816894531,343.7099914550781,231.38999938964844,338.7900085449219,595.8049926757812,73.44499969482422,75960,30909,25115,26082,30049
2026-07-29 14:14:00-04:00,343.70001220703125,231.36000061035156,338.42999267578125,595.530029296875,73.46499633789062,343.7898864746094,231.44500732421875,338.7099914550781,596.1099853515625,73.46499633789062,343.4601135253906,231.21499633789062,338.1549987792969,595.1699829101562,73.4000015258789,343.75,231.44500732421875,338.7099914550781,596.0549926757812,73.44999694824219,125774,71002,44649,17706,41825
2026-07-29 14:15:00-04:00,343.7699890136719,231.47500610351562,338.80999755859375,595.510009765625,73.5,343.79998779296875,231.6199951171875,338.9549865722656,595.9000244140625,73.5,343.5899963378906,231.34010314941406,338.5249938964844,595.4000244140625,73.43009948730469,343.69000244140625,231.3699951171875,338.5249938964844,595.5399780273438,73.46499633789062,59650,75868,30441,15684,53278
2026-07-29 14:16:00-04:00,343.8876953125,231.3800048828125,338.80999755859375,595.009521484375,73.45999908447266,343.9413146972656,231.52000427246094,338.9798889160156,595.719970703125,73.55999755859375,343.7799987792969,231.3699951171875,338.7200012207031,594.8975219726562,73.45999908447266,343.7950134277344,231.48500061035156,338.7850036621094,595.5250244140625,73.50990295410156,52315,36827,34991,29026,46316
2026-07-29 14:17:00-04:00,343.9100036621094,231.36000061035156,339.42498779296875,595.5900268554688,73.48500061035156,343.9200134277344,231.4199981689453,339.42498779296875,595.5999755859375,73.5,343.75,231.22000122070312,338.7615051269531,594.77001953125,73.44000244140625,343.8900146484375,231.38999938964844,338.80999755859375,594.9550170898438,73.45500183105469,52723,42632,57235,38624,47046
2026-07-29 14:18:00-04:00,343.95001220703125,231.375,339.0950012207031,595.5250244140625,73.5,344.0198974609375,231.43499755859375,339.5,595.9298706054688,73.52999877929688,343.7550048828125,231.27499389648438,338.9200134277344,595.3900146484375,73.48999786376953,343.9200134277344,231.3800048828125,339.42999267578125,595.6199951171875,73.48999786376953,70206,41054,70848,18321,29710
2026-07-29 14:19:00-04:00,343.8800048828125,231.26600646972656,339.06988525390625,594.989990234375,73.47000122070312,344.0332946777344,231.41920471191406,339.1499938964844,595.4299926757812,73.5199966430664,343.8299865722656,231.25,338.8900146484375,594.510009765625,73.45999908447266,343.9599914550781,231.38999938964844,339.1199951171875,595.4299926757812,73.50499725341797,63561,30203,19968,22218,40270
2026-07-29 14:20:00-04:00,343.8399963378906,231.14999389648438,338.8900146484375,594.6599731445312,73.45999908447266,343.8800048828125,231.27000427246094,339.0516052246094,595.1400146484375,73.47000122070312,343.739990234375,231.11000061035156,338.6600036621094,594.5100708007812,73.43499755859375,343.8800048828125,231.27000427246094,339.0516052246094,594.9099731445312,73.45999908447266,56312,55896,34992,15345,22326
2026-07-29 14:21:00-04:00,343.5299987792969,231.22000122070312,338.92498779296875,594.97998046875,73.46749877929688,343.8900146484375,231.27999877929688,339.05999755859375,595.1099853515625,73.47000122070312,343.4800109863281,231.13999938964844,338.66839599609375,594.594970703125,73.42500305175781,343.8200988769531,231.14999389648438,338.8900146484375,594.7449951171875,73.45999908447266,125013,33471,33768,15750,43118
2026-07-29 14:22:00-04:00,343.40008544921875,231.14999389648438,339.1600036621094,594.364990234375,73.5198974609375,343.58599853515625,231.21499633789062,339.2049865722656,595.0900268554688,73.53500366210938,343.2699890136719,231.1300048828125,338.8599853515625,594.1649780273438,73.43000030517578,343.510009765625,231.1999969482422,338.8900146484375,595.0900268554688,73.45999908447266,111179,42958,24525,24495,88351
2026-07-29 14:23:00-04:00,343.29998779296875,230.9499969482422,338.760009765625,593.3499755859375,73.45999908447266,343.5799865722656,231.22000122070312,339.2438049316406,594.4500122070312,73.54000091552734,343.260009765625,230.92999267578125,338.760009765625,593.27001953125,73.44000244140625,343.42999267578125,231.15499877929688,339.1700134277344,594.364990234375,73.5199966430664,47200,59297,44246,27961,123928
2026-07-29 14:24:00-04:00,343.3500061035156,230.99000549316406,338.6650085449219,593.0,73.4800033569336,343.48431396484375,231.0800018310547,338.92999267578125,593.4600219726562,73.5,343.2900085449219,230.94000244140625,338.6099853515625,592.9099731445312,73.43499755859375,343.2944030761719,230.9499969482422,338.739990234375,593.27001953125,73.44999694824219,71924,50708,53123,21457,95126
2026-07-29 14:25:00-04:00,343.4551086425781,230.9499969482422,338.75250244140625,593.530029296875,73.53500366210938,343.54998779296875,231.0,338.80499267578125,593.530029296875,73.54000091552734,343.3399963378906,230.88999938964844,338.45001220703125,592.7349853515625,73.4800033569336,343.3399963378906,230.97999572753906,338.6347961425781,593.0499877929688,73.4801025390625,60472,46838,78311,22761,55187
2026-07-29 14:26:00-04:00,343.45001220703125,231.0,338.69000244140625,593.49951171875,73.51499938964844,343.5299987792969,231.0399932861328,338.9208068847656,593.5800170898438,73.52999877929688,343.3399963378906,230.9600067138672,338.4054870605469,593.260009765625,73.4749984741211,343.489990234375,230.9600067138672,338.79998779296875,593.52001953125,73.52999877929688,51336,34975,58886,14311,69028
2026-07-29 14:27:00-04:00,343.260009765625,231.10000610351562,338.7149963378906,593.510009765625,73.57499694824219,343.4800109863281,231.10000610351562,338.7300109863281,593.6799926757812,73.57499694824219,343.1700134277344,230.94000244140625,338.52178955078125,593.0999755859375,73.51499938964844,343.4599914550781,231.02999877929688,338.69000244140625,593.4249877929688,73.5199966430664,78924,34892,32279,31348,85487
2026-07-29 14:28:00-04:00,343.31500244140625,231.3249969482422,339.0672912597656,593.47998046875,73.58000183105469,343.42999267578125,231.36000061035156,339.08990478515625,593.7650146484375,73.58999633789062,343.18499755859375,231.11000061035156,338.6737060546875,593.332275390625,73.55000305175781,343.2799987792969,231.11000061035156,338.75640869140625,593.5700073242188,73.58000183105469,84472,79637,30843,24304,47740
2026-07-29 14:29:00-04:00,343.58770751953125,231.44500732421875,339.2959899902344,593.655029296875,73.57499694824219,343.6400146484375,231.5,339.4200134277344,593.9299926757812,73.58999633789062,343.31170654296875,231.2957000732422,339.0,593.4650268554688,73.55999755859375,343.3299865722656,231.3000030517578,339.04998779296875,593.5,73.58999633789062,76627,56942,28498,21711,96575
2026-07-29 14:30:00-04:00,343.7799987792969,231.60000610351562,339.589599609375,594.5499877929688,73.58999633789062,343.8399963378906,231.64999389648438,339.6369934082031,594.6900024414062,73.5999984741211,343.5400085449219,231.41000366210938,339.0899963378906,593.489990234375,73.52999877929688,343.5899963378906,231.4300994873047,339.3399963378906,593.5499877929688,73.56999969482422,94939,119916,73560,38002,94761
2026-07-29 14:31:00-04:00,343.3299865722656,231.27740478515625,339.1300048828125,594.3699951171875,73.54000091552734,343.81988525390625,231.6479034423828,339.6282043457031,594.989990234375,73.59500122070312,343.3299865722656,231.22999572753906,338.7900085449219,593.7949829101562,73.54000091552734,343.7900085449219,231.60000610351562,339.6282043457031,594.6400146484375,73.59500122070312,85182,95106,63755,19999,70342
2026-07-29 14:32:00-04:00,343.2099914550781,231.31910705566406,339.04998779296875,594.0001220703125,73.51499938964844,343.3900146484375,231.3408966064453,339.1200866699219,594.4998779296875,73.53500366210938,343.05499267578125,231.0500030517578,338.5400085449219,593.4500122070312,73.47000122070312,343.364990234375,231.22999572753906,339.1200866699219,594.1599731445312,73.53500366210938,90085,90664,41397,28838,68369
2026-07-29 14:33:00-04:00,343.3900146484375,231.39999389648438,339.1199951171875,594.3499755859375,73.5,343.3999938964844,231.42999267578125,339.260009765625,594.530029296875,73.52999877929688,342.9700012207031,231.2100067138672,338.82000732421875,593.6199951171875,73.48999786376953,343.25,231.31500244140625,339.0899963378906,594.22998046875,73.5199966430664,99530,54219,31438,21025,62004
2026-07-29 14:34:00-04:00,343.2900085449219,231.17999267578125,338.875,594.2949829101562,73.47000122070312,343.5299987792969,231.47999572753906,339.19000244140625,594.7999877929688,73.52539825439453,343.2099914550781,231.1199951171875,338.6499938964844,593.8800048828125,73.45500183105469,343.4049987792969,231.43499755859375,339.19000244140625,594.35498046875,73.50499725341797,48064,47241,52729,20888,36675
2026-07-29 14:35:00-04:00,343.3299865722656,231.24009704589844,339.010009765625,594.22998046875,73.45500183105469,343.42498779296875,231.3800048828125,339.1099853515625,594.4299926757812,73.48999786376953,343.1400146484375,231.19000244140625,338.70001220703125,593.8800048828125,73.43499755859375,343.29998779296875,231.24000549316406,338.875,594.219970703125,73.4800033569336,92621,57735,31863,15161,42864
2026-07-29 14:36:00-04:00,343.4700012207031,231.4499969482422,339.0400085449219,594.1799926757812,73.6050033569336,343.4800109863281,231.4499969482422,339.05999755859375,594.3400268554688,73.62000274658203,343.1300048828125,231.1300048828125,338.6499938964844,593.6400146484375,73.45999908447266,343.30499267578125,231.27999877929688,339.0400085449219,594.25,73.45999908447266,59914,45485,31911,17827,93170
2026-07-29 14:37:00-04:00,343.52789306640625,231.4600067138672,339.17999267578125,594.2449951171875,73.63500213623047,343.5299987792969,231.47999572753906,339.2095031738281,594.3400268554688,73.63999938964844,343.30999755859375,231.27000427246094,338.8900146484375,593.8599853515625,73.58999633789062,343.4700012207031,231.42999267578125,339.0,594.1851196289062,73.61000061035156,73940,60943,21913,16811,59308
2026-07-29 14:38:00-04:00,343.7149963378906,231.78500366210938,339.5899963378906,595.5650024414062,73.66999816894531,343.9100036621094,231.8800048828125,339.7698974609375,595.8900146484375,73.7300033569336,343.4901123046875,231.43800354003906,339.1499938964844,594.2949829101562,73.63999938964844,343.5050048828125,231.43800354003906,339.1499938964844,594.3499755859375,73.63999938964844,118921,120034,35485,23836,89057
2026-07-29 14:39:00-04:00,343.815185546875,231.75,339.79998779296875,595.22998046875,73.62999725341797,343.94000244140625,231.8300018310547,340.1872863769531,595.5,73.70999908447266,343.6200866699219,231.61000061035156,339.6199951171875,594.7550048828125,73.58000183105469,343.70001220703125,231.7949981689453,339.6199951171875,595.4299926757812,73.66000366210938,61404,78416,103002,22230,79011
2026-07-29 14:40:00-04:00,343.67498779296875,231.82000732421875,340.239990234375,595.8674926757812,73.6050033569336,343.9200134277344,231.85000610351562,340.239990234375,595.9000244140625,73.62999725341797,343.52020263671875,231.72000122070312,339.79998779296875,594.760009765625,73.56999969482422,343.81500244140625,231.7550048828125,339.80499267578125,595.1400146484375,73.62000274658203,95794,57186,35638,23187,42608
2026-07-29 14:41:00-04:00,343.4599914550781,231.80999755859375,340.2799987792969,595.5150146484375,73.62359619140625,343.7349853515625,232.02000427246094,340.46990966796875,596.22998046875,73.62999725341797,343.3949890136719,231.80999755859375,340.2200012207031,595.3900756835938,73.5999984741211,343.67999267578125,231.82550048828125,340.2200012207031,595.989990234375,73.60820007324219,83910,91485,77709,24802,73410
2026-07-29 14:42:00-04:00,343.5199890136719,231.72999572753906,340.25,595.1099853515625,73.62000274658203,343.5712890625,231.7949981689453,340.3599853515625,595.6199951171875,73.6322021484375,343.3299865722656,231.51499938964844,339.9400939941406,594.6400756835938,73.52999877929688,343.4800109863281,231.78500366210938,340.2900085449219,595.2899780273438,73.61000061035156,77269,42376,71288,16609,65637
2026-07-29 14:43:00-04:00,343.57501220703125,231.88999938964844,340.3800048828125,595.7150268554688,73.62000274658203,343.6099853515625,231.88999938964844,340.3800048828125,595.7800903320312,73.625,343.3599853515625,231.58999633789062,339.92999267578125,594.75,73.56999969482422,343.5,231.72000122070312,340.25,595.010009765625,73.61499786376953,79880,51344,32340,23440,98981
2026-07-29 14:44:00-04:00,343.70001220703125,232.00999450683594,340.54998779296875,596.1104125976562,73.55509948730469,343.7699890136719,232.07000732421875,340.6700134277344,596.3900146484375,73.62000274658203,343.489990234375,231.8300018310547,340.260009765625,595.4400024414062,73.52999877929688,343.54998779296875,231.875,340.3800048828125,595.739990234375,73.62000274658203,75755,67794,41676,29031,87456
2026-07-29 14:45:00-04:00,343.5899963378906,232.0050048828125,340.5299987792969,595.3200073242188,73.50990295410156,343.8450012207031,232.0950927734375,340.7300109863281,596.0999755859375,73.56500244140625,343.58099365234375,231.9149932861328,340.45001220703125,595.3099975585938,73.50499725341797,343.69500732421875,231.99000549316406,340.5350036621094,596.0999755859375,73.55999755859375,79861,89519,59232,51652,92745
2026-07-29 14:46:00-04:00,343.7027893066406,232.03399658203125,340.70001220703125,595.8300170898438,73.52010345458984,343.7200012207031,232.13999938964844,340.7099914550781,596.0552978515625,73.56999969482422,343.55999755859375,231.9600067138672,340.44940185546875,594.9749755859375,73.47000122070312,343.6199951171875,232.02000427246094,340.6300048828125,595.3099975585938,73.5,55374,80789,45659,40501,224876
2026-07-29 14:47:00-04:00,343.67999267578125,232.1199951171875,340.7300109863281,595.4500122070312,73.49500274658203,343.79998779296875,232.25999450683594,340.9599914550781,595.9998779296875,73.5199966430664,343.510009765625,231.9801025390625,340.4800109863281,595.1801147460938,73.4800033569336,343.7349853515625,232.02999877929688,340.70001220703125,595.9998779296875,73.51000213623047,64489,61562,55920,33463,65565
2026-07-29 14:48:00-04:00,343.510009765625,232.22000122070312,340.6199951171875,596.2750244140625,73.58999633789062,343.739990234375,232.25999450683594,340.849609375,596.2750244140625,73.58999633789062,343.3999938964844,231.97999572753906,340.375,595.1300048828125,73.48999786376953,343.70001220703125,232.1300048828125,340.7699890136719,595.2999877929688,73.51000213623047,61127,76601,66888,30850,52344
2026-07-29 14:49:00-04:00,343.79998779296875,232.52999877929688,340.7900085449219,596.8800048828125,73.54499816894531,343.8599853515625,232.5493927001953,340.8399963378906,597.27001953125,73.62999725341797,343.4800109863281,232.2100067138672,340.5299987792969,596.1900024414062,73.5250015258789,343.5101013183594,232.2100067138672,340.614990234375,596.2750244140625,73.61000061035156,71497,64125,38895,30479,60513
2026-07-29 14:50:00-04:00,343.7200012207031,232.36000061035156,340.7099914550781,597.4400024414062,73.58499908447266,343.8569030761719,232.5500030517578,340.94500732421875,597.4500122070312,73.6050033569336,343.635009765625,232.35000610351562,340.6700134277344,596.7000122070312,73.54499816894531,343.7950134277344,232.52999877929688,340.78289794921875,596.8800048828125,73.54499816894531,68857,64892,52461,32937,60840
2026-07-29 14:51:00-04:00,343.7900085449219,232.42999267578125,340.79998779296875,597.97998046875,73.54010009765625,343.7900085449219,232.44000244140625,340.80499267578125,597.97998046875,73.6050033569336,343.5636901855469,232.25999450683594,340.4700012207031,597.1600952148438,73.53500366210938,343.7300109863281,232.375,340.7300109863281,597.364990234375,73.6050033569336,48198,51284,37791,50533,50121
2026-07-29 14:52:00-04:00,343.69000244140625,232.36000061035156,340.9006042480469,598.3499755859375,73.54000091552734,343.8900146484375,232.47999572753906,340.95269775390625,598.3900146484375,73.55000305175781,343.6099853515625,232.2301025390625,340.7099914550781,597.75,73.5,343.7799987792969,232.4250030517578,340.80499267578125,597.8350219726562,73.54000091552734,54780,50441,29903,28832,55719
2026-07-29 14:53:00-04:00,343.6000061035156,232.33999633789062,341.2650146484375,599.2957153320312,73.52999877929688,343.70928955078125,232.41000366210938,341.32501220703125,599.5,73.56999969482422,343.5101013183594,232.25999450683594,340.9200134277344,598.3400268554688,73.51000213623047,343.67999267578125,232.3800048828125,340.9200134277344,598.3400268554688,73.55000305175781,56099,82793,47495,58736,63968
2026-07-29 14:54:00-04:00,343.6300964355469,232.52999877929688,341.6300048828125,599.2999877929688,73.51499938964844,343.7099914550781,232.52999877929688,341.6300048828125,599.530029296875,73.54209899902344,343.4700012207031,232.3300018310547,341.2900085449219,599.0499877929688,73.48500061035156,343.6050109863281,232.35000610351562,341.2900085449219,599.385009765625,73.52999877929688,63117,64325,43915,56088,51919
2026-07-29 14:55:00-04:00,343.7149963378906,232.77999877929688,341.82989501953125,599.6599731445312,73.57499694824219,343.8399963378906,232.82000732421875,341.9800109863281,599.969970703125,73.62000274658203,343.5899963378906,232.52000427246094,341.489990234375,598.989990234375,73.50499725341797,343.6600036621094,232.53500366210938,341.6050109863281,599.364990234375,73.51000213623047,74034,57386,51031,59526,50936
2026-07-29 14:56:00-04:00,343.5150146484375,232.53500366210938,341.5799865722656,598.875,73.47000122070312,343.75,232.77999877929688,341.8299865722656,599.72998046875,73.58499908447266,343.4501037597656,232.52000427246094,341.46038818359375,598.8499755859375,73.44999694824219,343.7149963378906,232.77999877929688,341.80999755859375,599.7249755859375,73.58000183105469,59479,76858,46383,36916,47701
2026-07-29 14:57:00-04:00,343.2250061035156,232.55499267578125,341.3301086425781,598.3250122070312,73.46499633789062,343.510009765625,232.5699005126953,341.5299987792969,598.75,73.4800033569336,343.1700134277344,232.41000366210938,341.19000244140625,598.0,73.43000030517578,343.5,232.53500366210938,341.5199890136719,598.7000122070312,73.47000122070312,75965,88109,68373,32653,55978
2026-07-29 14:58:00-04:00,343.0799865722656,232.64999389648438,341.2699890136719,598.4149780273438,73.47000122070312,343.25,232.75999450683594,341.5398864746094,598.7050170898438,73.4800033569336,343.0,232.52000427246094,341.2200012207031,598.1699829101562,73.4000015258789,343.2381896972656,232.57000732421875,341.44000244140625,598.3900146484375,73.45999908447266,63306,86720,33767,18848,74906
2026-07-29 14:59:00-04:00,342.8999938964844,232.4600067138672,341.2699890136719,597.8200073242188,73.44229888916016,343.1000061035156,232.6634979248047,341.3800048828125,598.4600219726562,73.47989654541016,342.7449951171875,232.3699951171875,341.0299987792969,597.6099853515625,73.43499755859375,343.1000061035156,232.6634979248047,341.2900085449219,598.4199829101562,73.47000122070312,155729,78393,44565,23815,44551
2026-07-29 15:00:00-04:00,342.68499755859375,232.33999633789062,340.93499755859375,597.22998046875,73.37000274658203,342.989990234375,232.57000732421875,341.3500061035156,598.010009765625,73.44999694824219,342.68499755859375,232.31500244140625,340.8399963378906,597.1099853515625,73.34500122070312,342.8999938964844,232.46499633789062,341.239990234375,597.989990234375,73.44499969482422,85309,74988,52012,29367,77383
2026-07-29 15:01:00-04:00,342.8599853515625,232.5,341.2749938964844,597.75,73.375,342.8999938964844,232.5,341.29998779296875,597.9000244140625,73.38500213623047,342.6199951171875,232.160400390625,340.7300109863281,596.864990234375,73.30999755859375,342.69000244140625,232.34500122070312,340.9949951171875,597.1199951171875,73.36000061035156,113454,72333,45531,23841,49781
2026-07-29 15:02:00-04:00,342.6549987792969,232.3300018310547,341.70001220703125,597.594970703125,73.36000061035156,342.9200134277344,232.56500244140625,341.7300109863281,598.0,73.37999725341797,342.6099853515625,232.32000732421875,341.239990234375,597.4000244140625,73.31500244140625,342.8699951171875,232.5,341.30999755859375,597.8787841796875,73.375,82322,48933,73940,26228,73582
2026-07-29 15:03:00-04:00,342.5151062011719,231.94000244140625,341.2900085449219,596.7100219726562,73.2750015258789,342.7950134277344,232.33999633789062,341.7300109863281,597.6298828125,73.375,342.489990234375,231.89999389648438,341.2200012207031,596.5900268554688,73.26499938964844,342.6549987792969,232.33999633789062,341.7149963378906,597.5499877929688,73.37000274658203,79343,52245,45976,25009,54499
2026-07-29 15:04:00-04:00,342.31500244140625,231.55560302734375,341.0299987792969,596.47998046875,73.2750015258789,342.5177001953125,231.99000549316406,341.30999755859375,596.8200073242188,73.29000091552734,341.989990234375,231.4550018310547,340.70001220703125,596.010009765625,73.20999908447266,342.5050048828125,231.94979858398438,341.2799987792969,596.719970703125,73.2750015258789,154536,57838,62408,29687,77957
2026-07-29 15:05:00-04:00,342.30999755859375,231.4250030517578,340.3500061035156,595.7150268554688,73.3239974975586,342.3699951171875,231.58999633789062,341.0400085449219,596.5499877929688,73.33999633789062,342.1700134277344,231.3000030517578,340.2799987792969,595.5900268554688,73.20999908447266,342.31500244140625,231.58999633789062,341.0299987792969,596.4849853515625,73.2750015258789,89334,68047,71136,29022,100711
2026-07-29 15:06:00-04:00,342.20001220703125,231.52000427246094,340.3500061035156,595.7449951171875,73.37000274658203,342.32501220703125,231.5800018310547,340.44000244140625,595.8151245117188,73.37999725341797,342.07000732421875,231.3000030517578,340.0,595.155029296875,73.29000091552734,342.32501220703125,231.4250030517578,340.2799987792969,595.7777099609375,73.32499694824219,91438,41407,51778,22856,122843
2026-07-29 15:07:00-04:00,342.18499755859375,231.42950439453125,340.0299987792969,594.7999877929688,73.40499877929688,342.239990234375,231.56739807128906,340.4150085449219,595.7449951171875,73.41000366210938,342.0400085449219,231.35000610351562,339.9859924316406,594.510009765625,73.34500122070312,342.19000244140625,231.49000549316406,340.3500061035156,595.7449951171875,73.36000061035156,66929,62586,49137,29710,102025
2026-07-29 15:08:00-04:00,342.05499267578125,231.30499267578125,339.8236999511719,594.3701171875,73.30999755859375,342.29998779296875,231.52999877929688,340.19500732421875,595.47998046875,73.44999694824219,341.95001220703125,231.27999877929688,339.6700134277344,594.3701171875,73.29499816894531,342.18499755859375,231.41000366210938,340.0400085449219,594.7849731445312,73.41000366210938,86024,53371,51596,22609,103682
2026-07-29 15:09:00-04:00,341.9549865722656,231.14999389648438,339.639892578125,594.2249755859375,73.30999755859375,342.17999267578125,231.32000732421875,339.94989013671875,594.719970703125,73.33499908447266,341.9100036621094,231.14999389648438,339.6099853515625,594.0999755859375,73.29499816894531,342.04998779296875,231.3000030517578,339.864990234375,594.5900268554688,73.30000305175781,79214,56442,25597,26411,70003
2026-07-29 15:10:00-04:00,342.125,231.16000366210938,339.6549987792969,594.1500244140625,73.3198013305664,342.20001220703125,231.22000122070312,339.760009765625,594.2399291992188,73.33999633789062,341.92999267578125,231.02000427246094,339.4100036621094,593.719970703125,73.28500366210938,341.9549865722656,231.1300048828125,339.614990234375,594.1099853515625,73.31500244140625,84133,66369,43380,31464,54553
2026-07-29 15:11:00-04:00,342.4949951171875,231.3800048828125,339.9800109863281,595.0,73.30999755859375,342.5199890136719,231.3800048828125,340.114990234375,595.1699829101562,73.33589935302734,342.125,231.17999267578125,339.6499938964844,594.239990234375,73.30010223388672,342.125,231.17999267578125,339.7300109863281,594.239990234375,73.31999969482422,93162,31440,63540,25082,63378
2026-07-29 15:12:00-04:00,342.2699890136719,231.42999267578125,339.8599853515625,595.0,73.37000274658203,342.6400146484375,231.44000244140625,340.114990234375,595.0599975585938,73.37000274658203,342.2099914550781,231.16000366210938,339.6000061035156,594.2000122070312,73.30000305175781,342.4800109863281,231.36000061035156,340.0043029785156,595.0,73.31500244140625,100910,662464,43151,22828,73766
2026-07-29 15:13:00-04:00,342.3699951171875,231.42999267578125,339.760009765625,595.1400146484375,73.31500244140625,342.4100036621094,231.50999450683594,339.9800109863281,595.2000122070312,73.375,342.19000244140625,231.3300018310547,339.7099914550781,594.6500244140625,73.30999755859375,342.2699890136719,231.42999267578125,339.8450012207031,595.035888671875,73.37000274658203,75331,43518,30928,31918,58363
2026-07-29 15:14:00-04:00,342.4200134277344,231.4250030517578,339.79998779296875,595.2899780273438,73.33000183105469,342.489990234375,231.50999450683594,339.94000244140625,595.530029296875,73.3311996459961,342.29998779296875,231.3800048828125,339.739990234375,595.010009765625,73.30999755859375,342.3900146484375,231.4199981689453,339.7449951171875,595.010009765625,73.31500244140625,63192,35570,26098,18170,37024
2026-07-29 15:15:00-04:00,342.7749938964844,231.6403045654297,340.05999755859375,595.7949829101562,73.3499984741211,342.8699951171875,231.6403045654297,340.19000244140625,595.9000244140625,73.37000274658203,342.3800048828125,231.33999633789062,339.5899963378906,594.8400268554688,73.31999969482422,342.3900146484375,231.4199981689453,339.79998779296875,595.3900146484375,73.33000183105469,74779,43996,36872,65238,62894
2026-07-29 15:16:00-04:00,342.739990234375,231.41000366210938,339.7948913574219,594.9099731445312,73.36000061035156,342.8399963378906,231.66000366210938,340.1134948730469,595.7949829101562,73.39669799804688,342.6300048828125,231.3699951171875,339.6499938964844,594.8800048828125,73.31999969482422,342.77508544921875,231.65499877929688,340.0899963378906,595.7949829101562,73.33999633789062,73841,67043,27301,24625,85344
2026-07-29 15:17:00-04:00,342.5199890136719,231.1300048828125,339.543701171875,593.885009765625,73.38999938964844,342.79998779296875,231.40499877929688,339.80999755859375,594.844970703125,73.41500091552734,342.3504943847656,231.1199951171875,339.5199890136719,593.77001953125,73.33999633789062,342.7550048828125,231.38999938964844,339.80999755859375,594.844970703125,73.36000061035156,65830,49562,36683,60892,110277
2026-07-29 15:18:00-04:00,342.2698974609375,231.0,339.0350036621094,593.1500244140625,73.33999633789062,342.5150146484375,231.0699005126953,339.5199890136719,593.77001953125,73.38999938964844,342.18389892578125,230.7899932861328,338.94000244140625,593.0700073242188,73.31999969482422,342.5,231.02999877929688,339.5199890136719,593.77001953125,73.38999938964844,83880,69138,48253,25206,60324
2026-07-29 15:19:00-04:00,342.2950134277344,230.8699951171875,338.7749938964844,593.125,73.3499984741211,342.32000732421875,231.00999450683594,339.07000732421875,593.3699951171875,73.37000274658203,342.1400146484375,230.8699951171875,338.6099853515625,592.6171264648438,73.33000183105469,342.2449951171875,230.97999572753906,339.0007019042969,593.1500244140625,73.34500122070312,41189,40133,40096,21475,77252
2026-07-29 15:20:00-04:00,342.0450134277344,230.63999938964844,338.0,591.8099975585938,73.37000274658203,342.3900146484375,230.9499969482422,338.7850036621094,593.125,73.37999725341797,342.0199890136719,230.52999877929688,337.95001220703125,591.7349243164062,73.33999633789062,342.30499267578125,230.9499969482422,338.7850036621094,593.125,73.3550033569336,64593,61849,45039,37221,62018
2026-07-29 15:21:00-04:00,342.0470886230469,230.5950927734375,337.5799865722656,591.4400024414062,73.3550033569336,342.20001220703125,230.69000244140625,337.989990234375,592.030029296875,73.37999725341797,341.7799987792969,230.41000366210938,337.29998779296875,590.969970703125,73.33000183105469,342.05999755859375,230.6199951171875,337.989990234375,591.9299926757812,73.37000274658203,110492,110270,45563,31134,69232
2026-07-29 15:22:00-04:00,341.7900085449219,230.44000244140625,337.42999267578125,590.8099975585938,73.36499786376953,342.1000061035156,230.61000061035156,337.55999755859375,591.364990234375,73.38999938964844,341.7699890136719,230.3300018310547,337.1535949707031,590.2869873046875,73.3499984741211,342.0400085449219,230.5800018310547,337.55999755859375,591.3120727539062,73.3550033569336,75779,95334,32426,26079,68566
2026-07-29 15:23:00-04:00,341.6600036621094,230.2100067138672,337.4200134277344,590.5700073242188,73.31500244140625,341.82000732421875,230.4600067138672,337.5199890136719,591.1535034179688,73.36509704589844,341.6000061035156,230.1199951171875,337.25,590.0399780273438,73.28500366210938,341.7720031738281,230.4199981689453,337.4200134277344,590.7249755859375,73.3499984741211,76795,56021,42571,21764,55501
2026-07-29 15:24:00-04:00,341.54998779296875,230.16000366210938,336.94000244140625,590.0399780273438,73.2750015258789,341.7757873535156,230.36000061035156,337.6449890136719,590.7000122070312,73.33499908447266,341.5450134277344,230.14999389648438,336.860107421875,589.8900146484375,73.2699966430664,341.67999267578125,230.22500610351562,337.4700012207031,590.5800170898438,73.31500244140625,69078,59817,52605,41549,72649
2026-07-29 15:25:00-04:00,341.489990234375,229.8000030517578,336.6700134277344,589.4849853515625,73.30500030517578,341.739990234375,230.27000427246094,337.0950012207031,590.3400268554688,73.3550033569336,341.44000244140625,229.7949981689453,336.6600036621094,589.25,73.26499938964844,341.5299987792969,230.14999389648438,336.9100036621094,590.0499877929688,73.26499938964844,73485,98953,25677,35330,102368
2026-07-29 15:26:00-04:00,341.6000061035156,229.66000366210938,336.45001220703125,589.0549926757812,73.31999969482422,341.6199035644531,229.82000732421875,336.677001953125,589.4459838867188,73.33499908447266,341.3299865722656,229.49000549316406,336.17999267578125,588.0700073242188,73.29499816894531,341.489990234375,229.8000030517578,336.677001953125,589.4000244140625,73.30500030517578,147134,55340,38243,37113,126988
2026-07-29 15:27:00-04:00,341.489990234375,229.69000244140625,336.510009765625,588.969970703125,73.33499908447266,342.0,229.8498992919922,336.6499938964844,589.7100219726562,73.4000015258789,341.42498779296875,229.62069702148438,336.30999755859375,588.7000122070312,73.31999969482422,341.5899963378906,229.67999267578125,336.43011474609375,589.0700073242188,73.32499694824219,86327,55673,38937,22074,84324
2026-07-29 15:28:00-04:00,341.4800109863281,229.77999877929688,336.6400146484375,588.8699951171875,73.36499786376953,341.57501220703125,229.8000030517578,336.75,589.1998291015625,73.37000274658203,341.3699951171875,229.60000610351562,336.3599853515625,588.75048828125,73.33000183105469,341.4601135253906,229.68499755859375,336.4700012207031,589.0,73.33499908447266,57613,42419,32322,28511,71482
2026-07-29 15:29:00-04:00,341.5299987792969,229.60000610351562,336.6700134277344,589.12939453125,73.36499786376953,341.57000732421875,229.7899932861328,336.70001220703125,589.3599853515625,73.4000015258789,341.3800048828125,229.5,336.45001220703125,588.72998046875,73.3550033569336,341.5,229.7899932861328,336.6199951171875,588.7999877929688,73.37000274658203,78110,50335,29369,30179,83963
2026-07-29 15:30:00-04:00,341.29998779296875,229.60000610351562,336.7699890136719,589.885009765625,73.34500122070312,341.55999755859375,229.65499877929688,336.8399963378906,590.1475830078125,73.375,341.1449890136719,229.44500732421875,336.54010009765625,589.0700073242188,73.31500244140625,341.55999755859375,229.64999389648438,336.7200012207031,589.1400146484375,73.36499786376953,118274,88841,34591,40522,135734
2026-07-29 15:31:00-04:00,341.3349914550781,229.60000610351562,336.7300109863281,590.135009765625,73.38500213623047,341.45001220703125,229.64999389648438,336.8800048828125,590.2000122070312,73.3949966430664,341.17999267578125,229.35000610351562,336.42999267578125,588.9299926757812,73.30000305175781,341.3550109863281,229.57000732421875,336.8450012207031,589.8200073242188,73.3499984741211,105578,63116,37691,38326,103370
2026-07-29 15:32:00-04:00,341.2650146484375,229.3800048828125,336.5050048828125,589.0599975585938,73.3499984741211,341.45001220703125,229.63999938964844,336.77899169921875,590.1500244140625,73.41000366210938,341.17498779296875,229.35000610351562,336.32000732421875,588.760009765625,73.3499984741211,341.3299865722656,229.59669494628906,336.7200012207031,590.0050048828125,73.38500213623047,63746,89777,37977,476433,96683
2026-07-29 15:33:00-04:00,340.7699890136719,228.8300018310547,335.6499938964844,587.9000244140625,73.30999755859375,341.4100036621094,229.38499450683594,336.510009765625,589.3599853515625,73.36000061035156,340.7699890136719,228.77000427246094,335.5899963378906,587.7540283203125,73.29499816894531,341.2900085449219,229.38499450683594,336.4700012207031,589.219970703125,73.34500122070312,110795,113375,47445,55693,102974
2026-07-29 15:34:00-04:00,340.80499267578125,229.27999877929688,335.927490234375,588.489990234375,73.36000061035156,340.8299865722656,229.3000030517578,335.927490234375,588.6900024414062,73.375,340.5199890136719,228.74000549316406,335.44000244140625,587.510009765625,73.31500244140625,340.7799987792969,228.8300018310547,335.70001220703125,587.9000244140625,73.31500244140625,101182,87270,49155,51074,121400
2026-07-29 15:35:00-04:00,340.56500244140625,229.0312957763672,335.8550109863281,588.3800048828125,73.30999755859375,340.875,229.35000610351562,336.0,588.8800048828125,73.37999725341797,340.54998779296875,228.97000122070312,335.6199951171875,588.2100219726562,73.30500030517578,340.8299865722656,229.3000030517578,335.8949890136719,588.8499755859375,73.36499786376953,83431,155014,45329,40846,74360
2026-07-29 15:36:00-04:00,340.82000732421875,228.97000122070312,336.1499938964844,588.6400146484375,73.33100128173828,340.875,229.05999755859375,336.1700134277344,588.9000244140625,73.33499908447266,340.3699951171875,228.7899932861328,335.7300109863281,588.0,73.2699966430664,340.5799865722656,229.02999877929688,335.8800048828125,588.5900268554688,73.30000305175781,89605,132702,33653,30575,80089
2026-07-29 15:37:00-04:00,340.489990234375,228.7050018310547,335.7200012207031,587.6950073242188,73.31500244140625,340.92999267578125,229.0,336.17498779296875,588.9500122070312,73.36000061035156,340.4599914550781,228.69000244140625,335.7200012207031,587.6099853515625,73.30000305175781,340.8294982910156,228.97000122070312,336.1499938964844,588.7675170898438,73.33499908447266,85000,127363,38018,71512,53756
2026-07-29 15:38:00-04:00,340.05499267578125,228.32000732421875,335.2699890136719,586.8400268554688,73.33999633789062,340.5299987792969,228.72999572753906,335.7300109863281,587.739990234375,73.375,340.0299987792969,228.32000732421875,335.2449951171875,586.6599731445312,73.30999755859375,340.5199890136719,228.72000122070312,335.7099914550781,587.6699829101562,73.30999755859375,107298,494698,30751,60577,88047
2026-07-29 15:39:00-04:00,339.6400146484375,228.25,335.42999267578125,587.25,73.3499984741211,340.05999755859375,228.5500030517578,335.5481872558594,587.52001953125,73.3949966430664,339.57000732421875,228.14999389648438,334.9574890136719,586.5250244140625,73.31999969482422,340.05859375,228.30999755859375,335.22149658203125,586.8900146484375,73.33499908447266,214293,101512,45818,35963,95441
2026-07-29 15:40:00-04:00,339.75,228.5749969482422,335.7099914550781,587.625,73.3949966430664,339.79998779296875,228.58999633789062,335.7099914550781,587.7050170898438,73.3949966430664,339.32000732421875,228.1999969482422,335.1499938964844,586.6901245117188,73.33000183105469,339.6400146484375,228.25999450683594,335.4100036621094,587.22998046875,73.3550033569336,162307,159109,55176,41260,157065
2026-07-29 15:41:00-04:00,339.7300109863281,228.4149932861328,335.8550109863281,586.6500244140625,73.3499984741211,339.9100036621094,228.7100067138672,336.010009765625,587.989990234375,73.41999816894531,339.4700927734375,228.22999572753906,335.6272888183594,586.47998046875,73.31999969482422,339.7699890136719,228.5749969482422,335.7250061035156,587.6500244140625,73.3949966430664,107195,133658,50488,44923,121954
2026-07-29 15:42:00-04:00,339.75,228.3300018310547,335.7699890136719,586.6699829101562,73.38999938964844,339.9049987792969,228.42999267578125,335.9599914550781,587.0599975585938,73.41000366210938,339.6600036621094,228.27000427246094,335.5,586.510009765625,73.3499984741211,339.7250061035156,228.41000366210938,335.80999755859375,586.6400146484375,73.36000061035156,119878,95210,48893,32796,113893
2026-07-29 15:43:00-04:00,339.95001220703125,228.3699951171875,335.9100036621094,585.4849853515625,73.40499877929688,339.9700012207031,228.47000122070312,336.07000732421875,586.6199951171875,73.42500305175781,339.510009765625,228.0399932861328,335.17999267578125,585.2899780273438,73.30000305175781,339.7300109863281,228.30999755859375,335.7699890136719,586.5399780273438,73.4000015258789,87583,83804,47121,86984,131042
2026-07-29 15:44:00-04:00,339.5799865722656,228.02999877929688,335.7200012207031,584.739990234375,73.37000274658203,339.9800109863281,228.42999267578125,335.95001220703125,585.4000244140625,73.41999816894531,339.5,227.92999267578125,335.57000732421875,584.260009765625,73.33999633789062,339.95001220703125,228.42999267578125,335.8999938964844,585.3300170898438,73.40499877929688,148939,122233,33490,88216,103355
2026-07-29 15:45:00-04:00,339.5450134277344,228.0800018310547,335.5899963378906,584.27001953125,73.31999969482422,339.9200134277344,228.19749450683594,336.0,585.1099853515625,73.4000015258789,339.5400085449219,228.02200317382812,335.5799865722656,584.27001953125,73.31999969482422,339.5849914550781,228.0500030517578,335.7699890136719,584.739990234375,73.37000274658203,97350,181781,58502,74362,117247
2026-07-29 15:46:00-04:00,339.6969909667969,228.1833953857422,335.8900146484375,584.6500244140625,73.30419921875,339.989990234375,228.3000030517578,336.1400146484375,584.97998046875,73.33999633789062,339.5199890136719,228.0749969482422,335.53070068359375,584.260009765625,73.29499816894531,339.55999755859375,228.09060668945312,335.57000732421875,584.3900146484375,73.31999969482422,119079,135330,37877,53603,130940
2026-07-29 15:47:00-04:00,339.92498779296875,228.07000732421875,336.1482849121094,584.760009765625,73.31500244140625,339.94000244140625,228.1999969482422,336.54998779296875,584.9299926757812,73.32969665527344,339.6400146484375,227.86000061035156,335.82000732421875,584.30908203125,73.2699966430664,339.67999267578125,228.19000244140625,335.82000732421875,584.760009765625,73.30500030517578,99219,128306,153710,39757,120202
2026-07-29 15:48:00-04:00,340.19000244140625,228.0800018310547,336.5249938964844,584.739990234375,73.34500122070312,340.32989501953125,228.1999969482422,336.6099853515625,585.1099853515625,73.36499786376953,339.8399963378906,227.9600067138672,336.0199890136719,584.5399780273438,73.29000091552734,339.93499755859375,228.0800018310547,336.19500732421875,584.739990234375,73.31500244140625,112717,114633,43434,65707,126064
2026-07-29 15:49:00-04:00,340.07000732421875,228.1699981689453,336.5400085449219,584.7050170898438,73.44999694824219,340.2799987792969,228.25,336.75,584.9998779296875,73.45999908447266,339.9100036621094,228.00999450683594,336.29998779296875,584.5999755859375,73.33499908447266,340.17999267578125,228.0800018310547,336.4800109863281,584.6699829101562,73.3499984741211,161716,126981,75802,50779,381967
2026-07-29 15:50:00-04:00,339.6050109863281,227.66000366210938,335.6400146484375,584.1099853515625,73.4749984741211,340.04998779296875,228.13999938964844,336.5400085449219,585.8200073242188,73.48979949951172,339.3349914550781,227.5,335.4200134277344,583.7249755859375,73.33999633789062,340.0,228.13999938964844,336.5299987792969,584.6099853515625,73.44999694824219,187863,158369,160218,156333,636714
2026-07-29 15:51:00-04:00,339.4700012207031,227.5399932861328,335.739990234375,583.77001953125,73.47000122070312,339.70001220703125,227.72000122070312,336.0400085449219,584.4500122070312,73.4749984741211,339.3399963378906,227.47999572753906,335.489990234375,583.27001953125,73.41999816894531,339.6050109863281,227.6699981689453,335.6000061035156,584.1099853515625,73.4749984741211,167653,145846,132538,115119,221931
2026-07-29 15:52:00-04:00,339.3699951171875,227.52000427246094,335.5199890136719,583.3499755859375,73.36000061035156,339.5,227.75,335.760009765625,583.9199829101562,73.48999786376953,339.0577087402344,227.36000061035156,335.0899963378906,583.0300903320312,73.36000061035156,339.44000244140625,227.5399932861328,335.760009765625,583.77001953125,73.47000122070312,191617,170010,85691,66200,142748
2026-07-29 15:53:00-04:00,338.8900146484375,227.42999267578125,335.5,582.7899780273438,73.31999969482422,339.4100036621094,227.52000427246094,335.90509033203125,583.5999755859375,73.37000274658203,338.8900146484375,227.3300018310547,335.4018859863281,582.4000244140625,73.30500030517578,339.3699951171875,227.5,335.5199890136719,583.3499755859375,73.36000061035156,271413,144209,66799,117639,169687
2026-07-29 15:54:00-04:00,339.3299865722656,227.02999877929688,335.8900146484375,583.3049926757812,73.31999969482422,339.3399963378906,227.58999633789062,336.0799865722656,583.9099731445312,73.36499786376953,338.8301086425781,227.02000427246094,335.4901123046875,582.219970703125,73.28500366210938,338.8949890136719,227.3800048828125,335.5450134277344,582.864990234375,73.31999969482422,251456,271155,134592,192683,191445
2026-07-29 15:55:00-04:00,338.30999755859375,227.06500244140625,335.7300109863281,583.9400024414062,73.46099853515625,339.3399963378906,227.1999969482422,335.9700012207031,584.1199951171875,73.51499938964844,338.17999267578125,226.25,335.0199890136719,582.27001953125,73.26000213623047,339.32000732421875,227.00999450683594,335.8999938964844,583.2100219726562,73.31999969482422,681468,752046,351631,157640,636185
2026-07-29 15:56:00-04:00,338.1099853515625,226.74000549316406,335.3800048828125,583.219970703125,73.4749984741211,338.5199890136719,227.1999969482422,335.7300109863281,584.5900268554688,73.48500061035156,337.8999938964844,226.72000122070312,335.0899963378906,582.97998046875,73.42500305175781,338.3299865722656,227.06500244140625,335.7300109863281,583.9400024414062,73.47000122070312,455966,451695,213174,151570,309883
2026-07-29 15:57:00-04:00,338.0150146484375,226.39999389648438,335.1000061035156,584.4400024414062,73.54000091552734,338.3500061035156,226.8800048828125,335.57000732421875,584.5499877929688,73.58000183105469,337.8299865722656,226.39999389648438,335.04998779296875,583.1649780273438,73.46499633789062,338.1199951171875,226.74000549316406,335.3999938964844,583.219970703125,73.47000122070312,737155,714629,311314,124010,577903
2026-07-29 15:58:00-04:00,337.57000732421875,226.36000061035156,335.1199951171875,584.4099731445312,73.6050033569336,338.0799865722656,226.47999572753906,335.2300109863281,585.2100219726562,73.625,337.5,226.19000244140625,334.80999755859375,583.9600219726562,73.52999877929688,338.0199890136719,226.4199981689453,335.1099853515625,584.5,73.54000091552734,1116215,902442,535855,468062,634162
2026-07-29 15:59:00-04:00,338.07000732421875,226.7100067138672,335.8999938964844,587.0,73.62999725341797,338.4599914550781,226.88499450683594,335.95001220703125,588.0800170898438,73.68000030517578,337.35009765625,226.16000366210938,334.9100036621094,583.75,73.55000305175781,337.55999755859375,226.3699951171875,335.1499938964844,584.5700073242188,73.58999633789062,2284490,1642321,845287,474709,1888118
2026-07-30 09:30:00-04:00,333.7300109863281,232.94000244140625,334.3999938964844,532.340087890625,71.25499725341797,334.29998779296875,234.26190185546875,335.45001220703125,533.72998046875,71.77999877929688,332.010009765625,231.82000732421875,333.0799865722656,524.5189819335938,71.11000061035156,333.1300048828125,233.25,333.0799865722656,525.739990234375,71.48999786376953,2574098,3918688,971528,3893155,2049821
2026-07-30 09:31:00-04:00,334.20001220703125,231.24000549316406,332.1400146484375,528.4451293945312,71.36000061035156,334.3800048828125,233.4499969482422,334.70001220703125,535.469970703125,71.55000305175781,332.8699951171875,231.05999755859375,331.9599914550781,526.0399780273438,71.11000061035156,333.6700134277344,232.94000244140625,334.4649963378906,532.4099731445312,71.25,378510,424770,109277,565226,339922
2026-07-30 09:32:00-04:00,333.9549865722656,232.17999267578125,331.55999755859375,528.239990234375,71.16999816894531,334.4800109863281,232.3699951171875,332.1919860839844,528.9400024414062,71.41000366210938,333.3599853515625,231.16000366210938,331.1499938964844,526.1300048828125,71.16999816894531,334.1700134277344,231.27000427246094,332.0799865722656,528.375,71.33999633789062,344835,492453,80321,371357,248287
2026-07-30 09:33:00-04:00,333.0400085449219,232.4102020263672,331.04998779296875,529.0888061523438,71.20999908447266,334.30999755859375,232.97000122070312,332.0899963378906,529.8800048828125,71.4574966430664,332.82501220703125,232.00999450683594,331.010009765625,528.2000122070312,71.16000366210938,333.9599914550781,232.1699981689453,331.5299987792969,528.510009765625,71.16000366210938,309612,327985,103897,287036,187316
2026-07-30 09:34:00-04:00,332.739990234375,233.25,332.42999267578125,531.9577026367188,71.27999877929688,333.5400085449219,233.39999389648438,332.55999755859375,532.3900146484375,71.3550033569336,332.3999938964844,232.3000030517578,330.79998779296875,527.3499145507812,71.16999816894531,333.0299987792969,232.4600067138672,331.07501220703125,529.0999755859375,71.20999908447266,225362,372180,120739,353371,178883
2026-07-30 09:35:00-04:00,332.4700012207031,233.27999877929688,332.6199951171875,536.3049926757812,71.11000061035156,332.9100036621094,233.57000732421875,332.70989990234375,536.6900024414062,71.26000213623047,332.010009765625,232.52000427246094,331.8800048828125,531.7000122070312,71.0999984741211,332.69000244140625,233.19000244140625,332.5,532.0800170898438,71.26000213623047,266524,263825,69824,386219,186313
2026-07-30 09:36:00-04:00,332.4700012207031,233.3300018310547,332.68499755859375,529.4000244140625,71.22000122070312,332.9700012207031,233.6699981689453,332.8800048828125,536.6500244140625,71.23500061035156,332.05499267578125,233.17999267578125,332.2637939453125,528.9000244140625,71.0,332.5199890136719,233.25999450683594,332.5400085449219,536.6500244140625,71.11000061035156,314134,392880,57752,425201,216769
2026-07-30 09:37:00-04:00,332.6650085449219,233.99000549316406,332.57501220703125,529.6599731445312,71.32499694824219,332.8599853515625,234.0,332.7799987792969,529.8300170898438,71.43000030517578,332.2300109863281,233.25,332.07000732421875,527.5,71.20999908447266,332.44000244140625,233.3300018310547,332.739013671875,529.2849731445312,71.24500274658203,199841,250437,43741,269837,177245
2026-07-30 09:38:00-04:00,331.82000732421875,233.3699951171875,331.6199951171875,530.8590698242188,71.08000183105469,332.77459716796875,234.0500030517578,332.7099914550781,531.489990234375,71.31999969482422,331.760009765625,233.1999969482422,331.3999938964844,528.5700073242188,71.02999877929688,332.70001220703125,233.99000549316406,332.7099914550781,529.7999877929688,71.30999755859375,288977,232812,156636,251275,159422
2026-07-30 09:39:00-04:00,331.2950134277344,233.3699951171875,332.2099914550781,529.1199951171875,71.125,331.8900146484375,233.42999267578125,332.2099914550781,531.1109008789062,71.1500015258789,331.2099914550781,232.92010498046875,331.239990234375,528.5,71.05000305175781,331.80999755859375,233.36000061035156,331.57000732421875,530.7009887695312,71.08000183105469,240614,236293,70773,232350,155160
2026-07-30 09:40:00-04:00,331.66680908203125,233.3249969482422,332.1300048828125,527.8900146484375,71.17500305175781,331.7300109863281,233.60000610351562,332.6400146484375,529.9600219726562,71.23500061035156,330.710205078125,233.19000244140625,331.9200134277344,527.780029296875,71.0999984741211,331.30999755859375,233.41000366210938,332.19000244140625,528.9949951171875,71.12999725341797,223877,173448,55106,229451,158890
2026-07-30 09:41:00-04:00,331.7200012207031,233.59500122070312,332.1600036621094,528.969970703125,71.2300033569336,331.8800048828125,233.9799041748047,332.7449951171875,529.7100219726562,71.2300033569336,331.29998779296875,233.16000366210938,331.94000244140625,527.780029296875,71.04000091552734,331.69000244140625,233.32000732421875,332.1000061035156,527.8900146484375,71.1709976196289,201772,223419,53766,198866,110924
2026-07-30 09:42:00-04:00,332.5400085449219,234.4499969482422,331.84478759765625,530.5050048828125,71.42500305175781,332.6199951171875,234.5,332.8500061035156,531.5,71.4800033569336,331.4849853515625,233.5500030517578,331.6499938964844,528.989990234375,71.23500061035156,331.739990234375,233.59500122070312,332.1199951171875,528.989990234375,71.23999786376953,273460,321559,219994,259081,168515
2026-07-30 09:43:00-04:00,332.0950012207031,234.75,332.05499267578125,531.594970703125,71.54769897460938,332.739990234375,235.08999633789062,332.09991455078125,531.8800048828125,71.5999984741211,331.95001220703125,234.41000366210938,331.60009765625,529.8099975585938,71.41000366210938,332.5199890136719,234.47000122070312,331.8500061035156,530.6599731445312,71.41999816894531,278172,571014,62928,232706,283318
2026-07-30 09:44:00-04:00,332.19000244140625,234.74000549316406,331.4800109863281,531.625,71.43499755859375,332.3500061035156,235.1300048828125,332.1400146484375,532.8200073242188,71.62950134277344,332.05999755859375,234.63999938964844,331.4200134277344,531.1199951171875,71.41010284423828,332.0799865722656,234.80499267578125,332.0899963378906,531.5900268554688,71.54879760742188,150303,404250,57988,345922,109103
2026-07-30 09:45:00-04:00,331.8999938964844,235.02999877929688,331.6400146484375,534.469970703125,71.48999786376953,332.4800109863281,235.25,331.75,534.4799194335938,71.55000305175781,331.8399963378906,234.67999267578125,331.0899963378906,531.0599975585938,71.41000366210938,332.17498779296875,234.72000122070312,331.4200134277344,531.6699829101562,71.44999694824219,238537,252556,94890,293535,273570
2026-07-30 09:46:00-04:00,331.5400085449219,235.34500122070312,332.3247985839844,533.739990234375,71.44999694824219,331.9624938964844,235.44000244140625,332.489990234375,534.469970703125,71.5,331.5299987792969,234.8699951171875,331.5299987792969,532.60009765625,71.41000366210938,331.9200134277344,235.08999633789062,331.6199951171875,534.4299926757812,71.5,309501,264278,106845,225136,129986
2026-07-30 09:47:00-04:00,331.42999267578125,234.8699951171875,332.68109130859375,532.02001953125,71.34500122070312,331.8999938964844,235.36500549316406,332.760009765625,533.7150268554688,71.47989654541016,331.4100036621094,234.75999450683594,332.19000244140625,530.4099731445312,71.33000183105469,331.5400085449219,235.3350067138672,332.32000732421875,533.6099853515625,71.43990325927734,237264,331119,90831,257612,109395
2026-07-30 09:48:00-04:00,331.6700134277344,234.875,332.2449951171875,532.540283203125,71.3949966430664,331.7900085449219,235.2100067138672,333.29998779296875,532.6630249023438,71.40499877929688,331.25,234.72999572753906,332.2099914550781,531.0900268554688,71.31500244140625,331.42999267578125,234.88499450683594,332.7149963378906,532.0900268554688,71.34500122070312,211238,309742,112183,218961,150741
2026-07-30 09:49:00-04:00,331.55499267578125,235.13499450683594,331.55499267578125,534.5,71.42500305175781,331.8699951171875,235.17999267578125,332.30999755859375,535.0,71.44999694824219,331.510009765625,234.82000732421875,331.45001220703125,531.8200073242188,71.33999633789062,331.69500732421875,234.875,332.2449951171875,532.405029296875,71.3949966430664,170667,322394,91505,273115,129530
2026-07-30 09:50:00-04:00,332.3100891113281,235.3800048828125,331.2900085449219,535.7899780273438,71.2300033569336,332.42999267578125,235.57000732421875,331.5400085449219,537.5,71.41999816894531,331.3399963378906,235.00999450683594,330.75,534.4000244140625,71.19000244140625,331.54998779296875,235.13999938964844,331.5400085449219,534.510009765625,71.41999816894531,276699,345416,115430,353490,204111
2026-07-30 09:51:00-04:00,332.5400085449219,235.66000366210938,330.7349853515625,531.9550170898438,71.05500030517578,332.8500061035156,235.75999450683594,331.5299987792969,535.8250122070312,71.2750015258789,332.2300109863281,235.29010009765625,330.69000244140625,531.510009765625,71.05000305175781,332.375,235.4197998046875,331.3550109863281,535.7100219726562,71.22000122070312,219652,353139,75766,230059,323135
2026-07-30 09:52:00-04:00,333.07000732421875,235.5050048828125,330.20001220703125,532.3499755859375,71.0250015258789,333.1600036621094,235.83999633789062,330.9700012207031,532.8900146484375,71.19000244140625,332.489990234375,235.1699981689453,329.82000732421875,530.239990234375,71.01499938964844,332.55999755859375,235.63999938964844,330.739990234375,531.9000244140625,71.05370330810547,191400,344785,111882,255409,134849
2026-07-30 09:53:00-04:00,332.25,235.97999572753906,331.42999267578125,531.5424194335938,70.86000061035156,333.17999267578125,236.22999572753906,331.42999267578125,533.8599853515625,71.1050033569336,332.239990234375,235.5,330.1401062011719,531.5424194335938,70.8499984741211,333.0799865722656,235.52000427246094,330.20001220703125,532.3499755859375,71.0250015258789,172127,348530,107081,165505,188462
2026-07-30 09:54:00-04:00,332.3106994628906,236.16000366210938,331.67999267578125,531.4450073242188,70.83000183105469,332.6050109863281,236.30999755859375,331.95880126953125,532.3900146484375,70.85990142822266,332.05999755859375,235.85000610351562,331.260009765625,530.6099853515625,70.7750015258789,332.2699890136719,235.97999572753906,331.4100036621094,531.5399780273438,70.83999633789062,127525,302082,91953,146039,172184
2026-07-30 09:55:00-04:00,332.00048828125,236.3498992919922,331.44500732421875,532.2849731445312,70.83999633789062,332.3500061035156,236.4600067138672,331.7699890136719,532.3800048828125,70.91000366210938,331.94000244140625,236.07000732421875,331.260009765625,531.0999755859375,70.79499816894531,332.2699890136719,236.1300048828125,331.6199951171875,531.3200073242188,70.83000183105469,141903,245568,104210,145727,165830
2026-07-30 09:56:00-04:00,332.010009765625,236.55999755859375,331.9952087402344,532.02001953125,70.76000213623047,332.1499938964844,236.5800018310547,332.07000732421875,533.0996704101562,70.91999816894531,331.6300048828125,235.97999572753906,331.3999938964844,531.3099975585938,70.72000122070312,332.0249938964844,236.3300018310547,331.43499755859375,532.280029296875,70.8550033569336,165164,459452,78312,148498,176727
2026-07-30 09:57:00-04:00,331.7699890136719,236.52000427246094,331.32501220703125,531.27001953125,70.68000030517578,332.0,236.7100067138672,331.94500732421875,532.25,70.79000091552734,331.43499755859375,236.3800048828125,331.2799987792969,530.7000122070312,70.55000305175781,331.95001220703125,236.55999755859375,331.94500732421875,532.0,70.79000091552734,174237,203158,55272,154339,171771
2026-07-30 09:58:00-04:00,332.05999755859375,236.85000610351562,331.375,531.9400024414062,70.76499938964844,332.1000061035156,236.8699951171875,331.70001220703125,533.0,70.83000183105469,331.7004089355469,236.3000030517578,331.05999755859375,531.1400146484375,70.66999816894531,331.7699890136719,236.51950073242188,331.3699951171875,531.25,70.66999816894531,138534,242931,79416,132235,152012
2026-07-30 09:59:00-04:00,332.1499938964844,236.7899932861328,331.8399963378906,532.1599731445312,70.75,332.239990234375,237.02000427246094,331.87921142578125,532.419921875,70.81999969482422,331.9599914550781,236.64999389648438,331.0950012207031,531.52001953125,70.73500061035156,332.05999755859375,236.85000610351562,331.4100036621094,531.9400024414062,70.76499938964844,156825,274989,96940,136785,153631
2026-07-30 10:00:00-04:00,331.6300048828125,237.20249938964844,332.1199951171875,529.0750122070312,70.69999694824219,332.1239929199219,237.20249938964844,332.5775146484375,532.280029296875,70.81500244140625,331.4200134277344,236.60000610351562,331.32000732421875,529.0,70.66999816894531,332.0799865722656,236.77999877929688,331.6700134277344,532.280029296875,70.75,200839,283786,89996,265409,305152
2026-07-30 10:01:00-04:00,331.4599914550781,237.35000610351562,332.17999267578125,529.5750122070312,70.80999755859375,331.92999267578125,237.40499877929688,332.29998779296875,529.8099975585938,70.83999633789062,331.44000244140625,237.08999633789062,331.614990234375,527.5,70.69999694824219,331.6700134277344,237.1999969482422,332.1050109863281,529.1699829101562,70.70999908447266,149345,4479571,84825,276303,169276
2026-07-30 10:02:00-04:00,331.20001220703125,236.9199981689453,332.5400085449219,530.8099975585938,71.0,331.489990234375,237.55499267578125,332.5851135253906,530.8099975585938,71.05000305175781,331.010009765625,236.74009704589844,332.1099853515625,528.739990234375,70.79000091552734,331.4419860839844,237.3699951171875,332.2099914550781,529.489990234375,70.81500244140625,207461,469325,71673,212609,230126
2026-07-30 10:03:00-04:00,330.82000732421875,236.4199981689453,333.0450134277344,528.72998046875,70.94999694824219,331.2650146484375,236.9199981689453,333.0450134277344,530.7329711914062,71.0,330.57000732421875,235.8699951171875,332.2300109863281,528.3300170898438,70.93000030517578,331.239990234375,236.9199981689453,332.5,530.7329711914062,71.0,233582,297787,69802,144621,278784
2026-07-30 10:04:00-04:00,330.75,236.9550018310547,332.98748779296875,530.0850219726562,71.0199966430664,331.0799865722656,237.0399932861328,333.30999755859375,530.52001953125,71.02999877929688,330.67010498046875,236.22000122070312,332.8500061035156,528.8599853515625,70.94499969482422,330.80499267578125,236.39999389648438,333.0450134277344,528.8800048828125,70.94999694824219,158445,193885,53884,126380,106060
2026-07-30 10:05:00-04:00,330.94000244140625,237.16000366210938,333.4648132324219,529.8250122070312,71.1050033569336,331.0299987792969,237.1999969482422,333.54998779296875,530.030029296875,71.125,330.3500061035156,236.60000610351562,332.7287902832031,529.0,70.94999694824219,330.7300109863281,236.98500061035156,332.9800109863281,530.030029296875,71.0199966430664,202588,242056,76155,147226,168337
2026-07-30 10:06:00-04:00,331.43499755859375,236.86500549316406,334.1300048828125,531.5499877929688,71.27999877929688,331.75,237.15989685058594,334.1300048828125,531.5499877929688,71.29000091552734,330.94000244140625,236.72500610351562,333.3699951171875,529.927978515625,71.09760284423828,330.94000244140625,237.13499450683594,333.5199890136719,529.9500122070312,71.09760284423828,165641,225498,139231,136062,141720
2026-07-30 10:07:00-04:00,331.57000732421875,236.9199981689453,334.0899963378906,532.8300170898438,71.24500274658203,331.75,236.97999572753906,334.739990234375,533.4000244140625,71.27999877929688,331.40008544921875,236.60000610351562,333.7200012207031,531.4099731445312,71.18000030517578,331.43499755859375,236.85499572753906,334.135009765625,531.5449829101562,71.27960205078125,133770,142695,68782,179956,144275
2026-07-30 10:08:00-04:00,332.18011474609375,236.875,333.6549987792969,533.1900024414062,71.2499008178711,332.260009765625,237.0500030517578,334.0400085449219,533.513427734375,71.27999877929688,331.54998779296875,236.67999267578125,333.4800109863281,532.239990234375,71.1780014038086,331.6000061035156,236.92999267578125,334.0299987792969,532.875,71.24500274658203,168005,145292,45994,111830,92632
2026-07-30 10:09:00-04:00,332.79998779296875,237.08990478515625,333.20001220703125,532.1799926757812,71.22000122070312,332.8699951171875,237.10000610351562,333.79998779296875,533.530029296875,71.2699966430664,332.19000244140625,236.85000610351562,332.92999267578125,532.0650024414062,71.18499755859375,332.2099914550781,236.86500549316406,333.6400146484375,533.2199096679688,71.24500274658203,317184,180358,95219,120662,119386
2026-07-30 10:10:00-04:00,332.45001220703125,236.66000366210938,332.2799987792969,533.1199951171875,71.18000030517578,332.82000732421875,237.22000122070312,333.17999267578125,533.239990234375,71.22000122070312,332.2300109863281,236.5399932861328,332.2799987792969,531.1699829101562,71.08049774169922,332.80499267578125,237.05999755859375,333.1099853515625,532.1500244140625,71.20999908447266,206067,314138,67968,141365,97365
2026-07-30 10:11:00-04:00,332.25,237.74000549316406,332.44000244140625,534.4600219726562,71.1500015258789,332.54998779296875,237.77999877929688,332.44000244140625,534.5062255859375,71.22000122070312,331.9200134277344,236.50999450683594,331.8500061035156,532.110107421875,71.13999938964844,332.44000244140625,236.64999389648438,332.2900085449219,533.0549926757812,71.19999694824219,182741,340039,60704,168037,126734
2026-07-30 10:12:00-04:00,331.7349853515625,237.6999969482422,332.17999267578125,534.4000244140625,70.94000244140625,332.3299865722656,237.85000610351562,332.7300109863281,534.8541259765625,71.15989685058594,331.7300109863281,237.4499969482422,332.1700134277344,534.0,70.94000244140625,332.2200012207031,237.7100067138672,332.510009765625,534.4835815429688,71.1500015258789,98374,270248,40225,145510,92388
2026-07-30 10:13:00-04:00,331.67999267578125,238.1199951171875,332.3800048828125,533.2849731445312,71.0,331.79998779296875,238.3699951171875,332.4100036621094,534.7899780273438,71.04000091552734,331.42999267578125,237.63999938964844,331.9200134277344,532.47998046875,70.93119812011719,331.7300109863281,237.67999267578125,332.18499755859375,534.4600219726562,70.94000244140625,107313,397439,49927,136235,81892
2026-07-30 10:14:00-04:00,331.3999938964844,238.09500122070312,332.3299865722656,533.9450073242188,70.93000030517578,331.8399963378906,238.3800048828125,332.6650085449219,534.5902709960938,71.01000213623047,331.1600036621094,238.0,332.10009765625,533.0750122070312,70.88009643554688,331.67999267578125,238.05999755859375,332.3999938964844,533.3764038085938,71.01000213623047,125567,312130,40923,93208,91821
2026-07-30 10:15:00-04:00,331.7200012207031,237.87879943847656,332.0299987792969,533.0900268554688,71.0,331.7200012207031,238.35000610351562,332.2799987792969,533.989990234375,71.0,331.4049987792969,237.7449951171875,331.56500244140625,532.510009765625,70.88999938964844,331.4049987792969,238.1199951171875,332.2799987792969,533.9400024414062,70.91999816894531,112063,330825,30399,128024,118953
2026-07-30 10:16:00-04:00,331.7850036621094,237.82000732421875,332.7065124511719,532.6799926757812,71.02999877929688,331.9800109863281,238.0,332.7752990722656,533.636474609375,71.08000183105469,331.6400146484375,237.50999450683594,331.8900146484375,532.2100219726562,70.98999786376953,331.7200012207031,237.8699951171875,332.0,533.0900268554688,70.98999786376953,159666,272979,31642,131212,632735
2026-07-30 10:17:00-04:00,331.3599853515625,237.8800048828125,332.010009765625,532.510009765625,71.125,331.95989990234375,238.10000610351562,332.8800048828125,533.8599853515625,71.19999694824219,331.32000732421875,237.75320434570312,332.010009765625,531.6099853515625,71.01000213623047,331.7799987792969,237.85000610351562,332.6700134277344,532.7750244140625,71.01000213623047,88977,159181,47576,130178,277042
2026-07-30 10:18:00-04:00,331.4750061035156,237.4199981689453,332.44000244140625,531.4246826171875,71.13999938964844,331.5400085449219,237.8699951171875,332.5299987792969,532.7899780273438,71.17919921875,331.1099853515625,237.22000122070312,332.010009765625,530.6799926757812,71.05999755859375,331.3599853515625,237.8249969482422,332.0199890136719,532.47998046875,71.11000061035156,119605,277639,38765,112047,128238
2026-07-30 10:19:00-04:00,331.44000244140625,237.0800018310547,332.4700012207031,529.9837036132812,71.12000274658203,331.6000061035156,237.5,332.6400146484375,532.0,71.1500015258789,331.3599853515625,236.75,332.17999267578125,529.6400146484375,71.08000183105469,331.5,237.38999938964844,332.4949951171875,531.4099731445312,71.13999938964844,96611,164453,42761,157129,121243
2026-07-30 10:20:00-04:00,331.9849853515625,236.9250030517578,332.43499755859375,528.9067993164062,71.01499938964844,332.1700134277344,237.11000061035156,332.5,530.0999755859375,71.125,331.3299865722656,236.77999877929688,332.07000732421875,528.8400268554688,71.01000213623047,331.4599914550781,237.02999877929688,332.4963073730469,530.0050048828125,71.12000274658203,225473,144587,58417,188471,104451
2026-07-30 10:21:00-04:00,331.7200012207031,236.99000549316406,332.739990234375,530.8599853515625,70.91500091552734,332.0895080566406,237.1300048828125,332.8900146484375,530.9613037109375,71.02999877929688,331.69500732421875,236.83009338378906,332.42498779296875,528.6599731445312,70.90380096435547,331.9599914550781,236.9250030517578,332.44000244140625,528.864990234375,71.01000213623047,114236,128690,51177,146304,113061
2026-07-30 10:22:00-04:00,331.95001220703125,237.02999877929688,332.9800109863281,530.7999877929688,71.01000213623047,332.0799865722656,237.1750030517578,332.9800109863281,531.6400146484375,71.05000305175781,331.75,236.85000610351562,332.5299987792969,530.4000244140625,70.91500091552734,331.7799987792969,236.97500610351562,332.7900085449219,530.8800048828125,70.91500091552734,89898,118374,45232,106403,122725
2026-07-30 10:23:00-04:00,331.6600036621094,236.87600708007812,332.3399963378906,531.287109375,71.0199966430664,332.010009765625,237.0850067138672,332.94000244140625,531.86328125,71.07990264892578,331.6050109863281,236.86000061035156,332.3399963378906,530.7899780273438,70.98999786376953,331.92999267578125,237.02999877929688,332.93499755859375,530.9450073242188,71.01000213623047,88196,103431,47864,93488,96800
2026-07-30 10:24:00-04:00,331.5899963378906,236.66000366210938,332.4017028808594,532.4500122070312,70.91000366210938,331.8299865722656,236.90499877929688,332.5400085449219,532.7899780273438,71.05500030517578,331.44000244140625,236.60000610351562,332.260009765625,531.1300048828125,70.90010070800781,331.6700134277344,236.81500244140625,332.2900085449219,531.2150268554688,71.02999877929688,106263,151219,43096,102641,105891
2026-07-30 10:25:00-04:00,331.6099853515625,236.74000549316406,332.4200134277344,532.239990234375,70.67520141601562,331.7049865722656,236.9499969482422,332.5199890136719,532.7999877929688,70.9000015258789,331.3299865722656,236.63009643554688,332.1700134277344,531.6199951171875,70.66000366210938,331.6000061035156,236.67999267578125,332.4100036621094,532.4611206054688,70.9000015258789,116871,157339,40272,112031,178118
2026-07-30 10:26:00-04:00,331.67010498046875,237.27999877929688,332.2300109863281,531.844970703125,70.77999877929688,331.7598876953125,237.35000610351562,332.510009765625,532.3499755859375,70.79000091552734,331.4100036621094,236.6199951171875,332.20001220703125,531.0,70.66000366210938,331.6300048828125,236.72000122070312,332.4200134277344,532.1599731445312,70.68000030517578,91071,133303,40822,83210,132561
2026-07-30 10:27:00-04:00,332.0899963378906,237.4199981689453,331.8500061035156,531.7150268554688,70.68280029296875,332.2900085449219,237.45989990234375,332.20001220703125,532.1699829101562,70.77999877929688,331.6400146484375,237.2100067138672,331.635009765625,531.2700805664062,70.68000030517578,331.6600036621094,237.25999450683594,332.20001220703125,531.7100219726562,70.77239990234375,110095,161140,39538,61052,90806
2026-07-30 10:28:00-04:00,331.739990234375,237.5800018310547,331.2900085449219,532.0900268554688,70.69989776611328,332.14990234375,237.77000427246094,332.010009765625,532.8900146484375,70.70999908447266,331.7200012207031,237.3300018310547,331.2799987792969,531.5999755859375,70.62999725341797,332.0899963378906,237.4199981689453,331.8500061035156,531.7000122070312,70.68000030517578,102819,188522,43737,94704,115120
2026-07-30 10:29:00-04:00,331.30999755859375,237.30999755859375,331.07000732421875,531.3615112304688,70.69000244140625,331.9100036621094,237.6199951171875,331.5899963378906,532.2429809570312,70.73999786376953,331.25,237.260498046875,331.010009765625,531.0,70.6500015258789,331.7699890136719,237.5800018310547,331.3299865722656,532.0900268554688,70.69499969482422,98864,144411,36158,83814,90948
2026-07-30 10:30:00-04:00,330.79998779296875,237.66000366210938,331.3699951171875,531.0999145507812,70.69000244140625,331.29998779296875,237.7550048828125,331.4700012207031,531.469970703125,70.74500274658203,330.7900085449219,237.1649932861328,330.92999267578125,530.219970703125,70.6500015258789,331.29998779296875,237.30999755859375,331.05499267578125,531.4000244140625,70.68499755859375,166175,174382,67300,117230,141118
2026-07-30 10:31:00-04:00,330.7460021972656,237.89999389648438,331.9794921875,530.8699951171875,70.78500366210938,331.0000915527344,237.99000549316406,332.1499938964844,531.0958251953125,70.79499816894531,330.70001220703125,237.5800018310547,331.3999938964844,530.469970703125,70.64399719238281,330.78240966796875,237.69000244140625,331.3999938964844,530.989990234375,70.68000030517578,116298,136684,37613,66155,93415
2026-07-30 10:32:00-04:00,330.7099914550781,238.1300048828125,331.7699890136719,530.9791870117188,70.66500091552734,330.8599853515625,238.13780212402344,332.0,531.02001953125,70.79000091552734,330.5799865722656,237.7899932861328,331.54998779296875,530.2999877929688,70.65499877929688,330.7799987792969,237.875,331.92999267578125,530.8699951171875,70.78500366210938,128119,147810,28720,91966,103220
2026-07-30 10:33:00-04:00,330.3500061035156,237.88499450683594,331.6000061035156,530.8214111328125,70.80000305175781,330.7300109863281,238.11000061035156,331.95001220703125,531.010009765625,70.80000305175781,330.239990234375,237.76499938964844,331.43499755859375,530.3099975585938,70.6500015258789,330.7099914550781,238.11000061035156,331.79998779296875,530.8300170898438,70.66500091552734,147059,119138,38549,66628,115648
2026-07-30 10:34:00-04:00,329.8599853515625,237.7100067138672,332.04998779296875,530.3150024414062,70.875,330.4200134277344,237.94000244140625,332.1000061035156,530.8699951171875,70.91000366210938,329.760009765625,237.4600067138672,331.3299865722656,530.0999755859375,70.77999877929688,330.3399963378906,237.8800048828125,331.6400146484375,530.8599853515625,70.80000305175781,245634,115482,51945,85311,153738
2026-07-30 10:35:00-04:00,330.0299987792969,237.25,331.8999938964844,529.8250732421875,70.86579895019531,330.2799987792969,237.7449951171875,332.0400085449219,530.780029296875,70.95999908447266,329.5899963378906,237.11000061035156,331.70001220703125,529.6699829101562,70.84500122070312,329.8550109863281,237.67999267578125,332.010009765625,530.253173828125,70.875,243107,156104,43356,111943,224307
2026-07-30 10:36:00-04:00,330.2900085449219,237.61000061035156,332.34588623046875,531.4199829101562,70.93000030517578,330.5799865722656,237.61000061035156,332.49951171875,531.5695190429688,70.93499755859375,329.9949951171875,237.22349548339844,331.8999938964844,529.6801147460938,70.8678970336914,330.0350036621094,237.22349548339844,331.8999938964844,529.8499755859375,70.87000274658203,151494,78216,58424,86571,109523
2026-07-30 10:37:00-04:00,330.6400146484375,237.57000732421875,332.3900146484375,531.6799926757812,71.04989624023438,330.75,237.7100067138672,332.5740966796875,531.9381103515625,71.05979919433594,330.2699890136719,237.51739501953125,332.2095031738281,531.260009765625,70.9000015258789,330.30499267578125,237.59500122070312,332.3599853515625,531.344970703125,70.92500305175781,105840,109777,34537,74946,112322
2026-07-30 10:38:00-04:00,331.0799865722656,237.3800048828125,332.29998779296875,532.4099731445312,71.1500015258789,331.18341064453125,237.58999633789062,332.5,532.7000122070312,71.16000366210938,330.6099853515625,237.3300018310547,332.1700134277344,531.47998046875,71.04290008544922,330.6499938964844,237.5399932861328,332.3699951171875,531.6900024414062,71.05000305175781,189933,111120,40602,69715,107362
2026-07-30 10:39:00-04:00,331.1400146484375,237.4499969482422,332.239990234375,532.5700073242188,71.11990356445312,331.5,237.49989318847656,332.3900146484375,532.989990234375,71.20500183105469,330.9049987792969,237.3000030517578,332.04998779296875,532.338623046875,71.0999984741211,331.0799865722656,237.3800048828125,332.2300109863281,532.4000244140625,71.15119934082031,189875,179715,30934,77835,108332
2026-07-30 10:40:00-04:00,331.8399963378906,237.5749969482422,332.489990234375,533.469970703125,70.9885025024414,331.92999267578125,237.5749969482422,332.55999755859375,533.6099853515625,71.125,331.1199951171875,237.2100067138672,332.0400085449219,532.0,70.94010162353516,331.1400146484375,237.4250030517578,332.2200012207031,532.4940795898438,71.0999984741211,209292,126127,26277,104017,213589
2026-07-30 10:41:00-04:00,331.8949890136719,237.83999633789062,333.0400085449219,532.8825073242188,70.96499633789062,332.1162109375,237.83999633789062,333.0495910644531,533.469970703125,70.98999786376953,331.5299987792969,237.52999877929688,332.5150146484375,532.77001953125,70.91400146484375,331.8800048828125,237.56500244140625,332.5150146484375,533.469970703125,70.98999786376953,126699,170990,30369,68870,75299
2026-07-30 10:42:00-04:00,331.79998779296875,237.3300018310547,332.3699951171875,532.0401000976562,70.9000015258789,331.95269775390625,237.82000732421875,333.1199951171875,533.0399780273438,70.9800033569336,331.69000244140625,237.30999755859375,332.3699951171875,532.0,70.87000274658203,331.8900146484375,237.78500366210938,333.01580810546875,532.9099731445312,70.9800033569336,128929,114677,55011,55773,160748
2026-07-30 10:43:00-04:00,331.7900085449219,237.34779357910156,332.0350036621094,531.8800048828125,70.91950225830078,331.8800048828125,237.49000549316406,332.3599853515625,532.5805053710938,70.97000122070312,331.6600036621094,237.25,331.9800109863281,531.5999755859375,70.87000274658203,331.7799987792969,237.3300018310547,332.32989501953125,532.114990234375,70.89739990234375,130961,108175,24674,65420,175132
2026-07-30 10:44:00-04:00,332.0799865722656,237.293701171875,331.82000732421875,532.614990234375,71.03500366210938,332.239990234375,237.5800018310547,332.0599060058594,532.719970703125,71.04000091552734,331.68499755859375,237.17999267578125,331.6000061035156,531.469970703125,70.8499984741211,331.760009765625,237.30999755859375,331.95001220703125,531.8400268554688,70.91500091552734,172560,104589,22092,69157,203983
2026-07-30 10:45:00-04:00,332.29010009765625,237.61000061035156,332.5,533.25,71.01000213623047,332.3489990234375,237.61000061035156,332.5,533.3099975585938,71.06500244140625,331.8205871582031,237.3300018310547,331.6400146484375,532.0001220703125,70.96119689941406,332.07000732421875,237.34500122070312,331.80999755859375,532.5900268554688,71.02999877929688,106006,73697,20599,86113,196591
2026-07-30 10:46:00-04:00,332.0899963378906,237.4600067138672,332.3800048828125,532.7871704101562,71.08000183105469,332.2900085449219,237.6699981689453,332.6499938964844,533.7799072265625,71.08000183105469,331.8999938964844,237.35000610351562,332.1600036621094,532.77001953125,70.97000122070312,332.2900085449219,237.6199951171875,332.5950012207031,533.25,71.00499725341797,106270,120649,35441,79134,112531
2026-07-30 10:47:00-04:00,332.1300048828125,237.4499969482422,332.05499267578125,533.0449829101562,71.1500015258789,332.3399963378906,237.6649932861328,332.5199890136719,533.0999755859375,71.18000030517578,332.0050048828125,237.39999389648438,332.05499267578125,532.359375,71.04000091552734,332.0899963378906,237.44500732421875,332.385009765625,532.9266967773438,71.07980346679688,94592,87184,24351,71844,140877
2026-07-30 10:48:00-04:00,331.9800109863281,237.35000610351562,332.1099853515625,532.3499755859375,71.06990051269531,332.1097106933594,237.44500732421875,332.21990966796875,532.9515991210938,71.13999938964844,331.739990234375,237.2100067138672,331.760009765625,531.9650268554688,71.02999877929688,332.0950012207031,237.44000244140625,332.21990966796875,532.9149780273438,71.13999938964844,117643,110069,28290,86442,100816
2026-07-30 10:49:00-04:00,332.2300109863281,236.9199981689453,331.989990234375,531.510009765625,71.0999984741211,332.3999938964844,237.44000244140625,332.2349853515625,532.5610961914062,71.16000366210938,331.9599914550781,236.6699981689453,331.9599914550781,531.510009765625,71.05000305175781,332.0,237.39999389648438,332.135009765625,532.3300170898438,71.05999755859375,104279,223469,16151,93225,79132
2026-07-30 10:50:00-04:00,331.9849853515625,237.0749969482422,332.3800048828125,532.1849975585938,71.08000183105469,332.25,237.1199951171875,332.4071044921875,532.47998046875,71.1050033569336,331.7699890136719,236.8000030517578,332.0400085449219,531.4005126953125,71.0,332.2438049316406,236.9199981689453,332.0400085449219,531.47998046875,71.0999984741211,105989,71121,26935,92384,170475
2026-07-30 10:51:00-04:00,332.42498779296875,237.39999389648438,332.0899963378906,532.5399780273438,71.20999908447266,332.45001220703125,237.39999389648438,332.45001220703125,532.927978515625,71.23500061035156,331.8999938964844,237.0749969482422,331.8800048828125,532.0800170898438,71.08000183105469,332.0199890136719,237.09500122070312,332.3900146484375,532.2249755859375,71.08000183105469,105504,141663,21404,75634,139861
2026-07-30 10:52:00-04:00,332.20001220703125,237.10000610351562,332.260009765625,532.364990234375,71.13999938964844,332.6400146484375,237.4499969482422,332.30999755859375,532.66650390625,71.22000122070312,332.0474853515625,237.0500946044922,332.04998779296875,531.5,71.07009887695312,332.4154968261719,237.38999938964844,332.2200012207031,532.594970703125,71.19999694824219,182485,103922,17879,73168,62601
2026-07-30 10:53:00-04:00,331.9100036621094,237.19000244140625,332.1000061035156,532.655029296875,71.19999694824219,332.2900085449219,237.30499267578125,332.3500061035156,533.4400024414062,71.19999694824219,331.7799987792969,237.0800018310547,332.05999755859375,532.375,71.07019805908203,332.19989013671875,237.1199951171875,332.2449951171875,532.375,71.13999938964844,116401,101469,18080,91145,61342
2026-07-30 10:54:00-04:00,331.9700012207031,237.27999877929688,332.2900085449219,533.1900024414062,71.33000183105469,332.0723876953125,237.3800048828125,332.3500061035156,533.2000122070312,71.33499908447266,331.82000732421875,237.05999755859375,331.9100036621094,532.3099975585938,71.19670104980469,331.8299865722656,237.14999389648438,332.04998779296875,532.5,71.19999694824219,63509,77557,24697,76441,88458
2026-07-30 10:55:00-04:00,331.79998779296875,237.12510681152344,332.0299987792969,531.9450073242188,71.2699966430664,332.0299987792969,237.3300018310547,332.2900085449219,533.2249755859375,71.34500122070312,331.70001220703125,236.99000549316406,331.79998779296875,531.5999755859375,71.23999786376953,331.989990234375,237.27499389648438,332.26190185546875,533.0599975585938,71.33499908447266,62038,210748,20987,76101,109000
2026-07-30 10:56:00-04:00,331.7799987792969,237.1699981689453,331.7699890136719,532.2650756835938,71.2750015258789,331.94989013671875,237.1699981689453,332.0299987792969,532.3599853515625,71.29499816894531,331.6499938964844,236.89999389648438,331.4200134277344,531.010009765625,71.2300033569336,331.80999755859375,237.1699981689453,332.0299987792969,532.0137939453125,71.2699966430664,55109,93332,21470,104528,85439
2026-07-30 10:57:00-04:00,331.6600036621094,237.22999572753906,331.989013671875,534.2899780273438,71.24500274658203,332.05999755859375,237.22999572753906,332.0,534.719970703125,71.30500030517578,331.6499938964844,237.0399932861328,331.5824890136719,532.110107421875,71.22989654541016,331.79998779296875,237.13999938964844,331.7651062011719,532.110107421875,71.2750015258789,77661,95115,16916,138701,121355
2026-07-30 10:58:00-04:00,331.5950012207031,237.52000427246094,332.70001220703125,535.5999755859375,71.2750015258789,331.739990234375,237.52000427246094,332.70001220703125,535.5999755859375,71.29000091552734,331.4949951171875,237.1300048828125,331.9200134277344,534.0900268554688,71.21499633789062,331.67999267578125,237.13999938964844,331.989013671875,534.1950073242188,71.24500274658203,83962,95584,17837,99422,81223
2026-07-30 10:59:00-04:00,332.3299865722656,237.02000427246094,332.3450012207031,534.0800170898438,71.4800033569336,332.3299865722656,237.60000610351562,332.8399963378906,535.9400024414062,71.48979949951172,331.6000061035156,236.8928985595703,332.2699890136719,533.7750244140625,71.26000213623047,331.6300048828125,237.4949951171875,332.7250061035156,535.6699829101562,71.2699966430664,94289,111649,36954,104929,114378
2026-07-30 11:00:00-04:00,332.1600036621094,236.8300018310547,331.8500061035156,534.2348022460938,71.4800033569336,332.3399963378906,237.1199951171875,332.3999938964844,535.6300048828125,71.49500274658203,332.0,236.78599548339844,331.79998779296875,533.9199829101562,71.43499755859375,332.3399963378906,237.0500030517578,332.3999938964844,534.0700073242188,71.48999786376953,102714,115440,24541,133048,90433
2026-07-30 11:01:00-04:00,331.8349914550781,237.10000610351562,331.7099914550781,534.6500244140625,71.3949966430664,332.1600036621094,237.10000610351562,332.239501953125,535.2000122070312,71.5,331.68499755859375,236.818603515625,331.5899963378906,533.2203979492188,71.39199829101562,332.1400146484375,236.82000732421875,331.82000732421875,534.1950073242188,71.48999786376953,90503,63690,26188,66825,95348
2026-07-30 11:02:00-04:00,331.67999267578125,236.8699951171875,331.760009765625,534.7849731445312,71.3958969116211,331.80999755859375,237.0800018310547,331.760009765625,535.25,71.46499633789062,331.3500061035156,236.75999450683594,331.510009765625,534.2100219726562,71.37000274658203,331.80999755859375,237.0800018310547,331.70001220703125,534.7155151367188,71.3949966430664,157038,139966,30195,89926,144149
2026-07-30 11:03:00-04:00,331.79998779296875,237.04750061035156,332.2749938964844,536.7894897460938,71.375,331.9700012207031,237.0850067138672,332.2749938964844,536.7894897460938,71.41999816894531,331.41448974609375,236.8300018310547,331.7900085449219,534.7708129882812,71.2699966430664,331.70001220703125,236.8800048828125,331.80999755859375,534.8599853515625,71.39179992675781,105993,76041,23086,131290,179285
2026-07-30 11:04:00-04:00,331.8399963378906,236.98500061035156,331.94000244140625,537.1599731445312,71.33499908447266,332.05499267578125,237.1699981689453,332.2749938964844,537.4000244140625,71.40989685058594,331.6300048828125,236.9149932861328,331.7799987792969,536.719970703125,71.30989837646484,331.7699890136719,237.05499267578125,332.2749938964844,536.7899780273438,71.375,141038,75704,24996,108152,83355
2026-07-30 11:05:00-04:00,331.7401123046875,237.25,332.010009765625,537.8297729492188,71.27999877929688,331.94000244140625,237.25,332.07000732421875,538.3099975585938,71.33000183105469,331.66009521484375,236.97999572753906,331.8900146484375,537.1300048828125,71.26499938964844,331.864990234375,236.99000549316406,331.92999267578125,537.1300048828125,71.33000183105469,82082,112904,33783,122890,72035
2026-07-30 11:06:00-04:00,331.75,237.22999572753906,332.2799987792969,538.3150024414062,71.33499908447266,331.9599914550781,237.3000030517578,332.29998779296875,538.8856201171875,71.37000274658203,331.57501220703125,236.8800048828125,331.760009765625,537.5001220703125,71.25,331.760009765625,237.21499633789062,331.9700012207031,537.7750244140625,71.2699966430664,139979,126413,30179,101529,301278
2026-07-30 11:07:00-04:00,332.19500732421875,237.0800018310547,332.0450134277344,537.9500122070312,71.26499938964844,332.2799987792969,237.21560668945312,332.3699951171875,538.489990234375,71.33989715576172,331.67999267578125,237.0,332.010009765625,537.5,71.26499938964844,331.7349853515625,237.21499633789062,332.2598876953125,538.3150024414062,71.33719635009766,148916,73186,28038,135432,49695
2026-07-30 11:08:00-04:00,332.32000732421875,237.14999389648438,332.04998779296875,537.77001953125,71.1500015258789,332.3598937988281,237.14999389648438,332.04998779296875,538.3170776367188,71.27729797363281,332.0199890136719,236.97720336914062,331.70001220703125,537.3400268554688,71.13999938964844,332.17999267578125,237.10000610351562,332.010009765625,538.0900268554688,71.26499938964844,135242,70983,21242,110040,105796
2026-07-30 11:09:00-04:00,332.7799987792969,237.19009399414062,332.0400085449219,538.3200073242188,71.12000274658203,333.0,237.3699951171875,332.29278564453125,538.7999877929688,71.21499633789062,332.2799987792969,236.97000122070312,331.8900146484375,537.3699951171875,71.1050033569336,332.32049560546875,237.14999389648438,332.0050048828125,537.8300170898438,71.13999938964844,141395,70913,19648,111914,74964
2026-07-30 11:10:00-04:00,332.54998779296875,236.82000732421875,331.3500061035156,538.7944946289062,71.05500030517578,333.03228759765625,237.19500732421875,332.0,538.8499145507812,71.1572036743164,332.54998779296875,236.72999572753906,331.2099914550781,537.530029296875,71.04000091552734,332.79998779296875,237.19000244140625,332.0,538.364990234375,71.12000274658203,88078,61108,28289,107814,70001
2026-07-30 11:11:00-04:00,332.385009765625,236.6999969482422,331.2250061035156,537.6900024414062,71.16000366210938,332.6897888183594,236.89950561523438,331.4399108886719,538.739990234375,71.16999816894531,332.3349914550781,236.63999938964844,331.1199951171875,537.5999755859375,71.05500030517578,332.5299987792969,236.8300018310547,331.32000732421875,538.6799926757812,71.05500030517578,78599,69295,22792,78706,66154
2026-07-30 11:12:00-04:00,332.0,236.67999267578125,331.2972106933594,537.913330078125,71.1500015258789,332.4198913574219,236.77999877929688,331.3399963378906,538.9400024414062,71.23040008544922,331.8599853515625,236.5850067138672,331.04998779296875,537.6300048828125,71.13009643554688,332.4198913574219,236.6999053955078,331.17999267578125,537.6900024414062,71.15499877929688,88792,86166,26589,113081,104786
2026-07-30 11:13:00-04:00,331.7900085449219,236.58999633789062,331.0851135253906,537.701904296875,71.22339630126953,331.989990234375,236.67999267578125,331.2774963378906,538.6500244140625,71.23999786376953,331.7099914550781,236.42999267578125,331.010009765625,537.219970703125,71.13500213623047,331.989990234375,236.66000366210938,331.25,537.7307739257812,71.1500015258789,60428,81255,35643,86628,85456
2026-07-30 11:14:00-04:00,331.4700012207031,236.5399932861328,331.2799987792969,537.1411743164062,71.23500061035156,331.7850036621094,236.66000366210938,331.4198913574219,537.6798706054688,71.25,331.45001220703125,236.46499633789062,331.0,537.0999755859375,71.19000244140625,331.7799987792969,236.5749969482422,331.1499938964844,537.47998046875,71.22000122070312,85132,92022,64743,74337,48220
2026-07-30 11:15:00-04:00,331.9200134277344,236.7550048828125,331.3699951171875,537.14501953125,71.15499877929688,331.94000244140625,236.7550048828125,331.4200134277344,537.1900024414062,71.2699966430664,331.29998779296875,236.32749938964844,330.989990234375,536.4500122070312,71.13500213623047,331.489990234375,236.4949951171875,331.20001220703125,537.1699829101562,71.2301025390625,74324,77747,37634,103040,85794
2026-07-30 11:16:00-04:00,331.7650146484375,236.9199981689453,331.4700012207031,537.405029296875,71.13500213623047,331.93438720703125,237.05499267578125,331.79998779296875,537.6900024414062,71.18499755859375,331.6499938964844,236.6999969482422,331.32000732421875,536.6799926757812,71.12999725341797,331.8900146484375,236.75999450683594,331.42999267578125,537.1500244140625,71.16000366210938,69947,120891,59746,56396,65142
2026-07-30 11:17:00-04:00,331.7099914550781,236.8350067138672,331.3599853515625,534.5,71.19999694824219,332.07000732421875,237.07000732421875,331.6700134277344,538.0,71.20999908447266,331.5400085449219,236.62139892578125,331.260009765625,534.5,71.13500213623047,331.7699890136719,236.89500427246094,331.4849853515625,537.405029296875,71.13500213623047,79855,62496,25169,116240,62068
2026-07-30 11:18:00-04:00,331.7900085449219,236.91000366210938,331.55999755859375,534.02001953125,71.19000244140625,331.8699951171875,237.02000427246094,331.6499938964844,535.2899169921875,71.20539855957031,331.6600036621094,236.8000030517578,331.3500061035156,533.530029296875,71.16999816894531,331.67999267578125,236.86000061035156,331.3800048828125,534.6699829101562,71.20159912109375,53355,61428,26899,109872,52801
2026-07-30 11:19:00-04:00,331.635009765625,236.96499633789062,331.6499938964844,533.7000122070312,71.27989959716797,331.9549865722656,237.00999450683594,331.760009765625,534.52001953125,71.27989959716797,331.5199890136719,236.77999877929688,331.3900146484375,533.530029296875,71.15019989013672,331.7799987792969,236.86500549316406,331.55279541015625,534.0123901367188,71.19000244140625,86337,85185,23459,103959,55565
2026-07-30 11:20:00-04:00,331.4200134277344,236.92999267578125,331.5050048828125,533.7109985351562,71.21499633789062,331.6499938964844,236.97999572753906,331.677001953125,534.0,71.28500366210938,331.1400146484375,236.61000061035156,331.2099914550781,533.0800170898438,71.18000030517578,331.6300048828125,236.9550018310547,331.6449890136719,533.7999877929688,71.2699966430664,109726,102985,24724,79615,74426
2026-07-30 11:21:00-04:00,331.489990234375,237.27000427246094,331.5899963378906,534.135009765625,71.21499633789062,331.739990234375,237.3699951171875,331.79998779296875,534.3699951171875,71.25,331.2250061035156,236.8300018310547,331.5299987792969,533.0,71.19999694824219,331.4150085449219,236.92999267578125,331.5954895019531,533.7061157226562,71.21499633789062,104177,110106,11302,80365,63123
2026-07-30 11:22:00-04:00,331.2699890136719,237.14999389648438,331.5799865722656,533.4450073242188,71.3499984741211,331.5400085449219,237.40989685058594,331.7900085449219,534.7999877929688,71.3499984741211,331.1499938964844,237.0800018310547,331.5400085449219,533.4000244140625,71.21119689941406,331.489990234375,237.28500366210938,331.6099853515625,534.200927734375,71.21119689941406,100307,159090,18683,105088,110596
2026-07-30 11:23:00-04:00,331.3399963378906,236.98500061035156,331.5799865722656,534.405029296875,71.4800033569336,331.4200134277344,237.2100067138672,331.6499938964844,534.77001953125,71.4800033569336,331.10009765625,236.6999969482422,331.3599853515625,533.3400268554688,71.34500122070312,331.2799987792969,237.1571044921875,331.6000061035156,533.47998046875,71.34500122070312,74199,98102,23764,116321,104677
2026-07-30 11:24:00-04:00,331.20001220703125,236.8699951171875,331.3399963378906,534.4400024414062,71.5,331.3999938964844,237.0500030517578,331.5799865722656,534.7899780273438,71.54989624023438,331.1650085449219,236.8105926513672,331.29998779296875,533.864990234375,71.45500183105469,331.29998779296875,236.97000122070312,331.5299987792969,534.4719848632812,71.4749984741211,78299,79710,21984,39881,196668
2026-07-30 11:25:00-04:00,331.3999938964844,236.69549560546875,330.9599914550781,533.0905151367188,71.4749984741211,331.6000061035156,237.07969665527344,331.55999755859375,534.6898803710938,71.50499725341797,331.1400146484375,236.66000366210938,330.95001220703125,533.0,71.43800354003906,331.20001220703125,236.90989685058594,331.4200134277344,534.47998046875,71.49500274658203,70447,73139,24812,75867,90379
2026-07-30 11:26:00-04:00,331.2018127441406,236.7899932861328,331.36590576171875,533.052490234375,71.47000122070312,331.4800109863281,236.7899932861328,331.36590576171875,533.5715942382812,71.48500061035156,331.1571044921875,236.4600067138672,330.66009521484375,532.090087890625,71.43000030517578,331.4100036621094,236.69000244140625,330.9599914550781,533.1400146484375,71.4749984741211,69967,65393,29801,145911,58809
2026-07-30 11:27:00-04:00,331.1499938964844,236.92999267578125,331.2900085449219,533.6900024414062,71.45500183105469,331.4200134277344,237.00999450683594,331.5950012207031,534.3098754882812,71.47000122070312,331.1099853515625,236.69000244140625,331.2900085449219,533.0,71.41999816894531,331.1600036621094,236.8000030517578,331.4150085449219,533.0,71.47000122070312,57867,87936,19100,46623,47718
2026-07-30 11:28:00-04:00,331.25,236.7899932861328,331.20001220703125,533.5599975585938,71.44989776611328,331.29998779296875,237.02999877929688,331.389892578125,534.1099853515625,71.4800033569336,331.0199890136719,236.75010681152344,331.1600036621094,533.530029296875,71.43000030517578,331.1549987792969,236.92999267578125,331.2900085449219,533.5999755859375,71.44999694824219,57329,57591,17714,44013,64543
2026-07-30 11:29:00-04:00,331.2200012207031,236.5500030517578,330.9840087890625,533.0050048828125,71.4999008178711,331.489990234375,236.89999389648438,331.2699890136719,533.7249755859375,71.4999008178711,331.1700134277344,236.5399932861328,330.8999938964844,532.3599853515625,71.44000244140625,331.25,236.82000732421875,331.239990234375,533.5897216796875,71.44999694824219,108480,69568,23564,76051,95104
2026-07-30 11:30:00-04:00,331.30999755859375,236.7449951171875,331.010009765625,533.2501220703125,71.53009796142578,331.3299865722656,236.80499267578125,331.04998779296875,533.5700073242188,71.55000305175781,331.1499938964844,236.4499969482422,330.79998779296875,532.611083984375,71.44000244140625,331.2349853515625,236.55999755859375,330.9700012207031,532.9500122070312,71.48999786376953,58343,102895,28462,77672,107169
2026-07-30 11:31:00-04:00,331.5799865722656,236.9199981689453,331.29998779296875,533.1699829101562,71.52999877929688,331.6400146484375,237.0500030517578,331.3599853515625,533.5650024414062,71.58000183105469,331.32000732421875,236.6699981689453,330.8800048828125,533.1099853515625,71.5199966430664,331.32000732421875,236.75,330.9818115234375,533.4736938476562,71.53520202636719,66808,122835,31360,61675,61286
2026-07-30 11:32:00-04:00,331.7799987792969,237.02000427246094,331.30499267578125,533.3350219726562,71.52999877929688,331.864990234375,237.10000610351562,331.4200134277344,533.4747924804688,71.54000091552734,331.5400085449219,236.91000366210938,331.2699890136719,532.7100830078125,71.5,331.56048583984375,236.92999267578125,331.3395080566406,533.27001953125,71.52999877929688,53047,138373,16472,69184,44951
2026-07-30 11:33:00-04:00,331.6000061035156,237.27499389648438,331.260009765625,532.9149780273438,71.5199966430664,331.7850036621094,237.27499389648438,331.3949890136719,533.530029296875,71.58999633789062,331.4700012207031,236.9499969482422,331.0899963378906,532.7000122070312,71.51000213623047,331.7699890136719,237.00999450683594,331.2799987792969,533.3275146484375,71.53009796142578,61058,78729,19494,40996,146061
2026-07-30 11:34:00-04:00,332.0299987792969,237.47999572753906,331.5799865722656,533.0399780273438,71.56999969482422,332.07000732421875,237.47999572753906,331.6199951171875,533.4498901367188,71.56999969482422,331.6000061035156,237.14999389648438,331.3399963378906,532.719970703125,71.5250015258789,331.6099853515625,237.27999877929688,331.3999938964844,532.9199829101562,71.52999877929688,79843,86553,26012,55341,78824
2026-07-30 11:35:00-04:00,331.9599914550781,237.44000244140625,331.4981994628906,532.8499755859375,71.56500244140625,332.1094055175781,237.63999938964844,331.7900085449219,533.1699829101562,71.61000061035156,331.8399963378906,237.42999267578125,331.41009521484375,532.5499877929688,71.53500366210938,332.04998779296875,237.47999572753906,331.6300048828125,533.0399780273438,71.58000183105469,72720,120024,27248,40294,88408
2026-07-30 11:36:00-04:00,331.92999267578125,237.6999969482422,331.92999267578125,533.1799926757812,71.56950378417969,332.0050048828125,237.6999969482422,331.95001220703125,533.4395141601562,71.57769775390625,331.7720031738281,237.36000061035156,331.4200134277344,532.8200073242188,71.55249786376953,331.9649963378906,237.44000244140625,331.4200134277344,532.8200073242188,71.5602035522461,1360554,73323,10877,52700,43038
2026-07-30 11:37:00-04:00,331.6499938964844,237.27000427246094,331.510009765625,532.5349731445312,71.54499816894531,331.92999267578125,237.67999267578125,331.9100036621094,533.3300170898438,71.56500244140625,331.6105041503906,237.25,331.5050048828125,532.4600219726562,71.5000991821289,331.9200134277344,237.67999267578125,331.9100036621094,533.1900024414062,71.56500244140625,76054,79273,20809,65814,59686
2026-07-30 11:38:00-04:00,331.7099914550781,237.34500122070312,331.68499755859375,532.5499877929688,71.52359771728516,331.75,237.5482940673828,331.7550048828125,533.0349731445312,71.56999969482422,331.57000732421875,237.25,331.510009765625,532.4299926757812,71.5199966430664,331.6700134277344,237.2899932861328,331.510009765625,532.5349731445312,71.55000305175781,51591,94823,11043,41091,47162
2026-07-30 11:39:00-04:00,331.7200012207031,237.40499877929688,331.85699462890625,532.72998046875,71.5698013305664,331.8299865722656,237.44000244140625,331.85699462890625,533.2899169921875,71.57649993896484,331.6499938964844,237.30999755859375,331.6400146484375,532.469970703125,71.5199966430664,331.70001220703125,237.38999938964844,331.7099914550781,532.5900268554688,71.5250015258789,69819,46828,14112,84626,64562
2026-07-30 11:40:00-04:00,331.7799987792969,237.4199981689453,331.9549865722656,532.2550048828125,71.6500015258789,331.79998779296875,237.53829956054688,332.05999755859375,532.9598999023438,71.66000366210938,331.6000061035156,237.2100067138672,331.7200012207031,532.1801147460938,71.5602035522461,331.7200012207031,237.42039489746094,331.82501220703125,532.8099975585938,71.56500244140625,48204,92901,21464,59416,58297
2026-07-30 11:41:00-04:00,331.864990234375,237.55499267578125,332.2749938964844,533.219970703125,71.67500305175781,331.989990234375,237.57000732421875,332.29998779296875,533.369873046875,71.70500183105469,331.7300109863281,237.35000610351562,331.94000244140625,532.1901245117188,71.64119720458984,331.7850036621094,237.44000244140625,331.9549865722656,532.260009765625,71.64119720458984,50577,53398,19358,78451,68411
2026-07-30 11:42:00-04:00,331.9400939941406,237.64999389648438,332.63720703125,533.1099853515625,71.69000244140625,331.989990234375,237.66000366210938,332.63720703125,533.5800170898438,71.69499969482422,331.79998779296875,237.5,332.25,533.010009765625,71.6449966430664,331.8599853515625,237.52999877929688,332.260009765625,533.1599731445312,71.68000030517578,62370,51273,16488,98493,67719
2026-07-30 11:43:00-04:00,332.1000061035156,237.77999877929688,332.8500061035156,533.405029296875,71.7300033569336,332.239990234375,237.81500244140625,332.9198913574219,533.5631713867188,71.75,331.9100036621094,237.6300048828125,332.5299987792969,533.010009765625,71.69999694824219,331.9599914550781,237.64999389648438,332.6549987792969,533.135009765625,71.69999694824219,108017,82828,21176,74100,50128
2026-07-30 11:44:00-04:00,332.1400146484375,237.80499267578125,333.05999755859375,533.0650024414062,71.7699966430664,332.3399963378906,237.9199981689453,333.2799987792969,533.6699829101562,71.79989624023438,332.0205993652344,237.74000549316406,332.8299865722656,533.0399780273438,71.7300033569336,332.1099853515625,237.7899932861328,332.8550109863281,533.4099731445312,71.73979949951172,99418,88133,37193,54919,61690
2026-07-30 11:45:00-04:00,332.20001220703125,237.8000030517578,333.3949890136719,532.713623046875,71.77999877929688,332.30999755859375,237.92999267578125,333.4200134277344,533.719970703125,71.80000305175781,332.05999755859375,237.74000549316406,333.05999755859375,532.5999755859375,71.7300033569336,332.1499938964844,237.80999755859375,333.05999755859375,533.0499877929688,71.7698974609375,91977,83500,30643,65960,67713
2026-07-30 11:46:00-04:00,332.2601013183594,237.9550018310547,333.5799865722656,533.5880737304688,71.81230163574219,332.2900085449219,237.9600067138672,333.6099853515625,533.6500244140625,71.81999969482422,332.04998779296875,237.71499633789062,333.3500061035156,532.6199951171875,71.75,332.17999267578125,237.8000030517578,333.3800048828125,532.8699951171875,71.78500366210938,53765,53887,25073,37478,58267
2026-07-30 11:47:00-04:00,332.18499755859375,237.94000244140625,333.375,533.1799926757812,71.86000061035156,332.2749938964844,238.16000366210938,333.59710693359375,533.5695190429688,71.90499877929688,332.1300048828125,237.92999267578125,333.2699890136719,532.90087890625,71.80000305175781,332.2650146484375,237.94500732421875,333.5799865722656,533.52001953125,71.80999755859375,58362,170798,28158,63527,105074
2026-07-30 11:48:00-04:00,332.04998779296875,237.8000030517578,333.06500244140625,533.2100219726562,71.81500244140625,332.4200134277344,238.10000610351562,333.5299987792969,533.5798950195312,71.88500213623047,332.04998779296875,237.8000030517578,333.0199890136719,533.0800170898438,71.77999877929688,332.18499755859375,237.94000244140625,333.375,533.2349853515625,71.86979675292969,69160,84298,14446,58239,81301
2026-07-30 11:49:00-04:00,331.8349914550781,237.89999389648438,333.1449890136719,533.010009765625,71.79010009765625,332.1099853515625,237.89999389648438,333.1653137207031,533.2999877929688,71.83000183105469,331.7898864746094,237.75,332.85009765625,532.6500854492188,71.7750015258789,332.04998779296875,237.84100341796875,333.06500244140625,533.2100219726562,71.81500244140625,61032,54043,23043,50799,76517
2026-07-30 11:50:00-04:00,331.82501220703125,237.92999267578125,332.9700012207031,533.0750122070312,71.74500274658203,332.0400085449219,238.0,333.2998962402344,533.3994750976562,71.80500030517578,331.739990234375,237.77999877929688,332.88739013671875,532.9199829101562,71.72000122070312,331.8500061035156,237.91000366210938,333.1700134277344,533.1300048828125,71.79010009765625,71427,71975,17106,54545,75132
2026-07-30 11:51:00-04:00,331.57000732421875,237.86000061035156,332.92999267578125,532.8350219726562,71.80000305175781,331.82000732421875,237.94000244140625,333.0350036621094,533.1400146484375,71.83000183105469,331.510009765625,237.67300415039062,332.7200012207031,532.7000122070312,71.7300033569336,331.82000732421875,237.91000366210938,332.9800109863281,533.0750122070312,71.74500274658203,97705,112747,17052,76713,61884
2026-07-30 11:52:00-04:00,331.5799865722656,237.71499633789062,332.7049865722656,532.85498046875,71.75990295410156,331.6449890136719,237.97999572753906,333.010009765625,533.02001953125,71.81500244140625,331.3399963378906,237.6649932861328,332.5050048828125,532.3049926757812,71.75,331.56500244140625,237.92999267578125,332.9800109863281,532.8665771484375,71.80500030517578,59754,55487,16538,107776,69530
2026-07-30 11:53:00-04:00,331.6600036621094,238.33999633789062,333.2149963378906,533.3099975585938,71.77999877929688,331.7799987792969,238.33999633789062,333.25,533.4899291992188,71.78500366210938,331.54998779296875,237.70509338378906,332.7349853515625,532.8499755859375,71.75499725341797,331.5950012207031,237.70509338378906,332.739990234375,532.8499755859375,71.76499938964844,79103,136810,21095,67610,40523
2026-07-30 11:54:00-04:00,331.7049865722656,238.4600067138672,333.38958740234375,534.6199951171875,71.78980255126953,331.760009765625,238.47999572753906,333.38958740234375,534.75,71.80879974365234,331.6050109863281,238.22999572753906,333.1000061035156,533.25,71.74009704589844,331.67999267578125,238.3300018310547,333.2099914550781,533.3400268554688,71.78500366210938,58414,119751,15710,70878,55351
2026-07-30 11:55:00-04:00,331.9649963378906,238.5,333.4909973144531,534.35498046875,71.86000061035156,332.0199890136719,238.58999633789062,333.5799865722656,534.72998046875,71.86000061035156,331.6099853515625,238.40499877929688,333.4049987792969,533.7501220703125,71.7750015258789,331.7200012207031,238.44000244140625,333.4049987792969,534.7000122070312,71.78500366210938,72482,124188,10237,48026,77558
2026-07-30 11:56:00-04:00,331.95001220703125,238.2550048828125,333.2099914550781,533.8900146484375,72.0250015258789,332.1199951171875,238.7100067138672,333.7049865722656,534.739990234375,72.04000091552734,331.95001220703125,238.22999572753906,333.1300048828125,533.6199951171875,71.87000274658203,331.9800109863281,238.44000244140625,333.5199890136719,534.2999877929688,71.875,93433,110981,36392,64720,241864
2026-07-30 11:57:00-04:00,332.0400085449219,238.21499633789062,333.24951171875,533.6854858398438,72.06999969482422,332.1099853515625,238.2899932861328,333.2900085449219,534.239990234375,72.08000183105469,331.8369140625,238.11000061035156,333.11480712890625,533.4000244140625,71.97000122070312,331.94500732421875,238.24749755859375,333.2449951171875,534.0599975585938,72.0250015258789,97499,76704,13795,115415,87650
2026-07-30 11:58:00-04:00,331.9599914550781,238.08999633789062,332.760009765625,533.1099853515625,72.05999755859375,332.06500244140625,238.21499633789062,333.19000244140625,533.689697265625,72.09500122070312,331.8999938964844,237.99000549316406,332.6050109863281,533.0,72.05020141601562,332.03009033203125,238.2100067138672,333.19000244140625,533.689697265625,72.06500244140625,61462,72245,15180,96694,295753
2026-07-30 11:59:00-04:00,331.760009765625,238.19000244140625,332.3999938964844,532.1401977539062,72.06999969482422,332.0,238.2899932861328,332.7049865722656,533.2100219726562,72.12000274658203,331.7300109863281,238.0500030517578,332.3500061035156,532.0900268554688,72.06079864501953,331.9599914550781,238.10000610351562,332.7049865722656,533.0999755859375,72.06500244140625,60697,120649,14060,96637,114510
2026-07-30 12:00:00-04:00,331.6000061035156,238.1199951171875,332.6300048828125,532.5700073242188,72.04340362548828,331.75,238.2449951171875,332.69000244140625,532.8099975585938,72.07499694824219,331.55999755859375,238.0,332.2799987792969,531.6500244140625,72.01010131835938,331.75,238.19500732421875,332.4599914550781,532.0900268554688,72.07499694824219,83410,101643,17259,115339,87104
2026-07-30 12:01:00-04:00,331.54998779296875,238.4499969482422,332.9150085449219,533.2899780273438,72.02950286865234,331.69000244140625,238.46600341796875,332.9150085449219,533.2999877929688,72.05999755859375,331.4100036621094,238.1199951171875,332.6099853515625,532.5399780273438,71.98500061035156,331.6000061035156,238.1199951171875,332.70001220703125,532.7556762695312,72.04000091552734,95617,124152,9399,70638,56746
2026-07-30 12:02:00-04:00,331.45001220703125,238.44000244140625,333.1549987792969,533.0607299804688,72.02999877929688,331.70001220703125,238.5,333.1549987792969,533.3900146484375,72.05000305175781,331.3599853515625,238.25,332.79998779296875,532.7000122070312,71.98999786376953,331.55999755859375,238.42999267578125,332.9150085449219,533.27001953125,72.03620147705078,74654,127147,12585,45703,69377
2026-07-30 12:03:00-04:00,331.04998779296875,238.6750030517578,333.29998779296875,532.9600219726562,72.03500366210938,331.5,238.72999572753906,333.29998779296875,533.510009765625,72.05999755859375,331.0199890136719,238.4199981689453,333.0899963378906,532.7100219726562,72.01000213623047,331.4649963378906,238.4799041748047,333.20001220703125,533.1900024414062,72.02999877929688,106200,138542,16193,68921,77231
2026-07-30 12:04:00-04:00,331.04998779296875,238.91749572753906,333.45001220703125,533.7999877929688,72.16999816894531,331.20001220703125,238.99000549316406,333.57989501953125,533.97998046875,72.19000244140625,330.8900146484375,238.55499267578125,333.15008544921875,532.6099853515625,72.01619720458984,331.0199890136719,238.6649932861328,333.260009765625,532.8699951171875,72.03500366210938,159953,200358,33764,44416,82085
2026-07-30 12:05:00-04:00,330.9599914550781,238.91000366210938,333.3999938964844,535.9400024414062,72.13999938964844,331.0799865722656,239.0800018310547,333.6400146484375,535.9400024414062,72.20999908447266,330.8500061035156,238.8699951171875,333.3299865722656,533.780029296875,72.12999725341797,331.07000732421875,238.92999267578125,333.4849853515625,533.7999877929688,72.16999816894531,116303,159127,25823,76846,84812
2026-07-30 12:06:00-04:00,331.05999755859375,238.97000122070312,333.5150146484375,535.8599853515625,72.06999969482422,331.2850036621094,239.17999267578125,333.70001220703125,536.2000122070312,72.18000030517578,330.8999938964844,238.89999389648438,333.3100891113281,535.4204711914062,72.05999755859375,330.9750061035156,238.9199981689453,333.3800048828125,535.97998046875,72.1500015258789,95531,148383,21406,62587,77800
2026-07-30 12:07:00-04:00,330.9100036621094,238.97999572753906,333.67999267578125,536.9400024414062,71.98500061035156,331.0799865722656,239.00999450683594,333.70001220703125,536.989990234375,72.0999984741211,330.6300048828125,238.81500244140625,333.42999267578125,535.47998046875,71.97000122070312,331.04998779296875,238.9595947265625,333.5386047363281,535.7000122070312,72.06999969482422,109812,135370,16131,61183,68984
2026-07-30 12:08:00-04:00,330.7650146484375,239.2100067138672,333.4049987792969,535.510009765625,72.01529693603516,330.9750061035156,239.36000061035156,333.67498779296875,536.9586181640625,72.05999755859375,330.63580322265625,238.9949951171875,333.32000732421875,535.0783081054688,71.9800033569336,330.8900146484375,239.0,333.66400146484375,536.838623046875,71.98999786376953,90926,503204,28783,89248,61803
2026-07-30 12:09:00-04:00,330.9800109863281,239.17999267578125,333.239990234375,534.6749877929688,72.11000061035156,331.0,239.3300018310547,333.4049987792969,535.4299926757812,72.11000061035156,330.760009765625,239.03599548339844,333.14849853515625,534.0,71.98500061035156,330.760009765625,239.1999969482422,333.4049987792969,535.4299926757812,72.01000213623047,92111,212495,12518,79851,79245
2026-07-30 12:10:00-04:00,331.1199951171875,239.19000244140625,333.32000732421875,534.2100219726562,72.26499938964844,331.1700134277344,239.24000549316406,333.4599914550781,534.7999877929688,72.29000091552734,330.8399963378906,239.125,333.152587890625,534.1400146484375,72.08999633789062,330.9599914550781,239.1300048828125,333.1715087890625,534.5700073242188,72.11000061035156,65422,62100,14374,56699,157857
2026-07-30 12:11:00-04:00,331.20001220703125,239.36990356445312,333.4800109863281,533.7100219726562,72.2699966430664,331.43499755859375,239.39999389648438,333.5199890136719,534.2249755859375,72.27999877929688,331.0350036621094,239.0,333.2300109863281,533.4000244140625,72.2249984741211,331.1199951171875,239.1699981689453,333.3500061035156,534.2249755859375,72.2699966430664,88066,130850,18785,62344,85437
2026-07-30 12:12:00-04:00,331.07501220703125,239.41000366210938,333.6300048828125,534.4199829101562,72.2300033569336,331.2099914550781,239.42999267578125,333.6650085449219,534.7000122070312,72.30000305175781,330.9700012207031,239.1999969482422,333.3999938964844,533.6500854492188,72.21499633789062,331.19000244140625,239.36740112304688,333.4649963378906,533.7000122070312,72.26499938964844,79776,89513,11491,49484,82370
2026-07-30 12:13:00-04:00,331.1099853515625,239.24000549316406,333.7699890136719,534.9299926757812,72.20880126953125,331.2099914550781,239.49000549316406,333.8414001464844,535.1649780273438,72.23999786376953,331.0,239.2100067138672,333.6300048828125,534.4199829101562,72.16999816894531,331.0799865722656,239.4250030517578,333.6499938964844,534.5484008789062,72.22000122070312,64652,139435,25543,41603,96691
2026-07-30 12:14:00-04:00,331.2099914550781,239.16000366210938,333.5350036621094,534.3699951171875,72.125,331.2099914550781,239.3300018310547,333.8800048828125,534.9400024414062,72.20999908447266,331.05999755859375,239.06649780273438,333.42999267578125,534.239990234375,72.08999633789062,331.1099853515625,239.24000549316406,333.760009765625,534.875,72.20500183105469,52973,86271,22942,49168,74860
2026-07-30 12:15:00-04:00,331.3299865722656,238.9250030517578,333.4800109863281,533.0698852539062,72.07499694824219,331.3500061035156,239.1999969482422,333.5899963378906,534.5999755859375,72.13500213623047,331.0950012207031,238.91000366210938,333.4599914550781,533.030029296875,72.06999969482422,331.2049865722656,239.1699981689453,333.5450134277344,534.3599853515625,72.125,67867,83121,11836,57802,52485
2026-07-30 12:16:00-04:00,331.6400146484375,238.82000732421875,333.57000732421875,532.0620727539062,72.1050033569336,331.6499938964844,239.0,333.6600036621094,533.0698852539062,72.12000274658203,331.2900085449219,238.6750030517578,333.3900146484375,531.5999755859375,72.08000183105469,331.3299865722656,238.9250030517578,333.4425048828125,533.0698852539062,72.08000183105469,88798,94941,27127,114543,43595
2026-07-30 12:17:00-04:00,331.7300109863281,238.67999267578125,333.8500061035156,532.4249877929688,72.06500244140625,331.9193115234375,238.81959533691406,333.8500061035156,532.5,72.1050033569336,331.489990234375,238.49310302734375,333.42999267578125,531.72998046875,72.02999877929688,331.6300048828125,238.77999877929688,333.55999755859375,532.0899047851562,72.1050033569336,69194,78221,13434,69492,48402
2026-07-30 12:18:00-04:00,332.260009765625,238.60000610351562,333.9100036621094,532.5150146484375,72.06500244140625,332.27398681640625,238.83999633789062,333.94000244140625,532.7999877929688,72.11000061035156,331.70001220703125,238.46009826660156,333.69000244140625,532.1359252929688,72.05999755859375,331.7099914550781,238.7050018310547,333.8550109863281,532.5,72.06500244140625,128200,137821,18775,72242,52872
2026-07-30 12:19:00-04:00,332.0400085449219,238.47000122070312,333.7300109863281,532.3300170898438,72.12000274658203,332.6000061035156,238.6699981689453,333.94000244140625,533.4400024414062,72.12999725341797,332.0,238.36000061035156,333.6409912109375,532.2780151367188,72.06500244140625,332.2380065917969,238.5800018310547,333.9049987792969,532.4810791015625,72.06500244140625,180686,139177,17687,58017,54878
2026-07-30 12:20:00-04:00,332.31500244140625,238.8300018310547,333.9200134277344,532.2302856445312,72.13749694824219,332.43499755859375,238.8300018310547,333.9800109863281,532.6580200195312,72.1500015258789,331.9849853515625,238.3800048828125,333.6199951171875,532.1900024414062,72.0999984741211,332.05999755859375,238.47999572753906,333.6700134277344,532.3399047851562,72.13999938964844,98838,184969,15093,63271,58708
2026-07-30 12:21:00-04:00,332.2449951171875,238.88600158691406,334.17999267578125,531.72998046875,72.1500015258789,332.3599853515625,239.0,334.2200012207031,532.3997802734375,72.16629791259766,332.0400085449219,238.75999450683594,333.8999938964844,531.3699951171875,72.11000061035156,332.31500244140625,238.83999633789062,333.95001220703125,532.2020263671875,72.12000274658203,121145,105252,29306,72859,37661
2026-07-30 12:22:00-04:00,332.20001220703125,238.6898956298828,333.9894104003906,531.510009765625,72.16999816894531,332.2799987792969,238.8988037109375,334.2294006347656,531.9899291992188,72.18000030517578,332.1199951171875,238.625,333.8999938964844,531.3200073242188,72.13500213623047,332.2449951171875,238.8988037109375,334.2099914550781,531.6887817382812,72.15499877929688,52626,133633,23525,53079,39056
2026-07-30 12:23:00-04:00,331.8699951171875,238.75999450683594,333.8299865722656,531.8300170898438,72.260498046875,332.2099914550781,238.8690948486328,334.0299987792969,532.0145263671875,72.29000091552734,331.8500061035156,238.69000244140625,333.6910095214844,531.4287719726562,72.16999816894531,332.19000244140625,238.6925048828125,333.92498779296875,531.510009765625,72.16999816894531,89297,119328,32413,45691,60528
2026-07-30 12:24:00-04:00,331.94000244140625,238.72000122070312,333.9750061035156,531.9998779296875,72.28829956054688,331.96990966796875,238.8000030517578,333.9750061035156,532.13427734375,72.30000305175781,331.7305908203125,238.63999938964844,333.7449951171875,531.6799926757812,72.22000122070312,331.8581848144531,238.75,333.7900085449219,531.8800048828125,72.26499938964844,49642,105625,16355,55998,63307
2026-07-30 12:25:00-04:00,331.9599914550781,238.5749969482422,334.0,532.47998046875,72.3499984741211,332.010009765625,238.74000549316406,334.04998779296875,532.6195068359375,72.38169860839844,331.8450012207031,238.52999877929688,333.8599853515625,531.9099731445312,72.2699966430664,331.93499755859375,238.69000244140625,333.94000244140625,531.9840698242188,72.27999877929688,90851,105868,12612,50937,61049
2026-07-30 12:26:00-04:00,331.98870849609375,238.52999877929688,334.1099853515625,532.114990234375,72.34500122070312,332.0,238.60000610351562,334.19000244140625,532.4699096679688,72.36000061035156,331.760009765625,238.39999389648438,333.92999267578125,531.8900146484375,72.33000183105469,331.9700012207031,238.58999633789062,334.0050048828125,532.4199829101562,72.35099792480469,62165,109553,11964,49310,51952
2026-07-30 12:27:00-04:00,332.07501220703125,238.65499877929688,334.260009765625,532.4180297851562,72.54000091552734,332.1059875488281,238.69000244140625,334.3599853515625,532.4600219726562,72.55000305175781,331.8299865722656,238.52999877929688,334.0799865722656,532.0601196289062,72.33999633789062,331.95001220703125,238.5449981689453,334.0826110839844,532.0700073242188,72.34500122070312,45777,60524,17786,43136,205161
2026-07-30 12:28:00-04:00,332.0299987792969,238.64999389648438,334.6000061035156,532.3200073242188,72.49500274658203,332.3500061035156,238.65989685058594,334.6293029785156,532.7999877929688,72.58999633789062,331.9849853515625,238.52999877929688,334.260009765625,532.2899780273438,72.48500061035156,332.0799865722656,238.64500427246094,334.260009765625,532.42626953125,72.54000091552734,66471,46731,32906,50430,218597
2026-07-30 12:29:00-04:00,332.0899963378906,238.6999969482422,334.3949890136719,531.5399780273438,72.4999008178711,332.17999267578125,238.77499389648438,334.5899963378906,532.489990234375,72.52999877929688,331.9700012207031,238.58050537109375,334.2099914550781,531.4000854492188,72.47000122070312,332.0299987792969,238.63499450683594,334.57501220703125,532.344970703125,72.49500274658203,70323,103778,21963,105366,49933
2026-07-30 12:30:00-04:00,331.9800109863281,238.41000366210938,334.30999755859375,530.9199829101562,72.56999969482422,332.1400146484375,238.67970275878906,334.43939208984375,531.9600219726562,72.6050033569336,331.92498779296875,238.36000061035156,334.25,530.6304931640625,72.49500274658203,332.0899963378906,238.6699981689453,334.3800048828125,531.4749755859375,72.49500274658203,70101,103283,18458,104671,96435
2026-07-30 12:31:00-04:00,331.7449951171875,238.63499450683594,334.4298095703125,530.9400024414062,72.69000244140625,331.9800109863281,238.63999938964844,334.6050109863281,531.1699829101562,72.69999694824219,331.70001220703125,238.39999389648438,334.25,530.7899780273438,72.56999969482422,331.9800109863281,238.44940185546875,334.2799987792969,530.9000244140625,72.56999969482422,47997,84794,14781,54803,78664
2026-07-30 12:32:00-04:00,331.4750061035156,238.69000244140625,334.5299987792969,531.02001953125,72.78500366210938,331.7900085449219,238.9600067138672,334.5299987792969,531.5,72.785400390625,331.4049987792969,238.63499450683594,334.2799987792969,530.8170166015625,72.66999816894531,331.7300109863281,238.63499450683594,334.41510009765625,530.9000854492188,72.69000244140625,63070,124254,19744,57687,134373
2026-07-30 12:33:00-04:00,331.6300048828125,238.789794921875,334.720703125,531.3150024414062,72.80000305175781,331.6400146484375,238.83999633789062,334.739990234375,531.530029296875,72.81999969482422,331.4599914550781,238.63999938964844,334.5199890136719,530.9650268554688,72.75499725341797,331.4649963378906,238.6999969482422,334.5400085449219,531.02001953125,72.79000091552734,43692,55457,15687,45157,198153
2026-07-30 12:34:00-04:00,331.8299865722656,238.85000610351562,334.69000244140625,531.239990234375,72.79000091552734,331.9200134277344,238.97999572753906,334.889892578125,531.6300048828125,72.81999969482422,331.55999755859375,238.72999572753906,334.67999267578125,531.010009765625,72.69999694824219,331.6199951171875,238.76919555664062,334.7149963378906,531.3200073242188,72.81999969482422,65413,120142,22511,48184,133144
2026-07-30 12:35:00-04:00,332.05999755859375,238.7949981689453,334.7322082519531,531.3200073242188,72.68000030517578,332.05999755859375,238.889892578125,334.8699951171875,531.375,72.80000305175781,331.760009765625,238.77499389648438,334.6499938964844,531.010009765625,72.6500015258789,331.82000732421875,238.8542938232422,334.70001220703125,531.2572021484375,72.77999877929688,60813,85995,13868,44287,631175
2026-07-30 12:36:00-04:00,331.8299865722656,238.7550048828125,334.8500061035156,531.5800170898438,72.83499908447266,332.08990478515625,238.88999938964844,334.9049987792969,531.8400268554688,72.8489990234375,331.80999755859375,238.68499755859375,334.614013671875,531.1799926757812,72.66999816894531,332.04998779296875,238.78500366210938,334.7049865722656,531.3499755859375,72.67500305175781,66334,79311,20759,63637,88825
2026-07-30 12:37:00-04:00,331.9880065917969,238.7200927734375,334.6400146484375,531.3599853515625,72.875,332.1700134277344,238.77000427246094,334.82000732421875,531.5938110351562,72.88999938964844,331.79998779296875,238.6300048828125,334.5400085449219,531.27001953125,72.83999633789062,331.82000732421875,238.75999450683594,334.82000732421875,531.52001953125,72.83999633789062,83944,40168,16498,40045,86419
2026-07-30 12:38:00-04:00,331.9599914550781,238.86000061035156,334.4700012207031,530.969970703125,72.8499984741211,332.0675964355469,238.8800048828125,334.6050109863281,531.3599853515625,72.88999938964844,331.875,238.58999633789062,334.3599853515625,530.8800048828125,72.83000183105469,331.9800109863281,238.72000122070312,334.5799865722656,531.3599853515625,72.86499786376953,53009,77725,18158,53389,87594
2026-07-30 12:39:00-04:00,332.0150146484375,238.7550048828125,334.3699951171875,530.75,72.83499908447266,332.0199890136719,238.9199981689453,334.5799865722656,530.9656982421875,72.8499984741211,331.79998779296875,238.625,334.2850036621094,530.4600219726562,72.80000305175781,331.95001220703125,238.83999633789062,334.3999938964844,530.9249877929688,72.8499984741211,101237,117009,15096,68653,69503
2026-07-30 12:40:00-04:00,331.75,238.61000061035156,334.17999267578125,530.6900024414062,72.82499694824219,332.1300048828125,238.80999755859375,334.3900146484375,531.0449829101562,72.92500305175781,331.5899963378906,238.58999633789062,334.0700988769531,530.5205078125,72.80999755859375,332.0299072265625,238.77000427246094,334.3599853515625,530.7050170898438,72.83999633789062,85251,104645,16576,39917,157508
2026-07-30 12:41:00-04:00,331.885009765625,238.72000122070312,334.2200012207031,530.7050170898438,72.78500366210938,332.06500244140625,238.82650756835938,334.3800048828125,530.760009765625,72.8407974243164,331.7349853515625,238.55999755859375,334.05999755859375,530.5250244140625,72.73999786376953,331.739990234375,238.6300048828125,334.1600036621094,530.6649780273438,72.82499694824219,81414,51796,17796,35929,86353
2026-07-30 12:42:00-04:00,332.0899963378906,238.64999389648438,334.04998779296875,530.7849731445312,72.70500183105469,332.1000061035156,238.77000427246094,334.260009765625,530.989990234375,72.78990173339844,331.7900085449219,238.60000610351562,333.9100036621094,529.77001953125,72.69499969482422,331.8949890136719,238.75,334.2449951171875,530.6500244140625,72.78119659423828,152874,41534,17199,225453,66709
2026-07-30 12:43:00-04:00,331.989990234375,238.8300018310547,334.30499267578125,530.5299072265625,72.72000122070312,332.1300048828125,238.88999938964844,334.3299865722656,531.22998046875,72.76000213623047,331.9800109863281,238.6199951171875,333.9700012207031,530.5,72.69000244140625,332.07000732421875,238.6300048828125,334.04998779296875,530.7750244140625,72.70500183105469,80788,60909,18278,55570,169187
2026-07-30 12:44:00-04:00,332.125,238.63999938964844,334.1300048828125,530.5900268554688,72.73500061035156,332.2491149902344,238.8300018310547,334.30999755859375,530.6699829101562,72.73500061035156,331.9700012207031,238.6199951171875,334.04998779296875,530.0800170898438,72.63999938964844,331.9700012207031,238.8300018310547,334.30999755859375,530.5,72.69499969482422,82086,140019,13508,77485,82711
2026-07-30 12:45:00-04:00,332.0199890136719,238.73899841308594,334.2900085449219,530.010009765625,72.75499725341797,332.1400146484375,238.83999633789062,334.2900085449219,530.5,72.7699966430664,331.82000732421875,238.55999755859375,333.9049987792969,530.0,72.70500183105469,332.125,238.6199951171875,334.1400146484375,530.5,72.70999908447266,84296,75669,19558,56624,73511
2026-07-30 12:46:00-04:00,331.9649963378906,238.74000549316406,333.864990234375,530.1898803710938,72.70500183105469,332.1300048828125,238.86000061035156,334.3500061035156,530.3900146484375,72.75630187988281,331.93499755859375,238.6699981689453,333.864990234375,530.0,72.69999694824219,332.0299987792969,238.7050018310547,334.2699890136719,530.0,72.75630187988281,54975,120649,13436,60695,66566
2026-07-30 12:47:00-04:00,332.17999267578125,238.8000030517578,333.6300048828125,530.1199951171875,72.7699966430664,332.3699951171875,238.82000732421875,333.9200134277344,530.280029296875,72.7699966430664,331.95001220703125,238.64999389648438,333.6109924316406,530.0,72.70500183105469,331.95001220703125,238.75999450683594,333.885009765625,530.0999755859375,72.70500183105469,92648,68532,16330,47942,38141
2026-07-30 12:48:00-04:00,332.05999755859375,238.64999389648438,333.4880065917969,530.0449829101562,72.76499938964844,332.2200012207031,238.8300018310547,333.7200012207031,530.3300170898438,72.80999755859375,332.0249938964844,238.64999389648438,333.4200134277344,530.0,72.76499938964844,332.2099914550781,238.7808074951172,333.614990234375,530.1286010742188,72.77989959716797,50767,53868,16826,57436,40292
2026-07-30 12:49:00-04:00,332.1199951171875,238.625,333.364990234375,530.010009765625,72.73999786376953,332.1499938964844,238.67999267578125,333.4949951171875,530.3572998046875,72.7750015258789,331.9599914550781,238.5399932861328,333.3009948730469,529.8300170898438,72.70999908447266,332.05999755859375,238.64999389648438,333.465087890625,530.0150146484375,72.76499938964844,68375,38399,11794,100148,71668
2026-07-30 12:50:00-04:00,332.0899963378906,238.5050048828125,333.2799987792969,530.10498046875,72.77999877929688,332.1650085449219,238.66000366210938,333.42498779296875,530.1199951171875,72.77999877929688,331.989990234375,238.4346923828125,333.20001220703125,529.7999877929688,72.70999908447266,332.1400146484375,238.64999389648438,333.3699951171875,530.083984375,72.75,56211,55924,17754,50855,61556
2026-07-30 12:51:00-04:00,332.18499755859375,238.6649932861328,333.3599853515625,530.4849853515625,72.73999786376953,332.2300109863281,238.6999969482422,333.4700012207031,530.5399169921875,72.77999877929688,332.1000061035156,238.47999572753906,333.2300109863281,530.0499877929688,72.72000122070312,332.1099853515625,238.5,333.2650146484375,530.0599975585938,72.7699966430664,56608,57562,7903,77848,81437
2026-07-30 12:52:00-04:00,332.239990234375,238.69000244140625,333.5249938964844,530.6099853515625,72.80989837646484,332.260009765625,238.7198944091797,333.5799865722656,530.9000244140625,72.83000183105469,331.989990234375,238.6199951171875,333.3599853515625,530.2650146484375,72.72000122070312,332.19000244140625,238.6750030517578,333.364990234375,530.4500122070312,72.73999786376953,306350,64790,7589,67353,59711
2026-07-30 12:53:00-04:00,332.1400146484375,238.61500549316406,333.4043884277344,530.0682983398438,72.81999969482422,332.26129150390625,238.6999969482422,333.6400146484375,530.6900024414062,72.83999633789062,332.1300048828125,238.5500030517578,333.3424987792969,530.02099609375,72.79000091552734,332.2300109863281,238.67999267578125,333.5400085449219,530.625,72.80999755859375,55041,54806,15967,52715,62261
2026-07-30 12:54:00-04:00,332.1300048828125,238.51499938964844,333.3999938964844,530.614990234375,72.91200256347656,332.25,238.63999938964844,333.4800109863281,530.8499755859375,72.92980194091797,332.0799865722656,238.50999450683594,333.3500061035156,529.875,72.80999755859375,332.1300048828125,238.5800018310547,333.3599853515625,530.0599975585938,72.81999969482422,57709,39275,12095,49020,135716
2026-07-30 12:55:00-04:00,331.7300109863281,238.66400146484375,333.92999267578125,530.9699096679688,73.04499816894531,332.1700134277344,238.66990661621094,333.9949951171875,530.9699096679688,73.08000183105469,331.6300048828125,238.44000244140625,333.3299865722656,530.427001953125,72.9000015258789,332.1400146484375,238.52999877929688,333.3800048828125,530.614990234375,72.91000366210938,84131,48036,36156,33867,282760
2026-07-30 12:56:00-04:00,331.7449951171875,238.5399932861328,334.0950012207031,531.4000244140625,73.04000091552734,331.8999938964844,238.6699981689453,334.1099853515625,531.5,73.05000305175781,331.7099914550781,238.52999877929688,333.8070068359375,530.7401123046875,73.0199966430664,331.79998779296875,238.6199951171875,333.8999938964844,530.8400268554688,73.04000091552734,42296,35139,13098,41988,57493
2026-07-30 12:57:00-04:00,331.6700134277344,238.37550354003906,333.8599853515625,530.9735717773438,73.00499725341797,331.7699890136719,238.57000732421875,334.239990234375,531.489990234375,73.04499816894531,331.6099853515625,238.32000732421875,333.82000732421875,530.7999877929688,72.9800033569336,331.7449951171875,238.5399932861328,334.239990234375,531.3350219726562,73.02999877929688,46155,120091,16170,50655,78557
2026-07-30 12:58:00-04:00,331.760009765625,238.43499755859375,333.8301086425781,530.8499755859375,73.08999633789062,331.7699890136719,238.4499969482422,333.9100036621094,530.9819946289062,73.09500122070312,331.6400146484375,238.27999877929688,333.7699890136719,530.5999755859375,72.99500274658203,331.6600036621094,238.36000061035156,333.79998779296875,530.9450073242188,73.00499725341797,52246,98981,19380,51965,125905
2026-07-30 12:59:00-04:00,331.6199951171875,238.1999969482422,334.17999267578125,530.7509765625,73.08619689941406,331.78009033203125,238.4600067138672,334.3299865722656,530.9299926757812,73.12999725341797,331.5799865722656,238.17999267578125,333.8500061035156,530.75,73.04000091552734,331.7550048828125,238.43499755859375,333.8500061035156,530.844970703125,73.08999633789062,47259,82279,33726,33195,121816
2026-07-30 13:00:00-04:00,332.10009765625,238.48989868164062,334.64520263671875,530.5501098632812,73.12000274658203,332.1499938964844,238.58999633789062,334.75,531.0999755859375,73.16500091552734,331.6199951171875,238.19500732421875,334.1986999511719,530.5501098632812,73.08000183105469,331.6199951171875,238.19500732421875,334.2099914550781,530.75,73.08999633789062,61270,154199,25047,42942,144908
2026-07-30 13:01:00-04:00,332.1050109863281,238.64500427246094,334.50360107421875,530.5999755859375,73.11499786376953,332.13909912109375,238.64999389648438,334.69000244140625,530.8599853515625,73.12999725341797,331.92999267578125,238.43089294433594,334.2900085449219,530.489990234375,73.0999984741211,332.1000061035156,238.48500061035156,334.6199951171875,530.6699829101562,73.12000274658203,56929,65069,26567,36946,59437
2026-07-30 13:02:00-04:00,332.06500244140625,238.6199951171875,334.489990234375,530.9400024414062,73.0999984741211,332.1400146484375,238.75999450683594,334.5199890136719,531.02001953125,73.12999725341797,332.0,238.61500549316406,334.3125,530.52001953125,73.02999877929688,332.090087890625,238.6699981689453,334.4949951171875,530.5800170898438,73.1050033569336,49224,79877,18501,31210,102678
2026-07-30 13:03:00-04:00,332.0899963378906,238.52499389648438,334.6099853515625,531.1854248046875,73.12999725341797,332.25,238.6300048828125,334.75,531.3300170898438,73.1500015258789,332.04998779296875,238.47079467773438,334.42999267578125,530.8499755859375,73.0999984741211,332.0899963378906,238.6199951171875,334.510009765625,530.9299926757812,73.12000274658203,52881,58358,20116,42818,61416
2026-07-30 13:04:00-04:00,332.1600036621094,238.6199951171875,334.6968078613281,531.3499755859375,73.11499786376953,332.19000244140625,238.64999389648438,334.7200012207031,531.5,73.16000366210938,332.0249938964844,238.5,334.5799865722656,531.0800170898438,73.11000061035156,332.0899963378906,238.50999450683594,334.6499938964844,531.1810302734375,73.12999725341797,44967,81099,13883,30028,62970
2026-07-30 13:05:00-04:00,332.1700134277344,238.6999969482422,334.5600891113281,531.9099731445312,72.95999908447266,332.2099914550781,238.75,334.75,532.5,73.125,332.06500244140625,238.5800018310547,334.5199890136719,531.2999877929688,72.94999694824219,332.1700134277344,238.625,334.70001220703125,531.3499755859375,73.12000274658203,37634,114623,9296,97472,94045
2026-07-30 13:06:00-04:00,332.19000244140625,238.4199981689453,334.6199951171875,531.4199829101562,72.98359680175781,332.2200012207031,238.7100067138672,334.6600036621094,532.0,72.98500061035156,332.0899963378906,238.38999938964844,334.510009765625,531.3419189453125,72.90499877929688,332.1700134277344,238.6999969482422,334.5899963378906,531.8499755859375,72.94999694824219,45167,77654,13311,49688,55656
2026-07-30 13:07:00-04:00,332.2398986816406,238.36000061035156,334.80999755859375,531.5999755859375,73.02999877929688,332.2398986816406,238.42990112304688,334.8550109863281,531.9699096679688,73.06999969482422,332.1000061035156,238.2899932861328,334.56500244140625,531.4149780273438,72.88999938964844,332.1600036621094,238.4199981689453,334.6199951171875,531.4450073242188,72.98999786376953,38964,46250,19903,34635,156198
2026-07-30 13:08:00-04:00,332.1199951171875,238.3800048828125,334.760009765625,532.9199829101562,73.0199966430664,332.2699890136719,238.4149932861328,334.9100036621094,533.0,73.08000183105469,332.0899963378906,238.3300018310547,334.7300109863281,531.489990234375,72.94000244140625,332.20001220703125,238.36500549316406,334.7699890136719,531.6199951171875,73.02999877929688,40643,61435,12737,56683,97728
2026-07-30 13:09:00-04:00,332.25,238.36500549316406,334.6400146484375,532.385009765625,73.0199966430664,332.2622985839844,238.44000244140625,334.7200012207031,532.8800048828125,73.05000305175781,332.04998779296875,238.16000366210938,334.55010986328125,532.3200073242188,73.00499725341797,332.0899963378906,238.36000061035156,334.7200012207031,532.875,73.01000213623047,50359,68987,15308,38598,52980
2026-07-30 13:10:00-04:00,332.4200134277344,238.50999450683594,334.7099914550781,532.4298706054688,73.01000213623047,332.44000244140625,238.5800018310547,334.822509765625,532.614013671875,73.0199966430664,332.2560119628906,238.3300018310547,334.6025085449219,532.0100708007812,72.91000366210938,332.260009765625,238.36500549316406,334.6700134277344,532.385009765625,73.0,85939,103707,25811,38535,54027
2026-07-30 13:11:00-04:00,332.5400085449219,238.3300018310547,334.7550048828125,531.9650268554688,72.91000366210938,332.5708923339844,238.5299072265625,334.7550048828125,532.4299926757812,73.02989959716797,332.3299865722656,238.19500732421875,334.55999755859375,531.8400268554688,72.91000366210938,332.4100036621094,238.50999450683594,334.6650085449219,532.3800048828125,73.01000213623047,55797,81758,16007,42687,51097
2026-07-30 13:12:00-04:00,332.32000732421875,238.2050018310547,334.5199890136719,531.4495239257812,72.8770980834961,332.6000061035156,238.36990356445312,334.8699951171875,531.9650268554688,73.0199966430664,332.29010009765625,238.1699981689453,334.39801025390625,531.1599731445312,72.86000061035156,332.56988525390625,238.35000610351562,334.79998779296875,531.9650268554688,72.91000366210938,89666,64159,30572,46054,143747
2026-07-30 13:13:00-04:00,332.4331970214844,238.14999389648438,334.3399963378906,531.8250122070312,72.87000274658203,332.54998779296875,238.25999450683594,334.5799865722656,532.0,72.91000366210938,332.28680419921875,238.10499572753906,334.25,531.3400268554688,72.8301010131836,332.30999755859375,238.2050018310547,334.5299987792969,531.448486328125,72.86499786376953,46329,57390,19661,37665,41144
2026-07-30 13:14:00-04:00,332.7099914550781,238.24000549316406,334.1300048828125,531.8599853515625,72.9000015258789,332.8500061035156,238.33990478515625,334.3999938964844,532.1099853515625,72.94499969482422,332.43011474609375,238.13999938964844,334.1300048828125,531.77001953125,72.87000274658203,332.45001220703125,238.13999938964844,334.3258056640625,531.7860107421875,72.87000274658203,99921,51780,12066,41556,55995
2026-07-30 13:15:00-04:00,332.2900085449219,238.1300048828125,333.79998779296875,531.594970703125,72.87000274658203,332.76959228515625,238.2698974609375,334.1600036621094,531.8499755859375,72.91000366210938,332.2900085449219,238.0,333.79998779296875,531.260009765625,72.8499984741211,332.7200012207031,238.23500061035156,334.1600036621094,531.8499755859375,72.91000366210938,123178,70467,21986,28317,36240
2026-07-30 13:16:00-04:00,332.4700012207031,238.0301055908203,333.7200012207031,531.5465698242188,72.9000015258789,332.5,238.1649932861328,333.9215087890625,531.719970703125,72.91999816894531,332.25,238.02999877929688,333.67999267578125,531.4000244140625,72.83999633789062,332.30999755859375,238.12989807128906,333.8299865722656,531.5399780273438,72.87999725341797,67174,74882,21028,27214,45390
2026-07-30 13:17:00-04:00,332.5849914550781,237.7301025390625,333.55999755859375,531.60498046875,72.83999633789062,332.5889892578125,238.0749969482422,333.79998779296875,531.6500244140625,72.88999938964844,332.3900146484375,237.7301025390625,333.5199890136719,531.260009765625,72.83499908447266,332.4700012207031,238.0500030517578,333.69000244140625,531.5050048828125,72.88999938964844,53057,64242,17758,34135,37618
2026-07-30 13:18:00-04:00,332.3598937988281,237.75999450683594,333.3699951171875,532.037109375,72.93499755859375,332.7699890136719,237.83999633789062,333.5400085449219,532.1300048828125,72.95899963378906,332.29998779296875,237.6999969482422,333.3299865722656,531.5399780273438,72.80000305175781,332.5799865722656,237.7550048828125,333.5400085449219,531.5599975585938,72.84500122070312,65624,68937,14868,33494,72144
2026-07-30 13:19:00-04:00,332.55999755859375,237.8300018310547,333.45001220703125,532.3834838867188,73.06500244140625,332.6700134277344,237.85000610351562,333.45001220703125,532.47998046875,73.11000061035156,332.29998779296875,237.75,333.349609375,532.0111083984375,72.94000244140625,332.30999755859375,237.75,333.4200134277344,532.0111083984375,72.94000244140625,60953,129311,11550,47683,77786
2026-07-30 13:20:00-04:00,332.3349914550781,237.72000122070312,333.4750061035156,531.7949829101562,72.95999908447266,332.57000732421875,237.86000061035156,333.489990234375,532.4000244140625,73.07499694824219,332.1600036621094,237.65499877929688,333.3052062988281,531.630126953125,72.94999694824219,332.54998779296875,237.83999633789062,333.4599914550781,532.344970703125,73.06999969482422,53826,57746,19370,31767,70546
2026-07-30 13:21:00-04:00,332.3349914550781,237.57000732421875,333.6099853515625,531.60498046875,72.9749984741211,332.3699951171875,237.72000122070312,333.7300109863281,531.9000244140625,72.9800033569336,332.1600036621094,237.5500030517578,333.4100036621094,531.5499877929688,72.94000244140625,332.3487854003906,237.72000122070312,333.45098876953125,531.85498046875,72.95999908447266,57526,58752,19629,34820,34643
2026-07-30 13:22:00-04:00,332.1400146484375,237.55999755859375,333.43499755859375,530.780029296875,72.86000061035156,332.3351135253906,237.5800018310547,333.601806640625,531.6500244140625,73.0,332.1400146484375,237.5,333.2731018066406,530.780029296875,72.86000061035156,332.3351135253906,237.5399932861328,333.601806640625,531.5399780273438,72.98500061035156,40146,64383,10896,110820,79564
2026-07-30 13:23:00-04:00,332.239990234375,237.58999633789062,333.2200012207031,531.7098999023438,72.80000305175781,332.4049987792969,237.66990661621094,333.45001220703125,531.7098999023438,72.85990142822266,332.1499938964844,237.5,333.17999267578125,530.5599975585938,72.80000305175781,332.1499938964844,237.57000732421875,333.40350341796875,530.7849731445312,72.8499984741211,54353,73197,12101,44109,39757
2026-07-30 13:24:00-04:00,332.2900085449219,237.55999755859375,333.07000732421875,532.0399780273438,72.79499816894531,332.4599914550781,237.64999389648438,333.139892578125,532.0399780273438,72.80000305175781,332.1300048828125,237.52999877929688,332.9200134277344,531.530029296875,72.76499938964844,332.2349853515625,237.60000610351562,333.1199951171875,531.625,72.80000305175781,98887,75721,39956,37844,46644
2026-07-30 13:25:00-04:00,332.2900085449219,237.58999633789062,332.7699890136719,532.1699829101562,72.88999938964844,332.33599853515625,237.6300048828125,333.07000732421875,532.3800048828125,72.88999938964844,332.239990234375,237.50999450683594,332.6600036621094,532.0,72.79000091552734,332.2900085449219,237.58999633789062,333.07000732421875,532.1300048828125,72.79499816894531,77903,49620,38153,29318,54107
2026-07-30 13:26:00-04:00,332.1400146484375,237.61000061035156,332.7149963378906,532.5050048828125,72.99500274658203,332.30999755859375,237.6699981689453,332.7799987792969,532.7000122070312,72.99749755859375,332.1400146484375,237.5345001220703,332.57000732421875,532.094970703125,72.83000183105469,332.2799987792969,237.59500122070312,332.7099914550781,532.1599731445312,72.87000274658203,33655,49244,10646,66789,178509
2026-07-30 13:27:00-04:00,332.19500732421875,237.60989379882812,332.8599853515625,532.6699829101562,73.01499938964844,332.260009765625,237.74989318847656,333.0,532.8300170898438,73.03990173339844,332.1307067871094,237.60000610351562,332.6499938964844,532.4201049804688,72.9800033569336,332.1600036621094,237.6300048828125,332.70001220703125,532.5189819335938,72.99500274658203,40509,44568,12413,40049,53459
2026-07-30 13:28:00-04:00,332.010009765625,237.71499633789062,332.7300109863281,533.0900268554688,73.06500244140625,332.2200012207031,237.72000122070312,332.9200134277344,533.25,73.06999969482422,331.989990234375,237.5500030517578,332.6300048828125,532.6300048828125,73.0199966430664,332.19500732421875,237.58999633789062,332.81500244140625,532.6400146484375,73.0199966430664,49606,71576,15394,51482,55997
2026-07-30 13:29:00-04:00,332.0899963378906,237.77000427246094,332.69000244140625,532.77001953125,73.08999633789062,332.1300048828125,237.82000732421875,332.82501220703125,533.0900268554688,73.11000061035156,331.989990234375,237.69000244140625,332.6099853515625,532.4099731445312,73.04000091552734,332.010009765625,237.7100067138672,332.7699890136719,533.0599975585938,73.05000305175781,43621,80611,13302,36098,61588
2026-07-30 13:30:00-04:00,332.2687072753906,237.860107421875,332.7049865722656,533.4219970703125,73.09500122070312,332.3299865722656,237.9698944091797,332.8299865722656,534.1199951171875,73.11000061035156,332.05499267578125,237.7449951171875,332.6600036621094,532.6950073242188,73.05999755859375,332.0799865722656,237.75,332.66119384765625,532.6950073242188,73.08999633789062,34045,49531,10550,75100,81296
2026-07-30 13:31:00-04:00,332.30999755859375,237.8699951171875,332.8800048828125,533.6900024414062,73.12000274658203,332.3999938964844,237.9499969482422,332.92999267578125,533.7501220703125,73.13999938964844,332.2449951171875,237.8000030517578,332.6400146484375,532.8701171875,73.05999755859375,332.260009765625,237.8800048828125,332.69000244140625,533.4650268554688,73.08999633789062,37439,82457,21622,36957,60238
2026-07-30 13:32:00-04:00,331.8500061035156,237.72999572753906,332.5899963378906,533.8189086914062,73.07499694824219,332.29998779296875,237.8800048828125,332.9075012207031,533.8699951171875,73.12000274658203,331.82000732421875,237.63999938964844,332.489990234375,533.3800048828125,73.04499816894531,332.29998779296875,237.8699951171875,332.9075012207031,533.6400146484375,73.10769653320312,90814,84028,15131,39475,67178
2026-07-30 13:33:00-04:00,331.94000244140625,237.66000366210938,332.53009033203125,534.1099853515625,73.03500366210938,332.010009765625,237.8300018310547,332.7349853515625,534.4199829101562,73.06999969482422,331.8232116699219,237.6199951171875,332.5199890136719,533.780029296875,73.02010345458984,331.8699951171875,237.75999450683594,332.57000732421875,533.8677978515625,73.06999969482422,55199,87995,28900,46907,55820
2026-07-30 13:34:00-04:00,331.9100036621094,237.58999633789062,332.4549865722656,533.6400146484375,73.03500366210938,331.92999267578125,237.66000366210938,332.55999755859375,534.3671264648438,73.04000091552734,331.7200927734375,237.50999450683594,332.2200012207031,533.3699951171875,72.98799896240234,331.9200134277344,237.64500427246094,332.5299987792969,534.1300048828125,73.02999877929688,39613,67116,18728,60642,45182
2026-07-30 13:35:00-04:00,332.006103515625,237.67250061035156,332.57501220703125,533.9849853515625,72.94000244140625,332.04998779296875,237.6750030517578,332.60699462890625,534.0748291015625,73.02999877929688,331.9100036621094,237.4499969482422,332.29998779296875,533.39501953125,72.91999816894531,331.95001220703125,237.60000610351562,332.4549865722656,533.52001953125,73.02999877929688,83146,76483,26393,36229,141717
2026-07-30 13:36:00-04:00,332.26031494140625,237.80990600585938,332.760009765625,534.8800048828125,72.9000015258789,332.26031494140625,237.8199005126953,332.760009765625,534.9099731445312,72.94499969482422,332.0,237.64999389648438,332.5700988769531,533.9450073242188,72.88999938964844,332.0050048828125,237.67689514160156,332.5899963378906,533.969970703125,72.94499969482422,46956,69206,22843,35008,50551
2026-07-30 13:37:00-04:00,332.1499938964844,237.64010620117188,332.6400146484375,533.84521484375,72.91500091552734,332.389892578125,237.86000061035156,332.8599853515625,534.9400024414062,72.92500305175781,332.1199951171875,237.64010620117188,332.5,533.6199951171875,72.8949966430664,332.2799987792969,237.7949981689453,332.8399963378906,534.9099731445312,72.90029907226562,55253,117267,21668,54341,75449
2026-07-30 13:38:00-04:00,332.2749938964844,237.72000122070312,332.57000732421875,533.2399291992188,72.93499755859375,332.3550109863281,237.7449951171875,332.6499938964844,533.8200073242188,72.95500183105469,331.9700012207031,237.52999877929688,332.3739013671875,532.8499755859375,72.88009643554688,332.1700134277344,237.63999938964844,332.6499938964844,533.8049926757812,72.90499877929688,50649,71419,9649,44539,52962
2026-07-30 13:39:00-04:00,332.15008544921875,237.72000122070312,332.5101013183594,532.8300170898438,72.88999938964844,332.2723083496094,237.72999572753906,332.6099853515625,533.510009765625,72.93499755859375,332.07000732421875,237.61500549316406,332.44000244140625,532.7999877929688,72.87000274658203,332.25,237.7100067138672,332.56280517578125,533.2000122070312,72.93499755859375,35917,49131,9468,49096,34263
2026-07-30 13:40:00-04:00,332.04998779296875,237.71499633789062,332.42999267578125,531.6699829101562,72.8949966430664,332.3450012207031,237.8800048828125,332.7499084472656,532.8300170898438,72.91000366210938,332.0003967285156,237.66000366210938,332.42999267578125,531.6099853515625,72.875,332.20001220703125,237.72000122070312,332.5799865722656,532.7100219726562,72.8949966430664,55237,78078,22428,113664,35869
2026-07-30 13:41:00-04:00,332.25,237.77000427246094,332.6000061035156,532.3900146484375,72.8949966430664,332.2699890136719,237.8000030517578,332.6099853515625,532.4799194335938,72.91000366210938,331.9800109863281,237.67210388183594,332.360107421875,531.52001953125,72.87000274658203,332.0899963378906,237.7100067138672,332.406005859375,531.8912963867188,72.88999938964844,37824,38991,7833,66454,38235
2026-07-30 13:42:00-04:00,332.489990234375,237.90499877929688,333.2972106933594,532.469970703125,72.90840148925781,332.5199890136719,237.9600067138672,334.2998962402344,532.5800170898438,72.91500091552734,332.2300109863281,237.77000427246094,332.510009765625,532.1900024414062,72.87999725341797,332.260009765625,237.77000427246094,332.510009765625,532.3900146484375,72.8949966430664,51309,61557,131958,36648,41945
2026-07-30 13:43:00-04:00,332.6499938964844,238.02000427246094,332.9649963378906,532.1799926757812,72.91999816894531,332.6899108886719,238.125,333.3349914550781,532.8200073242188,72.93000030517578,332.4800109863281,237.89999389648438,332.92999267578125,532.1799926757812,72.9000015258789,332.5,237.9199981689453,333.30999755859375,532.4456787109375,72.90499877929688,34432,70207,37520,33968,31639
2026-07-30 13:44:00-04:00,332.6499938964844,237.89999389648438,333.06561279296875,532.0100708007812,72.90499877929688,332.7799987792969,238.07000732421875,333.2650146484375,532.2650146484375,72.93499755859375,332.61029052734375,237.8800048828125,332.8699951171875,531.9201049804688,72.8949966430664,332.6400146484375,238.05499267578125,332.9200134277344,532.2650146484375,72.91000366210938,13985,59186,25290,35258,40473
2026-07-30 13:45:00-04:00,332.6700134277344,237.7899932861328,332.4599914550781,532.0499877929688,72.89990234375,332.7200012207031,237.9499969482422,333.0775146484375,532.260009765625,72.91500091552734,332.4800109863281,237.77999877929688,332.4549865722656,532.02001953125,72.87000274658203,332.6400146484375,237.91000366210938,333.04998779296875,532.030029296875,72.90499877929688,49886,58591,25963,32193,54196
2026-07-30 13:46:00-04:00,332.6199951171875,237.92999267578125,332.6954040527344,532.8599853515625,72.91500091552734,332.7099914550781,238.0,332.93499755859375,532.8599853515625,72.92500305175781,332.5,237.75999450683594,332.17999267578125,531.9500122070312,72.88500213623047,332.67999267578125,237.75999450683594,332.5199890136719,532.030029296875,72.8949966430664,47544,74085,33783,31440,97443
2026-07-30 13:47:00-04:00,332.4700012207031,237.8249969482422,332.8919982910156,532.4650268554688,73.05509948730469,332.7200012207031,237.97999572753906,333.1499938964844,533.1500244140625,73.06999969482422,332.4599914550781,237.80999755859375,332.6499938964844,532.344970703125,72.93000030517578,332.6300048828125,237.9250030517578,332.7099914550781,532.8699951171875,72.93000030517578,39406,40855,27013,45094,160116
2026-07-30 13:48:00-04:00,332.6700134277344,237.86000061035156,333.15869140625,532.6799926757812,73.08499908447266,332.68499755859375,237.89990234375,333.15869140625,532.7498779296875,73.11499786376953,332.4800109863281,237.8000030517578,332.82000732421875,532.4464111328125,73.05500030517578,332.4849853515625,237.82000732421875,332.9798889160156,532.5499877929688,73.05500030517578,40749,43556,9642,25888,93269
2026-07-30 13:49:00-04:00,332.69000244140625,237.7550048828125,333.2699890136719,533.0,73.11499786376953,332.739990234375,237.86959838867188,333.5487060546875,533.4080810546875,73.12000274658203,332.6300048828125,237.75,333.1099853515625,532.5999755859375,73.05999755859375,332.67999267578125,237.83999633789062,333.1300048828125,532.6799926757812,73.08519744873047,34267,41603,18074,48088,133323
2026-07-30 13:50:00-04:00,332.82501220703125,237.83999633789062,333.8450012207031,533.1234741210938,73.13500213623047,332.8299865722656,237.8699951171875,333.9100036621094,533.1849975585938,73.15499877929688,332.6492919921875,237.72000122070312,333.17999267578125,532.8701171875,73.09500122070312,332.69000244140625,237.74000549316406,333.2037048339844,532.9299926757812,73.11499786376953,53326,48858,16031,24910,55766
2026-07-30 13:51:00-04:00,333.05010986328125,237.9199981689453,334.5199890136719,532.6500244140625,73.16500091552734,333.08599853515625,237.99000549316406,334.56988525390625,533.27001953125,73.16999816894531,332.79998779296875,237.8300018310547,333.9200134277344,532.6500244140625,73.12550354003906,332.82000732421875,237.85000610351562,333.9200134277344,533.219970703125,73.13500213623047,68769,66096,22222,24894,81678
2026-07-30 13:52:00-04:00,333.114013671875,237.83999633789062,334.2900085449219,532.2600708007812,73.08499908447266,333.1659851074219,237.97999572753906,334.7200012207031,532.8099975585938,73.16999816894531,332.9700012207031,237.77000427246094,334.25,532.25,73.06999969482422,333.06500244140625,237.92990112304688,334.51568603515625,532.7050170898438,73.16000366210938,51123,63367,15560,33945,105071
2026-07-30 13:53:00-04:00,333.11090087890625,237.78250122070312,333.8800048828125,532.3200073242188,73.08499908447266,333.135009765625,237.8350067138672,334.3500061035156,532.52001953125,73.08499908447266,333.0,237.75999450683594,333.8301086425781,532.1300048828125,73.07499694824219,333.0957946777344,237.8350067138672,334.3399963378906,532.4149780273438,73.07499694824219,54617,32296,13799,29755,33194
2026-07-30 13:54:00-04:00,332.92999267578125,237.63499450683594,333.92999267578125,532.280029296875,73.04499816894531,333.1400146484375,237.8000030517578,334.0199890136719,532.5800170898438,73.08999633789062,332.92999267578125,237.6300048828125,333.8500061035156,532.2219848632812,73.04499816894531,333.0899963378906,237.77499389648438,333.8500061035156,532.3099975585938,73.08499908447266,51540,61320,15727,30186,142032
2026-07-30 13:55:00-04:00,333.0299987792969,237.83999633789062,334.0295104980469,532.3800048828125,73.06999969482422,333.0899963378906,237.83999633789062,334.1000061035156,532.489990234375,73.07980346679688,332.8699951171875,237.61000061035156,333.8599853515625,532.1500244140625,73.03009796142578,332.95001220703125,237.6300048828125,333.8599853515625,532.364990234375,73.04499816894531,51938,64873,15481,32950,45987
2026-07-30 13:56:00-04:00,333.1700134277344,237.83999633789062,333.9849853515625,532.4249877929688,73.05500030517578,333.25,237.8800048828125,334.17999267578125,532.5599975585938,73.08999633789062,332.92999267578125,237.7899932861328,333.9014892578125,532.27001953125,73.05000305175781,333.0450134277344,237.8249969482422,334.0299987792969,532.39501953125,73.06500244140625,74476,55611,8916,49963,77519
2026-07-30 13:57:00-04:00,333.2300109863281,237.62100219726562,334.1099853515625,532.8800048828125,73.07499694824219,333.2699890136719,237.85000610351562,334.2099914550781,533.0,73.07499694824219,333.07000732421875,237.57000732421875,333.8500061035156,532.3499755859375,73.04010009765625,333.17999267578125,237.83999633789062,333.9233093261719,532.4249877929688,73.05000305175781,64634,73087,12311,35254,52216
2026-07-30 13:58:00-04:00,333.17999267578125,237.4949951171875,333.4200134277344,532.8200073242188,73.05500030517578,333.2499084472656,237.72000122070312,334.1300048828125,533.2349853515625,73.08000183105469,333.0899963378906,237.49000549316406,333.3900146484375,532.7100219726562,73.04000091552734,333.2499084472656,237.63999938964844,334.1300048828125,532.8900146484375,73.07499694824219,65897,60833,22215,54899,48565
2026-07-30 13:59:00-04:00,333.2950134277344,237.5800018310547,333.0400085449219,532.8599853515625,73.03500366210938,333.30999755859375,237.67999267578125,333.5150146484375,533.125,73.05999755859375,333.1708068847656,237.4949951171875,333.0299987792969,532.6699829101562,72.9905014038086,333.17999267578125,237.4949951171875,333.3999938964844,532.9000244140625,73.05000305175781,40368,77635,23546,42321,69137
2026-07-30 14:00:00-04:00,333.8699951171875,237.5850067138672,332.7200012207031,532.6284790039062,73.0,333.8699951171875,237.60499572753906,333.1099853515625,533.0,73.05500030517578,333.2900085449219,237.5,332.5,532.5418090820312,73.0,333.30999755859375,237.58999633789062,333.07000732421875,532.8599853515625,73.03500366210938,103223,72573,33452,37151,73741
2026-07-30 14:01:00-04:00,333.8125,237.51499938964844,332.44000244140625,532.8099975585938,73.03980255126953,333.9800109863281,237.66000366210938,332.7300109863281,532.9000244140625,73.06999969482422,333.7799987792969,237.47999572753906,332.29998779296875,532.5800170898438,73.00499725341797,333.864990234375,237.57000732421875,332.67120361328125,532.5850219726562,73.01000213623047,79155,68691,31567,40345,59584
2026-07-30 14:02:00-04:00,333.5899963378906,237.49000549316406,332.54998779296875,532.77001953125,73.02999877929688,333.8299865722656,237.60000610351562,332.7200012207031,532.9099731445312,73.05079650878906,333.52099609375,237.42999267578125,332.3699951171875,532.7100219726562,72.99500274658203,333.82989501953125,237.51499938964844,332.42999267578125,532.8400268554688,73.03970336914062,61766,68329,20583,28819,63035
2026-07-30 14:03:00-04:00,333.239990234375,237.38999938964844,332.260009765625,532.4199829101562,72.93000030517578,333.6099853515625,237.49000549316406,332.57000732421875,532.9298706054688,73.0250015258789,333.20001220703125,237.36500549316406,332.2449951171875,532.239990234375,72.93000030517578,333.5899963378906,237.49000549316406,332.5498962402344,532.780029296875,73.0250015258789,85464,64927,22182,49798,71428
2026-07-30 14:04:00-04:00,333.0249938964844,237.30999755859375,332.375,532.0900268554688,72.94000244140625,333.3500061035156,237.46560668945312,332.4888916015625,532.530029296875,72.97000122070312,333.0150146484375,237.2899932861328,332.1300048828125,532.0800170898438,72.81999969482422,333.25,237.4199981689453,332.30999755859375,532.47998046875,72.93499755859375,64600,81225,17685,36597,110640
2026-07-30 14:05:00-04:00,333.2250061035156,237.25999450683594,332.3500061035156,532.3900146484375,72.93000030517578,333.2300109863281,237.45989990234375,332.47979736328125,532.3900146484375,72.94000244140625,333.0115966796875,237.24000549316406,332.1499938964844,531.8499755859375,72.88999938964844,333.0498962402344,237.30999755859375,332.42999267578125,532.0700073242188,72.93000030517578,42713,48713,11348,58981,66151
2026-07-30 14:06:00-04:00,333.4949951171875,237.3800048828125,332.8399963378906,532.3499755859375,72.95999908447266,333.4999084472656,237.39999389648438,332.8399963378906,532.409912109375,73.00990295410156,333.2300109863281,237.25999450683594,332.3999938964844,532.0900268554688,72.91999816894531,333.2349853515625,237.25999450683594,332.3999938964844,532.3800048828125,72.92500305175781,99711,42458,33277,33908,94590
2026-07-30 14:07:00-04:00,333.2850036621094,237.15499877929688,333.0899963378906,532.0750122070312,72.87000274658203,333.510009765625,237.375,333.125,532.3400268554688,72.9635009765625,333.2500915527344,237.02999877929688,332.79998779296875,532.0750122070312,72.86019897460938,333.4949951171875,237.375,332.79998779296875,532.2999877929688,72.9635009765625,46918,220567,22503,38329,41883
2026-07-30 14:08:00-04:00,333.2699890136719,237.27499389648438,333.0050048828125,531.97998046875,72.97000122070312,333.3299865722656,237.27999877929688,333.2099914550781,532.100830078125,72.97000122070312,333.1700134277344,236.97999572753906,332.8800048828125,531.7000122070312,72.86000061035156,333.2749938964844,237.1300048828125,333.0899963378906,532.0599975585938,72.875,39291,275943,26767,44553,53703
2026-07-30 14:09:00-04:00,333.19500732421875,237.27749633789062,332.9649963378906,532.0999755859375,72.9800033569336,333.2900085449219,237.375,333.0596008300781,532.3200073242188,73.06999969482422,333.0799865722656,237.17999267578125,332.95001220703125,531.6400146484375,72.95999908447266,333.2900085449219,237.2899932861328,333.010009765625,531.97998046875,72.98500061035156,92169,86952,21924,70585,82843
2026-07-30 14:10:00-04:00,333.125,237.0699005126953,332.94000244140625,532.22998046875,72.94499969482422,333.4599914550781,237.32000732421875,333.0199890136719,532.47998046875,73.00499725341797,333.1099853515625,237.0,332.67999267578125,532.010009765625,72.93000030517578,333.19500732421875,237.27000427246094,332.95001220703125,532.1400146484375,72.9749984741211,140611,129497,23065,48469,115656
2026-07-30 14:11:00-04:00,333.114990234375,237.1199951171875,332.885009765625,533.1900024414062,72.95500183105469,333.17999267578125,237.13999938964844,332.9649963378906,533.239990234375,72.95999908447266,333.0299987792969,236.97999572753906,332.8489074707031,532.1300048828125,72.93000030517578,333.1300048828125,237.07000732421875,332.94500732421875,532.1300048828125,72.94000244140625,97965,297084,20644,49157,34365
2026-07-30 14:12:00-04:00,333.3263854980469,237.1898956298828,332.81500244140625,532.959716796875,72.94999694824219,333.3299865722656,237.19000244140625,332.9599914550781,533.3200073242188,72.98999786376953,333.125,236.91000366210938,332.7699890136719,532.8900146484375,72.94000244140625,333.125,237.1199951171875,332.8900146484375,533.260009765625,72.95500183105469,78379,104278,17268,34156,35985
2026-07-30 14:13:00-04:00,333.25,237.25999450683594,332.8450012207031,532.9921875,72.97000122070312,333.30999755859375,237.27999877929688,332.9599914550781,533.1599731445312,72.9800033569336,333.1708984375,237.13999938964844,332.81500244140625,532.6704711914062,72.94999694824219,333.30999755859375,237.1699981689453,332.8399963378906,532.964599609375,72.95580291748047,40370,48270,7087,31536,40883
2026-07-30 14:14:00-04:00,333.2749938964844,237.26499938964844,332.6734924316406,533.0700073242188,73.08989715576172,333.2900085449219,237.3699951171875,333.04998779296875,533.280029296875,73.09500122070312,333.1700134277344,237.25,332.6000061035156,532.4500122070312,72.94999694824219,333.25,237.27000427246094,332.8500061035156,533.0250244140625,72.96499633789062,72437,68841,52501,70840,102373
2026-07-30 14:15:00-04:00,333.5050048828125,237.35000610351562,332.82000732421875,532.9400024414062,73.09500122070312,333.510009765625,237.49000549316406,332.8299865722656,533.3594970703125,73.125,333.2749938964844,237.2624969482422,332.5014953613281,532.9000244140625,73.06999969482422,333.2799987792969,237.26499938964844,332.6499938964844,533.12841796875,73.08000183105469,69584,63717,43296,31822,63351
2026-07-30 14:16:00-04:00,333.56500244140625,237.55499267578125,332.7799987792969,532.9550170898438,73.13999938964844,333.6600036621094,237.60000610351562,332.9700012207031,533.1500244140625,73.17359924316406,333.45001220703125,237.32000732421875,332.7799987792969,532.719970703125,73.08999633789062,333.5050048828125,237.35499572753906,332.80999755859375,532.9199829101562,73.09500122070312,55183,165561,29304,29150,114827
2026-07-30 14:17:00-04:00,333.55499267578125,237.610107421875,332.82000732421875,532.7799072265625,73.1050033569336,333.6400146484375,237.6300048828125,332.8500061035156,532.9550170898438,73.13999938964844,333.4609069824219,237.443603515625,332.70001220703125,532.6099853515625,73.0999984741211,333.57989501953125,237.54989624023438,332.7799987792969,532.9550170898438,73.13500213623047,97084,70376,37656,32138,113578
2026-07-30 14:18:00-04:00,333.6650085449219,237.65989685058594,332.7699890136719,532.7849731445312,73.11499786376953,333.739990234375,237.66000366210938,332.989990234375,532.989990234375,73.125,333.55999755859375,237.45010375976562,332.7699890136719,532.6920166015625,73.0999984741211,333.55999755859375,237.6300048828125,332.79998779296875,532.6920166015625,73.1050033569336,72138,69611,14229,31892,60423
2026-07-30 14:19:00-04:00,333.6549987792969,237.52999877929688,332.5299987792969,532.6873779296875,73.11000061035156,333.7200012207031,237.67999267578125,332.7850036621094,532.9000244140625,73.19000244140625,333.6000061035156,237.52000427246094,332.5199890136719,532.6600952148438,73.0999984741211,333.6549987792969,237.6595001220703,332.7712097167969,532.75,73.11499786376953,48339,53528,15936,44257,76762
2026-07-30 14:20:00-04:00,333.3999938964844,237.6699981689453,332.5400085449219,533.3800048828125,73.01000213623047,333.6400146484375,237.6699981689453,332.659912109375,533.3900146484375,73.11000061035156,333.3699951171875,237.47999572753906,332.3999938964844,532.6099853515625,73.01000213623047,333.6400146484375,237.52499389648438,332.5299987792969,532.6699829101562,73.11000061035156,52440,49243,21472,45809,91071
2026-07-30 14:21:00-04:00,333.4042053222656,237.6300048828125,332.7200012207031,533.3250122070312,72.9749984741211,333.45001220703125,237.73500061035156,332.7983093261719,533.530029296875,73.0250015258789,333.25,237.53500366210938,332.54150390625,533.1207275390625,72.94499969482422,333.4200134277344,237.63999938964844,332.6300048828125,533.344970703125,73.01950073242188,78654,121261,13269,53513,84321
2026-07-30 14:22:00-04:00,333.19000244140625,237.50999450683594,332.82000732421875,533.7249755859375,72.95999908447266,333.4200134277344,237.67999267578125,332.8995056152344,533.9000244140625,72.99500274658203,333.1600036621094,237.5,332.70001220703125,533.3250122070312,72.95500183105469,333.4100036621094,237.6300048828125,332.7200012207031,533.3800048828125,72.9749984741211,65718,79334,14219,45258,73472
2026-07-30 14:23:00-04:00,333.1000061035156,237.35670471191406,332.80999755859375,533.7141723632812,72.9749984741211,333.2099914550781,237.55999755859375,332.89990234375,533.7999877929688,72.9749984741211,333.0199890136719,237.27999877929688,332.7300109863281,533.5250244140625,72.91500091552734,333.2099914550781,237.52499389648438,332.8399963378906,533.7849731445312,72.94999694824219,78230,116580,22956,31797,64384
2026-07-30 14:24:00-04:00,333.0602111816406,237.47000122070312,332.67999267578125,534.094970703125,72.95999908447266,333.1300048828125,237.57989501953125,332.8999938964844,534.1799926757812,72.99549865722656,332.95001220703125,237.3800048828125,332.67999267578125,533.5800170898438,72.91999816894531,333.0950012207031,237.38999938964844,332.80999755859375,533.7449951171875,72.9749984741211,39431,51692,11819,35414,57012
2026-07-30 14:25:00-04:00,332.864990234375,237.625,332.44000244140625,533.3800048828125,72.94000244140625,333.0899963378906,237.72000122070312,332.747314453125,534.1799926757812,72.98999786376953,332.864990234375,237.50999450683594,332.3999938964844,533.219970703125,72.9041976928711,333.07501220703125,237.50999450683594,332.67999267578125,534.0900268554688,72.95999908447266,39610,52988,14300,46635,108161
2026-07-30 14:26:00-04:00,332.8500061035156,237.4199981689453,332.3900146484375,533.130126953125,72.97000122070312,332.94000244140625,237.6199951171875,332.489990234375,533.47998046875,73.0199966430664,332.7341003417969,237.2010040283203,332.260009765625,532.75,72.93499755859375,332.8699951171875,237.6199951171875,332.44000244140625,533.3099975585938,72.94499969482422,77879,22115,29615,51774,91994
2026-07-30 14:27:00-04:00,333.0450134277344,237.25999450683594,332.3299865722656,532.760009765625,72.9800033569336,333.1099853515625,237.4499969482422,332.44000244140625,533.4299926757812,72.98500061035156,332.8599853515625,237.25999450683594,332.32000732421875,532.75,72.91999816894531,332.860107421875,237.44000244140625,332.3800048828125,533.1599731445312,72.9749984741211,39673,163575,10208,28612,43470
2026-07-30 14:28:00-04:00,332.94000244140625,237.39999389648438,332.239990234375,533.0349731445312,72.95999908447266,333.0899963378906,237.44000244140625,332.3800048828125,533.1500244140625,72.9800033569336,332.9100036621094,237.25999450683594,332.20001220703125,532.5700073242188,72.91999816894531,333.0400085449219,237.27499389648438,332.3299865722656,532.8350219726562,72.9800033569336,28937,66063,14527,42835,46400
2026-07-30 14:29:00-04:00,333.1000061035156,237.4080047607422,332.1000061035156,532.9600219726562,72.94499969482422,333.20001220703125,237.47000122070312,332.29998779296875,533.27001953125,72.95999908447266,332.94000244140625,237.35000610351562,332.0899963378906,532.8800048828125,72.94000244140625,332.94000244140625,237.41949462890625,332.25,533.1099853515625,72.95500183105469,96862,66112,21060,31268,47315
2026-07-30 14:30:00-04:00,333.1099853515625,237.57989501953125,332.239990234375,532.97998046875,72.9749984741211,333.16949462890625,237.5800018310547,332.30999755859375,533.0700073242188,72.9800033569336,332.8999938964844,237.4199981689453,332.0899963378906,532.8800048828125,72.93499755859375,333.1199951171875,237.42999267578125,332.1099853515625,532.969970703125,72.94999694824219,74720,39543,53709,23873,35435
2026-07-30 14:31:00-04:00,333.29998779296875,237.5,332.2950134277344,533.1300048828125,72.98500061035156,333.35430908203125,237.5699005126953,332.4150085449219,533.239990234375,72.98500061035156,333.0,237.3000030517578,332.1400146484375,532.8200073242188,72.94000244140625,333.1000061035156,237.55999755859375,332.20001220703125,533.0399780273438,72.9749984741211,62620,245823,19528,68832,61020
2026-07-30 14:32:00-04:00,333.3299865722656,237.47000122070312,332.4800109863281,533.22998046875,72.875,333.4299011230469,237.52999877929688,332.5799865722656,533.22998046875,72.98999786376953,333.2099914550781,237.38009643554688,332.2300109863281,532.8900146484375,72.87000274658203,333.2900085449219,237.52000427246094,332.3450012207031,533.1099853515625,72.98500061035156,36554,67983,26030,39072,52440
2026-07-30 14:33:00-04:00,333.3999938964844,237.50999450683594,332.67999267578125,533.0999755859375,72.8550033569336,333.5199890136719,237.58999633789062,332.79998779296875,533.27001953125,72.88999938964844,333.32000732421875,237.48500061035156,332.4501037597656,532.9199829101562,72.83000183105469,333.3399963378906,237.48500061035156,332.5199890136719,533.1649780273438,72.875,45777,93794,18605,33343,64174
2026-07-30 14:34:00-04:00,333.5899963378906,237.59500122070312,332.6449890136719,533.0250244140625,72.9800033569336,333.6199951171875,237.64999389648438,332.8699951171875,533.1900024414062,72.98999786376953,333.40069580078125,237.47000122070312,332.6099853515625,533.0,72.83999633789062,333.4200134277344,237.5,332.75,533.030029296875,72.8550033569336,56305,49396,16137,41114,75257
2026-07-30 14:35:00-04:00,333.54998779296875,237.52999877929688,333.2200927734375,533.2999877929688,73.0,333.5849914550781,237.66000366210938,333.2200927734375,533.2999877929688,73.02999877929688,333.4100036621094,237.50999450683594,332.7049865722656,532.8800048828125,72.97000122070312,333.5799865722656,237.58999633789062,332.7049865722656,533.02001953125,72.98999786376953,61514,106811,23631,48000,99970
2026-07-30 14:36:00-04:00,333.55499267578125,237.51800537109375,333.5199890136719,533.7849731445312,72.95500183105469,333.65020751953125,237.52999877929688,333.54998779296875,533.8699951171875,73.00499725341797,333.45001220703125,237.39999389648438,333.2013854980469,533.10498046875,72.94999694824219,333.54998779296875,237.52999877929688,333.2200927734375,533.296875,73.0,44894,80881,23602,37374,149456
2026-07-30 14:37:00-04:00,333.4700012207031,237.52000427246094,333.2650146484375,533.5391235351562,72.94499969482422,333.5799865722656,237.57000732421875,333.5299987792969,533.8599853515625,72.9574966430664,333.375,237.42999267578125,333.0292053222656,533.469970703125,72.94000244140625,333.57000732421875,237.52000427246094,333.5150146484375,533.7849731445312,72.95500183105469,73193,82899,20332,38318,38058
2026-07-30 14:38:00-04:00,333.4599914550781,237.3249969482422,333.21990966796875,533.6199951171875,72.92500305175781,333.55999755859375,237.5449981689453,333.52398681640625,533.8494873046875,72.94999694824219,333.44000244140625,237.3249969482422,333.1650085449219,533.4349975585938,72.91999816894531,333.489990234375,237.53500366210938,333.3599853515625,533.5,72.94499969482422,46298,54824,23547,30656,40988
2026-07-30 14:39:00-04:00,333.55999755859375,237.2899932861328,333.3500061035156,534.1099853515625,72.97000122070312,333.6499938964844,237.38999938964844,333.38800048828125,534.3300170898438,72.97000122070312,333.4599914550781,237.27999877929688,333.1716003417969,533.6599731445312,72.91999816894531,333.4649963378906,237.33999633789062,333.2099914550781,533.6599731445312,72.92500305175781,43055,50268,14442,37391,39372
2026-07-30 14:40:00-04:00,333.7099914550781,237.2449951171875,333.4599914550781,534.5399780273438,72.95500183105469,333.739990234375,237.35000610351562,333.5400085449219,534.5599975585938,72.98999786376953,333.5450134277344,237.12010192871094,333.3468017578125,534.1199951171875,72.94000244140625,333.55999755859375,237.2949981689453,333.3500061035156,534.1199951171875,72.96499633789062,86821,91697,14619,25833,76142
2026-07-30 14:41:00-04:00,333.5199890136719,237.07000732421875,333.6590881347656,534.4099731445312,72.94999694824219,333.7550048828125,237.26260375976562,333.7315979003906,534.780029296875,72.95999908447266,333.4700012207031,237.0399932861328,333.4150085449219,534.2000732421875,72.9000015258789,333.71990966796875,237.22999572753906,333.4150085449219,534.5,72.95500183105469,51659,93273,10491,35754,122281
2026-07-30 14:42:00-04:00,333.6000061035156,237.0944061279297,333.6700134277344,533.655029296875,72.91500091552734,333.70001220703125,237.22000122070312,333.7900085449219,534.4099731445312,72.95999908447266,333.5249938964844,237.0399932861328,333.5899963378906,533.6400146484375,72.91010284423828,333.5249938964844,237.0800018310547,333.6400146484375,534.4099731445312,72.94989776611328,68861,92916,25407,48165,32996
2026-07-30 14:43:00-04:00,333.57000732421875,237.1699981689453,333.822509765625,534.0650024414062,72.91500091552734,333.6300048828125,237.22000122070312,333.8900146484375,534.2899169921875,72.94000244140625,333.5400085449219,237.10000610351562,333.6650085449219,533.6799926757812,72.875,333.6199951171875,237.10000610351562,333.6700134277344,533.6799926757812,72.91000366210938,42813,52806,15563,59816,53827
2026-07-30 14:44:00-04:00,333.5299987792969,237.25,334.1499938964844,534.0549926757812,72.94499969482422,333.6600036621094,237.26199340820312,334.1499938964844,534.2098999023438,72.94499969482422,333.5299987792969,237.14999389648438,333.7911071777344,533.9450073242188,72.91000366210938,333.5899963378906,237.1750030517578,333.82000732421875,534.119873046875,72.91899871826172,59483,47335,26959,26937,41211
2026-07-30 14:45:00-04:00,333.57000732421875,237.30999755859375,334.2250061035156,534.0280151367188,72.96019744873047,333.6050109863281,237.30999755859375,334.2279968261719,534.1099853515625,72.96640014648438,333.4200134277344,237.1999969482422,334.0899963378906,533.9099731445312,72.9375,333.5400085449219,237.22999572753906,334.1600036621094,534.0501708984375,72.94519805908203,90931,54204,15530,49251,50671
2026-07-30 14:46:00-04:00,333.7850036621094,237.44000244140625,334.41009521484375,533.77001953125,72.98619842529297,333.794189453125,237.4600067138672,334.4200134277344,534.0549926757812,73.01499938964844,333.5799865722656,237.30999755859375,334.2300109863281,533.6300048828125,72.96499633789062,333.5799865722656,237.30999755859375,334.2300109863281,533.989990234375,72.96499633789062,54552,60337,18361,31007,65450
2026-07-30 14:47:00-04:00,333.82000732421875,237.47000122070312,334.5299987792969,533.1599731445312,72.96499633789062,333.8500061035156,237.47500610351562,334.54998779296875,533.8300170898438,72.9999008178711,333.75,237.38999938964844,334.3800048828125,532.580078125,72.94499969482422,333.7850036621094,237.4499969482422,334.4200134277344,533.8300170898438,72.9800033569336,53596,57219,18040,66381,73493
2026-07-30 14:48:00-04:00,333.7349853515625,237.1699981689453,334.2900085449219,532.6400146484375,72.93499755859375,333.8739013671875,237.47000122070312,334.54998779296875,533.280029296875,72.96499633789062,333.7200012207031,237.1699981689453,334.2099914550781,532.0,72.92500305175781,333.82049560546875,237.4499969482422,334.54998779296875,533.1599731445312,72.95999908447266,47900,74192,20529,54094,39173
2026-07-30 14:49:00-04:00,333.9100036621094,237.3800048828125,334.4649963378906,532.54248046875,72.96499633789062,333.9996032714844,237.38890075683594,334.5,532.7498779296875,72.96499633789062,333.7200012207031,237.16000366210938,334.2449951171875,532.2529907226562,72.92500305175781,333.739990234375,237.16000366210938,334.2699890136719,532.739990234375,72.93009948730469,67634,45859,17624,63778,41144
2026-07-30 14:50:00-04:00,333.9100036621094,237.46499633789062,334.5299987792969,532.3699951171875,72.99500274658203,334.0899963378906,237.5500030517578,334.6099853515625,532.6900024414062,73.0,333.8699951171875,237.38499450683594,334.41009521484375,532.0399780273438,72.96499633789062,333.9100036621094,237.38999938964844,334.4649963378906,532.5549926757812,72.96499633789062,84476,49175,15147,35268,66162
2026-07-30 14:51:00-04:00,333.9150085449219,237.59500122070312,334.6400146484375,532.77001953125,72.9800033569336,333.9150085449219,237.6199951171875,334.70001220703125,532.7899780273438,73.0,333.739990234375,237.42999267578125,334.489990234375,532.3300170898438,72.96499633789062,333.9100036621094,237.4499969482422,334.5299987792969,532.4600219726562,73.0,71338,159986,22801,52606,40415
2026-07-30 14:52:00-04:00,333.8299865722656,237.41000366210938,334.6600036621094,532.9299926757812,72.94000244140625,333.9649963378906,237.625,334.760009765625,533.0599975585938,72.98999786376953,333.8299865722656,237.41000366210938,334.6000061035156,532.7050170898438,72.93000030517578,333.8999938964844,237.61000061035156,334.6300048828125,532.77001953125,72.9800033569336,45801,54242,11641,36285,36202
2026-07-30 14:53:00-04:00,333.82000732421875,237.49000549316406,334.70001220703125,533.2849731445312,72.93499755859375,333.8699951171875,237.50999450683594,334.7799987792969,533.5900268554688,72.94999694824219,333.7749938964844,237.3800048828125,334.57000732421875,532.9000244140625,72.93000030517578,333.8299865722656,237.4149932861328,334.6600036621094,533.030029296875,72.94000244140625,47441,59949,20255,36126,35912
2026-07-30 14:54:00-04:00,333.9798889160156,237.72999572753906,334.6700134277344,533.4349975585938,72.9749984741211,334.0400085449219,237.75990295410156,334.80499267578125,533.9500122070312,72.9749984741211,333.7861022949219,237.50999450683594,334.57000732421875,533.2849731445312,72.94000244140625,333.82000732421875,237.50999450683594,334.7200012207031,533.2849731445312,72.94000244140625,70744,77247,26831,36362,85669
2026-07-30 14:55:00-04:00,333.8399963378906,237.67999267578125,334.5950012207031,533.9650268554688,72.96019744873047,333.9849853515625,237.82000732421875,334.7200012207031,534.0,72.98999786376953,333.8399963378906,237.55999755859375,334.54998779296875,533.2100219726562,72.94000244140625,333.94000244140625,237.72999572753906,334.66009521484375,533.489990234375,72.9800033569336,47759,109240,15337,37680,39455
2026-07-30 14:56:00-04:00,333.9649963378906,237.7899932861328,334.5799865722656,534.673583984375,72.9749984741211,334.010009765625,237.7899932861328,334.6650085449219,534.8798828125,72.9800033569336,333.82000732421875,237.61000061035156,334.5199890136719,533.7000122070312,72.95999908447266,333.8299865722656,237.6699981689453,334.54998779296875,533.9249877929688,72.96150207519531,60055,63053,14586,38025,38061
2026-07-30 14:57:00-04:00,333.9100036621094,237.75999450683594,334.4049987792969,534.4301147460938,72.9749984741211,333.9649963378906,237.82000732421875,334.5400085449219,534.8261108398438,72.9800033569336,333.8200988769531,237.6999969482422,334.29998779296875,534.219970703125,72.95999908447266,333.9649963378906,237.7899932861328,334.5400085449219,534.6900024414062,72.97000122070312,67741,66496,24112,37998,37665
2026-07-30 14:58:00-04:00,333.7900085449219,237.77999877929688,334.42498779296875,534.5800170898438,72.95500183105469,334.0799865722656,237.8300018310547,334.44000244140625,534.8699951171875,72.98999786376953,333.7449951171875,237.72999572753906,334.32000732421875,534.4199829101562,72.94000244140625,333.9150085449219,237.74000549316406,334.4200134277344,534.5399780273438,72.97989654541016,92039,66018,30925,44326,53343
2026-07-30 14:59:00-04:00,333.75,237.7899932861328,334.6099853515625,534.52001953125,72.9801025390625,333.92498779296875,237.91000366210938,334.6600036621094,534.8150024414062,72.98500061035156,333.7123107910156,237.75999450683594,334.42999267578125,534.4100952148438,72.95500183105469,333.7900085449219,237.75999450683594,334.45001220703125,534.614990234375,72.95500183105469,68389,96795,12752,63514,58642
2026-07-30 15:00:00-04:00,333.4849853515625,237.77000427246094,334.6449890136719,534.7550048828125,72.9749984741211,333.89990234375,237.79400634765625,334.6449890136719,534.97998046875,72.9800033569336,333.4599914550781,237.42999267578125,334.42999267578125,534.4400024414062,72.93499755859375,333.7349853515625,237.78500366210938,334.6050109863281,534.53271484375,72.9800033569336,164817,300947,16671,59197,47762
2026-07-30 15:01:00-04:00,333.9100036621094,237.75,334.42999267578125,533.1950073242188,72.95500183105469,333.989990234375,237.7899932861328,334.6700134277344,534.8300170898438,72.97000122070312,333.489990234375,237.64999389648438,334.42999267578125,533.1901245117188,72.91500091552734,333.4988098144531,237.75,334.6449890136719,534.75,72.97000122070312,117212,86495,20276,102141,63124
2026-07-30 15:02:00-04:00,333.6449890136719,237.72500610351562,334.3900146484375,534.0250244140625,72.94000244140625,334.0166015625,237.8000030517578,334.510009765625,534.073974609375,72.96499633789062,333.5299987792969,237.63999938964844,334.3900146484375,533.1199951171875,72.92500305175781,333.94989013671875,237.75999450683594,334.45001220703125,533.2000122070312,72.95500183105469,67758,81284,17873,39405,45819
2026-07-30 15:03:00-04:00,333.75,237.6300048828125,334.5198974609375,534.4600219726562,72.88999938964844,333.82000732421875,237.80999755859375,334.5400085449219,534.639892578125,72.9749984741211,333.6300048828125,237.6300048828125,334.3500061035156,534.0900268554688,72.87999725341797,333.6449890136719,237.72000122070312,334.3599853515625,534.0900268554688,72.94499969482422,49140,148447,18347,31841,73165
2026-07-30 15:04:00-04:00,333.80999755859375,237.69000244140625,334.3699951171875,533.2999877929688,72.91500091552734,333.8599853515625,237.75990295410156,334.6000061035156,534.5999755859375,72.94000244140625,333.7149963378906,237.5800018310547,334.3699951171875,532.844970703125,72.88999938964844,333.760009765625,237.61000061035156,334.4700012207031,534.456787109375,72.88999938964844,65544,111182,17601,50228,40360
2026-07-30 15:05:00-04:00,333.67999267578125,237.6999969482422,334.4100036621094,533.3800048828125,72.8499984741211,333.8299865722656,237.89999389648438,334.45001220703125,533.6107177734375,72.91999816894531,333.6600036621094,237.63999938964844,334.3349914550781,532.9500122070312,72.83999633789062,333.80499267578125,237.69000244140625,334.375,533.3099975585938,72.91999816894531,60465,272591,11563,40456,85192
2026-07-30 15:06:00-04:00,333.6600036621094,237.77000427246094,334.3500061035156,533.6400146484375,72.76499938964844,333.7300109863281,237.80999755859375,334.4700012207031,533.8200073242188,72.8550033569336,333.4054870605469,237.52000427246094,334.239990234375,533.2150268554688,72.74019622802734,333.68499755859375,237.7100067138672,334.44000244140625,533.3800048828125,72.8499984741211,97975,241720,23612,41557,110615
2026-07-30 15:07:00-04:00,333.69500732421875,237.82000732421875,334.2200012207031,533.3900146484375,72.76499938964844,333.885009765625,237.8800048828125,334.3328857421875,533.72998046875,72.7699966430664,333.6000061035156,237.7100067138672,334.1600036621094,533.0401000976562,72.72000122070312,333.67999267578125,237.75999450683594,334.32000732421875,533.6400146484375,72.76499938964844,115112,231727,21031,52455,82091
2026-07-30 15:08:00-04:00,333.6000061035156,238.0,334.3949890136719,532.583984375,72.77999877929688,333.7699890136719,238.0399932861328,334.3999938964844,533.4600219726562,72.77999877929688,333.5899963378906,237.7899932861328,334.1400146484375,532.5,72.72019958496094,333.69000244140625,237.80499267578125,334.2449951171875,533.3900146484375,72.7699966430664,74978,238997,20146,70267,60185
2026-07-30 15:09:00-04:00,333.6099853515625,238.10000610351562,334.5273132324219,532.780029296875,72.83000183105469,333.7349853515625,238.19000244140625,334.5799865722656,532.8800048828125,72.83000183105469,333.54998779296875,237.88999938964844,334.2601013183594,532.0,72.7699966430664,333.6000061035156,238.02499389648438,334.3949890136719,532.5,72.7750015258789,78428,164448,23044,90982,65756
2026-07-30 15:10:00-04:00,333.82501220703125,238.3000030517578,334.7099914550781,534.530029296875,72.8499984741211,333.8999938964844,238.41000366210938,334.80999755859375,534.8099975585938,72.87000274658203,333.5299987792969,238.07000732421875,334.360107421875,532.75,72.83000183105469,333.6099853515625,238.10189819335938,334.54998779296875,532.780029296875,72.83999633789062,99657,178360,25112,78767,49821
2026-07-30 15:11:00-04:00,333.6130065917969,238.42320251464844,334.4200134277344,534.1749877929688,72.83000183105469,333.8399963378906,238.5800018310547,334.7200012207031,534.7999877929688,72.9000015258789,333.6000061035156,238.1699981689453,334.3710021972656,534.0513916015625,72.82499694824219,333.83319091796875,238.2899932861328,334.7200012207031,534.510009765625,72.8499984741211,73980,217059,16737,58942,93461
2026-07-30 15:12:00-04:00,333.7200012207031,238.6999969482422,334.45001220703125,535.3200073242188,72.81999969482422,333.79998779296875,238.6999969482422,334.510009765625,535.3892822265625,72.83499908447266,333.5299987792969,238.31500244140625,334.2900085449219,534.1699829101562,72.78500366210938,333.6199951171875,238.4149932861328,334.44830322265625,534.1699829101562,72.83499908447266,65250,191581,29058,56989,81574
2026-07-30 15:13:00-04:00,333.7300109863281,238.8350067138672,334.3999938964844,535.4818725585938,72.81999969482422,333.7799987792969,238.94000244140625,334.489990234375,535.5650024414062,72.83499908447266,333.55499267578125,238.62539672851562,334.2550048828125,535.0446166992188,72.78500366210938,333.7200012207031,238.69000244140625,334.4200134277344,535.3150024414062,72.81999969482422,63220,248144,27718,55540,45354
2026-07-30 15:14:00-04:00,333.6549987792969,238.8699951171875,334.5199890136719,535.6599731445312,72.80999755859375,333.7401123046875,238.9499969482422,334.6099853515625,535.7899780273438,72.81500244140625,333.5799865722656,238.77999877929688,334.32000732421875,535.510009765625,72.76000213623047,333.7200012207031,238.86000061035156,334.4100036621094,535.510009765625,72.81500244140625,69667,195936,17820,52040,65161
2026-07-30 15:15:00-04:00,333.760009765625,238.99000549316406,334.5150146484375,535.5549926757812,72.77010345458984,333.79998779296875,239.0399932861328,334.55999755859375,535.9600219726562,72.81999969482422,333.56500244140625,238.8300018310547,334.40008544921875,535.510009765625,72.76010131835938,333.6600036621094,238.8699951171875,334.4700012207031,535.7098999023438,72.80999755859375,82992,133382,37950,70722,43439
2026-07-30 15:16:00-04:00,333.69000244140625,239.0399932861328,334.44000244140625,535.4000244140625,72.7750015258789,333.8999938964844,239.0800018310547,334.57000732421875,535.60498046875,72.80000305175781,333.5,238.80999755859375,334.3800048828125,534.9199829101562,72.75,333.7799987792969,238.97999572753906,334.5150146484375,535.5449829101562,72.7699966430664,114042,230977,19591,59814,97335
2026-07-30 15:17:00-04:00,333.7049865722656,239.00990295410156,334.2749938964844,534.2100219726562,72.86000061035156,333.7799987792969,239.12989807128906,334.5199890136719,535.5700073242188,72.87999725341797,333.67999267578125,238.9600067138672,334.2749938964844,534.2100219726562,72.7750015258789,333.70001220703125,239.0301055908203,334.4700012207031,535.4000244140625,72.77999877929688,55951,115190,19833,62680,126158
2026-07-30 15:18:00-04:00,333.7900085449219,239.50599670410156,334.55999755859375,534.9199829101562,72.80500030517578,333.8598937988281,239.5399932861328,334.6199951171875,534.9199829101562,72.8499984741211,333.6449890136719,238.97999572753906,334.22698974609375,534.2550048828125,72.79499816894531,333.70001220703125,239.00999450683594,334.27508544921875,534.3200073242188,72.8499984741211,82341,288020,22646,46047,80726
2026-07-30 15:19:00-04:00,333.8699951171875,239.60000610351562,334.6000061035156,534.7750244140625,72.8550033569336,333.95001220703125,239.64999389648438,334.6499938964844,535.1199951171875,72.8550033569336,333.69000244140625,239.41200256347656,334.4549865722656,534.6500244140625,72.78500366210938,333.7900085449219,239.4949951171875,334.5400085449219,534.75,72.80500030517578,105281,181989,16965,44232,45468
2026-07-30 15:20:00-04:00,333.6449890136719,239.5850067138672,334.19000244140625,534.4099731445312,72.875,333.8999938964844,239.6300048828125,334.68499755859375,534.7899780273438,72.875,333.5400085449219,239.47999572753906,334.1499938964844,534.0,72.81999969482422,333.875,239.5800018310547,334.5899963378906,534.7750244140625,72.8550033569336,84002,200227,23137,62145,54486
2026-07-30 15:21:00-04:00,333.57000732421875,239.38999938964844,334.3299865722656,534.1699829101562,72.87979888916016,333.7550048828125,239.61990356445312,334.3599853515625,534.6599731445312,72.91000366210938,333.53009033203125,239.33009338378906,334.17999267578125,534.1599731445312,72.8499984741211,333.6400146484375,239.56979370117188,334.18011474609375,534.2901000976562,72.87999725341797,83355,451562,12654,47223,97396
2026-07-30 15:22:00-04:00,333.3999938964844,239.25999450683594,334.2349853515625,534.3800048828125,72.87989807128906,333.5799865722656,239.49000549316406,334.32000732421875,534.6300048828125,72.91999816894531,333.2900085449219,239.14999389648438,334.07000732421875,534.0,72.86499786376953,333.5799865722656,239.39500427246094,334.32000732421875,534.1599731445312,72.875,113223,311219,21843,59995,100829
2026-07-30 15:23:00-04:00,333.1449890136719,239.2550048828125,334.2149963378906,534.0800170898438,72.85379791259766,333.4132995605469,239.3300018310547,334.30499267578125,534.3809814453125,72.875,333.1300048828125,239.22000122070312,334.04998779296875,533.7000122070312,72.83000183105469,333.3900146484375,239.27000427246094,334.1900939941406,534.2899780273438,72.875,79724,109780,45387,48901,71120
2026-07-30 15:24:00-04:00,333.45001220703125,239.22999572753906,334.1000061035156,534.3350219726562,72.875,333.5199890136719,239.39999389648438,334.2799987792969,534.5800170898438,72.89199829101562,333.1300048828125,239.2100067138672,333.989990234375,534.030029296875,72.86000061035156,333.1449890136719,239.25,334.20849609375,534.0473022460938,72.86000061035156,117132,247116,33842,48340,50574
2026-07-30 15:25:00-04:00,333.3500061035156,239.41000366210938,334.19000244140625,535.3300170898438,72.88500213623047,333.57000732421875,239.41000366210938,334.19989013671875,535.3800048828125,72.88999938964844,333.2950134277344,239.19000244140625,334.04998779296875,534.3300170898438,72.86000061035156,333.4649963378906,239.22500610351562,334.1300048828125,534.3350219726562,72.875,104118,149624,12694,55779,62312
2026-07-30 15:26:00-04:00,333.2149963378906,239.46499633789062,334.28009033203125,535.14501953125,72.93499755859375,333.42999267578125,239.5399932861328,334.38238525390625,535.469970703125,72.9749984741211,333.2099914550781,239.30499267578125,334.1600036621094,535.0250244140625,72.87999725341797,333.3399963378906,239.41000366210938,334.1700134277344,535.280029296875,72.88999938964844,92786,120500,12839,67076,143192
2026-07-30 15:27:00-04:00,333.4649963378906,239.60000610351562,334.42999267578125,535.219970703125,72.92500305175781,333.54998779296875,239.69400024414062,334.5299987792969,535.5,72.98500061035156,333.1499938964844,239.4499969482422,334.29998779296875,535.0,72.92500305175781,333.2099914550781,239.46499633789062,334.3500061035156,535.2100219726562,72.93499755859375,169598,205079,19823,56659,158879
2026-07-30 15:28:00-04:00,333.4801025390625,239.6300048828125,334.1700134277344,534.8099975585938,72.87999725341797,333.739990234375,239.82359313964844,334.45001220703125,535.4197998046875,72.93499755859375,333.4200134277344,239.5399932861328,334.07501220703125,534.5700073242188,72.86499786376953,333.5,239.5998992919922,334.42999267578125,535.1699829101562,72.92500305175781,239749,171048,12253,55123,101601
2026-07-30 15:29:00-04:00,333.1600036621094,239.52000427246094,334.1449890136719,534.5399780273438,72.87000274658203,333.6199951171875,239.64999389648438,334.19500732421875,534.7764282226562,72.88999938964844,333.1600036621094,239.3699951171875,334.07000732421875,534.1400146484375,72.8550033569336,333.489990234375,239.64999389648438,334.1449890136719,534.75,72.87999725341797,155831,241058,16236,49980,67189
2026-07-30 15:30:00-04:00,333.44000244140625,239.74000549316406,334.04998779296875,533.780029296875,72.84500122070312,333.4949951171875,239.76499938964844,334.2300109863281,534.6400146484375,72.87999725341797,333.1000061035156,239.49000549316406,334.0299987792969,533.6400146484375,72.82499694824219,333.1600036621094,239.5399932861328,334.1449890136719,534.5399780273438,72.875,126096,213680,21334,90819,93030
2026-07-30 15:31:00-04:00,333.0450134277344,239.7050018310547,334.17999267578125,533.8099975585938,72.80500030517578,333.5299987792969,239.77000427246094,334.17999267578125,533.8099975585938,72.875,332.79998779296875,239.60000610351562,333.92999267578125,533.4099731445312,72.80500030517578,333.44000244140625,239.72999572753906,334.0450134277344,533.7310180664062,72.84500122070312,246795,250634,45399,59249,95223
2026-07-30 15:32:00-04:00,333.2900085449219,239.27000427246094,334.125,534.4600219726562,72.78800201416016,333.3500061035156,239.75,334.239990234375,534.5499877929688,72.81500244140625,332.9700927734375,239.24000549316406,334.04998779296875,533.8699951171875,72.77010345458984,333.05999755859375,239.72000122070312,334.239990234375,533.8699951171875,72.80500030517578,210747,207791,21638,64243,76731
2026-07-30 15:33:00-04:00,333.0799865722656,239.2100067138672,334.1700134277344,534.969970703125,72.86000061035156,333.3900146484375,239.47000122070312,334.2300109863281,535.0599975585938,72.86000061035156,332.9599914550781,239.02999877929688,333.94000244140625,534.3300170898438,72.76499938964844,333.27099609375,239.27000427246094,334.125,534.3400268554688,72.79000091552734,189809,316127,20020,58748,100537
2026-07-30 15:34:00-04:00,333.25,239.11500549316406,334.2300109863281,534.7210083007812,72.8550033569336,333.3399963378906,239.27589416503906,334.3399963378906,535.22998046875,72.87999725341797,333.07000732421875,239.0500030517578,334.1400146484375,534.7210083007812,72.8499984741211,333.0799865722656,239.2100067138672,334.2300109863281,534.9550170898438,72.8550033569336,140340,224963,43120,82939,70661
2026-07-30 15:35:00-04:00,333.2799987792969,238.44000244140625,333.94000244140625,533.8900146484375,72.84500122070312,333.3299865722656,239.19729614257812,334.2749938964844,534.72998046875,72.86499786376953,333.1300048828125,238.40499877929688,333.8699951171875,533.8900146484375,72.80500030517578,333.25,239.1199951171875,334.2300109863281,534.72998046875,72.8550033569336,125848,251492,33920,57619,103928
2026-07-30 15:36:00-04:00,333.489990234375,238.05990600585938,333.92999267578125,533.6099853515625,72.87999725341797,333.5799865722656,238.47000122070312,334.0400085449219,534.0599975585938,72.9000015258789,333.239990234375,237.9600067138672,333.8500061035156,533.5499877929688,72.8499984741211,333.2699890136719,238.4199981689453,333.94000244140625,533.8099975585938,72.8499984741211,125139,207023,22765,57050,69187
2026-07-30 15:37:00-04:00,333.3999938964844,237.9499969482422,334.04998779296875,534.02001953125,72.8550033569336,333.5400085449219,238.3300018310547,334.04998779296875,534.0499877929688,72.88999938964844,333.3399963378906,237.86000061035156,333.7550048828125,533.4500122070312,72.8499984741211,333.489990234375,237.97999572753906,333.92999267578125,533.6099853515625,72.88009643554688,111377,189832,18631,77077,68351
2026-07-30 15:38:00-04:00,333.32000732421875,237.91000366210938,334.0,533.6699829101562,72.81500244140625,333.510009765625,238.12989807128906,334.17999267578125,534.1799926757812,72.86000061035156,333.260009765625,237.85000610351562,333.9750061035156,533.634521484375,72.80999755859375,333.42999267578125,237.97500610351562,334.0849914550781,534.030029296875,72.8550033569336,83634,135454,19895,61627,112083
2026-07-30 15:39:00-04:00,333.4700012207031,237.8000030517578,334.0400085449219,533.3599853515625,72.86499786376953,333.5299987792969,238.08999633789062,334.1400146484375,533.9099731445312,72.94000244140625,333.32000732421875,237.8000030517578,334.0299987792969,533.3599853515625,72.81500244140625,333.3299865722656,237.89999389648438,334.07000732421875,533.6900024414062,72.81500244140625,79953,106590,15910,56709,208276
2026-07-30 15:40:00-04:00,333.3900146484375,237.9600067138672,334.0299987792969,533.8400268554688,72.96980285644531,333.5249938964844,238.0,334.1400146484375,533.9199829101562,72.9800033569336,333.2449951171875,237.56500244140625,333.9224853515625,533.2100219726562,72.86000061035156,333.4649963378906,237.80850219726562,334.0400085449219,533.3300170898438,72.86499786376953,126911,209165,36363,57547,166028
2026-07-30 15:41:00-04:00,333.239990234375,238.25,333.8999938964844,533.844970703125,72.98999786376953,333.55999755859375,238.25999450683594,334.1098937988281,534.1599731445312,72.98999786376953,333.2200012207031,237.82000732421875,333.8699951171875,533.7200927734375,72.91999816894531,333.3999938964844,237.9788055419922,334.0799865722656,533.844970703125,72.96499633789062,131130,185765,33304,54314,201407
2026-07-30 15:42:00-04:00,333.25,237.6300048828125,333.8872985839844,534.239990234375,72.93009948730469,333.260009765625,238.25,333.989990234375,534.239990234375,72.9749984741211,332.9100036621094,237.60000610351562,333.7799987792969,533.7999877929688,72.91999816894531,333.260009765625,238.25,333.9049987792969,533.7999877929688,72.97000122070312,120725,216647,25689,64421,168793
2026-07-30 15:43:00-04:00,333.1199035644531,237.5926971435547,334.1199951171875,534.5700073242188,72.92009735107422,333.25,237.6699981689453,334.1600036621094,535.0,72.95500183105469,333.04998779296875,237.3105010986328,333.8399963378906,534.1749877929688,72.91500091552734,333.2349853515625,237.6300048828125,333.8399963378906,534.260009765625,72.93499755859375,92915,293458,34275,70021,136176
2026-07-30 15:44:00-04:00,333.0050048828125,237.60989379882812,334.1300048828125,535.25,72.90499877929688,333.1669006347656,237.7698974609375,334.25,535.280029296875,72.94000244140625,332.9599914550781,237.5399932861328,334.1000061035156,534.530029296875,72.9000015258789,333.114990234375,237.5500030517578,334.1199951171875,534.530029296875,72.92500305175781,105091,124135,20292,72892,133854
2026-07-30 15:45:00-04:00,332.9599914550781,237.85499572753906,334.22698974609375,535.5399780273438,72.8949966430664,333.0899963378906,237.88999938964844,334.2799987792969,535.7100219726562,72.94999694824219,332.8800048828125,237.47999572753906,334.010009765625,534.7999877929688,72.87000274658203,333.010009765625,237.58999633789062,334.135009765625,535.25,72.90499877929688,141958,154592,42841,91389,180311
2026-07-30 15:46:00-04:00,332.9700012207031,237.47999572753906,334.1506042480469,535.6500244140625,72.88999938964844,333.114990234375,237.85499572753906,334.30499267578125,535.9573974609375,72.91500091552734,332.79119873046875,237.4199981689453,334.1200866699219,535.1699829101562,72.88999938964844,332.92999267578125,237.85499572753906,334.25,535.5050048828125,72.8949966430664,115804,170199,24788,93804,132652
2026-07-30 15:47:00-04:00,332.8599853515625,237.5399932861328,334.04998779296875,535.25,72.86499786376953,332.989990234375,237.74000549316406,334.17999267578125,535.5800170898438,72.8949966430664,332.75,237.47999572753906,333.9849853515625,534.9000244140625,72.84500122070312,332.9700012207031,237.48500061035156,334.1499938964844,535.5800170898438,72.8949966430664,168941,142096,16624,526776,119087
2026-07-30 15:48:00-04:00,332.3900146484375,237.56500244140625,334.05999755859375,535.5,72.88500213623047,332.8900146484375,237.68800354003906,334.1300048828125,535.7000122070312,72.8949966430664,332.30999755859375,237.47999572753906,333.95001220703125,535.1699829101562,72.8499984741211,332.8599853515625,237.52999877929688,334.04998779296875,535.260009765625,72.86000061035156,209100,189474,28984,128209,138802
2026-07-30 15:49:00-04:00,332.6549987792969,237.38499450683594,334.2749938964844,536.6190185546875,72.91500091552734,332.80999755859375,237.5800018310547,334.2749938964844,536.6799926757812,72.92500305175781,332.3399963378906,237.14999389648438,333.94000244140625,535.35009765625,72.8550033569336,332.3999938964844,237.5695037841797,334.0899963378906,535.5,72.88999938964844,138644,240523,33422,128161,124832
2026-07-30 15:50:00-04:00,332.87908935546875,236.99000549316406,333.92999267578125,535.8200073242188,72.8550033569336,333.1099853515625,237.57000732421875,334.5400085449219,537.5,72.91999816894531,332.4800109863281,236.85000610351562,333.8699951171875,535.6400146484375,72.7750015258789,332.6300048828125,237.41000366210938,334.30999755859375,536.5999755859375,72.91000366210938,194101,372247,63959,179266,270998
2026-07-30 15:51:00-04:00,332.9800109863281,236.875,333.8599853515625,535.635009765625,72.91999816894531,333.0,237.05320739746094,334.0249938964844,535.8699951171875,72.91999816894531,332.70001220703125,236.74000549316406,333.69000244140625,534.8099975585938,72.78500366210938,332.8599853515625,236.97999572753906,333.92999267578125,535.760009765625,72.8499984741211,200790,265476,47575,124247,270555
2026-07-30 15:52:00-04:00,332.739990234375,237.27000427246094,333.8349914550781,535.3150024414062,72.91000366210938,332.989990234375,237.34500122070312,333.9100036621094,535.8900146484375,72.93000030517578,332.57000732421875,236.8000030517578,333.7300109863281,535.0599975585938,72.87999725341797,332.989990234375,236.86000061035156,333.864990234375,535.6799926757812,72.91999816894531,242184,274718,44194,110687,383350
2026-07-30 15:53:00-04:00,332.7799987792969,237.0399932861328,333.8500061035156,535.1599731445312,72.9000015258789,333.19000244140625,237.39549255371094,334.0400085449219,535.8298950195312,72.94999694824219,332.67999267578125,236.8699951171875,333.75,535.0700073242188,72.88999938964844,332.7300109863281,237.27999877929688,333.875,535.3394775390625,72.9000015258789,229882,375358,52442,140035,275832
2026-07-30 15:54:00-04:00,332.864990234375,236.65499877929688,333.9750061035156,537.0599975585938,73.0,332.9660949707031,237.19000244140625,334.17999267578125,537.5349731445312,73.01499938964844,332.6600036621094,236.39999389648438,333.7200012207031,535.1699829101562,72.88500213623047,332.7799987792969,237.0399932861328,333.8900146484375,535.1699829101562,72.9000015258789,272984,505481,92629,248394,396225
2026-07-30 15:55:00-04:00,333.3999938964844,235.0800018310547,333.6099853515625,538.8800048828125,73.20500183105469,333.3999938964844,236.64999389648438,333.9327087402344,539.6199951171875,73.25,332.5299987792969,235.0500030517578,333.2900085449219,537.030029296875,73.01000213623047,332.8500061035156,236.6300048828125,333.9327087402344,537.0700073242188,73.01000213623047,279044,968947,96339,332864,671808
2026-07-30 15:56:00-04:00,333.9700012207031,235.5800018310547,333.6050109863281,538.8499755859375,73.19499969482422,334.0,235.60000610351562,333.7247009277344,539.27001953125,73.23999786376953,333.29998779296875,235.00999450683594,333.4599914550781,538.530029296875,73.12999725341797,333.3900146484375,235.07000732421875,333.5899963378906,538.8900146484375,73.20500183105469,232337,677076,88467,236884,535267
2026-07-30 15:57:00-04:00,333.7099914550781,235.22500610351562,333.44000244140625,538.905029296875,73.30000305175781,334.1300048828125,235.83999633789062,333.69500732421875,539.4600219726562,73.31999969482422,333.5400085449219,234.7801055908203,333.4100036621094,538.1799926757812,73.18000030517578,333.9599914550781,235.5500030517578,333.6050109863281,538.8499755859375,73.19499969482422,290673,1328939,93586,354088,562492
2026-07-30 15:58:00-04:00,333.5199890136719,234.9550018310547,333.6050109863281,539.7100219726562,73.25499725341797,334.75,235.6999969482422,333.6099853515625,539.75,73.30999755859375,333.29998779296875,234.94000244140625,333.3800048828125,538.47998046875,73.2249984741211,333.7200012207031,235.25,333.44500732421875,538.905029296875,73.30000305175781,420049,1540938,158110,309472,569279
2026-07-30 15:59:00-04:00,333.8500061035156,236.02999877929688,333.6499938964844,539.0599975585938,73.1500015258789,334.0,236.1199951171875,333.8500061035156,539.8800048828125,73.2699966430664,333.0400085449219,234.83250427246094,333.3699951171875,538.6199951171875,73.13999938964844,333.5199890136719,234.9550018310547,333.6199951171875,539.739990234375,73.25,882500,2207995,407158,466714,1255018
2026-07-31 09:30:00-04:00,304.04998779296875,263.55999755859375,340.5899963378906,551.1400146484375,72.29000091552734,306.8999938964844,265.0,342.3500061035156,551.47998046875,72.75,303.6400146484375,262.1499938964844,339.1700134277344,542.8200073242188,71.93000030517578,304.80999755859375,264.9849853515625,340.07501220703125,543.5599975585938,71.96499633789062,9663898,11136767,1068859,1904782,1103058
2026-07-31 09:31:00-04:00,302.0299987792969,264.8599853515625,342.81500244140625,552.7932739257812,72.26000213623047,305.010009765625,264.8599853515625,343.2200012207031,553.2100219726562,72.41999816894531,301.8299865722656,262.1499938964844,340.1400146484375,549.1599731445312,72.12999725341797,304.010009765625,263.55999755859375,340.45001220703125,550.9949951171875,72.2699966430664,1704033,1039656,210674,158781,127344
2026-07-31 09:32:00-04:00,302.0299987792969,266.614990234375,342.1400146484375,553.5900268554688,72.19000244140625,302.7875061035156,266.8800048828125,343.25,557.9600219726562,72.5199966430664,301.3414001464844,264.7300109863281,341.8399963378906,552.0100708007812,72.12999725341797,301.8999938964844,264.7900085449219,342.7099914550781,552.3582153320312,72.23999786376953,2027555,1774959,110744,447304,136356
2026-07-31 09:33:00-04:00,301.8216857910156,267.42999267578125,341.239990234375,555.1400146484375,72.12000274658203,302.57000732421875,268.1099853515625,342.989990234375,555.4699096679688,72.21499633789062,301.07000732421875,266.4200134277344,341.1300048828125,552.8499755859375,72.0698013305664,302.07000732421875,266.5899963378906,342.1695861816406,553.5900268554688,72.16999816894531,1823229,1389468,138343,192801,100397
2026-07-31 09:34:00-04:00,302.1099853515625,267.7900085449219,342.1300048828125,555.25,72.11090087890625,302.39990234375,268.6300048828125,342.4100036621094,557.9600219726562,72.1500015258789,300.54998779296875,267.30999755859375,340.8999938964844,554.8800048828125,72.01000213623047,301.8299865722656,267.30999755859375,341.1199951171875,555.1400146484375,72.0999984741211,1758609,1090934,107179,369391,114193
2026-07-31 09:35:00-04:00,302.18499755859375,268.6499938964844,343.0199890136719,554.0,72.12000274658203,303.3500061035156,268.739990234375,343.14990234375,556.0,72.16999816894531,302.04998779296875,267.20001220703125,342.04998779296875,553.280029296875,72.06999969482422,302.30999755859375,267.75,342.04998779296875,555.25,72.1050033569336,1230557,995903,118305,177440,148394
2026-07-31 09:36:00-04:00,302.2900085449219,267.9599914550781,344.14630126953125,551.6400146484375,72.23500061035156,302.8284912109375,268.79998779296875,344.2099914550781,555.280029296875,72.23500061035156,301.4200134277344,266.8299865722656,342.8800048828125,551.4199829101562,72.12000274658203,302.21881103515625,268.6622009277344,343.1099853515625,554.7899780273438,72.12000274658203,971306,976369,125950,139964,116103
2026-07-31 09:37:00-04:00,302.239990234375,267.93499755859375,345.4288024902344,551.9299926757812,72.22000122070312,302.6400146484375,268.7699890136719,345.57000732421875,553.4299926757812,72.29000091552734,301.6600036621094,267.80999755859375,343.9100036621094,550.6099853515625,72.19999694824219,302.3175048828125,267.93499755859375,344.1568908691406,551.780029296875,72.26000213623047,1236614,962634,211879,155284,199344
2026-07-31 09:38:00-04:00,301.875,269.17999267578125,344.19000244140625,550.594970703125,72.33999633789062,302.6099853515625,269.2890930175781,345.4849853515625,551.6300048828125,72.33999633789062,300.9200134277344,267.6199951171875,343.7200012207031,549.72998046875,72.08000183105469,302.239990234375,267.93499755859375,345.4700012207031,551.42431640625,72.21499633789062,1175625,1243066,124579,148211,152925
2026-07-31 09:39:00-04:00,301.32000732421875,268.2799987792969,342.9100036621094,549.5999755859375,72.375,302.19000244140625,269.4599914550781,344.32000732421875,551.72998046875,72.37999725341797,300.95001220703125,267.6000061035156,342.80999755859375,548.5700073242188,72.18000030517578,301.8851013183594,269.2200012207031,344.2049865722656,550.5900268554688,72.33499908447266,809397,868594,86751,104464,126468
2026-07-31 09:40:00-04:00,300.5899963378906,267.2099914550781,341.5101013183594,548.8250122070312,72.31500244140625,301.2900085449219,268.2850036621094,343.05999755859375,550.3350219726562,72.44999694824219,300.3299865722656,266.510009765625,341.489990234375,548.0,72.28500366210938,301.19000244140625,268.27801513671875,342.88739013671875,549.4000244140625,72.36740112304688,799820,858126,70588,145810,90673
2026-07-31 09:41:00-04:00,301.4049987792969,268.29998779296875,340.9100036621094,549.2349853515625,72.30500030517578,301.4049987792969,268.5,342.04998779296875,550.260009765625,72.3499984741211,300.44000244140625,267.1499938964844,340.8599853515625,548.8250122070312,72.22000122070312,300.54998779296875,267.2099914550781,341.510009765625,548.8250122070312,72.31500244140625,550663,770235,78574,114341,85454
2026-07-31 09:42:00-04:00,302.42498779296875,266.9200134277344,341.1300048828125,548.719970703125,72.41000366210938,302.5299987792969,268.8500061035156,341.260009765625,551.509521484375,72.41000366210938,301.0899963378906,266.8999938964844,340.54998779296875,548.719970703125,72.27999877929688,301.4049987792969,268.2799987792969,340.92498779296875,549.4450073242188,72.29000091552734,580946,579833,63546,81707,88252
2026-07-31 09:43:00-04:00,303.5299987792969,266.17498779296875,341.6000061035156,547.734619140625,72.43499755859375,303.7049865722656,267.4599914550781,341.8949890136719,548.9699096679688,72.55999755859375,302.3900146484375,265.3800048828125,341.04998779296875,547.4500122070312,72.38780212402344,302.5,267.05999755859375,341.135009765625,548.8900146484375,72.3949966430664,865229,681836,46110,70855,86841
2026-07-31 09:44:00-04:00,304.7900085449219,266.0799865722656,341.2300109863281,548.6699829101562,72.44000244140625,304.9100036621094,267.4599914550781,341.80999755859375,549.8200073242188,72.63700103759766,303.5,265.8399963378906,341.1000061035156,547.6199951171875,72.4000015258789,303.5199890136719,266.2300109863281,341.6499938964844,547.8800048828125,72.43000030517578,1046614,844458,103950,77795,81945
2026-07-31 09:45:00-04:00,304.3049011230469,266.1650085449219,342.3800048828125,548.7750854492188,72.20999908447266,305.760009765625,266.5,342.44000244140625,549.8099975585938,72.44999694824219,304.20001220703125,265.3800048828125,341.010009765625,547.6599731445312,72.1500015258789,304.7799987792969,266.0799865722656,341.2349853515625,548.6599731445312,72.44999694824219,890889,686894,57357,86686,118718
2026-07-31 09:46:00-04:00,305.0899963378906,266.8349914550781,343.1600036621094,547.9298706054688,72.38500213623047,305.3194885253906,267.1400146484375,343.32000732421875,549.2000122070312,72.38500213623047,304.0799865722656,266.090087890625,342.1231994628906,547.3900146484375,72.2249984741211,304.260009765625,266.1650085449219,342.3699951171875,548.7750244140625,72.2249984741211,984915,650190,59984,137254,80519
2026-07-31 09:47:00-04:00,305.5295104980469,267.0299987792969,342.2799987792969,545.9400024414062,72.26000213623047,305.9198913574219,267.3900146484375,343.57000732421875,548.1199951171875,72.38999938964844,305.05999755859375,266.6400146484375,342.2799987792969,545.510009765625,72.13999938964844,305.1400146484375,266.85760498046875,343.1600036621094,547.7000122070312,72.38500213623047,550400,437427,69611,77801,101503
2026-07-31 09:48:00-04:00,305.4924011230469,267.3900146484375,342.43499755859375,547.6400756835938,72.26000213623047,305.739990234375,267.5,342.885009765625,547.7498779296875,72.30999755859375,304.989990234375,266.7226867675781,342.1099853515625,545.5399780273438,72.22000122070312,305.5,266.9800109863281,342.31500244140625,545.9400024414062,72.23999786376953,521867,372821,84147,82110,132628
2026-07-31 09:49:00-04:00,305.17999267578125,267.7550048828125,342.1427001953125,546.1199951171875,72.0999984741211,305.55999755859375,268.5799865722656,342.6000061035156,547.6900024414062,72.25,304.5899963378906,267.3399963378906,342.1199951171875,545.9000244140625,72.08999633789062,305.510009765625,267.3900146484375,342.42999267578125,547.6900024414062,72.25,528192,522584,48720,85664,106962
2026-07-31 09:50:00-04:00,305.06201171875,267.9700012207031,342.0400085449219,546.9249877929688,71.98500061035156,305.5,268.6199951171875,342.67498779296875,547.0900268554688,72.1500015258789,304.6700134277344,267.3700866699219,341.9599914550781,545.61669921875,71.88999938964844,305.2062072753906,267.7012023925781,342.3299865722656,546.1099853515625,72.0999984741211,137528,589990,89935,70804,152825
2026-07-31 09:51:00-04:00,304.92498779296875,268.55999755859375,342.4049987792969,548.3900146484375,71.94000244140625,305.29998779296875,268.6199951171875,342.5790100097656,548.7999877929688,71.99500274658203,304.5,267.7210998535156,341.8764953613281,546.5,71.88999938964844,305.0799865722656,267.9700012207031,342.05499267578125,546.969970703125,71.98999786376953,462719,462516,80508,136116,82077
2026-07-31 09:52:00-04:00,304.82000732421875,267.6709899902344,343.2200012207031,548.7999877929688,72.05999755859375,305.29998779296875,268.9700012207031,343.239990234375,548.8200073242188,72.08999633789062,304.6700134277344,267.6705017089844,342.30718994140625,547.625,71.89009857177734,304.92498779296875,268.54998779296875,342.4100036621094,548.510009765625,71.94499969482422,467175,437367,51402,145302,81378
2026-07-31 09:53:00-04:00,304.610107421875,267.79998779296875,342.54998779296875,547.9949951171875,72.0250015258789,305.1700134277344,267.96661376953125,343.2300109863281,548.7999877929688,72.11000061035156,304.4599914550781,267.20111083984375,342.3500061035156,547.7999877929688,72.0199966430664,304.8349914550781,267.69000244140625,343.17999267578125,548.7999877929688,72.06999969482422,399899,405911,37081,79826,84566
2026-07-31 09:54:00-04:00,304.81890869140625,267.7213134765625,342.7705078125,548.7150268554688,72.16999816894531,305.1000061035156,268.30999755859375,343.1099853515625,549.2098999023438,72.16999816894531,304.29998779296875,267.6300048828125,342.2738952636719,547.8099975585938,72.0199966430664,304.7650146484375,267.7300109863281,342.5400085449219,547.9949951171875,72.0250015258789,374101,458359,31686,74287,83454
2026-07-31 09:55:00-04:00,305.07989501953125,268.32000732421875,342.4800109863281,548.0001220703125,72.08000183105469,305.19000244140625,268.6300048828125,342.8901062011719,548.9000244140625,72.16000366210938,304.55999755859375,267.6499938964844,342.1400146484375,547.6599731445312,72.06999969482422,304.82501220703125,267.7900085449219,342.7301025390625,548.7100219726562,72.1500015258789,294735,572246,38051,71649,64481
2026-07-31 09:56:00-04:00,305.0899963378906,269.54998779296875,343.0690002441406,547.6300048828125,72.12999725341797,305.45001220703125,269.739990234375,343.3699951171875,548.4299926757812,72.1500015258789,304.7300109863281,268.1199951171875,342.30120849609375,547.1199951171875,72.0199966430664,305.0,268.3699951171875,342.4800109863281,548.094970703125,72.08999633789062,446809,925336,50338,57787,98457
2026-07-31 09:57:00-04:00,304.0400085449219,269.375,343.82000732421875,547.5650024414062,72.13999938964844,305.0799865722656,269.989990234375,344.05499267578125,548.239990234375,72.16500091552734,304.0400085449219,269.2500915527344,342.8999938964844,547.25,72.05500030517578,305.0799865722656,269.5299987792969,343.0400085449219,547.8099975585938,72.11009979248047,402898,725213,55776,35443,63443
2026-07-31 09:58:00-04:00,302.864990234375,269.3299865722656,343.75,546.5449829101562,72.19000244140625,304.0299987792969,269.5,344.30999755859375,547.875,72.27999877929688,302.8500061035156,268.62298583984375,343.5,546.39501953125,72.12000274658203,304.0299987792969,269.3395080566406,343.82000732421875,547.2003784179688,72.12999725341797,416099,420540,68969,44665,66262
2026-07-31 09:59:00-04:00,302.7900085449219,269.1600036621094,343.32000732421875,546.2501220703125,72.06099700927734,303.1300048828125,269.95001220703125,343.875,547.1599731445312,72.2125015258789,302.5199890136719,268.9800109863281,343.2763977050781,546.2501220703125,72.05999755859375,302.864990234375,269.32501220703125,343.7850036621094,546.5399780273438,72.20500183105469,414869,585660,51833,45843,57259
2026-07-31 10:00:00-04:00,303.1698913574219,270.5350036621094,344.9100036621094,545.8900146484375,72.07060241699219,303.32000732421875,270.5799865722656,344.95001220703125,546.7000122070312,72.1095962524414,302.6700134277344,269.0299987792969,343.19000244140625,545.1099853515625,72.0199966430664,302.7900085449219,269.1499938964844,343.2900085449219,546.22998046875,72.06999969482422,395902,1483033,73353,85754,44102
2026-07-31 10:01:00-04:00,302.8399963378906,270.6600036621094,345.2001953125,545.5,72.0999984741211,303.19000244140625,270.94000244140625,345.75,546.510009765625,72.17500305175781,302.5,270.0199890136719,344.82000732421875,544.760009765625,72.06999969482422,303.1449890136719,270.5450134277344,344.8500061035156,545.8900146484375,72.12000274658203,717782,729173,118268,85043,56329
2026-07-31 10:02:00-04:00,302.2900085449219,269.8500061035156,345.9198913574219,544.72998046875,72.1050033569336,302.81500244140625,270.6499938964844,345.9198913574219,545.6799926757812,72.125,302.1709899902344,269.6199951171875,344.7900085449219,544.0499877929688,72.05000305175781,302.80999755859375,270.6499938964844,345.20001220703125,545.3099975585938,72.08000183105469,447277,489371,78651,59728,56346
2026-07-31 10:03:00-04:00,301.6400146484375,270.45001220703125,345.9049987792969,544.1900024414062,71.94999694824219,302.2799987792969,270.6000061035156,346.3349914550781,544.8099975585938,72.12999725341797,301.35009765625,269.7699890136719,345.4800109863281,543.3629150390625,71.91999816894531,302.2799987792969,269.8699951171875,345.8399963378906,544.7899780273438,72.11000061035156,479635,657007,129400,69005,77339
2026-07-31 10:04:00-04:00,302.1199951171875,269.7200012207031,346.30999755859375,543.760009765625,72.0199966430664,302.25,270.5799865722656,346.4700012207031,544.9354248046875,72.06999969482422,301.54998779296875,269.5299987792969,345.5799865722656,543.2100219726562,71.94000244140625,301.6099853515625,270.45001220703125,345.9049987792969,544.1900024414062,71.96499633789062,341397,705493,119311,50806,72551
2026-07-31 10:05:00-04:00,302.1199951171875,268.69000244140625,345.92498779296875,543.8400268554688,71.99500274658203,302.29998779296875,269.7699890136719,346.4898986816406,543.9000244140625,72.04000091552734,301.8399963378906,268.55999755859375,345.4599914550781,542.760009765625,71.94499969482422,302.0950012207031,269.760009765625,346.32501220703125,543.8400268554688,72.01000213623047,365227,694788,77049,60943,78295
2026-07-31 10:06:00-04:00,302.2749938964844,267.8900146484375,345.5874938964844,544.0800170898438,71.94000244140625,302.5,268.93499755859375,346.2149963378906,544.6849975585938,72.0250015258789,301.8800048828125,267.489990234375,345.5400085449219,543.8049926757812,71.93000030517578,302.05999755859375,268.70001220703125,345.92498779296875,544.0,71.98999786376953,296843,815430,169128,46685,65786
2026-07-31 10:07:00-04:00,302.67999267578125,267.80010986328125,345.6300048828125,545.530029296875,72.01000213623047,302.747314453125,267.9891052246094,346.0799865722656,545.5399780273438,72.0199966430664,302.03009033203125,267.29998779296875,344.8999938964844,543.830078125,71.9000015258789,302.29998779296875,267.8900146484375,345.6300048828125,544.0651245117188,71.94999694824219,277881,636308,161204,69531,112962
2026-07-31 10:08:00-04:00,302.78009033203125,268.07000732421875,345.2860107421875,546.3099975585938,71.93000030517578,302.8699951171875,268.07000732421875,345.7900085449219,546.3350219726562,72.0199966430664,302.0299987792969,267.42999267578125,344.9599914550781,545.010009765625,71.9000015258789,302.6499938964844,267.7900085449219,345.6401062011719,545.469970703125,72.0199966430664,283397,797770,169682,54295,76866
2026-07-31 10:09:00-04:00,302.8800048828125,268.2049865722656,346.0299987792969,547.1849975585938,71.98999786376953,302.94000244140625,268.4599914550781,346.1199951171875,547.3599853515625,72.0,302.4800109863281,267.80999755859375,345.28009033203125,546.0399780273438,71.9000015258789,302.80499267578125,268.0400085449219,345.34210205078125,546.25,71.94999694824219,337271,403116,79742,52190,99015
2026-07-31 10:10:00-04:00,302.7850036621094,267.79998779296875,345.8800048828125,546.4099731445312,71.94499969482422,303.06500244140625,268.6000061035156,346.20001220703125,547.7100219726562,72.0199966430664,302.30999755859375,267.6401062011719,345.6499938964844,546.39501953125,71.94000244140625,302.8340148925781,268.1600036621094,346.0000915527344,547.1199951171875,71.98500061035156,394124,446348,101811,87741,87704
2026-07-31 10:11:00-04:00,301.8999938964844,268.7799987792969,345.82000732421875,545.0900268554688,71.79499816894531,302.7925109863281,268.9700012207031,346.1099853515625,546.8499755859375,71.96499633789062,301.739990234375,267.75,345.3399963378906,544.64501953125,71.77999877929688,302.7900085449219,267.7799987792969,345.8999938964844,546.5700073242188,71.94499969482422,381165,551927,50163,55527,94469
2026-07-31 10:12:00-04:00,301.4700012207031,267.989990234375,345.01190185546875,543.6900024414062,71.6500015258789,302.010009765625,268.9200134277344,346.1099853515625,545.8599853515625,71.81999969482422,301.3599853515625,267.8800048828125,345.010009765625,543.6900024414062,71.6500015258789,301.94000244140625,268.8399963378906,345.8800048828125,545.1099853515625,71.79499816894531,358443,569614,67412,65081,131997
2026-07-31 10:13:00-04:00,301.80499267578125,268.0299987792969,345.6300048828125,545.5900268554688,71.6449966430664,301.9700012207031,268.2449951171875,345.6600036621094,545.72998046875,71.68579864501953,301.44000244140625,267.5400085449219,344.79998779296875,543.6300048828125,71.62000274658203,301.4700012207031,267.9750061035156,345.010009765625,543.7150268554688,71.62999725341797,232900,390674,82328,72085,104816
2026-07-31 10:14:00-04:00,302.1361083984375,268.0299987792969,345.9800109863281,545.9299926757812,71.6050033569336,302.3590087890625,268.15301513671875,346.0199890136719,546.6898803710938,71.68000030517578,301.760009765625,267.8399963378906,345.2757873535156,545.4000244140625,71.58000183105469,301.7799987792969,267.9949951171875,345.5299987792969,545.5054931640625,71.63999938964844,293360,513045,54628,58349,82926
2026-07-31 10:15:00-04:00,302.2149963378906,269.1499938964844,346.53509521484375,546.8099975585938,71.46499633789062,302.4700012207031,269.5199890136719,347.2900085449219,547.109375,71.61000061035156,301.94000244140625,268.0,345.94000244140625,545.7501220703125,71.45999908447266,302.1449890136719,268.1099853515625,345.94000244140625,545.8400268554688,71.61000061035156,193118,662205,221906,56805,109861
2026-07-31 10:16:00-04:00,302.5386047363281,268.3699951171875,345.3399963378906,548.2349853515625,71.6449966430664,302.7300109863281,269.1600036621094,346.5168151855469,548.6099853515625,71.69000244140625,302.1700134277344,268.1401062011719,345.3399963378906,546.219970703125,71.36499786376953,302.2099914550781,269.1099853515625,346.4700012207031,546.6699829101562,71.46499633789062,217540,293130,81196,65394,155561
2026-07-31 10:17:00-04:00,301.67498779296875,268.7950134277344,346.5899963378906,548.125,71.6050033569336,302.5,269.0,346.6400146484375,549.4580078125,71.66500091552734,301.6499938964844,268.3900146484375,345.239990234375,547.8699951171875,71.55999755859375,302.5,268.42999267578125,345.3349914550781,547.9400024414062,71.6500015258789,226186,236033,62542,112575,62186
2026-07-31 10:18:00-04:00,302.3450012207031,268.2601013183594,346.6400146484375,548.8399047851562,71.45500183105469,302.3999938964844,269.0299987792969,347.1700134277344,549.0700073242188,71.61000061035156,301.6600036621094,268.260009765625,346.2882080078125,548.0999755859375,71.44000244140625,301.67999267578125,268.7655944824219,346.6400146484375,548.0999755859375,71.5999984741211,196020,281738,75705,58917,87576
2026-07-31 10:19:00-04:00,302.53009033203125,268.4599914550781,345.6300048828125,548.6134033203125,71.2249984741211,302.8494873046875,268.7300109863281,346.67999267578125,549.0499877929688,71.45500183105469,302.31500244140625,268.07000732421875,345.6300048828125,548.2301025390625,71.20999908447266,302.3450012207031,268.29998779296875,346.6600036621094,548.7150268554688,71.45500183105469,324031,316746,63799,45129,251951
2026-07-31 10:20:00-04:00,302.5899963378906,267.7099914550781,345.7099914550781,550.4099731445312,71.2300033569336,303.2200012207031,268.7099914550781,346.6000061035156,550.5599975585938,71.25,302.3900146484375,267.6099853515625,345.6400146484375,548.330078125,71.18000030517578,302.510009765625,268.43499755859375,345.67779541015625,548.4949951171875,71.2249984741211,190002,411054,103986,90835,126441
2026-07-31 10:21:00-04:00,302.82000732421875,267.29998779296875,346.1300048828125,549.9400024414062,71.44640350341797,302.9100036621094,267.6700134277344,346.25,550.7999877929688,71.46009826660156,302.5199890136719,266.9100036621094,345.3456115722656,549.1799926757812,71.21019744873047,302.614990234375,267.6400146484375,345.7049865722656,550.3599853515625,71.22000122070312,160749,388636,87618,52463,68668
2026-07-31 10:22:00-04:00,302.8005065917969,267.80999755859375,346.45001220703125,550.5999755859375,71.43499755859375,302.95001220703125,267.8492126464844,347.0799865722656,550.77001953125,71.44999694824219,302.426513671875,267.1005859375,346.0,549.8049926757812,71.3499984741211,302.814208984375,267.2898864746094,346.1499938964844,549.9199829101562,71.44999694824219,194117,193444,62857,52447,82178
2026-07-31 10:23:00-04:00,303.5094909667969,267.8800048828125,346.9200134277344,550.0150146484375,71.44999694824219,303.55999755859375,268.0899963378906,346.94989013671875,550.6199951171875,71.48999786376953,302.7699890136719,267.5,346.25,549.47998046875,71.41999816894531,302.8299865722656,267.8793029785156,346.3900146484375,550.5349731445312,71.44000244140625,258295,269244,33943,56391,89926
2026-07-31 10:24:00-04:00,303.2099914550781,268.45001220703125,346.3399963378906,549.489990234375,71.44000244140625,303.56988525390625,268.5299987792969,346.9150085449219,550.169921875,71.51000213623047,303.1400146484375,267.54998779296875,346.114990234375,549.1699829101562,71.43499755859375,303.5199890136719,267.8999938964844,346.9100036621094,550.0150146484375,71.45500183105469,202472,314251,32378,28686,81154
2026-07-31 10:25:00-04:00,303.1299133300781,269.1700134277344,346.4800109863281,546.6400146484375,71.41000366210938,303.239990234375,269.2489929199219,346.5,549.7000122070312,71.44000244140625,302.9700012207031,268.42999267578125,345.9757080078125,546.6400146484375,71.37000274658203,303.18499755859375,268.5,346.3800048828125,549.3800048828125,71.44000244140625,159987,392872,41419,78078,79687
2026-07-31 10:26:00-04:00,303.3800048828125,269.80999755859375,346.6203918457031,546.97998046875,71.37000274658203,303.539306640625,270.25,346.8299865722656,547.6099243164062,71.41999816894531,303.05999755859375,269.19500732421875,346.29998779296875,546.3900146484375,71.36009979248047,303.1300048828125,269.19500732421875,346.4800109863281,546.6900024414062,71.41999816894531,213186,1361496,29601,39216,53089
2026-07-31 10:27:00-04:00,302.6700134277344,269.9569091796875,347.110107421875,547.8599853515625,71.31999969482422,303.44000244140625,270.1199951171875,347.25,548.0700073242188,71.38999938964844,302.6499938964844,269.3299865722656,346.3599853515625,546.4099731445312,71.29000091552734,303.4049987792969,269.80999755859375,346.6499938964844,547.0900268554688,71.36000061035156,276695,341396,46826,55206,95605
2026-07-31 10:28:00-04:00,303.04998779296875,269.2799987792969,347.04998779296875,547.635009765625,71.31500244140625,303.1700134277344,270.0400085449219,347.6300048828125,548.0700073242188,71.37000274658203,302.5799865722656,269.1650085449219,347.04998779296875,546.9500122070312,71.30999755859375,302.69000244140625,269.9599914550781,347.1499938964844,547.8099975585938,71.33000183105469,189361,262783,56807,47992,80182
2026-07-31 10:29:00-04:00,302.739990234375,269.6300048828125,347.125,547.22998046875,71.3550033569336,303.1000061035156,269.68499755859375,347.20001220703125,547.6400146484375,71.37000274658203,302.70001220703125,269.08099365234375,346.5899963378906,546.5499877929688,71.30500030517578,303.0400085449219,269.2900085449219,347.0799865722656,547.635009765625,71.31500244140625,130072,205865,58327,29740,66816
2026-07-31 10:30:00-04:00,302.1549987792969,270.3450012207031,347.0730895996094,546.2849731445312,71.30999755859375,302.8900146484375,270.6000061035156,347.2900085449219,547.3800048828125,71.36199951171875,302.090087890625,269.5799865722656,346.8900146484375,546.1500244140625,71.30999755859375,302.7550048828125,269.6000061035156,347.1099853515625,547.3795166015625,71.3550033569336,206537,540247,83695,49642,111716
2026-07-31 10:31:00-04:00,302.3139953613281,271.2300109863281,347.5400085449219,547.1749877929688,71.30999755859375,302.5950012207031,271.2300109863281,347.70001220703125,547.260009765625,71.3499984741211,302.1499938964844,270.2200012207031,346.9901123046875,546.4650268554688,71.27999877929688,302.1499938964844,270.3599853515625,347.1000061035156,546.469970703125,71.30999755859375,156679,568053,63105,26992,88785
2026-07-31 10:32:00-04:00,302.6199035644531,271.27978515625,347.2799987792969,547.2899780273438,71.36499786376953,302.6199951171875,271.2900085449219,347.6400146484375,547.6599731445312,71.38500213623047,302.260009765625,270.7200012207031,347.0,546.9099731445312,71.29499816894531,302.32000732421875,271.25,347.57000732421875,547.2100219726562,71.30999755859375,125005,556277,45332,27674,105549
2026-07-31 10:33:00-04:00,302.5050048828125,271.7449951171875,347.0799865722656,545.3800048828125,71.21499633789062,302.99798583984375,272.0400085449219,347.4549865722656,547.5449829101562,71.37999725341797,302.375,271.25,346.8900146484375,545.3800048828125,71.19499969482422,302.5849914550781,271.260009765625,347.239990234375,547.4500122070312,71.37000274658203,204706,656006,33563,60381,112546
2026-07-31 10:34:00-04:00,301.94000244140625,271.6549987792969,346.5050048828125,545.1400146484375,71.19999694824219,302.5799865722656,271.82989501953125,347.1899108886719,545.5399780273438,71.22000122070312,301.9200134277344,271.3500061035156,346.4100036621094,544.2000122070312,71.13500213623047,302.4800109863281,271.7950134277344,347.1099853515625,545.5399780273438,71.21499633789062,223197,762110,32155,48213,60551
2026-07-31 10:35:00-04:00,301.9599914550781,271.3299865722656,347.17608642578125,544.8200073242188,71.15499877929688,302.0497131347656,271.8599853515625,347.20001220703125,545.1998901367188,71.2249984741211,301.70001220703125,271.0799865722656,346.5050048828125,544.7000732421875,71.12999725341797,301.92498779296875,271.6647033691406,346.5050048828125,545.0850219726562,71.20999908447266,141861,335338,31879,30237,95205
2026-07-31 10:36:00-04:00,301.94000244140625,271.82501220703125,347.0,544.4349975585938,71.26000213623047,302.07000732421875,271.82501220703125,347.42999267578125,544.8151245117188,71.2699966430664,301.8699951171875,271.0299987792969,346.99420166015625,544.0,71.12000274658203,301.9800109863281,271.3399963378906,347.2099914550781,544.7999877929688,71.1500015258789,113869,304113,20194,86879,102462
2026-07-31 10:37:00-04:00,301.94500732421875,271.17999267578125,347.6706848144531,544.9000244140625,71.2300033569336,302.05999755859375,271.8399963378906,347.7300109863281,545.168701171875,71.27999877929688,301.79998779296875,271.0199890136719,347.0006103515625,544.22998046875,71.2300033569336,301.94000244140625,271.82501220703125,347.0350036621094,544.4849853515625,71.25,151259,303495,68575,40147,86467
2026-07-31 10:38:00-04:00,302.3450012207031,271.1000061035156,348.2672119140625,545.5250244140625,71.22000122070312,302.3785095214844,271.42999267578125,348.3399963378906,546.5800170898438,71.24500274658203,301.9100036621094,271.0101013183594,347.68499755859375,545.0700073242188,71.12000274658203,301.93499755859375,271.2149963378906,347.7099914550781,545.1199951171875,71.23500061035156,161798,290076,163830,73711,147596
2026-07-31 10:39:00-04:00,302.260009765625,270.6099853515625,348.07000732421875,545.8099975585938,71.17500305175781,302.5799865722656,271.239990234375,348.6499938964844,546.0,71.2300033569336,302.2250061035156,270.6099853515625,348.010009765625,545.4299926757812,71.1449966430664,302.3450012207031,271.1000061035156,348.2449951171875,545.52001953125,71.22000122070312,167619,325242,86351,26692,96819
2026-07-31 10:40:00-04:00,302.32000732421875,270.4200134277344,348.07000732421875,546.1104736328125,71.16000366210938,302.3500061035156,270.760009765625,348.20001220703125,546.3499755859375,71.18000030517578,302.0400085449219,270.25,347.94000244140625,545.5,71.1050033569336,302.2799987792969,270.6099853515625,347.95050048828125,545.9000244140625,71.17500305175781,144111,282799,57159,64056,99351
2026-07-31 10:41:00-04:00,302.760009765625,270.29998779296875,348.04998779296875,547.094970703125,71.24639892578125,302.79998779296875,270.735107421875,348.3500061035156,547.1199951171875,71.25499725341797,302.30999755859375,270.25,347.94000244140625,545.7999877929688,71.16000366210938,302.30999755859375,270.4200134277344,348.06500244140625,546.239990234375,71.16000366210938,133530,227714,56585,43392,86368
2026-07-31 10:42:00-04:00,302.3900146484375,270.8800048828125,348.17999267578125,547.5900268554688,71.20999908447266,302.760009765625,270.9800109863281,348.17999267578125,547.5900268554688,71.2249984741211,302.260009765625,270.25,347.7900085449219,546.5200805664062,71.12999725341797,302.70001220703125,270.2900085449219,348.0,547.030029296875,71.2249984741211,188950,233583,91600,42133,84270
2026-07-31 10:43:00-04:00,302.55999755859375,271.3999938964844,348.6199951171875,549.3099975585938,71.24500274658203,302.6799011230469,271.4549865722656,348.67999267578125,549.3800048828125,71.2699966430664,302.32000732421875,270.7699890136719,347.989990234375,547.3699951171875,71.18000030517578,302.4100036621094,270.8800048828125,348.1650085449219,547.3699951171875,71.20500183105469,160932,325866,50991,40348,113781
2026-07-31 10:44:00-04:00,302.43499755859375,271.31500244140625,348.80999755859375,548.8250122070312,71.26000213623047,302.5799865722656,271.5295104980469,349.04998779296875,549.889892578125,71.27999877929688,302.2699890136719,271.1199951171875,348.6099853515625,548.6500244140625,71.21499633789062,302.55999755859375,271.3700866699219,348.6199951171875,549.3101196289062,71.24500274658203,126948,323857,133718,53042,49708
2026-07-31 10:45:00-04:00,302.5201110839844,271.239990234375,348.9200134277344,549.3131103515625,71.26010131835938,302.6600036621094,271.6499938964844,349.239990234375,549.3900146484375,71.33999633789062,302.3599853515625,271.2300109863281,348.760009765625,548.3499755859375,71.24500274658203,302.4200134277344,271.29998779296875,348.8450012207031,548.8099975585938,71.2699966430664,130890,473277,102823,55240,104938
2026-07-31 10:46:00-04:00,302.1300048828125,270.8399963378906,349.19000244140625,549.97998046875,71.30000305175781,302.6300048828125,271.29998779296875,349.29998779296875,550.1500244140625,71.33499908447266,302.1300048828125,270.80169677734375,348.8500061035156,549.3900146484375,71.26499938964844,302.5199890136719,271.239990234375,348.9150085449219,549.3900146484375,71.26499938964844,164172,207562,69546,62687,110196
2026-07-31 10:47:00-04:00,302.43499755859375,271.2550048828125,349.6499938964844,549.3800048828125,71.25,302.5400085449219,271.2550048828125,349.6499938964844,550.1699829101562,71.30999755859375,302.05999755859375,270.7200012207031,348.78009033203125,549.0701293945312,71.23500061035156,302.1449890136719,270.79998779296875,349.0899963378906,549.9299926757812,71.30000305175781,168086,172475,53824,33444,76244
2026-07-31 10:48:00-04:00,302.42999267578125,271.1099853515625,349.69781494140625,550.1599731445312,71.28500366210938,302.5299987792969,271.33880615234375,349.79998779296875,550.2999877929688,71.29000091552734,302.19000244140625,271.0400085449219,349.3200988769531,548.77001953125,71.2249984741211,302.45001220703125,271.2550048828125,349.6499938964844,549.3800048828125,71.25,201177,178249,94881,51433,77517
2026-07-31 10:49:00-04:00,302.57000732421875,271.010009765625,350.0400085449219,550.9500122070312,71.28500366210938,302.6600036621094,271.3399963378906,350.2300109863281,551.3900146484375,71.30999755859375,302.3301086425781,270.9700012207031,349.7200012207031,550.0700073242188,71.2698974609375,302.42999267578125,271.0664978027344,349.7349853515625,550.0980224609375,71.29000091552734,186142,337088,167527,63911,60485
2026-07-31 10:50:00-04:00,302.5199890136719,271.1199951171875,350.1300048828125,551.8499755859375,71.25499725341797,302.6499938964844,271.239990234375,350.42999267578125,551.989990234375,71.30000305175781,302.45001220703125,270.8302917480469,349.9800109863281,550.3599853515625,71.25499725341797,302.57000732421875,270.989990234375,350.04998779296875,550.8599853515625,71.27999877929688,135651,273390,94357,113019,61857
2026-07-31 10:51:00-04:00,302.6199951171875,271.1099853515625,350.5299987792969,551.635009765625,71.29000091552734,302.6400146484375,271.2300109863281,350.6199951171875,552.4099731445312,71.31500244140625,302.3399963378906,270.95208740234375,349.79998779296875,551.219970703125,71.25499725341797,302.5150146484375,271.0899963378906,350.1062927246094,551.9307861328125,71.25990295410156,121960,177146,131888,97274,78134
2026-07-31 10:52:00-04:00,302.43499755859375,271.07000732421875,351.2149963378906,551.2449951171875,71.29499816894531,302.760009765625,271.3299865722656,351.57000732421875,551.8300170898438,71.31500244140625,302.3999938964844,270.8500061035156,350.5299987792969,551.0599975585938,71.2750015258789,302.6300048828125,271.1099853515625,350.55999755859375,551.6500244140625,71.29499816894531,154626,513139,167142,54357,68438
2026-07-31 10:53:00-04:00,302.2699890136719,271.2699890136719,351.3800048828125,551.9000244140625,71.31500244140625,302.45001220703125,271.6099853515625,351.5899963378906,552.0150146484375,71.33000183105469,302.1700134277344,271.04998779296875,350.8599853515625,551.0,71.26000213623047,302.4100036621094,271.07000732421875,351.1700134277344,551.25,71.30000305175781,186367,325789,77320,50871,97017
2026-07-31 10:54:00-04:00,302.4299011230469,271.1402893066406,350.6000061035156,551.8400268554688,71.41000366210938,302.45989990234375,271.2850036621094,351.489990234375,552.409912109375,71.41999816894531,302.19000244140625,270.9800109863281,350.44000244140625,551.5,71.30000305175781,302.2777099609375,271.2850036621094,351.42498779296875,551.9000244140625,71.31500244140625,138066,189853,107931,51325,106311
2026-07-31 10:55:00-04:00,302.19000244140625,271.1050109863281,351.239990234375,550.4099731445312,71.3550033569336,302.4100036621094,271.29998779296875,351.239990234375,552.030029296875,71.41999816894531,302.0799865722656,270.8599853515625,350.07000732421875,549.8209838867188,71.33000183105469,302.3999938964844,271.1700134277344,350.510009765625,551.885009765625,71.41000366210938,170211,536245,119402,80237,100294
2026-07-31 10:56:00-04:00,302.16619873046875,271.114990234375,352.41650390625,551.2899780273438,71.42500305175781,302.2267150878906,271.3999938964844,352.41650390625,551.752685546875,71.42990112304688,302.0899963378906,270.95001220703125,350.8999938964844,550.3099975585938,71.33499908447266,302.1517028808594,271.05999755859375,351.2398986816406,550.4099731445312,71.3550033569336,160185,162684,56818,126364,83363
2026-07-31 10:57:00-04:00,302.17498779296875,270.8900146484375,352.6700134277344,550.239990234375,71.4800033569336,302.239990234375,271.1524963378906,352.9200134277344,551.6392211914062,71.5,301.95001220703125,270.69000244140625,352.36279296875,550.239990234375,71.42009735107422,302.1650085449219,271.1099853515625,352.36279296875,551.2899780273438,71.43499755859375,310837,367016,120329,32023,85043
2026-07-31 10:58:00-04:00,302.68499755859375,270.7402038574219,352.2650146484375,550.9349975585938,71.625,302.739990234375,271.0799865722656,352.8399963378906,551.0,71.62999725341797,302.1199951171875,270.6400146484375,352.1199951171875,550.010009765625,71.5,302.1700134277344,270.8949890136719,352.614990234375,550.2899780273438,71.54000091552734,220713,337131,113605,39554,99224
2026-07-31 10:59:00-04:00,303.1600036621094,270.80999755859375,351.8395080566406,551.0900268554688,71.58499908447266,303.20001220703125,270.94500732421875,352.4800109863281,551.489990234375,71.62000274658203,302.5350036621094,270.66009521484375,351.7406921386719,550.9450073242188,71.56500244140625,302.6600036621094,270.75,352.2200012207031,551.0399780273438,71.62000274658203,179819,193506,108820,36174,82207
2026-07-31 11:00:00-04:00,302.8599853515625,271.010009765625,352.7749938964844,551.64501953125,71.65010070800781,303.239990234375,271.35400390625,352.8949890136719,552.0900268554688,71.65010070800781,302.70001220703125,270.7300109863281,351.48638916015625,550.530029296875,71.51000213623047,303.1600036621094,270.80499267578125,351.7799987792969,551.010009765625,71.57499694824219,370783,257078,98057,79322,142805
2026-07-31 11:01:00-04:00,302.70001220703125,270.6499938964844,352.42999267578125,552.1400146484375,71.68499755859375,302.9700012207031,271.0199890136719,353.17999267578125,552.22998046875,71.72000122070312,302.6300048828125,270.5950012207031,352.25,551.030029296875,71.63500213623047,302.8500061035156,271.0,352.78009033203125,551.7100219726562,71.66000366210938,135362,292874,111702,98704,86558
2026-07-31 11:02:00-04:00,302.55999755859375,270.2099914550781,352.75,552.5250244140625,71.69499969482422,302.7799987792969,270.88690185546875,352.95001220703125,553.0700073242188,71.73500061035156,302.3207092285156,270.19000244140625,352.3002014160156,551.7899780273438,71.68000030517578,302.7049865722656,270.6199951171875,352.44000244140625,552.0731811523438,71.68499755859375,188473,196347,88770,50731,47671
2026-07-31 11:03:00-04:00,302.4200134277344,270.1199951171875,352.239990234375,552.25,71.75990295410156,302.5899963378906,270.54998779296875,352.9599914550781,552.8499755859375,71.76000213623047,302.3399963378906,270.0400085449219,351.92999267578125,551.9110107421875,71.6449966430664,302.5299987792969,270.2099914550781,352.75,552.5250244140625,71.69000244140625,158325,174028,71502,38552,62973
2026-07-31 11:04:00-04:00,302.635009765625,270.1199951171875,351.5325012207031,551.1199951171875,71.70999908447266,302.70001220703125,270.2799987792969,352.4200134277344,552.1400146484375,71.75,302.3900146484375,270.0299987792969,351.5325012207031,550.9000244140625,71.69999694824219,302.4150085449219,270.0899963378906,352.2900085449219,552.135009765625,71.75,185076,142742,70484,100923,42479
2026-07-31 11:05:00-04:00,302.7250061035156,270.25,350.9100036621094,551.22998046875,71.69000244140625,302.739990234375,270.510009765625,351.7900085449219,552.02001953125,71.75,302.5400085449219,270.1050109863281,350.8500061035156,551.0850219726562,71.68499755859375,302.6300048828125,270.1199951171875,351.55999755859375,551.0850219726562,71.69999694824219,126383,168411,95167,29639,69813
2026-07-31 11:06:00-04:00,302.69500732421875,270.3900146484375,351.0899963378906,551.864990234375,71.63269805908203,302.95001220703125,270.64898681640625,351.2900085449219,552.0499877929688,71.70999908447266,302.5899963378906,270.20001220703125,350.7850036621094,551.1104736328125,71.63200378417969,302.7300109863281,270.2200927734375,350.8900146484375,551.219970703125,71.68499755859375,170978,155970,50853,33220,65010
2026-07-31 11:07:00-04:00,302.6600036621094,270.20001220703125,351.28729248046875,552.375,71.70500183105469,302.7099914550781,270.45001220703125,351.6650085449219,552.8900146484375,71.70999908447266,302.4599914550781,270.1199951171875,350.8788146972656,551.5999755859375,71.625,302.68499755859375,270.3999938964844,351.0799865722656,551.864990234375,71.63009643554688,133414,156099,46709,54378,50397
2026-07-31 11:08:00-04:00,302.7799987792969,270.2550048828125,350.4649963378906,550.1799926757812,71.61499786376953,302.8299865722656,270.39990234375,351.489990234375,552.3499755859375,71.70999908447266,302.6600036621094,270.010009765625,350.4649963378906,549.6599731445312,71.61499786376953,302.6700134277344,270.20599365234375,351.32000732421875,552.2899780273438,71.70500183105469,163115,210096,39602,126055,59948
2026-07-31 11:09:00-04:00,302.8900146484375,270.04998779296875,350.44000244140625,549.8499755859375,71.63999938964844,302.92999267578125,270.25,350.6300048828125,550.27001953125,71.66000366210938,302.6600036621094,269.80999755859375,350.1134033203125,549.1524047851562,71.58000183105469,302.7699890136719,270.24749755859375,350.4200134277344,550.1799926757812,71.61000061035156,136075,279662,31438,37036,68163
2026-07-31 11:10:00-04:00,302.9949951171875,270.2550048828125,350.3999938964844,549.8049926757812,71.72989654541016,303.0400085449219,270.5400085449219,350.75,550.27001953125,71.72989654541016,302.7900085449219,270.0299987792969,350.1300048828125,549.6199951171875,71.61000061035156,302.9200134277344,270.05499267578125,350.4800109863281,550.0,71.6500015258789,159390,218825,53019,23978,45524
2026-07-31 11:11:00-04:00,302.8500061035156,270.6000061035156,348.9599914550781,547.7999877929688,71.66500091552734,303.04998779296875,270.7699890136719,350.3699951171875,549.8480224609375,71.72000122070312,302.7300109863281,270.2107849121094,348.94000244140625,547.6500854492188,71.6500015258789,302.9714050292969,270.2699890136719,350.3299865722656,549.8049926757812,71.70999908447266,218322,196596,66059,53604,43122
2026-07-31 11:12:00-04:00,302.69000244140625,270.8699951171875,349.04998779296875,547.739990234375,71.66000366210938,303.06500244140625,270.9100036621094,349.0899963378906,548.114990234375,71.69499969482422,302.61749267578125,270.4150085449219,348.3599853515625,547.0554809570312,71.6500015258789,302.8699951171875,270.57000732421875,348.9200134277344,547.7899780273438,71.66999816894531,208884,240132,61249,34847,46996
2026-07-31 11:13:00-04:00,302.760009765625,271.31500244140625,349.260009765625,547.7349853515625,71.61000061035156,302.8999938964844,271.6199951171875,349.5,548.1500244140625,71.66000366210938,302.5299987792969,270.8399963378906,349.0199890136719,547.330078125,71.5999984741211,302.6650085449219,270.8699951171875,349.0899963378906,547.52001953125,71.66000366210938,190776,372805,33213,27686,61465
2026-07-31 11:14:00-04:00,302.9949951171875,271.6099853515625,349.0903015136719,547.6799926757812,71.62000274658203,303.0794982910156,271.8500061035156,349.57000732421875,548.02001953125,71.62000274658203,302.5350036621094,271.114990234375,349.0899963378906,546.9600219726562,71.59500122070312,302.7449951171875,271.3280944824219,349.32000732421875,547.5999755859375,71.61000061035156,165813,263172,26817,50413,32708
2026-07-31 11:15:00-04:00,302.8699951171875,271.44000244140625,349.7300109863281,546.85498046875,71.55999755859375,303.1000061035156,271.989990234375,350.3999938964844,547.7100219726562,71.61000061035156,302.79998779296875,271.3800048828125,349.0299987792969,546.7100219726562,71.51000213623047,302.9949951171875,271.6600036621094,349.1199951171875,547.4849853515625,71.61000061035156,185402,337539,57881,32658,76298
2026-07-31 11:16:00-04:00,303.09228515625,271.1000061035156,349.5398864746094,545.5250244140625,71.61000061035156,303.13800048828125,271.45001220703125,349.7900085449219,547.1199951171875,71.63999938964844,302.8599853515625,270.8800048828125,349.3403015136719,545.4000244140625,71.55719757080078,302.8699951171875,271.42999267578125,349.7799987792969,546.85498046875,71.55999755859375,200508,188021,34553,66300,46069
2026-07-31 11:17:00-04:00,303.5,270.42010498046875,349.3349914550781,546.3699951171875,71.56999969482422,303.6600036621094,271.1499938964844,349.5299987792969,546.7999877929688,71.61000061035156,302.760009765625,270.4118957519531,348.94500732421875,545.3099975585938,71.55999755859375,303.0799865722656,271.1199951171875,349.42999267578125,545.659912109375,71.61000061035156,252280,245921,29052,48480,30644
2026-07-31 11:18:00-04:00,303.489990234375,270.7349853515625,349.7449951171875,546.0300903320312,71.6050033569336,303.8500061035156,270.7699890136719,349.80999755859375,546.4699096679688,71.63999938964844,303.3800048828125,270.239990234375,349.2099914550781,545.7401123046875,71.56999969482422,303.4800109863281,270.44500732421875,349.3299865722656,546.25,71.56999969482422,195655,161093,36600,23745,55002
2026-07-31 11:19:00-04:00,303.8901062011719,270.44000244140625,349.7250061035156,545.8699951171875,71.6050033569336,304.0295104980469,270.7900085449219,349.8500061035156,546.4500122070312,71.62000274658203,303.45001220703125,270.4200134277344,349.5400085449219,545.4550170898438,71.58000183105469,303.4530944824219,270.7349853515625,349.739990234375,546.2000122070312,71.5999984741211,202967,154165,25976,29600,30415
2026-07-31 11:20:00-04:00,303.8800048828125,270.6050109863281,349.4750061035156,545.5401000976562,71.625,304.1600036621094,270.6449890136719,349.83990478515625,545.8099975585938,71.6500015258789,303.7799987792969,270.3900146484375,349.4100036621094,545.0999755859375,71.58499908447266,303.8900146484375,270.43499755859375,349.67999267578125,545.7650146484375,71.6050033569336,147194,123562,32442,29898,62227
2026-07-31 11:21:00-04:00,303.8599853515625,270.70001220703125,349.6000061035156,545.5150146484375,71.66500091552734,304.25,270.8399963378906,349.875,546.3699951171875,71.66999816894531,303.8500061035156,270.4599914550781,349.4901123046875,545.360107421875,71.61499786376953,303.89990234375,270.6099853515625,349.54998779296875,545.64501953125,71.62999725341797,172898,181534,22644,22988,35764
2026-07-31 11:22:00-04:00,303.5199890136719,270.7149963378906,349.54998779296875,545.9299926757812,71.66999816894531,303.92498779296875,270.75,349.94000244140625,546.3599853515625,71.69000244140625,303.510009765625,270.5299987792969,349.3070983886719,545.469970703125,71.6449966430664,303.8699951171875,270.69000244140625,349.5950927734375,545.52001953125,71.68499755859375,159885,105343,31120,18523,60440
2026-07-31 11:23:00-04:00,303.07501220703125,270.4200134277344,349.57000732421875,544.97998046875,71.61499786376953,303.6400146484375,270.7349853515625,349.864990234375,546.1199951171875,71.68499755859375,303.04998779296875,270.3949890136719,349.45001220703125,544.8001098632812,71.61499786376953,303.53009033203125,270.7055969238281,349.55499267578125,545.9334106445312,71.66500091552734,136577,100272,21449,42291,37365
2026-07-31 11:24:00-04:00,302.95001220703125,270.07000732421875,349.2799987792969,543.8350219726562,71.61000061035156,303.1698913574219,270.42999267578125,349.510009765625,545.0,71.6449966430664,302.9230041503906,269.95001220703125,349.0852966308594,543.6500244140625,71.58999633789062,303.0899963378906,270.3900146484375,349.510009765625,545.0,71.5999984741211,159177,178900,35311,83065,55731
2026-07-31 11:25:00-04:00,302.5841979980469,269.42498779296875,349.4750061035156,543.8200073242188,71.73500061035156,303.0799865722656,270.0513916015625,349.5799865722656,544.1699829101562,71.73989868164062,302.4800109863281,269.375,349.1499938964844,543.2999877929688,71.59380340576172,302.9551086425781,270.0513916015625,349.2491149902344,543.8300170898438,71.61000061035156,234506,223925,38015,51175,43306
2026-07-31 11:26:00-04:00,302.6600036621094,269.0799865722656,349.0199890136719,542.9299926757812,71.79499816894531,302.67999267578125,269.8699035644531,349.55999755859375,543.8099975585938,71.80999755859375,302.2300109863281,268.80999755859375,348.9200134277344,542.7800903320312,71.72000122070312,302.54998779296875,269.42498779296875,349.4775085449219,543.8099975585938,71.73500061035156,286510,276631,36571,80090,92686
2026-07-31 11:27:00-04:00,302.2300109863281,268.2099914550781,348.6899108886719,542.4749755859375,71.75499725341797,302.67999267578125,269.0899963378906,349.2099914550781,543.280029296875,71.80999755859375,302.20001220703125,268.16009521484375,348.5299987792969,542.260009765625,71.73500061035156,302.6600036621094,269.04998779296875,348.989990234375,543.030029296875,71.80999755859375,152149,262309,52939,75603,58262
2026-07-31 11:28:00-04:00,301.8399963378906,267.69000244140625,348.81500244140625,541.8400268554688,71.73380279541016,302.2698974609375,268.3699035644531,348.81500244140625,542.52001953125,71.81999969482422,301.69000244140625,267.6600036621094,348.4189147949219,541.7999877929688,71.73380279541016,302.2300109863281,268.19500732421875,348.739990234375,542.4749755859375,71.75499725341797,434429,336666,162761,91432,56942
2026-07-31 11:29:00-04:00,301.7300109863281,267.3999938964844,348.4599914550781,540.8800048828125,71.6449966430664,301.9649963378906,267.8599853515625,348.8299865722656,541.9299926757812,71.73500061035156,301.6400146484375,267.364990234375,348.260009765625,540.760009765625,71.63999938964844,301.8399963378906,267.7099914550781,348.75,541.7999877929688,71.73500061035156,230607,336192,36378,82811,53228
2026-07-31 11:30:00-04:00,301.8450012207031,267.0299987792969,348.20001220703125,540.8400268554688,71.53500366210938,302.14849853515625,267.4200134277344,348.7049865722656,541.0,71.6500015258789,301.7250061035156,266.8500061035156,348.1401062011719,540.239990234375,71.5250015258789,301.7300109863281,267.4049987792969,348.44000244140625,540.780029296875,71.6500015258789,188306,285150,25487,114037,83612
2026-07-31 11:31:00-04:00,301.989990234375,267.19000244140625,348.385009765625,541.739990234375,71.5199966430664,302.1300048828125,267.2900085449219,348.5,542.1644897460938,71.55999755859375,301.79998779296875,266.8399963378906,347.9700012207031,540.8599853515625,71.5,301.8598937988281,267.0,348.1951904296875,540.97998046875,71.53109741210938,139131,296122,35335,58845,82217
2026-07-31 11:32:00-04:00,301.94500732421875,267.2799072265625,348.4800109863281,542.3900146484375,71.51499938964844,302.010009765625,267.7300109863281,348.5,542.7349853515625,71.54499816894531,301.8299865722656,267.1300048828125,348.239990234375,541.5750122070312,71.49500274658203,301.989990234375,267.19000244140625,348.32000732421875,541.655029296875,71.51499938964844,139620,400320,25854,53329,63743
2026-07-31 11:33:00-04:00,302.19500732421875,266.875,348.7900085449219,542.760009765625,71.48999786376953,302.239990234375,267.2449951171875,348.96990966796875,543.4000244140625,71.51000213623047,301.8399963378906,266.75,348.3999938964844,542.1849975585938,71.47000122070312,301.92999267578125,267.2300109863281,348.5198974609375,542.5250244140625,71.51000213623047,224493,182958,25548,51872,59193
2026-07-31 11:34:00-04:00,302.2731018066406,267.0,349.05999755859375,544.2949829101562,71.4800033569336,302.3599853515625,267.05999755859375,349.1300048828125,544.405029296875,71.50499725341797,302.0199890136719,266.55999755859375,348.5899963378906,542.5399780273438,71.47000122070312,302.21990966796875,266.8599853515625,348.7799987792969,542.760009765625,71.48999786376953,134027,1228333,59125,31649,73936
2026-07-31 11:35:00-04:00,302.3699951171875,266.5199890136719,349.05889892578125,544.510009765625,71.49500274658203,302.5899963378906,267.0050048828125,349.25,544.639892578125,71.5199966430664,302.239990234375,266.32000732421875,348.8667907714844,544.0,71.45500183105469,302.2900085449219,267.0050048828125,349.05999755859375,544.219970703125,71.4749984741211,141148,249289,30888,30666,99025
2026-07-31 11:36:00-04:00,302.1199951171875,266.54998779296875,349.1600036621094,544.2899780273438,71.56500244140625,302.3900146484375,266.8611145019531,349.3900146484375,544.6220703125,71.56500244140625,302.04998779296875,266.32000732421875,349.0,544.1900024414062,71.46499633789062,302.3699951171875,266.5199890136719,349.0,544.510009765625,71.49120330810547,435130,168521,26629,32063,68547
2026-07-31 11:37:00-04:00,302.6650085449219,266.79010009765625,349.3251037597656,544.85498046875,71.56999969482422,302.80999755859375,266.9049987792969,349.41009521484375,544.969970703125,71.6050033569336,302.0899963378906,266.5350036621094,349.07000732421875,544.2000122070312,71.54499816894531,302.0899963378906,266.54998779296875,349.1300048828125,544.219970703125,71.56500244140625,226342,179171,27285,25338,63548
2026-07-31 11:38:00-04:00,302.7099914550781,266.7099914550781,350.04998779296875,545.6099853515625,71.58000183105469,302.7200012207031,267.1000061035156,350.1300048828125,545.9158935546875,71.58000183105469,302.2300109863281,266.6600036621094,349.30999755859375,544.7899780273438,71.5250015258789,302.6650085449219,266.8299865722656,349.3699951171875,544.85498046875,71.57499694824219,198770,230543,48250,37038,77089
2026-07-31 11:39:00-04:00,302.1600036621094,266.5899963378906,349.6600036621094,546.1749877929688,71.53500366210938,302.82000732421875,267.0143127441406,350.1698913574219,546.4451293945312,71.61000061035156,302.1000061035156,266.54998779296875,349.6600036621094,545.7000122070312,71.52999877929688,302.7200012207031,266.739990234375,350.0199890136719,545.77001953125,71.58000183105469,147101,146245,42763,29379,53992
2026-07-31 11:40:00-04:00,302.1499938964844,266.56500244140625,349.67498779296875,546.0399780273438,71.50499725341797,302.33990478515625,266.8399963378906,349.8699035644531,546.3499755859375,71.55000305175781,301.9649963378906,266.4700012207031,349.510009765625,545.7200927734375,71.48500061035156,302.19000244140625,266.5899963378906,349.75,546.0800170898438,71.53500366210938,135334,158829,37921,26973,51510
2026-07-31 11:41:00-04:00,301.56170654296875,266.94000244140625,349.3999938964844,546.010009765625,71.55500030517578,302.1449890136719,267.0199890136719,349.67498779296875,546.1900024414062,71.57499694824219,301.5329895019531,266.4849853515625,349.0,545.7000122070312,71.50199890136719,302.1300048828125,266.56500244140625,349.67498779296875,546.0601196289062,71.51000213623047,185343,151500,40004,15594,57768
2026-07-31 11:42:00-04:00,301.6000061035156,266.8598937988281,349.3349914550781,546.2150268554688,71.58499908447266,301.8999938964844,267.0199890136719,349.5899963378906,546.4000244140625,71.5999984741211,301.4700012207031,266.70001220703125,349.2900085449219,545.72998046875,71.52999877929688,301.55499267578125,266.94000244140625,349.3999938964844,545.9400024414062,71.55509948730469,430282,166136,29992,22327,61054
2026-07-31 11:43:00-04:00,301.4599914550781,266.9100036621094,349.69000244140625,545.6405029296875,71.625,301.7749938964844,266.92999267578125,349.739990234375,546.219970703125,71.63500213623047,301.44000244140625,266.4800109863281,349.1600036621094,545.4000244140625,71.58499908447266,301.6600036621094,266.81500244140625,349.2799987792969,545.9002075195312,71.58499908447266,176173,132673,33487,13906,49646
2026-07-31 11:44:00-04:00,301.95001220703125,266.7900085449219,349.55999755859375,545.7994995117188,71.68000030517578,301.9700012207031,267.0199890136719,349.8900146484375,546.0,71.69499969482422,301.45001220703125,266.66400146484375,349.5400085449219,545.6199951171875,71.625,301.4599914550781,266.875,349.6700134277344,545.7349853515625,71.625,152135,249119,45388,17911,45033
2026-07-31 11:45:00-04:00,302.1000061035156,266.7900085449219,349.32501220703125,545.8800048828125,71.72000122070312,302.12750244140625,266.8399963378906,349.57501220703125,545.9600219726562,71.7300033569336,301.8599853515625,266.6300048828125,349.02020263671875,545.489990234375,71.65499877929688,301.95001220703125,266.7799987792969,349.55999755859375,545.7999877929688,71.69000244140625,108927,161258,23779,11741,48801
2026-07-31 11:46:00-04:00,302.2200012207031,266.92999267578125,349.385009765625,545.27001953125,71.75,302.29998779296875,267.3800048828125,349.4800109863281,546.010009765625,71.7750015258789,302.0400085449219,266.760009765625,349.25,545.27001953125,71.71499633789062,302.1099853515625,266.7799987792969,349.32000732421875,545.8101196289062,71.7249984741211,85698,177365,13659,50932,82860
2026-07-31 11:47:00-04:00,302.04998779296875,266.7799987792969,348.9599914550781,545.1599731445312,71.66500091552734,302.35699462890625,267.05999755859375,349.5299987792969,545.6649780273438,71.73999786376953,301.82000732421875,266.6700134277344,348.92999267578125,544.6500854492188,71.6500015258789,302.260009765625,266.95001220703125,349.3500061035156,545.3099975585938,71.73999786376953,140616,127455,33605,17011,89557
2026-07-31 11:48:00-04:00,302.05999755859375,266.9150085449219,348.9551086425781,545.280029296875,71.68499755859375,302.1499938964844,266.97979736328125,349.0,545.377197265625,71.69000244140625,301.95001220703125,266.68011474609375,348.67999267578125,544.7100219726562,71.625,302.04998779296875,266.7699890136719,348.9849853515625,545.0800170898438,71.66999816894531,70853,107019,28619,40519,47349
2026-07-31 11:49:00-04:00,300.88580322265625,267.2510070800781,349.2749938964844,545.3074951171875,71.63999938964844,302.07000732421875,267.3389892578125,349.29998779296875,545.489990234375,71.69000244140625,300.739990234375,266.8299865722656,348.91009521484375,544.9199829101562,71.62000274658203,302.0199890136719,266.9100036621094,348.91009521484375,545.3800048828125,71.67500305175781,603041,284616,23432,13638,37441
2026-07-31 11:50:00-04:00,300.7799987792969,268.07501220703125,350.07000732421875,546.5599975585938,71.66500091552734,300.8800048828125,268.16558837890625,350.0799865722656,546.5800170898438,71.66500091552734,300.3999938964844,267.2500915527344,349.2799987792969,545.3842163085938,71.62999725341797,300.864990234375,267.29998779296875,349.3399963378906,545.3900146484375,71.6449966430664,369526,219399,26987,48122,32344
2026-07-31 11:51:00-04:00,300.8349914550781,268.29998779296875,351.2300109863281,546.2642822265625,71.67500305175781,300.8399963378906,269.0586853027344,351.3352966308594,546.8800048828125,71.68000030517578,300.5199890136719,267.8599853515625,350.05999755859375,546.1400146484375,71.62999725341797,300.760009765625,268.04998779296875,350.07501220703125,546.5800170898438,71.66000366210938,173480,471725,70943,25788,41132
2026-07-31 11:52:00-04:00,300.9200134277344,268.6400146484375,352.1899108886719,546.030029296875,71.67500305175781,301.0400085449219,268.6700134277344,352.25,547.2489013671875,71.72000122070312,300.760009765625,268.239990234375,351.2950134277344,545.739990234375,71.66000366210938,300.8399963378906,268.2699890136719,351.3599853515625,546.3599853515625,71.68000030517578,152510,137484,79684,72787,45596
2026-07-31 11:53:00-04:00,300.8399963378906,268.5400085449219,351.8999938964844,546.0900268554688,71.6500015258789,300.9599914550781,269.04998779296875,352.3900146484375,546.2000122070312,71.68000030517578,300.6400146484375,268.4599914550781,351.6401062011719,545.760009765625,71.6449966430664,300.92498779296875,268.625,352.1449890136719,545.97998046875,71.68000030517578,153073,212493,55180,18163,49009
2026-07-31 11:54:00-04:00,301.3999938964844,268.114990234375,351.3949890136719,546.5449829101562,71.58499908447266,301.4219970703125,268.5249938964844,351.92999267578125,546.8718872070312,71.66000366210938,300.760009765625,268.07000732421875,351.3399963378906,545.9401245117188,71.58000183105469,300.82000732421875,268.5249938964844,351.8450012207031,546.0999755859375,71.6500015258789,124587,176929,37349,40891,45352
2026-07-31 11:55:00-04:00,301.25,268.1698913574219,351.2200012207031,545.780029296875,71.54989624023438,301.42999267578125,268.1698913574219,351.38751220703125,546.4779052734375,71.58499908447266,300.8900146484375,267.8999938964844,350.82000732421875,545.760986328125,71.5250015258789,301.3900146484375,268.1001892089844,351.3399963378906,546.4349975585938,71.58499908447266,190842,151653,40497,19858,37072
2026-07-31 11:56:00-04:00,301.385009765625,268.5159912109375,351.5299987792969,546.502197265625,71.56999969482422,301.54998779296875,268.70001220703125,351.6600036621094,546.502197265625,71.58000183105469,301.1499938964844,268.1000061035156,351.1199951171875,545.7902221679688,71.54499816894531,301.27520751953125,268.17498779296875,351.2467041015625,545.989990234375,71.54499816894531,175210,133454,41025,19873,37028
2026-07-31 11:57:00-04:00,301.5299987792969,268.760009765625,351.4549865722656,546.530029296875,71.625,301.5799865722656,268.9049987792969,351.70001220703125,546.8599853515625,71.625,301.135009765625,268.5400085449219,351.41009521484375,546.1300048828125,71.56999969482422,301.385009765625,268.5450134277344,351.53009033203125,546.130126953125,71.56999969482422,113200,221922,35363,15027,40966
2026-07-31 11:58:00-04:00,301.5899963378906,268.75,351.3203125,545.8800048828125,71.62000274658203,301.7200012207031,268.9700012207031,351.7900085449219,546.8699951171875,71.67949676513672,301.45001220703125,268.6000061035156,351.3203125,545.8510131835938,71.5999984741211,301.5299987792969,268.79998779296875,351.4100036621094,546.5250244140625,71.625,115955,124507,20645,24536,122230
2026-07-31 11:59:00-04:00,301.2950134277344,268.8900146484375,351.45001220703125,545.8499755859375,71.6500015258789,301.6400146484375,269.1300048828125,351.489990234375,546.0798950195312,71.66500091552734,301.2799987792969,268.69000244140625,351.07000732421875,545.510009765625,71.58999633789062,301.5799865722656,268.75,351.31500244140625,545.781005859375,71.625,471568,161031,31724,11661,42258
2026-07-31 12:00:00-04:00,301.1448059082031,269.2301025390625,351.92999267578125,546.0,71.59980010986328,301.3580017089844,269.32000732421875,351.92999267578125,546.280029296875,71.63999938964844,300.8999938964844,268.8450012207031,351.42999267578125,545.739990234375,71.59500122070312,301.2850036621094,268.8599853515625,351.4800109863281,545.9716186523438,71.63999938964844,138876,187829,38449,11010,34935
2026-07-31 12:01:00-04:00,301.2699890136719,269.7300109863281,351.7200012207031,545.7999877929688,71.56999969482422,301.33990478515625,269.8550109863281,351.9049987792969,546.280029296875,71.61000061035156,301.0,269.1600036621094,351.44000244140625,545.4400024414062,71.56999969482422,301.1400146484375,269.2799072265625,351.9049987792969,546.23876953125,71.6050033569336,165038,268266,29174,18420,27081
2026-07-31 12:02:00-04:00,301.5350036621094,269.7699890136719,351.7149963378906,545.8200073242188,71.59500122070312,301.59991455078125,269.95001220703125,351.8500061035156,545.9899291992188,71.5999984741211,301.20001220703125,269.68121337890625,351.6001892089844,545.5499877929688,71.5438003540039,301.2699890136719,269.739990234375,351.7200012207031,545.7750244140625,71.57499694824219,147658,187416,23693,22532,41599
2026-07-31 12:03:00-04:00,301.33990478515625,269.94500732421875,351.6672058105469,546.3800048828125,71.62000274658203,301.55999755859375,270.20001220703125,351.760009765625,546.6099853515625,71.62000274658203,301.2799987792969,269.69000244140625,351.6400146484375,545.72998046875,71.58000183105469,301.5155944824219,269.760009765625,351.7149963378906,545.780029296875,71.58999633789062,112284,338218,18701,38145,18337
2026-07-31 12:04:00-04:00,301.3399963378906,269.95001220703125,351.7312927246094,546.39501953125,71.66500091552734,301.3789978027344,270.0,351.8299865722656,546.97998046875,71.66500091552734,301.19000244140625,269.7900085449219,351.6499938964844,546.2501220703125,71.5999984741211,301.32501220703125,269.9599914550781,351.67010498046875,546.3800048828125,71.62000274658203,111757,126200,17372,34489,26406
2026-07-31 12:05:00-04:00,301.19000244140625,270.2250061035156,351.9800109863281,546.5698852539062,71.67500305175781,301.45001220703125,270.25,352.1099853515625,546.8197021484375,71.69000244140625,301.17999267578125,269.8901062011719,351.7449951171875,546.219970703125,71.66500091552734,301.3550109863281,269.95001220703125,351.7449951171875,546.530029296875,71.66500091552734,104587,201195,44318,17636,39330
2026-07-31 12:06:00-04:00,301.25579833984375,269.94000244140625,352.0,546.2498779296875,71.63500213623047,301.29998779296875,270.3399963378906,352.0,546.4149780273438,71.68000030517578,301.1199951171875,269.85009765625,351.82000732421875,545.8499755859375,71.62999725341797,301.18499755859375,270.2349853515625,351.9549865722656,546.2949829101562,71.68000030517578,67029,201198,22020,22674,30675
2026-07-31 12:07:00-04:00,301.1799011230469,269.5899963378906,352.0249938964844,546.2550048828125,71.65519714355469,301.2900085449219,269.94500732421875,352.20001220703125,546.8098754882812,71.66000366210938,301.1600036621094,269.42498779296875,351.83489990234375,546.0900268554688,71.62010192871094,301.260009765625,269.94500732421875,352.0,546.1199951171875,71.6312026977539,89869,196702,45216,18458,39683
2026-07-31 12:08:00-04:00,301.3399963378906,269.4700012207031,352.2969970703125,546.677978515625,71.68679809570312,301.3800048828125,269.6698913574219,352.3399963378906,546.7999877929688,71.69000244140625,301.1499938964844,269.2900085449219,352.0799865722656,546.219970703125,71.65499877929688,301.17999267578125,269.61199951171875,352.1000061035156,546.219970703125,71.65879821777344,69707,678680,21840,14433,37503
2026-07-31 12:09:00-04:00,301.2300109863281,269.739990234375,352.21990966796875,546.1749877929688,71.6449966430664,301.3699951171875,269.9700012207031,352.45001220703125,546.7899169921875,71.69999694824219,301.1600036621094,269.489990234375,352.1099853515625,546.1749877929688,71.63999938964844,301.3599853515625,269.489990234375,352.2799987792969,546.625,71.68499755859375,61393,202854,37350,17322,51037
2026-07-31 12:10:00-04:00,301.42999267578125,270.1000061035156,352.20001220703125,546.8499755859375,71.66500091552734,301.510009765625,270.2699890136719,352.239990234375,546.9099731445312,71.66999816894531,301.19000244140625,269.70001220703125,352.0408020019531,546.1099853515625,71.6449966430664,301.2674865722656,269.7200927734375,352.19000244140625,546.1099853515625,71.6449966430664,74815,259473,17397,30504,28596
2026-07-31 12:11:00-04:00,301.635009765625,270.31500244140625,352.18499755859375,546.4000854492188,71.67500305175781,301.6499938964844,270.31500244140625,352.6000061035156,547.25,71.69999694824219,301.3399963378906,269.8599853515625,352.1499938964844,546.4000854492188,71.65499877929688,301.43499755859375,270.102294921875,352.1700134277344,546.7949829101562,71.66500091552734,76521,274221,36671,24814,50062
2026-07-31 12:12:00-04:00,301.7300109863281,270.4700012207031,352.32000732421875,546.8200073242188,71.62000274658203,301.8299865722656,270.4700012207031,352.3900146484375,546.8200073242188,71.67500305175781,301.489990234375,270.1199951171875,352.10009765625,546.510009765625,71.61499786376953,301.635009765625,270.30999755859375,352.2099914550781,546.5449829101562,71.67500305175781,101752,162014,15125,16351,36397
2026-07-31 12:13:00-04:00,301.8500061035156,270.80999755859375,352.5400085449219,547.2249755859375,71.68499755859375,301.9200134277344,270.82000732421875,352.55999755859375,547.396728515625,71.69000244140625,301.68011474609375,270.4100036621094,352.3135986328125,546.77001953125,71.625,301.70001220703125,270.4100036621094,352.3135986328125,546.77001953125,71.625,102624,180170,17858,55435,24930
2026-07-31 12:14:00-04:00,302.114990234375,270.7651062011719,352.6300048828125,547.8599243164062,71.70500183105469,302.1400146484375,270.8999938964844,352.7149963378906,547.8800048828125,71.72000122070312,301.75,270.6318054199219,352.5150146484375,547.1527099609375,71.65499877929688,301.8500061035156,270.80999755859375,352.5400085449219,547.2999877929688,71.68000030517578,136618,189255,23949,32174,50193
2026-07-31 12:15:00-04:00,302.0899963378906,270.5799865722656,352.2449951171875,547.22998046875,71.69000244140625,302.3399963378906,270.8500061035156,352.94989013671875,547.8499755859375,71.69999694824219,302.0299987792969,270.5008850097656,352.17999267578125,547.219970703125,71.66000366210938,302.1050109863281,270.7650146484375,352.6600036621094,547.7899780273438,71.69999694824219,132811,174067,38015,129774,42550
2026-07-31 12:16:00-04:00,302.0398864746094,271.06500244140625,352.5899963378906,548.989990234375,71.66500091552734,302.1064147949219,271.3999938964844,352.5899963378906,549.0,71.69499969482422,301.8399963378906,270.40020751953125,352.20001220703125,547.2200927734375,71.65499877929688,302.0801086425781,270.6000061035156,352.239990234375,547.364990234375,71.68499755859375,132842,368889,44185,25472,37447
2026-07-31 12:17:00-04:00,301.8999938964844,270.55999755859375,352.552490234375,548.7899169921875,71.6449966430664,302.03961181640625,271.07000732421875,352.70770263671875,548.8699951171875,71.66500091552734,301.7300109863281,270.55999755859375,352.32000732421875,548.5549926757812,71.62000274658203,302.0249938964844,271.06500244140625,352.55499267578125,548.7750244140625,71.66500091552734,141921,122495,18712,12592,42989
2026-07-31 12:18:00-04:00,301.489990234375,270.4700012207031,352.6400146484375,548.4650268554688,71.67500305175781,301.94000244140625,270.6099853515625,352.6499938964844,548.8798828125,71.67500305175781,301.36090087890625,270.30999755859375,352.4150085449219,548.0549926757812,71.625,301.94000244140625,270.57000732421875,352.49749755859375,548.719970703125,71.6500015258789,284333,97969,44471,20283,31234
2026-07-31 12:19:00-04:00,301.1549987792969,270.37298583984375,352.9549865722656,548.1649780273438,71.69499969482422,301.5199890136719,270.7699890136719,352.989990234375,548.6986083984375,71.69989776611328,301.1300048828125,270.25,352.67999267578125,548.1649780273438,71.66999816894531,301.510009765625,270.5,352.67999267578125,548.5399780273438,71.66999816894531,169347,175546,37130,15579,11155
2026-07-31 12:20:00-04:00,301.2799987792969,270.625,353.398193359375,548.6599731445312,71.69000244140625,301.4700012207031,270.70001220703125,353.4800109863281,549.2100219726562,71.69999694824219,301.1400146484375,270.364990234375,352.79998779296875,548.030029296875,71.65499877929688,301.17498779296875,270.385009765625,352.92999267578125,548.1649780273438,71.69999694824219,108957,141859,63821,29120,45022
2026-07-31 12:21:00-04:00,301.2950134277344,270.6600036621094,353.4100036621094,548.783203125,71.70500183105469,301.3900146484375,270.6600036621094,353.7200012207031,548.969970703125,71.71499633789062,301.1600036621094,270.45001220703125,353.2300109863281,548.5900268554688,71.66999816894531,301.2799987792969,270.625,353.3699951171875,548.9600219726562,71.68840026855469,111508,99582,66140,14962,41439
2026-07-31 12:22:00-04:00,301.4397888183594,270.9700012207031,353.2200012207031,548.4000244140625,71.6707992553711,301.4397888183594,271.07000732421875,353.5050048828125,548.9739990234375,71.71499633789062,301.239990234375,270.6300048828125,353.1705017089844,548.4000244140625,71.6707992553711,301.2900085449219,270.6300048828125,353.5,548.6900024414062,71.70500183105469,136774,138976,34695,14454,30966
2026-07-31 12:23:00-04:00,301.4898986816406,271.32000732421875,353.4599914550781,548.469970703125,71.68499755859375,301.614013671875,271.5299987792969,353.4700012207031,548.6400146484375,71.68499755859375,301.3299865722656,270.94000244140625,353.1200866699219,548.22998046875,71.65499877929688,301.4200134277344,270.9750061035156,353.1700134277344,548.5499877929688,71.68000030517578,105188,228181,98496,22126,42803
2026-07-31 12:24:00-04:00,301.44500732421875,271.41839599609375,353.5199890136719,548.8198852539062,71.66500091552734,301.5849914550781,271.5199890136719,353.6600036621094,548.8308715820312,71.69000244140625,301.3599853515625,271.19000244140625,353.2900085449219,548.4199829101562,71.63999938964844,301.4898986816406,271.3399963378906,353.4100036621094,548.4199829101562,71.68499755859375,107492,153195,34440,28191,49533
2026-07-31 12:25:00-04:00,301.385009765625,271.2900085449219,353.42999267578125,548.1849975585938,71.67500305175781,301.5799865722656,271.489990234375,353.55999755859375,548.8359985351562,71.69999694824219,301.3500061035156,271.2250061035156,353.32000732421875,548.1099853515625,71.66500091552734,301.45001220703125,271.42999267578125,353.4949951171875,548.7449951171875,71.66500091552734,92743,157733,36338,16754,21760
2026-07-31 12:26:00-04:00,301.239990234375,271.05010986328125,353.6099853515625,548.989990234375,71.67230224609375,301.4399108886719,271.2799987792969,353.6199951171875,549.0050048828125,71.68499755859375,301.1600036621094,271.05010986328125,353.3500061035156,548.2100219726562,71.6449966430664,301.3900146484375,271.239990234375,353.42999267578125,548.260009765625,71.67500305175781,132644,116352,36380,22943,32525
2026-07-31 12:27:00-04:00,300.82000732421875,270.9495849609375,353.659912109375,549.22998046875,71.66000366210938,301.29998779296875,271.2149963378906,353.8800048828125,549.3800048828125,71.69499969482422,300.79998779296875,270.9200134277344,353.5799865722656,548.8400268554688,71.65499877929688,301.239990234375,271.06500244140625,353.5801086425781,548.8499755859375,71.66000366210938,200765,119305,38801,20693,36954
2026-07-31 12:28:00-04:00,300.9700012207031,270.8399963378906,354.0199890136719,549.2949829101562,71.63500213623047,301.0,271.0799865722656,354.0199890136719,549.4400024414062,71.66000366210938,300.7300109863281,270.810302734375,353.57000732421875,549.0001220703125,71.62000274658203,300.8299865722656,270.94500732421875,353.6300048828125,549.239990234375,71.66000366210938,137195,120031,48241,19008,25707
2026-07-31 12:29:00-04:00,300.5400085449219,270.7900085449219,354.2099914550781,549.22998046875,71.64600372314453,300.9800109863281,271.0155029296875,354.3399963378906,549.5700073242188,71.66999816894531,300.4700012207031,270.77069091796875,353.9100036621094,549.1400146484375,71.62000274658203,300.9700012207031,270.8399963378906,354.0,549.5,71.62999725341797,199747,121426,127339,32680,30550
2026-07-31 12:30:00-04:00,300.3804931640625,271.18170166015625,354.2300109863281,549.22998046875,71.57360076904297,300.67999267578125,271.20001220703125,354.4750061035156,549.5698852539062,71.63999938964844,300.1000061035156,270.79998779296875,354.1199951171875,549.1600952148438,71.55500030517578,300.55999755859375,270.79998779296875,354.2300109863281,549.2999877929688,71.63999938964844,297715,148494,100597,17717,61784
2026-07-31 12:31:00-04:00,300.4599914550781,271.114990234375,354.19000244140625,549.7000122070312,71.55999755859375,300.54998779296875,271.25,354.375,549.7000122070312,71.57499694824219,300.2799987792969,270.8399963378906,353.95001220703125,549.0399780273438,71.52999877929688,300.3999938964844,271.19000244140625,354.29998779296875,549.3200073242188,71.57019805908203,205525,127365,71821,25788,42990
2026-07-31 12:32:00-04:00,300.0799865722656,270.6600036621094,353.989990234375,549.8499755859375,71.5250015258789,300.46600341796875,271.1050109863281,354.2250061035156,550.260009765625,71.55999755859375,300.010009765625,270.6600036621094,353.8800048828125,549.3499755859375,71.5250015258789,300.46600341796875,271.1050109863281,354.1700134277344,549.75,71.55999755859375,279913,158720,29965,43469,44522
2026-07-31 12:33:00-04:00,300.3450927734375,270.7799072265625,354.090087890625,550.0999755859375,71.5250015258789,300.45001220703125,270.7799072265625,354.197509765625,550.0999755859375,71.53500366210938,300.0,270.5072937011719,353.9100036621094,549.6400146484375,71.5,300.0799865722656,270.67999267578125,354.0050048828125,549.6909790039062,71.53500366210938,445989,131120,24917,13736,27646
2026-07-31 12:34:00-04:00,300.5350036621094,271.20001220703125,354.0199890136719,551.2000122070312,71.52999877929688,300.55999755859375,271.23480224609375,354.19000244140625,551.2000122070312,71.55989837646484,300.3299865722656,270.739990234375,354.0000915527344,549.8300170898438,71.52999877929688,300.3349914550781,270.7554931640625,354.1199951171875,549.8300170898438,71.53510284423828,127501,184794,36055,26691,25027
2026-07-31 12:35:00-04:00,300.6899108886719,270.9800109863281,353.3800048828125,551.0850219726562,71.52860260009766,300.69000244140625,271.42999267578125,354.010009765625,551.5399780273438,71.54000091552734,300.3500061035156,270.9599914550781,353.2900085449219,551.0,71.5199966430664,300.5199890136719,271.1955871582031,354.010009765625,551.22998046875,71.52999877929688,125136,173103,64525,37115,28563
2026-07-31 12:36:00-04:00,300.6600036621094,270.614990234375,353.20001220703125,550.8099975585938,71.4801025390625,300.7090148925781,270.9700012207031,353.3799133300781,551.3400268554688,71.53980255126953,300.57501220703125,270.4200134277344,353.1000061035156,550.5599975585938,71.47000122070312,300.69000244140625,270.9700012207031,353.3399963378906,551.1599731445312,71.52999877929688,122646,104000,42950,23306,37417
2026-07-31 12:37:00-04:00,300.75,270.67498779296875,353.2699890136719,551.989990234375,71.48999786376953,301.010009765625,270.7650146484375,353.3399963378906,552.0,71.5,300.57000732421875,270.5018005371094,353.16009521484375,550.6600952148438,71.47000122070312,300.6600036621094,270.614990234375,353.20001220703125,550.760009765625,71.48490142822266,155071,118202,26297,31106,46762
2026-07-31 12:38:00-04:00,300.54998779296875,270.6050109863281,353.0899963378906,551.5,71.52999877929688,300.760009765625,270.7449951171875,353.2659912109375,552.0,71.55000305175781,300.54998779296875,270.54998779296875,353.0199890136719,551.5,71.45999908447266,300.7200012207031,270.6499938964844,353.23870849609375,552.0,71.4800033569336,100355,84737,38669,21999,65482
2026-07-31 12:39:00-04:00,300.54998779296875,270.54998779296875,353.260009765625,550.5499877929688,71.48500061035156,300.7099914550781,270.6700134277344,353.3399963378906,552.0999755859375,71.5250015258789,300.489990234375,270.49749755859375,353.0487060546875,550.4249877929688,71.4800033569336,300.54998779296875,270.5799865722656,353.05999755859375,551.4807739257812,71.5250015258789,142020,91934,22565,76379,36496
2026-07-31 12:40:00-04:00,300.889892578125,270.80999755859375,353.4200134277344,551.3900146484375,71.50499725341797,300.8900146484375,270.82000732421875,353.69000244140625,551.469970703125,71.54000091552734,300.4800109863281,270.5,353.22601318359375,550.4500732421875,71.47000122070312,300.54779052734375,270.5400085449219,353.2300109863281,550.5700073242188,71.4800033569336,142825,126578,49244,38578,49863
2026-07-31 12:41:00-04:00,300.82000732421875,270.69500732421875,353.0450134277344,551.3499755859375,71.52999877929688,300.9100036621094,270.8800048828125,353.70001220703125,551.5900268554688,71.52999877929688,300.6000061035156,270.6700134277344,353.010009765625,551.090087890625,71.5,300.8900146484375,270.82000732421875,353.4599914550781,551.4500122070312,71.50499725341797,110839,122642,41639,18398,22745
2026-07-31 12:42:00-04:00,300.7099914550781,270.7149963378906,353.05999755859375,550.8800048828125,71.51499938964844,300.9800109863281,270.82000732421875,353.17999267578125,551.760009765625,71.55000305175781,300.69000244140625,270.6000061035156,352.9200134277344,550.4000244140625,71.51499938964844,300.79998779296875,270.69500732421875,353.1000061035156,551.27001953125,71.52999877929688,158749,90538,36752,48159,32140
2026-07-31 12:43:00-04:00,300.3500061035156,270.75,353.1499938964844,549.3201293945312,71.51969909667969,300.79998779296875,270.7991943359375,353.239990234375,550.6300048828125,71.5199966430664,300.2099914550781,270.6199951171875,352.94000244140625,549.0,71.48500061035156,300.7149963378906,270.70001220703125,353.0,550.6300048828125,71.51499938964844,259442,97183,37544,84259,42313
2026-07-31 12:44:00-04:00,300.364990234375,270.7200012207031,353.04998779296875,549.8150024414062,71.5,300.42498779296875,270.8550109863281,353.239990234375,549.8200073242188,71.54000091552734,300.2101135253906,270.7200012207031,352.8301086425781,549.010009765625,71.49500274658203,300.3399963378906,270.7449951171875,353.1499938964844,549.2681274414062,71.51499938964844,148225,123859,52558,25386,44320
2026-07-31 12:45:00-04:00,300.4999084472656,270.69000244140625,353.0849914550781,549.97998046875,71.48999786376953,300.4999084472656,270.7900085449219,353.20001220703125,550.1998901367188,71.48999786376953,300.2449951171875,270.5744934082031,352.8299865722656,549.6500244140625,71.43000030517578,300.3599853515625,270.7200012207031,353.010009765625,549.7999877929688,71.48999786376953,124092,81664,36517,17993,49353
2026-07-31 12:46:00-04:00,300.6300048828125,270.6400146484375,353.2051086425781,549.8499755859375,71.48999786376953,300.67999267578125,270.70001220703125,353.3399963378906,550.1900024414062,71.52999877929688,300.4100036621094,270.5400085449219,353.0299987792969,549.5753173828125,71.48500061035156,300.5,270.70001220703125,353.114990234375,549.760009765625,71.49500274658203,96373,76103,71611,16987,51250
2026-07-31 12:47:00-04:00,301.04998779296875,270.6199951171875,353.1700134277344,549.2999877929688,71.46499633789062,301.0799865722656,270.75,353.3999938964844,549.9199829101562,71.5,300.42010498046875,270.57000732421875,353.1000061035156,549.2000122070312,71.45999908447266,300.6300048828125,270.6600036621094,353.25,549.7050170898438,71.49500274658203,133735,90293,60564,18588,42271
2026-07-31 12:48:00-04:00,301.010009765625,270.67999267578125,353.6099853515625,549.6400146484375,71.45999908447266,301.1099853515625,270.8399963378906,353.69000244140625,549.8800048828125,71.48999786376953,300.8999938964844,270.6199951171875,353.0,549.2000122070312,71.45999908447266,301.04998779296875,270.6199951171875,353.1099853515625,549.3250122070312,71.46499633789062,120311,95020,45562,20430,34335
2026-07-31 12:49:00-04:00,300.7799987792969,270.625,353.5799865722656,549.5449829101562,71.45500183105469,301.0151062011719,270.70001220703125,353.70001220703125,549.6849975585938,71.4800033569336,300.6600036621094,270.54998779296875,353.4100036621094,549.0399780273438,71.45500183105469,301.0,270.67999267578125,353.6099853515625,549.5499877929688,71.45999908447266,84648,94850,47728,21413,23915
2026-07-31 12:50:00-04:00,300.760009765625,270.909912109375,353.5,549.2249755859375,71.44000244140625,300.82000732421875,270.9800109863281,353.6199951171875,549.5449829101562,71.4800033569336,300.57000732421875,270.590087890625,353.3399963378906,548.8599853515625,71.41999816894531,300.7900085449219,270.6199951171875,353.5799865722656,549.47998046875,71.46009826660156,93349,146173,43487,24410,60498
2026-07-31 12:51:00-04:00,301.0799865722656,270.8999938964844,353.4700012207031,549.625,71.42500305175781,301.0899963378906,270.9700012207031,353.6499938964844,549.8198852539062,71.44499969482422,300.7522888183594,270.86761474609375,353.3800048828125,549.2249755859375,71.4000015258789,300.7522888183594,270.9049987792969,353.5,549.2249755859375,71.43499755859375,127630,97102,45632,21363,43536
2026-07-31 12:52:00-04:00,301.260009765625,270.9599914550781,353.4200134277344,549.4099731445312,71.44499969482422,301.32000732421875,270.9700012207031,353.55499267578125,550.1500244140625,71.44499969482422,301.0799865722656,270.80999755859375,353.3699951171875,549.3800048828125,71.41500091552734,301.0799865722656,270.8900146484375,353.48590087890625,549.72998046875,71.42500305175781,154144,201798,42026,28319,25984
2026-07-31 12:53:00-04:00,301.3399963378906,271.135009765625,353.3800048828125,549.77001953125,71.42500305175781,301.54998779296875,271.3699951171875,353.4599914550781,549.7899780273438,71.44999694824219,301.2200012207031,270.8500061035156,353.2699890136719,549.1749877929688,71.42500305175781,301.239990234375,270.9649963378906,353.4599914550781,549.4500122070312,71.44499969482422,212673,202200,28704,18143,39450
2026-07-31 12:54:00-04:00,300.7200012207031,271.1700134277344,353.0950012207031,549.5999755859375,71.40499877929688,301.3699951171875,271.54998779296875,353.5199890136719,550.2050170898438,71.44000244140625,300.7149963378906,271.1199951171875,353.010009765625,549.530029296875,71.40499877929688,301.3399963378906,271.1499938964844,353.3800048828125,549.780029296875,71.43000030517578,143146,250391,30306,13070,23322
2026-07-31 12:55:00-04:00,300.760009765625,271.0700988769531,352.94189453125,549.3001098632812,71.37000274658203,300.8900146484375,271.1794128417969,353.1499938964844,549.5989990234375,71.41999816894531,300.57000732421875,270.9599914550781,352.80999755859375,548.7100219726562,71.36000061035156,300.7300109863281,271.17010498046875,353.1400146484375,549.5,71.41510009765625,110134,120558,46300,35594,41222
2026-07-31 12:56:00-04:00,300.6899108886719,270.9599914550781,352.8550109863281,549.2999877929688,71.37000274658203,300.8599853515625,271.17999267578125,353.0400085449219,549.4398803710938,71.37999725341797,300.5849914550781,270.8900146484375,352.6903991699219,549.1199951171875,71.3550033569336,300.75,271.0799865722656,352.9800109863281,549.4398803710938,71.36499786376953,152201,174475,40865,19862,21741
2026-07-31 12:57:00-04:00,300.45989990234375,271.0400085449219,353.0299987792969,549.1060180664062,71.41000366210938,300.68670654296875,271.0799865722656,353.0899963378906,549.3350219726562,71.41000366210938,300.42010498046875,270.9700012207031,352.8500061035156,549.0001220703125,71.3499984741211,300.6700134277344,270.9700012207031,352.8800048828125,549.2999877929688,71.36499786376953,97575,77876,30316,289794,37121
2026-07-31 12:58:00-04:00,300.7063903808594,271.0249938964844,353.07000732421875,549.0999755859375,71.42500305175781,300.739501953125,271.20001220703125,353.20001220703125,549.5850219726562,71.43000030517578,300.3900146484375,271.0,352.8999938964844,549.0300903320312,71.3949966430664,300.45001220703125,271.0401916503906,353.0299987792969,549.4000244140625,71.41000366210938,133018,77137,45301,11981,35498
2026-07-31 12:59:00-04:00,300.8699951171875,271.06500244140625,353.0299987792969,548.760009765625,71.45500183105469,300.9700012207031,271.2650146484375,353.19000244140625,549.2100219726562,71.45989990234375,300.69000244140625,271.0199890136719,352.95001220703125,548.5800170898438,71.42500305175781,300.69500732421875,271.0199890136719,353.0899963378906,549.155029296875,71.42500305175781,97677,92734,31441,22373,23361
2026-07-31 13:00:00-04:00,300.9400939941406,271.2601013183594,353.1600036621094,548.97998046875,71.4749984741211,301.0899963378906,271.30999755859375,353.2200012207031,549.1300048828125,71.48999786376953,300.8550109863281,271.05999755859375,352.82000732421875,548.6199951171875,71.43499755859375,300.8599853515625,271.05999755859375,353.0799865722656,548.7000122070312,71.44999694824219,94716,101629,37580,12725,53970
2026-07-31 13:01:00-04:00,301.1650085449219,271.1499938964844,353.739990234375,548.8800048828125,71.45500183105469,301.243896484375,271.30499267578125,353.739990234375,548.9600219726562,71.4749984741211,300.9549865722656,271.1400146484375,353.04998779296875,548.3599853515625,71.44499969482422,300.9549865722656,271.2900085449219,353.1600036621094,548.9600219726562,71.4749984741211,104970,105143,65139,17548,29630
2026-07-31 13:02:00-04:00,301.1766052246094,271.2699890136719,353.2900085449219,549.1950073242188,71.47000122070312,301.19000244140625,271.2699890136719,353.79998779296875,549.3212280273438,71.48970031738281,300.9800109863281,271.1600036621094,353.1499938964844,548.665283203125,71.44499969482422,301.16009521484375,271.1700134277344,353.67999267578125,548.9149780273438,71.44999694824219,94557,50254,77048,11767,39895
2026-07-31 13:03:00-04:00,301.6099853515625,271.2699890136719,353.3900146484375,549.4199829101562,71.4999008178711,301.83428955078125,271.389892578125,353.5,549.6799926757812,71.5,301.1650085449219,271.25,353.1600036621094,549.1900024414062,71.44499969482422,301.1650085449219,271.2850036621094,353.239990234375,549.1900024414062,71.46499633789062,234745,99504,46141,15346,28959
2026-07-31 13:04:00-04:00,301.5849914550781,271.0799865722656,353.1400146484375,549.4699096679688,71.49009704589844,301.7453918457031,271.42999267578125,353.45001220703125,549.530029296875,71.51000213623047,301.5350036621094,271.04998779296875,353.05999755859375,549.135009765625,71.44499969482422,301.6189880371094,271.260009765625,353.3599853515625,549.510009765625,71.49500274658203,95204,140056,30517,17828,43423
2026-07-31 13:05:00-04:00,301.6698913574219,271.30999755859375,353.13861083984375,549.64501953125,71.50499725341797,301.7799987792969,271.3500061035156,353.25,549.7899780273438,71.52999877929688,301.3800048828125,271.11669921875,352.989990234375,549.35498046875,71.48999786376953,301.5899963378906,271.1199951171875,353.1400146484375,549.3900146484375,71.49009704589844,133984,70917,38420,18694,52974
2026-07-31 13:06:00-04:00,301.6050109863281,271.1221923828125,353.05999755859375,549.0,71.4800033569336,301.7200012207031,271.3900146484375,353.3599853515625,549.6536254882812,71.51000213623047,301.52020263671875,271.1221923828125,352.9584045410156,549.0,71.47000122070312,301.6700134277344,271.30999755859375,353.17999267578125,549.5800170898438,71.50360107421875,97953,67062,29098,12122,30752
2026-07-31 13:07:00-04:00,301.340087890625,271.0299987792969,352.8900146484375,548.2550048828125,71.4800033569336,301.6199951171875,271.3299865722656,353.0799865722656,549.25,71.49500274658203,301.29998779296875,270.8800964355469,352.760009765625,548.1199951171875,71.45249938964844,301.6050109863281,271.1000061035156,353.07000732421875,548.97998046875,71.4749984741211,94184,244555,28835,20280,70286
2026-07-31 13:08:00-04:00,301.44000244140625,270.94000244140625,352.8599853515625,547.951416015625,71.49500274658203,301.5,271.1549987792969,352.9049987792969,548.4199829101562,71.5,301.30999755859375,270.93499755859375,352.62799072265625,547.7050170898438,71.44499969482422,301.3500061035156,271.0299987792969,352.88250732421875,548.1699829101562,71.48999786376953,92764,158390,47601,53418,54796
2026-07-31 13:09:00-04:00,301.1709899902344,270.9599914550781,352.8575134277344,547.75,71.47000122070312,301.4700012207031,271.07000732421875,352.94000244140625,548.4299926757812,71.50990295410156,301.1499938964844,270.9200134277344,352.7300109863281,547.6400146484375,71.45500183105469,301.42999267578125,270.94000244140625,352.8599853515625,547.8099975585938,71.5,82667,115050,37972,20873,41981
2026-07-31 13:10:00-04:00,301.17498779296875,270.8800048828125,353.260009765625,547.47998046875,71.5,301.31500244140625,270.9800109863281,353.260009765625,547.8300170898438,71.5,301.1099853515625,270.70001220703125,352.7300109863281,546.630126953125,71.46050262451172,301.1700134277344,270.95001220703125,352.8500061035156,547.8250122070312,71.47000122070312,108588,237062,37693,56351,30224
2026-07-31 13:11:00-04:00,301.03900146484375,270.82501220703125,353.3599853515625,547.5800170898438,71.4801025390625,301.215087890625,271.04998779296875,353.42999267578125,547.8699951171875,71.50499725341797,300.96051025390625,270.7799987792969,353.20001220703125,547.4199829101562,71.46499633789062,301.1709899902344,270.8599853515625,353.2799987792969,547.5599975585938,71.50499725341797,113225,84656,38639,32041,48877
2026-07-31 13:12:00-04:00,301.1000061035156,270.3900146484375,353.3450012207031,547.0449829101562,71.48500061035156,301.1192932128906,270.87359619140625,353.489990234375,547.6900024414062,71.5,300.9599914550781,270.32000732421875,353.239990234375,546.9500732421875,71.4749984741211,301.0350036621094,270.8399963378906,353.3299865722656,547.5599975585938,71.48500061035156,84875,177266,31713,13935,44182
2026-07-31 13:13:00-04:00,301.05999755859375,270.1499938964844,353.44000244140625,547.385009765625,71.48500061035156,301.1400146484375,270.42999267578125,353.4700012207031,547.5599975585938,71.5,301.0400085449219,270.0249938964844,353.2300109863281,546.9500732421875,71.48500061035156,301.1000061035156,270.3999938964844,353.30999755859375,547.0449829101562,71.48500061035156,78778,141603,27271,17913,38998
2026-07-31 13:14:00-04:00,301.5199890136719,269.9525146484375,353.18011474609375,547.0999755859375,71.4749984741211,301.6000061035156,270.1600036621094,353.5,547.364990234375,71.49980163574219,301.0,269.9100036621094,353.17498779296875,546.8400268554688,71.47000122070312,301.05499267578125,270.1400146484375,353.42999267578125,547.364990234375,71.4800033569336,113226,132896,32461,18379,32452
2026-07-31 13:15:00-04:00,301.6449890136719,270.1600036621094,353.75,547.5549926757812,71.44000244140625,301.70001220703125,270.17999267578125,353.760009765625,547.5750122070312,71.4800033569336,301.5150146484375,269.94000244140625,353.17999267578125,547.0599975585938,71.41000366210938,301.5150146484375,269.9649963378906,353.25,547.0609741210938,71.4749984741211,119747,116610,32616,23767,85894
2026-07-31 13:16:00-04:00,301.7699890136719,270.0450134277344,353.2650146484375,547.4849853515625,71.46499633789062,301.82000732421875,270.2742919921875,353.95001220703125,547.869873046875,71.4800033569336,301.6300048828125,270.04010009765625,353.2200012207031,547.4550170898438,71.44499969482422,301.6400146484375,270.1700134277344,353.75,547.5599975585938,71.44499969482422,116336,127307,31681,19927,65353
2026-07-31 13:17:00-04:00,301.2699890136719,269.7550048828125,353.18499755859375,546.8400268554688,71.43499755859375,301.7950134277344,270.05999755859375,353.2872009277344,547.5599975585938,71.46499633789062,301.2601013183594,269.67999267578125,353.1000061035156,546.4008178710938,71.42500305175781,301.7799987792969,270.0517883300781,353.2699890136719,547.4849853515625,71.46499633789062,146286,183467,16647,56897,29703
2026-07-31 13:18:00-04:00,301.5899963378906,269.80999755859375,353.69500732421875,547.10302734375,71.46499633789062,301.625,269.8999938964844,353.8500061035156,547.25,71.46499633789062,301.20001220703125,269.6918029785156,353.1499938964844,546.8300170898438,71.43000030517578,301.2699890136719,269.7550048828125,353.16009521484375,546.8900146484375,71.43000030517578,143011,104162,45639,24411,23579
2026-07-31 13:19:00-04:00,301.57501220703125,269.92999267578125,354.125,547.155029296875,71.4749984741211,301.69000244140625,270.0790100097656,354.2099914550781,547.4600219726562,71.4800033569336,301.5,269.79998779296875,353.69500732421875,547.1199951171875,71.44750213623047,301.6000061035156,269.79998779296875,353.69500732421875,547.155029296875,71.46499633789062,84608,94886,56820,13344,24823
2026-07-31 13:20:00-04:00,301.5498962402344,270.68499755859375,354.1499938964844,548.0399780273438,71.47000122070312,301.6549987792969,270.70001220703125,354.2799987792969,548.0399780273438,71.48989868164062,301.5350036621094,269.92010498046875,353.9100036621094,547.0999755859375,71.44999694824219,301.5790100097656,269.92498779296875,354.0199890136719,547.1500244140625,71.4749984741211,101720,142682,39895,26149,61286
2026-07-31 13:21:00-04:00,301.3900146484375,270.6802062988281,353.9200134277344,547.9199829101562,71.47509765625,301.57000732421875,270.8999938964844,354.2200012207031,548.2000122070312,71.4800033569336,301.3550109863281,270.54998779296875,353.8953857421875,547.6500244140625,71.45500183105469,301.54998779296875,270.6549987792969,354.1000061035156,548.0900268554688,71.46499633789062,111817,281817,31261,29387,40469
2026-07-31 13:22:00-04:00,301.2997131347656,270.82501220703125,354.010009765625,547.64501953125,71.48030090332031,301.5150146484375,270.8800048828125,354.010009765625,547.9149780273438,71.48500061035156,301.2799987792969,270.6400146484375,353.610107421875,547.2172241210938,71.46499633789062,301.3900146484375,270.7099914550781,353.9200134277344,547.7600708007812,71.4749984741211,94660,139034,34002,20536,39490
2026-07-31 13:23:00-04:00,301.45001220703125,271.1199951171875,354.32000732421875,547.947509765625,71.49500274658203,301.5199890136719,271.1499938964844,354.32000732421875,548.0,71.49500274658203,301.25,270.7804870605469,353.989990234375,547.6199951171875,71.4749984741211,301.2900085449219,270.8299865722656,354.010009765625,547.760009765625,71.4800033569336,95775,145559,35499,25748,29473
2026-07-31 13:24:00-04:00,301.3500061035156,271.1549987792969,354.4599914550781,548.6699829101562,71.55500030517578,301.5249938964844,271.2900085449219,354.4700012207031,548.9099731445312,71.56500244140625,301.340087890625,271.00048828125,354.0700988769531,547.9500122070312,71.48500061035156,301.45001220703125,271.1099853515625,354.29278564453125,547.9650268554688,71.49199676513672,91045,129797,40056,34827,68683
2026-07-31 13:25:00-04:00,301.2590026855469,271.0950012207031,354.1600036621094,548.4199829101562,71.53500366210938,301.45001220703125,271.1700134277344,354.4800109863281,549.1099853515625,71.55509948730469,301.25,271.0400085449219,354.1199951171875,548.3400268554688,71.51499938964844,301.3399963378906,271.1304931640625,354.43499755859375,548.6699829101562,71.55000305175781,75578,88207,38038,31433,47641
2026-07-31 13:26:00-04:00,301.2799987792969,271.2799987792969,354.19000244140625,549.530029296875,71.54000091552734,301.3399963378906,271.2799987792969,354.260009765625,549.5599975585938,71.55000305175781,301.2499084472656,271.0299987792969,353.989990234375,548.3699951171875,71.5199966430664,301.260009765625,271.07000732421875,354.1700134277344,548.4099731445312,71.53500366210938,56313,79273,30688,23769,59307
2026-07-31 13:27:00-04:00,301.04998779296875,271.3349914550781,354.1600036621094,548.5650024414062,71.54499816894531,301.33990478515625,271.45001220703125,354.3399963378906,549.8300170898438,71.55000305175781,301.0400085449219,271.2699890136719,354.1499938964844,548.530029296875,71.52999877929688,301.2799987792969,271.2799987792969,354.239990234375,549.6599731445312,71.54499816894531,74334,102276,23819,22851,43978
2026-07-31 13:28:00-04:00,301.1199951171875,271.3299865722656,354.3999938964844,549.3944091796875,71.58499908447266,301.22918701171875,271.42999267578125,354.45001220703125,549.4600219726562,71.58499908447266,301.0404968261719,271.21051025390625,354.1499938964844,548.3151245117188,71.54000091552734,301.0498962402344,271.3299865722656,354.1600036621094,548.5549926757812,71.54499816894531,74835,79193,37542,25826,51892
2026-07-31 13:29:00-04:00,301.20001220703125,271.30999755859375,354.3800048828125,549.3250122070312,71.54499816894531,301.3399963378906,271.4800109863281,354.6099853515625,549.5800170898438,71.5999984741211,301.05499267578125,271.20001220703125,354.2699890136719,549.1199951171875,71.54010009765625,301.1300048828125,271.3299865722656,354.3999938964844,549.364990234375,71.58499908447266,100592,107581,48873,27745,57171
2026-07-31 13:30:00-04:00,301.2950134277344,271.07501220703125,354.2200012207031,549.260009765625,71.51000213623047,301.32000732421875,271.3399963378906,354.4100036621094,549.3599853515625,71.55000305175781,301.1000061035156,270.7099914550781,354.1499938964844,549.0399780273438,71.5,301.20001220703125,271.3299865722656,354.3599853515625,549.3350219726562,71.54019927978516,88887,192327,47860,21317,41092
2026-07-31 13:31:00-04:00,301.4750061035156,271.29998779296875,354.42999267578125,548.885009765625,71.48999786376953,301.510009765625,271.29998779296875,354.5299987792969,549.3599853515625,71.5250015258789,301.2900085449219,270.92010498046875,354.19000244140625,548.5900268554688,71.47000122070312,301.2998962402344,271.05999755859375,354.19000244140625,549.2899780273438,71.51000213623047,103249,124764,62777,31230,66787
2026-07-31 13:32:00-04:00,301.2500915527344,271.0150146484375,354.55999755859375,549.22998046875,71.47000122070312,301.4800109863281,271.3475036621094,354.8999938964844,549.4500122070312,71.5,301.2203063964844,271.0150146484375,354.4549865722656,548.9000244140625,71.47000122070312,301.4750061035156,271.2900085449219,354.4849853515625,548.9000244140625,71.49500274658203,116997,148731,48678,23142,33050
2026-07-31 13:33:00-04:00,301.4880065917969,271.1969909667969,354.45001220703125,549.594970703125,71.50499725341797,301.54998779296875,271.2699890136719,354.6600036621094,549.889892578125,71.51000213623047,301.25,271.0,354.25,549.1599731445312,71.46009826660156,301.260009765625,271.0199890136719,354.5199890136719,549.260009765625,71.4749984741211,96018,104285,53745,22768,60499
2026-07-31 13:34:00-04:00,301.468994140625,271.125,354.30999755859375,549.3049926757812,71.48500061035156,301.57000732421875,271.2200012207031,354.5,549.9199829101562,71.50990295410156,301.42999267578125,271.05999755859375,354.25,549.2899780273438,71.48500061035156,301.4800109863281,271.2049865722656,354.4700012207031,549.594970703125,71.50499725341797,84401,110563,34029,28860,24661
2026-07-31 13:35:00-04:00,301.54010009765625,271.0950012207031,354.30999755859375,549.1799926757812,71.46379852294922,301.6000061035156,271.1300048828125,354.3699951171875,549.4500122070312,71.4800033569336,301.42999267578125,270.82000732421875,354.19000244140625,549.10009765625,71.44999694824219,301.4599914550781,271.1199951171875,354.25,549.3350219726562,71.4800033569336,81356,135497,36354,15972,47233
2026-07-31 13:36:00-04:00,301.4967956542969,270.7300109863281,354.1593933105469,549.4550170898438,71.45999908447266,301.7200012207031,271.0950012207031,354.4599914550781,549.5800170898438,71.4800033569336,301.4800109863281,270.7300109863281,354.0775146484375,549.135009765625,71.44499969482422,301.5400085449219,271.07000732421875,354.32989501953125,549.1599731445312,71.46499633789062,94874,110737,32739,29993,53314
2026-07-31 13:37:00-04:00,301.4200134277344,270.9601135253906,354.1449890136719,549.0050048828125,71.44499969482422,301.5400085449219,270.9679870605469,354.2699890136719,549.760009765625,71.45999908447266,301.3999938964844,270.70001220703125,354.1300048828125,548.8900146484375,71.42500305175781,301.4700012207031,270.7349853515625,354.135009765625,549.4650268554688,71.45999908447266,83750,76128,32260,40877,44327
2026-07-31 13:38:00-04:00,301.4825134277344,270.9200134277344,353.69000244140625,548.6799926757812,71.43499755859375,301.4949951171875,271.1400146484375,354.239990234375,549.0399780273438,71.44999694824219,301.2699890136719,270.9002990722656,353.69000244140625,548.5809936523438,71.42500305175781,301.44000244140625,270.9601135253906,354.1300048828125,548.9500122070312,71.4448013305664,93322,70267,32063,20499,26520
2026-07-31 13:39:00-04:00,301.3900146484375,270.6199951171875,353.6200866699219,548.6599731445312,71.47010040283203,301.5400085449219,271.0199890136719,353.8900146484375,548.9000244140625,71.49500274658203,301.3900146484375,270.6044921875,353.5299987792969,548.625,71.4301986694336,301.4849853515625,270.9200134277344,353.68499755859375,548.625,71.43499755859375,60427,76669,33416,21855,70096
2026-07-31 13:40:00-04:00,301.5799865722656,270.43798828125,353.95989990234375,549.760009765625,71.4749984741211,301.6000061035156,270.6499938964844,354.05999755859375,549.7899780273438,71.48100280761719,301.3900146484375,270.3999938964844,353.6505126953125,548.7150268554688,71.45500183105469,301.3999938964844,270.6300048828125,353.6505126953125,548.8300170898438,71.47000122070312,66902,88046,31128,25939,31537
2026-07-31 13:41:00-04:00,301.510009765625,270.42999267578125,353.8999938964844,549.9000244140625,71.48500061035156,301.5899963378906,270.42999267578125,354.0,549.9500122070312,71.49500274658203,301.4601135253906,270.20001220703125,353.7900085449219,549.3900756835938,71.46099853515625,301.5799865722656,270.4100036621094,353.8699951171875,549.6699829101562,71.4740982055664,84693,90745,25183,18966,22548
2026-07-31 13:42:00-04:00,301.42498779296875,270.69500732421875,353.8800048828125,548.6199951171875,71.45500183105469,301.5195007324219,270.75,354.010009765625,549.969970703125,71.48570251464844,301.4100036621094,270.3699951171875,353.82000732421875,548.510009765625,71.44499969482422,301.510009765625,270.42498779296875,353.8800048828125,549.9000244140625,71.48030090332031,79318,139040,42082,33041,45446
2026-07-31 13:43:00-04:00,301.3550109863281,270.68499755859375,353.8399963378906,548.219970703125,71.5,301.5849914550781,270.7919921875,354.1499938964844,548.9299926757812,71.55000305175781,301.3500061035156,270.6499938964844,353.8399963378906,548.0,71.41999816894531,301.42498779296875,270.69500732421875,353.885009765625,548.5650024414062,71.45500183105469,111478,104159,45080,45272,191616
2026-07-31 13:44:00-04:00,301.30499267578125,270.7449951171875,354.0199890136719,549.0280151367188,71.57499694824219,301.4200134277344,270.80999755859375,354.04998779296875,549.0900268554688,71.58000183105469,301.2900085449219,270.6600036621094,353.82000732421875,548.1300048828125,71.5,301.3501892089844,270.67498779296875,353.8399963378906,548.2000122070312,71.51000213623047,67481,90896,33197,26098,54237
2026-07-31 13:45:00-04:00,301.2099914550781,271.0799865722656,353.80999755859375,549.0250244140625,71.56500244140625,301.42999267578125,271.1700134277344,354.1000061035156,549.4000244140625,71.58499908447266,301.2099914550781,270.75,353.7799987792969,548.8400268554688,71.54000091552734,301.30499267578125,270.760009765625,354.0199890136719,549.0700073242188,71.56999969482422,83969,161538,1430194,33005,62348
2026-07-31 13:46:00-04:00,301.1798095703125,271.1499938964844,354.0400085449219,549.0999755859375,71.56500244140625,301.2900085449219,271.2099914550781,354.1499938964844,549.3200073242188,71.56999969482422,301.1499938964844,271.0400085449219,353.760009765625,548.840087890625,71.54499816894531,301.2049865722656,271.0899963378906,353.8800048828125,549.0401000976562,71.56500244140625,92681,91788,30880,21651,29282
2026-07-31 13:47:00-04:00,301.0849914550781,270.70001220703125,353.4100036621094,548.6699829101562,71.5562973022461,301.2279052734375,271.2250061035156,354.1400146484375,549.22998046875,71.56999969482422,301.07000732421875,270.70001220703125,353.3599853515625,548.6699829101562,71.53500366210938,301.1600036621094,271.1401062011719,354.1000061035156,549.010009765625,71.56500244140625,100163,81395,54306,27100,38799
2026-07-31 13:48:00-04:00,301.25909423828125,270.6499938964844,353.8999938964844,548.9400024414062,71.62000274658203,301.32000732421875,270.82501220703125,354.0,548.9400024414062,71.62000274658203,301.0600891113281,270.5799865722656,353.32000732421875,548.5001220703125,71.55000305175781,301.0799865722656,270.67498779296875,353.43499755859375,548.58837890625,71.55000305175781,95843,90828,54907,28571,39596
2026-07-31 13:49:00-04:00,301.1600036621094,270.635009765625,353.7300109863281,548.9400024414062,71.58499908447266,301.2699890136719,270.739990234375,354.1000061035156,549.0999755859375,71.61000061035156,301.1600036621094,270.5802001953125,353.69000244140625,548.6400756835938,71.58499908447266,301.25,270.6400146484375,353.989990234375,548.7700805664062,71.6050033569336,66902,58924,68237,21336,38439
2026-07-31 13:50:00-04:00,301.1600036621094,270.5899963378906,353.6000061035156,549.1699829101562,71.6050033569336,301.2200012207031,270.7200012207031,353.8299865722656,549.239990234375,71.60990142822266,301.0899963378906,270.5899963378906,353.5199890136719,548.9000244140625,71.58499908447266,301.1698913574219,270.6300048828125,353.7799987792969,548.9849853515625,71.58499908447266,83394,79712,26136,19419,20814
2026-07-31 13:51:00-04:00,301.10101318359375,270.55999755859375,353.5150146484375,549.2150268554688,71.6050033569336,301.2650146484375,270.6300048828125,353.6908874511719,549.4199829101562,71.63990020751953,301.1000061035156,270.5,353.4360046386719,548.8599853515625,71.5999984741211,301.1697082519531,270.6300048828125,353.5799865722656,549.1699829101562,71.61000061035156,3113931,65478,37009,25865,40983
2026-07-31 13:52:00-04:00,301.1499938964844,270.5849914550781,353.69500732421875,549.1300048828125,71.61499786376953,301.2099914550781,270.79998779296875,353.8800048828125,549.822509765625,71.62999725341797,301.0799865722656,270.5299987792969,353.4599914550781,549.0599975585938,71.6050033569336,301.1050109863281,270.5895080566406,353.510009765625,549.1500244140625,71.6050033569336,87521,107408,29805,69244,29822
2026-07-31 13:53:00-04:00,300.614990234375,270.5469055175781,353.6600036621094,549.6099853515625,71.63999938964844,301.1600036621094,270.6600036621094,353.8900146484375,549.8200073242188,71.68000030517578,300.614990234375,270.510009765625,353.65008544921875,549.0001220703125,71.61499786376953,301.1401062011719,270.5799865722656,353.7099914550781,549.0700073242188,71.61499786376953,207455,76844,29019,27005,42933
2026-07-31 13:54:00-04:00,300.67999267578125,270.7598876953125,353.6050109863281,549.6799926757812,71.62989807128906,300.70001220703125,270.7950134277344,353.67999267578125,549.8400268554688,71.63999938964844,300.5350036621094,270.5299987792969,353.4800109863281,549.52001953125,71.6050033569336,300.6099853515625,270.54998779296875,353.6499938964844,549.6099853515625,71.63999938964844,138785,65417,32168,23273,45205
2026-07-31 13:55:00-04:00,300.7900085449219,270.69000244140625,353.6499938964844,549.1608276367188,71.61499786376953,300.8599853515625,270.885009765625,353.8500061035156,549.8400268554688,71.63999938964844,300.68499755859375,270.69000244140625,353.6099853515625,549.10009765625,71.61499786376953,300.69000244140625,270.7300109863281,353.6700134277344,549.8300170898438,71.62000274658203,100105,85370,36601,15340,31447
2026-07-31 13:56:00-04:00,300.8479919433594,270.8399963378906,353.8699951171875,549.3499755859375,71.56500244140625,300.8699951171875,270.8949890136719,353.92999267578125,549.489990234375,71.61000061035156,300.7522888183594,270.6700134277344,353.6199951171875,549.0999755859375,71.56500244140625,300.7900085449219,270.70001220703125,353.6499938964844,549.2349853515625,71.61000061035156,87000,135000,24564,17630,38928
2026-07-31 13:57:00-04:00,300.6650085449219,270.885009765625,354.05999755859375,549.3900146484375,71.57499694824219,300.84979248046875,270.92999267578125,354.1499938964844,549.4099731445312,71.58999633789062,300.6199951171875,270.760009765625,353.760009765625,548.97998046875,71.56500244140625,300.8450012207031,270.8299865722656,353.8900146484375,549.3049926757812,71.56500244140625,112771,77360,31070,21758,23167
2026-07-31 13:58:00-04:00,300.5899963378906,270.7699890136719,354.29998779296875,548.9400024414062,71.55999755859375,300.80499267578125,270.8550109863281,354.29998779296875,549.3350219726562,71.57980346679688,300.5849914550781,270.7200012207031,354.0400085449219,548.8076171875,71.54499816894531,300.6650085449219,270.8500061035156,354.07000732421875,549.2991943359375,71.57980346679688,98137,69604,37197,23412,45517
2026-07-31 13:59:00-04:00,300.6400146484375,270.54998779296875,354.010009765625,548.7249755859375,71.52989959716797,300.67999267578125,270.7898864746094,354.29998779296875,549.0499877929688,71.55999755859375,300.5,270.5,353.9800109863281,548.6500244140625,71.5199966430664,300.5799865722656,270.7799987792969,354.2699890136719,548.9349975585938,71.55999755859375,122991,82932,43436,18098,32294
2026-07-31 14:00:00-04:00,300.7900085449219,270.7062072753906,354.3299865722656,549.2750244140625,71.53500366210938,300.7900085449219,270.7200012207031,354.4399108886719,549.3099975585938,71.55000305175781,300.5950012207031,270.5400085449219,353.9700012207031,548.75,71.5250015258789,300.6400146484375,270.55999755859375,354.04998779296875,548.75,71.52999877929688,98818,68415,38596,37299,39149
2026-07-31 14:01:00-04:00,301.114990234375,270.7300109863281,354.6199951171875,549.510009765625,71.54499816894531,301.17999267578125,270.82000732421875,354.7200012207031,549.7100219726562,71.55999755859375,300.78009033203125,270.6700134277344,354.2900085449219,549.1699829101562,71.5250015258789,300.7900085449219,270.7099914550781,354.3301086425781,549.2000122070312,71.54000091552734,163199,113219,71174,32694,46223
2026-07-31 14:02:00-04:00,301.0849914550781,270.9200134277344,354.5199890136719,549.5999755859375,71.6050033569336,301.2900085449219,270.94000244140625,354.7900085449219,549.739990234375,71.62000274658203,301.0799865722656,270.7099914550781,354.3500061035156,549.2449951171875,71.54499816894531,301.114990234375,270.739990234375,354.6650085449219,549.3345947265625,71.54499816894531,129386,204245,68566,27066,40014
2026-07-31 14:03:00-04:00,301.0,271.1499938964844,354.3699951171875,549.4600219726562,71.64510345458984,301.135009765625,271.25,354.70001220703125,549.9000244140625,71.66999816894531,300.94500732421875,270.9150085449219,354.239990234375,549.4299926757812,71.59500122070312,301.0899963378906,270.9150085449219,354.54998779296875,549.6950073242188,71.5999984741211,119067,161183,40163,25936,37710
2026-07-31 14:04:00-04:00,301.07501220703125,271.04998779296875,354.3599853515625,549.4299926757812,71.625,301.1700134277344,271.2149963378906,354.42999267578125,549.719970703125,71.66000366210938,301.0000915527344,271.010009765625,354.2300109863281,549.3300170898438,71.625,301.0050048828125,271.1571044921875,354.3699951171875,549.4749755859375,71.63999938964844,109386,88101,30569,24843,36763
2026-07-31 14:05:00-04:00,301.0509033203125,271.1282958984375,354.2900085449219,549.530029296875,71.65499877929688,301.2250061035156,271.30999755859375,354.45001220703125,549.6300048828125,71.65499877929688,300.9949951171875,271.0000915527344,354.0799865722656,549.210205078125,71.61499786376953,301.06500244140625,271.04998779296875,354.3599853515625,549.3400268554688,71.62989807128906,105761,115707,35411,35236,22081
2026-07-31 14:06:00-04:00,300.9649963378906,271.3450012207031,354.5150146484375,549.7799072265625,71.66000366210938,301.07000732421875,271.4100036621094,354.5199890136719,549.9099731445312,71.68900299072266,300.8800048828125,271.0899963378906,354.2099914550781,549.5150146484375,71.65010070800781,301.05999755859375,271.1199951171875,354.2699890136719,549.5250244140625,71.65499877929688,124145,114835,33671,26513,49089
2026-07-31 14:07:00-04:00,300.885009765625,271.30499267578125,354.80999755859375,548.72998046875,71.63500213623047,301.04998779296875,271.4599914550781,354.8900146484375,549.75,71.65989685058594,300.8800048828125,271.2099914550781,354.46600341796875,548.52001953125,71.61000061035156,300.9501037597656,271.3450012207031,354.46600341796875,549.7050170898438,71.65499877929688,175481,112954,53342,27203,41787
2026-07-31 14:08:00-04:00,300.82000732421875,271.3301086425781,354.6499938964844,548.5750122070312,71.65499877929688,300.8999938964844,271.3599853515625,354.8999938964844,549.1900024414062,71.65989685058594,300.7850036621094,271.2300109863281,354.6099853515625,548.5750122070312,71.63500213623047,300.885009765625,271.30499267578125,354.79998779296875,548.6849975585938,71.63500213623047,131458,88958,52300,46235,27956
2026-07-31 14:09:00-04:00,300.9549865722656,271.2879943847656,354.7300109863281,548.489990234375,71.71499633789062,300.9800109863281,271.3599853515625,354.8999938964844,548.7098999023438,71.72000122070312,300.69500732421875,271.2799987792969,354.57000732421875,548.239990234375,71.65499877929688,300.81500244140625,271.30999755859375,354.6206970214844,548.6171875,71.65499877929688,191143,109037,56160,41985,45385
2026-07-31 14:10:00-04:00,301.1499938964844,271.25,354.6099853515625,548.5,71.75499725341797,301.25,271.3299865722656,354.8599853515625,548.9899291992188,71.76000213623047,300.94000244140625,271.2001037597656,354.6099853515625,548.4400024414062,71.70500183105469,300.9700012207031,271.29998779296875,354.7300109863281,548.510009765625,71.70999908447266,125183,97294,47638,39912,38787
2026-07-31 14:11:00-04:00,301.30999755859375,271.1600036621094,354.7200012207031,548.2999877929688,71.76010131835938,301.3699951171875,271.2699890136719,354.7300109863281,548.5599975585938,71.79000091552734,301.1499938964844,271.1400146484375,354.5199890136719,548.1900024414062,71.75499725341797,301.1499938964844,271.25,354.70001220703125,548.52001953125,71.75499725341797,131040,81001,37353,25467,43554
2026-07-31 14:12:00-04:00,301.489990234375,271.31500244140625,354.67999267578125,547.8150024414062,71.7301025390625,301.5199890136719,271.3999938964844,355.04998779296875,548.469970703125,71.76000213623047,301.29998779296875,271.1600036621094,354.5014953613281,547.6199951171875,71.7300033569336,301.30999755859375,271.1600036621094,354.7349853515625,548.3099975585938,71.76000213623047,124549,97232,121114,51434,31251
2026-07-31 14:13:00-04:00,301.82501220703125,271.4599914550781,354.8450927734375,548.6199951171875,71.79000091552734,301.8999938964844,271.6499938964844,354.9100036621094,548.6199951171875,71.79000091552734,301.45001220703125,271.2900085449219,354.5299987792969,547.5,71.66999816894531,301.4849853515625,271.32000732421875,354.6499938964844,547.7000122070312,71.73999786376953,267178,209438,21808,42664,125094
2026-07-31 14:14:00-04:00,301.9949951171875,271.55499267578125,354.989990234375,549.0499877929688,71.79000091552734,302.0950012207031,271.6199951171875,354.989990234375,549.2000122070312,71.79979705810547,301.82000732421875,271.4599914550781,354.760009765625,548.7000122070312,71.7699966430664,301.8299865722656,271.489990234375,354.760009765625,548.7899780273438,71.78949737548828,197059,93331,32013,20605,28304
2026-07-31 14:15:00-04:00,301.8999938964844,271.3800048828125,355.26690673828125,549.6199951171875,71.82499694824219,302.0899963378906,271.55999755859375,355.29998779296875,549.7849731445312,71.83000183105469,301.8999938964844,271.32000732421875,354.9100036621094,548.8300170898438,71.79499816894531,302.0050048828125,271.5400085449219,354.989990234375,549.0,71.79499816894531,138414,118160,90796,31899,34083
2026-07-31 14:16:00-04:00,301.864990234375,271.4700012207031,355.4200134277344,549.6699829101562,71.80500030517578,301.9200134277344,271.57000732421875,355.46990966796875,550.0399780273438,71.82980346679688,301.8299865722656,271.3399963378906,355.25,549.6699829101562,71.78500366210938,301.8923034667969,271.3550109863281,355.3194885253906,549.77001953125,71.82019805908203,79993,80150,52407,39644,58874
2026-07-31 14:17:00-04:00,301.860107421875,271.375,355.6199951171875,549.844970703125,71.75980377197266,301.87811279296875,271.57501220703125,355.6400146484375,549.8900146484375,71.80999755859375,301.6099853515625,271.3599853515625,355.3800048828125,549.380126953125,71.74009704589844,301.8599853515625,271.45001220703125,355.3800048828125,549.6500244140625,71.80500030517578,100225,98426,44408,18289,39890
2026-07-31 14:18:00-04:00,301.875,271.44000244140625,355.8500061035156,550.6500244140625,71.71499633789062,301.94000244140625,271.44000244140625,355.989990234375,550.6699829101562,71.75499725341797,301.7099914550781,271.3299865722656,355.3699951171875,549.8800048828125,71.68000030517578,301.8799133300781,271.3599853515625,355.5899963378906,549.8800048828125,71.75,103344,83303,34852,37002,63060
2026-07-31 14:19:00-04:00,302.0299987792969,271.57000732421875,355.9700012207031,550.989990234375,71.78500366210938,302.04998779296875,271.5899963378906,356.0400085449219,551.0499877929688,71.78500366210938,301.7699890136719,271.4201965332031,355.7200012207031,550.5900268554688,71.70500183105469,301.8900146484375,271.4201965332031,355.8080139160156,550.6300048828125,71.71499633789062,68104,84735,74870,27088,41663
2026-07-31 14:20:00-04:00,302.0350036621094,271.67999267578125,356.06500244140625,551.4099731445312,71.81500244140625,302.1499938964844,271.70001220703125,356.1000061035156,551.4600219726562,71.81999969482422,302.0050048828125,271.3800048828125,355.760009765625,550.72998046875,71.55000305175781,302.0199890136719,271.55999755859375,355.9574890136719,550.9600219726562,71.78500366210938,107316,169529,31032,32433,161048
2026-07-31 14:21:00-04:00,302.0899963378906,271.3800048828125,356.1700134277344,551.1400146484375,71.79010009765625,302.1300048828125,271.75,356.239990234375,551.6400146484375,71.83000183105469,301.9800109863281,271.3299865722656,355.9700927734375,550.8499755859375,71.78500366210938,302.0398864746094,271.68499755859375,356.05999755859375,551.4199829101562,71.81500244140625,102559,209273,44285,34826,38291
2026-07-31 14:22:00-04:00,302.04998779296875,271.3100891113281,356.0130920410156,551.260009765625,71.78500366210938,302.1000061035156,271.4700012207031,356.20001220703125,551.2899780273438,71.80999755859375,301.9700012207031,271.30999755859375,355.92999267578125,551.0100708007812,71.77999877929688,302.0950012207031,271.3800048828125,356.1199951171875,551.1704711914062,71.79499816894531,93848,92827,29487,28351,36603
2026-07-31 14:23:00-04:00,302.1400146484375,271.32501220703125,356.2398986816406,551.2050170898438,71.76499938964844,302.2799987792969,271.4200134277344,356.2699890136719,551.530029296875,71.79000091552734,302.0199890136719,271.2300109863281,356.0,551.1900024414062,71.73999786376953,302.04998779296875,271.29998779296875,356.04998779296875,551.27001953125,71.79000091552734,113682,105222,31752,26810,83505
2026-07-31 14:24:00-04:00,302.3299865722656,271.42999267578125,356.07000732421875,551.3400268554688,71.73999786376953,302.4200134277344,271.5,356.239990234375,551.6400146484375,71.7699966430664,302.114990234375,271.2950134277344,356.010009765625,551.0800170898438,71.72000122070312,302.1400146484375,271.3349914550781,356.2049865722656,551.219970703125,71.76499938964844,101311,83028,29848,39067,26867
2026-07-31 14:25:00-04:00,302.04998779296875,271.0199890136719,355.9800109863281,550.8499755859375,71.7249984741211,302.3599853515625,271.510009765625,356.1400146484375,551.476806640625,71.74500274658203,302.0400085449219,271.010009765625,355.8659973144531,550.7899780273438,71.70999908447266,302.3399963378906,271.42999267578125,356.07000732421875,551.3400268554688,71.7300033569336,87800,148036,46760,39748,39012
2026-07-31 14:26:00-04:00,301.8450012207031,271.07000732421875,355.95001220703125,550.8400268554688,71.74500274658203,302.06689453125,271.1000061035156,355.989990234375,550.9600219726562,71.76000213623047,301.8399963378906,270.9599914550781,355.7900085449219,550.7999877929688,71.7300033569336,302.06689453125,271.04998779296875,355.8900146484375,550.8499755859375,71.7300033569336,114834,85953,31621,19492,45535
2026-07-31 14:27:00-04:00,301.75,270.8399963378906,355.8999938964844,550.2949829101562,71.7249984741211,301.8500061035156,271.1000061035156,355.989990234375,550.969970703125,71.75,301.7349853515625,270.82000732421875,355.7799987792969,550.2899780273438,71.72000122070312,301.8399963378906,271.05999755859375,355.9200134277344,550.8699951171875,71.74500274658203,85664,78287,32719,36492,33363
2026-07-31 14:28:00-04:00,301.7799987792969,270.79998779296875,355.8949890136719,550.9199829101562,71.7249984741211,301.81500244140625,270.8699951171875,356.0899963378906,551.1300048828125,71.73500061035156,301.67999267578125,270.69000244140625,355.8500061035156,549.6901245117188,71.69999694824219,301.7099914550781,270.8205871582031,355.8900146484375,550.2899780273438,71.72000122070312,71133,77814,38534,28655,15075
2026-07-31 14:29:00-04:00,301.7300109863281,270.7799987792969,356.04998779296875,550.0775146484375,71.66000366210938,301.8900146484375,270.8550109863281,356.0799865722656,551.3350830078125,71.80000305175781,301.7001037597656,270.7300109863281,355.8800048828125,550.02001953125,71.66000366210938,301.7850036621094,270.79998779296875,355.8999938964844,551.1087036132812,71.7249984741211,109778,71586,34825,28781,97721
2026-07-31 14:30:00-04:00,301.94000244140625,270.8699951171875,356.20001220703125,549.6599731445312,71.68499755859375,301.989990234375,270.92999267578125,356.25,550.135009765625,71.69000244140625,301.7449951171875,270.7784118652344,355.9700012207031,549.6599731445312,71.19999694824219,301.760009765625,270.7784118652344,356.0249938964844,550.135009765625,71.6500015258789,127582,260184,44390,39960,119522
2026-07-31 14:31:00-04:00,301.9100036621094,270.94000244140625,356.1512145996094,550.3026123046875,71.66500091552734,302.010009765625,271.19000244140625,356.3399963378906,550.5289916992188,71.69999694824219,301.75,270.860107421875,356.0899963378906,549.6849975585938,71.66500091552734,301.92999267578125,270.8699951171875,356.20001220703125,549.719970703125,71.69000244140625,103825,107451,53203,31860,36775
2026-07-31 14:32:00-04:00,301.9909973144531,270.9100036621094,356.0899963378906,550.530029296875,71.67500305175781,302.0199890136719,270.989990234375,356.3299865722656,550.5449829101562,71.69999694824219,301.852294921875,270.8399963378906,356.04998779296875,550.25,71.66500091552734,301.9200134277344,270.9649963378906,356.2200012207031,550.3400268554688,71.66500091552734,95738,199537,45936,39121,46302
2026-07-31 14:33:00-04:00,302.03009033203125,270.7349853515625,355.9150085449219,550.5900268554688,71.70500183105469,302.08990478515625,270.9599914550781,356.1099853515625,550.6436767578125,71.70999908447266,301.9599914550781,270.7300109863281,355.8149108886719,550.1799926757812,71.66999816894531,302.0,270.8999938964844,356.0849914550781,550.6099853515625,71.67990112304688,131259,66540,49216,31734,29915
2026-07-31 14:34:00-04:00,302.0610046386719,270.69000244140625,355.6600036621094,550.1185302734375,71.68000030517578,302.1600036621094,270.7893981933594,355.9800109863281,550.5599975585938,71.70999908447266,302.0150146484375,270.57269287109375,355.6199951171875,550.0,71.68000030517578,302.0350036621094,270.75,355.8800048828125,550.4849853515625,71.70800018310547,125633,84391,33002,25028,47576
2026-07-31 14:35:00-04:00,302.04998779296875,270.6499938964844,355.55999755859375,550.1699829101562,71.71499633789062,302.16009521484375,270.75,355.70001220703125,550.4500122070312,71.71499633789062,302.010009765625,270.6268005371094,355.45001220703125,549.9299926757812,71.67500305175781,302.06500244140625,270.69000244140625,355.6600036621094,550.0501098632812,71.68900299072266,107971,64538,52244,28026,46122
2026-07-31 14:36:00-04:00,302.1400146484375,270.79998779296875,355.5950012207031,549.6599731445312,71.68000030517578,302.1499938964844,270.8599853515625,355.6600036621094,550.3599853515625,71.71499633789062,302.0,270.6600036621094,355.510009765625,549.6599731445312,71.66000366210938,302.0400085449219,270.6600036621094,355.54998779296875,550.1799926757812,71.71499633789062,87696,70855,34810,25325,33032
2026-07-31 14:37:00-04:00,301.8800048828125,270.7799987792969,355.5350036621094,549.6309814453125,71.66500091552734,302.1498107910156,270.7799987792969,355.5950012207031,549.739990234375,71.68049621582031,301.8800048828125,270.6700134277344,355.3599853515625,549.1799926757812,71.6500015258789,302.1400146484375,270.739990234375,355.5799865722656,549.530029296875,71.68049621582031,110716,83940,30081,45624,26036
2026-07-31 14:38:00-04:00,301.95001220703125,270.8599853515625,355.5899963378906,549.5499877929688,71.6989974975586,301.9649963378906,270.8599853515625,355.70001220703125,549.8599853515625,71.69999694824219,301.8500061035156,270.760009765625,355.489990234375,549.4100952148438,71.66010284423828,301.875,270.7799987792969,355.5,549.630126953125,71.66510009765625,97122,68456,37726,29584,25169
2026-07-31 14:39:00-04:00,302.0150146484375,270.7218017578125,355.3900146484375,549.510009765625,71.68000030517578,302.04998779296875,270.9100036621094,355.6199951171875,549.75,71.72000122070312,301.9200134277344,270.69000244140625,355.30999755859375,549.4299926757812,71.66999816894531,301.94000244140625,270.8699951171875,355.5899963378906,549.655029296875,71.69999694824219,68276,71998,50338,36960,75936
2026-07-31 14:40:00-04:00,302.0950012207031,270.635009765625,355.5,549.4000244140625,71.67500305175781,302.17999267578125,270.78009033203125,355.5299987792969,549.8499145507812,71.70500183105469,301.9599914550781,270.6239929199219,355.3599853515625,549.39501953125,71.66000366210938,302.0150146484375,270.7349853515625,355.42999267578125,549.5,71.68499755859375,109401,101837,31300,29498,32407
2026-07-31 14:41:00-04:00,302.0,270.614990234375,355.4700012207031,549.719970703125,71.69000244140625,302.1000061035156,270.79998779296875,355.67999267578125,549.8099975585938,71.69509887695312,301.9100036621094,270.510009765625,355.4100036621094,549.2949829101562,71.67500305175781,302.0909118652344,270.6300048828125,355.4700012207031,549.4000244140625,71.67500305175781,85413,80976,34270,25659,37692
2026-07-31 14:42:00-04:00,302.0150146484375,270.83099365234375,355.69000244140625,550.0349731445312,71.68499755859375,302.1099853515625,270.8500061035156,355.70001220703125,550.0349731445312,71.69499969482422,301.8901062011719,270.55999755859375,355.3900146484375,549.5800170898438,71.68000030517578,302.0050048828125,270.6300048828125,355.4700012207031,549.72998046875,71.69000244140625,142128,77159,38604,24112,27492
2026-07-31 14:43:00-04:00,302.1199951171875,270.68499755859375,355.4599914550781,549.6749877929688,71.70500183105469,302.17999267578125,270.8599853515625,355.70001220703125,550.1690063476562,71.70999908447266,301.9800109863281,270.68499755859375,355.4200134277344,549.5850219726562,71.68499755859375,302.0150146484375,270.8399963378906,355.6600036621094,550.0599975585938,71.68499755859375,123360,82970,33879,26750,41558
2026-07-31 14:44:00-04:00,302.3223876953125,270.7699890136719,355.4549865722656,549.9000244140625,71.71499633789062,302.3450012207031,270.7900085449219,355.6700134277344,550.1300048828125,71.72000122070312,302.1099853515625,270.6700134277344,355.3900146484375,549.6099853515625,71.70030212402344,302.1099853515625,270.68499755859375,355.4800109863281,549.614990234375,71.70500183105469,146291,75938,32044,29709,18871
2026-07-31 14:45:00-04:00,302.4049987792969,270.8298034667969,355.4100036621094,550.6099853515625,71.71499633789062,302.5299987792969,270.8599853515625,355.55999755859375,550.6900024414062,71.73999786376953,302.30999755859375,270.7550048828125,355.29998779296875,549.8099975585938,71.69999694824219,302.31500244140625,270.7799987792969,355.4424133300781,549.8099975585938,71.70999908447266,150585,89405,31208,31487,54998
2026-07-31 14:46:00-04:00,302.2690124511719,270.8699951171875,355.29998779296875,550.6649780273438,71.68499755859375,302.44000244140625,270.9100036621094,355.54998779296875,550.989990234375,71.71499633789062,302.04010009765625,270.82000732421875,355.29998779296875,550.5999755859375,71.68000030517578,302.4049987792969,270.82000732421875,355.43499755859375,550.6099853515625,71.71009826660156,208742,88199,37455,28742,39464
2026-07-31 14:47:00-04:00,302.32501220703125,271.25,355.3999938964844,551.0599975585938,71.71499633789062,302.44000244140625,271.25,355.44000244140625,551.0900268554688,71.71499633789062,302.25,270.85211181640625,355.25,550.5806884765625,71.66500091552734,302.25,270.885009765625,355.3299865722656,550.7379760742188,71.68499755859375,94377,149806,34094,35445,39418
2026-07-31 14:48:00-04:00,302.2850036621094,271.3399963378906,355.5799865722656,551.280029296875,71.71499633789062,302.385009765625,271.3800048828125,355.6099853515625,551.3499145507812,71.7249984741211,302.2799987792969,271.1300048828125,355.3800048828125,551.030029296875,71.69000244140625,302.32501220703125,271.25250244140625,355.3929138183594,551.0900268554688,71.71949768066406,68430,117490,26784,25351,27350
2026-07-31 14:49:00-04:00,302.2950134277344,271.44000244140625,355.55999755859375,551.4902954101562,71.7300033569336,302.3399963378906,271.4700012207031,355.7200012207031,551.6199951171875,71.73999786376953,302.2500915527344,271.3200988769531,355.4800109863281,551.27001953125,71.69999694824219,302.289794921875,271.3500061035156,355.5801086425781,551.2750244140625,71.71900177001953,93985,109972,26900,31080,36402
2026-07-31 14:50:00-04:00,302.2550048828125,271.4700012207031,355.7099914550781,551.0,71.73999786376953,302.29998779296875,271.6000061035156,355.7300109863281,551.510009765625,71.73999786376953,302.239990234375,271.4100036621094,355.4700012207031,550.9450073242188,71.70500183105469,302.2950134277344,271.4432067871094,355.57000732421875,551.47998046875,71.72000122070312,103002,277150,25375,28229,51460
2026-07-31 14:51:00-04:00,302.32501220703125,271.6300048828125,355.69000244140625,551.1275024414062,71.73999786376953,302.3999938964844,271.79998779296875,355.75,551.280029296875,71.75499725341797,302.25,271.489990234375,355.6099853515625,550.989990234375,71.7301025390625,302.25,271.489990234375,355.69000244140625,551.10498046875,71.73500061035156,174826,153473,32890,21356,47656
2026-07-31 14:52:00-04:00,302.5299072265625,271.6400146484375,355.5950012207031,550.97998046875,71.7249984741211,302.6000061035156,271.8775939941406,355.7900085449219,551.2349853515625,71.74549865722656,302.31500244140625,271.4700012207031,355.510009765625,550.97998046875,71.72000122070312,302.32501220703125,271.6449890136719,355.69000244140625,551.1799926757812,71.73500061035156,130044,230461,28509,26769,36731
2026-07-31 14:53:00-04:00,302.95001220703125,271.6199951171875,355.614990234375,551.1900024414062,71.74009704589844,302.9599914550781,271.70001220703125,355.75,551.280029296875,71.75,302.4700012207031,271.5824890136719,355.510009765625,550.9500122070312,71.7249984741211,302.5199890136719,271.635009765625,355.6000061035156,551.0250244140625,71.7249984741211,185099,84951,34249,26609,31368
2026-07-31 14:54:00-04:00,302.885009765625,271.375,355.29998779296875,550.9099731445312,71.73500061035156,303.0,271.69500732421875,355.6099853515625,551.1903076171875,71.76000213623047,302.7900085449219,271.32000732421875,355.2300109863281,550.75,71.73500061035156,302.9549865722656,271.6300048828125,355.57000732421875,551.1799926757812,71.74500274658203,210354,217954,25605,24305,37950
2026-07-31 14:55:00-04:00,302.8999938964844,271.3999938964844,355.1600036621094,550.719970703125,71.75499725341797,302.9446105957031,271.4849853515625,355.3999938964844,550.9199829101562,71.75499725341797,302.8299865722656,271.3450012207031,355.1600036621094,550.6099853515625,71.7249984741211,302.885009765625,271.375,355.3299865722656,550.7999877929688,71.73999786376953,124655,135759,47197,25087,50035
2026-07-31 14:56:00-04:00,302.8500061035156,271.53790283203125,355.239990234375,550.7949829101562,71.76499938964844,302.92999267578125,271.6499938964844,355.30999755859375,550.8499755859375,71.7750015258789,302.7900085449219,271.4200134277344,355.0899963378906,550.64501953125,71.75499725341797,302.9100036621094,271.4200134277344,355.1600036621094,550.6870727539062,71.75499725341797,113019,131462,41610,22739,30645
2026-07-31 14:57:00-04:00,302.8599853515625,271.5299987792969,355.20001220703125,550.4849853515625,71.73500061035156,302.9100036621094,271.71990966796875,355.3900146484375,550.8699951171875,71.7750015258789,302.8349914550781,271.4949951171875,355.1099853515625,550.1099853515625,71.7300033569336,302.8500061035156,271.54998779296875,355.2900085449219,550.7949829101562,71.76000213623047,98308,161090,41290,35540,37998
2026-07-31 14:58:00-04:00,302.57501220703125,271.7300109863281,355.2699890136719,550.7449951171875,71.7249984741211,302.8699951171875,271.7300109863281,355.3299865722656,550.77001953125,71.73500061035156,302.460205078125,271.4501037597656,355.1400146484375,550.2750244140625,71.70020294189453,302.8609924316406,271.5400085449219,355.20001220703125,550.4500122070312,71.7300033569336,148482,188082,47096,29817,37917
2026-07-31 14:59:00-04:00,302.8299865722656,271.67999267578125,355.364990234375,550.6900024414062,71.69000244140625,302.8599853515625,271.8500061035156,355.4100036621094,551.760009765625,71.73979949951172,302.4200134277344,271.610107421875,355.17999267578125,550.4299926757812,71.69000244140625,302.57501220703125,271.715087890625,355.2900085449219,550.6849975585938,71.71499633789062,178485,227586,33162,54225,38282
2026-07-31 15:00:00-04:00,303.1300048828125,271.3999938964844,355.31500244140625,551.9628295898438,71.68499755859375,303.2300109863281,271.7099914550781,355.5400085449219,552.2100219726562,71.70999908447266,302.7799987792969,271.3999938964844,355.2699890136719,550.5999755859375,71.66000366210938,302.8399963378906,271.67999267578125,355.3699951171875,550.6099853515625,71.6948013305664,252173,266057,40005,54375,63259
2026-07-31 15:01:00-04:00,303.2898864746094,271.42999267578125,355.5,551.5700073242188,71.66999816894531,303.29998779296875,271.42999267578125,355.5950012207031,552.14501953125,71.69000244140625,303.0799865722656,271.2200012207031,355.239990234375,551.25,71.6500015258789,303.1400146484375,271.3900146484375,355.30999755859375,552.0700073242188,71.68000030517578,143109,176958,61038,559033,60535
2026-07-31 15:02:00-04:00,303.5199890136719,271.44000244140625,355.6300048828125,551.9000854492188,71.71499633789062,303.6199951171875,271.54998779296875,355.7699890136719,552.27001953125,71.72509765625,303.260009765625,271.3500061035156,355.5,551.6400146484375,71.66500091552734,303.2900085449219,271.44000244140625,355.5299987792969,551.6400146484375,71.68000030517578,222093,210677,44441,0,56594
2026-07-31 15:03:00-04:00,303.4248962402344,271.31500244140625,355.4800109863281,551.9550170898438,71.71990203857422,303.6400146484375,271.4700012207031,355.69000244140625,552.4600219726562,71.7300033569336,303.40008544921875,271.2300109863281,355.44000244140625,551.5800170898438,71.69499969482422,303.510009765625,271.42498779296875,355.6600036621094,551.9000244140625,71.71499633789062,191090,103860,43225,555747,46780
2026-07-31 15:04:00-04:00,303.75,271.42999267578125,355.5,552.0,71.70500183105469,303.94000244140625,271.42999267578125,355.5,552.5,71.72000122070312,303.3999938964844,271.2096862792969,355.32000732421875,551.75,71.69000244140625,303.3999938964844,271.32000732421875,355.4649963378906,551.9000244140625,71.71499633789062,245713,136959,30974,23124,33306
2026-07-31 15:05:00-04:00,303.69000244140625,271.2250061035156,355.2770080566406,551.4949951171875,71.69999694824219,303.8800048828125,271.510009765625,355.5,552.0499267578125,71.7249984741211,303.6499938964844,271.2200012207031,355.1575012207031,551.1199951171875,71.69499969482422,303.7550048828125,271.44000244140625,355.489990234375,551.9025268554688,71.70500183105469,191298,149293,34253,28061,40471
2026-07-31 15:06:00-04:00,304.04998779296875,271.3699951171875,355.381591796875,551.5399780273438,71.72000122070312,304.1400146484375,271.3699951171875,355.42999267578125,551.6900024414062,71.7249984741211,303.67999267578125,271.1593933105469,355.2200012207031,551.1701049804688,71.69499969482422,303.69000244140625,271.2215881347656,355.32000732421875,551.4949951171875,71.69499969482422,272650,162956,32933,17448,54336
2026-07-31 15:07:00-04:00,304.07000732421875,271.3999938964844,355.4100036621094,551.5150146484375,71.7249984741211,304.1700134277344,271.45001220703125,355.510009765625,551.6400146484375,71.75,303.9305114746094,271.2200012207031,355.17999267578125,550.6599731445312,71.72000122070312,304.04998779296875,271.3900146484375,355.44000244140625,551.52001953125,71.7300033569336,208922,121667,29652,33262,45814
2026-07-31 15:08:00-04:00,304.2850036621094,271.4750061035156,355.5299987792969,551.1799926757812,71.7499008178711,304.29998779296875,271.539306640625,355.54998779296875,551.6400146484375,71.75,304.0199890136719,271.3999938964844,355.3299865722656,551.1300048828125,71.72000122070312,304.07501220703125,271.3999938964844,355.4700012207031,551.52001953125,71.72000122070312,179942,110626,36571,20556,47090
2026-07-31 15:09:00-04:00,304.4150085449219,271.5899963378906,355.3900146484375,550.9000244140625,71.70500183105469,304.5299987792969,271.6050109863281,355.55999755859375,551.239990234375,71.73999786376953,304.239990234375,271.2900085449219,355.30999755859375,550.6300048828125,71.69999694824219,304.2850036621094,271.4750061035156,355.514892578125,551.1799926757812,71.73999786376953,409518,202841,43088,43765,51340
2026-07-31 15:10:00-04:00,304.64471435546875,271.5,355.45001220703125,551.4301147460938,71.75499725341797,304.8699951171875,271.57000732421875,355.45001220703125,551.5650024414062,71.76000213623047,304.3900146484375,271.3900146484375,355.2200012207031,550.9000244140625,71.70010375976562,304.4100036621094,271.57000732421875,355.39990234375,550.9000244140625,71.70010375976562,279770,166009,31264,24209,49402
2026-07-31 15:11:00-04:00,304.63800048828125,271.3800048828125,355.3599853515625,551.1900024414062,71.74500274658203,304.75,271.55499267578125,355.4800109863281,551.6799926757812,71.77999877929688,304.5899963378906,271.3800048828125,355.2850036621094,551.0,71.74500274658203,304.6549987792969,271.4801940917969,355.3699951171875,551.4249877929688,71.75460052490234,232686,150446,30996,39189,61705
2026-07-31 15:12:00-04:00,304.4700012207031,271.32000732421875,355.79998779296875,552.0999755859375,71.7249984741211,304.6400146484375,271.4599914550781,355.79998779296875,552.239990234375,71.768798828125,304.3999938964844,271.2900085449219,355.3399963378906,551.22998046875,71.72029876708984,304.6300048828125,271.375,355.3399963378906,551.22998046875,71.74500274658203,230400,152759,32137,35918,44436
2026-07-31 15:13:00-04:00,304.75,271.2699890136719,355.7349853515625,552.6799926757812,71.74500274658203,304.760009765625,271.4255065917969,355.8599853515625,552.9896240234375,71.74500274658203,304.44500732421875,271.2301940917969,355.6700134277344,552.0399780273438,71.72000122070312,304.4700012207031,271.3349914550781,355.79998779296875,552.0999755859375,71.7300033569336,218729,95542,35435,56848,37258
2026-07-31 15:14:00-04:00,304.5799865722656,271.260009765625,355.6499938964844,553.1849975585938,71.74500274658203,304.8399963378906,271.44000244140625,355.8599853515625,553.3599853515625,71.75,304.4700012207031,271.17999267578125,355.5849914550781,552.6699829101562,71.73500061035156,304.75799560546875,271.2799987792969,355.760009765625,552.7999877929688,71.74500274658203,175887,140441,46339,34734,46503
2026-07-31 15:15:00-04:00,304.9700012207031,271.16009521484375,355.4599914550781,553.0189819335938,71.74500274658203,305.07000732421875,271.2950134277344,355.69000244140625,553.2379760742188,71.7750015258789,304.5299987792969,271.114990234375,355.45001220703125,552.655029296875,71.71499633789062,304.5849914550781,271.260009765625,355.6499938964844,553.2379760742188,71.74500274658203,268564,120604,36580,43255,65679
2026-07-31 15:16:00-04:00,304.93499755859375,271.17999267578125,355.1000061035156,552.25,71.74500274658203,304.989990234375,271.239990234375,355.5299987792969,552.9249877929688,71.76499938964844,304.739990234375,271.1099853515625,354.9639892578125,552.030029296875,71.73500061035156,304.9800109863281,271.1700134277344,355.510009765625,552.9249877929688,71.75,1350783,106544,146432,214077,54009
2026-07-31 15:17:00-04:00,305.5150146484375,271.2799987792969,354.7900085449219,552.6300048828125,71.67500305175781,305.7099914550781,271.3500061035156,355.1000061035156,552.6300048828125,71.74500274658203,304.92999267578125,271.0299987792969,354.739990234375,552.1599731445312,71.67030334472656,304.92999267578125,271.17999267578125,355.0400085449219,552.3250122070312,71.74500274658203,308605,204609,55769,19806,84035
2026-07-31 15:18:00-04:00,305.1600036621094,271.2850036621094,355.1300048828125,552.9550170898438,71.66500091552734,305.5190124511719,271.45001220703125,355.1700134277344,553.1900024414062,71.69499969482422,305.1499938964844,271.2650146484375,354.75,552.5349731445312,71.65499877929688,305.510009765625,271.2749938964844,354.8299865722656,552.5349731445312,71.66999816894531,372034,573810,52953,30158,76559
2026-07-31 15:19:00-04:00,305.24200439453125,271.3900146484375,355.5199890136719,552.8499755859375,71.6500015258789,305.42999267578125,271.4700012207031,355.5299987792969,553.1099853515625,71.70999908447266,305.1400146484375,271.29998779296875,355.125,552.6749877929688,71.6500015258789,305.1510009765625,271.29998779296875,355.1300048828125,552.9550170898438,71.66500091552734,178858,160393,30916,32061,98277
2026-07-31 15:20:00-04:00,304.9200134277344,271.2699890136719,355.42999267578125,552.77001953125,71.6449966430664,305.239990234375,271.3901062011719,355.5799865722656,552.9880981445312,71.66000366210938,304.635009765625,271.0799865722656,355.3299865722656,552.5499877929688,71.63500213623047,305.239990234375,271.38720703125,355.5299987792969,552.9099731445312,71.65499877929688,287074,125266,37471,27100,66144
2026-07-31 15:21:00-04:00,305.0150146484375,271.2799987792969,355.3500061035156,553.1400146484375,71.67639923095703,305.1099853515625,271.31500244140625,355.489990234375,553.1998901367188,71.67990112304688,304.7850036621094,271.20001220703125,355.32000732421875,552.6599731445312,71.63999938964844,304.9100036621094,271.260009765625,355.4129943847656,552.8300170898438,71.6449966430664,227567,188316,38395,36243,91351
2026-07-31 15:22:00-04:00,304.94000244140625,271.3500061035156,355.8699951171875,553.5,71.68000030517578,305.04998779296875,271.5,355.8699951171875,553.739990234375,71.71499633789062,304.8599853515625,271.2300109863281,355.3399963378906,552.989990234375,71.66999816894531,305.0150146484375,271.2850036621094,355.3399963378906,553.135009765625,71.67970275878906,224763,185891,47509,37498,59705
2026-07-31 15:23:00-04:00,305.20001220703125,271.4200134277344,355.8500061035156,553.2000122070312,71.66500091552734,305.2300109863281,271.54998779296875,355.9599914550781,553.5399780273438,71.68000030517578,304.93499755859375,271.2179870605469,355.55999755859375,553.1199951171875,71.63009643554688,304.93499755859375,271.3349914550781,355.7900085449219,553.4949951171875,71.67500305175781,183987,185111,57374,27970,96925
2026-07-31 15:24:00-04:00,305.3450012207031,271.3699951171875,355.8999938964844,553.1339111328125,71.65599822998047,305.39990234375,271.4200134277344,356.0400085449219,553.3699951171875,71.66010284423828,305.1700134277344,271.2900085449219,355.739990234375,553.0499877929688,71.6449966430664,305.19500732421875,271.3900146484375,355.8399963378906,553.2000122070312,71.66000366210938,198407,114902,64836,34775,79550
2026-07-31 15:25:00-04:00,305.2200012207031,271.4599914550781,356.0799865722656,553.1400146484375,71.61000061035156,305.5199890136719,271.5801086425781,356.0899963378906,553.3900146484375,71.66500091552734,305.2200012207031,271.2699890136719,355.80999755859375,553.0800170898438,71.61000061035156,305.3450012207031,271.3800048828125,355.9100036621094,553.1900024414062,71.6500015258789,197286,168317,40731,28965,87630
2026-07-31 15:26:00-04:00,305.2619934082031,271.9200134277344,355.8949890136719,553.0750122070312,71.59500122070312,305.45001220703125,271.9200134277344,356.17999267578125,553.2050170898438,71.62999725341797,305.1400146484375,271.4200134277344,355.8900146484375,552.75,71.58000183105469,305.2200012207031,271.4599914550781,356.0199890136719,553.2050170898438,71.61000061035156,290451,264438,56709,31849,184135
2026-07-31 15:27:00-04:00,305.1549987792969,272.1807861328125,355.8399963378906,553.239990234375,71.62969970703125,305.32000732421875,272.3599853515625,356.07989501953125,553.4000244140625,71.63500213623047,305.1099853515625,271.92041015625,355.70001220703125,553.0999755859375,71.58499908447266,305.2650146484375,271.92041015625,355.8900146484375,553.0999755859375,71.6050033569336,145062,840412,87514,26929,78125
2026-07-31 15:28:00-04:00,305.3550109863281,272.0899963378906,355.885009765625,552.6749877929688,71.5999984741211,305.3800048828125,272.2749938964844,356.0400085449219,553.2550048828125,71.62000274658203,305.1400146484375,271.9814147949219,355.79998779296875,552.6199951171875,71.59500122070312,305.1549987792969,272.19000244140625,355.8399963378906,553.2550048828125,71.62000274658203,198320,253092,41395,31083,87578
2026-07-31 15:29:00-04:00,305.6549987792969,271.8219909667969,355.8349914550781,552.5599975585938,71.6050033569336,305.7049865722656,272.135009765625,355.9599914550781,552.97998046875,71.61499786376953,305.2900085449219,271.6300048828125,355.75,552.5599975585938,71.59500122070312,305.3550109863281,272.0899963378906,355.9200134277344,552.6699829101562,71.606201171875,221418,246283,37335,27919,106836
2026-07-31 15:30:00-04:00,305.3800048828125,272.0849914550781,355.8999938964844,552.0900268554688,71.62999725341797,305.8399963378906,272.114990234375,355.8999938964844,552.5399780273438,71.63999938964844,305.2799987792969,271.82000732421875,355.5400085449219,551.77001953125,71.59500122070312,305.6600036621094,271.8299865722656,355.8399963378906,552.5399780273438,71.6050033569336,366369,256312,60065,48993,88921
2026-07-31 15:31:00-04:00,305.29998779296875,272.57000732421875,356.2300109863281,552.1300048828125,71.5999984741211,305.3800048828125,272.5828857421875,356.25,552.2216186523438,71.62999725341797,305.1050109863281,272.0849914550781,355.8599853515625,551.4349975585938,71.58999633789062,305.3800048828125,272.0849914550781,355.8999938964844,552.0349731445312,71.6261978149414,271376,333853,62874,35597,61372
2026-07-31 15:32:00-04:00,305.2449951171875,272.55999755859375,355.8800048828125,552.4149780273438,71.55989837646484,305.31500244140625,272.7200012207031,356.4100036621094,552.6699829101562,71.61000061035156,305.1099853515625,272.3599853515625,355.7699890136719,552.1599731445312,71.55500030517578,305.31500244140625,272.55999755859375,356.260009765625,552.25,71.61000061035156,273516,515788,64292,29498,168051
2026-07-31 15:33:00-04:00,305.29998779296875,272.19000244140625,355.92999267578125,552.5399780273438,71.53500366210938,305.57000732421875,272.70001220703125,356.1300048828125,552.6699829101562,71.55999755859375,305.07000732421875,272.090087890625,355.79998779296875,552.1699829101562,71.51000213623047,305.25,272.57000732421875,355.8699951171875,552.4349975585938,71.55500030517578,390630,396337,42920,46029,155794
2026-07-31 15:34:00-04:00,305.8599853515625,271.7049865722656,356.0899963378906,552.7799072265625,71.5438003540039,305.864990234375,272.19000244140625,356.1700134277344,552.8099975585938,71.58000183105469,305.2950134277344,271.5899963378906,355.8900146484375,552.3900756835938,71.53500366210938,305.29998779296875,272.19000244140625,355.9100036621094,552.4199829101562,71.53500366210938,377087,371164,40115,425211,112646
2026-07-31 15:35:00-04:00,306.125,272.0950012207031,356.42999267578125,553.60498046875,71.54499816894531,306.20001220703125,272.13958740234375,356.44000244140625,553.60498046875,71.54499816894531,305.7699890136719,271.6300048828125,356.0299987792969,552.5700073242188,71.50499725341797,305.8699951171875,271.7200012207031,356.0799865722656,552.6500244140625,71.54499816894531,359994,246489,40681,32524,98093
2026-07-31 15:36:00-04:00,306.15899658203125,271.8299865722656,356.80999755859375,553.8499755859375,71.55000305175781,306.4100036621094,272.139892578125,356.8900146484375,553.8699951171875,71.55509948730469,306.0799865722656,271.7900085449219,356.43499755859375,553.219970703125,71.54000091552734,306.1199951171875,272.0950012207031,356.43499755859375,553.6699829101562,71.54499816894531,278192,151164,101178,65395,87865
2026-07-31 15:37:00-04:00,305.9601135253906,272.1499938964844,356.8114929199219,554.2991943359375,71.54499816894531,306.1600036621094,272.2300109863281,356.8699951171875,554.489990234375,71.55000305175781,305.8500061035156,271.69000244140625,356.69000244140625,553.7000122070312,71.52999877929688,306.1549987792969,271.8399963378906,356.7699890136719,553.77001953125,71.55000305175781,263508,247053,53268,42993,63131
2026-07-31 15:38:00-04:00,305.864990234375,271.9049987792969,356.5801086425781,554.4500122070312,71.57499694824219,306.08319091796875,272.2095031738281,357.05999755859375,554.72998046875,71.58000183105469,305.8500061035156,271.8599853515625,356.5400085449219,554.1500854492188,71.54499816894531,305.9700012207031,272.1499938964844,356.8450012207031,554.280029296875,71.54499816894531,209496,185233,70585,34371,59003
2026-07-31 15:39:00-04:00,305.1400146484375,271.55499267578125,357.07000732421875,553.3800048828125,71.62999725341797,305.8699951171875,271.92999267578125,357.0899963378906,554.5,71.6500015258789,305.0199890136719,271.40008544921875,356.6499938964844,552.780029296875,71.56999969482422,305.85009765625,271.92999267578125,356.6600036621094,554.4550170898438,71.58000183105469,334159,289846,56962,76432,276838
2026-07-31 15:40:00-04:00,305.9190979003906,271.2305908203125,357.07000732421875,552.155029296875,71.55500030517578,305.9599914550781,271.5694885253906,357.32000732421875,553.3308715820312,71.625,305.1099853515625,271.0400085449219,357.0360107421875,552.0650024414062,71.54199981689453,305.1400146484375,271.5400085449219,357.0360107421875,553.3300170898438,71.62000274658203,334913,269842,63146,63622,302619
2026-07-31 15:41:00-04:00,305.9100036621094,271.3500061035156,357.25,551.7000122070312,71.57499694824219,306.010009765625,271.42999267578125,357.4700012207031,552.3400268554688,71.58999633789062,305.8299865722656,271.0899963378906,357.010009765625,551.3900146484375,71.54499816894531,305.9100036621094,271.239990234375,357.07000732421875,552.1900024414062,71.55999755859375,280725,208461,79987,61053,75760
2026-07-31 15:42:00-04:00,306.19000244140625,271.20001220703125,357.0,551.885009765625,71.53500366210938,306.2699890136719,271.3699951171875,357.29998779296875,552.1849975585938,71.59500122070312,305.9100036621094,271.1050109863281,356.760009765625,551.3900146484375,71.52999877929688,305.9200134277344,271.3699951171875,357.25,551.8300170898438,71.57499694824219,369428,181755,60154,102349,117527
2026-07-31 15:43:00-04:00,306.30999755859375,271.2701110839844,357.6199951171875,552.0800170898438,71.56500244140625,306.49969482421875,271.3500061035156,357.67999267578125,552.2150268554688,71.58000183105469,306.1997985839844,271.07000732421875,356.95001220703125,551.75,71.52999877929688,306.20001220703125,271.18499755859375,356.95001220703125,551.9600219726562,71.52999877929688,352480,179149,131484,66003,64642
2026-07-31 15:44:00-04:00,306.5350036621094,271.4200134277344,357.3999938964844,552.190185546875,71.6449966430664,306.6199951171875,271.4901123046875,357.67999267578125,552.3400268554688,71.6500015258789,306.239990234375,271.2099914550781,357.30999755859375,551.9650268554688,71.57499694824219,306.30999755859375,271.30999755859375,357.67999267578125,552.030029296875,71.57499694824219,353353,198329,73808,69596,242217
2026-07-31 15:45:00-04:00,306.62969970703125,271.5249938964844,357.8299865722656,552.27001953125,71.66000366210938,306.6300048828125,271.55499267578125,357.8500061035156,552.35498046875,71.68000030517578,306.3999938964844,271.3599853515625,357.4599914550781,551.9600219726562,71.63459777832031,306.5400085449219,271.4200134277344,357.4700012207031,552.2000122070312,71.63999938964844,359258,192564,94368,66485,111709
2026-07-31 15:46:00-04:00,306.75,271.4200134277344,357.9200134277344,552.10498046875,71.6500015258789,307.3299865722656,271.70001220703125,358.04779052734375,552.5,71.68000030517578,306.6199951171875,271.40008544921875,357.8299865722656,552.0700073242188,71.6500015258789,306.6199951171875,271.510009765625,357.8299865722656,552.2750244140625,71.65979766845703,765716,187609,85551,57011,67080
2026-07-31 15:47:00-04:00,306.375,271.6650085449219,357.67999267578125,552.9299926757812,71.6500015258789,307.0899963378906,271.70001220703125,357.94000244140625,553.0549926757812,71.6500015258789,306.3599853515625,271.3299865722656,357.5199890136719,552.0700073242188,71.6050033569336,306.75,271.4100036621094,357.94000244140625,552.1099853515625,71.63999938964844,556159,193765,96673,59937,65514
2026-07-31 15:48:00-04:00,306.5150146484375,271.875,357.6000061035156,552.64501953125,71.66000366210938,306.8299865722656,271.8800048828125,357.7372131347656,552.9000244140625,71.66000366210938,306.2900085449219,271.5299987792969,357.3999938964844,552.3200073242188,71.63999938964844,306.385009765625,271.6499938964844,357.6600036621094,552.8900756835938,71.6500015258789,437429,224162,71944,65247,54862
2026-07-31 15:49:00-04:00,306.7099914550781,271.75628662109375,357.2950134277344,552.4099731445312,71.6449966430664,306.739990234375,272.17999267578125,357.7349853515625,552.780029296875,71.66500091552734,306.1300048828125,271.6300048828125,357.07000732421875,552.27001953125,71.625,306.510009765625,271.8800048828125,357.59100341796875,552.780029296875,71.66000366210938,477356,322276,84291,37688,106572
2026-07-31 15:50:00-04:00,307.4599914550781,272.9117126464844,357.95001220703125,551.739990234375,71.61499786376953,308.3500061035156,272.989990234375,358.07000732421875,552.4000244140625,71.66999816894531,306.67999267578125,271.7200012207031,357.30999755859375,551.0100708007812,71.6050033569336,306.69000244140625,271.7200012207031,357.30999755859375,552.3300170898438,71.6500015258789,1351695,573404,127036,101372,151974
2026-07-31 15:51:00-04:00,307.0350036621094,273.0249938964844,357.9750061035156,552.1400146484375,71.5999984741211,307.5299987792969,273.07000732421875,358.0799865722656,552.35498046875,71.63500213623047,306.9100036621094,272.8500061035156,357.79998779296875,551.7000122070312,71.58999633789062,307.4750061035156,272.8999938964844,357.94500732421875,551.739990234375,71.61499786376953,726662,641309,112706,90269,124045
2026-07-31 15:52:00-04:00,306.8349914550781,273.1499938964844,358.239990234375,553.72998046875,71.625,307.1400146484375,273.2300109863281,358.4049987792969,553.9000244140625,71.6449966430664,306.67999267578125,272.92999267578125,357.9750061035156,552.125,71.58999633789062,307.0400085449219,273.0249938964844,357.989990234375,552.1300048828125,71.5999984741211,583348,484446,149598,96760,99200
2026-07-31 15:53:00-04:00,308.19000244140625,272.8500061035156,358.7200012207031,555.1900024414062,71.67500305175781,308.19000244140625,273.17999267578125,358.7900085449219,555.6199951171875,71.68499755859375,306.79998779296875,272.6199951171875,358.1600036621094,553.6199951171875,71.6050033569336,306.82000732421875,273.1700134277344,358.260009765625,553.72998046875,71.625,830038,620887,197442,144224,159324
2026-07-31 15:54:00-04:00,309.7200012207031,272.4649963378906,357.7550048828125,555.77001953125,71.73999786376953,309.9999084472656,272.95001220703125,358.8800048828125,555.8150024414062,71.7699966430664,308.1499938964844,272.42999267578125,357.6000061035156,554.8599853515625,71.66000366210938,308.19000244140625,272.8500061035156,358.7699890136719,555.1199951171875,71.67500305175781,1607407,573834,210458,121790,259386
2026-07-31 15:55:00-04:00,308.1499938964844,271.5783996582031,357.125,556.5084228515625,71.72979736328125,309.7200012207031,272.5,357.79998779296875,556.7899780273438,71.73999786376953,307.6400146484375,271.57000732421875,356.7900085449219,555.4500122070312,71.62999725341797,309.7099914550781,272.4700012207031,357.79998779296875,555.6900024414062,71.7300033569336,1386786,736140,350740,151495,198370
2026-07-31 15:56:00-04:00,308.5050048828125,271.92999267578125,357.57000732421875,557.3900146484375,71.76000213623047,308.5199890136719,271.92999267578125,357.57000732421875,557.5,71.77980041503906,307.9800109863281,271.4200134277344,357.1099853515625,556.375,71.72000122070312,308.1650085449219,271.57501220703125,357.1300048828125,556.4299926757812,71.72000122070312,906089,596805,203409,152185,230218
2026-07-31 15:57:00-04:00,309.5950012207031,272.2799987792969,357.0199890136719,557.9099731445312,71.73500061035156,309.70001220703125,272.3800048828125,357.70001220703125,558.3300170898438,71.7699966430664,308.42999267578125,271.75,356.9200134277344,557.3699951171875,71.72000122070312,308.5199890136719,271.92999267578125,357.57000732421875,557.4000244140625,71.75499725341797,1221895,724931,382286,170251,296959
2026-07-31 15:58:00-04:00,309.6401062011719,272.30499267578125,357.42498779296875,557.97998046875,71.80500030517578,310.0799865722656,272.4895935058594,357.5,558.1500244140625,71.80979919433594,309.0249938964844,272.1099853515625,356.80999755859375,557.5800170898438,71.71499633789062,309.5899963378906,272.2799987792969,356.9775085449219,557.9099731445312,71.73500061035156,2052730,710217,323419,178654,317780
2026-07-31 15:59:00-04:00,309.0299987792969,271.6099853515625,356.7099914550781,556.5,71.69999694824219,310.6600036621094,272.32000732421875,357.4100036621094,557.9749755859375,71.79499816894531,308.44000244140625,271.1499938964844,356.3800048828125,556.280029296875,71.68000030517578,309.6499938964844,272.30999755859375,357.4100036621094,557.9749755859375,71.79499816894531,2565164,1377685,863332,371586,679788
