Price,Close,Close,Close,Close,Close,High,High,High,High,High,Low,Low,Low,Low,Low,Open,Open,Open,Open,Open,Volume,Volume,Volume,Volume,Volume
Ticker,AAPL,AMZN,GOOG,META,NFLX,AAPL,AMZN,GOOG,META,NFLX,AAPL,AMZN,GOOG,META,NFLX,AAPL,AMZN,GOOG,META,NFLX,AAPL,AMZN,GOOG,META,NFLX
Datetime,,,,,,,,,,,,,,,,,,,,,,,,,
2026-08-17 09:30:00-04:00,306.69500732421875,265.17498779296875,344.2998962402344,584.1199951171875,77.95999908447266,307.1499938964844,265.75,345.0,590.239990234375,78.22000122070312,305.9800109863281,264.32000732421875,343.6099853515625,583.4600219726562,77.80999755859375,306.2099914550781,265.44000244140625,344.07501220703125,589.75,77.80999755859375,3405104,2377648,601502,853645,1234077
2026-08-17 09:31:00-04:00,306.5249938964844,264.3299865722656,344.7974853515625,581.7100219726562,78.35749816894531,306.9200134277344,265.55999755859375,344.8699951171875,584.8400268554688,78.44999694824219,306.2401123046875,264.2950134277344,344.010009765625,581.6599731445312,77.91999816894531,306.6499938964844,265.1600036621094,344.01458740234375,584.280029296875,77.94499969482422,160608,308448,41765,106101,94972
2026-08-17 09:32:00-04:00,306.95001220703125,263.32000732421875,342.94500732421875,581.5947875976562,78.27999877929688,307.25,264.3699951171875,344.84991455078125,584.5,78.52999877929688,306.44000244140625,262.8500061035156,342.8800048828125,581.2501220703125,78.20999908447266,306.5249938964844,264.3299865722656,344.84991455078125,581.6967163085938,78.37000274658203,159060,586795,88486,107192,84363
2026-08-17 09:33:00-04:00,306.5799865722656,262.385009765625,341.9555969238281,579.7100219726562,77.91000366210938,307.6600036621094,263.375,342.8999938964844,582.39501953125,78.29000091552734,306.3399963378906,262.25,341.739990234375,579.3099975585938,77.88999938964844,306.9100036621094,263.3114013671875,342.8800048828125,581.6699829101562,78.2750015258789,206373,438100,90056,123264,86088
2026-08-17 09:34:00-04:00,305.760009765625,261.8900146484375,342.5849914550781,579.2249755859375,78.02999877929688,306.760009765625,262.7799072265625,342.7720947265625,579.8800048828125,78.05000305175781,305.7300109863281,261.6700134277344,341.8399963378906,578.5499877929688,77.9000015258789,306.5799865722656,262.3900146484375,341.8739929199219,579.5599975585938,77.91999816894531,128232,382501,43334,75677,51015
2026-08-17 09:35:00-04:00,306.07501220703125,261.92498779296875,343.08990478515625,580.1099853515625,77.95500183105469,306.17999267578125,262.0,343.08990478515625,580.5,78.04000091552734,305.3399963378906,261.090087890625,342.0299987792969,578.1099853515625,77.86009979248047,305.760009765625,261.8301086425781,342.510009765625,579.2249755859375,78.04000091552734,113544,310833,54118,92617,100892
2026-08-17 09:36:00-04:00,306.4200134277344,262.0899963378906,343.260009765625,581.7100830078125,77.96880340576172,306.67999267578125,262.57501220703125,343.364990234375,581.8748168945312,77.9800033569336,306.0382995605469,261.8349914550781,342.90008544921875,580.0549926757812,77.83000183105469,306.0382995605469,261.9599914550781,343.1099853515625,580.0549926757812,77.94999694824219,72960,1070947,35740,62866,92490
2026-08-17 09:37:00-04:00,305.989990234375,262.3999938964844,343.1481018066406,582.6621704101562,77.98999786376953,306.3998107910156,262.5299987792969,343.45001220703125,583.0,78.01920318603516,305.9700012207031,262.0,343.0202941894531,581.739990234375,77.88500213623047,306.3900146484375,262.0350036621094,343.19000244140625,581.9000244140625,77.97000122070312,68453,167629,23095,58239,88838
2026-08-17 09:38:00-04:00,305.3949890136719,262.364990234375,343.5450134277344,581.4517822265625,77.83000183105469,305.9599914550781,262.3999938964844,343.5450134277344,582.739990234375,78.0,305.1199951171875,262.07000732421875,342.8500061035156,581.0999755859375,77.83000183105469,305.9599914550781,262.385009765625,343.2300109863281,582.7249755859375,77.96499633789062,136219,170427,39514,54635,77873
2026-08-17 09:39:00-04:00,305.260009765625,263.0,343.2550048828125,580.9000854492188,77.83999633789062,305.4700012207031,263.1600036621094,343.7200012207031,582.0,77.9800033569336,305.1600036621094,262.2900085449219,343.21051025390625,580.655029296875,77.77999877929688,305.4100036621094,262.364990234375,343.6300048828125,581.5399780273438,77.83000183105469,112836,364387,26175,44383,96444
2026-08-17 09:40:00-04:00,304.3450012207031,262.70001220703125,343.44000244140625,580.6400146484375,77.73999786376953,305.2784118652344,263.0199890136719,343.7539978027344,581.260009765625,77.86000061035156,304.32501220703125,262.6099853515625,343.2460021972656,580.5599975585938,77.72000122070312,305.2784118652344,263.010009765625,343.30999755859375,580.8659057617188,77.83000183105469,114299,274914,22215,44343,91467
2026-08-17 09:41:00-04:00,304.44500732421875,263.5150146484375,343.2206115722656,581.3179931640625,77.55000305175781,304.5400085449219,263.635009765625,343.5299987792969,581.3599853515625,77.73999786376953,304.05499267578125,262.6300048828125,343.2099914550781,580.2550048828125,77.52020263671875,304.3699951171875,262.6650085449219,343.4599914550781,580.5599975585938,77.72000122070312,163751,186597,21048,25851,123001
2026-08-17 09:42:00-04:00,304.4599914550781,263.5299987792969,342.80999755859375,581.9500122070312,77.58999633789062,304.57000732421875,263.5799865722656,343.2099914550781,582.2899780273438,77.7249984741211,304.1499938964844,262.6600036621094,342.6199951171875,581.0999755859375,77.55500030517578,304.4200134277344,263.4599914550781,343.20001220703125,581.2800903320312,77.55500030517578,92118,251319,34698,37085,58690
2026-08-17 09:43:00-04:00,304.6650085449219,262.3299865722656,341.92999267578125,580.4990234375,77.12000274658203,304.7200012207031,263.5400085449219,342.7900085449219,582.1699829101562,77.5801010131836,304.42010498046875,262.3200988769531,341.75,580.4000244140625,77.11499786376953,304.45001220703125,263.44000244140625,342.67999267578125,581.875,77.5801010131836,74728,101050,56259,34705,118708
2026-08-17 09:44:00-04:00,305.15008544921875,262.0375061035156,342.2250061035156,580.64501953125,77.05000305175781,305.32000732421875,262.3500061035156,342.29998779296875,580.9619750976562,77.125,304.6600036621094,261.9032897949219,341.80999755859375,580.02001953125,77.01499938964844,304.69000244140625,262.2900085449219,341.92999267578125,580.405029296875,77.12000274658203,88218,163374,30839,35785,105497
2026-08-17 09:45:00-04:00,305.25,262.4100036621094,342.44000244140625,580.2650146484375,76.93000030517578,305.4700012207031,262.9299011230469,342.6199035644531,581.0700073242188,77.08000183105469,305.1199951171875,262.0400085449219,342.2699890136719,580.0800170898438,76.91999816894531,305.1199951171875,262.05499267578125,342.2799987792969,580.6099853515625,77.05000305175781,115377,208638,45141,32726,189968
2026-08-17 09:46:00-04:00,305.32000732421875,262.510009765625,342.6400146484375,581.3200073242188,76.88500213623047,305.4100036621094,262.67498779296875,342.7253112792969,581.3200073242188,76.94499969482422,305.0899963378906,262.25,342.3900146484375,579.8674926757812,76.80999755859375,305.2432861328125,262.3699951171875,342.44000244140625,580.2000122070312,76.94499969482422,82159,180772,42466,80269,81467
2026-08-17 09:47:00-04:00,305.5,262.7298889160156,342.7449951171875,581.2899780273438,76.79000091552734,305.705810546875,262.7998962402344,342.8599853515625,581.469970703125,76.88999938964844,305.2699890136719,262.44000244140625,342.5199890136719,580.9152221679688,76.69000244140625,305.32000732421875,262.5350036621094,342.69000244140625,581.1699829101562,76.88999938964844,139329,100476,18119,19301,142765
2026-08-17 09:48:00-04:00,305.67999267578125,262.6300048828125,342.760009765625,581.1300048828125,76.75,305.70001220703125,262.989990234375,342.9649963378906,581.5800170898438,76.83000183105469,305.45001220703125,262.59051513671875,342.63970947265625,580.8599853515625,76.69000244140625,305.5199890136719,262.6600036621094,342.67999267578125,581.3001098632812,76.7699966430664,72517,116051,23198,22836,105320
2026-08-17 09:49:00-04:00,306.0400085449219,263.0050048828125,342.73760986328125,580.8499755859375,76.7750015258789,306.0694885253906,263.2200012207031,342.7699890136719,580.9221801757812,76.86000061035156,305.6600036621094,262.32000732421875,342.30999755859375,580.1801147460938,76.66000366210938,305.6600036621094,262.6449890136719,342.7699890136719,580.9201049804688,76.74009704589844,70594,193413,19822,31375,160478
2026-08-17 09:50:00-04:00,305.94000244140625,262.7149963378906,342.55499267578125,580.22998046875,76.83499908447266,306.0745849609375,263.1499938964844,342.8738098144531,581.1296997070312,76.86000061035156,305.7699890136719,262.5799865722656,342.5299987792969,580.0601196289062,76.72000122070312,306.0299987792969,263.1499938964844,342.6400146484375,580.8499755859375,76.7750015258789,79984,63853,21497,38851,158844
2026-08-17 09:51:00-04:00,306.010009765625,262.6099853515625,342.91400146484375,580.8400268554688,77.12989807128906,306.05499267578125,262.8800048828125,342.9200134277344,581.1199951171875,77.12999725341797,305.8299865722656,262.4130859375,342.4599914550781,580.1199951171875,76.81999969482422,305.9599914550781,262.75,342.5299987792969,580.1799926757812,76.83499908447266,44764,78584,15481,27915,131804
2026-08-17 09:52:00-04:00,306.301513671875,262.42999267578125,342.83929443359375,580.844970703125,77.0999984741211,306.301513671875,262.79998779296875,343.09991455078125,581.1400146484375,77.1500015258789,305.8699951171875,262.3999938964844,342.75360107421875,580.5791015625,77.04000091552734,306.010009765625,262.6050109863281,342.92498779296875,580.8800048828125,77.0999984741211,57672,86866,32160,16593,80412
2026-08-17 09:53:00-04:00,305.7300109863281,262.5199890136719,342.5899963378906,580.5449829101562,77.08000183105469,306.32000732421875,262.7200012207031,342.8371887207031,581.2100219726562,77.13999938964844,305.6700134277344,262.3999938964844,342.489990234375,580.4099731445312,77.04000091552734,306.2900085449219,262.42999267578125,342.81500244140625,581.0,77.08000183105469,96379,130520,15455,23928,61904
2026-08-17 09:54:00-04:00,305.4549865722656,263.010009765625,343.3500061035156,580.7949829101562,77.16000366210938,305.7900085449219,263.114990234375,343.3599853515625,580.97998046875,77.19999694824219,305.3599853515625,262.5400085449219,342.5806884765625,580.2800903320312,77.06999969482422,305.75,263.010009765625,342.5950012207031,580.530029296875,77.06999969482422,53192,77158,25122,16624,48068
2026-08-17 09:55:00-04:00,305.6099853515625,262.8699951171875,342.9599914550781,580.5750122070312,77.11499786376953,305.69000244140625,263.0899963378906,343.3999938964844,580.7899780273438,77.16999816894531,305.3999938964844,261.8299865722656,342.8399963378906,580.2899780273438,77.0999984741211,305.4501037597656,263.0150146484375,343.3999938964844,580.7899780273438,77.16000366210938,55556,254265,21528,18304,55682
2026-08-17 09:56:00-04:00,305.70001220703125,262.30999755859375,342.69970703125,580.5,77.12999725341797,305.8999938964844,262.875,343.20001220703125,580.7249755859375,77.16999816894531,305.6099853515625,262.0899963378906,342.5,580.0599975585938,77.06009674072266,305.6400146484375,262.875,342.9599914550781,580.5900268554688,77.12000274658203,66615,94622,21499,22989,69099
2026-08-17 09:57:00-04:00,305.4883117675781,261.7699890136719,342.3450012207031,579.780029296875,77.0999984741211,305.7650146484375,262.30999755859375,342.69000244140625,580.7000122070312,77.13999938964844,305.2850036621094,261.7099914550781,342.29998779296875,579.6099853515625,77.08000183105469,305.7049865722656,262.30999755859375,342.69000244140625,580.3400268554688,77.13999938964844,52672,169863,22192,50168,45524
2026-08-17 09:58:00-04:00,305.6099853515625,261.5450134277344,341.95001220703125,579.7000122070312,76.96980285644531,305.8523864746094,261.8599853515625,342.3900146484375,579.8800048828125,77.0999984741211,305.4800109863281,261.5,341.95001220703125,579.52001953125,76.95999908447266,305.5,261.79998779296875,342.3450012207031,579.6680908203125,77.08999633789062,54589,139155,53522,25569,77589
2026-08-17 09:59:00-04:00,305.44000244140625,261.7200012207031,342.25,580.3699951171875,77.01000213623047,305.5899963378906,261.7200012207031,342.25,580.3699951171875,77.02010345458984,305.29998779296875,261.3900146484375,341.6940002441406,579.4400024414062,76.91000366210938,305.5799865722656,261.5450134277344,341.9696960449219,579.5900268554688,76.96499633789062,49246,131816,37079,30766,94565
2026-08-17 10:00:00-04:00,305.2900085449219,261.20001220703125,341.8599853515625,578.989990234375,77.03990173339844,305.55999755859375,261.7300109863281,342.2200012207031,580.2977294921875,77.04129791259766,305.2799987792969,261.1199951171875,341.80999755859375,578.7999877929688,76.9800033569336,305.3900146484375,261.69000244140625,342.17999267578125,580.2100219726562,77.01000213623047,87180,204269,34053,52785,79194
2026-08-17 10:01:00-04:00,305.1600036621094,261.30499267578125,342.0,579.1699829101562,76.91500091552734,305.3800048828125,261.3900146484375,342.0599060058594,579.3399047851562,77.02999877929688,305.1000061035156,261.0303039550781,341.8399963378906,578.660400390625,76.91390228271484,305.2799987792969,261.2049865722656,341.8399963378906,578.969970703125,77.02999877929688,69341,128641,16374,44502,78052
2026-08-17 10:02:00-04:00,305.0400085449219,261.465087890625,342.1300048828125,579.4199829101562,76.95999908447266,305.2799987792969,261.6099853515625,342.20001220703125,579.5999755859375,76.9833984375,305.010009765625,261.2200012207031,341.9800109863281,579.0001220703125,76.88200378417969,305.1400146484375,261.30499267578125,341.9800109863281,579.1699829101562,76.91500091552734,143421,135702,25490,35423,69572
2026-08-17 10:03:00-04:00,304.9750061035156,261.70001220703125,342.44061279296875,579.9373779296875,77.01000213623047,305.0350036621094,261.7525939941406,342.44610595703125,579.9400024414062,77.03610229492188,304.8324890136719,261.340087890625,342.1000061035156,579.14501953125,76.91999816894531,305.0249938964844,261.70001220703125,342.1600036621094,579.35498046875,77.01000213623047,59283,66121,26638,27764,58657
2026-08-17 10:04:00-04:00,305.0893859863281,261.6600036621094,342.42999267578125,579.8250122070312,76.91999816894531,305.0899963378906,261.7799987792969,342.5,580.0,77.01000213623047,304.8800964355469,261.5,342.30999755859375,579.2999877929688,76.91500091552734,304.9750061035156,261.7799987792969,342.45001220703125,579.7827758789062,77.01000213623047,45381,86682,15731,29995,99169
2026-08-17 10:05:00-04:00,304.9219970703125,261.71600341796875,342.4599914550781,579.8599853515625,76.91690063476562,305.0899963378906,261.7383117675781,342.6600036621094,580.0850219726562,76.92500305175781,304.9100036621094,261.55999755859375,342.30010986328125,579.510009765625,76.87000274658203,305.0899963378906,261.6600036621094,342.4649963378906,579.9199829101562,76.92500305175781,35909,60323,33128,27032,73158
2026-08-17 10:06:00-04:00,304.93499755859375,261.4700012207031,342.4551086425781,579.1500244140625,76.9000015258789,305.0400085449219,261.8500061035156,342.6000061035156,580.0,76.93000030517578,304.864990234375,261.3500061035156,342.3900146484375,579.0499877929688,76.86000061035156,304.92999267578125,261.7149963378906,342.45721435546875,579.7750244140625,76.91000366210938,48787,156902,20664,27236,48679
2026-08-17 10:07:00-04:00,304.80999755859375,261.7300109863281,342.1004943847656,578.655029296875,76.875,304.9590148925781,261.82000732421875,342.5888977050781,579.3200073242188,76.92500305175781,304.7799987792969,261.45001220703125,342.1004943847656,578.510009765625,76.83999633789062,304.94500732421875,261.489990234375,342.44500732421875,579.2000122070312,76.9000015258789,46690,114611,28472,53381,71704
2026-08-17 10:08:00-04:00,304.7099914550781,261.45001220703125,342.1199951171875,579.02001953125,76.94499969482422,304.8450012207031,261.7598876953125,342.159912109375,579.1500244140625,76.95999908447266,304.7099914550781,261.44000244140625,341.8800048828125,578.3800048828125,76.84290313720703,304.8450012207031,261.7300109863281,342.0799865722656,578.6500244140625,76.875,52338,91285,39568,102906,59469
2026-08-17 10:09:00-04:00,304.7300109863281,261.6400146484375,342.2701110839844,580.3051147460938,76.94499969482422,304.7850036621094,261.69989013671875,342.3699951171875,580.3051147460938,76.9749984741211,304.6300048828125,261.4128112792969,341.9440002441406,578.9000854492188,76.91000366210938,304.7200012207031,261.4549865722656,342.0799865722656,579.0250244140625,76.94499969482422,42358,64781,20130,26135,45045
2026-08-17 10:10:00-04:00,304.8399963378906,261.5899963378906,342.4601135253906,580.4000244140625,76.91500091552734,304.94989013671875,261.7200012207031,342.53460693359375,580.5850219726562,76.98999786376953,304.6954040527344,261.55999755859375,342.2799987792969,580.2000122070312,76.9000015258789,304.7250061035156,261.6600036621094,342.3349914550781,580.4099731445312,76.94499969482422,50251,68262,21102,49273,58368
2026-08-17 10:11:00-04:00,304.8999938964844,261.44000244140625,342.3299865722656,579.97998046875,76.96499633789062,304.9700012207031,261.65301513671875,342.5199890136719,580.4196166992188,76.97550201416016,304.8301086425781,261.44000244140625,342.2149963378906,579.8900146484375,76.91000366210938,304.8399963378906,261.5950012207031,342.4700012207031,580.39501953125,76.91999816894531,44230,60955,18817,24709,49917
2026-08-17 10:12:00-04:00,304.9198913574219,261.4849853515625,342.3299865722656,579.760009765625,77.0,304.99420166015625,261.5730895996094,342.45001220703125,579.9749755859375,77.0,304.864990234375,261.35040283203125,342.31719970703125,579.5,76.93499755859375,304.9299011230469,261.4849853515625,342.31719970703125,579.9299926757812,76.964599609375,86035,78152,266738,33556,73131
2026-08-17 10:13:00-04:00,305.0249938964844,261.4150085449219,342.3949890136719,580.2150268554688,77.0199966430664,305.0249938964844,261.55499267578125,342.45001220703125,580.3300170898438,77.0199966430664,304.8299865722656,261.32000732421875,342.260009765625,579.5001220703125,76.96499633789062,304.9200134277344,261.4700012207031,342.3699951171875,579.7899780273438,76.98999786376953,52515,67153,26329,17574,54054
2026-08-17 10:14:00-04:00,304.8999938964844,261.6199035644531,342.6099853515625,580.280029296875,77.16999816894531,305.07000732421875,261.6199951171875,342.70001220703125,580.4899291992188,77.18000030517578,304.8699951171875,261.3599853515625,342.3999938964844,579.9849853515625,77.0199966430664,305.06988525390625,261.4150085449219,342.40008544921875,580.3099975585938,77.02020263671875,74555,52353,18616,32287,47765
2026-08-17 10:15:00-04:00,305.0199890136719,261.8349914550781,342.7900085449219,580.5651245117188,77.19499969482422,305.04998779296875,261.8699951171875,342.8800048828125,580.7698974609375,77.20500183105469,304.8399963378906,261.619384765625,342.6099853515625,580.2750244140625,77.12999725341797,304.8699951171875,261.6199951171875,342.7900085449219,580.2750244140625,77.18000030517578,51300,87842,2260963,28106,59370
2026-08-17 10:16:00-04:00,304.9200134277344,261.6499938964844,342.4200134277344,579.760009765625,77.12999725341797,305.1000061035156,261.8500061035156,342.8591003417969,580.75,77.21019744873047,304.8999938964844,261.6099853515625,342.4200134277344,579.760009765625,77.12000274658203,305.0199890136719,261.8497009277344,342.7900085449219,580.5449829101562,77.20500183105469,64677,127748,21667,25898,50022
2026-08-17 10:17:00-04:00,304.95001220703125,261.6600036621094,342.42999267578125,579.3099975585938,77.11000061035156,305.0,261.6799011230469,342.5400085449219,579.9598999023438,77.15499877929688,304.8500061035156,261.54998779296875,342.32000732421875,578.8499755859375,77.06999969482422,304.9399108886719,261.6650085449219,342.4501037597656,579.8400268554688,77.12999725341797,37447,57767,17953,35286,63377
2026-08-17 10:18:00-04:00,304.8699951171875,261.5400085449219,342.4800109863281,579.2949829101562,77.11000061035156,304.9674987792969,261.7099914550781,342.58990478515625,579.52001953125,77.1449966430664,304.82000732421875,261.5199890136719,342.4200134277344,579.135009765625,77.07499694824219,304.9674987792969,261.5400085449219,342.4599914550781,579.1900024414062,77.11000061035156,40787,59810,14615,19522,5192418
2026-08-17 10:19:00-04:00,304.8500061035156,261.3500061035156,342.45440673828125,579.5800170898438,77.04000091552734,304.94000244140625,261.55999755859375,342.6600036621094,579.739990234375,77.1259994506836,304.7799987792969,261.2099914550781,342.3999938964844,579.2100219726562,77.02999877929688,304.8900146484375,261.5400085449219,342.45001220703125,579.2100219726562,77.11000061035156,51322,177830,21591,25163,75624
2026-08-17 10:20:00-04:00,304.6199951171875,261.2200012207031,342.2078857421875,578.969970703125,76.96499633789062,305.0299987792969,261.49798583984375,342.4375,579.7680053710938,77.06500244140625,304.5799865722656,261.1199951171875,342.1400146484375,578.830078125,76.93499755859375,304.8599853515625,261.3399963378906,342.41009521484375,579.6663208007812,76.96499633789062,104038,63981,23018,20176,57988
2026-08-17 10:21:00-04:00,304.6799011230469,260.9649963378906,342.1499938964844,579.0650024414062,76.95500183105469,304.9200134277344,261.2699890136719,342.279296875,579.2899780273438,76.97000122070312,304.5799865722656,260.91009521484375,342.0199890136719,578.9400024414062,76.93499755859375,304.6799011230469,261.17999267578125,342.2300109863281,578.97998046875,76.97000122070312,7553733,229359,17625,16800,40243
2026-08-17 10:22:00-04:00,304.689208984375,261.0299987792969,342.04998779296875,579.260009765625,76.9480972290039,304.75,261.1700134277344,342.1700134277344,579.3900146484375,76.98500061035156,304.6050109863281,260.90008544921875,341.9649963378906,579.030029296875,76.93000030517578,304.6549987792969,260.9649963378906,342.16009521484375,579.1400146484375,76.95500183105469,37003,121260,21459,17600,77112
2026-08-17 10:23:00-04:00,304.6300048828125,260.8949890136719,341.3999938964844,578.9000244140625,76.9749984741211,304.80999755859375,261.0299987792969,342.04998779296875,579.405029296875,77.0199966430664,304.6099853515625,260.79998779296875,341.3999938964844,578.9000244140625,76.94000244140625,304.69500732421875,261.0299987792969,342.0270080566406,579.1699829101562,76.94000244140625,46833,127418,60704,25938,31524
2026-08-17 10:24:00-04:00,304.7799987792969,260.92498779296875,341.4200134277344,578.4102172851562,76.9124984741211,304.80499267578125,260.9800109863281,341.67999267578125,579.0700073242188,76.99500274658203,304.6099853515625,260.7701110839844,341.3299865722656,578.4000244140625,76.9000015258789,304.6199951171875,260.8900146484375,341.3999938964844,578.9099731445312,76.9749984741211,48003,87828,44051,34320,55090
2026-08-17 10:25:00-04:00,304.70001220703125,260.93499755859375,341.510009765625,578.5999755859375,76.92500305175781,304.79998779296875,260.9700012207031,341.5299987792969,578.8198852539062,76.93000030517578,304.635009765625,260.8349914550781,341.1650085449219,578.3123168945312,76.8499984741211,304.7900085449219,260.9100036621094,341.4200134277344,578.5999755859375,76.91500091552734,34588,119175,48249,26439,49719
2026-08-17 10:26:00-04:00,304.6199951171875,261.2699890136719,341.55499267578125,578.7349853515625,76.93000030517578,304.7300109863281,261.2699890136719,341.6076965332031,578.8099975585938,76.94000244140625,304.5,260.9100036621094,341.3399963378906,578.2999877929688,76.91500091552734,304.7300109863281,260.9100036621094,341.4599914550781,578.5900268554688,76.91999816894531,57260,99427,30585,31771,28616
2026-08-17 10:27:00-04:00,304.70001220703125,261.17999267578125,341.1600036621094,578.530029296875,76.87999725341797,304.7250061035156,261.29998779296875,341.58990478515625,578.788818359375,76.94000244140625,304.5799865722656,261.1099853515625,341.1600036621094,578.3599853515625,76.86499786376953,304.6199951171875,261.2699890136719,341.5299987792969,578.7249145507812,76.93000030517578,41853,57404,25426,41887,45712
2026-08-17 10:28:00-04:00,304.5299987792969,260.7300109863281,341.04998779296875,577.77001953125,76.8499984741211,304.7699890136719,261.20001220703125,341.29998779296875,578.75,76.9000015258789,304.5299987792969,260.70001220703125,341.010009765625,577.6099853515625,76.83999633789062,304.6910095214844,261.1700134277344,341.18011474609375,578.52001953125,76.87999725341797,21800,85167,23999,71422,38920
2026-08-17 10:29:00-04:00,304.4949951171875,260.8099060058594,341.3500061035156,578.114990234375,76.8499984741211,304.5899963378906,260.8800048828125,341.3901062011719,578.35498046875,76.8550033569336,304.4599914550781,260.70001220703125,341.0400085449219,577.7100219726562,76.80999755859375,304.5350036621094,260.722412109375,341.04998779296875,577.7100219726562,76.8499984741211,60432,70678,21713,45308,31830
2026-08-17 10:30:00-04:00,304.20001220703125,261.0,341.07000732421875,577.9500122070312,76.93000030517578,304.5199890136719,261.1300048828125,341.2850036621094,578.1898803710938,76.93000030517578,304.1300048828125,260.7699890136719,341.0,577.6099853515625,76.83499908447266,304.48419189453125,260.7900085449219,341.2850036621094,578.0999755859375,76.85710144042969,99182,365538,65018,49376,90294
2026-08-17 10:31:00-04:00,304.3900146484375,260.739990234375,341.239990234375,577.6699829101562,76.91500091552734,304.5,261.0199890136719,341.239990234375,577.989990234375,76.95010375976562,304.1300048828125,260.6099853515625,341.010009765625,577.6099853515625,76.91000366210938,304.19500732421875,261.0,341.07000732421875,577.9500122070312,76.93000030517578,72431,114511,22756,26045,36069
2026-08-17 10:32:00-04:00,304.32000732421875,260.54998779296875,341.18499755859375,577.5850219726562,76.91500091552734,304.4294128417969,260.7300109863281,341.3399963378906,577.6950073242188,76.94989776611328,304.30999755859375,260.5003967285156,341.17010498046875,577.2999877929688,76.91500091552734,304.3900146484375,260.7300109863281,341.2300109863281,577.6699829101562,76.92500305175781,30790,130262,28411,31567,29397
2026-08-17 10:33:00-04:00,304.2300109863281,260.6300048828125,341.17999267578125,576.989990234375,76.81999969482422,304.32501220703125,260.95001220703125,341.32000732421875,577.6400146484375,76.93000030517578,304.135009765625,260.55999755859375,341.17498779296875,576.8800048828125,76.81999969482422,304.32501220703125,260.6300048828125,341.2099914550781,577.5,76.91500091552734,43908,143256,28081,47573,39353
2026-08-17 10:34:00-04:00,304.2300109863281,260.7799987792969,341.1549987792969,576.655029296875,76.8949966430664,304.2900085449219,260.8599853515625,341.2749938964844,577.2899780273438,76.9000015258789,304.1199951171875,260.5849914550781,341.114990234375,576.5499877929688,76.80500030517578,304.2174987792969,260.6300048828125,341.19989013671875,577.0700073242188,76.8949966430664,51432,120413,24976,49401,112191
2026-08-17 10:35:00-04:00,304.48919677734375,260.864990234375,340.9601135253906,576.5700073242188,76.92500305175781,304.489990234375,260.9798889160156,341.18499755859375,576.8099975585938,76.94000244140625,304.2300109863281,260.7099914550781,340.8800048828125,576.260009765625,76.88500213623047,304.2300109863281,260.75,341.1700134277344,576.6799926757812,76.8998031616211,74548,103148,39372,41915,35152
2026-08-17 10:36:00-04:00,304.4800109863281,260.760009765625,340.8800048828125,576.867919921875,76.88990020751953,304.5799865722656,260.8800048828125,341.04998779296875,576.989990234375,76.93000030517578,304.4599914550781,260.72918701171875,340.810302734375,576.5499877929688,76.87999725341797,304.48980712890625,260.8450012207031,340.9700012207031,576.5750122070312,76.92500305175781,70340,76518,26486,30252,34279
2026-08-17 10:37:00-04:00,304.4549865722656,260.75,341.0400085449219,576.52001953125,76.83999633789062,304.5400085449219,260.7950134277344,341.0899963378906,576.905029296875,76.88500213623047,304.3800048828125,260.70001220703125,340.82000732421875,576.3599853515625,76.83000183105469,304.4750061035156,260.7550048828125,340.8800048828125,576.905029296875,76.88500213623047,51787,88812,42541,27404,34555
2026-08-17 10:38:00-04:00,304.4150085449219,260.5350036621094,340.8349914550781,576.0599975585938,76.81999969482422,304.5799865722656,260.8299865722656,341.1099853515625,576.77001953125,76.84500122070312,304.3500061035156,260.5,340.7699890136719,575.8499755859375,76.80999755859375,304.4700012207031,260.7701110839844,341.06500244140625,576.5449829101562,76.83999633789062,69652,160483,30068,48664,52184
2026-08-17 10:39:00-04:00,304.32000732421875,260.57501220703125,340.7799987792969,575.9500122070312,76.80500030517578,304.45001220703125,260.664306640625,341.0151062011719,576.4500122070312,76.83999633789062,304.30010986328125,260.510009765625,340.7200927734375,575.5900268554688,76.80000305175781,304.3900146484375,260.5350036621094,340.8450012207031,576.10400390625,76.80500030517578,87547,65034,20374,52788,49746
2026-08-17 10:40:00-04:00,304.6575012207031,260.5600891113281,340.92999267578125,575.6699829101562,76.79499816894531,304.6600036621094,260.64599609375,340.92999267578125,576.3499145507812,76.80999755859375,304.2799987792969,260.4800109863281,340.760009765625,575.5999755859375,76.7699966430664,304.32000732421875,260.57611083984375,340.79998779296875,576.0744018554688,76.80999755859375,87441,97911,21161,31741,68318
2026-08-17 10:41:00-04:00,304.7099914550781,260.635009765625,340.7749938964844,576.2999267578125,76.76020050048828,304.82000732421875,260.7099914550781,341.0,576.4000244140625,76.82990264892578,304.6499938964844,260.5199890136719,340.6210021972656,575.6699829101562,76.73999786376953,304.6549987792969,260.5799865722656,340.9100036621094,575.6699829101562,76.79499816894531,64473,130598,22718,45446,80698
2026-08-17 10:42:00-04:00,304.6700134277344,260.5050048828125,340.7099914550781,575.2449951171875,76.67500305175781,304.75,260.7099914550781,340.83209228515625,576.25,76.7699966430664,304.6700134277344,260.4100036621094,340.6099853515625,575.1500244140625,76.66000366210938,304.7149963378906,260.6300048828125,340.7749938964844,576.1312866210938,76.76000213623047,53549,56547,17686,62377,71870
2026-08-17 10:43:00-04:00,304.5101013183594,260.6000061035156,341.07000732421875,575.3499755859375,76.70500183105469,304.79998779296875,260.6700134277344,341.1499938964844,575.6199951171875,76.7499008178711,304.489990234375,260.489990234375,340.7099914550781,575.239990234375,76.66999816894531,304.6700134277344,260.5199890136719,340.7099914550781,575.2899780273438,76.66999816894531,65512,69917,26276,58074,120903
2026-08-17 10:44:00-04:00,304.55999755859375,260.4200134277344,340.91668701171875,574.875,76.69999694824219,304.614990234375,260.6300048828125,341.0799865722656,575.4299926757812,76.75,304.489990234375,260.4200134277344,340.8599853515625,574.77001953125,76.68499755859375,304.5150146484375,260.6025085449219,341.05999755859375,575.3300170898438,76.70999908447266,44898,65145,21200,109232,52321
2026-08-17 10:45:00-04:00,304.4526062011719,260.239990234375,340.5249938964844,574.0599975585938,76.59770202636719,304.6600036621094,260.5824890136719,340.9100036621094,575.0999755859375,76.7300033569336,304.45001220703125,260.2200927734375,340.489990234375,573.8800048828125,76.58999633789062,304.4526062011719,260.45001220703125,340.860107421875,574.864990234375,76.70999908447266,8928239,110174,45385,86057,78289
2026-08-17 10:46:00-04:00,304.5849914550781,260.1700134277344,340.5950012207031,573.9500732421875,76.57499694824219,304.6000061035156,260.2799987792969,340.6299133300781,574.3198852539062,76.5999984741211,304.4100036621094,260.0799865722656,340.3500061035156,573.3300170898438,76.52200317382812,304.45001220703125,260.239990234375,340.5249938964844,574.1699829101562,76.58999633789062,38013,169877,38464,87549,47903
2026-08-17 10:47:00-04:00,304.6000061035156,260.19500732421875,340.489990234375,573.6900024414062,76.51000213623047,304.7099914550781,260.2699890136719,340.63800048828125,574.0250244140625,76.58989715576172,304.5299987792969,260.1000061035156,340.4714050292969,573.3699951171875,76.51000213623047,304.5899963378906,260.1700134277344,340.5950012207031,574.0250244140625,76.58000183105469,45074,71594,18276,49289,46532
2026-08-17 10:48:00-04:00,304.30499267578125,260.2699890136719,340.3505859375,574.1901245117188,76.4000015258789,304.625,260.30999755859375,340.54998779296875,574.25,76.52999877929688,304.2900085449219,260.177490234375,340.2900085449219,573.3699951171875,76.38999938964844,304.6098937988281,260.19500732421875,340.4949951171875,573.6500854492188,76.51499938964844,63857,72500,20450,50164,119507
2026-08-17 10:49:00-04:00,304.18499755859375,260.55999755859375,340.4800109863281,574.77001953125,76.60970306396484,304.3699951171875,260.5799865722656,340.70001220703125,574.9000244140625,76.60970306396484,304.05999755859375,260.2200012207031,340.3399963378906,574.2050170898438,76.3949966430664,304.30999755859375,260.2550048828125,340.3599853515625,574.25,76.41000366210938,73988,75145,25814,45513,98141
2026-08-17 10:50:00-04:00,303.8800048828125,260.6050109863281,339.9599914550781,574.2000122070312,76.55999755859375,304.2200012207031,260.67999267578125,340.4599914550781,574.8699951171875,76.5999984741211,303.8599853515625,260.4800109863281,339.9200134277344,574.030029296875,76.45999908447266,304.1700134277344,260.54998779296875,340.42999267578125,574.8499755859375,76.5999984741211,125235,160926,128040,39183,191376
2026-08-17 10:51:00-04:00,303.8500061035156,260.9200134277344,340.2200012207031,574.5150146484375,76.58499908447266,303.8994140625,260.94000244140625,340.2200012207031,574.5800170898438,76.6050033569336,303.7578125,260.1000061035156,339.8500061035156,574.0233154296875,76.52999877929688,303.8800048828125,260.6050109863281,339.989990234375,574.3900146484375,76.55000305175781,130923,226847,34506,22333,53021
2026-08-17 10:52:00-04:00,303.69000244140625,260.5199890136719,339.8299865722656,574.0399780273438,76.5250015258789,303.8800048828125,260.9700012207031,340.30999755859375,574.5999755859375,76.58499908447266,303.6499938964844,260.4599914550781,339.8299865722656,573.969970703125,76.51499938964844,303.69000244140625,260.92498779296875,340.2099914550781,574.5576171875,76.58499908447266,9525521,228342,68807,47113,42452
2026-08-17 10:53:00-04:00,303.7001037597656,260.7699890136719,339.82501220703125,574.2050170898438,76.56500244140625,303.80999755859375,260.7749938964844,339.9100036621094,574.22998046875,76.56999969482422,303.6600036621094,260.44500732421875,339.75,573.8300170898438,76.5199966430664,303.7200012207031,260.5,339.79998779296875,573.9650268554688,76.52999877929688,58813,51190,34521,36518,47676
2026-08-17 10:54:00-04:00,303.80999755859375,261.07000732421875,339.79998779296875,574.1099853515625,76.5197982788086,303.8399963378906,261.07000732421875,340.0181884765625,574.280029296875,76.56999969482422,303.70001220703125,260.6700134277344,339.739990234375,573.8699951171875,76.481201171875,303.7005920410156,260.75,339.81500244140625,574.2150268554688,76.56500244140625,60428,87230,29360,22941,49681
2026-08-17 10:55:00-04:00,303.8699951171875,260.885009765625,339.7300109863281,573.5999755859375,76.4749984741211,303.9898986816406,261.0899963378906,339.8500061035156,574.4500122070312,76.5199966430664,303.80999755859375,260.1499938964844,339.57000732421875,573.5999755859375,76.47000122070312,303.80999755859375,261.0350036621094,339.8399963378906,574.1099853515625,76.51499938964844,55048,216234,3570961,32338,36541
2026-08-17 10:56:00-04:00,304.1986083984375,260.82000732421875,339.8840026855469,573.8800048828125,76.49500274658203,304.2099914550781,260.89300537109375,339.9154968261719,573.97998046875,76.50499725341797,303.8299865722656,260.68499755859375,339.7099914550781,573.47998046875,76.47000122070312,303.8699951171875,260.8800048828125,339.7099914550781,573.594970703125,76.4749984741211,124703,50920,24829,27420,31270
2026-08-17 10:57:00-04:00,303.91009521484375,261.05499267578125,340.02410888671875,573.469970703125,76.45999908447266,304.1900939941406,261.0899963378906,340.0299987792969,573.8699951171875,76.48999786376953,303.9049987792969,260.7099914550781,339.82000732421875,573.3699951171875,76.41999816894531,304.1859130859375,260.8500061035156,339.8559875488281,573.8599853515625,76.48999786376953,105167,52325,30478,25038,61719
2026-08-17 10:58:00-04:00,304.0899963378906,260.9949951171875,340.3713073730469,573.8400268554688,76.49500274658203,304.1000061035156,261.125,340.4200134277344,573.9000244140625,76.5,303.8999938964844,260.8900146484375,339.9800109863281,573.3300170898438,76.45999908447266,303.8999938964844,261.0799865722656,339.9949951171875,573.489990234375,76.45999908447266,55757,77862,38376,26830,35757
2026-08-17 10:59:00-04:00,304.1300048828125,260.95001220703125,340.5249938964844,574.1749877929688,76.54499816894531,304.2200012207031,261.0799865722656,340.718994140625,574.4299926757812,76.55989837646484,304.010009765625,260.8999938964844,340.3599853515625,573.8400268554688,76.49500274658203,304.1300048828125,261.0260009765625,340.3699951171875,573.8400268554688,76.49500274658203,109611,52171,33869,37271,33594
2026-08-17 11:00:00-04:00,303.8900146484375,260.9200134277344,340.68499755859375,573.614990234375,76.53919982910156,304.1700134277344,260.9999084472656,340.7699890136719,574.2849731445312,76.55010223388672,303.8699951171875,260.8299865722656,340.55999755859375,573.5,76.5199966430664,304.1400146484375,260.9320068359375,340.55999755859375,574.219970703125,76.54000091552734,76103,50219,21263,31251,48421
2026-08-17 11:01:00-04:00,303.9100036621094,261.0,340.7200012207031,573.8099975585938,76.53009796142578,304.010009765625,261.1300048828125,340.8999938964844,573.989990234375,76.55999755859375,303.79998779296875,260.9100036621094,340.6700134277344,573.3300170898438,76.5199966430664,303.8900146484375,260.94500732421875,340.6700134277344,573.614990234375,76.52999877929688,89820,68249,23330,24244,42568
2026-08-17 11:02:00-04:00,304.04229736328125,260.8200988769531,340.6449890136719,573.3400268554688,76.45500183105469,304.07000732421875,261.0,340.79998779296875,573.885986328125,76.53980255126953,303.8800048828125,260.8100891113281,340.54998779296875,573.1400146484375,76.44049835205078,303.8999938964844,261.0,340.7279052734375,573.827392578125,76.53500366210938,55439,32819,18345,29066,38632
2026-08-17 11:03:00-04:00,304.1300048828125,260.9486083984375,340.7049865722656,573.1649780273438,76.44129943847656,304.1700134277344,260.9800109863281,340.7799987792969,573.4298706054688,76.45999908447266,304.0400085449219,260.81500244140625,340.5899963378906,572.9099731445312,76.41000366210938,304.0400085449219,260.82000732421875,340.635009765625,573.3250122070312,76.44999694824219,54375,36497,23045,51780,34500
2026-08-17 11:04:00-04:00,304.0589904785156,261.0849914550781,340.7099914550781,573.4500122070312,76.48500061035156,304.1400146484375,261.1700134277344,340.8949890136719,573.7000122070312,76.48999786376953,304.0299987792969,260.92999267578125,340.6499938964844,573.010009765625,76.43499755859375,304.1300048828125,260.9549865722656,340.6700134277344,573.1724853515625,76.48500061035156,43192,47731,25404,38500,41183
2026-08-17 11:05:00-04:00,304.1050109863281,261.010009765625,340.6499938964844,573.0050048828125,76.44989776611328,304.1700134277344,261.1700134277344,340.7799987792969,573.4111938476562,76.5,303.9725036621094,260.9800109863281,340.6499938964844,572.8800048828125,76.43990325927734,304.05499267578125,261.0299987792969,340.70001220703125,573.3099975585938,76.48999786376953,70483,53116,25915,30836,47090
2026-08-17 11:06:00-04:00,304.1700134277344,261.090087890625,340.8349914550781,573.8499755859375,76.46099853515625,304.29998779296875,261.090087890625,340.8599853515625,573.853271484375,76.48999786376953,304.0199890136719,260.9800109863281,340.7099914550781,572.8510131835938,76.44989776611328,304.114990234375,261.0494079589844,340.7149963378906,573.1099853515625,76.44989776611328,96195,50455,19922,38824,23702
2026-08-17 11:07:00-04:00,304.1400146484375,261.17999267578125,340.9049987792969,574.1099853515625,76.41500091552734,304.2099914550781,261.25,341.0,574.1599731445312,76.47000122070312,303.9800109863281,261.0696105957031,340.739990234375,573.5449829101562,76.41500091552734,304.2099914550781,261.08599853515625,340.8349914550781,573.8200073242188,76.47000122070312,59997,73315,38522,45010,31764
2026-08-17 11:08:00-04:00,304.2550048828125,261.1600036621094,340.9599914550781,573.9199829101562,76.44000244140625,304.2550048828125,261.18499755859375,341.06500244140625,574.1500244140625,76.45500183105469,304.04998779296875,261.010009765625,340.82000732421875,573.7081909179688,76.36499786376953,304.135009765625,261.17999267578125,340.94500732421875,574.114990234375,76.41999816894531,57025,50457,34555,42753,47027
2026-08-17 11:09:00-04:00,304.3900146484375,260.8450012207031,340.9800109863281,574.0700073242188,76.48500061035156,304.5199890136719,261.2200012207031,341.0199890136719,574.1362915039062,76.48999786376953,304.2200012207031,260.8299865722656,340.8900146484375,573.75,76.43499755859375,304.260009765625,261.1499938964844,340.94500732421875,573.9450073242188,76.43499755859375,205204,91263,20039,16746,59380
2026-08-17 11:10:00-04:00,304.54998779296875,260.8299865722656,340.9031066894531,573.6799926757812,76.4800033569336,304.55499267578125,260.8699951171875,341.0799865722656,574.2199096679688,76.5,304.2900085449219,260.7001037597656,340.864990234375,573.6799926757812,76.45999908447266,304.3699951171875,260.8299865722656,340.9800109863281,574.0700073242188,76.48999786376953,87984,70116,51136,18930,41926
2026-08-17 11:11:00-04:00,304.6376953125,261.04998779296875,341.0799865722656,573.8319702148438,76.55500030517578,304.75,261.139892578125,341.0799865722656,573.8400268554688,76.55999755859375,304.55999755859375,260.79058837890625,340.8999938964844,573.4600219726562,76.46499633789062,304.55999755859375,260.8399963378906,340.8999938964844,573.6500244140625,76.48999786376953,69563,76822,22106,35552,56265
2026-08-17 11:12:00-04:00,304.5400085449219,261.32000732421875,341.260009765625,573.8900146484375,76.57379913330078,304.625,261.3299865722656,341.29998779296875,573.9036254882812,76.57499694824219,304.4599914550781,261.03948974609375,340.9750061035156,573.5900268554688,76.54000091552734,304.625,261.03948974609375,341.0697021484375,573.9036254882812,76.55999755859375,38344,62309,31312,18658,49478
2026-08-17 11:13:00-04:00,304.54998779296875,261.364013671875,341.4200134277344,574.0,76.57630157470703,304.625,261.3999938964844,341.45001220703125,574.1599731445312,76.5967025756836,304.4800109863281,261.1099853515625,341.289306640625,573.760009765625,76.56500244140625,304.54998779296875,261.32000732421875,341.30499267578125,573.8699951171875,76.57990264892578,45281,130368,26497,23942,35035
2026-08-17 11:14:00-04:00,304.6600036621094,261.0816955566406,341.340087890625,573.6849975585938,76.58499908447266,304.6600036621094,261.3900146484375,341.4700012207031,574.0399780273438,76.62000274658203,304.4700012207031,261.0400085449219,341.3299865722656,573.6599731445312,76.55999755859375,304.54998779296875,261.3699951171875,341.3900146484375,574.0001220703125,76.57499694824219,54806,90116,23214,18759,55754
2026-08-17 11:15:00-04:00,304.7900085449219,261.05499267578125,341.4100036621094,573.9199829101562,76.58989715576172,304.8399963378906,261.1099853515625,341.5,573.989990234375,76.5999984741211,304.6300048828125,260.92999267578125,341.32000732421875,573.5999755859375,76.55999755859375,304.6600036621094,261.05499267578125,341.3399963378906,573.6699829101562,76.58499908447266,107276,68950,23314,18175,51398
2026-08-17 11:16:00-04:00,304.8299865722656,261.20001220703125,341.70001220703125,573.8800048828125,76.54499816894531,304.9100036621094,261.2099914550781,341.70001220703125,573.9199829101562,76.58989715576172,304.7699890136719,261.0199890136719,341.2900085449219,573.5449829101562,76.54000091552734,304.7900085449219,261.0400085449219,341.3900146484375,573.9199829101562,76.58499908447266,89447,57517,38772,25496,41148
2026-08-17 11:17:00-04:00,304.8699951171875,261.3999938964844,341.81500244140625,574.2144165039062,76.54499816894531,304.8800048828125,261.44000244140625,341.97088623046875,574.22998046875,76.55989837646484,304.70001220703125,261.1499938964844,341.67498779296875,573.6799926757812,76.51010131835938,304.8349914550781,261.20001220703125,341.69000244140625,573.8800048828125,76.54499816894531,68336,125741,29027,31840,46716
2026-08-17 11:18:00-04:00,304.7799987792969,261.3299865722656,341.7349853515625,573.8499755859375,76.55000305175781,304.875,261.5199890136719,341.9700012207031,574.4299926757812,76.57620239257812,304.67498779296875,261.3299865722656,341.67999267578125,573.8499755859375,76.51499938964844,304.875,261.4100036621094,341.8399963378906,574.219970703125,76.54000091552734,58924,138306,38096,38302,43569
2026-08-17 11:19:00-04:00,304.80999755859375,261.385009765625,341.6400146484375,574.0999755859375,76.54000091552734,304.8800048828125,261.4700012207031,341.80999755859375,574.1300048828125,76.56999969482422,304.7300109863281,261.30999755859375,341.5719909667969,573.72998046875,76.53369903564453,304.7799987792969,261.3349914550781,341.70001220703125,573.8900146484375,76.54010009765625,54341,55058,25847,32378,24498
2026-08-17 11:20:00-04:00,304.739990234375,261.2701110839844,341.739990234375,574.9249877929688,76.55999755859375,304.8660888671875,261.4200134277344,341.760009765625,575.0999755859375,76.56999969482422,304.7200012207031,261.25,341.5249938964844,574.0999755859375,76.50499725341797,304.8399963378906,261.39990234375,341.6099853515625,574.0999755859375,76.54000091552734,46781,64657,41273,32488,47368
2026-08-17 11:21:00-04:00,304.7099914550781,261.3949890136719,341.5,574.760009765625,76.51499938964844,304.7900085449219,261.489990234375,341.7149963378906,574.9299926757812,76.56999969482422,304.69000244140625,261.20001220703125,341.43011474609375,574.60498046875,76.51499938964844,304.7699890136719,261.29998779296875,341.7149963378906,574.830078125,76.51499938964844,37557,64286,38423,26364,40874
2026-08-17 11:22:00-04:00,304.55999755859375,261.3800048828125,341.44500732421875,575.02001953125,76.4749984741211,304.739990234375,261.6300048828125,341.6300048828125,575.0999755859375,76.5,304.5249938964844,261.30499267578125,341.3999938964844,574.6201171875,76.47000122070312,304.7099914550781,261.3800964355469,341.5368957519531,574.8200073242188,76.5,65158,85181,33879,45164,58245
2026-08-17 11:23:00-04:00,304.44000244140625,261.4700012207031,341.3999938964844,574.9199829101562,76.4801025390625,304.55999755859375,261.6400146484375,341.4599914550781,575.0084838867188,76.48500061035156,304.44000244140625,261.3699951171875,341.3299865722656,574.52001953125,76.44999694824219,304.55999755859375,261.37109375,341.45001220703125,574.9400024414062,76.47000122070312,52806,58603,21136,38244,39223
2026-08-17 11:24:00-04:00,304.6050109863281,261.6300048828125,341.3900146484375,574.55419921875,76.49099731445312,304.6099853515625,261.67999267578125,341.4299011230469,575.1199951171875,76.51000213623047,304.44500732421875,261.3800048828125,341.2799987792969,574.4099731445312,76.47000122070312,304.44500732421875,261.4700012207031,341.3800048828125,574.989990234375,76.48500061035156,43119,70355,28716,39815,45621
2026-08-17 11:25:00-04:00,304.55999755859375,261.3900146484375,341.3599853515625,574.4987182617188,76.48999786376953,304.6199951171875,261.70001220703125,341.4599914550781,574.7449951171875,76.51499938964844,304.4801025390625,261.3900146484375,341.32501220703125,574.2999877929688,76.48999786376953,304.6000061035156,261.6400146484375,341.3800048828125,574.530029296875,76.49500274658203,52339,103554,21348,33791,29987
2026-08-17 11:26:00-04:00,304.510009765625,261.3550109863281,341.3500061035156,574.6849975585938,76.55000305175781,304.5801086425781,261.4949951171875,341.45001220703125,574.8200073242188,76.55000305175781,304.4800109863281,261.29998779296875,341.30999755859375,574.3099975585938,76.48999786376953,304.5690002441406,261.3949890136719,341.3500061035156,574.4301147460938,76.48999786376953,42066,47436,28456,17270,56280
2026-08-17 11:27:00-04:00,304.5350036621094,261.45001220703125,341.3500061035156,574.935302734375,76.53009796142578,304.6099853515625,261.5199890136719,341.5295104980469,575.0800170898438,76.55999755859375,304.5,261.25,341.3299865722656,574.6599731445312,76.52999877929688,304.5,261.32000732421875,341.36199951171875,574.72998046875,76.54000091552734,35647,54942,18000,21911,33787
2026-08-17 11:28:00-04:00,304.4700012207031,261.32501220703125,341.239990234375,574.905029296875,76.55989837646484,304.5899963378906,261.5,341.489990234375,574.969970703125,76.55999755859375,304.4700012207031,261.32000732421875,341.1199951171875,574.72998046875,76.5199966430664,304.5400085449219,261.44000244140625,341.3949890136719,574.9000244140625,76.52999877929688,48765,44914,26012,19843,27491
2026-08-17 11:29:00-04:00,304.5350036621094,261.7099914550781,341.48480224609375,575.030029296875,76.55500030517578,304.5899963378906,261.7200012207031,341.5299987792969,575.0800170898438,76.56999969482422,304.4700012207031,261.3299865722656,341.2449951171875,574.8001098632812,76.53500366210938,304.4700012207031,261.3299865722656,341.2550048828125,574.9498901367188,76.55000305175781,44933,93670,14212,28190,43173
2026-08-17 11:30:00-04:00,304.5199890136719,261.4200134277344,341.385009765625,574.5,76.4800033569336,304.57598876953125,261.7300109863281,341.5400085449219,575.1199951171875,76.56990051269531,304.3800048828125,261.2799987792969,341.3059997558594,574.4329223632812,76.47000122070312,304.5400085449219,261.715087890625,341.4849853515625,575.0700073242188,76.55500030517578,72793,122169,24683,29120,58048
2026-08-17 11:31:00-04:00,304.5400085449219,261.2699890136719,341.3500061035156,574.2899780273438,76.4749984741211,304.5950927734375,261.5299987792969,341.40179443359375,574.5,76.5,304.489990234375,261.2550048828125,341.25,573.6599731445312,76.46499633789062,304.5199890136719,261.40240478515625,341.3999938964844,574.5,76.47429656982422,53026,70071,22331,45149,58289
2026-08-17 11:32:00-04:00,304.314208984375,261.04998779296875,341.1499938964844,573.5,76.40499877929688,304.53228759765625,261.2749938964844,341.4100036621094,574.1900024414062,76.47000122070312,304.314208984375,261.0199890136719,341.1499938964844,573.4003295898438,76.40499877929688,304.53228759765625,261.2749938964844,341.34991455078125,574.0499877929688,76.47000122070312,55229,73346,13120,24980,50619
2026-08-17 11:33:00-04:00,304.3800048828125,261.1400146484375,341.2200012207031,573.6964721679688,76.4301986694336,304.4800109863281,261.2099914550781,341.2598876953125,573.75,76.44000244140625,304.3399963378906,261.0,341.1579895019531,573.3900146484375,76.40950012207031,304.3399963378906,261.0350036621094,341.19989013671875,573.510009765625,76.4301986694336,74561,114505,21346,25229,9120821
2026-08-17 11:34:00-04:00,304.25,261.1650085449219,341.2799987792969,573.239990234375,76.41510009765625,304.44000244140625,261.2698974609375,341.3299865722656,573.7100219726562,76.43499755859375,304.25,261.1600036621094,341.17999267578125,573.1900024414062,76.40499877929688,304.3900146484375,261.1600036621094,341.2200012207031,573.7000122070312,76.43499755859375,53124,45337,55914,34001,49403
2026-08-17 11:35:00-04:00,304.2099914550781,261.1400146484375,341.3799133300781,573.52001953125,76.4000015258789,304.2799987792969,261.2698974609375,341.42999267578125,573.588623046875,76.44000244140625,304.1700134277344,261.07000732421875,341.2699890136719,573.1099853515625,76.38500213623047,304.2200012207031,261.1650085449219,341.31988525390625,573.2050170898438,76.41500091552734,51499,66298,22874,22369,48279
2026-08-17 11:36:00-04:00,304.0,261.2001037597656,341.2499084472656,573.4949951171875,76.37999725341797,304.318115234375,261.30999755859375,341.31500244140625,573.6071166992188,76.3949966430664,303.9800109863281,261.1300048828125,341.1600036621094,573.1799926757812,76.36499786376953,304.239990234375,261.1400146484375,341.31500244140625,573.52001953125,76.3949966430664,71798,52955,23348,28923,59363
2026-08-17 11:37:00-04:00,303.9599914550781,261.19500732421875,341.19500732421875,573.3300170898438,76.42500305175781,304.0899963378906,261.260009765625,341.3099060058594,573.739990234375,76.43000030517578,303.9400939941406,261.1647033691406,341.17999267578125,573.2999877929688,76.37999725341797,304.0400085449219,261.2200012207031,341.2799987792969,573.5700073242188,76.38999938964844,65370,62026,20544,19936,56992
2026-08-17 11:38:00-04:00,303.8699951171875,261.1700134277344,341.2950134277344,573.68798828125,76.47000122070312,303.9800109863281,261.2898864746094,341.3999938964844,573.739990234375,76.4800033569336,303.66009521484375,261.1600036621094,341.1900939941406,573.385009765625,76.43000030517578,303.9599914550781,261.2098083496094,341.22930908203125,573.4000244140625,76.43000030517578,142589,30770,15884,54007,47600
2026-08-17 11:39:00-04:00,303.7699890136719,261.135009765625,341.29998779296875,573.760009765625,76.4800033569336,303.9200134277344,261.19989013671875,341.3299865722656,573.77880859375,76.5,303.7200012207031,261.1099853515625,341.25,573.4400024414062,76.4749984741211,303.8799133300781,261.17999267578125,341.2950134277344,573.77880859375,76.48999786376953,54432,39632,11395,15276,36739
2026-08-17 11:40:00-04:00,303.5899963378906,261.0174865722656,341.31500244140625,573.89501953125,76.49500274658203,303.7799987792969,261.1300048828125,341.3591003417969,574.0999755859375,76.51000213623047,303.5400085449219,260.9602966308594,341.1499938964844,573.5599975585938,76.4739990234375,303.7699890136719,261.1300048828125,341.29998779296875,573.6611938476562,76.48999786376953,74733,66354,13884,32875,33175
2026-08-17 11:41:00-04:00,303.5899963378906,261.0304870605469,341.3800048828125,574.2135009765625,76.49500274658203,303.6400146484375,261.05780029296875,341.4049987792969,574.3599853515625,76.5,303.44000244140625,260.9200134277344,341.1700134277344,573.8400268554688,76.45999908447266,303.5849914550781,261.0304870605469,341.28070068359375,573.8466796875,76.49500274658203,62522,61366,18778,36549,40084
2026-08-17 11:42:00-04:00,303.5249938964844,261.1000061035156,341.3735046386719,574.2000122070312,76.51640319824219,303.61968994140625,261.17999267578125,341.44000244140625,574.5999755859375,76.51640319824219,303.510009765625,261.04998779296875,341.2950134277344,574.1500244140625,76.47740173339844,303.5950927734375,261.07000732421875,341.3699035644531,574.2249755859375,76.50499725341797,35292,46693,10078,27792,19247
2026-08-17 11:43:00-04:00,303.45001220703125,261.1400146484375,341.4700012207031,574.0,76.57769775390625,303.5899963378906,261.16729736328125,341.5299987792969,574.2999877929688,76.58000183105469,303.4169006347656,261.0849914550781,341.3273010253906,573.8800048828125,76.48999786376953,303.5199890136719,261.1000061035156,341.3273010253906,574.1749877929688,76.51619720458984,63838,48645,17004,30910,67879
2026-08-17 11:44:00-04:00,303.30499267578125,261.18499755859375,341.5498962402344,574.276123046875,76.55999755859375,303.55499267578125,261.2349853515625,341.55499267578125,574.2999877929688,76.62940216064453,303.29998779296875,261.1400146484375,341.4601135253906,573.8900146484375,76.55999755859375,303.45001220703125,261.1600036621094,341.5,574.0800170898438,76.57499694824219,72122,25413,10421,21994,33764
2026-08-17 11:45:00-04:00,303.44000244140625,261.1300048828125,341.6650085449219,574.3099975585938,76.55500030517578,303.489990234375,261.20001220703125,341.69000244140625,574.510009765625,76.56999969482422,303.2699890136719,261.1099853515625,341.4100036621094,574.0599975585938,76.52999877929688,303.29998779296875,261.1600036621094,341.5299987792969,574.1749877929688,76.55500030517578,62760,48001,26005,17606,36587
2026-08-17 11:46:00-04:00,303.3599853515625,260.9599914550781,341.25,574.3250122070312,76.57959747314453,303.5199890136719,261.1099853515625,341.71990966796875,574.5499877929688,76.58000183105469,303.3500061035156,260.9599914550781,341.2080078125,574.239990234375,76.51000213623047,303.44989013671875,261.1099853515625,341.6650085449219,574.260009765625,76.55999755859375,41746,53116,19180,19448,144085
2026-08-17 11:47:00-04:00,303.3399963378906,260.85260009765625,341.32000732421875,574.1799926757812,76.61000061035156,303.3999938964844,261.010009765625,341.41009521484375,574.4500122070312,76.61990356445312,303.30999755859375,260.7699890136719,341.2049865722656,574.1300048828125,76.56999969482422,303.3699035644531,261.010009765625,341.2250061035156,574.2899780273438,76.57990264892578,52339,71530,23314,16639,40533
2026-08-17 11:48:00-04:00,303.2409973144531,260.7799987792969,341.42999267578125,573.5750122070312,76.6050033569336,303.34259033203125,260.885009765625,341.6400146484375,574.1799926757812,76.62000274658203,303.20001220703125,260.7799987792969,341.29998779296875,573.530029296875,76.58000183105469,303.3399963378906,260.864990234375,341.3800048828125,574.1799926757812,76.62000274658203,62320,43196,17189,27333,24929
2026-08-17 11:49:00-04:00,303.0899963378906,260.79998779296875,341.537109375,573.639892578125,76.62789916992188,303.2799987792969,260.8550109863281,341.75,573.7999877929688,76.63999938964844,303.05499267578125,260.7300109863281,341.3800048828125,573.5300903320312,76.5999984741211,303.25,260.7699890136719,341.5098876953125,573.5499877929688,76.6082992553711,54761,62600,20713,12955,31863
2026-08-17 11:50:00-04:00,303.2200012207031,260.7799987792969,341.7200012207031,573.9600219726562,76.625,303.2200012207031,260.80999755859375,342.0,574.0900268554688,76.64939880371094,303.07501220703125,260.6499938964844,341.5199890136719,573.469970703125,76.62000274658203,303.07501220703125,260.80499267578125,341.5498962402344,573.6400146484375,76.625,48954,71820,63620,45717,33292
2026-08-17 11:51:00-04:00,303.2799987792969,260.9150085449219,341.67999267578125,574.2899780273438,76.67500305175781,303.29998779296875,260.92999267578125,341.8500061035156,574.3099975585938,76.68000030517578,303.19000244140625,260.7250061035156,341.67120361328125,573.9500122070312,76.62999725341797,303.2200012207031,260.7799987792969,341.7250061035156,574.0499877929688,76.62999725341797,40927,75164,21401,27778,37595
2026-08-17 11:52:00-04:00,303.2799987792969,260.7850036621094,341.5950012207031,574.0549926757812,76.66000366210938,303.3900146484375,260.9200134277344,341.7499084472656,574.4000244140625,76.68000030517578,303.2304992675781,260.739990234375,341.54998779296875,573.75,76.6449966430664,303.2799987792969,260.8999938964844,341.6600036621094,574.2000122070312,76.67500305175781,56432,39250,20518,56459,27527
2026-08-17 11:53:00-04:00,303.2349853515625,260.7900085449219,341.56500244140625,573.469970703125,76.66010284423828,303.2950134277344,260.85980224609375,341.62750244140625,574.1599731445312,76.66999816894531,303.17999267578125,260.20001220703125,341.4750061035156,573.4400024414062,76.63999938964844,303.2850036621094,260.79998779296875,341.5950012207031,574.0549926757812,76.66000366210938,51814,106309,13966,18052,20547
2026-08-17 11:54:00-04:00,303.1611022949219,260.8399963378906,341.489990234375,573.1699829101562,76.61499786376953,303.260009765625,260.8699951171875,341.5498962402344,573.760009765625,76.66500091552734,303.1300048828125,260.75,341.4100036621094,573.1265258789062,76.60399627685547,303.239990234375,260.7650146484375,341.5299987792969,573.489990234375,76.66500091552734,47339,34060,32473,36895,28242
2026-08-17 11:55:00-04:00,303.17999267578125,260.8399963378906,341.5,573.1799926757812,76.61979675292969,303.2359924316406,260.8999938964844,341.5799865722656,573.3200073242188,76.62000274658203,303.1499938964844,260.75,341.3699951171875,572.7999877929688,76.58999633789062,303.1700134277344,260.8450012207031,341.4700012207031,573.2999877929688,76.61990356445312,30651,41953,29306,51140,66796
2026-08-17 11:56:00-04:00,303.28509521484375,260.989990234375,341.41571044921875,573.4500122070312,76.6500015258789,303.2900085449219,261.0199890136719,341.489990234375,573.47998046875,76.66000366210938,303.1896057128906,260.79998779296875,341.3800048828125,573.1500854492188,76.62000274658203,303.2049865722656,260.82501220703125,341.4800109863281,573.1799926757812,76.62000274658203,33844,33156,10598,19561,27659
2026-08-17 11:57:00-04:00,303.2749938964844,261.22979736328125,341.5108947753906,573.510009765625,76.625,303.3599853515625,261.24951171875,341.54998779296875,573.6300048828125,76.66500091552734,303.239990234375,260.9800109863281,341.3699951171875,573.3840942382812,76.62000274658203,303.2799987792969,260.98760986328125,341.43499755859375,573.4349975585938,76.65499877929688,47567,75484,20217,13965,44873
2026-08-17 11:58:00-04:00,303.20001220703125,261.0400085449219,341.42401123046875,573.4500122070312,76.62000274658203,303.29998779296875,261.2900085449219,341.5199890136719,573.5800170898438,76.62999725341797,303.17999267578125,261.0158996582031,341.3998107910156,573.239990234375,76.5999984741211,303.28900146484375,261.0400085449219,341.5199890136719,573.5800170898438,76.625,37004,55294,10688,13243,57167
2026-08-17 11:59:00-04:00,303.19000244140625,261.035400390625,341.4200134277344,573.8348999023438,76.63500213623047,303.2499084472656,261.0849914550781,341.4999084472656,573.8800048828125,76.63500213623047,303.17498779296875,260.9849853515625,341.3810119628906,573.3900146484375,76.62000274658203,303.1900939941406,261.010009765625,341.4200134277344,573.489990234375,76.625,31601,48555,18294,21570,15830
2026-08-17 12:00:00-04:00,303.0950012207031,261.0150146484375,341.2850036621094,573.3900146484375,76.60700225830078,303.2099914550781,261.1700134277344,341.44000244140625,573.8699951171875,76.63999938964844,303.0899963378906,260.80999755859375,341.20001220703125,573.3499755859375,76.59500122070312,303.17498779296875,261.0299987792969,341.4200134277344,573.77001953125,76.63999938964844,94705,84891,20124,19669,48028
2026-08-17 12:01:00-04:00,303.1700134277344,261.1000061035156,341.32000732421875,573.2999877929688,76.625,303.2099914550781,261.1499938964844,341.3399963378906,573.5598754882812,76.625,303.0899963378906,260.9599914550781,341.25,573.2999877929688,76.5999984741211,303.1000061035156,260.9800109863281,341.2699890136719,573.52197265625,76.6050033569336,48887,25246,11123,18944,30474
2026-08-17 12:02:00-04:00,303.1700134277344,261.1400146484375,341.3800048828125,573.3400268554688,76.6500015258789,303.2099914550781,261.2698974609375,341.3800048828125,573.5,76.65499877929688,303.1400146484375,261.0799865722656,341.29998779296875,573.260009765625,76.62000274658203,303.17999267578125,261.1300048828125,341.32000732421875,573.344970703125,76.625,13982568,43632,18853,15683,30168
2026-08-17 12:03:00-04:00,303.1600036621094,261.06500244140625,341.2799072265625,573.0999755859375,76.66999816894531,303.239990234375,261.135009765625,341.3550109863281,573.3800048828125,76.68499755859375,303.1400146484375,261.0400085449219,341.239990234375,573.0999755859375,76.6449966430664,303.1650085449219,261.135009765625,341.3550109863281,573.3150024414062,76.6449966430664,45540,35828,10375,16768,686032
2026-08-17 12:04:00-04:00,303.2300109863281,260.9436950683594,341.125,572.843017578125,76.6500015258789,303.29058837890625,261.1050109863281,341.2799987792969,573.1199951171875,76.67500305175781,303.1600036621094,260.9150085449219,341.0950012207031,572.6699829101562,76.62999725341797,303.1763000488281,261.05999755859375,341.260009765625,573.0599975585938,76.66999816894531,39562,55204,14071,37031,33838
2026-08-17 12:05:00-04:00,303.1000061035156,260.7300109863281,340.93499755859375,572.72998046875,76.69000244140625,303.25,261.0098876953125,341.125,573.1699829101562,76.69999694824219,303.0899963378906,260.70001220703125,340.8999938964844,572.6599731445312,76.65499877929688,303.2349853515625,260.92999267578125,341.125,572.8499755859375,76.65499877929688,42348,50947,39492,28840,29665
2026-08-17 12:06:00-04:00,303.1600036621094,260.70001220703125,340.79998779296875,572.1500244140625,76.66999816894531,303.17999267578125,260.815185546875,340.96990966796875,572.8198852539062,76.69999694824219,303.07000732421875,260.69000244140625,340.79998779296875,572.1500244140625,76.66500091552734,303.0799865722656,260.7099914550781,340.96990966796875,572.6400146484375,76.69499969482422,48536,45876,22559,48043,54405
2026-08-17 12:07:00-04:00,303.1600036621094,260.69000244140625,340.739990234375,572.0999755859375,76.625,303.2242126464844,260.7449951171875,340.8299865722656,572.3699951171875,76.66999816894531,303.1499938964844,260.6199951171875,340.7200012207031,572.0900268554688,76.61000061035156,303.1700134277344,260.6650085449219,340.8251037597656,572.2650146484375,76.66999816894531,36118,45371,16353,31959,46385
2026-08-17 12:08:00-04:00,303.1180114746094,260.5350036621094,340.68499755859375,571.8499755859375,76.5999984741211,303.19000244140625,260.7398986816406,340.82000732421875,572.1500244140625,76.63800048828125,303.0799865722656,260.465087890625,340.6600036621094,571.6400146484375,76.5999984741211,303.19000244140625,260.67999267578125,340.68499755859375,572.1500244140625,76.62000274658203,43884,55398,17469,61187,25653
2026-08-17 12:09:00-04:00,303.2250061035156,260.54998779296875,340.7980041503906,571.4990234375,76.60880279541016,303.2300109863281,260.6098937988281,340.80999755859375,571.9782104492188,76.61000061035156,303.0945129394531,260.5150146484375,340.7200012207031,571.4990234375,76.59010314941406,303.1099853515625,260.5249938964844,340.7980041503906,571.8599853515625,76.61000061035156,30414,44855,14516,47169,75549
2026-08-17 12:10:00-04:00,303.0799865722656,260.45001220703125,340.70001220703125,571.5020141601562,76.59500122070312,303.24200439453125,260.5950012207031,340.94000244140625,571.7100219726562,76.62000274658203,303.04998779296875,260.3999938964844,340.70001220703125,571.0,76.58999633789062,303.2250061035156,260.5675048828125,340.8299865722656,571.4901733398438,76.6050033569336,38045,52732,27947,50901,53117
2026-08-17 12:11:00-04:00,303.1499938964844,260.6893005371094,341.0400085449219,572.3150024414062,76.62999725341797,303.19970703125,260.69000244140625,341.04998779296875,572.3699951171875,76.62999725341797,303.1000061035156,260.44000244140625,340.69000244140625,571.5999755859375,76.58999633789062,303.1000061035156,260.4700012207031,340.69000244140625,571.5999755859375,76.59500122070312,30144,38941,40384,48849,47988
2026-08-17 12:12:00-04:00,303.3599853515625,260.7250061035156,341.3200988769531,572.3212890625,76.66500091552734,303.4200134277344,260.760009765625,341.3500061035156,572.47998046875,76.66500091552734,303.1400146484375,260.6499938964844,341.0450134277344,572.1400146484375,76.625,303.1600036621094,260.69000244140625,341.0450134277344,572.239990234375,76.62999725341797,71513,44138,19408,28776,24083
2026-08-17 12:13:00-04:00,303.5249938964844,260.80499267578125,341.3299865722656,572.1599731445312,76.66500091552734,303.5400085449219,260.81988525390625,341.3599853515625,572.7059936523438,76.69000244140625,303.3500061035156,260.75,341.25,572.1400146484375,76.6500015258789,303.3599853515625,260.7699890136719,341.3500061035156,572.3400268554688,76.66500091552734,55648,32899,20433,20889,38580
2026-08-17 12:14:00-04:00,303.55999755859375,260.7900085449219,341.39990234375,571.72998046875,76.6449966430664,303.55999755859375,260.82000732421875,341.3999938964844,572.3300170898438,76.66999816894531,303.4601135253906,260.69000244140625,341.2799987792969,571.5100708007812,76.63999938964844,303.5199890136719,260.82000732421875,341.30999755859375,572.1099853515625,76.66500091552734,47989,63168,15978,23813,17592
2026-08-17 12:15:00-04:00,303.465087890625,260.82000732421875,341.45001220703125,571.25,76.68499755859375,303.57000732421875,260.8299865722656,341.4649963378906,571.875,76.68499755859375,303.4100036621094,260.7699890136719,341.3608093261719,571.25,76.62999725341797,303.5408935546875,260.79998779296875,341.375,571.7349853515625,76.6449966430664,48319,38520,10401,38804,82880
2026-08-17 12:16:00-04:00,303.6028137207031,260.7099914550781,341.3550109863281,570.7849731445312,76.66500091552734,303.6499938964844,260.8599853515625,341.5150146484375,571.5391235351562,76.68499755859375,303.465087890625,260.57000732421875,341.3450012207031,570.7031860351562,76.65499877929688,303.465087890625,260.7099914550781,341.4570007324219,571.3001098632812,76.68499755859375,30698,82065,15746,44120,26536
2026-08-17 12:17:00-04:00,303.66009521484375,260.55999755859375,341.4198913574219,570.4000244140625,76.66500091552734,303.67498779296875,260.70001220703125,341.489990234375,570.8699951171875,76.66999816894531,303.5899963378906,260.5,341.3500061035156,570.25,76.66000366210938,303.6109924316406,260.69000244140625,341.4100036621094,570.7000122070312,76.66500091552734,30442,26869,18488,73800,23665
2026-08-17 12:18:00-04:00,303.6000061035156,260.6199951171875,341.4599914550781,570.2799072265625,76.66500091552734,303.70001220703125,260.6499938964844,341.4649963378906,570.6099853515625,76.6897964477539,303.6000061035156,260.55499267578125,341.3599853515625,570.0700073242188,76.63999938964844,303.6650085449219,260.55499267578125,341.3599853515625,570.357177734375,76.66500091552734,40170,50038,19348,84176,39214
2026-08-17 12:19:00-04:00,303.6400146484375,260.79998779296875,341.82000732421875,571.3049926757812,76.66500091552734,303.6400146484375,260.82989501953125,341.8299865722656,571.4000244140625,76.68000030517578,303.5600891113281,260.6400146484375,341.4372863769531,570.0999755859375,76.63999938964844,303.6050109863281,260.6400146484375,341.4372863769531,570.2366943359375,76.66510009765625,49250,40883,40809,42672,37449
2026-08-17 12:20:00-04:00,303.69000244140625,260.80999755859375,341.7300109863281,571.3300170898438,76.66999816894531,303.71099853515625,260.9849853515625,342.04998779296875,571.4000244140625,76.68000030517578,303.6300048828125,260.7900085449219,341.7200012207031,571.1599731445312,76.66000366210938,303.69000244140625,260.7900085449219,341.8587951660156,571.25,76.66500091552734,14709136,110006,42353,7204437,40347
2026-08-17 12:21:00-04:00,303.7749938964844,260.92999267578125,341.7250061035156,571.0800170898438,76.66500091552734,303.7799987792969,260.92999267578125,341.79998779296875,571.3300170898438,76.69499969482422,303.5899963378906,260.7300109863281,341.6600036621094,570.614013671875,76.66010284423828,303.67999267578125,260.8450012207031,341.7300109863281,571.3300170898438,76.66500091552734,44119,62539,38466,39093,88994
2026-08-17 12:22:00-04:00,303.6650085449219,260.80999755859375,341.8399963378906,570.1026000976562,76.62000274658203,303.79998779296875,260.94000244140625,341.9100036621094,571.0800170898438,76.66500091552734,303.6600036621094,260.7699890136719,341.6300048828125,570.1019897460938,76.61009979248047,303.77630615234375,260.94000244140625,341.7250061035156,571.0800170898438,76.66500091552734,30012,45640,25519,38343,24519
2026-08-17 12:23:00-04:00,303.6401062011719,260.6401062011719,341.67999267578125,569.6900024414062,76.52999877929688,303.70001220703125,260.82000732421875,341.8500061035156,570.119873046875,76.62000274658203,303.614990234375,260.6199951171875,341.6675109863281,569.6444091796875,76.5199966430664,303.6600036621094,260.82000732421875,341.7850036621094,570.1099853515625,76.61499786376953,30740,45439,12113,124781,321827
2026-08-17 12:24:00-04:00,303.65509033203125,260.5899963378906,341.6824951171875,569.3599853515625,76.56800079345703,303.6734924316406,260.6600036621094,341.7499084472656,569.6599731445312,76.58999633789062,303.5400085449219,260.56500244140625,341.5307922363281,569.3001098632812,76.52999877929688,303.6400146484375,260.6499938964844,341.67498779296875,569.625,76.56800079345703,30248,35708,12647,34954,68368
2026-08-17 12:25:00-04:00,303.55999755859375,260.510009765625,341.5400085449219,569.4099731445312,76.5250015258789,303.6449890136719,260.6000061035156,341.75,569.64990234375,76.56999969482422,303.5400085449219,260.4700012207031,341.5400085449219,569.0499877929688,76.5199966430664,303.6400146484375,260.5400085449219,341.7049865722656,569.344970703125,76.56999969482422,32615,60538,12400,94478,47879
2026-08-17 12:26:00-04:00,303.47088623046875,260.4949951171875,341.6600036621094,569.3798828125,76.49500274658203,303.59991455078125,260.54998779296875,341.69000244140625,569.6005249023438,76.52980041503906,303.42999267578125,260.42999267578125,341.49249267578125,569.1500244140625,76.4800033569336,303.55999755859375,260.5150146484375,341.5849914550781,569.4000854492188,76.5199966430664,28501,52499,29852,48297,574328
2026-08-17 12:27:00-04:00,303.5199890136719,260.5354919433594,341.8399963378906,569.6798706054688,76.53500366210938,303.5299987792969,260.55999755859375,341.94000244140625,569.7100219726562,76.54499816894531,303.4049987792969,260.4599914550781,341.67999267578125,569.3699951171875,76.48999786376953,303.4700012207031,260.5198974609375,341.7099914550781,569.3699951171875,76.5,30099,40764,20327,36110,35789
2026-08-17 12:28:00-04:00,303.489990234375,260.4949951171875,341.8299865722656,569.530029296875,76.58499908447266,303.5350036621094,260.6000061035156,341.8699951171875,569.6881103515625,76.58499908447266,303.4599914550781,260.4601135253906,341.7601013183594,569.3101196289062,76.53500366210938,303.5350036621094,260.5299987792969,341.7950134277344,569.6624145507812,76.54000091552734,19310,36997,19733,44534,28735
2026-08-17 12:29:00-04:00,303.55499267578125,260.50201416015625,341.8999938964844,569.5750122070312,76.58499908447266,303.57000732421875,260.54998779296875,341.92999267578125,569.6799926757812,76.60929870605469,303.4804992675781,260.4501037597656,341.82000732421875,569.489990234375,76.56999969482422,303.4804992675781,260.5,341.82000732421875,569.510009765625,76.58609771728516,22249,49224,17047,18544,75336
2026-08-17 12:30:00-04:00,303.6600036621094,260.52508544921875,342.037109375,569.6094970703125,76.58499908447266,303.70001220703125,260.5350036621094,342.0599060058594,569.8200073242188,76.63999938964844,303.54998779296875,260.4599914550781,341.864990234375,569.4000244140625,76.58000183105469,303.55999755859375,260.489990234375,341.8800048828125,569.5750122070312,76.58999633789062,38013,52479,17106,54404,36299
2026-08-17 12:31:00-04:00,303.80999755859375,260.5,341.864990234375,569.6199951171875,76.55000305175781,303.8599853515625,260.54998779296875,342.1299133300781,569.7979736328125,76.58999633789062,303.6449890136719,260.4599914550781,341.864990234375,569.469970703125,76.55000305175781,303.6600036621094,260.5299987792969,342.0,569.5700073242188,76.58499908447266,44952,51965,16854,22463,24715
2026-08-17 12:32:00-04:00,303.82000732421875,260.5199890136719,341.90509033203125,569.3394775390625,76.56500244140625,303.9198913574219,260.56988525390625,341.9599914550781,569.739990234375,76.58000183105469,303.81500244140625,260.489990234375,341.831298828125,569.1849975585938,76.55000305175781,303.81500244140625,260.489990234375,341.8800048828125,569.6099853515625,76.55000305175781,43068,29733,29315,40597,29778
2026-08-17 12:33:00-04:00,303.93499755859375,260.5,341.70001220703125,569.1500244140625,76.55999755859375,303.9800109863281,260.55999755859375,341.9399108886719,569.4368286132812,76.56990051269531,303.7799987792969,260.4800109863281,341.69000244140625,569.0800170898438,76.52999877929688,303.82000732421875,260.5299987792969,341.927001953125,569.2550048828125,76.55999755859375,55650,53426,13778,30333,26454
2026-08-17 12:34:00-04:00,303.96148681640625,260.5,341.6199951171875,569.3300170898438,76.55750274658203,304.0,260.5379943847656,341.67999267578125,569.5999145507812,76.56999969482422,303.8599853515625,260.45001220703125,341.5705871582031,568.9299926757812,76.55000305175781,303.9339904785156,260.510009765625,341.6700134277344,569.10498046875,76.55999755859375,36320,54367,16585,55035,14309
2026-08-17 12:35:00-04:00,303.8389892578125,260.4700012207031,341.55999755859375,569.2349853515625,76.54000091552734,303.9700012207031,260.5,341.639892578125,569.5399780273438,76.55999755859375,303.8100891113281,260.4200134277344,341.489990234375,569.193603515625,76.52999877929688,303.9700012207031,260.4800109863281,341.625,569.3300170898438,76.55500030517578,31737,30783,19146,32743,24941
2026-08-17 12:36:00-04:00,303.9700012207031,260.39599609375,341.3550109863281,569.25,76.51499938964844,304.0392150878906,260.4750061035156,341.5599060058594,569.3300170898438,76.55500030517578,303.8399963378906,260.3702087402344,341.3550109863281,568.9000244140625,76.51380157470703,303.8399963378906,260.4700012207031,341.5299987792969,569.2050170898438,76.54499816894531,33361,45827,14712,27178,20718
2026-08-17 12:37:00-04:00,303.95989990234375,260.3500061035156,341.19000244140625,568.4299926757812,76.42500305175781,303.9963073730469,260.45001220703125,341.3703918457031,569.3599853515625,76.51499938964844,303.86981201171875,260.29998779296875,341.1400146484375,568.1599731445312,76.41000366210938,303.9601135253906,260.3800048828125,341.3550109863281,569.2750244140625,76.51499938964844,30929,51850,24765,65062,469068
2026-08-17 12:38:00-04:00,303.9599914550781,260.19000244140625,341.2099914550781,568.2899780273438,76.42500305175781,303.9971008300781,260.3599853515625,341.2699890136719,568.5499877929688,76.45999908447266,303.92999267578125,260.1199951171875,341.1275939941406,568.25,76.41500091552734,303.9599914550781,260.3599853515625,341.260009765625,568.4299926757812,76.42500305175781,21354,73460,23487,53599,33936
2026-08-17 12:39:00-04:00,303.9200134277344,260.17498779296875,341.2349853515625,568.0,76.46499633789062,303.989990234375,260.2200012207031,341.2900085449219,568.4500122070312,76.4800033569336,303.8900146484375,260.1499938964844,341.1700134277344,567.8499755859375,76.41999816894531,303.9599914550781,260.17999267578125,341.20001220703125,568.0,76.42829895019531,21805,53106,31742,92706,30058
2026-08-17 12:40:00-04:00,303.92999267578125,259.92498779296875,341.2095031738281,567.739501953125,76.47000122070312,303.95001220703125,260.1784973144531,341.2850036621094,568.0,76.4749984741211,303.8299865722656,259.8999938964844,341.15301513671875,567.6900024414062,76.45500183105469,303.9150085449219,260.17498779296875,341.25,567.969970703125,76.46499633789062,27638,355580,14544,47577,22860
2026-08-17 12:41:00-04:00,303.8699951171875,259.864990234375,341.18499755859375,567.3800048828125,76.4749984741211,303.94500732421875,259.9700012207031,341.2200012207031,567.8289794921875,76.4800033569336,303.8500061035156,259.8399963378906,341.1499938964844,567.090087890625,76.45500183105469,303.94000244140625,259.92999267578125,341.20001220703125,567.8200073242188,76.45999908447266,26573,128651,25970,52418,26205
2026-08-17 12:42:00-04:00,303.8302917480469,259.80999755859375,341.125,567.0650024414062,76.42400360107422,303.8800048828125,259.96990966796875,341.2099914550781,567.3090209960938,76.47979736328125,303.7799987792969,259.7699890136719,341.1099853515625,566.8499755859375,76.4135971069336,303.8789978027344,259.8699951171875,341.1499938964844,567.27001953125,76.47979736328125,31758,85086,11324,50962,33315
2026-08-17 12:43:00-04:00,303.92999267578125,259.9200134277344,341.0849914550781,566.9761962890625,76.41560363769531,303.95001220703125,259.94000244140625,341.1799011230469,567.1400146484375,76.44000244140625,303.82501220703125,259.760009765625,341.07000732421875,566.77001953125,76.40499877929688,303.8399963378906,259.80999755859375,341.1400146484375,567.0650024414062,76.42250061035156,25115,101402,23518,43111,24927
2026-08-17 12:44:00-04:00,303.76800537109375,259.9201965332031,341.0794982910156,567.2022094726562,76.40499877929688,303.93499755859375,259.965087890625,341.0799865722656,567.2498779296875,76.41999816894531,303.739990234375,259.80999755859375,340.9750061035156,566.8099975585938,76.4000015258789,303.93499755859375,259.92999267578125,341.0799865722656,566.9301147460938,76.41500091552734,23280,48049,22092,30568,24575
2026-08-17 12:45:00-04:00,303.69000244140625,259.8808898925781,341.1000061035156,567.2794799804688,76.41999816894531,303.7699890136719,260.0199890136719,341.1300048828125,567.3378295898438,76.4260025024414,303.630615234375,259.8699951171875,341.0450134277344,566.9500122070312,76.4000015258789,303.7650146484375,259.93499755859375,341.0450134277344,567.0399780273438,76.4000015258789,34032,57480,22451,34637,36374
2026-08-17 12:46:00-04:00,303.6300048828125,259.7250061035156,341.0398864746094,566.9299926757812,76.43499755859375,303.7200012207031,259.92498779296875,341.1199035644531,567.2799072265625,76.44999694824219,303.6300048828125,259.69000244140625,341.0199890136719,566.8800048828125,76.41000366210938,303.69000244140625,259.8900146484375,341.1199035644531,567.0900268554688,76.42980194091797,45518,84730,18145,30635,34555
2026-08-17 12:47:00-04:00,303.6502990722656,259.6700134277344,340.9700012207031,566.8400268554688,76.40989685058594,303.6700134277344,259.7699890136719,341.0400085449219,567.0,76.43499755859375,303.510009765625,259.6099853515625,340.8999938964844,566.75,76.37999725341797,303.6300048828125,259.7200012207031,341.010009765625,566.9099731445312,76.43000030517578,45675,74777,10843,54875,42942
2026-08-17 12:48:00-04:00,303.7650146484375,259.6600036621094,340.8599853515625,567.0299072265625,76.42500305175781,303.7900085449219,259.70001220703125,341.04998779296875,567.0599975585938,76.44999694824219,303.6050109863281,259.57000732421875,340.8599853515625,566.5999755859375,76.4000015258789,303.6499938964844,259.6700134277344,340.95001220703125,566.864990234375,76.41000366210938,44430,83976,27318,58058,26286
2026-08-17 12:49:00-04:00,303.7300109863281,259.6499938964844,340.9599914550781,567.3099975585938,76.3949966430664,303.79998779296875,259.69989013671875,341.0299072265625,567.639892578125,76.43000030517578,303.7300109863281,259.6400146484375,340.82000732421875,566.9199829101562,76.3949966430664,303.7650146484375,259.6400146484375,340.8200988769531,566.969970703125,76.41999816894531,29774,39234,10024,32233,17603
2026-08-17 12:50:00-04:00,303.70001220703125,259.55999755859375,340.92999267578125,567.239990234375,76.3219985961914,303.739990234375,259.67999267578125,340.9707946777344,567.5399780273438,76.3949966430664,303.6400146484375,259.55999755859375,340.91009521484375,567.135009765625,76.31500244140625,303.7200012207031,259.6199951171875,340.9435119628906,567.3099975585938,76.3949966430664,26534,40279,10884,33976,62598
2026-08-17 12:51:00-04:00,303.739990234375,259.56878662109375,340.8349914550781,566.780029296875,76.34500122070312,303.79998779296875,259.6014099121094,340.96990966796875,567.260009765625,76.36000061035156,303.6600036621094,259.5201110839844,340.79998779296875,566.75,76.31999969482422,303.69000244140625,259.5799865722656,340.96990966796875,567.260009765625,76.31999969482422,25990,49606,13611,23737,34385
2026-08-17 12:52:00-04:00,303.80999755859375,259.5498962402344,340.8580017089844,566.97998046875,76.33499908447266,303.8399963378906,259.6099853515625,340.8673095703125,567.1099853515625,76.36000061035156,303.6099853515625,259.5199890136719,340.739990234375,566.7550048828125,76.33499908447266,303.7300109863281,259.55499267578125,340.8349914550781,566.77001953125,76.33999633789062,77867,66822,10057,24890,32336
2026-08-17 12:53:00-04:00,303.5799865722656,259.55999755859375,340.8399963378906,567.3599853515625,76.30999755859375,303.8299865722656,259.6000061035156,340.8998107910156,567.3800048828125,76.3396987915039,303.5799865722656,259.5050048828125,340.760986328125,566.8814086914062,76.30000305175781,303.79998779296875,259.5350036621094,340.8550109863281,566.9199829101562,76.33499908447266,107507,49862,13457,24608,36248
2026-08-17 12:54:00-04:00,303.42999267578125,259.56500244140625,340.8900146484375,567.9749755859375,76.29010009765625,303.6400146484375,259.57000732421875,340.9150085449219,568.0399780273438,76.30819702148438,303.42999267578125,259.5199890136719,340.75,567.275390625,76.2699966430664,303.5400085449219,259.5299987792969,340.82000732421875,567.3200073242188,76.30819702148438,39813,45280,16503,52320,49744
2026-08-17 12:55:00-04:00,303.2699890136719,259.5249938964844,340.7900085449219,568.0,76.24500274658203,303.4696960449219,259.5799865722656,340.9079895019531,568.0499877929688,76.30999755859375,303.25,259.5,340.7601013183594,567.8499755859375,76.24500274658203,303.45001220703125,259.55499267578125,340.9079895019531,567.9400024414062,76.29010009765625,41420,74492,10788,48695,49480
2026-08-17 12:56:00-04:00,303.1260070800781,259.44000244140625,340.739990234375,567.9749755859375,76.23500061035156,303.2998962402344,259.5299987792969,340.7900085449219,568.114990234375,76.25499725341797,303.125,259.4200134277344,340.635009765625,567.8599853515625,76.2300033569336,303.2699890136719,259.5299987792969,340.7900085449219,567.97998046875,76.24500274658203,62058,73073,27736,51176,30491
2026-08-17 12:57:00-04:00,303.0400085449219,259.3999938964844,340.5199890136719,568.0,76.18499755859375,303.1499938964844,259.42999267578125,340.7349853515625,568.0,76.22000122070312,303.0199890136719,259.20001220703125,340.5,567.7999877929688,76.18000030517578,303.135009765625,259.42999267578125,340.7349853515625,567.9650268554688,76.22000122070312,57176,188957,20903,37178,41682
2026-08-17 12:58:00-04:00,303.0,259.4999084472656,340.57000732421875,568.27001953125,76.20500183105469,303.04998779296875,259.4999084472656,340.5950012207031,568.6699829101562,76.22000122070312,302.9389953613281,259.29998779296875,340.4599914550781,567.8200073242188,76.18009948730469,303.0400085449219,259.3999938964844,340.5249938964844,567.9550170898438,76.181396484375,113231,88768,20050,179594,33881
2026-08-17 12:59:00-04:00,303.0400085449219,259.4573059082031,340.5,568.9249877929688,76.2249984741211,303.07000732421875,259.5249938964844,340.6000061035156,568.9500122070312,76.2300033569336,303.0,259.20001220703125,340.4700012207031,568.2449951171875,76.19000244140625,303.0,259.4840087890625,340.6000061035156,568.9249877929688,76.20500183105469,43455,105731,6635,62213,34746
2026-08-17 13:00:00-04:00,303.2099914550781,259.30999755859375,340.385009765625,567.6400146484375,76.22000122070312,303.2398986816406,259.45599365234375,340.510009765625,568.8499755859375,76.2300033569336,303.0199890136719,259.30999755859375,340.2699890136719,567.5499877929688,76.20999908447266,303.0299987792969,259.45001220703125,340.4700012207031,568.7999877929688,76.2300033569336,56177,50384,21406,67444,27693
2026-08-17 13:01:00-04:00,303.17999267578125,259.1502990722656,340.3994140625,567.3699951171875,76.20999908447266,303.19000244140625,259.30499267578125,340.4599914550781,567.6696166992188,76.22000122070312,303.1199951171875,259.1099853515625,340.32000732421875,567.0200805664062,76.18000030517578,303.19000244140625,259.29998779296875,340.385009765625,567.5612182617188,76.21499633789062,37277,74926,13401,36966,47092
2026-08-17 13:02:00-04:00,303.5050048828125,259.0350036621094,340.2200012207031,567.0750122070312,76.16500091552734,303.5050048828125,259.1600036621094,340.3999938964844,567.4400024414062,76.20999908447266,303.1400146484375,259.0,340.2200012207031,566.780029296875,76.16000366210938,303.19000244140625,259.1549987792969,340.3999938964844,567.375,76.20500183105469,64946,149649,22469,57593,67096
2026-08-17 13:03:00-04:00,303.45001220703125,259.2099914550781,340.2900085449219,567.2249755859375,76.18000030517578,303.6046142578125,259.2250061035156,340.31500244140625,567.3499755859375,76.18990325927734,303.42999267578125,259.0299987792969,340.1700134277344,566.7999877929688,76.16000366210938,303.5050048828125,259.04998779296875,340.20001220703125,567.0750122070312,76.16500091552734,43445,101086,15934,29876,40954
2026-08-17 13:04:00-04:00,303.4599914550781,259.2699890136719,340.2900085449219,567.1849975585938,76.1449966430664,303.4844055175781,259.2699890136719,340.3211975097656,567.4099731445312,76.17990112304688,303.3800048828125,259.1499938964844,340.2200012207031,567.0900268554688,76.13999938964844,303.4667053222656,259.2200012207031,340.2976989746094,567.3099975585938,76.17179870605469,35347,59185,27943,20047,39939
2026-08-17 13:05:00-04:00,303.4800109863281,259.3299865722656,340.25,566.7999877929688,76.16020202636719,303.5299987792969,259.385009765625,340.3599853515625,567.2000122070312,76.16999816894531,303.4049987792969,259.19000244140625,340.2300109863281,566.6599731445312,76.12000274658203,303.489990234375,259.2200012207031,340.30999755859375,567.1500244140625,76.13999938964844,40479,103660,21201,42078,74398
2026-08-17 13:06:00-04:00,303.4750061035156,259.5400085449219,340.260009765625,567.0,76.18000030517578,303.510009765625,259.5899963378906,340.3349914550781,567.0698852539062,76.18000030517578,303.45001220703125,259.3100891113281,340.1700134277344,566.6304931640625,76.15499877929688,303.4800109863281,259.3550109863281,340.25,566.8886108398438,76.16500091552734,21200,78138,25540,21542,34011
2026-08-17 13:07:00-04:00,303.625,259.5,340.239990234375,566.6699829101562,76.19499969482422,303.6499938964844,259.6099853515625,340.2799987792969,567.0999755859375,76.19499969482422,303.4549865722656,259.4700012207031,340.1499938964844,566.3400268554688,76.16000366210938,303.4700012207031,259.5350036621094,340.25,566.9650268554688,76.17500305175781,36196,58217,28783,42111,30209
2026-08-17 13:08:00-04:00,303.6600036621094,259.54998779296875,340.31500244140625,566.739990234375,76.18499755859375,303.6990051269531,259.6400146484375,340.3349914550781,566.8099975585938,76.19560241699219,303.6286926269531,259.4800109863281,340.2300109863281,566.510009765625,76.17500305175781,303.6300048828125,259.5299072265625,340.2300109863281,566.6199951171875,76.19499969482422,22119,89481,15161,25916,28441
2026-08-17 13:09:00-04:00,303.7950134277344,259.7200012207031,340.4800109863281,566.9000244140625,76.17379760742188,303.8039855957031,259.7200012207031,340.54058837890625,566.97021484375,76.19999694824219,303.6600036621094,259.5400085449219,340.3399963378906,566.7150268554688,76.16510009765625,303.6700134277344,259.5400085449219,340.3500061035156,566.739990234375,76.19000244140625,71611,73875,13533,29402,28099
2026-08-17 13:10:00-04:00,303.7149963378906,259.4200134277344,340.7499084472656,567.0549926757812,76.16500091552734,303.8099060058594,259.739990234375,340.75,567.0999755859375,76.18499755859375,303.67999267578125,259.4100036621094,340.45001220703125,566.7501220703125,76.16000366210938,303.79840087890625,259.7200927734375,340.5093994140625,566.9000244140625,76.17510223388672,58972,67752,17281,25295,52039
2026-08-17 13:11:00-04:00,303.67498779296875,259.25,340.7699890136719,567.1199951171875,76.13500213623047,303.7250061035156,259.45001220703125,340.7699890136719,567.1199951171875,76.19499969482422,303.6099853515625,259.1600036621094,340.6700134277344,566.75,76.1134033203125,303.7149963378906,259.3999938964844,340.7049865722656,567.0203857421875,76.16500091552734,32628,131983,12826,27261,81953
2026-08-17 13:12:00-04:00,303.68499755859375,259.1400146484375,340.7228088378906,567.4299926757812,76.16999816894531,303.7300109863281,259.364990234375,340.8599853515625,567.709716796875,76.16999816894531,303.6700134277344,259.1400146484375,340.7200012207031,567.1179809570312,76.13500213623047,303.67498779296875,259.25,340.7699890136719,567.1300048828125,76.1500015258789,23559,63203,20067,37015,173455
2026-08-17 13:13:00-04:00,303.881103515625,258.94000244140625,340.7099914550781,567.280029296875,76.1500015258789,303.9100036621094,259.1600036621094,340.75,567.5599975585938,76.18000030517578,303.67999267578125,258.9200134277344,340.6099853515625,567.2000122070312,76.13999938964844,303.68499755859375,259.1400146484375,340.7149963378906,567.4000244140625,76.16000366210938,52451,145398,13679,23857,26410
2026-08-17 13:14:00-04:00,303.8699951171875,258.92999267578125,340.6700134277344,567.4149780273438,76.1449966430664,303.9200134277344,258.9849853515625,340.8099060058594,567.5999755859375,76.16000366210938,303.8699951171875,258.8900146484375,340.6700134277344,567.2550048828125,76.12010192871094,303.8699951171875,258.92010498046875,340.7200012207031,567.3099975585938,76.1449966430664,33729,68295,11105,11123,17175
2026-08-17 13:15:00-04:00,303.9200134277344,258.875,340.6099853515625,566.9400024414062,76.19999694824219,303.94000244140625,259.010009765625,340.7300109863281,567.5598754882812,76.20500183105469,303.82000732421875,258.8399963378906,340.6099853515625,566.8300170898438,76.13999938964844,303.82000732421875,258.9100036621094,340.6606140136719,567.3101196289062,76.1500015258789,32192,91751,10409,25914,30035
2026-08-17 13:16:00-04:00,303.94500732421875,258.6700134277344,340.6600036621094,566.85498046875,76.21499633789062,304.0400085449219,258.8800048828125,340.69000244140625,567.1400146484375,76.23999786376953,303.8900146484375,258.6400146484375,340.5950012207031,566.780029296875,76.19999694824219,303.9200134277344,258.875,340.6199951171875,566.9650268554688,76.19999694824219,52582,93713,14162,16846,26753
2026-08-17 13:17:00-04:00,304.05999755859375,258.67401123046875,340.8349914550781,566.655029296875,76.16999816894531,304.1000061035156,258.7409973144531,340.8349914550781,566.85498046875,76.22000122070312,303.94500732421875,258.6400146484375,340.6300048828125,566.4700927734375,76.16500091552734,304.05999755859375,258.7013854980469,340.6429138183594,566.8499755859375,76.21610260009766,41530,59607,12945,26275,32705
2026-08-17 13:18:00-04:00,304.2200012207031,258.6820068359375,341.1199951171875,566.6699829101562,76.15499877929688,304.29998779296875,258.7149963378906,341.239990234375,566.8101196289062,76.19000244140625,304.05010986328125,258.6000061035156,340.8800048828125,566.6099853515625,76.15499877929688,304.07000732421875,258.6700134277344,340.8800048828125,566.6849975585938,76.16999816894531,82080,127350,13862,18435,35033
2026-08-17 13:19:00-04:00,304.25,258.75,341.239990234375,566.7008056640625,76.13500213623047,304.2799987792969,258.7799987792969,341.29998779296875,566.8098754882812,76.1500015258789,304.1900939941406,258.67999267578125,341.0799865722656,566.5401000976562,76.12999725341797,304.2200012207031,258.68499755859375,341.0799865722656,566.6699829101562,76.1500015258789,35196,75080,14882,14656,18574
2026-08-17 13:20:00-04:00,304.3450012207031,258.69000244140625,341.20001220703125,567.260009765625,76.1249008178711,304.3699951171875,258.7749938964844,341.3399963378906,567.298583984375,76.13999938964844,304.25,258.67999267578125,341.1900939941406,566.6900024414062,76.11499786376953,304.2650146484375,258.7349853515625,341.2200012207031,566.6900024414062,76.13500213623047,29919,56722,118795,26291,27036
2026-08-17 13:21:00-04:00,304.2701110839844,258.7300109863281,341.1899108886719,567.2413940429688,76.125,304.42498779296875,258.7900085449219,341.3800048828125,567.3604125976562,76.13999938964844,304.2300109863281,258.69000244140625,341.1300048828125,567.0800170898438,76.09500122070312,304.3599853515625,258.7049865722656,341.2300109863281,567.2750244140625,76.12989807128906,41401,49389,29300,16473,60422
2026-08-17 13:22:00-04:00,304.3349914550781,258.7615051269531,341.2250061035156,567.4199829101562,76.17500305175781,304.3599853515625,258.8005065917969,341.25,567.5999755859375,76.19000244140625,304.239990234375,258.6000061035156,341.1099853515625,566.8400268554688,76.0999984741211,304.25,258.7300109863281,341.1300048828125,567.25,76.125,35189,25510584,20082,32320,52627
2026-08-17 13:23:00-04:00,304.25,258.8800048828125,341.0,567.2449951171875,76.18499755859375,304.32501220703125,258.9800109863281,341.2250061035156,567.5,76.20500183105469,304.2149963378906,258.6400146484375,340.95001220703125,567.02001953125,76.17500305175781,304.32000732421875,258.70001220703125,341.2200012207031,567.4201049804688,76.17500305175781,52155,99371,18313,22536,43899
2026-08-17 13:24:00-04:00,304.1449890136719,258.8349914550781,340.92999267578125,567.3699951171875,76.19999694824219,304.260009765625,258.92999267578125,341.05499267578125,567.4400024414062,76.2300033569336,304.1300048828125,258.79998779296875,340.92999267578125,567.2000122070312,76.17500305175781,304.2550048828125,258.885009765625,341.0,567.2999877929688,76.18000030517578,36772,54138,17732,19020,43440
2026-08-17 13:25:00-04:00,304.0899963378906,258.7755126953125,340.8599853515625,567.0700073242188,76.19000244140625,304.1600036621094,258.95001220703125,341.0151062011719,567.572998046875,76.20999908447266,304.0,258.7601013183594,340.82000732421875,567.0,76.19000244140625,304.1199951171875,258.8500061035156,340.94989013671875,567.3900146484375,76.19989776611328,44234,46523,59404,23297,19883
2026-08-17 13:26:00-04:00,304.125,258.81500244140625,340.92999267578125,567.0999755859375,76.1050033569336,304.1300048828125,258.8699951171875,340.94989013671875,567.3099975585938,76.18000030517578,304.04998779296875,258.7300109863281,340.80999755859375,566.75,76.1050033569336,304.0799865722656,258.7749938964844,340.8599853515625,567.030029296875,76.18000030517578,24271,36461,50338,24349,65081
2026-08-17 13:27:00-04:00,304.1300048828125,258.8500061035156,340.80999755859375,566.8900146484375,76.1449966430664,304.1700134277344,258.8500061035156,340.9399108886719,567.1099853515625,76.1449966430664,304.0799865722656,258.739990234375,340.66009521484375,566.7899780273438,76.0999984741211,304.1300048828125,258.80010986328125,340.9114990234375,567.0599975585938,76.1050033569336,21737,61090,10629,14760,25935
2026-08-17 13:28:00-04:00,304.3099060058594,258.6099853515625,340.760009765625,566.719970703125,76.09500122070312,304.32000732421875,258.8605041503906,340.8349914550781,567.1690063476562,76.13999938964844,304.1300048828125,258.5899963378906,340.739990234375,566.7100219726562,76.09500122070312,304.1400146484375,258.8450012207031,340.8299865722656,567.030029296875,76.13999938964844,25327,117925,8934,13325,51227
2026-08-17 13:29:00-04:00,304.4150085449219,258.6499938964844,340.7799072265625,566.4299926757812,76.08499908447266,304.42498779296875,258.7099914550781,340.78900146484375,566.7440185546875,76.1050033569336,304.2500915527344,258.6099853515625,340.69000244140625,566.1605224609375,76.05999755859375,304.3026123046875,258.614990234375,340.7742919921875,566.7440185546875,76.09500122070312,19150,92936,8080,51668,30664
2026-08-17 13:30:00-04:00,304.32000732421875,258.54998779296875,340.7200012207031,566.3599853515625,76.12999725341797,304.4599914550781,258.7200012207031,340.8699951171875,566.5,76.12999725341797,304.2300109863281,258.45001220703125,340.6300048828125,566.0599975585938,76.08000183105469,304.4150085449219,258.6549987792969,340.7650146484375,566.4299926757812,76.08499908447266,38562,106517,15541,30985,41452
2026-08-17 13:31:00-04:00,304.5299987792969,258.3800048828125,340.67999267578125,566.2960205078125,76.11000061035156,304.5299987792969,258.57000732421875,340.7694091796875,566.3699951171875,76.12999725341797,304.3208923339844,258.3389892578125,340.6600036621094,566.0900268554688,76.08499908447266,304.3399963378906,258.57000732421875,340.69000244140625,566.3099975585938,76.125,38367,89058,8735,20008,59625
2026-08-17 13:32:00-04:00,304.55999755859375,258.4599914550781,340.7500915527344,566.7999877929688,76.11499786376953,304.5799865722656,258.489990234375,340.7698974609375,566.942626953125,76.12999725341797,304.4800109863281,258.3599853515625,340.6499938964844,566.1500244140625,76.08999633789062,304.5350036621094,258.3699951171875,340.67999267578125,566.3599853515625,76.1050033569336,55508,61050,16615,41823,22961
2026-08-17 13:33:00-04:00,304.6300048828125,258.42999267578125,340.8900146484375,566.4000244140625,76.12030029296875,304.635009765625,258.5350036621094,340.92999267578125,566.9299926757812,76.12999725341797,304.510498046875,258.3999938964844,340.7200012207031,566.280029296875,76.1050033569336,304.56500244140625,258.45001220703125,340.7568054199219,566.8499755859375,76.11000061035156,45146,53133,19387,20359,31451
2026-08-17 13:34:00-04:00,304.45001220703125,258.6099853515625,340.739990234375,565.6748046875,76.13500213623047,304.64990234375,258.75,340.8882141113281,566.4998779296875,76.17510223388672,304.44000244140625,258.4100036621094,340.739990234375,565.6599731445312,76.125,304.6099853515625,258.4200134277344,340.8882141113281,566.489990234375,76.125,42315,66529,11213,54717,27221
2026-08-17 13:35:00-04:00,304.3599853515625,258.54998779296875,340.6700134277344,565.7780151367188,76.15499877929688,304.5400085449219,258.6400146484375,340.81500244140625,565.8900146484375,76.16000366210938,304.3599853515625,258.510009765625,340.6700134277344,565.5,76.11000061035156,304.431884765625,258.6000061035156,340.739990234375,565.7050170898438,76.12999725341797,41378,84887,18470,74829,36170
2026-08-17 13:36:00-04:00,304.3550109863281,258.67498779296875,340.875,566.030029296875,76.16500091552734,304.3699951171875,258.69000244140625,340.8800048828125,566.0900268554688,76.19000244140625,304.2099914550781,258.55999755859375,340.6499938964844,565.6599731445312,76.1500015258789,304.3599853515625,258.55999755859375,340.6600036621094,565.8049926757812,76.16000366210938,39219,66100,22516,25585,57407
2026-08-17 13:37:00-04:00,304.20050048828125,258.6099853515625,340.79998779296875,565.9749755859375,76.16510009765625,304.3576965332031,258.7099914550781,340.9599914550781,566.419921875,76.16999816894531,304.17999267578125,258.5799865722656,340.79998779296875,565.9201049804688,76.13999938964844,304.3576965332031,258.67498779296875,340.8999938964844,566.030029296875,76.16000366210938,24357,46996,10045,31920,42409
2026-08-17 13:38:00-04:00,304.1300964355469,258.5799865722656,340.760009765625,566.1099853515625,76.1709976196289,304.2099914550781,258.6300048828125,340.82501220703125,566.155029296875,76.18000030517578,304.0899963378906,258.54998779296875,340.7099914550781,565.7899780273438,76.1624984741211,304.20001220703125,258.6050109863281,340.7950134277344,565.9749755859375,76.16500091552734,28763,42138,12370,27705,22402
2026-08-17 13:39:00-04:00,304.239990234375,258.6300048828125,340.6400146484375,565.5,76.1500015258789,304.29998779296875,258.6300048828125,340.7900085449219,565.989990234375,76.18000030517578,304.0799865722656,258.54010009765625,340.6400146484375,565.5,76.13999938964844,304.1300048828125,258.57000732421875,340.7799987792969,565.9500122070312,76.16999816894531,28594,51116,15469,22019,25934
2026-08-17 13:40:00-04:00,304.2799987792969,258.6549987792969,340.7298889160156,565.5145263671875,76.13999938964844,304.3299865722656,258.70001220703125,340.7300109863281,565.5599975585938,76.16000366210938,304.2204895019531,258.6199951171875,340.6199951171875,565.041015625,76.12000274658203,304.2349853515625,258.6300048828125,340.6199951171875,565.469970703125,76.1500015258789,23671,37760,12251,48000,29217
2026-08-17 13:41:00-04:00,304.3699951171875,258.67498779296875,340.7550048828125,565.25,76.09500122070312,304.4231872558594,258.7200012207031,340.7998962402344,565.5902709960938,76.13999938964844,304.2950134277344,258.6000061035156,340.70001220703125,565.0999755859375,76.08999633789062,304.2950134277344,258.6549987792969,340.7300109863281,565.548583984375,76.13999938964844,19531,49811,15040,56848,27197
2026-08-17 13:42:00-04:00,304.45001220703125,258.6549987792969,340.79998779296875,565.4199829101562,76.08499908447266,304.4700012207031,258.760009765625,340.82000732421875,565.469970703125,76.11000061035156,304.3500061035156,258.5799865722656,340.7301025390625,565.0999755859375,76.08000183105469,304.3599853515625,258.67999267578125,340.7301025390625,565.22998046875,76.0999984741211,21543,59802,9155,26122,37865
2026-08-17 13:43:00-04:00,304.57000732421875,258.7650146484375,340.8500061035156,565.9099731445312,76.11250305175781,304.57000732421875,258.8399963378906,340.9599914550781,565.9998779296875,76.125,304.45001220703125,258.3999938964844,340.78021240234375,565.2999877929688,76.08499908447266,304.4549865722656,258.6549987792969,340.7970886230469,565.364990234375,76.08999633789062,32105,105223,8700,35624,19670
2026-08-17 13:44:00-04:00,304.5350036621094,258.8500061035156,340.9100036621094,565.9398803710938,76.1050033569336,304.6199951171875,258.9014892578125,340.981689453125,566.0499877929688,76.13500213623047,304.525390625,258.7799987792969,340.80999755859375,565.739990234375,76.1050033569336,304.57000732421875,258.7799987792969,340.80999755859375,565.905029296875,76.11499786376953,38386,59749,8895,37779,27909
2026-08-17 13:45:00-04:00,304.56500244140625,258.8398132324219,341.06500244140625,565.739990234375,76.11920166015625,304.6199951171875,258.9599914550781,341.0799865722656,565.8800048828125,76.125,304.5299987792969,258.5,340.8900146484375,565.5728759765625,76.0999984741211,304.5299987792969,258.875,340.927490234375,565.8800048828125,76.11000061035156,30276,109224,12021,21457,21972
2026-08-17 13:46:00-04:00,304.5849914550781,258.7950134277344,341.05499267578125,565.7249755859375,76.07499694824219,304.6099853515625,258.83929443359375,341.0950012207031,565.8599853515625,76.11009979248047,304.510009765625,258.7349853515625,341.0199890136719,565.52001953125,76.06999969482422,304.56500244140625,258.8327941894531,341.0849914550781,565.7650146484375,76.11000061035156,35596,46558,11241,27486,27852
2026-08-17 13:47:00-04:00,304.614990234375,258.7099914550781,340.9949951171875,565.7150268554688,76.04499816894531,304.6390075683594,258.7950134277344,341.0198974609375,565.77001953125,76.07039642333984,304.55999755859375,258.6600036621094,340.92999267578125,565.5599975585938,76.02999877929688,304.5899963378906,258.7950134277344,341.0,565.7249755859375,76.04499816894531,27143,43657,13818,25262,41746
2026-08-17 13:48:00-04:00,304.57501220703125,258.6099853515625,340.89990234375,565.375,76.03910064697266,304.6400146484375,258.7149963378906,341.0199890136719,565.7598876953125,76.05509948730469,304.55999755859375,258.6099853515625,340.89990234375,565.3300170898438,76.02999877929688,304.6300048828125,258.70819091796875,340.9949951171875,565.6701049804688,76.03910064697266,19660,38045,11765,16855,34855
2026-08-17 13:49:00-04:00,304.55999755859375,258.5950012207031,340.8349914550781,565.1300048828125,76.04499816894531,304.635009765625,258.67498779296875,340.8999938964844,565.489990234375,76.05000305175781,304.54998779296875,258.5799865722656,340.7850036621094,565.0999755859375,76.01010131835938,304.57769775390625,258.6099853515625,340.89080810546875,565.375,76.03500366210938,21881,42633,8744,39066,43776
2026-08-17 13:50:00-04:00,304.4750061035156,258.5249938964844,340.7250061035156,565.1199951171875,76.03500366210938,304.5559997558594,258.6199951171875,340.8304138183594,565.4099731445312,76.06500244140625,304.44500732421875,258.510009765625,340.70001220703125,564.75,76.0333023071289,304.54998779296875,258.5950012207031,340.82000732421875,565.0999755859375,76.04499816894531,29519,61092,15105,96500,32344
2026-08-17 13:51:00-04:00,304.3900146484375,258.510009765625,340.6499938964844,565.0499877929688,76.04499816894531,304.4800109863281,258.6098937988281,340.77899169921875,565.3690185546875,76.05500030517578,304.3500061035156,258.5,340.6300048828125,564.9713745117188,76.03250122070312,304.4750061035156,258.5249938964844,340.739990234375,565.1199951171875,76.03250122070312,23855,47267,16833,45872,13308
2026-08-17 13:52:00-04:00,304.3800048828125,258.4599914550781,340.7099914550781,565.0599975585938,76.03500366210938,304.4200134277344,258.5599060058594,340.7298889160156,565.3699951171875,76.05000305175781,304.3619079589844,258.4330139160156,340.6300048828125,564.9832763671875,76.03500366210938,304.3999938964844,258.5199890136719,340.6300048828125,565.030029296875,76.0438003540039,16773,37585,10521,15705,28934
2026-08-17 13:53:00-04:00,304.364990234375,258.4800109863281,340.6650085449219,565.1243286132812,75.98500061035156,304.3900146484375,258.5,340.7200012207031,565.1300048828125,76.04000091552734,304.29998779296875,258.42999267578125,340.6499938964844,564.7999877929688,75.9800033569336,304.3599853515625,258.4549865722656,340.6650085449219,565.02001953125,76.0374984741211,35038,37716,7367752,25079,141530
2026-08-17 13:54:00-04:00,304.3351135253906,258.4700012207031,340.6400146484375,564.85498046875,75.95500183105469,304.4100036621094,258.510009765625,340.7099914550781,565.1749877929688,75.98999786376953,304.3299865722656,258.44000244140625,340.6000061035156,564.7999877929688,75.94999694824219,304.37200927734375,258.4800109863281,340.7099914550781,565.114990234375,75.98799896240234,14199,71870,13869,51653,28126
2026-08-17 13:55:00-04:00,304.3324890136719,258.510009765625,340.5889892578125,565.2901000976562,75.94999694824219,304.3599853515625,258.510009765625,340.67498779296875,565.3179931640625,75.96499633789062,304.2799987792969,258.4700012207031,340.54998779296875,564.7550048828125,75.93000030517578,304.3399963378906,258.4700012207031,340.6700134277344,564.8800048828125,75.95999908447266,29829,62210,16344,26825,45960
2026-08-17 13:56:00-04:00,304.2300109863281,258.375,340.5,564.9199829101562,75.91500091552734,304.3299865722656,258.52520751953125,340.5950012207031,565.3499755859375,75.94999694824219,304.1510009765625,258.3599853515625,340.4599914550781,564.8900146484375,75.9000015258789,304.3299865722656,258.5,340.5950012207031,565.3004150390625,75.94999694824219,36871,72854,12987,32691,54669
2026-08-17 13:57:00-04:00,304.2900085449219,258.43499755859375,340.6199951171875,565.260009765625,75.9384994506836,304.30499267578125,258.4898986816406,340.6199951171875,565.3699951171875,75.93990325927734,304.2200012207031,258.3699951171875,340.489990234375,564.9199829101562,75.91000366210938,304.2398986816406,258.375,340.5150146484375,564.9199829101562,75.91500091552734,24380,56550,21087,22790,34854
2026-08-17 13:58:00-04:00,304.3160095214844,258.70001220703125,340.57000732421875,565.375,75.90499877929688,304.3454895019531,258.7799987792969,340.6499938964844,565.4199829101562,75.94000244140625,304.2200012207031,258.3999938964844,340.54998779296875,565.239990234375,75.87999725341797,304.2699890136719,258.4599914550781,340.6199951171875,565.2750244140625,75.93000030517578,34504,116230,20179,16058,38736
2026-08-17 13:59:00-04:00,304.30499267578125,258.80499267578125,340.3949890136719,565.6400146484375,75.88600158691406,304.3299865722656,258.82000732421875,340.57000732421875,565.6699829101562,75.90499877929688,304.2799987792969,258.6199951171875,340.3699951171875,565.280029296875,75.87999725341797,304.30999755859375,258.67999267578125,340.55999755859375,565.2999877929688,75.90499877929688,20400,76196,18593,25953,23370
2026-08-17 14:00:00-04:00,304.364990234375,258.7900085449219,340.3351135253906,565.510009765625,75.90499877929688,304.3999938964844,258.885009765625,340.4800109863281,565.9899291992188,75.9198989868164,304.28009033203125,258.70001220703125,340.32000732421875,565.510009765625,75.88500213623047,304.29998779296875,258.79998779296875,340.3999938964844,565.5324096679688,75.88500213623047,31947,50140,10057,24996,20905
2026-08-17 14:01:00-04:00,304.35009765625,258.9800109863281,340.4779968261719,565.5601196289062,75.95980072021484,304.3695983886719,258.989990234375,340.4800109863281,565.8800048828125,75.95999908447266,304.2699890136719,258.7699890136719,340.32000732421875,565.5499877929688,75.9000015258789,304.3500061035156,258.78509521484375,340.3215026855469,565.6699829101562,75.9000015258789,34289,37194,10041,22102,45754
2026-08-17 14:02:00-04:00,304.260009765625,258.8900146484375,340.5350036621094,566.1199951171875,76.00499725341797,304.3800048828125,259.0,340.57000732421875,566.213623046875,76.00879669189453,304.260009765625,258.7799987792969,340.4549865722656,565.5601196289062,75.95500183105469,304.3550109863281,258.989990234375,340.4750061035156,565.56689453125,75.95500183105469,34996,53019,22487,21378,43956
2026-08-17 14:03:00-04:00,304.114990234375,259.04998779296875,340.57000732421875,566.02001953125,75.96499633789062,304.2699890136719,259.04998779296875,340.6300048828125,566.1199951171875,76.0250015258789,304.0899963378906,258.5299987792969,340.5249938964844,565.780029296875,75.95999908447266,304.260009765625,258.8999938964844,340.57000732421875,566.0850219726562,76.00499725341797,40341,112049,13098,24007,32286
2026-08-17 14:04:00-04:00,304.0450134277344,258.95269775390625,340.54998779296875,565.6901245117188,75.95500183105469,304.1199951171875,259.0539855957031,340.6300048828125,566.02001953125,75.9749984741211,304.010009765625,258.8599853515625,340.5299987792969,565.6699829101562,75.94999694824219,304.1199951171875,259.0400085449219,340.614990234375,566.0,75.97000122070312,25517,62194,3172,28831,21252
2026-08-17 14:05:00-04:00,304.239990234375,259.1112060546875,340.69000244140625,565.8300170898438,75.98999786376953,304.2950134277344,259.1400146484375,340.7099914550781,565.8499755859375,75.98999786376953,303.9599914550781,258.54998779296875,340.5450134277344,565.6400146484375,75.94000244140625,304.04998779296875,258.92498779296875,340.5450134277344,565.75,75.94999694824219,84745,123997,10053,23141,30532
2026-08-17 14:06:00-04:00,304.3457946777344,259.31988525390625,340.7300109863281,565.9149780273438,76.01000213623047,304.3500061035156,259.3299865722656,340.8500061035156,566.1400146484375,76.01000213623047,304.17999267578125,259.1000061035156,340.67999267578125,565.72998046875,75.99019622802734,304.2200012207031,259.125,340.70989990234375,565.7999877929688,75.99980163574219,36519,87237,13696,18908,28859
2026-08-17 14:07:00-04:00,304.20001220703125,259.3999938964844,340.6000061035156,565.6900024414062,75.98829650878906,304.3399963378906,259.4200134277344,340.7799987792969,565.989990234375,76.02880096435547,304.1099853515625,259.19000244140625,340.6000061035156,565.6900024414062,75.9800033569336,304.3399963378906,259.3999938964844,340.7799987792969,565.9652099609375,76.01499938964844,51333,43440,7880,19805,34548
2026-08-17 14:08:00-04:00,304.2300109863281,259.3599853515625,340.67999267578125,566.0399780273438,76.01629638671875,304.2799987792969,259.4100036621094,340.70001220703125,566.0999145507812,76.01629638671875,304.1600036621094,259.1200866699219,340.5400085449219,565.6599731445312,75.98999786376953,304.19500732421875,259.3800048828125,340.5799865722656,565.6799926757812,75.98999786376953,16543,49577,11409,17311,14950
2026-08-17 14:09:00-04:00,304.25,259.3699951171875,340.89080810546875,565.8699951171875,76.0250015258789,304.25,259.44000244140625,340.92999267578125,566.0800170898438,76.0250015258789,304.1600036621094,259.3230895996094,340.6300048828125,565.8499755859375,76.0,304.2099914550781,259.3699951171875,340.6995849609375,566.0399780273438,76.01000213623047,19922,56023,24502,15038,36108
2026-08-17 14:10:00-04:00,304.44000244140625,259.8450012207031,341.2300109863281,566.4500122070312,76.04000091552734,304.45001220703125,259.8599853515625,341.2300109863281,566.530029296875,76.04000091552734,304.2200012207031,259.3500061035156,340.8949890136719,565.9450073242188,76.0105972290039,304.260009765625,259.3599853515625,340.8949890136719,565.9500122070312,76.0250015258789,39967,72759,26811,35234,22165
2026-08-17 14:11:00-04:00,304.43499755859375,259.8299865722656,341.2449951171875,566.2930297851562,75.98500061035156,304.44500732421875,259.8949890136719,341.29901123046875,566.4500122070312,76.04499816894531,304.3699951171875,259.7799987792969,341.18499755859375,566.0499877929688,75.98500061035156,304.44500732421875,259.8450012207031,341.239990234375,566.4500122070312,76.04499816894531,24000,48254,16922,20297,50404
2026-08-17 14:12:00-04:00,304.56500244140625,259.82501220703125,341.3800964355469,566.5800170898438,75.95999908447266,304.5799865722656,259.8800048828125,341.40899658203125,566.639404296875,75.99500274658203,304.3999938964844,259.5044860839844,341.2799987792969,566.2100219726562,75.95999908447266,304.42010498046875,259.8399963378906,341.3005065917969,566.3300170898438,75.98999786376953,42795,54315,11511,27906,31900
2026-08-17 14:13:00-04:00,304.6650085449219,259.9200134277344,341.30999755859375,566.5399780273438,75.92500305175781,304.6676940917969,259.94000244140625,341.4599914550781,566.659912109375,75.96499633789062,304.5150146484375,259.760009765625,341.2900085449219,566.469970703125,75.91500091552734,304.56500244140625,259.82501220703125,341.44989013671875,566.6099853515625,75.96499633789062,26350,59506,17946,20876,42823
2026-08-17 14:14:00-04:00,304.5899963378906,259.8800048828125,341.3299865722656,566.4149780273438,75.93000030517578,304.67999267578125,259.989990234375,341.3800048828125,566.8699951171875,75.94000244140625,304.3900146484375,259.5799865722656,341.2900085449219,566.1099853515625,75.91999816894531,304.6650085449219,259.92999267578125,341.31500244140625,566.5399780273438,75.92500305175781,61721,93769,9776,44296,49465
2026-08-17 14:15:00-04:00,304.65509033203125,259.8349914550781,341.0849914550781,566.260009765625,75.8949966430664,304.7049865722656,259.9700012207031,341.2900085449219,566.4400024414062,75.94499969482422,304.5799865722656,259.7414855957031,341.0849914550781,566.0,75.875,304.5899963378906,259.8699951171875,341.2900085449219,566.3662719726562,75.94000244140625,33379,72731,24776,36595,58998
2026-08-17 14:16:00-04:00,304.6199951171875,260.0,341.010009765625,566.3350219726562,75.875,304.6700134277344,260.0400085449219,341.1098937988281,566.3350219726562,75.90499877929688,304.55999755859375,259.7799987792969,340.9366149902344,566.1300048828125,75.85009765625,304.65509033203125,259.8500061035156,341.1000061035156,566.260009765625,75.88999938964844,34743,73044,10075,21023,39671
2026-08-17 14:17:00-04:00,304.6199951171875,260.08990478515625,341.0799865722656,566.2899780273438,75.88999938964844,304.6700134277344,260.1000061035156,341.0849914550781,566.3900146484375,75.8949966430664,304.5899963378906,259.9023132324219,340.9801025390625,566.2318115234375,75.87000274658203,304.6199951171875,260.0,341.0350036621094,566.3200073242188,75.875,30630,69883,14074,22845,300693
2026-08-17 14:18:00-04:00,304.6138000488281,260.010009765625,341.1499938964844,566.5700073242188,75.87000274658203,304.67999267578125,260.20001220703125,341.21990966796875,566.5700073242188,75.8949966430664,304.5899963378906,260.0,341.0899963378906,566.22998046875,75.86000061035156,304.6099853515625,260.0799865722656,341.0993957519531,566.3400268554688,75.88500213623047,34081,113849,14157,25721,33227
2026-08-17 14:19:00-04:00,304.69000244140625,260.1050109863281,341.2449951171875,567.1300048828125,75.83999633789062,304.7200012207031,260.2099914550781,341.2698974609375,567.2495727539062,75.86000061035156,304.6050109863281,259.9800109863281,341.05999755859375,566.4199829101562,75.83999633789062,304.6199951171875,260.010009765625,341.1300048828125,566.469970703125,75.86000061035156,28184,76859,24043,74461,24172
2026-08-17 14:20:00-04:00,304.7850036621094,259.9200134277344,341.32000732421875,567.0399780273438,75.63500213623047,304.79998779296875,260.1000061035156,341.3500061035156,567.239990234375,75.84989929199219,304.69000244140625,259.860107421875,341.239990234375,566.8964233398438,75.62999725341797,304.7099914550781,260.0950012207031,341.239990234375,567.1300048828125,75.84989929199219,29465,45155,19700,51077,154747
2026-08-17 14:21:00-04:00,304.79998779296875,259.88031005859375,341.3900146484375,567.5399780273438,75.625,304.82000732421875,260.1097106933594,341.3999938964844,567.5899047851562,75.65440368652344,304.7300109863281,259.8800048828125,341.3299865722656,567.094970703125,75.62000274658203,304.78509521484375,259.94000244140625,341.3699951171875,567.094970703125,75.625,20248,38856,8232,55881,43624
2026-08-17 14:22:00-04:00,304.8299865722656,259.9599914550781,341.4049987792969,567.739990234375,75.625,304.8900146484375,259.9800109863281,341.4299011230469,567.77001953125,75.63770294189453,304.7301025390625,259.8147888183594,341.3100891113281,567.469970703125,75.62000274658203,304.7900085449219,259.8999938964844,341.3900146484375,567.510009765625,75.62999725341797,40661,50546,8042,29675,50606
2026-08-17 14:23:00-04:00,304.75,259.92999267578125,341.3900146484375,567.2999877929688,75.6050033569336,304.8550109863281,259.9700012207031,341.44000244140625,567.8200073242188,75.62999725341797,304.7250061035156,259.8699951171875,341.3399963378906,567.2999877929688,75.58999633789062,304.8299865722656,259.8999938964844,341.44000244140625,567.7150268554688,75.625,32569,29640,12436,42059,58425
2026-08-17 14:24:00-04:00,304.92999267578125,259.8450012207031,341.4100036621094,567.35498046875,75.59639739990234,304.94000244140625,259.95001220703125,341.44000244140625,567.4400024414062,75.62979888916016,304.739990234375,259.82000732421875,341.3399963378906,567.2650146484375,75.59500122070312,304.760009765625,259.9281005859375,341.3800048828125,567.4099731445312,75.5999984741211,44372,28411,12703,19326,81247
2026-08-17 14:25:00-04:00,304.8299865722656,259.7950134277344,341.5350036621094,567.5549926757812,75.61000061035156,304.9200134277344,259.8500061035156,341.54998779296875,567.6199951171875,75.62000274658203,304.79998779296875,259.7799987792969,341.3699951171875,567.2899780273438,75.5999984741211,304.9200134277344,259.8299865722656,341.3949890136719,567.35498046875,75.6050033569336,32745,31760,27399,23622,35914
2026-08-17 14:26:00-04:00,304.7900085449219,259.6235046386719,341.45001220703125,566.7999877929688,75.60919952392578,304.8301086425781,259.79998779296875,341.54998779296875,567.6099243164062,75.61000061035156,304.7300109863281,259.5920104980469,341.4200134277344,566.7999877929688,75.58999633789062,304.8301086425781,259.79998779296875,341.51519775390625,567.5549926757812,75.5999984741211,323035,69860,19586,42864,50233
2026-08-17 14:27:00-04:00,304.69000244140625,259.5350036621094,341.4100036621094,566.625,75.61000061035156,304.79998779296875,259.6300048828125,341.4800109863281,566.8800048828125,75.61000061035156,304.60040283203125,259.50201416015625,341.3699951171875,566.3800048828125,75.58999633789062,304.79998779296875,259.625,341.4800109863281,566.760009765625,75.5999984741211,246197,71031,14464,42496,31881
2026-08-17 14:28:00-04:00,304.69000244140625,259.55999755859375,341.3500061035156,566.97998046875,75.58999633789062,304.7200012207031,259.67999267578125,341.489990234375,566.97998046875,75.62000274658203,304.6658020019531,259.5199890136719,341.32000732421875,566.625,75.58999633789062,304.67999267578125,259.5199890136719,341.4389953613281,566.625,75.6050033569336,24914,34106,12473,24320,37693
2026-08-17 14:29:00-04:00,304.7049865722656,259.6400146484375,341.32501220703125,567.1400146484375,75.61499786376953,304.71990966796875,259.6400146484375,341.3599853515625,567.239990234375,75.6500015258789,304.6650085449219,259.5,341.2200012207031,567.010009765625,75.58999633789062,304.67999267578125,259.56500244140625,341.3399963378906,567.1300048828125,75.58999633789062,19427,49564,8346,24758,59573
2026-08-17 14:30:00-04:00,304.80999755859375,259.6300048828125,341.3999938964844,567.3350219726562,75.57499694824219,304.8599853515625,259.70001220703125,341.510009765625,567.5700073242188,75.63999938964844,304.69049072265625,259.6099853515625,341.29998779296875,567.1799926757812,75.57009887695312,304.70001220703125,259.6499938964844,341.32501220703125,567.1799926757812,75.61990356445312,48442,47559,16581,20522,53675
2026-08-17 14:31:00-04:00,304.8450012207031,259.54998779296875,341.4468994140625,567.030029296875,75.55000305175781,304.94000244140625,259.6650085449219,341.5098876953125,567.3099975585938,75.58000183105469,304.7900085449219,259.5199890136719,341.3599853515625,566.9349975585938,75.54000091552734,304.7950134277344,259.6650085449219,341.3900146484375,567.3099975585938,75.57499694824219,44332,30055,21438,54458,54389
2026-08-17 14:32:00-04:00,304.80999755859375,259.6449890136719,341.4549865722656,567.2050170898438,75.58589935302734,304.8599853515625,259.69000244140625,341.5,567.4400024414062,75.5863037109375,304.7777099609375,259.5299987792969,341.3999938964844,566.9199829101562,75.54000091552734,304.8299865722656,259.54998779296875,341.4549865722656,566.9760131835938,75.54499816894531,29013,41259,14025,24645,44188
2026-08-17 14:33:00-04:00,304.760009765625,259.6401062011719,341.3500061035156,566.9149780273438,75.54499816894531,304.8299865722656,259.69000244140625,341.4649963378906,567.3098754882812,75.59500122070312,304.7099914550781,259.6300048828125,341.3500061035156,566.8499755859375,75.52999877929688,304.82501220703125,259.6449890136719,341.4549865722656,567.27001953125,75.58000183105469,34318,28806,12294,24607,56415
2026-08-17 14:34:00-04:00,304.7349853515625,259.6400146484375,341.45001220703125,566.9677734375,75.54499816894531,304.7950134277344,259.659912109375,341.45001220703125,567.02001953125,75.55599975585938,304.7149963378906,259.590087890625,341.30999755859375,566.8405151367188,75.52999877929688,304.7438049316406,259.6400146484375,341.3550109863281,566.85009765625,75.54499816894531,20843,41061,9128,19599,38286
2026-08-17 14:35:00-04:00,304.7908935546875,259.6000061035156,341.614990234375,567.0399780273438,75.54499816894531,304.8299865722656,259.6499938964844,341.6596984863281,567.27001953125,75.57499694824219,304.7099914550781,259.5950012207031,341.4400939941406,566.9349975585938,75.54000091552734,304.760009765625,259.6400146484375,341.45001220703125,566.9349975585938,75.54499816894531,21963,32548,38538,41954,48030
2026-08-17 14:36:00-04:00,304.7699890136719,259.614990234375,341.61859130859375,567.031005859375,75.55500030517578,304.80999755859375,259.70001220703125,341.662109375,567.2999877929688,75.56999969482422,304.7449951171875,259.57501220703125,341.53009033203125,567.0,75.54000091552734,304.7900085449219,259.6050109863281,341.57000732421875,567.1300048828125,75.55000305175781,16738,46881,11255,13690,35248
2026-08-17 14:37:00-04:00,304.7900085449219,259.739990234375,341.6099853515625,567.2650146484375,75.5250015258789,304.8500061035156,259.760009765625,341.6499938964844,567.280029296875,75.55999755859375,304.7200012207031,259.5899963378906,341.4800109863281,566.9000244140625,75.5,304.760009765625,259.64990234375,341.6050109863281,567.1199951171875,75.55989837646484,16073,54083,8763,12865,93862
2026-08-17 14:38:00-04:00,304.9549865722656,259.7637023925781,341.5199890136719,567.3300170898438,75.49500274658203,304.9599914550781,259.8299865722656,341.6400146484375,567.4000244140625,75.5199966430664,304.7850036621094,259.7349853515625,341.5199890136719,567.1799926757812,75.48999786376953,304.7850036621094,259.75,341.6199951171875,567.2650146484375,75.5199966430664,34166,48751,4956,20207,129118
2026-08-17 14:39:00-04:00,305.1199951171875,259.739990234375,341.5799865722656,567.3800048828125,75.51499938964844,305.1300048828125,259.7799987792969,341.6400146484375,567.4644165039062,75.5199966430664,304.94500732421875,259.6700134277344,341.510009765625,567.2803955078125,75.47000122070312,304.94500732421875,259.7650146484375,341.57989501953125,567.4000244140625,75.48999786376953,93871,593687,15812,12240,84828
2026-08-17 14:40:00-04:00,305.25,259.739990234375,341.5849914550781,567.5795288085938,75.53500366210938,305.25,259.7900085449219,341.6099853515625,567.7899780273438,75.55500030517578,305.0899963378906,259.7099914550781,341.5000915527344,567.3200073242188,75.51499938964844,305.1199951171875,259.739990234375,341.5950012207031,567.3599853515625,75.51499938964844,55295,32751,18365,28227,108969
2026-08-17 14:41:00-04:00,305.2550048828125,259.67498779296875,341.57000732421875,567.57958984375,75.51499938964844,305.2900085449219,259.739990234375,341.70001220703125,567.7081298828125,75.54499816894531,305.19000244140625,259.6300048828125,341.5685119628906,567.4299926757812,75.51499938964844,305.2449951171875,259.67498779296875,341.6000061035156,567.6099853515625,75.53500366210938,81908,42771,21915,14066,39840
2026-08-17 14:42:00-04:00,305.2250061035156,259.7300109863281,341.53070068359375,567.6400146484375,75.51499938964844,305.2900085449219,259.7699890136719,341.59588623046875,567.7100219726562,75.53500366210938,305.19000244140625,259.6148986816406,341.4700927734375,567.510009765625,75.51000213623047,305.2550048828125,259.67999267578125,341.55999755859375,567.5599975585938,75.5198974609375,55001,32431,10362,13042,50149
2026-08-17 14:43:00-04:00,305.4800109863281,259.69500732421875,341.5249938964844,567.7000122070312,75.54499816894531,305.4800109863281,259.75,341.6000061035156,567.8200073242188,75.55000305175781,305.2099914550781,259.6600036621094,341.4949951171875,567.5800170898438,75.51499938964844,305.2300109863281,259.7300109863281,341.4949951171875,567.6400146484375,75.51850128173828,59599,45794,5920,16407,39638
2026-08-17 14:44:00-04:00,305.5201110839844,259.75,341.46990966796875,567.5,75.5199966430664,305.5201110839844,259.7699890136719,341.5400085449219,567.7899780273438,75.58000183105469,305.3599853515625,259.67999267578125,341.42999267578125,567.4949951171875,75.51000213623047,305.4700012207031,259.69000244140625,341.5249938964844,567.7514038085938,75.54499816894531,84923,46121,14887,35834,57347
2026-08-17 14:45:00-04:00,305.5899963378906,259.7900085449219,341.5199890136719,567.6099853515625,75.5250015258789,305.6700134277344,259.8299865722656,341.54998779296875,567.8200073242188,75.52999877929688,305.4700012207031,259.739990234375,341.4577941894531,567.27001953125,75.51499938964844,305.5249938964844,259.760009765625,341.4700012207031,567.4349975585938,75.51499938964844,126808,37980,11703,36260,23692
2026-08-17 14:46:00-04:00,305.5950012207031,259.7149963378906,341.5398864746094,567.489990234375,75.5250015258789,305.63250732421875,259.7998962402344,341.55999755859375,567.8200073242188,75.55000305175781,305.4200134277344,259.70001220703125,341.489990234375,567.4299926757812,75.51499938964844,305.6000061035156,259.7900085449219,341.53509521484375,567.5701293945312,75.5199966430664,65359,33168,15641,36473,48297
2026-08-17 14:47:00-04:00,305.6737060546875,259.7449951171875,341.5,567.2849731445312,75.51000213623047,305.6737060546875,259.760009765625,341.5599060058594,567.6453247070312,75.53500366210938,305.54998779296875,259.6499938964844,341.45001220703125,567.1500244140625,75.51000213623047,305.6099853515625,259.7099914550781,341.5450134277344,567.4868774414062,75.5199966430664,48090,40101,12790,15893,27389
2026-08-17 14:48:00-04:00,305.62908935546875,259.864990234375,341.4949951171875,567.2349853515625,75.5198974609375,305.69000244140625,259.864990234375,341.510009765625,567.4099731445312,75.54000091552734,305.5799865722656,259.75,341.4320068359375,567.0,75.50370025634766,305.6600036621094,259.75,341.5,567.2849731445312,75.5198974609375,80752,32672,16566,30488,41018
2026-08-17 14:49:00-04:00,305.7449951171875,259.8900146484375,341.4700012207031,567.25,75.5250015258789,305.75,259.8999938964844,341.4949951171875,567.3099975585938,75.52999877929688,305.54998779296875,259.7900085449219,341.4100036621094,566.9600219726562,75.4800033569336,305.7449951171875,259.864990234375,341.4949951171875,567.1799926757812,75.51499938964844,52584,60055,11049,15684,69953
2026-08-17 14:50:00-04:00,305.69500732421875,259.8550109863281,341.4599914550781,567.0999755859375,75.53500366210938,305.80999755859375,259.9100036621094,341.5,567.4699096679688,75.53500366210938,305.5122985839844,259.79998779296875,341.44000244140625,567.0100708007812,75.51000213623047,305.760009765625,259.8949890136719,341.4800109863281,567.2550048828125,75.5250015258789,63848,41508,4289,15448,41593
2026-08-17 14:51:00-04:00,305.94000244140625,259.875,341.5400085449219,567.2650146484375,75.57499694824219,305.989990234375,259.8999938964844,341.57000732421875,567.498779296875,75.58000183105469,305.6650085449219,259.8299865722656,341.44000244140625,567.0800170898438,75.53500366210938,305.70001220703125,259.8550109863281,341.4419860839844,567.0955200195312,75.53510284423828,81703,39839,18299,15244,57067
2026-08-17 14:52:00-04:00,305.6650085449219,259.7200012207031,341.5199890136719,567.22998046875,75.57499694824219,305.989013671875,259.95001220703125,341.55999755859375,567.39990234375,75.58999633789062,305.62939453125,259.7200012207031,341.510009765625,567.1099853515625,75.56500244140625,305.9700012207031,259.8699951171875,341.5400085449219,567.2650146484375,75.57499694824219,76144,98946,14790,11156,35164
2026-08-17 14:53:00-04:00,305.63238525390625,259.67999267578125,341.659912109375,567.39501953125,75.58000183105469,305.6799011230469,259.7499084472656,341.70001220703125,567.39501953125,75.58999633789062,305.4700927734375,259.6499938964844,341.4700012207031,567.1799926757812,75.56999969482422,305.6799011230469,259.7200012207031,341.51190185546875,567.27001953125,75.58000183105469,47146,36329,24807,12636,34023
2026-08-17 14:54:00-04:00,305.5315856933594,259.7749938964844,341.57501220703125,567.405029296875,75.61499786376953,305.69000244140625,259.8800048828125,341.6899108886719,567.5,75.63990020751953,305.5299987792969,259.57598876953125,341.57501220703125,567.3499755859375,75.58000183105469,305.6400146484375,259.6700134277344,341.625,567.4199829101562,75.58499908447266,35403,51905,11759,18147,102352
2026-08-17 14:55:00-04:00,305.5799865722656,259.625,341.44000244140625,567.0999755859375,75.56500244140625,305.5994873046875,259.8374938964844,341.57501220703125,567.4600219726562,75.62000274658203,305.4599914550781,259.54998779296875,341.3599853515625,567.0,75.5199966430664,305.5400085449219,259.625,341.57501220703125,567.4600219726562,75.62000274658203,75932,38073,22596,25833,85878
2026-08-17 14:56:00-04:00,305.5199890136719,259.5899963378906,341.4704895019531,567.2100219726562,75.543701171875,305.6000061035156,259.6650085449219,341.489990234375,567.3099975585938,75.56999969482422,305.489990234375,259.45001220703125,341.4100036621094,567.0399780273438,75.54000091552734,305.5799865722656,259.6000061035156,341.4200134277344,567.10498046875,75.55999755859375,30413,74754,12546,19588,60987
2026-08-17 14:57:00-04:00,305.5,259.7900085449219,341.2900085449219,567.2100219726562,75.54499816894531,305.6000061035156,259.81500244140625,341.4599914550781,567.4871215820312,75.55000305175781,305.4601135253906,259.55999755859375,341.2900085449219,567.1300048828125,75.52999877929688,305.5299987792969,259.55999755859375,341.4599914550781,567.2100219726562,75.54499816894531,48426,39161,21772,29115,45419
2026-08-17 14:58:00-04:00,305.5799865722656,259.85479736328125,341.2300109863281,567.2750244140625,75.54499816894531,305.6000061035156,259.9100036621094,341.30999755859375,567.3200073242188,75.56500244140625,305.4700012207031,259.75,341.2200012207031,567.1199951171875,75.52999877929688,305.5,259.760009765625,341.2699890136719,567.2050170898438,75.54499816894531,44214,66943,15404,19956,75653
2026-08-17 14:59:00-04:00,305.67999267578125,259.9100036621094,341.135009765625,567.2650146484375,75.5250015258789,305.67999267578125,259.9599914550781,341.2698974609375,567.489990234375,75.54499816894531,305.5150146484375,259.8599853515625,341.1099853515625,567.1900024414062,75.4800033569336,305.5899963378906,259.864990234375,341.25,567.280029296875,75.54499816894531,47070,95882,13979,16369,64225
2026-08-17 15:00:00-04:00,305.8699951171875,259.7850036621094,341.1199951171875,566.969970703125,75.46499633789062,305.95001220703125,259.9100036621094,341.17999267578125,567.2199096679688,75.5250015258789,305.68499755859375,259.7099914550781,341.05999755859375,566.8900146484375,75.46499633789062,305.68499755859375,259.9100036621094,341.1099853515625,567.2000122070312,75.5199966430664,66334,33723,17010,20823,52541
2026-08-17 15:01:00-04:00,305.8500061035156,259.8550109863281,341.1499938964844,567.2999877929688,75.49500274658203,305.9700012207031,259.8699951171875,341.19989013671875,567.2999877929688,75.51000213623047,305.8389892578125,259.7300109863281,341.1000061035156,566.8101196289062,75.46499633789062,305.875,259.7850036621094,341.135009765625,566.969970703125,75.46499633789062,43518,36775,10002,27875,53159
2026-08-17 15:02:00-04:00,305.7235107421875,259.95001220703125,341.17999267578125,567.6849975585938,75.51499938964844,305.8900146484375,259.9700012207031,341.17999267578125,567.75,75.5199966430664,305.7099914550781,259.8450012207031,341.1300048828125,567.1749877929688,75.49120330810547,305.8699951171875,259.8705139160156,341.1499938964844,567.1749877929688,75.5,36145,30694,8014,17361,50864
2026-08-17 15:03:00-04:00,305.70001220703125,259.8599853515625,341.17999267578125,567.6699829101562,75.51000213623047,305.7799987792969,260.010009765625,341.2298889160156,567.8099975585938,75.55999755859375,305.6600036621094,259.8500061035156,341.1600036621094,567.572021484375,75.51000213623047,305.739990234375,259.95001220703125,341.1650085449219,567.6099853515625,75.51499938964844,25735,26731,16472,14130,43967
2026-08-17 15:04:00-04:00,305.69000244140625,259.8599853515625,341.22930908203125,568.0800170898438,75.54000091552734,305.7998962402344,259.8800048828125,341.2590026855469,568.27001953125,75.54499816894531,305.67999267578125,259.8399963378906,341.1199951171875,567.614990234375,75.50499725341797,305.69500732421875,259.8599853515625,341.20001220703125,567.614990234375,75.51000213623047,26875,20982,18395,24203,55197
2026-08-17 15:05:00-04:00,305.6700134277344,260.1000061035156,341.2749938964844,568.22998046875,75.51499938964844,305.7099914550781,260.1000061035156,341.30999755859375,568.3099975585938,75.55999755859375,305.5899963378906,259.8599853515625,341.2200012207031,568.0999755859375,75.51499938964844,305.67999267578125,259.8599853515625,341.2349853515625,568.0999755859375,75.53500366210938,54878,54315,20001,28450,49426
2026-08-17 15:06:00-04:00,305.7051086425781,260.30999755859375,341.32000732421875,568.3883056640625,75.55000305175781,305.72760009765625,260.32000732421875,341.3399963378906,568.4299926757812,75.55000305175781,305.6499938964844,260.07501220703125,341.260009765625,568.1994018554688,75.51000213623047,305.6700134277344,260.07501220703125,341.2799987792969,568.2852783203125,75.51499938964844,29099,82009,12571,15365,56885
2026-08-17 15:07:00-04:00,305.7200927734375,260.32000732421875,341.239990234375,568.489990234375,75.54499816894531,305.79998779296875,260.4100036621094,341.3399963378906,568.6500244140625,75.58499908447266,305.7099914550781,260.2799987792969,341.2099914550781,568.260009765625,75.54000091552734,305.7200012207031,260.3127136230469,341.32000732421875,568.375,75.55509948730469,21895569,53224,15712,24484,56041
2026-08-17 15:08:00-04:00,305.7900085449219,260.32000732421875,341.2044982910156,568.6900024414062,75.56999969482422,305.80999755859375,260.3900146484375,341.25,568.8098754882812,75.56999969482422,305.69000244140625,260.1199951171875,341.1700134277344,568.4400024414062,75.5250015258789,305.7300109863281,260.30999755859375,341.25,568.489990234375,75.55000305175781,32391,58614,9333,25589,57762
2026-08-17 15:09:00-04:00,305.7300109863281,260.3699951171875,341.19000244140625,568.6694946289062,75.58499908447266,305.79998779296875,260.42999267578125,341.2099914550781,568.8499755859375,75.61000061035156,305.7200927734375,260.2900085449219,341.1499938964844,568.5700073242188,75.58000183105469,305.79998779296875,260.3349914550781,341.17999267578125,568.6749877929688,75.58499908447266,24928,71140,5053,23011,42524
2026-08-17 15:10:00-04:00,305.8100891113281,260.375,341.25,568.7000732421875,75.58499908447266,305.82501220703125,260.42999267578125,341.3999938964844,568.8400268554688,75.62999725341797,305.67999267578125,260.3399963378906,341.17999267578125,568.5841064453125,75.56999969482422,305.7200012207031,260.364990234375,341.17999267578125,568.6599731445312,75.58499908447266,39683,63520,48216,28688,58335
2026-08-17 15:11:00-04:00,305.8066101074219,260.4800109863281,341.29998779296875,569.0750122070312,75.59500122070312,305.8550109863281,260.489990234375,341.3277893066406,569.1199951171875,75.5999984741211,305.7601013183594,260.3599853515625,341.2200012207031,568.6400146484375,75.57499694824219,305.82000732421875,260.375,341.25,568.7000122070312,75.58000183105469,30100,68030,12206,27777,31435
2026-08-17 15:12:00-04:00,305.75738525390625,260.5299987792969,341.32000732421875,569.080078125,75.62000274658203,305.8299865722656,260.6199951171875,341.3800048828125,569.1500244140625,75.63999938964844,305.7300109863281,260.489990234375,341.2749938964844,568.97998046875,75.59500122070312,305.8091125488281,260.489990234375,341.30999755859375,569.0999755859375,75.59629821777344,26120,53276,12954,33497,57217
2026-08-17 15:13:00-04:00,305.7699890136719,260.5350036621094,341.4150085449219,569.239990234375,75.68499755859375,305.7799987792969,260.57000732421875,341.44000244140625,569.4099731445312,75.69000244140625,305.7099914550781,260.4700927734375,341.29998779296875,568.969970703125,75.62000274658203,305.760009765625,260.5199890136719,341.29998779296875,569.0499877929688,75.62940216064453,37386,63370,17115,23902,48192
2026-08-17 15:14:00-04:00,305.81500244140625,260.4700012207031,341.3500061035156,569.1300048828125,75.743896484375,305.8349914550781,260.56988525390625,341.4800109863281,569.3699951171875,75.75499725341797,305.7650146484375,260.44000244140625,341.3500061035156,569.0599975585938,75.68000030517578,305.7650146484375,260.4700012207031,341.44000244140625,569.2501220703125,75.68900299072266,32411,37616,12913,26290,66420
2026-08-17 15:15:00-04:00,305.760009765625,260.5450134277344,341.3500061035156,569.3250122070312,75.7750015258789,305.8900146484375,260.55999755859375,341.45001220703125,569.4600219726562,75.79000091552734,305.74029541015625,260.45001220703125,341.3399963378906,569.0900268554688,75.74500274658203,305.80999755859375,260.4700012207031,341.3800048828125,569.0900268554688,75.74500274658203,56935,60788,8949,34009,61174
2026-08-17 15:16:00-04:00,305.67999267578125,260.6099853515625,341.4767150878906,569.5499877929688,75.79499816894531,305.79998779296875,260.6400146484375,341.4800109863281,569.6699829101562,75.81500244140625,305.6600036621094,260.5450134277344,341.25,569.25,75.7699966430664,305.7699890136719,260.54998779296875,341.3699951171875,569.3250122070312,75.7699966430664,46553,64917,23118,28612,82178
2026-08-17 15:17:00-04:00,305.70001220703125,260.5400085449219,341.385009765625,569.6699829101562,75.83000183105469,305.7049865722656,260.614990234375,341.42999267578125,569.77001953125,75.83000183105469,305.62579345703125,260.4800109863281,341.29998779296875,569.4000244140625,75.77999877929688,305.6700134277344,260.614990234375,341.42999267578125,569.5250244140625,75.79989624023438,32103,41485,12451,42422,76878
2026-08-17 15:18:00-04:00,305.7200012207031,260.4800109863281,341.4200134277344,569.739990234375,75.76000213623047,305.7690124511719,260.6199951171875,341.4549865722656,569.97998046875,75.83999633789062,305.67999267578125,260.4400939941406,341.3299865722656,569.6199951171875,75.74500274658203,305.70001220703125,260.5299987792969,341.3599853515625,569.6900024414062,75.82499694824219,40759,52150,10140,31317,66741
2026-08-17 15:19:00-04:00,305.82000732421875,260.5199890136719,341.54998779296875,569.7949829101562,75.75499725341797,305.8399963378906,260.5400085449219,341.57000732421875,569.8099975585938,75.7698974609375,305.67999267578125,260.4205017089844,341.3705139160156,569.5800170898438,75.70999908447266,305.7200012207031,260.45001220703125,341.4224853515625,569.7050170898438,75.75499725341797,51625,28630,22970,34603,72244
2026-08-17 15:20:00-04:00,305.8399963378906,260.54998779296875,341.489990234375,569.8900146484375,75.7750015258789,305.8500061035156,260.6260070800781,341.5920104980469,569.97998046875,75.80000305175781,305.7799987792969,260.5116882324219,341.4800109863281,569.6799926757812,75.74420166015625,305.82000732421875,260.5199890136719,341.57501220703125,569.7999877929688,75.75499725341797,29810,56373,14277,22561,121704
2026-08-17 15:21:00-04:00,306.1099853515625,260.635009765625,341.510009765625,569.6199951171875,75.76010131835938,306.1199951171875,260.6600036621094,341.510009765625,569.9500122070312,75.78810119628906,305.82000732421875,260.54998779296875,341.3900146484375,569.510009765625,75.75,305.8399963378906,260.55999755859375,341.4999084472656,569.8900146484375,75.7699966430664,114359,94520,29151,47465,65814
2026-08-17 15:22:00-04:00,305.9599914550781,260.4849853515625,341.5950012207031,569.6400146484375,75.75,306.1600036621094,260.6700134277344,341.6099853515625,569.669921875,75.78500366210938,305.95001220703125,260.4800109863281,341.4700012207031,569.401611328125,75.73999786376953,306.1000061035156,260.6300048828125,341.5150146484375,569.60498046875,75.76000213623047,68637,45643,24663,25495,56155
2026-08-17 15:23:00-04:00,305.9700012207031,260.4501037597656,341.55999755859375,569.6799926757812,75.73500061035156,305.99920654296875,260.4849853515625,341.60699462890625,569.75,75.76000213623047,305.92999267578125,260.4100036621094,341.5400085449219,569.510009765625,75.7249984741211,305.9800109863281,260.4700012207031,341.60699462890625,569.6099853515625,75.75,32685,38159,8650,16822,93155
2026-08-17 15:24:00-04:00,305.864990234375,260.32000732421875,341.5400085449219,569.6641235351562,75.76499938964844,305.9599914550781,260.45001220703125,341.6000061035156,569.7100219726562,75.76499938964844,305.8599853515625,260.25,341.5199890136719,569.5,75.70999908447266,305.9599914550781,260.45001220703125,341.56048583984375,569.6500244140625,75.73500061035156,40047,117592,13233,13568,44942
2026-08-17 15:25:00-04:00,305.8999938964844,260.3100891113281,341.55999755859375,569.6751098632812,75.73999786376953,305.9800109863281,260.3739929199219,341.6000061035156,569.7999267578125,75.79000091552734,305.8550109863281,260.2699890136719,341.510009765625,569.5499877929688,75.73999786376953,305.864990234375,260.32000732421875,341.6000061035156,569.6500244140625,75.76499938964844,37039,64939,10654,33835,86683
2026-08-17 15:26:00-04:00,306.0150146484375,260.1499938964844,341.4800109863281,569.47998046875,75.73999786376953,306.0400085449219,260.3550109863281,341.5799865722656,569.739990234375,75.76499938964844,305.8900146484375,260.1499938964844,341.4599914550781,569.3579711914062,75.71499633789062,305.904296875,260.30499267578125,341.55999755859375,569.6749877929688,75.74500274658203,42124,68282,19774,22691,64169
2026-08-17 15:27:00-04:00,306.07000732421875,260.32000732421875,341.5350036621094,569.2000122070312,75.72370147705078,306.1000061035156,260.3599853515625,341.5400085449219,569.489990234375,75.75980377197266,306.0050048828125,260.090087890625,341.44000244140625,569.0900268554688,75.71990203857422,306.0150146484375,260.1400146484375,341.489990234375,569.489990234375,75.74800109863281,68057,51773,20005,29565,44291
2026-08-17 15:28:00-04:00,306.0299987792969,260.2699890136719,341.44000244140625,569.2000122070312,75.7249984741211,306.114990234375,260.4100036621094,341.5899963378906,569.3895263671875,75.73999786376953,306.0,260.22100830078125,341.42999267578125,569.1199951171875,75.71399688720703,306.0299987792969,260.31500244140625,341.5350036621094,569.2000122070312,75.7249984741211,37573,115195,22740,20188,49505
2026-08-17 15:29:00-04:00,306.1449890136719,260.510009765625,341.43499755859375,569.3150024414062,75.7750015258789,306.1499938964844,260.5198974609375,341.5,569.3796997070312,75.7750015258789,306.03009033203125,260.2651062011719,341.3900146484375,569.0599975585938,75.71499633789062,306.04998779296875,260.2651062011719,341.4299011230469,569.2100219726562,75.72000122070312,69766,50385,24516,24444,59083
2026-08-17 15:30:00-04:00,306.2200012207031,260.5299987792969,341.25,569.5599975585938,75.74500274658203,306.32000732421875,260.5671081542969,341.4399108886719,569.593994140625,75.78500366210938,306.1300048828125,260.4100036621094,341.25,569.155029296875,75.71499633789062,306.1499938964844,260.5199890136719,341.3999938964844,569.280029296875,75.7750015258789,107282,56405,23574,40639,75569
2026-08-17 15:31:00-04:00,306.1700134277344,260.5299987792969,341.1260070800781,569.3201293945312,75.76499938964844,306.2699890136719,260.6400146484375,341.260009765625,569.5499877929688,75.76799774169922,306.1499938964844,260.5101013183594,341.110107421875,569.2650146484375,75.7301025390625,306.2200012207031,260.5400085449219,341.25,569.530029296875,75.74500274658203,48725,63065,16032,25582,60155
2026-08-17 15:32:00-04:00,306.07501220703125,260.3500061035156,340.92999267578125,569.0499877929688,75.7750015258789,306.1700134277344,260.5299987792969,341.1600036621094,569.4000244140625,75.77999877929688,305.95001220703125,260.29998779296875,340.8500061035156,568.830078125,75.73500061035156,306.1700134277344,260.5299987792969,341.11151123046875,569.3599853515625,75.76000213623047,55143,65443,105020,51861,68624
2026-08-17 15:33:00-04:00,306.1600036621094,260.25,340.9599914550781,568.6599731445312,75.79499816894531,306.2200012207031,260.3599853515625,341.0799865722656,569.0599975585938,75.80999755859375,306.05999755859375,260.2149963378906,340.9100036621094,568.6300048828125,75.76000213623047,306.0799865722656,260.25,340.93499755859375,569.0599975585938,75.7699966430664,52288,61089,20558,34820,66336
2026-08-17 15:34:00-04:00,306.07000732421875,260.20001220703125,340.95001220703125,568.5499877929688,75.77999877929688,306.17999267578125,260.2598876953125,341.04998779296875,568.8400268554688,75.7959976196289,306.0400085449219,260.1499938964844,340.8699951171875,568.510009765625,75.76499938964844,306.1600036621094,260.25,340.95001220703125,568.5701293945312,75.79499816894531,54792,61945,19990,30084,61729
2026-08-17 15:35:00-04:00,305.8900146484375,260.19500732421875,340.9798889160156,568.6900024414062,75.74500274658203,306.0849914550781,260.3500061035156,341.0299072265625,568.7999877929688,75.80000305175781,305.877685546875,260.1499938964844,340.8999938964844,568.5499877929688,75.74500274658203,306.07000732421875,260.2200012207031,340.95001220703125,568.5499877929688,75.7750015258789,55712,51714,19043,27564,55902
2026-08-17 15:36:00-04:00,305.8599853515625,260.1099853515625,340.9100036621094,568.2449951171875,75.71399688720703,305.9150085449219,260.1650085449219,340.95001220703125,568.77001953125,75.76000213623047,305.8100891113281,260.0101013183594,340.8500061035156,568.1900024414062,75.71399688720703,305.8900146484375,260.1099853515625,340.95001220703125,568.6900024414062,75.74500274658203,39764,55767,14061,30113,45516
2026-08-17 15:37:00-04:00,305.8900146484375,260.05999755859375,340.9700012207031,568.3150024414062,75.7249984741211,305.9599914550781,260.17999267578125,340.9800109863281,568.4000244140625,75.75,305.8450012207031,260.0299987792969,340.8599853515625,568.1500244140625,75.71399688720703,305.8599853515625,260.0899963378906,340.8900146484375,568.2449951171875,75.72769927978516,52702,61114,24271,35006,57779
2026-08-17 15:38:00-04:00,305.79998779296875,260.0,341.1000061035156,568.030029296875,75.7300033569336,305.9200134277344,260.07000732421875,341.1099853515625,568.3150024414062,75.7300033569336,305.760009765625,259.9700012207031,340.94000244140625,567.860107421875,75.70999908447266,305.8999938964844,260.0400085449219,340.94000244140625,568.2899780273438,75.7249984741211,53038,65121,31947,51320,61079
2026-08-17 15:39:00-04:00,305.760009765625,259.860107421875,340.9800109863281,567.905029296875,75.71499633789062,305.8299865722656,260.0400085449219,341.1300048828125,568.10498046875,75.7300033569336,305.7200012207031,259.8280029296875,340.9599914550781,567.8099975585938,75.69999694824219,305.79010009765625,259.860107421875,341.1099853515625,568.0,75.7249984741211,37338,46211,16312,23031,129044
2026-08-17 15:40:00-04:00,305.6000061035156,259.80999755859375,341.1449890136719,567.9600219726562,75.7300033569336,305.75,259.8699951171875,341.2598876953125,568.0,75.74500274658203,305.5299987792969,259.7699890136719,340.9599914550781,567.7235107421875,75.69999694824219,305.75,259.80999755859375,340.9599914550781,567.8400268554688,75.71499633789062,54096,33988791,36233,47599,67286
2026-08-17 15:41:00-04:00,305.6099853515625,259.9200134277344,341.0899963378906,568.1500244140625,75.77999877929688,305.67999267578125,259.9200134277344,341.20001220703125,568.2999877929688,75.78880310058594,305.54998779296875,259.7799987792969,341.0899963378906,567.7849731445312,75.7300033569336,305.5899963378906,259.79998779296875,341.1300048828125,567.8800048828125,75.73500061035156,59827,75100,20729,50575,60830
2026-08-17 15:42:00-04:00,305.6300048828125,259.989990234375,341.05999755859375,568.2951049804688,75.7750015258789,305.6600036621094,260.010009765625,341.1098937988281,568.4299926757812,75.79000091552734,305.54998779296875,259.9114990234375,341.0199890136719,568.0599975585938,75.75499725341797,305.6000061035156,259.9114990234375,341.07000732421875,568.1799926757812,75.78510284423828,49602,34138875,15078,36736,67669
2026-08-17 15:43:00-04:00,305.70001220703125,260.1600036621094,341.2799987792969,568.22998046875,75.86969757080078,305.7099914550781,260.1600036621094,341.2799987792969,568.2949829101562,75.86969757080078,305.54998779296875,259.9750061035156,341.0299987792969,568.0,75.75499725341797,305.6199951171875,259.9800109863281,341.05999755859375,568.2899780273438,75.7750015258789,68264,577162,26793,32246,92238
2026-08-17 15:44:00-04:00,305.6199951171875,260.3699951171875,341.239990234375,568.094970703125,75.83509826660156,305.7716979980469,260.3800048828125,341.3500061035156,568.2498779296875,75.88909912109375,305.5899963378906,260.1400146484375,341.2300109863281,568.0800170898438,75.82499694824219,305.69000244140625,260.1600036621094,341.2900085449219,568.22998046875,75.86609649658203,48683,77813,30504,29985,89131
2026-08-17 15:45:00-04:00,305.7099914550781,260.2250061035156,341.1827087402344,567.989990234375,75.83509826660156,305.7499084472656,260.4200134277344,341.32000732421875,568.2000122070312,75.85990142822266,305.57000732421875,260.2018127441406,341.1199951171875,567.8499755859375,75.81999969482422,305.6400146484375,260.375,341.2699890136719,567.989990234375,75.83499908447266,63974,81095,36989,48381,89555
2026-08-17 15:46:00-04:00,305.67999267578125,260.1700134277344,341.20001220703125,568.3250122070312,75.86199951171875,305.7557067871094,260.2200012207031,341.25,568.3599853515625,75.86499786376953,305.6058044433594,260.07000732421875,341.07000732421875,567.8499755859375,75.80999755859375,305.70001220703125,260.2200012207031,341.17999267578125,567.989990234375,75.83000183105469,50201,95457,19589,38977,123966
2026-08-17 15:47:00-04:00,305.625,260.2799987792969,341.44000244140625,568.5701293945312,75.90499877929688,305.70001220703125,260.29998779296875,341.44000244140625,568.6300048828125,75.90499877929688,305.6199951171875,260.1650085449219,341.1700134277344,568.260009765625,75.8550033569336,305.625,260.1676940917969,341.2051086425781,568.2800903320312,75.86229705810547,52460,55345,15258,27153,113622
2026-08-17 15:48:00-04:00,305.6300048828125,260.3699951171875,341.3500061035156,568.655029296875,75.87000274658203,305.6650085449219,260.3699951171875,341.5,568.9650268554688,75.91000366210938,305.55999755859375,260.2200927734375,341.29998779296875,568.4949951171875,75.86000061035156,305.6099853515625,260.3699951171875,341.42999267578125,568.6300048828125,75.90499877929688,50015,79170,17895,35900,84412
2026-08-17 15:49:00-04:00,305.739990234375,260.5299987792969,341.4200134277344,568.6799926757812,75.90499877929688,305.739990234375,260.5299987792969,341.4200134277344,568.7999877929688,75.91500091552734,305.60009765625,260.3500061035156,341.2900085449219,568.5,75.87000274658203,305.6199951171875,260.3599853515625,341.3399963378906,568.6799926757812,75.87000274658203,67834,84015,18143,31976,76151
2026-08-17 15:50:00-04:00,305.4049987792969,260.4599914550781,341.29998779296875,568.3699951171875,75.93499755859375,305.4049987792969,260.67999267578125,341.5,569.0,75.97000122070312,305.4049987792969,260.4200134277344,341.2699890136719,568.3099975585938,75.90499877929688,305.4049987792969,260.5299987792969,341.42999267578125,568.8699951171875,75.91500091552734,123871,125670,45508,54001,197197
2026-08-17 15:51:00-04:00,305.6400146484375,260.3299865722656,341.3299865722656,568.375,75.93499755859375,305.6600036621094,260.5299987792969,341.3500061035156,568.52001953125,75.94000244140625,305.3599853515625,260.2900085449219,341.18499755859375,568.1400146484375,75.9000015258789,305.4049987792969,260.4700012207031,341.2900085449219,568.3699951171875,75.93000030517578,76128,157036,43346,60002,128188
2026-08-17 15:52:00-04:00,305.56988525390625,260.30999755859375,341.3599853515625,567.9600219726562,75.91999816894531,305.6400146484375,260.44000244140625,341.4200134277344,568.4550170898438,75.94999694824219,305.510009765625,260.2300109863281,341.30999755859375,567.9000244140625,75.9000015258789,305.6300048828125,260.30999755859375,341.32000732421875,568.375,75.93499755859375,63958,116785,32456,65792,105304
2026-08-17 15:53:00-04:00,305.3999938964844,260.385009765625,341.25,567.8925170898438,75.95999908447266,305.54998779296875,260.3999938964844,341.3299865722656,568.0800170898438,75.98999786376953,305.29998779296875,260.2099914550781,341.1099853515625,567.780029296875,75.92500305175781,305.54998779296875,260.385009765625,341.3299865722656,567.8925170898438,75.93000030517578,158993,147622,51352,60647,163916
2026-08-17 15:54:00-04:00,305.510009765625,260.5400085449219,341.44000244140625,568.5,75.97000122070312,305.739990234375,260.5400085449219,341.44000244140625,568.5,76.05000305175781,305.3599853515625,260.3299865722656,341.05999755859375,567.8099975585938,75.93499755859375,305.510009765625,260.3999938964844,341.25,567.9249877929688,75.96009826660156,173652,147771,60306,67233,195326
2026-08-17 15:55:00-04:00,305.489990234375,260.6449890136719,341.3699951171875,569.2000122070312,76.0250015258789,305.75,260.8900146484375,341.6000061035156,569.5800170898438,76.05999755859375,305.42999267578125,260.5400085449219,341.30999755859375,568.5,75.9800033569336,305.5199890136719,260.54998779296875,341.4200134277344,568.5,76.0,271568,226182,117537,85154,267855
2026-08-17 15:56:00-04:00,305.3699951171875,260.9299011230469,341.489990234375,569.1199951171875,76.0250015258789,305.489990234375,260.9599914550781,341.489990234375,569.285400390625,76.05500030517578,305.239990234375,260.57000732421875,341.3399963378906,568.8499755859375,75.98999786376953,305.4801940917969,260.6499938964844,341.375,569.1300048828125,76.0250015258789,209675,213651,85279,93420,225901
2026-08-17 15:57:00-04:00,305.0799865722656,261.05999755859375,341.29998779296875,568.780029296875,75.99500274658203,305.4100036621094,261.1199951171875,341.5400085449219,569.3400268554688,76.03970336914062,305.0299987792969,260.9100036621094,341.260009765625,568.719970703125,75.94000244140625,305.3800048828125,260.93499755859375,341.489990234375,569.1400146484375,76.0250015258789,290964,257472,113273,107887,300466
2026-08-17 15:58:00-04:00,305.3999938964844,261.20001220703125,341.54998779296875,568.780029296875,75.98500061035156,305.4200134277344,261.20001220703125,341.54998779296875,568.8300170898438,75.99980163574219,305.07000732421875,260.9100036621094,341.20001220703125,568.5700073242188,75.95999908447266,305.0799865722656,261.05999755859375,341.29998779296875,568.77001953125,75.99500274658203,490232,389619,257110,154527,367335
2026-08-17 15:59:00-04:00,305.69000244140625,261.3349914550781,341.4599914550781,569.010009765625,76.02999877929688,305.7900085449219,261.3999938964844,341.57000732421875,569.0700073242188,76.06999969482422,305.260009765625,261.1099853515625,341.3299865722656,568.75,75.98500061035156,305.3900146484375,261.20001220703125,341.54998779296875,568.760009765625,75.98500061035156,999290,815183,398157,331385,718998
2026-08-18 09:30:00-04:00,307.44000244140625,260.45001220703125,338.6499938964844,558.3585815429688,77.13999938964844,307.8999938964844,261.17999267578125,340.0,560.6300048828125,77.51000213623047,306.4200134277344,259.8500061035156,337.5199890136719,556.719970703125,76.94000244140625,307.5299987792969,260.6300048828125,339.8046875,557.3099975585938,77.35189819335938,3062786,1451972,654834,1781158,1466135
2026-08-18 09:31:00-04:00,307.7550048828125,258.82501220703125,338.5,551.719970703125,76.63990020751953,307.810302734375,260.6065979003906,339.1549987792969,558.9600219726562,77.13500213623047,306.94500732421875,258.77099609375,338.4200134277344,551.5700073242188,76.38999938964844,307.489990234375,260.4649963378906,338.5,558.1697998046875,77.13500213623047,236418,200398,52648,277765,183375
2026-08-18 09:32:00-04:00,306.6499938964844,258.0132141113281,339.3500061035156,554.0,76.44499969482422,307.79998779296875,258.8699951171875,339.42999267578125,554.1535034179688,76.61000061035156,306.4599914550781,257.7699890136719,338.42498779296875,551.719970703125,76.33999633789062,307.7149963378906,258.84600830078125,338.5799865722656,551.719970703125,76.55999755859375,136365,276439,39494,156334,101739
2026-08-18 09:33:00-04:00,306.57000732421875,258.5,339.0299987792969,552.4697265625,76.5,306.8900146484375,258.9150085449219,339.5199890136719,554.6300048828125,76.58000183105469,306.1199951171875,257.9209899902344,338.9100036621094,552.0,76.43499755859375,306.6600036621094,258.0299987792969,339.42999267578125,553.719970703125,76.45999908447266,114818,146697,59855,143796,130226
2026-08-18 09:34:00-04:00,306.20001220703125,258.8500061035156,339.1400146484375,550.469970703125,76.7300033569336,306.75,259.0799865722656,339.80999755859375,552.4600219726562,76.7300033569336,305.989990234375,258.2099914550781,338.9100036621094,549.739990234375,76.48999786376953,306.5899963378906,258.4800109863281,339.010009765625,552.030029296875,76.5,151201,195634,49333,334817,137468
2026-08-18 09:35:00-04:00,306.3489990234375,259.19000244140625,339.30999755859375,553.4432983398438,76.83000183105469,306.6593933105469,259.30999755859375,339.31890869140625,553.665771484375,76.91500091552734,306.0899963378906,258.7699890136719,338.875,550.469970703125,76.73380279541016,306.2099914550781,258.79998779296875,339.25,550.469970703125,76.75,107889,201843,47827,148901,86596
2026-08-18 09:36:00-04:00,306.6300048828125,259.1600036621094,339.57000732421875,552.469970703125,76.93499755859375,306.75,259.29998779296875,339.639892578125,553.6406860351562,76.981201171875,306.30999755859375,258.79998779296875,339.05999755859375,552.0,76.68000030517578,306.31500244140625,259.18499755859375,339.3399963378906,553.4500122070312,76.83999633789062,122098,86270,43024,109645,90135
2026-08-18 09:37:00-04:00,306.71270751953125,259.20001220703125,339.55499267578125,551.760009765625,76.94000244140625,306.7699890136719,259.25,339.79998779296875,552.6500244140625,76.97000122070312,306.4100036621094,258.8349914550781,339.430908203125,551.1649780273438,76.8499984741211,306.71270751953125,259.1600036621094,339.6700134277344,552.469970703125,76.91999816894531,100659,86491,42811,107527,81671
2026-08-18 09:38:00-04:00,306.7850036621094,259.2200012207031,339.7850036621094,549.5,76.88899993896484,307.0473937988281,259.3599853515625,339.7850036621094,551.7000122070312,76.94000244140625,306.6300048828125,258.9700012207031,339.3599853515625,549.1599731445312,76.87000274658203,306.7049865722656,259.19000244140625,339.619384765625,551.7000122070312,76.93000030517578,113611,78123,30632,201180,54463
2026-08-18 09:39:00-04:00,306.30999755859375,259.84759521484375,339.80499267578125,550.4500122070312,77.18000030517578,306.8406982421875,259.8999938964844,340.010009765625,551.2799072265625,77.18000030517578,306.2799987792969,259.010009765625,339.5,549.219970703125,76.87999725341797,306.7650146484375,259.2149963378906,339.7699890136719,549.5800170898438,76.87999725341797,119240,97640,38527,142645,117038
2026-08-18 09:40:00-04:00,306.69500732421875,259.625,340.20001220703125,549.47998046875,77.11000061035156,306.8915100097656,259.8699951171875,340.510009765625,550.8043212890625,77.25,305.9800109863281,259.5,339.80010986328125,548.7999877929688,77.0801010131836,306.3251037597656,259.840087890625,339.80499267578125,550.77001953125,77.19000244140625,191021,67393,30790,208203,114083
2026-08-18 09:41:00-04:00,306.510009765625,260.03961181640625,340.1191101074219,548.614990234375,77.26000213623047,307.2300109863281,260.1000061035156,340.55999755859375,550.0,77.2699966430664,306.5,259.5199890136719,340.0299987792969,548.0200805664062,77.05999755859375,306.7135009765625,259.6050109863281,340.20001220703125,548.614990234375,77.0999984741211,178651,114864,30965,173399,103303
2026-08-18 09:42:00-04:00,306.6700134277344,260.2449951171875,339.8500061035156,547.9199829101562,77.30000305175781,306.739990234375,260.32000732421875,340.2699890136719,549.02001953125,77.33999633789062,306.2099914550781,259.82000732421875,339.739990234375,547.6149291992188,77.23999786376953,306.5899963378906,260.04998779296875,340.1300048828125,548.6900024414062,77.30000305175781,88827,80657,38945,208713,77820
2026-08-18 09:43:00-04:00,306.9700012207031,259.84100341796875,339.8900146484375,547.9099731445312,77.21499633789062,307.0400085449219,260.2650146484375,339.8999938964844,548.1300048828125,77.33480072021484,306.5450134277344,259.82000732421875,339.44000244140625,547.125,77.19000244140625,306.6400146484375,260.2449951171875,339.885009765625,547.8599853515625,77.30000305175781,132684,65670,26024,151365,101983
2026-08-18 09:44:00-04:00,306.9700927734375,259.6499938964844,340.0199890136719,548.64501953125,77.41639709472656,307.08990478515625,259.9200134277344,340.2200012207031,548.889892578125,77.43000030517578,306.8599853515625,259.610107421875,339.8800048828125,547.6455078125,77.19000244140625,306.9400939941406,259.87249755859375,339.9049987792969,547.87109375,77.41639709472656,111899,82311,51060,117271,100232
2026-08-18 09:45:00-04:00,306.9549865722656,259.4150085449219,340.1199951171875,546.9199829101562,77.52999877929688,307.1199035644531,259.79998779296875,340.2195129394531,548.719970703125,77.55999755859375,306.8599853515625,259.3599853515625,339.739990234375,546.7999877929688,77.38500213623047,306.9649963378906,259.7398986816406,340.0704040527344,548.7100219726562,77.4177017211914,115591,107578,32582,146766,129356
2026-08-18 09:46:00-04:00,306.9800109863281,259.2738952636719,340.2900085449219,547.8499755859375,77.56500244140625,307.07000732421875,259.4399108886719,340.4100036621094,548.1799926757812,77.59770202636719,306.7799987792969,259.1499938964844,339.9700012207031,546.6099853515625,77.5250015258789,306.94000244140625,259.4200134277344,340.1709899902344,546.9099731445312,77.53500366210938,134575,91635,40259,170938,103722
2026-08-18 09:47:00-04:00,306.6000061035156,259.44000244140625,340.1700134277344,547.4146118164062,77.70500183105469,307.25,259.5,340.5,547.969970703125,77.72989654541016,306.55999755859375,259.2300109863281,340.010009765625,547.0499877929688,77.55999755859375,306.9700012207031,259.2799987792969,340.23199462890625,547.9194946289062,77.56009674072266,148256,86345,35525,89819,170194
2026-08-18 09:48:00-04:00,306.6000061035156,259.3699951171875,340.2300109863281,548.2349853515625,77.62030029296875,306.7699890136719,259.6600036621094,340.4800109863281,548.8699951171875,77.73999786376953,306.5199890136719,259.3599853515625,340.05999755859375,547.2999877929688,77.61000061035156,306.6050109863281,259.45001220703125,340.19500732421875,548.2349853515625,77.70950317382812,84893,83008,38030,115461,127648
2026-08-18 09:49:00-04:00,306.2799987792969,259.0799865722656,340.1499938964844,548.7050170898438,77.69000244140625,306.635009765625,259.44000244140625,340.3500061035156,548.7349853515625,77.70999908447266,306.2200012207031,259.0,340.0812072753906,547.4100952148438,77.5999984741211,306.635009765625,259.4049987792969,340.2200012207031,548.2349853515625,77.62000274658203,84451,99630,34431,85251,91058
2026-08-18 09:50:00-04:00,306.1000061035156,258.739990234375,340.3746032714844,547.75,77.66000366210938,306.35009765625,259.2298889160156,340.5,549.1400146484375,77.74919891357422,306.010009765625,258.69000244140625,340.0199890136719,547.719970703125,77.62000274658203,306.2900085449219,259.0799865722656,340.1199951171875,548.7050170898438,77.69000244140625,144900,109214,27392,97915,339384
2026-08-18 09:51:00-04:00,305.8349914550781,258.54998779296875,340.3999938964844,547.6740112304688,77.80000305175781,306.1199951171875,258.7950134277344,340.6199951171875,547.97998046875,77.81999969482422,305.79998779296875,258.45001220703125,340.29998779296875,547.2000122070312,77.63999938964844,306.0799865722656,258.739990234375,340.3500061035156,547.6740112304688,77.6449966430664,95178,109622,51742,84484,149926
2026-08-18 09:52:00-04:00,306.20001220703125,258.5799865722656,340.2300109863281,547.5399780273438,77.87920379638672,306.2290954589844,258.7699890136719,340.4599914550781,547.8200073242188,77.88999938964844,305.739990234375,258.3399963378906,340.1210021972656,547.030029296875,77.75,305.80999755859375,258.5799865722656,340.4049987792969,547.8200073242188,77.80500030517578,103073,125357,15726,66286,257204
2026-08-18 09:53:00-04:00,306.1199951171875,258.70001220703125,340.2349853515625,548.6561889648438,77.9800033569336,306.25,258.8699951171875,340.510009765625,548.7000122070312,77.98999786376953,306.0350036621094,258.54998779296875,340.17999267578125,547.47998046875,77.86009979248047,306.19000244140625,258.54998779296875,340.31610107421875,547.594970703125,77.875,70431,84758,23343,79715,144127
2026-08-18 09:54:00-04:00,306.489990234375,258.6050109863281,340.7349853515625,549.6799926757812,78.02999877929688,306.489990234375,258.8500061035156,340.92999267578125,549.9498901367188,78.05999755859375,306.1099853515625,258.4200134277344,340.1400146484375,548.4000244140625,77.97000122070312,306.13580322265625,258.6499938964844,340.260009765625,548.6699829101562,77.97879791259766,75161,104270,38399,119173,168989
2026-08-18 09:55:00-04:00,306.54998779296875,258.2049865722656,340.46600341796875,548.9885864257812,78.04010009765625,306.8399963378906,258.7200012207031,340.8800048828125,549.780029296875,78.08999633789062,306.3500061035156,258.15130615234375,340.4100036621094,548.8099975585938,78.02999877929688,306.4700012207031,258.5799865722656,340.7200012207031,549.720703125,78.03199768066406,149436,89707,41768,59764,120981
2026-08-18 09:56:00-04:00,306.7650146484375,258.1400146484375,340.13299560546875,548.9600219726562,77.94999694824219,307.0,258.4299011230469,340.6499938964844,549.6500244140625,78.04499816894531,306.3999938964844,257.95001220703125,340.0799865722656,548.5601196289062,77.9301986694336,306.5199890136719,258.2049865722656,340.3999938964844,549.0800170898438,78.04000091552734,258165,128672,35337,63168,147906
2026-08-18 09:57:00-04:00,306.9700012207031,258.0249938964844,339.75,548.3995971679688,77.9363021850586,307.04998779296875,258.2200012207031,340.0799865722656,549.4000244140625,77.98500061035156,306.4800109863281,257.7300109863281,339.4800109863281,548.219970703125,77.87999725341797,306.7650146484375,258.19000244140625,340.07000732421875,549.0540161132812,77.94999694824219,118060,172377,51030,82571,129760
2026-08-18 09:58:00-04:00,307.30999755859375,257.94500732421875,339.9849853515625,548.7901000976562,77.93499755859375,307.3599853515625,258.139892578125,340.0469970703125,549.0,78.08000183105469,306.7349853515625,257.8819885253906,339.6300048828125,548.3099975585938,77.88999938964844,306.95001220703125,258.0,339.7799987792969,548.4254760742188,77.931396484375,118110,84910,34969,62600,146964
2026-08-18 09:59:00-04:00,307.2900085449219,258.0400085449219,339.8699951171875,547.7999877929688,77.86380004882812,307.30999755859375,258.19000244140625,340.1700134277344,548.9899291992188,77.97000122070312,306.9599914550781,257.8999938964844,339.8500061035156,547.6904907226562,77.86000061035156,307.30999755859375,257.9100036621094,340.0159912109375,548.844970703125,77.93000030517578,174919,74649,24674,106167,131898
2026-08-18 10:00:00-04:00,307.5249938964844,258.2699890136719,339.54010009765625,547.8400268554688,78.04000091552734,307.55999755859375,258.32000732421875,339.909912109375,548.3200073242188,78.09500122070312,307.1499938964844,257.9800109863281,339.45001220703125,547.5701293945312,77.83999633789062,307.29998779296875,257.9800109863281,339.8699951171875,547.9000244140625,77.86949920654297,216386,96682,39116,78223,115899
2026-08-18 10:01:00-04:00,308.39111328125,258.5150146484375,339.4700012207031,547.6900024414062,78.0,308.8399963378906,258.6199951171875,339.69000244140625,547.9237060546875,78.06999969482422,307.5400085449219,258.2101135253906,339.4599914550781,547.1503295898438,77.9800033569336,307.55999755859375,258.2950134277344,339.6000061035156,547.9000244140625,78.05000305175781,444526,94344,34967,62350,112677
2026-08-18 10:02:00-04:00,308.7099914550781,258.6400146484375,340.1050109863281,547.388916015625,78.01499938964844,308.76800537109375,258.7799987792969,340.1050109863281,547.7327880859375,78.04499816894531,308.1499938964844,258.44000244140625,339.3599853515625,546.9005126953125,77.93000030517578,308.3699951171875,258.5199890136719,339.4700012207031,547.6849975585938,78.0,252297,118447,43358,108511,162527
2026-08-18 10:03:00-04:00,308.95001220703125,258.8349914550781,340.2049865722656,548.1099853515625,77.99500274658203,309.1199951171875,258.9999084472656,340.44000244140625,548.5,78.04989624023438,308.6300048828125,258.6499938964844,340.04998779296875,547.3499755859375,77.9800033569336,308.7300109863281,258.69000244140625,340.0799865722656,548.1099853515625,78.01429748535156,282742,68492,21961,60945,88191
2026-08-18 10:04:00-04:00,309.010009765625,258.760009765625,340.239990234375,548.3178100585938,78.04499816894531,309.0950012207031,258.8599853515625,340.239990234375,548.5599975585938,78.06990051269531,308.9200134277344,258.5799865722656,339.9800109863281,548.0,77.97000122070312,308.9200134277344,258.739990234375,340.18499755859375,548.1300048828125,77.99500274658203,137895,60560,16616,69193,101055
2026-08-18 10:05:00-04:00,309.1449890136719,258.7300109863281,340.0,547.719970703125,78.01000213623047,309.33319091796875,258.9599914550781,340.3349914550781,548.4099731445312,78.08999633789062,308.9129943847656,258.7300109863281,340.0,547.5,78.01000213623047,309.0199890136719,258.7699890136719,340.2200012207031,548.3599853515625,78.04499816894531,232707,67761,40210,69738,123053
2026-08-18 10:06:00-04:00,309.114990234375,259.0450134277344,339.92999267578125,547.5919189453125,77.99500274658203,309.2200012207031,259.05999755859375,340.0950927734375,548.0999755859375,78.01000213623047,308.95001220703125,258.7232971191406,339.7799987792969,547.3099975585938,77.93000030517578,309.1499938964844,258.7300109863281,340.0199890136719,547.6849975585938,78.0,220474,65460,29279,79999,72688
2026-08-18 10:07:00-04:00,309.3840026855469,259.1099853515625,339.9800109863281,547.6900024414062,77.95999908447266,309.409912109375,259.260009765625,340.0400085449219,548.0703125,78.0199966430664,309.0950012207031,259.0292053222656,339.760009765625,547.47998046875,77.95999908447266,309.1099853515625,259.05999755859375,339.94000244140625,547.6900024414062,77.99500274658203,141345,83879,14906,68181,63928
2026-08-18 10:08:00-04:00,309.30999755859375,259.17999267578125,339.9800109863281,547.9099731445312,78.04090118408203,309.56500244140625,259.2300109863281,340.1099853515625,548.239990234375,78.06999969482422,309.2200012207031,259.07000732421875,339.8900146484375,547.6400146484375,77.95999908447266,309.38018798828125,259.0799865722656,340.010009765625,547.72998046875,77.95999908447266,191059,62794,20244,81771,90889
2026-08-18 10:09:00-04:00,309.760009765625,258.92999267578125,339.70001220703125,547.5700073242188,78.08000183105469,309.8399963378906,259.2300109863281,339.9800109863281,548.0,78.14990234375,309.30999755859375,258.8949890136719,339.55999755859375,547.3200073242188,78.02999877929688,309.32000732421875,259.1600036621094,339.9800109863281,547.9149780273438,78.05500030517578,158950,64038,18122,84049,102733
2026-08-18 10:10:00-04:00,309.7650146484375,259.1549987792969,339.81500244140625,547.5499877929688,78.17500305175781,310.1499938964844,259.17999267578125,339.82000732421875,547.6900024414062,78.19999694824219,309.6300048828125,258.8800048828125,339.5400085449219,546.9000244140625,78.09249877929688,309.79998779296875,258.93499755859375,339.70001220703125,547.5850219726562,78.09249877929688,323631,84918,27406,122770,145226
2026-08-18 10:11:00-04:00,309.6000061035156,258.8999938964844,339.79998779296875,548.094970703125,78.20999908447266,309.7777099609375,259.25,340.0299987792969,548.2100219726562,78.26000213623047,309.2699890136719,258.6600036621094,339.7587890625,547.3410034179688,78.12000274658203,309.75,259.18499755859375,339.81500244140625,547.5900268554688,78.16999816894531,217740,123265,37915,114343,118283
2026-08-18 10:12:00-04:00,309.7449951171875,258.6600036621094,339.239990234375,546.97998046875,78.13999938964844,310.0,258.9700012207031,339.8999938964844,548.155029296875,78.26499938964844,309.5400085449219,258.57501220703125,339.239990234375,546.8300170898438,78.0999984741211,309.55999755859375,258.95001220703125,339.8349914550781,548.1300048828125,78.20010375976562,208713,72558,37620,83428,83190
2026-08-18 10:13:00-04:00,309.6499938964844,259.1499938964844,339.8999938964844,547.4099731445312,78.16000366210938,309.8299865722656,259.2694091796875,339.989990234375,548.3900146484375,78.2699966430664,309.510009765625,258.739990234375,339.2550048828125,546.8599853515625,78.11019897460938,309.7449951171875,259.1499938964844,339.2699890136719,546.9749755859375,78.1449966430664,113921,80117,52080,93010,146859
2026-08-18 10:14:00-04:00,309.92498779296875,259.4200134277344,340.2799987792969,547.6799926757812,78.20999908447266,310.010009765625,259.4700012207031,340.29998779296875,547.9600219726562,78.26000213623047,309.6199951171875,259.16790771484375,339.8699951171875,547.1099853515625,78.14990234375,309.6499938964844,259.16790771484375,339.8900146484375,547.4000244140625,78.14990234375,200708,85599,50264,60837,106230
2026-08-18 10:15:00-04:00,309.93499755859375,259.5,340.32000732421875,547.739990234375,78.29499816894531,310.2699890136719,259.5899963378906,340.3594970703125,548.0,78.32440185546875,309.8800048828125,259.29998779296875,340.1000061035156,547.4000244140625,78.20500183105469,309.92498779296875,259.4150085449219,340.2300109863281,547.6799926757812,78.20500183105469,307988,98806,57925,51769,116007
2026-08-18 10:16:00-04:00,309.82989501953125,259.68499755859375,340.3399963378906,547.8599853515625,78.29499816894531,310.0299987792969,259.7099914550781,340.4599914550781,547.97998046875,78.31999969482422,309.489990234375,259.3800048828125,340.20001220703125,547.469970703125,78.26020050048828,309.9200134277344,259.44000244140625,340.2699890136719,547.739990234375,78.29000091552734,223026,72495,32704,61522,71121
2026-08-18 10:17:00-04:00,309.614990234375,259.80499267578125,340.1099853515625,547.625,78.30000305175781,309.80499267578125,259.80499267578125,340.3999938964844,548.1099853515625,78.31999969482422,309.55230712890625,259.55999755859375,340.0,547.3800048828125,78.20999908447266,309.80499267578125,259.68499755859375,340.3399963378906,547.8699951171875,78.31999969482422,97869,75276,24351,79228,74025
2026-08-18 10:18:00-04:00,309.55999755859375,260.0400085449219,340.4949951171875,547.844970703125,78.2699966430664,309.6499938964844,260.05999755859375,340.54998779296875,548.0,78.31919860839844,309.4200134277344,259.760009765625,340.0799865722656,547.22998046875,78.24120330810547,309.55999755859375,259.8450012207031,340.1300048828125,547.64501953125,78.31919860839844,10912962,101333,42801,44165,87008
2026-08-18 10:19:00-04:00,309.4849853515625,259.94500732421875,340.875,547.6240234375,78.31999969482422,309.5722961425781,260.0599060058594,340.9418029785156,547.9000244140625,78.32659912109375,309.19000244140625,259.840087890625,340.3999938964844,547.5200805664062,78.23999786376953,309.55999755859375,260.010009765625,340.489990234375,547.830078125,78.2699966430664,111716,76035,58705,41411,91431
2026-08-18 10:20:00-04:00,309.43499755859375,259.9849853515625,341.0400085449219,547.1699829101562,78.19000244140625,309.6199951171875,260.2099914550781,341.07000732421875,547.1699829101562,78.34500122070312,309.30999755859375,259.8900146484375,340.85260009765625,547.1699829101562,78.1780014038086,309.4849853515625,259.9849853515625,340.875,547.1699829101562,78.32949829101562,128669,76114,84414,61669,90695
2026-08-18 10:21:00-04:00,309.3299865722656,259.8599853515625,340.7974853515625,547.2899780273438,78.30999755859375,309.5,260.1499938964844,341.1789855957031,547.469970703125,78.33999633789062,309.1000061035156,259.8299865722656,340.7974853515625,546.780029296875,78.18000030517578,309.3299865722656,259.8599853515625,341.0201110839844,547.3900146484375,78.18000030517578,137215,62569,55186,103928,89158
2026-08-18 10:22:00-04:00,309.03509521484375,260.0799865722656,340.9800109863281,547.1799926757812,78.36499786376953,309.3349914550781,260.1499938964844,341.14990234375,547.4600219726562,78.37000274658203,308.95001220703125,259.8197021484375,340.7799987792969,546.7000122070312,78.2699966430664,309.32000732421875,259.8900146484375,340.80999755859375,547.219970703125,78.30999755859375,107746,99991,46762,55578,59161
2026-08-18 10:23:00-04:00,309.1549987792969,260.44000244140625,340.9800109863281,547.5401000976562,78.41000366210938,309.28009033203125,260.44000244140625,341.1000061035156,547.8200073242188,78.47000122070312,309.0400085449219,260.0799865722656,340.7799987792969,546.989990234375,78.36499786376953,309.04840087890625,260.0799865722656,340.9649963378906,547.2100219726562,78.36499786376953,64528,85245,24018,66284,124299
2026-08-18 10:24:00-04:00,309.19000244140625,260.6300048828125,341.2699890136719,548.885009765625,78.48999786376953,309.2699890136719,260.67999267578125,341.4649963378906,548.9400024414062,78.5250015258789,308.8500061035156,260.2699890136719,340.9200134277344,547.6300048828125,78.41500091552734,309.1499938964844,260.4399108886719,341.07000732421875,547.6300048828125,78.41500091552734,94927,93936,43719,94127,169890
2026-08-18 10:25:00-04:00,308.9700012207031,260.7850036621094,341.43438720703125,549.1300048828125,78.47879791259766,309.1702880859375,260.9049987792969,341.73870849609375,549.64990234375,78.52999877929688,308.8999938964844,260.510009765625,341.2699890136719,548.8150024414062,78.44999694824219,309.1700134277344,260.6099853515625,341.31500244140625,548.8150024414062,78.48500061035156,88138,117856,60534,101068,92640
2026-08-18 10:26:00-04:00,309.07000732421875,260.7799987792969,341.625,548.4149780273438,78.24019622802734,309.239990234375,261.0799865722656,341.75,549.239990234375,78.47000122070312,308.80999755859375,260.73748779296875,341.3500061035156,548.3200073242188,78.2249984741211,308.95001220703125,260.7850036621094,341.4800109863281,549.1300048828125,78.46499633789062,106537,115719,41319,72928,136028
2026-08-18 10:27:00-04:00,309.239990234375,261.0400085449219,341.81500244140625,547.875,78.18000030517578,309.260009765625,261.0799865722656,341.95001220703125,548.530029296875,78.3230972290039,309.0400085449219,260.79010009765625,341.55999755859375,547.6400146484375,78.18000030517578,309.07000732421875,260.843994140625,341.5799865722656,548.4149780273438,78.24009704589844,86067,104658,34373,81230,159625
2026-08-18 10:28:00-04:00,309.2699890136719,260.95001220703125,341.889892578125,548.4301147460938,78.16020202636719,309.3110046386719,261.05999755859375,341.9280090332031,548.5,78.18499755859375,309.1604919433594,260.8399963378906,341.5299987792969,547.6199951171875,78.11499786376953,309.2200012207031,261.0400085449219,341.8299865722656,547.875,78.18460083007812,70651,63775,37492,46926,95579
2026-08-18 10:29:00-04:00,309.659912109375,261.14599609375,341.8999938964844,547.8316040039062,78.12999725341797,309.6698913574219,261.2699890136719,341.9200134277344,548.6400146484375,78.25,309.1300048828125,260.8450012207031,341.6000061035156,547.8099975585938,78.12000274658203,309.25,260.9599914550781,341.885009765625,548.4000244140625,78.16500091552734,131459,87777,40227,55961,63277
2026-08-18 10:30:00-04:00,309.82501220703125,260.9823913574219,341.8399963378906,547.75,78.0999984741211,309.9100036621094,261.1700134277344,342.0799865722656,548.3099975585938,78.16999816894531,309.6000061035156,260.8999938964844,341.7200012207031,547.5,78.05000305175781,309.6400146484375,261.1400146484375,341.8999938964844,547.885009765625,78.13500213623047,12182710,73220,61910,89000,63540
2026-08-18 10:31:00-04:00,309.9200134277344,261.1499938964844,341.80999755859375,547.2899780273438,78.17009735107422,310.0899963378906,261.2049865722656,341.9200134277344,547.9099731445312,78.20999908447266,309.810302734375,260.8728942871094,341.57000732421875,547.2000122070312,78.06999969482422,309.8399963378906,260.9800109863281,341.8550109863281,547.77001953125,78.0999984741211,121060,50584,39224,48099,73366
2026-08-18 10:32:00-04:00,310.44500732421875,261.1650085449219,341.7449951171875,547.0399780273438,78.0999984741211,310.5899963378906,261.2710876464844,342.0,547.4400024414062,78.18000030517578,309.8399963378906,261.1300048828125,341.7300109863281,546.9000244140625,78.05999755859375,309.8800048828125,261.2091064453125,341.8299865722656,547.2050170898438,78.18000030517578,134010,59110,27914,76452,43460
2026-08-18 10:33:00-04:00,310.7398986816406,261.010009765625,341.6449890136719,546.3400268554688,78.12999725341797,310.7398986816406,261.2900085449219,341.8800048828125,547.25,78.1449966430664,310.36151123046875,260.91009521484375,341.6099853515625,546.2000122070312,78.05960083007812,310.43499755859375,261.010009765625,341.7850036621094,547.030029296875,78.1050033569336,125216,82988,28010,78407,56604
2026-08-18 10:34:00-04:00,310.9150085449219,261.0799865722656,341.5299987792969,545.6361083984375,78.18000030517578,310.989990234375,261.29901123046875,341.80999755859375,546.5798950195312,78.23999786376953,310.70001220703125,261.0199890136719,341.5,545.469970703125,78.12999725341797,310.7322998046875,261.0199890136719,341.67999267578125,546.46630859375,78.13500213623047,143668,81160,28672,113718,88390
2026-08-18 10:35:00-04:00,311.07501220703125,261.44000244140625,341.5950012207031,546.833984375,78.24500274658203,311.20001220703125,261.4700012207031,341.6700134277344,546.8900146484375,78.25,310.79998779296875,261.0899963378906,341.4305114746094,545.5,78.19999694824219,310.9150085449219,261.1099853515625,341.5,545.5850219726562,78.20999908447266,193331,72055,30801,103359,50268
2026-08-18 10:36:00-04:00,311.0849914550781,261.58990478515625,341.5799865722656,547.6400146484375,78.16999816894531,311.3299865722656,261.6300048828125,341.67498779296875,547.7999877929688,78.26529693603516,311.04998779296875,261.34600830078125,341.4493103027344,546.7050170898438,78.1688003540039,311.07501220703125,261.42498779296875,341.5799865722656,546.8200073242188,78.25,110304,139567,23987,71267,52762
2026-08-18 10:37:00-04:00,310.95001220703125,261.7699890136719,341.4700012207031,549.3400268554688,78.26499938964844,311.0849914550781,261.8598937988281,341.70001220703125,549.369873046875,78.29000091552734,310.6600036621094,261.5299987792969,341.4700012207031,547.625,78.16000366210938,311.0849914550781,261.56500244140625,341.5404968261719,547.6400146484375,78.16500091552734,151522,117636,35918,103786,53397
2026-08-18 10:38:00-04:00,311.0299987792969,261.9200134277344,341.2900085449219,548.8300170898438,78.31120300292969,311.17999267578125,262.0255126953125,341.55999755859375,549.4000244140625,78.3198013305664,310.84228515625,261.70001220703125,341.25,548.5800170898438,78.25,310.92498779296875,261.7850036621094,341.42999267578125,549.3400268554688,78.2699966430664,102035,132694,13730,95882,65051
2026-08-18 10:39:00-04:00,311.17999267578125,261.7749938964844,341.3550109863281,549.0650024414062,78.31999969482422,311.239990234375,262.010009765625,341.489990234375,549.260009765625,78.3499984741211,310.9700012207031,261.67999267578125,341.17498779296875,548.7000122070312,78.30000305175781,311.02288818359375,261.9200134277344,341.2868957519531,548.8800048828125,78.31500244140625,112750,98057,23610,69746,76855
2026-08-18 10:40:00-04:00,311.1099853515625,261.8399963378906,341.1200866699219,548.2183837890625,78.3550033569336,311.2099914550781,261.989990234375,341.4700012207031,549.239990234375,78.37999725341797,311.0400085449219,261.7300109863281,341.0400085449219,547.8400268554688,78.30500030517578,311.1099853515625,261.7962951660156,341.29998779296875,549.0399780273438,78.30500030517578,103416,114981,25685,56226,64896
2026-08-18 10:41:00-04:00,311.4049987792969,261.8399963378906,341.2200012207031,547.5700073242188,78.58999633789062,311.489990234375,261.9800109863281,341.2799987792969,548.3200073242188,78.59500122070312,311.1050109863281,261.6000061035156,341.04998779296875,547.1099853515625,78.36000061035156,311.1099853515625,261.8399963378906,341.19000244140625,548.1599731445312,78.36499786376953,212681,152924,20846,55743,152285
2026-08-18 10:42:00-04:00,311.0450134277344,261.635009765625,340.90179443359375,547.1900024414062,78.55000305175781,311.4049987792969,261.8500061035156,341.2651062011719,547.7698974609375,78.61979675292969,310.95001220703125,261.5400085449219,340.8399963378906,546.9199829101562,78.52999877929688,311.4049987792969,261.80999755859375,341.260009765625,547.1900024414062,78.5999984741211,116643,104570,22772,50749,140303
2026-08-18 10:43:00-04:00,311.135009765625,261.69000244140625,340.8999938964844,546.9650268554688,78.57730102539062,311.20001220703125,261.7699890136719,341.1000061035156,547.47998046875,78.59750366210938,311.010009765625,261.5950012207031,340.8999938964844,546.75,78.53399658203125,311.010009765625,261.5950012207031,340.94500732421875,547.1500244140625,78.55000305175781,91070,59729,21845,51743,63574
2026-08-18 10:44:00-04:00,310.7699890136719,261.67999267578125,341.04998779296875,547.0007934570312,78.62979888916016,311.1400146484375,261.70001220703125,341.07000732421875,547.2000122070312,78.63999938964844,310.7560119628906,261.54010009765625,340.8699951171875,546.8099975585938,78.5199966430664,311.135009765625,261.6700134277344,340.8998107910156,546.9000244140625,78.62979888916016,102780,59784,17788,41955,85546
2026-08-18 10:45:00-04:00,311.1650085449219,261.30499267578125,341.2699890136719,547.4099731445312,78.66000366210938,311.17999267578125,261.6947021484375,341.2900085449219,547.4600219726562,78.66000366210938,310.70001220703125,261.2699890136719,340.9700012207031,546.9099731445312,78.61499786376953,310.7699890136719,261.69000244140625,341.05499267578125,546.969970703125,78.62999725341797,133581,72755,32020,57026,112106
2026-08-18 10:46:00-04:00,310.989990234375,261.3500061035156,341.45001220703125,547.6400146484375,78.80999755859375,311.2200012207031,261.3599853515625,341.510009765625,547.6599731445312,78.83999633789062,310.95001220703125,261.1600036621094,341.1700134277344,547.0399780273438,78.6449966430664,311.1600036621094,261.2699890136719,341.29998779296875,547.4099731445312,78.66510009765625,167428,109719,24421,58694,141741
2026-08-18 10:47:00-04:00,310.7222900390625,261.4750061035156,341.5350036621094,548.0700073242188,78.7571029663086,311.0589904785156,261.55999755859375,341.6400146484375,548.239501953125,78.81999969482422,310.70001220703125,261.3599853515625,341.45001220703125,547.5700073242188,78.73999786376953,311.010009765625,261.3599853515625,341.45001220703125,547.5750122070312,78.80999755859375,68567,55972,24600,56079,92484
2026-08-18 10:48:00-04:00,311.07000732421875,261.5,341.7200012207031,548.125,78.83999633789062,311.07000732421875,261.55999755859375,341.739990234375,548.3800048828125,78.87999725341797,310.7301025390625,261.34039306640625,341.468994140625,547.9099731445312,78.72000122070312,310.739501953125,261.44049072265625,341.5299987792969,548.0800170898438,78.75,74636,94646,19922,70419,209496
2026-08-18 10:49:00-04:00,310.9949951171875,261.510009765625,341.32000732421875,548.3900146484375,78.8550033569336,311.1099853515625,261.5801086425781,341.7099914550781,548.5349731445312,78.88990020751953,310.95001220703125,261.3999938964844,341.2099914550781,547.8300170898438,78.81999969482422,311.07000732421875,261.5,341.7099914550781,548.0800170898438,78.83000183105469,80833,51631,27522,118211,139542
2026-08-18 10:50:00-04:00,311.0350036621094,261.4849853515625,341.2300109863281,548.1599731445312,78.875,311.07000732421875,261.5899963378906,341.4525146484375,548.669921875,78.91999816894531,310.8299865722656,261.2699890136719,341.1099853515625,547.8875122070312,78.83049774169922,311.0,261.5400085449219,341.3299865722656,548.4849853515625,78.856201171875,101520,63753,23138,59051,112721
2026-08-18 10:51:00-04:00,310.989990234375,261.5350036621094,341.19061279296875,548.530029296875,78.82499694824219,311.0751037597656,261.54998779296875,341.3500061035156,548.7000122070312,78.88999938964844,310.9200134277344,261.3699951171875,341.1600036621094,547.860107421875,78.77999877929688,311.03741455078125,261.489990234375,341.2850036621094,548.0900268554688,78.86720275878906,78744,42524,10831,61979,83327
2026-08-18 10:52:00-04:00,311.1512145996094,261.54998779296875,341.29998779296875,548.2100219726562,78.76499938964844,311.20001220703125,261.69000244140625,341.394287109375,548.9598999023438,78.87129974365234,310.9800109863281,261.4919128417969,341.2049865722656,548.2000122070312,78.72000122070312,311.0,261.5400085449219,341.2049865722656,548.5599975585938,78.83000183105469,116842,57192,11358,37010,74438
2026-08-18 10:53:00-04:00,310.8110046386719,261.4700012207031,341.30999755859375,548.7999877929688,78.73500061035156,311.1549987792969,261.5400085449219,341.3500061035156,548.9000244140625,78.80799865722656,310.7699890136719,261.2080078125,341.19000244140625,548.125,78.72039794921875,310.8110046386719,261.5216979980469,341.2900085449219,548.3442993164062,78.77010345458984,15033946,60165,15785,47552,10760417
2026-08-18 10:54:00-04:00,310.5,261.4216003417969,341.239990234375,548.4509887695312,78.75800323486328,310.82000732421875,261.5700988769531,341.44000244140625,549.280029296875,78.79000091552734,310.4100036621094,261.4075927734375,341.2200012207031,548.4500122070312,78.72000122070312,310.82000732421875,261.44000244140625,341.30999755859375,548.8079833984375,78.73999786376953,110006,47270,12604,72355,46763
2026-08-18 10:55:00-04:00,310.279296875,261.3999938964844,341.2799987792969,548.7800903320312,78.7698974609375,310.5400085449219,261.4700012207031,341.32000732421875,548.97998046875,78.7699966430664,310.2300109863281,261.2799987792969,341.07000732421875,548.0,78.7300033569336,310.510009765625,261.3800048828125,341.2200012207031,548.469970703125,78.75,88595,47411,18367,85992,43496
2026-08-18 10:56:00-04:00,310.3500061035156,261.76580810546875,341.010009765625,549.3098754882812,78.7699966430664,310.385009765625,261.7699890136719,341.315185546875,549.3699951171875,78.80000305175781,310.2300109863281,261.3800048828125,340.9599914550781,548.64501953125,78.71029663085938,310.260009765625,261.44000244140625,341.315185546875,548.916015625,78.76499938964844,87021,52837,31439,66231,65176
2026-08-18 10:57:00-04:00,310.7677001953125,261.8900146484375,341.0899963378906,549.5,78.87999725341797,310.7868957519531,261.9294128417969,341.1099853515625,549.719970703125,78.8949966430664,310.29998779296875,261.7699890136719,340.82000732421875,549.0999755859375,78.7699966430664,310.3550109863281,261.79998779296875,341.0899963378906,549.2999877929688,78.7750015258789,118549,69603,53991,60630,95783
2026-08-18 10:58:00-04:00,310.5950012207031,261.8800048828125,341.04998779296875,549.6599731445312,78.90499877929688,310.7900085449219,261.9800109863281,341.19000244140625,549.7100219726562,78.91500091552734,310.5299987792969,261.7699890136719,340.9599914550781,549.3200073242188,78.86499786376953,310.7699890136719,261.8800048828125,341.0899963378906,549.5,78.88999938964844,88281,71289,24158,69825,137595
2026-08-18 10:59:00-04:00,310.3949890136719,261.9200134277344,340.9490051269531,550.04248046875,78.875,310.5899963378906,261.9200134277344,341.0350036621094,550.1699829101562,78.91999816894531,310.3699951171875,261.75,340.79998779296875,549.27001953125,78.81999969482422,310.5899963378906,261.87799072265625,341.0199890136719,549.6799926757812,78.91400146484375,70415,67111,23613,100287,74009
2026-08-18 11:00:00-04:00,310.4200134277344,261.80999755859375,340.7200012207031,550.5399780273438,78.87030029296875,310.4800109863281,262.17999267578125,341.010009765625,550.8790283203125,78.91000366210938,310.0299987792969,261.75,340.6199951171875,549.9500122070312,78.8499984741211,310.4100036621094,261.80999755859375,340.9200134277344,550.1500244140625,78.875,103535,116790,32733,90763,66806
2026-08-18 11:01:00-04:00,310.28399658203125,261.70001220703125,340.7200012207031,550.280029296875,78.8949966430664,310.45989990234375,261.9100036621094,340.7900085449219,550.5399780273438,78.91000366210938,310.2699890136719,261.6199951171875,340.54998779296875,550.0401000976562,78.86000061035156,310.42999267578125,261.82501220703125,340.6997985839844,550.5399780273438,78.87000274658203,83059,72322,23196,61514,44865
2026-08-18 11:02:00-04:00,310.0,261.79998779296875,340.6099853515625,550.4600219726562,78.91290283203125,310.29998779296875,261.8599853515625,340.75,550.7692260742188,78.98500061035156,309.92010498046875,261.6300048828125,340.5899963378906,550.239990234375,78.87999725341797,310.2900085449219,261.68499755859375,340.7099914550781,550.2999877929688,78.8949966430664,109183,76859,34146,60864,106394
2026-08-18 11:03:00-04:00,310.3500061035156,261.5350036621094,340.6099853515625,550.5750122070312,78.90740203857422,310.4200134277344,261.7699890136719,340.75,550.9400024414062,78.97000122070312,309.9200134277344,261.4599914550781,340.5899963378906,550.3400268554688,78.88999938964844,309.97808837890625,261.7699890136719,340.6000061035156,550.5250244140625,78.91999816894531,104181,97971,32236,65225,50022
2026-08-18 11:04:00-04:00,310.54998779296875,261.1700134277344,340.6099853515625,551.4199829101562,78.74500274658203,310.5946044921875,261.48199462890625,340.6499938964844,551.530029296875,78.91000366210938,310.2650146484375,261.1600036621094,340.4599914550781,550.3800048828125,78.73999786376953,310.3450012207031,261.4800109863281,340.6449890136719,550.6900024414062,78.91000366210938,102772,63592,20731,83278,110616
2026-08-18 11:05:00-04:00,310.8999938964844,261.1700134277344,340.57000732421875,551.4849853515625,78.7750015258789,310.92999267578125,261.2217102050781,340.5799865722656,551.5399780273438,78.77999877929688,310.5199890136719,260.9599914550781,340.4800109863281,550.9299926757812,78.69999694824219,310.53009033203125,261.1199951171875,340.5799865722656,551.4500122070312,78.75,136480,116535,25217,69376,82560
2026-08-18 11:06:00-04:00,310.625,261.0899963378906,340.47760009765625,551.7949829101562,78.76499938964844,310.909912109375,261.2049865722656,340.57000732421875,551.9199829101562,78.79989624023438,310.54010009765625,261.07000732421875,340.44000244140625,551.2819213867188,78.68000030517578,310.909912109375,261.1499938964844,340.5400085449219,551.5382080078125,78.78500366210938,84255,46867,19193,55991,44886
2026-08-18 11:07:00-04:00,310.7699890136719,261.30999755859375,340.6199951171875,552.4600219726562,78.76000213623047,310.8800048828125,261.42999267578125,340.67999267578125,552.72998046875,78.81079864501953,310.6300048828125,261.0799865722656,340.4949951171875,551.780029296875,78.7345962524414,310.6300048828125,261.1050109863281,340.4949951171875,551.8400268554688,78.7699966430664,70621,68707,16331,86966,82888
2026-08-18 11:08:00-04:00,310.8599853515625,261.4198913574219,340.5,552.0449829101562,78.94499969482422,310.9100036621094,261.4700012207031,340.659912109375,552.9400024414062,78.95800018310547,310.75,261.20001220703125,340.5,551.9299926757812,78.74500274658203,310.760009765625,261.31500244140625,340.625,552.4600219726562,78.75,74483,46155,12756,66222,164117
2026-08-18 11:09:00-04:00,310.92999267578125,261.2799987792969,340.75,553.1099853515625,79.04290008544922,310.9700012207031,261.6099853515625,340.82000732421875,553.1199951171875,79.06990051269531,310.82000732421875,261.2663879394531,340.4800109863281,552.0900268554688,78.91999816894531,310.8599853515625,261.3900146484375,340.489990234375,552.0900268554688,78.94499969482422,83547,76862,38762,70050,238634
2026-08-18 11:10:00-04:00,310.8550109863281,261.0950012207031,340.9200134277344,552.9400024414062,78.95999908447266,311.0299987792969,261.32000732421875,341.0199890136719,553.5582275390625,79.09719848632812,310.80999755859375,261.0799865722656,340.7500915527344,552.510009765625,78.94999694824219,310.92498779296875,261.2300109863281,340.77508544921875,553.1098022460938,79.05999755859375,101596,75656,26410,64923,152312
2026-08-18 11:11:00-04:00,311.0249938964844,261.25,341.08990478515625,553.3699951171875,78.9749984741211,311.1499938964844,261.2699890136719,341.1050109863281,553.4299926757812,78.9800033569336,310.79998779296875,260.9100036621094,340.7900085449219,552.3499755859375,78.87999725341797,310.8550109863281,261.25,340.9200134277344,552.9000244140625,78.96499633789062,96316,82672,32942,65065,68699
2026-08-18 11:12:00-04:00,310.9150085449219,260.9200134277344,340.7699890136719,553.02001953125,78.83499908447266,311.04998779296875,261.3399963378906,341.1600036621094,553.4500122070312,78.9999008178711,310.864990234375,260.8999938964844,340.7200012207031,552.760009765625,78.82990264892578,311.0249938964844,261.2774963378906,341.05499267578125,553.3699951171875,78.9800033569336,73029,43241,15236,66519,89367
2026-08-18 11:13:00-04:00,310.79998779296875,260.7200012207031,340.989990234375,552.6799926757812,78.87999725341797,311.07000732421875,260.98809814453125,340.989990234375,553.0599975585938,78.8949966430664,310.7500915527344,260.67999267578125,340.7300109863281,552.5,78.83000183105469,310.90740966796875,260.94000244140625,340.7950134277344,553.02001953125,78.83509826660156,90325,66888,16397,41452,50871
2026-08-18 11:14:00-04:00,310.510009765625,260.5150146484375,340.95001220703125,552.4600219726562,78.81009674072266,310.8599853515625,260.7099914550781,341.0,552.7498779296875,78.89990234375,310.44000244140625,260.4599914550781,340.79998779296875,552.1599731445312,78.80000305175781,310.7900085449219,260.6600036621094,340.9599914550781,552.7349853515625,78.88500213623047,76257,100583,18975,56228,62718
2026-08-18 11:15:00-04:00,310.44000244140625,260.739990234375,341.1499938964844,552.8900146484375,78.81999969482422,310.55999755859375,260.83990478515625,341.2449951171875,553.0,78.86000061035156,310.3900146484375,260.5299987792969,340.92999267578125,552.3800048828125,78.7750015258789,310.510009765625,260.5299987792969,340.95001220703125,552.5,78.80999755859375,64431,60527,16575,36132,71442
2026-08-18 11:16:00-04:00,310.6499938964844,260.4007873535156,341.3800048828125,553.1500244140625,78.81999969482422,310.6617126464844,260.760009765625,341.489990234375,553.1900024414062,78.83509826660156,310.3699951171875,260.3100891113281,341.1400146484375,552.8250122070312,78.79000091552734,310.6499938964844,260.739990234375,341.1499938964844,552.9000244140625,78.81500244140625,17110342,78184,20348,43400,57157
2026-08-18 11:17:00-04:00,310.70001220703125,260.44000244140625,341.18499755859375,552.10009765625,78.76499938964844,310.7300109863281,260.56500244140625,341.4100036621094,553.25,78.83499908447266,310.3599853515625,260.2799987792969,341.1499938964844,552.0999755859375,78.75499725341797,310.6600036621094,260.42999267578125,341.3999938964844,553.1199951171875,78.82499694824219,52931,69247,13290,58722,44417
2026-08-18 11:18:00-04:00,310.8800048828125,260.6199951171875,341.2699890136719,552.760009765625,78.88999938964844,310.9278869628906,260.6700134277344,341.2699890136719,552.8099975585938,78.88999938964844,310.6304016113281,260.41009521484375,341.0400085449219,552.094970703125,78.76399993896484,310.7099914550781,260.4469909667969,341.2699890136719,552.1900024414062,78.76499938964844,49941,62684,18703,40423,47723
2026-08-18 11:19:00-04:00,310.6700134277344,260.3599853515625,341.0975036621094,552.135009765625,78.97660064697266,310.92498779296875,260.5799865722656,341.30999755859375,552.8400268554688,78.9800033569336,310.6700134277344,260.32501220703125,341.0675048828125,551.8200073242188,78.88990020751953,310.8699951171875,260.57000732421875,341.25,552.7650146484375,78.88990020751953,59565,43665,14191,36778,53302
2026-08-18 11:20:00-04:00,310.510009765625,260.4700927734375,340.8999938964844,552.3300170898438,78.9303970336914,310.70001220703125,260.57000732421875,341.2250061035156,552.5399780273438,79.0199966430664,310.5,260.32000732421875,340.8900146484375,552.0601196289062,78.91000366210938,310.6300048828125,260.3800048828125,341.1300048828125,552.1849975585938,78.97000122070312,43883,39098,24081,34224,108814
2026-08-18 11:21:00-04:00,310.27899169921875,260.54998779296875,340.8699951171875,552.2849731445312,78.96499633789062,310.5199890136719,260.55999755859375,340.94500732421875,552.469970703125,78.98899841308594,310.2550048828125,260.3999938964844,340.80499267578125,552.0797729492188,78.90010070800781,310.5050048828125,260.54998779296875,340.9049987792969,552.3400268554688,78.90010070800781,52566,46707,19524,56777,119227
2026-08-18 11:22:00-04:00,310.2550048828125,260.5899963378906,340.95001220703125,552.14501953125,78.91000366210938,310.3399963378906,260.7239990234375,341.05499267578125,552.3900146484375,78.9800033569336,310.2200012207031,260.5000915527344,340.82000732421875,552.030029296875,78.86000061035156,310.2799987792969,260.5199890136719,340.8699951171875,552.25,78.96990203857422,51296,53900,19270,51811,68863
2026-08-18 11:23:00-04:00,310.19000244140625,260.80999755859375,341.06500244140625,552.4854736328125,78.91500091552734,310.3399963378906,260.80999755859375,341.06500244140625,552.8699951171875,78.94999694824219,310.17999267578125,260.5799865722656,340.95001220703125,551.739990234375,78.875,310.2550048828125,260.6153869628906,340.9599914550781,552.180908203125,78.91000366210938,55469,55044,14889,50161,43277
2026-08-18 11:24:00-04:00,310.19989013671875,260.6300048828125,340.8900146484375,552.510009765625,78.87999725341797,310.2864074707031,260.7900085449219,341.0528869628906,552.8400268554688,78.95999908447266,310.1199951171875,260.625,340.8599853515625,552.42138671875,78.87999725341797,310.2049865722656,260.7900085449219,341.0528869628906,552.5499877929688,78.91510009765625,64526,54865,16553,43240,85250
2026-08-18 11:25:00-04:00,310.2001037597656,260.635009765625,340.8800048828125,552.705078125,78.9000015258789,310.2099914550781,260.6400146484375,340.9150085449219,552.8099975585938,78.91999816894531,310.07000732421875,260.5400085449219,340.760009765625,552.2000122070312,78.86000061035156,310.20001220703125,260.635009765625,340.8299865722656,552.530029296875,78.87999725341797,63333,51041,17720,28809,44127
2026-08-18 11:26:00-04:00,310.2900085449219,260.71990966796875,340.82000732421875,552.6699829101562,78.86000061035156,310.29998779296875,260.71990966796875,340.885009765625,552.7999877929688,78.91000366210938,310.18499755859375,260.590087890625,340.69500732421875,552.427001953125,78.83260345458984,310.2099914550781,260.71990966796875,340.885009765625,552.7449951171875,78.9000015258789,51764,34711,24581,25804,63741
2026-08-18 11:27:00-04:00,310.375,260.7239990234375,340.885009765625,552.614990234375,78.87999725341797,310.44500732421875,260.7550048828125,340.8900146484375,552.72998046875,78.88999938964844,310.27020263671875,260.67999267578125,340.69000244140625,552.4199829101562,78.86000061035156,310.2799987792969,260.7239990234375,340.82000732421875,552.635009765625,78.86000061035156,50662,43068,16167,30416,37728
2026-08-18 11:28:00-04:00,310.44500732421875,260.8299865722656,340.864990234375,552.625,78.8550033569336,310.489990234375,260.8699951171875,341.0,552.6900024414062,78.87989807128906,310.375,260.739990234375,340.8399963378906,552.469970703125,78.80999755859375,310.375,260.75,340.864990234375,552.6400146484375,78.875,58853,38662,20753,31929,65840
2026-08-18 11:29:00-04:00,310.42999267578125,260.42999267578125,340.73760986328125,552.219970703125,78.75,310.45001220703125,260.8299865722656,340.9100036621094,552.72998046875,78.86000061035156,310.1300048828125,260.42999267578125,340.67999267578125,552.1699829101562,78.75,310.44500732421875,260.82501220703125,340.8900146484375,552.625,78.8550033569336,73683,54751,12552,35934,62620
2026-08-18 11:30:00-04:00,310.2799987792969,260.44000244140625,340.7200012207031,552.5499877929688,78.70999908447266,310.5198974609375,260.5199890136719,340.7900085449219,552.72998046875,78.7750015258789,310.260009765625,260.239990234375,340.54998779296875,551.8001098632812,78.70999908447266,310.42999267578125,260.45989990234375,340.6499938964844,552.219970703125,78.75499725341797,53677,56148,16558,59568,59140
2026-08-18 11:31:00-04:00,310.260009765625,260.2099914550781,340.53009033203125,551.75048828125,78.75170135498047,310.45001220703125,260.45001220703125,340.739990234375,552.5626220703125,78.7699966430664,310.2300109863281,260.1000061035156,340.5,551.6900024414062,78.68000030517578,310.2799987792969,260.42999267578125,340.739990234375,552.5626220703125,78.70999908447266,62426,62458,21266,29393,63592
2026-08-18 11:32:00-04:00,310.2099914550781,260.0918884277344,340.5400085449219,551.5297241210938,78.61979675292969,310.30999755859375,260.2699890136719,340.5899963378906,551.9741821289062,78.75,310.080810546875,260.0299987792969,340.3999938964844,551.5297241210938,78.6050033569336,310.2699890136719,260.1968078613281,340.5169982910156,551.8400268554688,78.75,46598,36174,12401,40824,104419
2026-08-18 11:33:00-04:00,310.1919860839844,260.114990234375,340.4700012207031,551.7050170898438,78.56990051269531,310.2699890136719,260.19000244140625,340.5799865722656,551.989990234375,78.61979675292969,310.07440185546875,259.9599914550781,340.3999938964844,551.5999755859375,78.55999755859375,310.19000244140625,260.04998779296875,340.5199890136719,551.6699829101562,78.61139678955078,43667,102593,21681,32685,49341
2026-08-18 11:34:00-04:00,310.05499267578125,259.82501220703125,340.5150146484375,551.6195068359375,78.51000213623047,310.20001220703125,260.1698913574219,340.5867919921875,551.8499755859375,78.56510162353516,310.0400085449219,259.82000732421875,340.4200134277344,551.3699951171875,78.51000213623047,310.19769287109375,260.1099853515625,340.4700012207031,551.6799926757812,78.55999755859375,59619,58156,26081,56239,52830
2026-08-18 11:35:00-04:00,310.1050109863281,259.8500061035156,340.2900085449219,551.97998046875,78.55999755859375,310.21929931640625,259.92999267578125,340.510009765625,552.280029296875,78.5999984741211,310.0400085449219,259.760009765625,340.2900085449219,551.594970703125,78.51000213623047,310.05499267578125,259.8320007324219,340.4700012207031,551.594970703125,78.51000213623047,48485,56915,21115,33484,82293
2026-08-18 11:36:00-04:00,310.04998779296875,259.9800109863281,340.20001220703125,552.5800170898438,78.62999725341797,310.19000244140625,260.04998779296875,340.2699890136719,552.6799926757812,78.63999938964844,310.0,259.69000244140625,340.05999755859375,551.8699951171875,78.54000091552734,310.1050109863281,259.9800109863281,340.25,552.0349731445312,78.55000305175781,53090,89710,20819,34102,61067
2026-08-18 11:37:00-04:00,310.3699951171875,260.17498779296875,340.239990234375,553.4199829101562,78.70500183105469,310.3699951171875,260.20001220703125,340.32000732421875,553.4199829101562,78.70500183105469,309.989990234375,259.9700012207031,340.20001220703125,552.47998046875,78.62999725341797,310.0450134277344,260.0,340.2300109863281,552.47998046875,78.63500213623047,84202,42880,12175,46540,55612
2026-08-18 11:38:00-04:00,310.3999938964844,260.26959228515625,340.319091796875,553.6998901367188,78.69499969482422,310.4200134277344,260.2900085449219,340.347412109375,553.8400268554688,78.72000122070312,310.25,260.1099853515625,340.2200012207031,553.2100219726562,78.68499755859375,310.3699951171875,260.19500732421875,340.2685852050781,553.3900146484375,78.70500183105469,69679,47417,12856,46174,46113
2026-08-18 11:39:00-04:00,310.32000732421875,260.3529968261719,340.4100036621094,553.77001953125,78.7249984741211,310.44000244140625,260.3529968261719,340.42999267578125,553.9400024414062,78.73500061035156,310.2799987792969,260.2449951171875,340.20001220703125,553.3900146484375,78.69000244140625,310.3999938964844,260.2799987792969,340.3085021972656,553.6895751953125,78.69000244140625,58401,41629,19631,35901,109603
2026-08-18 11:40:00-04:00,310.17999267578125,260.5299987792969,340.6300048828125,554.8049926757812,78.66500091552734,310.3699951171875,260.56988525390625,340.6300048828125,554.8200073242188,78.73500061035156,310.1700134277344,260.3699951171875,340.3774108886719,553.8096923828125,78.66500091552734,310.3262023925781,260.3699951171875,340.4226989746094,553.8599853515625,78.7249984741211,57761,51433,22774,76140,50473
2026-08-18 11:41:00-04:00,310.1400146484375,260.3900146484375,340.4549865722656,554.27001953125,78.66000366210938,310.2300109863281,260.5484924316406,340.6549987792969,554.989990234375,78.69499969482422,310.114990234375,260.3900146484375,340.4200134277344,554.0399780273438,78.63999938964844,310.2099914550781,260.5299987792969,340.619384765625,554.8049926757812,78.66999816894531,46137,40866,20495,94449,42137
2026-08-18 11:42:00-04:00,309.8699951171875,260.53619384765625,340.4646911621094,553.6500244140625,78.7249984741211,310.1499938964844,260.5660095214844,340.5,554.510009765625,78.7249984741211,309.7799987792969,260.3500061035156,340.3399963378906,553.530029296875,78.66000366210938,310.1300048828125,260.3500061035156,340.4599914550781,554.1649780273438,78.66000366210938,69692,41137,12485,44906,37934
2026-08-18 11:43:00-04:00,309.94000244140625,260.42999267578125,340.61358642578125,553.280029296875,78.64990234375,309.9599914550781,260.57000732421875,340.6700134277344,553.77001953125,78.74500274658203,309.739990234375,260.4150085449219,340.4549865722656,553.2000122070312,78.63999938964844,309.8699951171875,260.5347900390625,340.4549865722656,553.6204223632812,78.72000122070312,57323,30423,14519,40306,41451
2026-08-18 11:44:00-04:00,309.8763122558594,260.4898986816406,340.57000732421875,553.3800048828125,78.66500091552734,309.93499755859375,260.5,340.5799865722656,553.510009765625,78.68000030517578,309.80999755859375,260.3699951171875,340.4549865722656,553.1199951171875,78.62000274658203,309.93499755859375,260.4200134277344,340.5799865722656,553.1199951171875,78.6449966430664,44285,29455,17035,25963,30686
2026-08-18 11:45:00-04:00,309.9200134277344,260.4849853515625,340.57000732421875,553.6400146484375,78.69499969482422,310.0299987792969,260.510009765625,340.6400146484375,553.6799926757812,78.69999694824219,309.840087890625,260.44000244140625,340.4700012207031,552.8800048828125,78.63500213623047,309.8699951171875,260.4700012207031,340.5899963378906,553.405029296875,78.6697998046875,45986,39546,19332,42466,50669
2026-08-18 11:46:00-04:00,309.9200134277344,260.6300048828125,340.760009765625,553.3099975585938,78.70500183105469,309.9399108886719,260.6300048828125,340.82000732421875,553.7100219726562,78.70999908447266,309.8399963378906,260.4700012207031,340.5799865722656,553.239990234375,78.69000244140625,309.9200134277344,260.489990234375,340.5950012207031,553.6199951171875,78.69499969482422,51228,39877,14560,74669,27730
2026-08-18 11:47:00-04:00,309.7300109863281,260.55999755859375,340.885009765625,554.030029296875,78.7249984741211,309.95001220703125,260.659912109375,340.98291015625,554.0999755859375,78.72969818115234,309.7101135253906,260.5199890136719,340.69000244140625,553.247314453125,78.69000244140625,309.92498779296875,260.6300048828125,340.7749938964844,553.3049926757812,78.69999694824219,48316,28767,17273,43957,43153
2026-08-18 11:48:00-04:00,309.5899963378906,260.44000244140625,340.8599853515625,553.75,78.7249984741211,309.739990234375,260.5899963378906,341.0,554.8400268554688,78.73999786376953,309.4200134277344,260.3900146484375,340.8203125,553.6099853515625,78.69499969482422,309.739990234375,260.5899963378906,340.8999938964844,553.97998046875,78.7249984741211,111420,59493,17921,64784,40306
2026-08-18 11:49:00-04:00,309.6300048828125,260.5199890136719,340.79998779296875,554.1799926757812,78.73500061035156,309.67999267578125,260.5199890136719,340.9100036621094,554.3099975585938,78.73999786376953,309.5199890136719,260.3599853515625,340.6400146484375,553.25,78.66999816894531,309.6300048828125,260.44000244140625,340.8999938964844,553.7249755859375,78.7249984741211,19032981,58845,15210,32379,71005
2026-08-18 11:50:00-04:00,309.5400085449219,260.2300109863281,340.5799865722656,553.5250244140625,78.72000122070312,309.6400146484375,260.53961181640625,340.8500061035156,554.52001953125,78.75,309.4800109863281,260.2300109863281,340.5400085449219,553.5250244140625,78.71009826660156,309.6199951171875,260.510009765625,340.7900085449219,554.1799926757812,78.73500061035156,43486,50533,13109,34744,40727
2026-08-18 11:51:00-04:00,309.55999755859375,260.2200012207031,340.57000732421875,554.1599731445312,78.73200225830078,309.6000061035156,260.30999755859375,340.6499938964844,554.47998046875,78.80000305175781,309.4800109863281,260.1700134277344,340.5199890136719,553.4299926757812,78.72000122070312,309.5350036621094,260.2300109863281,340.5899963378906,553.4299926757812,78.73999786376953,46741,61834,20657,39095,83925
2026-08-18 11:52:00-04:00,309.385009765625,260.3500061035156,340.7200012207031,554.22998046875,78.74500274658203,309.5799865722656,260.3500061035156,340.7200012207031,554.27001953125,78.7499008178711,309.3399963378906,260.1300048828125,340.57000732421875,554.02001953125,78.69999694824219,309.55999755859375,260.2200927734375,340.5899963378906,554.1599731445312,78.7249984741211,54678,29097,8955,20183,31206
2026-08-18 11:53:00-04:00,309.5939025878906,260.42999267578125,340.7049865722656,554.5,78.73999786376953,309.6499938964844,260.4800109863281,340.7300109863281,554.6599731445312,78.77999877929688,309.3999938964844,260.3299865722656,340.635009765625,554.1699829101562,78.72000122070312,309.4100036621094,260.3500061035156,340.7149963378906,554.2249755859375,78.74500274658203,78965,23618,14389,21910,87388
2026-08-18 11:54:00-04:00,309.5249938964844,260.54998779296875,340.9599914550781,554.3201293945312,78.71499633789062,309.635009765625,260.6288146972656,340.9700012207031,554.6699829101562,78.74500274658203,309.5249938964844,260.45001220703125,340.6700134277344,554.219970703125,78.70279693603516,309.6099853515625,260.45001220703125,340.69000244140625,554.5592041015625,78.7300033569336,54947,27235,30989,21804,25390
2026-08-18 11:55:00-04:00,309.4390869140625,260.4849853515625,340.739990234375,554.8599853515625,78.68280029296875,309.5849914550781,260.5885009765625,341.0,555.1920166015625,78.7300033569336,309.41790771484375,260.4800109863281,340.739990234375,554.2044067382812,78.68000030517578,309.5199890136719,260.5799865722656,340.9700012207031,554.25,78.71499633789062,48501,28235,19682,61896,28108
2026-08-18 11:56:00-04:00,309.6700134277344,260.44000244140625,340.7099914550781,555.635498046875,78.72260284423828,309.739990234375,260.4599914550781,340.7550048828125,555.7999877929688,78.7300033569336,309.3999938964844,260.3869934082031,340.6099853515625,554.77001953125,78.6636962890625,309.42010498046875,260.45001220703125,340.7550048828125,554.9550170898438,78.68000030517578,97199,23375,14069,63769,25548
2026-08-18 11:57:00-04:00,309.7590026855469,260.3299865722656,340.70001220703125,554.4600219726562,78.76499938964844,309.8299865722656,260.43499755859375,340.7799987792969,555.4876098632812,78.80000305175781,309.6000061035156,260.30999755859375,340.6200866699219,554.4505004882812,78.71499633789062,309.6549987792969,260.42999267578125,340.7099914550781,555.4400024414062,78.72000122070312,105604,22622,11264,34692,50055
2026-08-18 11:58:00-04:00,309.7799987792969,260.42999267578125,340.8450012207031,554.989990234375,78.77999877929688,309.8699951171875,260.4617919921875,340.8450012207031,555.1199951171875,78.83000183105469,309.739990234375,260.30999755859375,340.6369934082031,554.0971069335938,78.76499938964844,309.7550048828125,260.3301086425781,340.70001220703125,554.5899047851562,78.7697982788086,49238,31968,14419,48653,75020
2026-08-18 11:59:00-04:00,309.5400085449219,260.3900146484375,340.9599914550781,554.6749877929688,78.75499725341797,309.760009765625,260.4375915527344,341.0,555.0900268554688,78.79499816894531,309.4949951171875,260.3699951171875,340.8450012207031,554.5800170898438,78.75,309.760009765625,260.43499755859375,340.8450012207031,555.0900268554688,78.79499816894531,170928,35911,20401,19958,26044
2026-08-18 12:00:00-04:00,309.114990234375,260.5198974609375,341.2349853515625,554.6749877929688,78.7249984741211,309.5799865722656,260.6099853515625,341.2349853515625,555.0,78.79000091552734,309.0747985839844,260.364990234375,340.95001220703125,554.580078125,78.71019744873047,309.5400085449219,260.3999938964844,340.9800109863281,554.6799926757812,78.76000213623047,140190,45562,13093,22688,48834
2026-08-18 12:01:00-04:00,309.07501220703125,260.57000732421875,341.1000061035156,554.7576904296875,78.73500061035156,309.17999267578125,260.6050109863281,341.2300109863281,554.9246215820312,78.73999786376953,309.0119934082031,260.4599914550781,341.07000732421875,554.469970703125,78.70999908447266,309.114990234375,260.5198974609375,341.2300109863281,554.5900268554688,78.72000122070312,65545,31141,12667,15900,26105
2026-08-18 12:02:00-04:00,309.2300109863281,260.5899963378906,341.1099853515625,554.3800048828125,78.66000366210938,309.2799987792969,260.7033996582031,341.17999267578125,554.780029296875,78.73999786376953,309.07000732421875,260.5899963378906,341.0289001464844,554.2899780273438,78.6500015258789,309.07501220703125,260.6000061035156,341.1000061035156,554.7050170898438,78.73500061035156,66199,29383,11252,17508,26665
2026-08-18 12:03:00-04:00,309.4599914550781,260.8703918457031,341.30999755859375,554.842529296875,78.68499755859375,309.4599914550781,260.8800048828125,341.3599853515625,554.842529296875,78.69000244140625,309.2099914550781,260.6000061035156,341.1400146484375,554.3800048828125,78.6500015258789,309.2239990234375,260.6199951171875,341.1549987792969,554.41748046875,78.66000366210938,43815,62820,19300,24982,35561
2026-08-18 12:04:00-04:00,309.4501037597656,260.9482116699219,341.3699951171875,554.8250122070312,78.69999694824219,309.5400085449219,260.95001220703125,341.4599914550781,555.1195068359375,78.72000122070312,309.4200134277344,260.8299865722656,341.239990234375,554.6201171875,78.68659973144531,309.45941162109375,260.889892578125,341.3599853515625,554.8599853515625,78.68659973144531,36607,38498,13360,22373,25431
2026-08-18 12:05:00-04:00,309.6199951171875,260.9599914550781,341.3900146484375,554.9400024414062,78.72979736328125,309.70001220703125,261.07000732421875,341.5,555.2899780273438,78.72979736328125,309.4549865722656,260.9494934082031,341.3500061035156,554.7100219726562,78.69000244140625,309.4549865722656,260.9494934082031,341.42999267578125,554.8099975585938,78.69999694824219,57921,45276,17739,23739,18954
2026-08-18 12:06:00-04:00,309.75,260.7099914550781,341.260009765625,554.47998046875,78.69409942626953,309.8099060058594,260.989990234375,341.42999267578125,555.1887817382812,78.73500061035156,309.6099853515625,260.7099914550781,341.19268798828125,554.35498046875,78.69000244140625,309.6300048828125,260.9898986816406,341.3800048828125,555.0,78.7249984741211,73729,44059,10245,22895,29728
2026-08-18 12:07:00-04:00,309.9100036621094,260.75,340.9891052246094,554.5399780273438,78.7261962890625,310.05499267578125,260.79998779296875,341.2550048828125,554.6199951171875,78.7699966430664,309.7099914550781,260.6401062011719,340.9200134277344,554.3699951171875,78.68000030517578,309.75,260.7099914550781,341.2550048828125,554.4299926757812,78.69999694824219,115416,45603,15895,22103,55943
2026-08-18 12:08:00-04:00,309.92999267578125,260.5849914550781,341.0799865722656,554.4650268554688,78.73989868164062,309.9599914550781,260.7200012207031,341.1199951171875,554.5999755859375,78.74500274658203,309.8500061035156,260.5,340.94000244140625,554.2005004882812,78.72000122070312,309.8900146484375,260.7200012207031,340.9599914550781,554.5,78.7300033569336,47570,46951,12068,34653,26475
2026-08-18 12:09:00-04:00,309.8349914550781,260.5849914550781,340.8699951171875,554.4000244140625,78.75,309.92999267578125,260.6099853515625,341.125,554.5349731445312,78.76000213623047,309.7900085449219,260.5299987792969,340.8500061035156,554.2000122070312,78.73030090332031,309.9200134277344,260.5700988769531,341.1000061035156,554.4400024414062,78.74009704589844,46798,28117,20682,25836,19242
2026-08-18 12:10:00-04:00,309.94000244140625,260.7720031738281,340.80999755859375,554.7000122070312,78.70500183105469,309.9800109863281,260.8299865722656,340.9700012207031,555.0399780273438,78.77619934082031,309.8299865722656,260.5852966308594,340.80999755859375,554.280029296875,78.70010375976562,309.840087890625,260.591796875,340.9200134277344,554.280029296875,78.75990295410156,47633,28529,16128,28532,59789
2026-08-18 12:11:00-04:00,310.3299865722656,260.7900085449219,340.8999938964844,554.1900024414062,78.74500274658203,310.3399963378906,260.8299865722656,340.92999267578125,554.75,78.7750015258789,309.95001220703125,260.739990234375,340.79998779296875,554.1900024414062,78.70500183105469,309.95001220703125,260.7550048828125,340.8399963378906,554.6400146484375,78.70500183105469,137469,26604,14466,21212,285938
2026-08-18 12:12:00-04:00,310.32501220703125,260.8100891113281,340.8949890136719,554.0999755859375,78.75499725341797,310.4150085449219,260.8399963378906,340.92999267578125,554.2899780273438,78.76000213623047,310.3067932128906,260.70330810546875,340.8204040527344,554.010009765625,78.74009704589844,310.3299865722656,260.7749938964844,340.9150085449219,554.2249755859375,78.74500274658203,53656,38749,14320,25397,14317
2026-08-18 12:13:00-04:00,310.4200134277344,260.95001220703125,340.95001220703125,553.9299926757812,78.80500030517578,310.45989990234375,261.0,340.9742126464844,554.1199951171875,78.80999755859375,310.2304992675781,260.80999755859375,340.8800048828125,553.8101196289062,78.75,310.32000732421875,260.80999755859375,340.9100036621094,554.030029296875,78.75199890136719,47733,39198,11938,35087,76222
2026-08-18 12:14:00-04:00,310.25,260.9150085449219,340.8599853515625,553.8499755859375,78.88999938964844,310.44000244140625,261.0299987792969,341.010009765625,554.1799926757812,78.88999938964844,310.25,260.9100036621094,340.8599853515625,553.7899780273438,78.80000305175781,310.3999938964844,260.95001220703125,340.9549865722656,553.9299926757812,78.80999755859375,49433,33067,16300,22497,71170
2026-08-18 12:15:00-04:00,310.1700134277344,260.8800048828125,340.7799987792969,553.860107421875,78.85230255126953,310.2900085449219,260.9849853515625,340.92999267578125,554.0599975585938,78.9000015258789,310.1502990722656,260.8500061035156,340.7699890136719,553.7899780273438,78.85230255126953,310.260009765625,260.95001220703125,340.875,553.8599853515625,78.88500213623047,44142,31788,14236,27114,49776
2026-08-18 12:16:00-04:00,310.2049865722656,260.79010009765625,340.8599853515625,553.3427124023438,78.80500030517578,310.2900085449219,260.8999938964844,340.8900146484375,553.9400024414062,78.86000061035156,310.1400146484375,260.7699890136719,340.7099914550781,553.25,78.79000091552734,310.18011474609375,260.79010009765625,340.8599853515625,553.7949829101562,78.8550033569336,45409,48906,20082,28598,33010
2026-08-18 12:17:00-04:00,310.19500732421875,261.0,341.04998779296875,553.6900024414062,78.79499816894531,310.260009765625,261.0,341.0899963378906,553.780029296875,78.810302734375,310.1400146484375,260.82000732421875,340.8699951171875,553.260009765625,78.79000091552734,310.2200012207031,260.82000732421875,340.8800048828125,553.27001953125,78.80999755859375,33875,31220,23892,18343,44050
2026-08-18 12:18:00-04:00,310.0150146484375,260.9849853515625,340.9800109863281,552.85498046875,78.84500122070312,310.2300109863281,261.04998779296875,341.0899963378906,553.739990234375,78.8550033569336,309.95001220703125,260.93499755859375,340.94000244140625,552.77001953125,78.82499694824219,310.20001220703125,261.010009765625,341.0400085449219,553.719970703125,78.82499694824219,63820,38117,14480,40297,30754
2026-08-18 12:19:00-04:00,310.2099914550781,261.010009765625,341.2300109863281,552.93017578125,78.91500091552734,310.239990234375,261.04998779296875,341.2300109863281,552.9400024414062,78.91500091552734,310.0150146484375,260.9649963378906,340.9800109863281,552.7899780273438,78.86009979248047,310.2099914550781,261.010009765625,341.010009765625,552.85498046875,78.87000274658203,21058286,38703,12995,21203,31957
2026-08-18 12:20:00-04:00,310.239990234375,261.17999267578125,341.4800109863281,553.1497192382812,78.91000366210938,310.25,261.2200012207031,341.510009765625,553.2899780273438,78.92630004882812,310.1499938964844,260.9891052246094,341.25,552.9097290039062,78.86499786376953,310.2099914550781,261.0299987792969,341.25,552.9600219726562,78.91999816894531,43807,40267,25537,26504,35224
2026-08-18 12:21:00-04:00,310.2300109863281,261.2049865722656,341.4599914550781,553.0601196289062,78.83999633789062,310.2900085449219,261.2699890136719,341.6000061035156,553.239990234375,78.93000030517578,310.2099914550781,261.1700134277344,341.4599914550781,552.9400024414062,78.8208999633789,310.25,261.19000244140625,341.4849853515625,553.1099853515625,78.91000366210938,49627,43568,34493,19948,46332
2026-08-18 12:22:00-04:00,310.1400146484375,261.32000732421875,341.57000732421875,553.4650268554688,78.87000274658203,310.2699890136719,261.4200134277344,341.61480712890625,553.5399780273438,78.87999725341797,310.1199951171875,261.2200012207031,341.4599914550781,553.0,78.83499908447266,310.25,261.2200012207031,341.5050048828125,553.0999755859375,78.84500122070312,37238,38012,16843,31009,25967
2026-08-18 12:23:00-04:00,310.1875,261.2900085449219,341.4599914550781,553.135009765625,78.8501968383789,310.19000244140625,261.3299865722656,341.522705078125,553.5499877929688,78.8949966430664,310.1000061035156,261.1600036621094,341.364990234375,553.0,78.84500122070312,310.135009765625,261.3147888183594,341.5050048828125,553.4650268554688,78.8501968383789,32513,36158,9432,24624,24511
2026-08-18 12:24:00-04:00,310.2301025390625,261.4100036621094,341.5799865722656,553.64501953125,78.88990020751953,310.260009765625,261.4100036621094,341.69000244140625,553.6699829101562,78.90989685058594,310.1199951171875,261.2300109863281,341.44000244140625,553.0701293945312,78.8302001953125,310.17999267578125,261.25,341.4599914550781,553.1649780273438,78.8499984741211,30533,38530,13841,16929,30172
2026-08-18 12:25:00-04:00,310.364990234375,261.32501220703125,341.7300109863281,553.52001953125,78.83499908447266,310.3699951171875,261.4800109863281,341.75,553.6900024414062,78.87999725341797,310.2300109863281,261.32000732421875,341.5,553.4061889648438,78.81009674072266,310.239990234375,261.4100036621094,341.57000732421875,553.64501953125,78.87999725341797,57543,80868,13452,29387,28230
2026-08-18 12:26:00-04:00,310.3900146484375,261.1400146484375,341.6698913574219,553.0499877929688,78.83509826660156,310.4684143066406,261.3500061035156,341.75,553.510009765625,78.86000061035156,310.364990234375,261.1400146484375,341.5899963378906,553.0499877929688,78.83000183105469,310.364990234375,261.30999755859375,341.75,553.510009765625,78.84500122070312,68894,51685,15528,28380,25385
2026-08-18 12:27:00-04:00,310.45001220703125,261.114990234375,341.57501220703125,552.7000122070312,78.83499908447266,310.4700012207031,261.19000244140625,341.6499938964844,553.190185546875,78.86000061035156,310.3299865722656,261.0899963378906,341.55999755859375,552.5800170898438,78.81999969482422,310.3599853515625,261.1300048828125,341.625,553.10498046875,78.83999633789062,47043,34464,8974,19331,33764
2026-08-18 12:28:00-04:00,310.4100036621094,261.010009765625,341.3399963378906,552.3900146484375,78.79979705810547,310.489990234375,261.1300048828125,341.6050109863281,552.719970703125,78.83979797363281,310.364990234375,260.92999267578125,341.2799987792969,552.219970703125,78.78309631347656,310.45001220703125,261.1300048828125,341.5799865722656,552.6099853515625,78.83499908447266,104421,47765,18089,43174,37265
2026-08-18 12:29:00-04:00,310.614990234375,261.04998779296875,341.4549865722656,551.8300170898438,78.83000183105469,310.6400146484375,261.1099853515625,341.4700012207031,552.3900146484375,78.83509826660156,310.4200134277344,261.0150146484375,341.3550109863281,551.6799926757812,78.79499816894531,310.4200134277344,261.0150146484375,341.3550109863281,552.3049926757812,78.79499816894531,74571,43312,12066,60337,29518
2026-08-18 12:30:00-04:00,310.5801086425781,261.1700134277344,341.44500732421875,551.0850219726562,78.80999755859375,310.75,261.1980895996094,341.55499267578125,552.280029296875,78.83499908447266,310.4949951171875,261.00750732421875,341.42999267578125,551.0,78.78500366210938,310.6199951171875,261.0299987792969,341.4549865722656,551.6799926757812,78.83499908447266,68138,36763,21334,99877,37171
2026-08-18 12:31:00-04:00,310.4800109863281,261.2799987792969,341.44000244140625,551.0200805664062,78.82009887695312,310.7200012207031,261.2799987792969,341.5249938964844,551.5599975585938,78.83000183105469,310.4649963378906,261.0899963378906,341.3599853515625,550.6199951171875,78.80000305175781,310.590087890625,261.135009765625,341.44500732421875,551.02001953125,78.81009674072266,55939,44356,13123,66938,21686
2026-08-18 12:32:00-04:00,310.5400085449219,261.14599609375,341.3699951171875,550.3499755859375,78.83979797363281,310.5799865722656,261.30999755859375,341.5400085449219,551.3150024414062,78.87000274658203,310.3550109863281,261.1099853515625,341.3500061035156,550.2669067382812,78.80999755859375,310.4599914550781,261.2619934082031,341.4750061035156,551.0651245117188,78.83000183105469,81686,75726,10119,41119,60816
2026-08-18 12:33:00-04:00,310.5899963378906,261.1199951171875,341.2900085449219,550.6799926757812,78.82499694824219,310.5950012207031,261.17999267578125,341.3599853515625,550.869873046875,78.8499984741211,310.4700012207031,261.0799865722656,341.25,550.35009765625,78.82499694824219,310.5400085449219,261.1400146484375,341.3599853515625,550.469970703125,78.83979797363281,41699,41535,11402,34740,24560
2026-08-18 12:34:00-04:00,310.6300048828125,261.3800048828125,341.29998779296875,551.1900024414062,78.88999938964844,310.6441955566406,261.4827880859375,341.3988037109375,551.22998046875,78.88999938964844,310.45001220703125,261.1300048828125,341.2200012207031,550.6500244140625,78.8102035522461,310.5799865722656,261.1300048828125,341.2850036621094,551.1900024414062,78.81999969482422,66293,41434,21708,42762,32045
2026-08-18 12:35:00-04:00,310.2900085449219,261.3826904296875,341.239990234375,550.9749755859375,78.82499694824219,310.67999267578125,261.5,341.385009765625,551.4031982421875,78.9000015258789,310.2799987792969,261.3299865722656,341.17999267578125,550.8200073242188,78.80010223388672,310.6199951171875,261.4100036621094,341.3399963378906,551.22998046875,78.89350128173828,56648,48062,15879,34457,32053
2026-08-18 12:36:00-04:00,310.29998779296875,261.17498779296875,341.2200012207031,550.7261962890625,78.83000183105469,310.4100036621094,261.3900146484375,341.340087890625,551.0800170898438,78.83999633789062,310.2799987792969,261.1400146484375,341.2200012207031,550.610107421875,78.80999755859375,310.29681396484375,261.3599853515625,341.260009765625,550.9299926757812,78.82499694824219,40575,54751,8671,88151,37939
2026-08-18 12:37:00-04:00,310.29998779296875,261.260009765625,341.24749755859375,550.6400146484375,78.81999969482422,310.3999938964844,261.3699951171875,341.32501220703125,551.0,78.84500122070312,310.2699890136719,261.1700134277344,341.1700134277344,550.5399780273438,78.81500244140625,310.2900085449219,261.19989013671875,341.20001220703125,550.610107421875,78.83000183105469,31576,62066,11756,40910,57940
2026-08-18 12:38:00-04:00,310.32000732421875,261.3550109863281,341.3699951171875,551.0999755859375,78.87000274658203,310.3999938964844,261.375,341.3800048828125,551.239990234375,78.87000274658203,310.2850036621094,261.260009765625,341.2300109863281,550.5701293945312,78.83000183105469,310.29998779296875,261.2650146484375,341.2699890136719,550.64208984375,78.83000183105469,31389,39378,27038,27972,30105
2026-08-18 12:39:00-04:00,310.3900146484375,261.3380126953125,341.42999267578125,551.0349731445312,78.87000274658203,310.3949890136719,261.364990234375,341.4800109863281,551.1400146484375,78.875,310.32000732421875,261.2701110839844,341.30999755859375,550.8043212890625,78.83999633789062,310.3299865722656,261.3450012207031,341.3699951171875,551.0900268554688,78.86979675292969,35467,30538,55672,17151,28260
2026-08-18 12:40:00-04:00,310.44000244140625,261.3901062011719,341.42999267578125,550.9199829101562,78.8499984741211,310.4750061035156,261.3999938964844,341.4671936035156,551.1699829101562,78.875,310.3699951171875,261.32000732421875,341.3599853515625,550.8101196289062,78.83000183105469,310.3800048828125,261.3349914550781,341.4529113769531,551.0349731445312,78.87000274658203,32363,43874,15680,30492,43002
2026-08-18 12:41:00-04:00,310.5,261.2699890136719,341.4006042480469,550.3800048828125,78.83999633789062,310.5,261.3900146484375,341.4549865722656,550.8599853515625,78.84989929199219,310.3486022949219,261.2550048828125,341.3599853515625,550.3699951171875,78.81999969482422,310.44500732421875,261.3900146484375,341.4549865722656,550.8599853515625,78.83999633789062,37434,34573,6035,30355,25361
2026-08-18 12:42:00-04:00,310.42999267578125,261.32000732421875,341.3399963378906,550.22998046875,78.83000183105469,310.5,261.3450012207031,341.42999267578125,550.6694946289062,78.83999633789062,310.4150085449219,261.260009765625,341.2904968261719,550.1799926757812,78.82499694824219,310.4949951171875,261.2699890136719,341.3399963378906,550.4400024414062,78.83999633789062,60056,32307,9311,40211,30081
2026-08-18 12:43:00-04:00,310.42999267578125,261.2850036621094,341.239990234375,550.3900146484375,78.88030242919922,310.5398864746094,261.30999755859375,341.3399963378906,550.469970703125,78.88500213623047,310.4200134277344,261.2149963378906,341.1700134277344,550.239990234375,78.81999969482422,310.44500732421875,261.29998779296875,341.3299865722656,550.4166259765625,78.82499694824219,35336,25742,8740,22053,33021
2026-08-18 12:44:00-04:00,310.4599914550781,261.54998779296875,341.2300109863281,550.844970703125,78.8550033569336,310.5,261.54998779296875,341.239990234375,550.9600219726562,78.88999938964844,310.41351318359375,261.2850036621094,341.19000244140625,550.364990234375,78.8550033569336,310.4200134277344,261.3066101074219,341.239990234375,550.364990234375,78.88009643554688,37878,38438,7785,25013,27383
2026-08-18 12:45:00-04:00,310.4100036621094,261.5849914550781,341.0299987792969,550.8300170898438,78.8550033569336,310.4700012207031,261.6000061035156,341.239990234375,551.0999145507812,78.86000061035156,310.3599853515625,261.489990234375,341.0299987792969,550.5700073242188,78.81999969482422,310.4599914550781,261.54998779296875,341.239990234375,550.8499755859375,78.8499984741211,35491,30158,15868,26334,24833
2026-08-18 12:46:00-04:00,310.3999938964844,261.69500732421875,341.1803894042969,551.655029296875,78.84989929199219,310.4599914550781,261.75,341.2699890136719,551.7000122070312,78.8687973022461,310.375,261.5815124511719,341.0400085449219,550.7418823242188,78.84940338134766,310.4176940917969,261.5849914550781,341.1803894042969,550.843994140625,78.8499984741211,45632,49980,11432,35821,25818
2026-08-18 12:47:00-04:00,310.239990234375,261.7049865722656,341.2799987792969,551.3699951171875,78.81999969482422,310.4100036621094,261.7099914550781,341.3699951171875,551.8150024414062,78.86499786376953,310.20001220703125,261.6099853515625,341.2101135253906,551.2509765625,78.80999755859375,310.4100036621094,261.67999267578125,341.2200012207031,551.7000122070312,78.86000061035156,52414,21704,12123,41174,26790
2026-08-18 12:48:00-04:00,310.2799987792969,261.75,341.2099914550781,551.260009765625,78.83830261230469,310.3299865722656,261.8399963378906,341.30499267578125,551.4650268554688,78.86000061035156,310.2101135253906,261.7049865722656,341.1400146484375,551.260009765625,78.82499694824219,310.2449951171875,261.7099914550781,341.260009765625,551.3499755859375,78.82499694824219,36524,59641,13898,26102,30735
2026-08-18 12:49:00-04:00,310.3349914550781,261.6600036621094,341.1400146484375,551.3800048828125,78.83000183105469,310.3399963378906,261.8399963378906,341.2149963378906,551.4199829101562,78.83999633789062,310.260009765625,261.6000061035156,341.0799865722656,551.1300048828125,78.80999755859375,310.2900085449219,261.7900085449219,341.2149963378906,551.2899780273438,78.83499908447266,30348,54636,9542,37828,879350
2026-08-18 12:50:00-04:00,310.3699951171875,261.7200012207031,341.1300048828125,551.2949829101562,78.78500366210938,310.4200134277344,261.7900085449219,341.25,551.6500244140625,78.83999633789062,310.32000732421875,261.6878967285156,341.1300048828125,551.280029296875,78.78500366210938,310.3699951171875,261.70001220703125,341.1700134277344,551.4299926757812,78.81500244140625,34054,32070,10601,33084,32195
2026-08-18 12:51:00-04:00,310.67999267578125,261.67999267578125,341.13299560546875,551.1799926757812,78.73999786376953,310.760009765625,261.739990234375,341.1650085449219,551.5900268554688,78.78510284423828,310.2921142578125,261.6400146484375,341.1000061035156,551.1500244140625,78.7249984741211,310.375,261.7200012207031,341.1400146484375,551.2949829101562,78.78510284423828,164006,31415,14763,33951,52239
2026-08-18 12:52:00-04:00,310.4800109863281,261.67498779296875,341.1300048828125,550.4144287109375,78.74500274658203,310.7300109863281,261.7300109863281,341.1499938964844,551.1799926757812,78.75499725341797,310.3999938964844,261.56500244140625,341.04998779296875,550.3619995117188,78.72000122070312,310.6700134277344,261.71990966796875,341.1300048828125,551.1799926757812,78.74500274658203,53601,26090,11760,30011,34689
2026-08-18 12:53:00-04:00,310.50030517578125,261.8699951171875,341.20001220703125,550.9199829101562,78.80999755859375,310.5799865722656,261.8900146484375,341.2200012207031,551.1776123046875,78.81500244140625,310.44000244140625,261.7099914550781,341.1050109863281,550.1900024414062,78.75,310.50030517578125,261.7099914550781,341.1300048828125,550.4249877929688,78.75,32251,33007,7488,50445,29154
2026-08-18 12:54:00-04:00,310.4200134277344,262.0299987792969,341.3500061035156,550.9949951171875,78.81999969482422,310.5299987792969,262.04998779296875,341.44830322265625,551.2100219726562,78.83999633789062,310.41009521484375,261.8800048828125,341.1650085449219,550.739990234375,78.80999755859375,310.5,261.8800048828125,341.17999267578125,550.9600219726562,78.81500244140625,30770,70407,8093,21552,23550
2026-08-18 12:55:00-04:00,310.5400085449219,261.9150085449219,341.43499755859375,550.8109741210938,78.80999755859375,310.5400085449219,262.07501220703125,341.5299987792969,551.2100219726562,78.84500122070312,310.4200134277344,261.885009765625,341.2300109863281,550.8109741210938,78.80010223388672,310.4200134277344,262.05999755859375,341.3900146484375,551.00341796875,78.81999969482422,41472,56995,19234,20134,37477
2026-08-18 12:56:00-04:00,310.6449890136719,261.9200134277344,341.4725036621094,551.0599975585938,78.81500244140625,310.7099914550781,261.9949951171875,341.5299987792969,551.22412109375,78.83000183105469,310.55499267578125,261.89111328125,341.3999938964844,550.7999877929688,78.80999755859375,310.55499267578125,261.94000244140625,341.43499755859375,550.7999877929688,78.81500244140625,37933,36333,15387,27169,15986
2026-08-18 12:57:00-04:00,310.6600036621094,261.8699951171875,341.2900085449219,550.8001098632812,78.8218002319336,310.6990051269531,261.9200134277344,341.4549865722656,551.0599975585938,78.84989929199219,310.6105041503906,261.8450012207031,341.260009765625,550.7999877929688,78.81999969482422,310.6400146484375,261.8800048828125,341.42999267578125,551.010009765625,78.81999969482422,31190,18786,13701,21552,20823
2026-08-18 12:58:00-04:00,310.7300109863281,261.91009521484375,341.3699035644531,550.7150268554688,78.8499984741211,310.7300109863281,261.9200134277344,341.3699035644531,550.9199829101562,78.8499984741211,310.6700134277344,261.8301086425781,341.2699890136719,550.3300170898438,78.81999969482422,310.6700134277344,261.8500061035156,341.2799987792969,550.844970703125,78.83499908447266,28646,37979,13884,32514,17243
2026-08-18 12:59:00-04:00,310.75,261.9100036621094,341.30499267578125,550.4432983398438,78.81500244140625,310.760009765625,261.97650146484375,341.3999938964844,550.719970703125,78.86000061035156,310.7200012207031,261.8900146484375,341.2900085449219,550.4412231445312,78.80999755859375,310.7349853515625,261.9200134277344,341.3699951171875,550.7150268554688,78.81500244140625,36588,33919,13458,30389,31269
2026-08-18 13:00:00-04:00,310.8504943847656,261.8092956542969,341.2699890136719,550.969970703125,78.87779998779297,310.9200134277344,261.9049987792969,341.30999755859375,551.0800170898438,78.93000030517578,310.739990234375,261.7601013183594,341.19000244140625,550.3001098632812,78.80000305175781,310.7401123046875,261.9049987792969,341.2900085449219,550.3800048828125,78.80999755859375,63435,57433,10539,31288,77365
2026-08-18 13:01:00-04:00,310.69000244140625,261.760009765625,341.1700134277344,550.8499755859375,78.89990234375,310.94000244140625,261.8450012207031,341.3699951171875,551.0250244140625,78.9000015258789,310.6787109375,261.739990234375,341.1700134277344,550.739990234375,78.85030364990234,310.8550109863281,261.82501220703125,341.2749938964844,550.9400024414062,78.875,58800,33172,6537,33630,39714
2026-08-18 13:02:00-04:00,310.70001220703125,261.80999755859375,341.2550048828125,551.27001953125,78.86499786376953,310.7149963378906,261.8699951171875,341.29998779296875,551.27001953125,78.88999938964844,310.6099853515625,261.75,341.1000061035156,550.8900146484375,78.85030364990234,310.70001220703125,261.7650146484375,341.1600036621094,550.8900146484375,78.88999938964844,42346,34145,10595,21986,28253
2026-08-18 13:03:00-04:00,310.6400146484375,261.7850036621094,341.2300109863281,551.0850219726562,78.83979797363281,310.7300109863281,261.81988525390625,341.2900085449219,551.2999877929688,78.86990356445312,310.6000061035156,261.75,341.1600036621094,551.0565795898438,78.81999969482422,310.7099914550781,261.7900085449219,341.239990234375,551.27001953125,78.86990356445312,31190,53653,9552,22808,28037
2026-08-18 13:04:00-04:00,310.6499938964844,261.8349914550781,341.2200012207031,551.1199951171875,78.80000305175781,310.70001220703125,261.8800048828125,341.2799987792969,551.219970703125,78.83989715576172,310.5450134277344,261.6600036621094,341.19000244140625,550.9500122070312,78.79499816894531,310.6400146484375,261.7900085449219,341.2300109863281,551.12939453125,78.83989715576172,856720,95288,12022,18073,33971
2026-08-18 13:05:00-04:00,310.54998779296875,261.760009765625,340.9200134277344,550.8150024414062,78.7699966430664,310.7049865722656,261.8599853515625,341.20001220703125,551.2100219726562,78.80999755859375,310.54998779296875,261.75,340.8599853515625,550.7899780273438,78.76139831542969,310.6499938964844,261.8299865722656,341.20001220703125,551.1199951171875,78.80979919433594,35560,35186,14104,23850,19997
2026-08-18 13:06:00-04:00,310.68499755859375,261.75,340.8599853515625,550.6511840820312,78.78500366210938,310.7493896484375,261.82000732421875,340.95001220703125,550.9099731445312,78.79509735107422,310.5400085449219,261.7392883300781,340.8299865722656,550.4105224609375,78.76409912109375,310.54998779296875,261.7749938964844,340.8800048828125,550.8200073242188,78.77010345458984,41640,33838,10614,25355,21320
2026-08-18 13:07:00-04:00,310.71759033203125,261.7799987792969,340.82000732421875,550.469970703125,78.76499938964844,310.7900085449219,261.84991455078125,340.889892578125,550.780029296875,78.83000183105469,310.69000244140625,261.7500915527344,340.7900085449219,550.4509887695312,78.75,310.69000244140625,261.7650146484375,340.8599853515625,550.614990234375,78.77999877929688,39955,36577,11518,24964,105192
2026-08-18 13:08:00-04:00,310.7300109863281,261.9049987792969,340.8299865722656,550.6099853515625,78.77999877929688,310.75,261.9700012207031,340.8900146484375,550.6799926757812,78.78500366210938,310.6600036621094,261.7550048828125,340.7806091308594,550.4299926757812,78.76000213623047,310.7200927734375,261.7898864746094,340.79998779296875,550.4299926757812,78.76000213623047,38132,55547,17864,23813,17331
2026-08-18 13:09:00-04:00,310.7349853515625,262.0400085449219,340.9750061035156,550.9099731445312,78.7699966430664,310.75,262.07000732421875,340.9800109863281,550.9976196289062,78.78880310058594,310.6650085449219,261.9100036621094,340.80999755859375,550.4400024414062,78.76000213623047,310.7200012207031,261.9100036621094,340.80999755859375,550.5650024414062,78.78880310058594,31621,55429,10971,29161,24802
2026-08-18 13:10:00-04:00,310.67999267578125,261.8699951171875,340.7799987792969,550.7999877929688,78.77999877929688,310.75,262.1400146484375,340.9700012207031,551.0900268554688,78.80000305175781,310.6400146484375,261.8399963378906,340.7799987792969,550.7899780273438,78.7699966430664,310.7349853515625,262.0400085449219,340.9700012207031,550.93701171875,78.79000091552734,43571,63993,8453,17458,26136
2026-08-18 13:11:00-04:00,310.6400146484375,261.80999755859375,340.8599853515625,550.6505126953125,78.73999786376953,310.739990234375,261.8915100097656,340.8599853515625,550.85498046875,78.77999877929688,310.6300048828125,261.760009765625,340.7699890136719,550.4600219726562,78.73999786376953,310.67999267578125,261.8301086425781,340.7950134277344,550.7919921875,78.7750015258789,33731,75569,12628,31120,24531
2026-08-18 13:12:00-04:00,310.625,261.94989013671875,340.9898986816406,551.213623046875,78.73999786376953,310.6700134277344,261.94989013671875,341.0,551.25,78.73999786376953,310.55999755859375,261.82000732421875,340.8299865722656,550.760009765625,78.73999786376953,310.6400146484375,261.82000732421875,340.8299865722656,550.7675170898438,78.73999786376953,37932,32252,11618,21611,31033
2026-08-18 13:13:00-04:00,310.58990478515625,261.8500061035156,340.92999267578125,550.7100219726562,78.7300033569336,310.64990234375,261.9649963378906,340.9700012207031,551.22998046875,78.73989868164062,310.57000732421875,261.8175048828125,340.8999938964844,550.7100219726562,78.71499633789062,310.6300048828125,261.95001220703125,340.95001220703125,551.2249755859375,78.7300033569336,31125,19918,9741,30915,23999
2026-08-18 13:14:00-04:00,310.57000732421875,261.80999755859375,341.0220031738281,550.7369995117188,78.73030090332031,310.6221923828125,261.8699951171875,341.0400085449219,550.9000244140625,78.73600006103516,310.56500244140625,261.7666015625,340.8302917480469,550.530029296875,78.70169830322266,310.5899963378906,261.8599853515625,340.92999267578125,550.7550048828125,78.72000122070312,37205,29065,21688,16412,27815
2026-08-18 13:15:00-04:00,310.42498779296875,261.7200012207031,340.8699951171875,550.489990234375,78.6843032836914,310.57501220703125,261.80999755859375,341.0899963378906,551.0,78.73999786376953,310.4132080078125,261.6700134277344,340.8399963378906,550.3800048828125,78.68000030517578,310.57501220703125,261.80499267578125,341.05999755859375,550.8200073242188,78.73989868164062,57681,142353,14878,27638,29294
2026-08-18 13:16:00-04:00,310.42999267578125,261.7650146484375,340.79998779296875,550.0800170898438,78.66500091552734,310.4999084472656,261.82000732421875,340.9649963378906,550.4500122070312,78.69999694824219,310.4200134277344,261.7200012207031,340.760009765625,550.0399780273438,78.65499877929688,310.42498779296875,261.7398986816406,340.8699951171875,550.0800170898438,78.68000030517578,36304,35000,15700,41464,31440
2026-08-18 13:17:00-04:00,310.3999938964844,261.8299865722656,340.7799987792969,550.02001953125,78.68000030517578,310.4700012207031,261.8299865722656,340.81988525390625,550.1799926757812,78.68499755859375,310.3399963378906,261.739990234375,340.739990234375,549.9500122070312,78.66500091552734,310.4150085449219,261.7799072265625,340.7799987792969,550.0750122070312,78.68000030517578,29610,33122,10880,102726,20971
2026-08-18 13:18:00-04:00,310.5799865722656,261.80999755859375,340.82000732421875,549.6801147460938,78.68499755859375,310.6000061035156,261.8799133300781,340.82000732421875,550.0,78.71499633789062,310.4049987792969,261.79998779296875,340.69000244140625,549.6500244140625,78.66500091552734,310.4049987792969,261.8494873046875,340.7699890136719,550.0,78.68000030517578,36373,26189,9875,30735,39195
2026-08-18 13:19:00-04:00,310.6499938964844,261.82501220703125,340.8500061035156,550.0999755859375,78.69999694824219,310.6600036621094,261.87921142578125,340.89990234375,550.2999267578125,78.71499633789062,310.5849914550781,261.7701110839844,340.7799987792969,549.6500244140625,78.68000030517578,310.5849914550781,261.80499267578125,340.80999755859375,549.780029296875,78.68730163574219,40085,36172,19715,32758,55337
2026-08-18 13:20:00-04:00,310.6099853515625,261.80999755859375,340.7149963378906,549.969970703125,78.66500091552734,310.67999267578125,261.8799133300781,340.8599853515625,550.4299926757812,78.69999694824219,310.6099853515625,261.7701110839844,340.67999267578125,549.8800048828125,78.66500091552734,310.6600036621094,261.82501220703125,340.8399963378906,550.0999755859375,78.69719696044922,37424,38837,12263,34857,25425
2026-08-18 13:21:00-04:00,310.7099914550781,261.82000732421875,340.7699890136719,549.8021850585938,78.6449966430664,310.7200012207031,261.8299865722656,340.82000732421875,550.2125244140625,78.66999816894531,310.5899963378906,261.70001220703125,340.70001220703125,549.8021850585938,78.63999938964844,310.6099853515625,261.79998779296875,340.7200012207031,550.0250244140625,78.66500091552734,38865,20601,11654,20580,29440
2026-08-18 13:22:00-04:00,310.67730712890625,261.6650085449219,340.6700134277344,549.6099853515625,78.68000030517578,310.7300109863281,261.80499267578125,340.7799987792969,549.8800048828125,78.69999694824219,310.6400146484375,261.5199890136719,340.6499938964844,549.4500122070312,78.64189910888672,310.7149963378906,261.80499267578125,340.7550048828125,549.875,78.6449966430664,28202,162369,11732,54367,31543
2026-08-18 13:23:00-04:00,310.6900939941406,261.625,340.6499938964844,549.2698974609375,78.69000244140625,310.70001220703125,261.69000244140625,340.739990234375,549.5999755859375,78.69000244140625,310.5799865722656,261.6083984375,340.6400146484375,549.1201171875,78.65499877929688,310.6700134277344,261.6650085449219,340.67999267578125,549.5700073242188,78.66999816894531,23872,23163,22626,64518,31573
2026-08-18 13:24:00-04:00,310.7002868652344,261.68499755859375,340.70001220703125,548.89990234375,78.68769836425781,310.7699890136719,261.7300109863281,340.739990234375,549.260009765625,78.69499969482422,310.6881103515625,261.6195068359375,340.6499938964844,548.8001098632812,78.68000030517578,310.69000244140625,261.6195068359375,340.70001220703125,549.1900024414062,78.69000244140625,37086,26199,24877,46966,20301
2026-08-18 13:25:00-04:00,310.44000244140625,261.44000244140625,340.5199890136719,548.2661743164062,78.62999725341797,310.70001220703125,261.70001220703125,340.75,548.9500122070312,78.68499755859375,310.4049987792969,261.4100036621094,340.4599914550781,548.2501220703125,78.62999725341797,310.70001220703125,261.6700134277344,340.70001220703125,548.8499755859375,78.62999725341797,43664,35581,16166,37761,22042
2026-08-18 13:26:00-04:00,310.3923034667969,261.3500061035156,340.6199951171875,548.9500122070312,78.58999633789062,310.44000244140625,261.45001220703125,340.6199951171875,548.9552001953125,78.62000274658203,310.3299865722656,261.30999755859375,340.5,548.2501220703125,78.57060241699219,310.42498779296875,261.42999267578125,340.5199890136719,548.3900146484375,78.58999633789062,24506,35981,10100,42636,32496
2026-08-18 13:27:00-04:00,310.3500061035156,261.1400146484375,340.6499938964844,548.7899780273438,78.59500122070312,310.3900146484375,261.3399963378906,340.6700134277344,549.219970703125,78.6050033569336,310.30999755859375,261.1340026855469,340.510009765625,548.6199951171875,78.56999969482422,310.3900146484375,261.32000732421875,340.625,548.9301147460938,78.5999984741211,29614,34942,11402,84060,36935
2026-08-18 13:28:00-04:00,310.3399963378906,261.05999755859375,340.6549987792969,548.7100219726562,78.625,310.3800048828125,261.1600036621094,340.70001220703125,548.8699951171875,78.62999725341797,310.2701110839844,261.0400085449219,340.6099853515625,548.6500244140625,78.5999984741211,310.3500061035156,261.1481018066406,340.6549987792969,548.8699951171875,78.5999984741211,30506,32995,11904,37077,30707
2026-08-18 13:29:00-04:00,310.3999938964844,260.8900146484375,340.75,548.9199829101562,78.61499786376953,310.4100036621094,261.0498962402344,340.75,549.02001953125,78.62999725341797,310.32000732421875,260.8699951171875,340.5899963378906,548.6199951171875,78.61000061035156,310.3450012207031,261.0141906738281,340.6400146484375,548.6701049804688,78.62999725341797,25623,60211,10036,33434,18434
2026-08-18 13:30:00-04:00,310.239990234375,260.6600036621094,340.7349853515625,548.50732421875,78.55000305175781,310.44000244140625,260.8699951171875,340.885009765625,548.9600219726562,78.61499786376953,310.2200012207031,260.6499938964844,340.7349853515625,548.4000244140625,78.54000091552734,310.3999938964844,260.8699951171875,340.739990234375,548.9577026367188,78.61499786376953,44129,48005,12714,31022,35761
2026-08-18 13:31:00-04:00,310.2900085449219,260.639892578125,340.8550109863281,548.625,78.57990264892578,310.319091796875,260.7300109863281,340.875,549.02001953125,78.57990264892578,310.1199951171875,260.4599914550781,340.7434997558594,548.4000244140625,78.55000305175781,310.2349853515625,260.6700134277344,340.7449951171875,548.5650024414062,78.55500030517578,64354,74205,13416,62201,27708
2026-08-18 13:32:00-04:00,310.19000244140625,260.510009765625,340.8500061035156,548.969970703125,78.58450317382812,310.32000732421875,260.639892578125,340.8999938964844,549.1099853515625,78.58999633789062,310.1700134277344,260.4100036621094,340.8299865722656,548.5902099609375,78.56999969482422,310.19000244140625,260.639892578125,340.8550109863281,548.60498046875,78.57990264892578,28180,50968,17130,55463,28031
2026-08-18 13:33:00-04:00,310.0249938964844,260.489990234375,340.75,549.0900268554688,78.59500122070312,310.1700134277344,260.5798034667969,340.8500061035156,549.1300048828125,78.60990142822266,309.9599914550781,260.4601135253906,340.7099914550781,548.8599853515625,78.57009887695312,310.1700134277344,260.5199890136719,340.82000732421875,549.0499877929688,78.58499908447266,50471,41093,7144,22943,31374
2026-08-18 13:34:00-04:00,310.1000061035156,260.57000732421875,340.739990234375,548.9099731445312,78.55500030517578,310.1300048828125,260.72918701171875,340.760009765625,549.0999755859375,78.5999984741211,310.010009765625,260.360107421875,340.6700134277344,548.8104858398438,78.55000305175781,310.0199890136719,260.489990234375,340.7349853515625,549.0999755859375,78.5999984741211,74513,131438,9433,27634,47618
2026-08-18 13:35:00-04:00,310.0849914550781,260.5899963378906,340.7149963378906,548.3200073242188,78.5604019165039,310.1700134277344,260.5899963378906,340.79998779296875,548.969970703125,78.56999969482422,310.0610046386719,260.3999938964844,340.67999267578125,548.22998046875,78.52999877929688,310.1050109863281,260.5849914550781,340.7550048828125,548.9099731445312,78.55500030517578,1324064,41036,9072,35298,42570
2026-08-18 13:36:00-04:00,310.2699890136719,260.69000244140625,340.6449890136719,547.7274780273438,78.54499816894531,310.2900085449219,260.69000244140625,340.7799987792969,548.3900146484375,78.57219696044922,310.0849914550781,260.5299987792969,340.6099853515625,547.6099853515625,78.52999877929688,310.0851135253906,260.56719970703125,340.7550048828125,548.3200073242188,78.55809783935547,70025,34555,8569,61778,23409
2026-08-18 13:37:00-04:00,310.135009765625,260.510009765625,340.6099853515625,547.2100219726562,78.54000091552734,310.2699890136719,260.69989013671875,340.67999267578125,547.8099975585938,78.55999755859375,310.10198974609375,260.5000915527344,340.6099853515625,547.1300048828125,78.54000091552734,310.2699890136719,260.68499755859375,340.6099853515625,547.7100219726562,78.54000091552734,28769,61406,10693,59285,30374
2026-08-18 13:38:00-04:00,310.16009521484375,260.6700134277344,340.70001220703125,547.9650268554688,78.4749984741211,310.19000244140625,260.69000244140625,340.75,548.0299072265625,78.55999755859375,310.0903015136719,260.510009765625,340.56500244140625,547.1500244140625,78.47000122070312,310.1199951171875,260.510009765625,340.6099853515625,547.1500244140625,78.54499816894531,48557,33719,15195,49317,80424
2026-08-18 13:39:00-04:00,310.1300048828125,260.75,340.6499938964844,547.655029296875,78.44000244140625,310.19000244140625,260.7900085449219,340.7099914550781,547.9099731445312,78.4800033569336,310.1099853515625,260.6400146484375,340.6300048828125,547.6199951171875,78.44000244140625,310.1542053222656,260.6600036621094,340.6499938964844,547.9099731445312,78.44000244140625,24991,41125,13833,22021,28893
2026-08-18 13:40:00-04:00,310.19000244140625,260.65008544921875,340.6499938964844,547.4099731445312,78.40959930419922,310.2300109863281,260.77490234375,340.8599853515625,547.844970703125,78.44000244140625,310.04998779296875,260.6199951171875,340.625,547.4000244140625,78.40670013427734,310.135009765625,260.7301025390625,340.6600036621094,547.64501953125,78.44000244140625,42643,24683,16655,35130,33509
2026-08-18 13:41:00-04:00,310.0899963378906,260.6300048828125,340.7699890136719,547.4400024414062,78.42500305175781,310.20001220703125,260.6700134277344,340.7900085449219,547.4400024414062,78.44000244140625,310.04998779296875,260.6000061035156,340.67999267578125,547.280029296875,78.38999938964844,310.17999267578125,260.6600036621094,340.67999267578125,547.4177856445312,78.40010070800781,24184,26914,8525,34446,45815
2026-08-18 13:42:00-04:00,310.0589904785156,260.639892578125,340.7900085449219,547.2100219726562,78.44000244140625,310.1099853515625,260.6400146484375,340.79998779296875,547.4299926757812,78.44090270996094,310.04998779296875,260.5899963378906,340.7300109863281,547.0401000976562,78.41500091552734,310.0799865722656,260.6400146484375,340.7699890136719,547.2100219726562,78.44000244140625,26639,15094,14984,36613,127649
2026-08-18 13:43:00-04:00,310.0350036621094,260.6300048828125,340.8799133300781,546.8049926757812,78.4749984741211,310.0799865722656,260.6799011230469,340.8900146484375,547.1799926757812,78.47979736328125,310.010009765625,260.5950012207031,340.80999755859375,546.7200927734375,78.41999816894531,310.0586853027344,260.6130065917969,340.80999755859375,547.1699829101562,78.44000244140625,29826,24675,10802,74925,28284
2026-08-18 13:44:00-04:00,310.0400085449219,260.65948486328125,340.9996032714844,546.6500244140625,78.4749984741211,310.0599060058594,260.739990234375,341.07000732421875,546.8900146484375,78.50509643554688,309.8699951171875,260.6199951171875,340.8699951171875,546.4299926757812,78.45999908447266,310.0299987792969,260.65948486328125,340.8699951171875,546.8049926757812,78.4749984741211,55419,34931,100108,72583,58563
2026-08-18 13:45:00-04:00,310.1499938964844,260.69000244140625,340.94000244140625,547.0499877929688,78.55000305175781,310.1731872558594,260.75,341.0350036621094,547.2899780273438,78.55999755859375,310.0375061035156,260.6400146484375,340.94000244140625,546.6738891601562,78.4749984741211,310.0400085449219,260.6600036621094,340.989990234375,546.6900024414062,78.4749984741211,38658,35351,21998,48551,34225
2026-08-18 13:46:00-04:00,310.1000061035156,260.70709228515625,340.95001220703125,547.2550048828125,78.58879852294922,310.20001220703125,260.7799987792969,341.0199890136719,547.2999877929688,78.58879852294922,310.07000732421875,260.6549987792969,340.94000244140625,546.9299926757812,78.54499816894531,310.1499938964844,260.67999267578125,340.9700012207031,547.0999145507812,78.55500030517578,53756,28487,10200,45432,23154
2026-08-18 13:47:00-04:00,310.1908874511719,260.69000244140625,340.9549865722656,546.7650146484375,78.58000183105469,310.2300109863281,260.739990234375,340.9700012207031,547.4299926757812,78.60990142822266,310.1000061035156,260.67498779296875,340.8999938964844,546.7100219726562,78.58000183105469,310.1000061035156,260.7149963378906,340.9599914550781,547.2550048828125,78.58789825439453,30369,23348,16633,16853667,28829
2026-08-18 13:48:00-04:00,310.1400146484375,260.57000732421875,341.04998779296875,546.8200073242188,78.55999755859375,310.20001220703125,260.70001220703125,341.04998779296875,547.25,78.58000183105469,310.1099853515625,260.57000732421875,340.8999938964844,546.6799926757812,78.55500030517578,310.20001220703125,260.69000244140625,340.9549865722656,546.7100219726562,78.58000183105469,32742,29267,14509,54204,27153
2026-08-18 13:49:00-04:00,310.114990234375,260.5400085449219,341.0299987792969,547.14501953125,78.54499816894531,310.20001220703125,260.56500244140625,341.1000061035156,547.1699829101562,78.55500030517578,310.1000061035156,260.44000244140625,340.9800109863281,546.69287109375,78.5199966430664,310.1449890136719,260.5635986328125,341.06500244140625,546.7911987304688,78.55500030517578,44928,44213,9857,36782,25233
2026-08-18 13:50:00-04:00,310.1000061035156,260.4599914550781,341.05999755859375,547.6849975585938,78.53500366210938,310.1400146484375,260.55999755859375,341.0849914550781,547.72998046875,78.55500030517578,310.05999755859375,260.3299865722656,340.989990234375,547.0900268554688,78.52999877929688,310.114990234375,260.55999755859375,341.0350036621094,547.1123046875,78.54499816894531,36997,50391,10350,32347,26378
2026-08-18 13:51:00-04:00,310.17498779296875,260.5799865722656,341.1099853515625,547.8900146484375,78.54000091552734,310.20001220703125,260.5950012207031,341.1700134277344,547.9249877929688,78.54000091552734,310.0899963378906,260.44000244140625,341.04998779296875,547.6400146484375,78.5199966430664,310.17498779296875,260.4599914550781,341.04998779296875,547.6849975585938,78.54000091552734,35351,29831,9650,36809,34355
2026-08-18 13:52:00-04:00,310.1300048828125,260.6099853515625,341.1199951171875,548.0999755859375,78.55500030517578,310.17999267578125,260.6249084472656,341.1700134277344,548.27001953125,78.55999755859375,310.0799865722656,260.53009033203125,341.0950012207031,547.840087890625,78.5250015258789,310.17999267578125,260.6000061035156,341.1199951171875,548.0,78.54499816894531,36399,26951,8009,29805,31894
2026-08-18 13:53:00-04:00,310.125,260.5899963378906,341.1050109863281,547.8599853515625,78.61499786376953,310.1700134277344,260.6700134277344,341.2239074707031,548.280029296875,78.62999725341797,310.1099853515625,260.5849914550781,341.1050109863281,547.8400268554688,78.55000305175781,310.1300048828125,260.6099853515625,341.1600036621094,548.2412719726562,78.55000305175781,30664,35253,262247,34575,36875
2026-08-18 13:54:00-04:00,310.17999267578125,260.614990234375,341.20001220703125,548.114990234375,78.62999725341797,310.17999267578125,260.6200866699219,341.25,548.139892578125,78.62999725341797,310.125,260.55010986328125,341.1050109863281,547.8250122070312,78.61000061035156,310.125,260.5899963378906,341.1050109863281,547.8400268554688,78.61499786376953,44393,17634,13010,25647,31120
2026-08-18 13:55:00-04:00,310.2200012207031,260.6199951171875,341.1700134277344,547.6649780273438,78.63500213623047,310.2699890136719,260.6400146484375,341.23480224609375,548.1300048828125,78.63999938964844,310.19500732421875,260.53009033203125,341.07000732421875,547.5,78.5999984741211,310.19500732421875,260.6400146484375,341.2250061035156,548.0999755859375,78.63359832763672,45834,23368,9123,32585,70149
2026-08-18 13:56:00-04:00,310.20001220703125,260.57000732421875,341.1650085449219,547.6400146484375,78.62000274658203,310.2300109863281,260.625,341.20001220703125,547.6699829101562,78.63500213623047,310.1600036621094,260.57000732421875,341.1499938964844,547.4450073242188,78.61000061035156,310.2049865722656,260.625,341.19000244140625,547.6099853515625,78.63009643554688,36591,23474,10058,37475,22445
2026-08-18 13:57:00-04:00,310.19000244140625,260.6600036621094,341.1199951171875,548.1287841796875,78.6697998046875,310.239990234375,260.6724853515625,341.18780517578125,548.1699829101562,78.66999816894531,310.17999267578125,260.58990478515625,341.1199951171875,547.594970703125,78.62010192871094,310.20001220703125,260.58990478515625,341.1499938964844,547.594970703125,78.625,43261,36066,11090,28504,26041
2026-08-18 13:58:00-04:00,310.1400146484375,260.54998779296875,340.9800109863281,547.77001953125,78.63500213623047,310.2149963378906,260.7900085449219,341.16009521484375,548.2000122070312,78.66999816894531,310.07000732421875,260.54998779296875,340.9599914550781,547.77001953125,78.62010192871094,310.19000244140625,260.54998779296875,341.1499938964844,548.1281127929688,78.66500091552734,46033,52630,11319,34731,42148
2026-08-18 13:59:00-04:00,310.1300048828125,260.3500061035156,340.8900146484375,547.25,78.61499786376953,310.17999267578125,260.54998779296875,340.9700012207031,547.7525024414062,78.63999938964844,310.090087890625,260.3500061035156,340.79998779296875,547.030029296875,78.60980224609375,310.1300048828125,260.5400085449219,340.95001220703125,547.7349853515625,78.62999725341797,55136,50138,14373,47003,63001
2026-08-18 14:00:00-04:00,310.0,260.45001220703125,340.8299865722656,547.3912963867188,78.55000305175781,310.1300048828125,260.45001220703125,340.8800048828125,547.3912963867188,78.61499786376953,309.9849853515625,260.260009765625,340.7300109863281,546.72998046875,78.54499816894531,310.125,260.3799133300781,340.8800048828125,547.3798828125,78.61499786376953,48835,61427,10791,49064,49366
2026-08-18 14:01:00-04:00,309.9150085449219,260.43499755859375,340.8500061035156,547.8499755859375,78.52999877929688,310.05999755859375,260.489990234375,340.8500061035156,547.8499755859375,78.57250213623047,309.79998779296875,260.3500061035156,340.6700134277344,547.260009765625,78.5250015258789,310.010009765625,260.489990234375,340.8399963378906,547.3350219726562,78.54000091552734,95388,67963,11246,36246,36385
2026-08-18 14:02:00-04:00,309.8450012207031,260.4949951171875,340.82501220703125,548.09130859375,78.5199966430664,309.94000244140625,260.5299987792969,340.92498779296875,548.3200073242188,78.53500366210938,309.75,260.3999938964844,340.80999755859375,547.7999877929688,78.5,309.9200134277344,260.45001220703125,340.8900146484375,547.8049926757812,78.52999877929688,67540,33424,17226,38613,34059
2026-08-18 14:03:00-04:00,309.93499755859375,260.5050048828125,340.8399963378906,548.2000122070312,78.54389953613281,309.9700012207031,260.5299987792969,340.9200134277344,548.2000122070312,78.54499816894531,309.7799987792969,260.4718017578125,340.82000732421875,548.0200805664062,78.51499938964844,309.8450012207031,260.4718017578125,340.8500061035156,548.1400146484375,78.54389953613281,58126,22766,17226,21296,28505
2026-08-18 14:04:00-04:00,310.010009765625,260.1803894042969,340.80499267578125,547.89990234375,78.55999755859375,310.0400085449219,260.5199890136719,340.8800048828125,548.2525024414062,78.56990051269531,309.93499755859375,260.17999267578125,340.7799987792969,547.7999877929688,78.54000091552734,309.93499755859375,260.5,340.8599853515625,548.1599731445312,78.54000091552734,35768,47150,11984,23907,28582
2026-08-18 14:05:00-04:00,310.0450134277344,260.20001220703125,340.8900146484375,548.0,78.55500030517578,310.0899963378906,260.2799987792969,340.8999938964844,548.0499877929688,78.56999969482422,309.9949951171875,260.1000061035156,340.7200012207031,547.8099975585938,78.54499816894531,310.0150146484375,260.19000244140625,340.82000732421875,547.8900146484375,78.55999755859375,58949,170787,10810,27900,24221
2026-08-18 14:06:00-04:00,310.07501220703125,260.04998779296875,340.9049987792969,547.8079833984375,78.51499938964844,310.1199951171875,260.260009765625,341.0400085449219,548.0800170898438,78.55989837646484,310.0299987792969,260.04998779296875,340.80999755859375,547.8079833984375,78.48999786376953,310.0401916503906,260.17999267578125,340.8800048828125,548.0,78.55989837646484,53273,40548,18154,21719,48201
2026-08-18 14:07:00-04:00,310.2049865722656,260.1300048828125,340.8699951171875,547.9849853515625,78.5199966430664,310.239990234375,260.1600036621094,340.92999267578125,548.0,78.5250015258789,310.0199890136719,260.07000732421875,340.80999755859375,547.5900268554688,78.51000213623047,310.2049865722656,260.07000732421875,340.92999267578125,547.8699951171875,78.51499938964844,44296,28147,10454,28355,22439
2026-08-18 14:08:00-04:00,310.3349914550781,260.3500061035156,340.9800109863281,548.2750854492188,78.5250015258789,310.3500061035156,260.389404296875,341.0,548.2750854492188,78.54000091552734,310.2099914550781,260.1199951171875,340.8699951171875,547.9500122070312,78.51499938964844,310.2099914550781,260.1600036621094,340.8699951171875,548.02001953125,78.5250015258789,66850,47464,13632,39539,34271
2026-08-18 14:09:00-04:00,310.29998779296875,260.4898986816406,341.20001220703125,548.7100219726562,78.57499694824219,310.3500061035156,260.4898986816406,341.2099914550781,548.7100219726562,78.58000183105469,310.2099914550781,260.3399963378906,340.9949951171875,548.2659912109375,78.51000213623047,310.32501220703125,260.36199951171875,340.9949951171875,548.2659912109375,78.5199966430664,44378,29432,16823,20949,40510
2026-08-18 14:10:00-04:00,310.3699951171875,260.5199890136719,341.2300109863281,548.5999755859375,78.59500122070312,310.3999938964844,260.5450134277344,341.2300109863281,548.780029296875,78.59500122070312,310.2799987792969,260.4200134277344,341.1099853515625,548.4500122070312,78.56999969482422,310.2976989746094,260.510009765625,341.19000244140625,548.6900024414062,78.59500122070312,52553,74841,9535,18675,32105
2026-08-18 14:11:00-04:00,310.419189453125,260.5126037597656,341.3768005371094,548.35498046875,78.5999984741211,310.4200134277344,260.5299987792969,341.3800048828125,548.7523803710938,78.6050033569336,310.3609924316406,260.4599914550781,341.2099914550781,548.2960815429688,78.58000183105469,310.364990234375,260.5299987792969,341.2200012207031,548.6099853515625,78.58999633789062,45621,33545,13860,29645,42184
2026-08-18 14:12:00-04:00,310.5400085449219,260.7298889160156,341.385009765625,548.739990234375,78.61499786376953,310.54998779296875,260.760009765625,341.3999938964844,548.739990234375,78.625,310.4100036621094,260.5107116699219,341.30499267578125,548.2999877929688,78.58999633789062,310.4198913574219,260.5299072265625,341.3642883300781,548.35498046875,78.5999984741211,58811,63936,18268,22730,39097
2026-08-18 14:13:00-04:00,310.4800109863281,260.7300109863281,341.3599853515625,549.3300170898438,78.6050033569336,310.5899963378906,260.7699890136719,341.3999938964844,549.3499755859375,78.62560272216797,310.4800109863281,260.66259765625,341.2799987792969,548.6901245117188,78.59500122070312,310.4800109863281,260.70001220703125,341.3699951171875,548.7597045898438,78.61499786376953,63035,35544,50166,25271,39980
2026-08-18 14:14:00-04:00,310.5,260.739990234375,341.3299865722656,548.9550170898438,78.61000061035156,310.57000732421875,260.79998779296875,341.45001220703125,549.3599853515625,78.62000274658203,310.4649963378906,260.6944885253906,341.3299865722656,548.8905029296875,78.5999984741211,310.4700012207031,260.7099914550781,341.3627014160156,549.2949829101562,78.61000061035156,37657,27833,34439,31960,39785
2026-08-18 14:15:00-04:00,310.45001220703125,260.760009765625,341.25,548.2750244140625,78.58499908447266,310.55999755859375,260.80999755859375,341.3999938964844,549.3250122070312,78.61000061035156,310.3900146484375,260.7300109863281,341.25,548.201171875,78.58000183105469,310.4949951171875,260.7300109863281,341.3301086425781,548.9500122070312,78.61000061035156,42243,25538,23698,105465,26827
2026-08-18 14:16:00-04:00,310.32000732421875,260.7250061035156,341.2699890136719,548.2100830078125,78.56009674072266,310.5199890136719,260.7699890136719,341.34259033203125,548.5698852539062,78.5999984741211,310.29010009765625,260.7099914550781,341.2699890136719,548.2100219726562,78.55500030517578,310.44000244140625,260.75030517578125,341.2699890136719,548.3049926757812,78.58499908447266,53594,33357,14944,28192,29618
2026-08-18 14:17:00-04:00,310.385009765625,260.7250061035156,341.3599853515625,548.2550048828125,78.58499908447266,310.3999938964844,260.74700927734375,341.3999938964844,548.3298950195312,78.58999633789062,310.2699890136719,260.70001220703125,341.260009765625,548.0809936523438,78.55010223388672,310.32501220703125,260.7200012207031,341.2699890136719,548.27001953125,78.55999755859375,41768,27836,19448,45299,21550
2026-08-18 14:18:00-04:00,310.44000244140625,260.69000244140625,341.3800048828125,548.4080200195312,78.6449966430664,310.4599914550781,260.75,341.44000244140625,548.510009765625,78.6500015258789,310.3599853515625,260.6600036621094,341.3299865722656,548.2349853515625,78.57499694824219,310.385009765625,260.7149963378906,341.3500061035156,548.2349853515625,78.58499908447266,47586,38607,17474,33155,35384
2026-08-18 14:19:00-04:00,310.42498779296875,260.7200012207031,341.3800048828125,548.2999877929688,78.71499633789062,310.5400085449219,260.7799987792969,341.4700012207031,548.52001953125,78.72000122070312,310.375,260.6900939941406,341.3403015136719,548.1799926757812,78.64029693603516,310.43499755859375,260.70001220703125,341.3999938964844,548.3250122070312,78.64029693603516,28555643,28883,21571,40316,70269
2026-08-18 14:20:00-04:00,310.3999938964844,260.7300109863281,341.3699951171875,547.9199829101562,78.70999908447266,310.44000244140625,260.739990234375,341.3999938964844,548.3300170898438,78.7249984741211,310.3768005371094,260.62200927734375,341.31500244140625,547.7999877929688,78.69000244140625,310.4150085449219,260.7398986816406,341.3800048828125,548.3300170898438,78.70999908447266,38416,36944,15548,38982,50617
2026-08-18 14:21:00-04:00,310.5199890136719,260.7699890136719,341.3949890136719,547.909912109375,78.7249984741211,310.5400085449219,260.789306640625,341.3999938964844,547.97998046875,78.7249984741211,310.385009765625,260.7250061035156,341.30999755859375,547.719970703125,78.69999694824219,310.3949890136719,260.7250061035156,341.3500061035156,547.9249877929688,78.71499633789062,42136,29597,22114,28135,51558
2026-08-18 14:22:00-04:00,310.6099853515625,260.7300109863281,341.4049987792969,547.8900146484375,78.73999786376953,310.64990234375,260.79998779296875,341.4700012207031,548.0900268554688,78.75,310.5050048828125,260.7001037597656,341.3800048828125,547.7999877929688,78.72010040283203,310.6099853515625,260.7749938964844,341.3900146484375,547.8499755859375,78.7249984741211,49139,30213,12577,22355,43246
2026-08-18 14:23:00-04:00,310.5299987792969,260.67498779296875,341.4200134277344,547.875,78.7300033569336,310.6199951171875,260.7300109863281,341.4649963378906,547.9500122070312,78.75,310.506103515625,260.6400146484375,341.3901062011719,547.3800048828125,78.72000122070312,310.6000061035156,260.7254943847656,341.4049987792969,547.89501953125,78.74500274658203,35174,26952,8659,30847,34908
2026-08-18 14:24:00-04:00,310.5400085449219,260.69000244140625,341.55999755859375,547.5050048828125,78.70500183105469,310.6099853515625,260.70001220703125,341.5950012207031,547.9400024414062,78.73999786376953,310.5299987792969,260.6600036621094,341.3900146484375,547.5050048828125,78.69999694824219,310.5299987792969,260.6600036621094,341.4200134277344,547.875,78.7301025390625,37955,28725,16990,18747,35586
2026-08-18 14:25:00-04:00,310.4700012207031,260.6099853515625,341.6549987792969,547.3400268554688,78.68769836425781,310.5400085449219,260.69000244140625,341.6871032714844,547.655029296875,78.69999694824219,310.45001220703125,260.6099853515625,341.5,547.2000122070312,78.68000030517578,310.5299987792969,260.6700134277344,341.55999755859375,547.5075073242188,78.69999694824219,31359,25852,19030,25793,33986
2026-08-18 14:26:00-04:00,310.5400085449219,260.6203918457031,341.8450012207031,547.6600952148438,78.70500183105469,310.54998779296875,260.68670654296875,341.8799133300781,547.719970703125,78.72000122070312,310.4700012207031,260.5899963378906,341.6300048828125,547.2999877929688,78.69000244140625,310.4700012207031,260.60009765625,341.6700134277344,547.2999877929688,78.69000244140625,31217,26297,26625,25306,29430
2026-08-18 14:27:00-04:00,310.5799865722656,260.62200927734375,341.94000244140625,547.3499755859375,78.73169708251953,310.6099853515625,260.6300048828125,341.95001220703125,547.7000122070312,78.73500061035156,310.510009765625,260.5205078125,341.7850036621094,547.25,78.69999694824219,310.53741455078125,260.6300048828125,341.94000244140625,547.6699829101562,78.70500183105469,41153,29134,34210,28575,35071
2026-08-18 14:28:00-04:00,310.5450134277344,260.55999755859375,342.1603088378906,547.3782958984375,78.71499633789062,310.6199951171875,260.6300048828125,342.1846923828125,547.5198974609375,78.73500061035156,310.5299987792969,260.54998779296875,341.9200134277344,547.260009765625,78.70269775390625,310.57000732421875,260.6061096191406,341.92999267578125,547.4000244140625,78.73500061035156,37522,26101,50482,17893,32776
2026-08-18 14:29:00-04:00,310.627685546875,260.5580139160156,342.3500061035156,547.239990234375,78.70999908447266,310.6300048828125,260.57000732421875,342.389892578125,547.469970703125,78.71499633789062,310.5400085449219,260.510009765625,342.1499938964844,547.1599731445312,78.69000244140625,310.548095703125,260.5530090332031,342.17999267578125,547.2899780273438,78.70999908447266,29563,28562,34785,21896,23829
2026-08-18 14:30:00-04:00,310.56500244140625,260.55999755859375,342.114990234375,547.1400146484375,78.68000030517578,310.6400146484375,260.62420654296875,342.3900146484375,547.3599853515625,78.70999908447266,310.55999755859375,260.5299987792969,342.0799865722656,547.0,78.68000030517578,310.6099853515625,260.55499267578125,342.364990234375,547.22998046875,78.70500183105469,34471,26153,19543,27741,40981
2026-08-18 14:31:00-04:00,310.510009765625,260.55999755859375,342.1000061035156,547.0349731445312,78.68499755859375,310.57000732421875,260.6199951171875,342.2099914550781,547.1900024414062,78.69000244140625,310.4800109863281,260.5350036621094,342.1000061035156,547.00048828125,78.68000030517578,310.57000732421875,260.55999755859375,342.1400146484375,547.1400146484375,78.68499755859375,42369,37027,14271,15873,25691
2026-08-18 14:32:00-04:00,310.57501220703125,260.6099853515625,341.7699890136719,546.8795166015625,78.69129943847656,310.6000061035156,260.6300048828125,342.1300048828125,547.1599731445312,78.70500183105469,310.4849853515625,260.5400085449219,341.7699890136719,546.8699951171875,78.66999816894531,310.510009765625,260.6099853515625,342.1199951171875,547.0499877929688,78.68499755859375,64539,25356,20028,33378,35425
2026-08-18 14:33:00-04:00,310.4599914550781,260.57000732421875,341.6099853515625,547.0349731445312,78.69049835205078,310.6099853515625,260.6499938964844,341.7699890136719,547.0399780273438,78.71499633789062,310.45159912109375,260.54998779296875,341.6000061035156,546.719970703125,78.68000030517578,310.5899963378906,260.6300048828125,341.7699890136719,546.8699951171875,78.69499969482422,29932,26487,17590,30804,26179
2026-08-18 14:34:00-04:00,310.4800109863281,260.4849853515625,341.7349853515625,547.0599975585938,78.68000030517578,310.510009765625,260.5589904785156,341.75,547.2399291992188,78.70999908447266,310.4100036621094,260.4700012207031,341.5899963378906,546.969970703125,78.68000030517578,310.45001220703125,260.5299987792969,341.614990234375,547.0349731445312,78.69499969482422,33391,30061,27064,20966,26706
2026-08-18 14:35:00-04:00,310.4800109863281,260.4800109863281,341.3999938964844,547.125,78.69000244140625,310.489990234375,260.510009765625,341.75,547.3599853515625,78.69000244140625,310.3599853515625,260.42999267578125,341.3999938964844,547.02001953125,78.66000366210938,310.4700012207031,260.510009765625,341.75,547.0900268554688,78.68000030517578,41663,20401,86050,19087,68063
2026-08-18 14:36:00-04:00,310.4800109863281,260.5,341.0899963378906,547.22998046875,78.69499969482422,310.489990234375,260.5,341.45001220703125,547.3699951171875,78.69499969482422,310.3500061035156,260.3999938964844,341.0799865722656,547.010009765625,78.66999816894531,310.4800109863281,260.4800109863281,341.40509033203125,547.1799926757812,78.68499755859375,42586,18110,85157,36680,37666
2026-08-18 14:37:00-04:00,310.489990234375,260.4700012207031,341.2049865722656,547.0449829101562,78.66999816894531,310.55999755859375,260.57000732421875,341.2402038574219,547.4000244140625,78.69999694824219,310.4549865722656,260.4599914550781,341.04998779296875,546.9600219726562,78.66999816894531,310.489990234375,260.4700012207031,341.1000061035156,547.22998046875,78.69020080566406,48820,24961,22158,35431,58361
2026-08-18 14:38:00-04:00,310.6099853515625,260.54998779296875,341.2699890136719,547.1500244140625,78.66000366210938,310.67999267578125,260.55999755859375,341.31988525390625,547.2899169921875,78.67990112304688,310.4599914550781,260.44000244140625,341.17999267578125,547.0449829101562,78.66000366210938,310.4849853515625,260.44000244140625,341.2049865722656,547.0449829101562,78.66999816894531,82360,25888,13519,24849,21805
2026-08-18 14:39:00-04:00,310.45001220703125,260.49951171875,341.239990234375,546.719970703125,78.61499786376953,310.5799865722656,260.57000732421875,341.32000732421875,547.1799926757812,78.66000366210938,310.4049987792969,260.4700012207031,341.20001220703125,546.719970703125,78.61499786376953,310.5799865722656,260.5199890136719,341.32000732421875,547.0900268554688,78.66000366210938,37646,23909,9842,36817,47915
2026-08-18 14:40:00-04:00,310.57000732421875,260.55499267578125,341.1300048828125,547.1500244140625,78.61470031738281,310.5950012207031,260.6300048828125,341.2699890136719,547.1500244140625,78.625,310.43499755859375,260.489990234375,341.05999755859375,546.5499877929688,78.5999984741211,310.44500732421875,260.5050048828125,341.2300109863281,546.780029296875,78.61499786376953,64022,33328,15577,41342,42052
2026-08-18 14:41:00-04:00,310.75,260.4100036621094,340.8900146484375,546.905029296875,78.5999984741211,310.75,260.5799865722656,341.1600036621094,547.155029296875,78.63999938964844,310.55999755859375,260.3403015136719,340.760009765625,546.8599853515625,78.59500122070312,310.56500244140625,260.55499267578125,341.1470031738281,547.1500244140625,78.6104965209961,94696,47516,26423,39298,53035
2026-08-18 14:42:00-04:00,311.0299987792969,260.4100036621094,340.9599914550781,546.4000244140625,78.625,311.07000732421875,260.50970458984375,341.04998779296875,547.0994873046875,78.63500213623047,310.739990234375,260.3699951171875,340.8699951171875,546.3411254882812,78.6050033569336,310.7449951171875,260.44000244140625,340.8949890136719,546.989990234375,78.6050033569336,246089,29998,15513,52381,41215
2026-08-18 14:43:00-04:00,311.1000061035156,260.3999938964844,340.92999267578125,546.6900024414062,78.58499908447266,311.20001220703125,260.489990234375,341.0791931152344,546.7000122070312,78.62979888916016,311.0299987792969,260.3999938964844,340.8900146484375,546.1099853515625,78.57499694824219,311.0400085449219,260.42999267578125,340.9700012207031,546.4149780273438,78.62010192871094,163894,22704,15008,35625,33292
2026-08-18 14:44:00-04:00,311.05999755859375,260.3900146484375,340.8299865722656,546.25,78.53410339355469,311.1000061035156,260.45001220703125,340.989990234375,546.72998046875,78.5999984741211,311.0299987792969,260.3500061035156,340.79998779296875,546.2000122070312,78.53410339355469,311.0899963378906,260.3949890136719,340.93499755859375,546.7000122070312,78.58499908447266,51849,24018,14249,17233,39566
2026-08-18 14:45:00-04:00,310.95001220703125,260.4549865722656,340.7254943847656,546.1799926757812,78.54499816894531,311.239990234375,260.4800109863281,340.80499267578125,546.3150024414062,78.56500244140625,310.9200134277344,260.375,340.67999267578125,546.0850219726562,78.52999877929688,311.06500244140625,260.4200134277344,340.7799987792969,546.2100219726562,78.53009796142578,118505,23293,17157,30035,23835
2026-08-18 14:46:00-04:00,310.9200134277344,260.42999267578125,340.6400146484375,545.7949829101562,78.52960205078125,311.0,260.5,340.7699890136719,546.27001953125,78.55500030517578,310.8599853515625,260.3900146484375,340.5989990234375,545.760009765625,78.5,310.95001220703125,260.4599914550781,340.76910400390625,546.144287109375,78.54000091552734,59055,24376,19048,68314,58208
2026-08-18 14:47:00-04:00,310.864990234375,260.30999755859375,340.7679138183594,545.780029296875,78.5250015258789,310.92999267578125,260.45001220703125,340.7679138183594,545.8099975585938,78.53500366210938,310.7601013183594,260.260009765625,340.5799865722656,545.3013916015625,78.48999786376953,310.91229248046875,260.4150085449219,340.6400146484375,545.7999877929688,78.53500366210938,47546,69955,20012,84707,134045
2026-08-18 14:48:00-04:00,310.8900146484375,260.33489990234375,340.6700134277344,545.9600219726562,78.56500244140625,310.9700012207031,260.3599853515625,340.760009765625,545.989990234375,78.56500244140625,310.864990234375,260.2799987792969,340.6300048828125,545.5700073242188,78.52010345458984,310.864990234375,260.30999755859375,340.739990234375,545.739990234375,78.52200317382812,45852,36982,25432,35698,40822
2026-08-18 14:49:00-04:00,310.8599853515625,260.364990234375,340.5799865722656,545.6799926757812,78.58499908447266,310.92999267578125,260.3999938964844,340.7298889160156,545.9995727539062,78.59500122070312,310.8599853515625,260.32000732421875,340.57000732421875,545.6505126953125,78.56739807128906,310.8843994140625,260.3399963378906,340.69000244140625,545.9500122070312,78.56999969482422,39683,28546,11732,23615,35822
2026-08-18 14:50:00-04:00,310.7799987792969,260.25,340.6590881347656,545.8908081054688,78.58999633789062,310.8900146484375,260.3699951171875,340.70001220703125,546.1199951171875,78.60970306396484,310.7699890136719,260.2300109863281,340.57000732421875,545.6500244140625,78.58200073242188,310.864990234375,260.3500061035156,340.57000732421875,545.6900024414062,78.58979797363281,44634,20759,21066,39129,26186
2026-08-18 14:51:00-04:00,310.7099914550781,260.29998779296875,340.7349853515625,546.0501098632812,78.61499786376953,310.7900085449219,260.3800048828125,340.80999755859375,546.3400268554688,78.63500213623047,310.6400146484375,260.2149963378906,340.65728759765625,545.85498046875,78.58999633789062,310.78009033203125,260.25,340.65728759765625,545.8875732421875,78.58999633789062,45997,43945,18423,39414,40557
2026-08-18 14:52:00-04:00,310.5,260.260009765625,340.635009765625,545.6950073242188,78.66500091552734,310.7300109863281,260.3500061035156,340.80999755859375,546.1199951171875,78.66500091552734,310.440185546875,260.239990234375,340.6199951171875,545.5501098632812,78.5999984741211,310.7099914550781,260.29998779296875,340.7200012207031,546.0499877929688,78.61499786376953,51262,22220,14332,35667,64551
2026-08-18 14:53:00-04:00,310.55999755859375,260.3299865722656,340.5299987792969,545.530517578125,78.66999816894531,310.5799865722656,260.3900146484375,340.6300048828125,545.8300170898438,78.68000030517578,310.43231201171875,260.23748779296875,340.489990234375,545.510009765625,78.6500015258789,310.510009765625,260.24920654296875,340.6099853515625,545.6950073242188,78.66500091552734,51582,29543,25374,35399,26830
2026-08-18 14:54:00-04:00,310.55499267578125,260.2699890136719,340.32000732421875,545.3800048828125,78.68499755859375,310.57000732421875,260.3699951171875,340.5299987792969,545.72998046875,78.69200134277344,310.4700012207031,260.2699890136719,340.32000732421875,545.2105102539062,78.6500015258789,310.55999755859375,260.2699890136719,340.5299987792969,545.52001953125,78.68000030517578,30366,25035,12123,52427,51626
2026-08-18 14:55:00-04:00,310.55499267578125,260.3800048828125,340.3450012207031,545.5399780273438,78.69999694824219,310.6300048828125,260.3900146484375,340.4100036621094,545.5599975585938,78.73500061035156,310.4800109863281,260.2699890136719,340.2301025390625,545.361083984375,78.67279815673828,310.5400085449219,260.2699890136719,340.3349914550781,545.4199829101562,78.6885986328125,43452,27596,21246,35724,64057
2026-08-18 14:56:00-04:00,310.55999755859375,260.4200134277344,340.3699951171875,545.5999755859375,78.67250061035156,310.6000061035156,260.42999267578125,340.4200134277344,545.625,78.69999694824219,310.5400085449219,260.3550109863281,340.30999755859375,545.432373046875,78.67019653320312,310.54998779296875,260.3900146484375,340.3651123046875,545.5050048828125,78.67250061035156,29574,33239,11073,36725,27659
2026-08-18 14:57:00-04:00,310.5799865722656,260.3949890136719,340.4100036621094,545.5599975585938,78.67500305175781,310.6000061035156,260.44000244140625,340.4800109863281,545.8499755859375,78.68499755859375,310.5400085449219,260.3500061035156,340.30999755859375,545.5,78.66999816894531,310.5799865722656,260.4200134277344,340.3999938964844,545.5999755859375,78.68000030517578,32079,34560,16053,48156,36232
2026-08-18 14:58:00-04:00,310.5799865722656,260.260009765625,340.385009765625,545.3911743164062,78.63069915771484,310.5899963378906,260.3900146484375,340.489990234375,545.5599975585938,78.67919921875,310.5400085449219,260.260009765625,340.3699951171875,545.3911743164062,78.62999725341797,310.57000732421875,260.3800048828125,340.45001220703125,545.530029296875,78.66999816894531,31473,25367,20275,20573,22954
2026-08-18 14:59:00-04:00,310.3699951171875,260.2049865722656,340.2250061035156,545.2899780273438,78.625,310.5841979980469,260.2749938964844,340.39239501953125,545.47998046875,78.63999938964844,310.3699951171875,260.19000244140625,340.2200012207031,545.0349731445312,78.61009979248047,310.5841979980469,260.2749938964844,340.3699951171875,545.4000244140625,78.63990020751953,40929,29004,20790,53262,34950
2026-08-18 15:00:00-04:00,310.260009765625,260.42999267578125,340.5,545.239990234375,78.66999816894531,310.42999267578125,260.4599914550781,340.55999755859375,545.8499755859375,78.69999694824219,310.260009765625,260.2200012207031,340.260009765625,545.1199951171875,78.625,310.3699951171875,260.2300109863281,340.260009765625,545.3499755859375,78.625,68185,41487,19378,42887,41304
2026-08-18 15:01:00-04:00,310.17498779296875,260.375,340.3599853515625,544.8599853515625,78.61239624023438,310.2799987792969,260.4100036621094,340.54998779296875,545.2799072265625,78.66999816894531,310.1300048828125,260.260009765625,340.3500061035156,544.6400146484375,78.61180114746094,310.2699890136719,260.4100036621094,340.5069885253906,545.2799072265625,78.66999816894531,54236,25722,14036,129772,19608
2026-08-18 15:02:00-04:00,310.0849914550781,260.3599853515625,340.5,544.8900146484375,78.61000061035156,310.25,260.3999938964844,340.5199890136719,544.9299926757812,78.61499786376953,310.07220458984375,260.30999755859375,340.3500061035156,544.739990234375,78.55999755859375,310.17999267578125,260.3699951171875,340.385009765625,544.8599853515625,78.61499786376953,66453,24188,11828,40872,34933
2026-08-18 15:03:00-04:00,310.19000244140625,260.3800048828125,340.3599853515625,544.760009765625,78.63999938964844,310.2300109863281,260.42999267578125,340.5199890136719,544.9650268554688,78.6500015258789,310.0849914550781,260.3349914550781,340.32080078125,544.6199951171875,78.6050033569336,310.0849914550781,260.364990234375,340.5,544.885009765625,78.60980224609375,44807,48935,10800,53467,52344
2026-08-18 15:04:00-04:00,310.1700134277344,260.3999938964844,340.45001220703125,544.4304809570312,78.63999938964844,310.19000244140625,260.45001220703125,340.489990234375,544.780029296875,78.66500091552734,310.0799865722656,260.3800048828125,340.3500061035156,544.3599853515625,78.63500213623047,310.19000244140625,260.3800048828125,340.3599853515625,544.77001953125,78.63999938964844,56330,32571,11630,47220,34115
2026-08-18 15:05:00-04:00,310.0799865722656,260.3500061035156,340.3699951171875,544.5599975585938,78.625,310.19000244140625,260.4100036621094,340.4700012207031,544.6599731445312,78.64990234375,310.0465087890625,260.29998779296875,340.30999755859375,544.0599975585938,78.61000061035156,310.1549987792969,260.4100036621094,340.45001220703125,544.4400024414062,78.625,44967,38491,29919,71888,29565
2026-08-18 15:06:00-04:00,310.0400085449219,260.364990234375,340.5,544.344970703125,78.625,310.1000061035156,260.364990234375,340.5,544.5700073242188,78.62999725341797,309.9599914550781,260.2749938964844,340.3599853515625,543.9099731445312,78.6050033569336,310.0799865722656,260.3599853515625,340.3829040527344,544.489990234375,78.62000274658203,44532,31641,13587,47490,25664
2026-08-18 15:07:00-04:00,310.1199951171875,260.44000244140625,340.79998779296875,544.3695068359375,78.5999984741211,310.1400146484375,260.46240234375,340.8399963378906,544.3695068359375,78.625,310.0400085449219,260.364990234375,340.5199890136719,544.030029296875,78.5602035522461,310.0400085449219,260.364990234375,340.5299987792969,544.1950073242188,78.625,55986,43021,18919,41508,41056
2026-08-18 15:08:00-04:00,310.0299987792969,260.4700012207031,340.8399963378906,544.4400024414062,78.55999755859375,310.17999267578125,260.55999755859375,341.0,544.659912109375,78.61000061035156,310.0270080566406,260.42999267578125,340.82000732421875,544.2999877929688,78.55000305175781,310.1199951171875,260.44500732421875,340.8299865722656,544.3201293945312,78.60530090332031,53802,45030,24653,54329,43695
2026-08-18 15:09:00-04:00,309.8299865722656,260.4599914550781,340.8450012207031,544.9249877929688,78.54499816894531,310.04998779296875,260.5198974609375,340.8599853515625,544.9340209960938,78.56990051269531,309.82000732421875,260.42999267578125,340.7699890136719,544.4099731445312,78.52999877929688,310.044189453125,260.4599914550781,340.8399963378906,544.4099731445312,78.55999755859375,60401,31795,12560,36418,36311
2026-08-18 15:10:00-04:00,309.80010986328125,260.3699951171875,340.8399963378906,544.6165771484375,78.43000030517578,309.8500061035156,260.4700012207031,340.9100036621094,544.9400024414062,78.54000091552734,309.7699890136719,260.3583984375,340.69000244140625,544.5499877929688,78.41000366210938,309.8399963378906,260.4599914550781,340.82708740234375,544.9249877929688,78.54000091552734,65138,46862,19079,40157,226350
2026-08-18 15:11:00-04:00,309.7550048828125,260.32000732421875,340.8599853515625,544.3599853515625,78.49500274658203,309.8299865722656,260.3900146484375,340.8699951171875,544.7598266601562,78.49810028076172,309.7200012207031,260.2300109863281,340.7804870605469,544.25,78.42980194091797,309.80499267578125,260.3550109863281,340.8399963378906,544.7598266601562,78.43000030517578,49202,37397,13855,39739,50579
2026-08-18 15:12:00-04:00,309.739990234375,260.2300109863281,340.9599914550781,544.4299926757812,78.46499633789062,309.80499267578125,260.3306884765625,340.989990234375,544.5999755859375,78.51000213623047,309.6700134277344,260.20001220703125,340.8399963378906,544.260009765625,78.45999908447266,309.760009765625,260.3299865722656,340.8399963378906,544.3200073242188,78.49500274658203,64010,36544,21365,57201,50405
2026-08-18 15:13:00-04:00,309.79998779296875,260.3399963378906,341.1000061035156,544.6950073242188,78.44499969482422,309.8999938964844,260.3399963378906,341.17401123046875,544.7100219726562,78.46009826660156,309.75,260.20001220703125,340.8999938964844,544.010009765625,78.43000030517578,309.760009765625,260.2300109863281,340.95489501953125,544.280029296875,78.46009826660156,60178,44624,32170,42279,46185
2026-08-18 15:14:00-04:00,309.6700134277344,260.3900146484375,341.364990234375,544.8900146484375,78.44000244140625,309.80999755859375,260.3999938964844,341.3800048828125,545.0,78.45999908447266,309.6549987792969,260.30999755859375,341.114990234375,544.6524047851562,78.43419647216797,309.79998779296875,260.3349914550781,341.1199951171875,544.7100219726562,78.44999694824219,49852,38145,23936,41121,51974
2026-08-18 15:15:00-04:00,309.6400146484375,260.32501220703125,341.3500061035156,544.3474731445312,78.45549774169922,309.739990234375,260.42999267578125,341.43499755859375,544.97998046875,78.46630096435547,309.6099853515625,260.29998779296875,341.2580871582031,544.3150024414062,78.44000244140625,309.67498779296875,260.3900146484375,341.3699951171875,544.9299926757812,78.44499969482422,68816,54240,21393,38265,47531
2026-08-18 15:16:00-04:00,309.67498779296875,260.3999938964844,341.4750061035156,545.52001953125,78.5199966430664,309.760009765625,260.4599914550781,341.55999755859375,545.5250244140625,78.52999877929688,309.56048583984375,260.260009765625,341.3500061035156,544.3305053710938,78.45500183105469,309.6401062011719,260.30999755859375,341.3500061035156,544.35498046875,78.45500183105469,115385,54928,16896,61524,56102
2026-08-18 15:17:00-04:00,309.4800109863281,260.2900085449219,341.5450134277344,545.030029296875,78.51499938964844,309.6700134277344,260.3900146484375,341.6000061035156,545.52001953125,78.5250015258789,309.3800048828125,260.19000244140625,341.4599914550781,544.9000244140625,78.4800033569336,309.6600036621094,260.3900146484375,341.489990234375,545.52001953125,78.5250015258789,68799,39075,30635,33323,46180
2026-08-18 15:18:00-04:00,309.5299987792969,260.32000732421875,341.5400085449219,545.0700073242188,78.54499816894531,309.5400085449219,260.3800048828125,341.6300048828125,545.1300048828125,78.56999969482422,309.45001220703125,260.2900085449219,341.5050048828125,544.9099731445312,78.51000213623047,309.4800109863281,260.2900085449219,341.57000732421875,545.0,78.5199966430664,71479,32071,15243,33465,57761
2026-08-18 15:19:00-04:00,309.5299987792969,260.1650085449219,341.5799865722656,545.1500244140625,78.5199966430664,309.57000732421875,260.3399963378906,341.6199951171875,545.1500244140625,78.54979705810547,309.44000244140625,260.1499938964844,341.4599914550781,544.8800048828125,78.51020050048828,309.5150146484375,260.3169860839844,341.57000732421875,545.0999755859375,78.54000091552734,65189,45628,16157,29682,45513
2026-08-18 15:20:00-04:00,309.5758056640625,260.04998779296875,341.5799865722656,544.7996215820312,78.5,309.5950012207031,260.17999267578125,341.6199951171875,545.1599731445312,78.52999877929688,309.3699951171875,259.9606018066406,341.4700927734375,544.6400146484375,78.49500274658203,309.53009033203125,260.1700134277344,341.5899963378906,545.1500244140625,78.5250015258789,66240,90831,20950,48457,41455
2026-08-18 15:21:00-04:00,309.5799865722656,260.135009765625,341.635009765625,544.9600219726562,78.55000305175781,309.7300109863281,260.2900085449219,341.69000244140625,545.02001953125,78.57980346679688,309.57000732421875,260.07000732421875,341.54998779296875,544.7150268554688,78.51000213623047,309.5849914550781,260.0799865722656,341.5899963378906,544.7999877929688,78.51499938964844,108969,44546,17162,29231,36202
2026-08-18 15:22:00-04:00,309.84381103515625,260.0799865722656,341.6300048828125,544.5800170898438,78.5302963256836,309.8800048828125,260.1700134277344,341.69000244140625,544.97998046875,78.55999755859375,309.57501220703125,260.0400085449219,341.54998779296875,544.5800170898438,78.52999877929688,309.5799865722656,260.125,341.635009765625,544.9299926757812,78.54499816894531,77740,42808,17551,33783,38132
2026-08-18 15:23:00-04:00,309.760009765625,260.1099853515625,341.760009765625,544.47998046875,78.52999877929688,309.8800048828125,260.1400146484375,341.760009765625,544.6500244140625,78.54000091552734,309.7550048828125,259.9800109863281,341.6000061035156,544.3699951171875,78.51000213623047,309.8450012207031,260.07000732421875,341.625,544.6199951171875,78.52999877929688,70843,79619,15926,44341,34781
2026-08-18 15:24:00-04:00,309.92498779296875,259.95001220703125,341.75,545.0,78.52999877929688,309.9700012207031,260.1000061035156,341.7799987792969,545.0399780273438,78.53980255126953,309.739990234375,259.94000244140625,341.6300048828125,544.4600219726562,78.5,309.7699890136719,260.0799865722656,341.7200012207031,544.469970703125,78.5199966430664,82294,53896,18625,42641,42069
2026-08-18 15:25:00-04:00,309.885009765625,259.9750061035156,341.8500061035156,544.9249877929688,78.47000122070312,309.9599914550781,260.0799865722656,341.8999938964844,545.0999755859375,78.54650115966797,309.8699951171875,259.94000244140625,341.67999267578125,544.7999877929688,78.46499633789062,309.9299011230469,259.9599914550781,341.73040771484375,544.969970703125,78.53500366210938,66127,63906,38033,38217,51049
2026-08-18 15:26:00-04:00,309.8500061035156,260.1600036621094,341.8900146484375,545.0999755859375,78.44000244140625,309.989990234375,260.1698913574219,341.9800109863281,545.1900024414062,78.48999786376953,309.8299865722656,259.9700012207031,341.7699890136719,544.844970703125,78.44000244140625,309.8900146484375,260.1600036621094,341.8800048828125,544.9249877929688,78.4800033569336,60252,21441124,30212,44125,44291
2026-08-18 15:27:00-04:00,309.9100036621094,260.1199951171875,341.7550048828125,545.239990234375,78.43499755859375,309.95001220703125,260.2300109863281,341.94000244140625,545.4243774414062,78.44999694824219,309.8399963378906,260.0799865722656,341.6400146484375,544.9799194335938,78.41999816894531,309.8500061035156,260.1449890136719,341.8699951171875,545.1300048828125,78.44499969482422,55941,53541,24215,41750,73868
2026-08-18 15:28:00-04:00,309.8399963378906,259.8999938964844,341.75,544.8699951171875,78.4000015258789,309.9100036621094,260.0849914550781,341.7900085449219,545.1649780273438,78.44499969482422,309.7900085449219,259.8599853515625,341.67498779296875,544.8001098632812,78.3499984741211,309.8999938964844,260.0799865722656,341.75,545.1215209960938,78.44000244140625,60923,54762,15533,29309,99636
2026-08-18 15:29:00-04:00,309.7099914550781,260.0199890136719,341.7799987792969,545.22998046875,78.44000244140625,309.8450012207031,260.0400085449219,341.80999755859375,545.280029296875,78.47000122070312,309.6600036621094,259.8999938964844,341.739990234375,544.6405029296875,78.38999938964844,309.8450012207031,259.9200134277344,341.7799987792969,544.8200073242188,78.3949966430664,134533,83744,15064,34479,199737
2026-08-18 15:30:00-04:00,309.7099914550781,260.19000244140625,341.8599853515625,545.35498046875,78.41500091552734,309.8599853515625,260.239990234375,341.9200134277344,545.5599975585938,78.49500274658203,309.69500732421875,260.0299987792969,341.80999755859375,545.1799926757812,78.41500091552734,309.69500732421875,260.0299987792969,341.80999755859375,545.280029296875,78.47000122070312,86920,68805,28033,66344,137457
2026-08-18 15:31:00-04:00,309.614990234375,260.17999267578125,341.93499755859375,545.280029296875,78.44499969482422,309.8399963378906,260.2300109863281,341.9800109863281,545.5499877929688,78.44999694824219,309.6014099121094,260.1449890136719,341.82000732421875,545.239990234375,78.41000366210938,309.70001220703125,260.17999267578125,341.8500061035156,545.25,78.41500091552734,67275,53829,18508,54930,78039
2026-08-18 15:32:00-04:00,309.7900085449219,260.04998779296875,342.239990234375,545.0549926757812,78.33000183105469,309.79998779296875,260.2300109863281,342.29998779296875,545.4099731445312,78.44499969482422,309.614990234375,260.02020263671875,341.9100036621094,545.0,78.33000183105469,309.6199951171875,260.18499755859375,341.94500732421875,545.3049926757812,78.44000244140625,76207,49638,33450,42617,80600
2026-08-18 15:33:00-04:00,309.8349914550781,259.9599914550781,342.30999755859375,544.8250122070312,78.34500122070312,309.8699951171875,260.05999755859375,342.3599853515625,545.0999755859375,78.37000274658203,309.7401123046875,259.93011474609375,342.239990234375,544.5999755859375,78.30000305175781,309.7850036621094,260.0400085449219,342.239990234375,545.0900268554688,78.33560180664062,83210,50788,20212,67923,73453
2026-08-18 15:34:00-04:00,309.885009765625,260.03900146484375,341.9700012207031,544.60498046875,78.30999755859375,309.8900146484375,260.03900146484375,342.2950134277344,544.8599853515625,78.34500122070312,309.82000732421875,259.94000244140625,341.92498779296875,544.4749755859375,78.30999755859375,309.8349914550781,259.9750061035156,342.2950134277344,544.7800903320312,78.34500122070312,84778,45078,57153,63540,59573
2026-08-18 15:35:00-04:00,310.06500244140625,260.1400146484375,342.0799865722656,544.8400268554688,78.33499908447266,310.0799865722656,260.1600036621094,342.1400146484375,544.8499755859375,78.36000061035156,309.8800964355469,260.0299987792969,341.9200134277344,544.330078125,78.29000091552734,309.885009765625,260.0299987792969,341.9883117675781,544.6199951171875,78.31500244140625,94925,38202,46099,52287,69899
2026-08-18 15:36:00-04:00,309.8999938964844,260.0799865722656,341.8599853515625,544.9500122070312,78.2437973022461,310.0799865722656,260.1600036621094,342.0899963378906,545.1300048828125,78.33999633789062,309.8746032714844,260.0450134277344,341.8349914550781,544.77001953125,78.2300033569336,310.0799865722656,260.1449890136719,342.07000732421875,544.8900146484375,78.33460235595703,74938,47402,39769,51344,59689
2026-08-18 15:37:00-04:00,309.8900146484375,260.0,341.92999267578125,544.8389892578125,78.25,309.95001220703125,260.0899963378906,341.9700012207031,545.0,78.26000213623047,309.8500061035156,259.9549865722656,341.8399963378906,544.47998046875,78.2300033569336,309.9100036621094,260.0849914550781,341.8586120605469,544.9235229492188,78.23999786376953,68414,36388,12771,85706,62246
2026-08-18 15:38:00-04:00,309.92999267578125,260.0400085449219,341.95001220703125,545.22998046875,78.2249984741211,309.9599914550781,260.05999755859375,341.989990234375,545.22998046875,78.25,309.80999755859375,259.94000244140625,341.7799987792969,544.5999755859375,78.19000244140625,309.8800048828125,260.014404296875,341.9100036621094,544.7449951171875,78.25,67020,39479,23060,92228,60602
2026-08-18 15:39:00-04:00,310.06500244140625,260.2950134277344,341.9599914550781,546.22998046875,78.18499755859375,310.0799865722656,260.3299865722656,342.05999755859375,546.22998046875,78.2300033569336,309.9100036621094,260.0,341.92999267578125,545.25,78.18000030517578,309.92999267578125,260.0050048828125,341.92999267578125,545.25,78.2249984741211,62506,39881,21796,74297,75721
2026-08-18 15:40:00-04:00,310.0899963378906,260.0799865722656,341.92498779296875,545.8400268554688,78.11499786376953,310.1199951171875,260.30999755859375,342.0299987792969,546.260009765625,78.18000030517578,310.0199890136719,260.0201110839844,341.8699951171875,545.760009765625,78.07009887695312,310.05499267578125,260.2900085449219,341.9800109863281,546.22998046875,78.18000030517578,81274,76733,20491,72104,400465
2026-08-18 15:41:00-04:00,310.2900085449219,260.0299987792969,341.94989013671875,545.4849853515625,78.05979919433594,310.3399963378906,260.1300048828125,341.9722900390625,546.1746215820312,78.11990356445312,310.0199890136719,259.9949951171875,341.8399963378906,545.4201049804688,78.05000305175781,310.1099853515625,260.0799865722656,341.9159851074219,545.8400268554688,78.11499786376953,93175,52565,23116,57383,69632
2026-08-18 15:42:00-04:00,310.3500061035156,259.95001220703125,341.96710205078125,545.35498046875,78.01499938964844,310.3699951171875,260.04998779296875,341.9700012207031,545.760009765625,78.06990051269531,310.2467956542969,259.9200134277344,341.8599853515625,545.2999877929688,78.01499938964844,310.2950134277344,260.0199890136719,341.9100036621094,545.489990234375,78.05999755859375,75803,48399,25783,40988,71281
2026-08-18 15:43:00-04:00,310.3900146484375,260.0199890136719,342.0,545.2650146484375,77.9749984741211,310.5299987792969,260.05999755859375,342.07000732421875,545.52001953125,78.04000091552734,310.3299865722656,259.9020080566406,341.92999267578125,545.22998046875,77.9749984741211,310.3599853515625,259.9599914550781,342.0,545.375,77.9749984741211,108204,47013,25657,45950,112021
2026-08-18 15:44:00-04:00,310.45001220703125,259.9200134277344,341.9150085449219,545.4400024414062,77.83999633789062,310.5,260.07000732421875,342.010009765625,545.5,77.97000122070312,310.3900146484375,259.8800048828125,341.8550109863281,545.0850219726562,77.83000183105469,310.3900146484375,260.0199890136719,341.9800109863281,545.239990234375,77.97000122070312,65166,47408,27235,63201,62886
2026-08-18 15:45:00-04:00,310.6300048828125,259.8900146484375,342.05999755859375,545.260009765625,77.8949966430664,310.70001220703125,260.0,342.1099853515625,545.625,77.90499877929688,310.44500732421875,259.8599853515625,341.8999938964844,545.22998046875,77.83999633789062,310.44500732421875,259.9200134277344,341.8999938964844,545.4099731445312,77.83999633789062,111328,76395,40271,62632,90556
2026-08-18 15:46:00-04:00,310.739990234375,259.75,341.92999267578125,544.969970703125,77.93000030517578,310.7799987792969,259.8900146484375,342.1199951171875,545.3300170898438,77.94989776611328,310.5,259.73028564453125,341.9150085449219,544.85498046875,77.875,310.6300048828125,259.88580322265625,342.05999755859375,545.2789916992188,77.89990234375,95861,70752,25478,62276,71939
2026-08-18 15:47:00-04:00,310.4700012207031,259.7699890136719,341.94500732421875,545.47998046875,77.9749984741211,310.760009765625,259.8299865722656,341.9999084472656,545.6599731445312,78.0,310.4649963378906,259.7099914550781,341.8599853515625,544.88818359375,77.92500305175781,310.7373046875,259.75,341.94500732421875,544.969970703125,77.93000030517578,90023,60358,18911,53100,92558
2026-08-18 15:48:00-04:00,310.55999755859375,259.6199951171875,341.75,544.969970703125,77.88500213623047,310.5799865722656,259.80999755859375,341.9696044921875,545.5599975585938,77.9800033569336,310.3399963378906,259.57000732421875,341.70001220703125,544.8599853515625,77.87999725341797,310.4700012207031,259.7699890136719,341.94500732421875,545.52001953125,77.97979736328125,100811,52489,34444,46562,47040
2026-08-18 15:49:00-04:00,310.57000732421875,259.8700866699219,341.7659912109375,545.2849731445312,77.91999816894531,310.7200012207031,259.9200134277344,341.82000732421875,545.2999877929688,77.93000030517578,310.510009765625,259.57000732421875,341.69000244140625,544.6599731445312,77.84500122070312,310.5799865722656,259.8700866699219,341.760009765625,544.969970703125,77.91999816894531,120683,202821,27117,54320,94597
2026-08-18 15:50:00-04:00,310.80999755859375,259.7820129394531,341.6700134277344,544.7899780273438,77.81500244140625,310.8164978027344,259.9599914550781,341.760009765625,545.2449951171875,77.9000015258789,310.2300109863281,259.706298828125,341.4200134277344,544.7000122070312,77.77999877929688,310.57000732421875,259.7900085449219,341.760009765625,545.239990234375,77.8499984741211,198408,180506,101321,69657,192712
2026-08-18 15:51:00-04:00,310.7300109863281,259.42999267578125,341.56451416015625,544.1950073242188,77.79499816894531,310.8299865722656,259.7900085449219,341.6700134277344,544.77001953125,77.81500244140625,310.6600036621094,259.3901062011719,341.54998779296875,544.1400146484375,77.75499725341797,310.82000732421875,259.7749938964844,341.6499938964844,544.77001953125,77.80999755859375,155370,100536,48451,114965,104217
2026-08-18 15:52:00-04:00,310.760009765625,259.5199890136719,341.7099914550781,544.8599853515625,77.83000183105469,311.0690002441406,259.5799865722656,341.7298889160156,545.1900024414062,77.83999633789062,310.7200012207031,259.394287109375,341.55999755859375,543.97998046875,77.7750015258789,310.760009765625,259.4200134277344,341.5899963378906,544.1749877929688,77.79499816894531,226714,99034,53097,134823,114158
2026-08-18 15:53:00-04:00,310.7650146484375,259.635009765625,341.7294921875,544.739990234375,77.87840270996094,310.95001220703125,259.6700134277344,341.75,545.0999755859375,77.91000366210938,310.6499938964844,259.45001220703125,341.5199890136719,544.7349853515625,77.77999877929688,310.7099914550781,259.5299987792969,341.7200012207031,544.8599853515625,77.81999969482422,216607,132635,95501,87069,137167
2026-08-18 15:54:00-04:00,310.489990234375,259.260009765625,341.6400146484375,543.9500122070312,77.88500213623047,310.82000732421875,259.7898864746094,341.7900085449219,544.780029296875,77.94999694824219,310.3599853515625,259.110107421875,341.3800048828125,543.7999877929688,77.86000061035156,310.7699890136719,259.260009765625,341.739990234375,544.77001953125,77.87000274658203,252209,205507,167007,118272,170026
2026-08-18 15:55:00-04:00,309.9599914550781,259.5150146484375,341.6199951171875,544.6699829101562,77.81500244140625,310.57000732421875,259.6600036621094,341.760009765625,544.8499755859375,77.94000244140625,309.95001220703125,259.1099853515625,341.2099914550781,543.8900146484375,77.8115005493164,310.5,259.2900085449219,341.6499938964844,543.9500122070312,77.87999725341797,442340,316884,300356,144517,260002
2026-08-18 15:56:00-04:00,310.0350036621094,259.2850036621094,341.489990234375,543.9149780273438,77.7699966430664,310.1400146484375,259.5299987792969,341.6099853515625,544.6900024414062,77.83000183105469,309.9700012207031,259.25,341.3299865722656,543.8900146484375,77.76000213623047,309.9700012207031,259.2850036621094,341.5899963378906,544.6900024414062,77.81500244140625,347696,219198,160117,134921,210755
2026-08-18 15:57:00-04:00,310.1199951171875,259.1499938964844,341.2900085449219,543.530029296875,77.7699966430664,310.1700134277344,259.30999755859375,341.510009765625,543.9099731445312,77.78990173339844,309.9700012207031,259.1400146484375,341.27099609375,543.4299926757812,77.75,310.0400085449219,259.2749938964844,341.4624938964844,543.9099731445312,77.7750015258789,420343,322104,215629,154285,411167
2026-08-18 15:58:00-04:00,310.2349853515625,259.3800048828125,341.4599914550781,543.7050170898438,77.77999877929688,310.239990234375,259.45001220703125,341.510009765625,543.7100219726562,77.80500030517578,310.05499267578125,259.1499938964844,341.2699890136719,543.280029296875,77.75,310.1199951171875,259.1600036621094,341.2900085449219,543.5700073242188,77.7699966430664,574830,530326,252735,228405,391553
2026-08-18 15:59:00-04:00,310.20001220703125,259.4800109863281,341.3699951171875,543.7279052734375,77.79000091552734,310.4800109863281,259.54998779296875,341.54998779296875,544.0800170898438,77.83499908447266,309.989990234375,259.1499938964844,341.2300109863281,543.2100219726562,77.75,310.239990234375,259.3800048828125,341.44000244140625,543.6900024414062,77.77999877929688,1354785,1030326,514587,447177,991987
2026-08-19 09:30:00-04:00,310.7025146484375,261.78009033203125,340.7550048828125,540.6400146484375,78.25499725341797,311.0299987792969,262.6799011230469,340.9200134277344,543.2999877929688,78.41000366210938,309.6000061035156,260.739990234375,339.6199951171875,539.3001098632812,78.0999984741211,310.1300048828125,260.8450012207031,339.79998779296875,541.3400268554688,78.22000122070312,2499952,1311752,628642,1410931,1027626
2026-08-19 09:31:00-04:00,310.6000061035156,261.2099914550781,340.92999267578125,541.4749755859375,78.61810302734375,311.0950012207031,262.20001220703125,341.55999755859375,543.719970703125,78.69000244140625,310.25,260.9100036621094,340.3800048828125,540.27001953125,78.2699966430664,310.6300048828125,261.7699890136719,340.6700134277344,540.6655883789062,78.2699966430664,172997,139863,88888,123386,129325
2026-08-19 09:32:00-04:00,310.95001220703125,260.4599914550781,339.5050048828125,538.239990234375,78.30500030517578,310.96929931640625,261.7398986816406,341.6499938964844,542.3198852539062,78.62999725341797,310.20001220703125,260.3868103027344,339.42999267578125,538.1099853515625,78.30500030517578,310.614990234375,261.2300109863281,341.0400085449219,541.7399291992188,78.58999633789062,136903,119763,87960,151918,132655
2026-08-19 09:33:00-04:00,310.5,260.2298889160156,339.2001037597656,539.1500244140625,78.61000061035156,311.0799865722656,260.6099853515625,339.44500732421875,539.7899169921875,78.69000244140625,310.32501220703125,259.75299072265625,338.5,537.280029296875,78.27999877929688,310.9049987792969,260.4700012207031,339.42999267578125,538.3300170898438,78.30500030517578,82274,250076,60083,176532,76155
2026-08-19 09:34:00-04:00,310.7250061035156,259.635009765625,339.04998779296875,539.8699951171875,78.76000213623047,311.1000061035156,260.2300109863281,339.2900085449219,540.4000244140625,78.82319641113281,310.4800109863281,259.29998779296875,338.35009765625,538.1900024414062,78.60060119628906,310.5050048828125,260.15509033203125,339.2900085449219,539.1046142578125,78.60060119628906,95794,169042,75007,118537,86838
2026-08-19 09:35:00-04:00,311.260009765625,260.0899963378906,340.1199951171875,539.5050048828125,78.91000366210938,311.3799133300781,260.0899963378906,340.2699890136719,540.2999877929688,78.91000366210938,310.7200012207031,259.44000244140625,338.8800048828125,539.219970703125,78.7300033569336,310.7250061035156,259.5950012207031,339.0,539.8699951171875,78.7699966430664,128141,125526,61698,110347,126587
2026-08-19 09:36:00-04:00,311.3349914550781,260.0150146484375,340.3399963378906,541.7999877929688,78.83000183105469,311.4700012207031,260.30499267578125,340.44000244140625,541.9699096679688,78.94000244140625,311.0,259.75,339.5199890136719,538.610107421875,78.80000305175781,311.2699890136719,260.05999755859375,340.1499938964844,539.6099853515625,78.9000015258789,139866,106732,42964,98265,85871
2026-08-19 09:37:00-04:00,311.8924865722656,260.5199890136719,340.4100036621094,541.9199829101562,78.93000030517578,312.07000732421875,260.7099914550781,340.79998779296875,542.49267578125,78.94999694824219,311.30999755859375,259.9949951171875,340.2699890136719,541.5974731445312,78.80000305175781,311.8924865722656,260.0799865722656,340.2799987792969,541.719970703125,78.8499984741211,242995,127530,47116,80517,102685
2026-08-19 09:38:00-04:00,311.8699951171875,259.9750061035156,339.9100036621094,540.8800048828125,78.91999816894531,311.9599914550781,260.69000244140625,340.57000732421875,541.969970703125,78.95040130615234,311.5199890136719,259.94000244140625,339.8900146484375,540.6199951171875,78.80999755859375,311.8599853515625,260.5249938964844,340.489990234375,541.6500244140625,78.90499877929688,163844,105676,46407,51033,197098
2026-08-19 09:39:00-04:00,312.260009765625,260.3800048828125,340.1700134277344,541.125,79.0,312.32000732421875,260.3800048828125,340.5799865722656,541.3800048828125,79.0,311.8800048828125,259.8341064453125,339.8699951171875,540.1300048828125,78.8949966430664,311.885009765625,259.9800109863281,339.92498779296875,540.875,78.91190338134766,183105,97095,31555,39920,128428
2026-08-19 09:40:00-04:00,311.67999267578125,260.1600036621094,340.0150146484375,541.530029296875,78.98999786376953,312.2900085449219,260.6199951171875,340.6199951171875,542.22998046875,79.06999969482422,311.510009765625,260.04998779296875,339.9200134277344,541.0,78.9000015258789,312.260009765625,260.489990234375,340.32000732421875,541.22998046875,78.98999786376953,138616,82963,42235,67701,124518
2026-08-19 09:41:00-04:00,311.4549865722656,259.0950012207031,339.17498779296875,540.9149780273438,78.94000244140625,311.7900085449219,260.3399963378906,340.1700134277344,541.8499755859375,79.08000183105469,311.3500061035156,259.0899963378906,339.17498779296875,540.6799926757812,78.91000366210938,311.68499755859375,260.1650085449219,339.989990234375,541.659912109375,78.98999786376953,114928,111340,27916,52754,135879
2026-08-19 09:42:00-04:00,312.0249938964844,259.5199890136719,339.77740478515625,541.780029296875,78.87999725341797,312.17999267578125,259.5799865722656,339.77740478515625,541.9099731445312,78.94000244140625,311.3550109863281,258.8800048828125,339.1199951171875,540.760009765625,78.83999633789062,311.45001220703125,259.1299133300781,339.1700134277344,540.9099731445312,78.94000244140625,90582,123687,19411,45877,79531
2026-08-19 09:43:00-04:00,311.95001220703125,259.1549987792969,339.1000061035156,541.7999877929688,78.73999786376953,312.3900146484375,259.6050109863281,339.8799133300781,542.3900146484375,78.91000366210938,311.95001220703125,259.05999755859375,339.0,541.4000244140625,78.73999786376953,312.0249938964844,259.5249938964844,339.7349853515625,541.635009765625,78.87999725341797,94432,64087,34461,50353,94677
2026-08-19 09:44:00-04:00,311.7049865722656,259.3699951171875,339.1400146484375,541.75,78.80999755859375,312.24798583984375,259.4820861816406,339.5299072265625,542.510009765625,78.8550033569336,311.70001220703125,258.95001220703125,338.9020080566406,541.6099853515625,78.73999786376953,311.9849853515625,259.1549987792969,339.1000061035156,541.9442749023438,78.75,122922,102681,39029,43891,103634
2026-08-19 09:45:00-04:00,312.30999755859375,259.260009765625,339.2900085449219,541.8300170898438,78.81999969482422,312.4200134277344,259.510009765625,339.4800109863281,542.6199951171875,78.86990356445312,311.69000244140625,259.1099853515625,339.0199890136719,541.3201293945312,78.75,311.6919860839844,259.3949890136719,339.1499938964844,541.6300048828125,78.79499816894531,117044,58028,34405,54978,74607
2026-08-19 09:46:00-04:00,312.6400146484375,259.3900146484375,339.2300109863281,542.3200073242188,78.86000061035156,312.67999267578125,259.54400634765625,339.4798889160156,542.6500244140625,78.94000244140625,312.25,259.1400146484375,339.1449890136719,541.4949951171875,78.79979705810547,312.32000732421875,259.2900085449219,339.2900085449219,541.760009765625,78.82499694824219,123779,66608,24357,38009,77062
2026-08-19 09:47:00-04:00,312.8399963378906,259.4140930175781,338.80999755859375,542.8494873046875,78.81999969482422,313.3299865722656,259.5880126953125,339.2699890136719,542.97998046875,78.88999938964844,312.610107421875,259.3299865722656,338.6700134277344,541.8099975585938,78.80000305175781,312.67498779296875,259.3800048828125,339.239990234375,542.4000244140625,78.87000274658203,227804,44740,31438,72680,53753
2026-08-19 09:48:00-04:00,312.4949951171875,259.19000244140625,338.3299865722656,542.8699951171875,78.96499633789062,312.9397888183594,259.7200012207031,339.0899963378906,543.6799926757812,79.00499725341797,312.4100036621094,259.1499938964844,338.32000732421875,542.590087890625,78.83499908447266,312.840087890625,259.42138671875,338.8999938964844,542.590087890625,78.83509826660156,192894,89524,54758,71552,66111
2026-08-19 09:49:00-04:00,312.9549865722656,258.760009765625,338.5199890136719,543.1500854492188,79.05500030517578,312.9549865722656,259.1449890136719,338.5400085449219,543.5081176757812,79.05999755859375,312.3901062011719,258.5799865722656,338.04998779296875,542.4500122070312,78.93000030517578,312.4949951171875,259.1449890136719,338.25,542.8200073242188,78.96499633789062,111429,131862,51181,53641,96119
2026-08-19 09:50:00-04:00,313.17498779296875,259.4200134277344,339.2799987792969,544.5499877929688,79.13500213623047,313.29949951171875,259.5400085449219,339.2799987792969,544.6699829101562,79.13999938964844,312.8599853515625,258.739990234375,338.5199890136719,543.3250122070312,79.04000091552734,312.9700012207031,258.7749938964844,338.6300048828125,543.3699951171875,79.05000305175781,190216,125146,36646,104357,118228
2026-08-19 09:51:00-04:00,313.44000244140625,259.2701110839844,339.07000732421875,543.7050170898438,79.18000030517578,313.4800109863281,259.6700134277344,339.4200134277344,544.7000122070312,79.26000213623047,313.1499938964844,259.1600036621094,338.8299865722656,542.1900024414062,79.11000061035156,313.1767883300781,259.3699951171875,339.2799987792969,544.5050048828125,79.13500213623047,182893,99231,32052,56718,110384
2026-08-19 09:52:00-04:00,314.3200988769531,259.760009765625,339.5400085449219,544.27001953125,79.37000274658203,314.3800048828125,259.97900390625,339.8699951171875,545.25,79.38999938964844,313.3399963378906,259.2242126464844,339.05499267578125,543.3599853515625,79.13809967041016,313.4200134277344,259.2900085449219,339.0899963378906,543.8300170898438,79.15499877929688,243316,133550,42533,91280,146633
2026-08-19 09:53:00-04:00,314.7699890136719,259.510009765625,339.7099914550781,545.219970703125,79.38099670410156,314.9599914550781,259.8500061035156,339.9700012207031,545.219970703125,79.44999694824219,314.3349914550781,259.4200134277344,339.510009765625,544.0999755859375,79.3499984741211,314.3399963378906,259.7572937011719,339.5592041015625,544.2449951171875,79.37999725341797,266233,139052,46345,68396,129564
2026-08-19 09:54:00-04:00,315.44000244140625,259.93499755859375,340.0249938964844,545.7000732421875,79.47789764404297,315.45001220703125,259.93499755859375,340.0799865722656,545.8400268554688,79.4800033569336,314.6199951171875,259.4599914550781,339.5400085449219,545.010009765625,79.3499984741211,314.6874084472656,259.4800109863281,339.70001220703125,545.1300048828125,79.37000274658203,301391,90142,35113,49907,92436
2026-08-19 09:55:00-04:00,315.2950134277344,259.7749938964844,340.19000244140625,544.4550170898438,79.43489837646484,315.55999755859375,259.94000244140625,340.239990234375,545.8499755859375,79.5199966430664,314.9410095214844,259.260009765625,339.82000732421875,544.3800048828125,79.4000015258789,315.4599914550781,259.8900146484375,339.989990234375,545.7750244140625,79.4749984741211,231885,144975,40839,70523,182046
2026-08-19 09:56:00-04:00,314.92999267578125,259.5899963378906,339.8599853515625,544.0449829101562,79.37000274658203,315.44000244140625,259.8399963378906,340.2300109863281,544.760009765625,79.45999908447266,314.8700866699219,259.3800048828125,339.8100891113281,543.7000122070312,79.36009979248047,315.29998779296875,259.7250061035156,340.1300048828125,544.530029296875,79.43499755859375,150716,63217,16251,43692,108027
2026-08-19 09:57:00-04:00,315.2799987792969,259.8999938964844,339.5899963378906,545.3099975585938,79.41500091552734,315.29998779296875,260.0799865722656,339.8999938964844,545.4299926757812,79.45500183105469,314.7099914550781,259.32000732421875,339.4100036621094,543.72998046875,79.33000183105469,314.9150085449219,259.5899963378906,339.8599853515625,544.010009765625,79.37000274658203,190074,141123,38462,65318,103754
2026-08-19 09:58:00-04:00,316.0899963378906,260.20001220703125,339.46929931640625,546.22998046875,79.5199966430664,316.0899963378906,260.29998779296875,339.7300109863281,546.27001953125,79.52999877929688,315.1726989746094,259.80999755859375,339.40008544921875,544.9000854492188,79.37000274658203,315.29998779296875,259.8949890136719,339.5899963378906,545.0,79.41999816894531,257861,110208,20741,94113,97851
2026-08-19 09:59:00-04:00,316.364990234375,259.8800048828125,339.45001220703125,545.0,79.58000183105469,316.3900146484375,260.3299865722656,339.8500061035156,546.390625,79.66999816894531,316.04998779296875,259.82000732421875,339.4100036621094,544.7000122070312,79.48999786376953,316.0799865722656,260.20001220703125,339.4599914550781,546.1799926757812,79.5199966430664,185310,110966,20495,71267,139363
2026-08-19 10:00:00-04:00,316.3599853515625,260.1050109863281,339.45989990234375,545.4400024414062,79.74960327148438,316.54998779296875,260.20001220703125,339.55999755859375,545.6199951171875,79.77999877929688,316.0600891113281,259.7200012207031,339.2099914550781,544.8699951171875,79.56500244140625,316.3599853515625,259.8800048828125,339.3999938964844,544.9400024414062,79.59500122070312,298830,159928,20421,39449,136712
2026-08-19 10:01:00-04:00,316.92498779296875,260.1000061035156,339.2200012207031,544.9400024414062,79.79000091552734,317.1199951171875,260.20001220703125,339.45001220703125,545.5900268554688,79.8499984741211,316.3299865722656,259.989990234375,339.1099853515625,544.8200073242188,79.69999694824219,316.3500061035156,260.0874938964844,339.45001220703125,545.4263916015625,79.73999786376953,266124,66678,21099,30285,131648
2026-08-19 10:02:00-04:00,316.8800048828125,260.5050048828125,339.385009765625,545.2849731445312,79.98500061035156,317.0199890136719,260.67999267578125,339.4700012207031,545.5499877929688,79.98999786376953,316.72021484375,260.0799865722656,339.1700134277344,544.4099731445312,79.77999877929688,316.9200134277344,260.1499938964844,339.260009765625,544.9249877929688,79.79989624023438,217547,93439,26207,61910,212586
2026-08-19 10:03:00-04:00,317.1099853515625,260.2250061035156,339.44000244140625,545.5,80.07499694824219,317.1700134277344,260.5979919433594,339.6600036621094,545.8049926757812,80.0999984741211,316.7099914550781,260.0899963378906,339.30010986328125,545.219970703125,79.90010070800781,316.8900146484375,260.5249938964844,339.4100036621094,545.2750244140625,79.9800033569336,218195,81470,18565,29549,443166
2026-08-19 10:04:00-04:00,317.19000244140625,260.375,339.6099853515625,545.360107421875,79.98500061035156,317.4989929199219,260.6499938964844,339.94000244140625,545.6900024414062,80.08000183105469,316.82000732421875,260.0899963378906,339.3800048828125,545.234619140625,79.9800033569336,317.1199951171875,260.2250061035156,339.44500732421875,545.5850219726562,80.08000183105469,216458,72181,17832,29282,140382
2026-08-19 10:05:00-04:00,316.8949890136719,260.42999267578125,339.7898864746094,544.885009765625,79.8949966430664,317.42999267578125,260.4800109863281,339.8349914550781,545.6300048828125,79.98930358886719,316.8599853515625,260.1700134277344,339.5877990722656,544.7000122070312,79.81999969482422,317.2049865722656,260.39990234375,339.67999267578125,545.4099731445312,79.98930358886719,177210,56913,21747,34667,145838
2026-08-19 10:06:00-04:00,316.9849853515625,260.54998779296875,339.8599853515625,545.5700073242188,80.125,317.010009765625,260.54998779296875,339.8599853515625,545.6500244140625,80.12999725341797,316.5899963378906,260.25,339.41949462890625,544.5399780273438,79.80999755859375,316.9002990722656,260.45001220703125,339.7900085449219,544.97998046875,79.8949966430664,266684,53317,24379,71839,152535
2026-08-19 10:07:00-04:00,316.7850036621094,260.239990234375,339.5050048828125,544.7449951171875,80.06420135498047,316.9999084472656,260.5899963378906,339.8550109863281,545.5750122070312,80.13500213623047,316.5201110839844,260.19000244140625,339.4849853515625,544.64208984375,80.0250015258789,316.9999084472656,260.5199890136719,339.8550109863281,545.5750122070312,80.125,188680,52871,15125,46854,109156
2026-08-19 10:08:00-04:00,316.56500244140625,260.5350036621094,340.30999755859375,545.969970703125,80.33000183105469,316.8299865722656,260.6199951171875,340.3771057128906,545.989990234375,80.33999633789062,316.44000244140625,260.168701171875,339.489990234375,544.7449951171875,80.02999877929688,316.7799987792969,260.239990234375,339.5150146484375,544.7449951171875,80.05999755859375,174987,66984,32669,48870,133551
2026-08-19 10:09:00-04:00,316.43499755859375,260.760009765625,340.5799865722656,546.0598754882812,80.29000091552734,316.7799987792969,260.82000732421875,340.6300048828125,546.239990234375,80.34500122070312,316.3500061035156,260.54998779296875,340.29998779296875,545.469970703125,80.22000122070312,316.54620361328125,260.6099853515625,340.30999755859375,545.9249877929688,80.30999755859375,117402,92427,51299,60951,136404
2026-08-19 10:10:00-04:00,316.6549987792969,260.94500732421875,340.80999755859375,545.9199829101562,80.375,316.7900085449219,260.9849853515625,340.8399963378906,546.239990234375,80.4000015258789,316.42999267578125,260.739990234375,340.5199890136719,545.6090087890625,80.28500366210938,316.44000244140625,260.760009765625,340.5950012207031,545.9949951171875,80.29000091552734,281205,118517,62772,26284,126238
2026-08-19 10:11:00-04:00,316.7950134277344,260.989990234375,340.9599914550781,545.7449951171875,80.36630249023438,316.94000244140625,261.05999755859375,341.04998779296875,546.010009765625,80.4000015258789,316.635009765625,260.7699890136719,340.7200012207031,545.52001953125,80.32009887695312,316.6600036621094,260.93499755859375,340.79998779296875,545.9199829101562,80.38999938964844,148885,105874,58563,34784,116612
2026-08-19 10:12:00-04:00,316.8699951171875,261.0780029296875,341.19000244140625,546.0599975585938,80.37000274658203,316.95001220703125,261.1199951171875,341.2850036621094,546.0700073242188,80.38999938964844,316.4501037597656,260.92498779296875,340.9100036621094,545.3699951171875,80.26000213623047,316.7950134277344,260.92999267578125,341.010009765625,545.7349853515625,80.37000274658203,142524,118234,49614,38006,129270
2026-08-19 10:13:00-04:00,317.17999267578125,261.3450012207031,341.760009765625,546.6235961914062,80.4301986694336,317.3900146484375,261.3699035644531,341.8399963378906,546.75,80.46009826660156,316.751708984375,261.07501220703125,341.1400146484375,545.9274291992188,80.33999633789062,316.864990234375,261.1099853515625,341.17999267578125,546.1099853515625,80.37999725341797,258599,115221,81565,45413,127908
2026-08-19 10:14:00-04:00,317.1300048828125,260.9200134277344,340.8299865722656,545.780029296875,80.26499938964844,317.489990234375,261.3800048828125,341.7749938964844,546.7100219726562,80.43000030517578,317.0,260.9150085449219,340.75,545.4000244140625,80.22000122070312,317.16009521484375,261.3450012207031,341.7749938964844,546.7100219726562,80.42500305175781,172187,118112,119399,45403,139125
2026-08-19 10:15:00-04:00,317.2900085449219,260.8949890136719,340.69500732421875,546.6649780273438,80.28990173339844,317.4200134277344,261.1050109863281,341.05999755859375,546.8499755859375,80.37960052490234,317.05999755859375,260.7699890136719,340.57000732421875,545.719970703125,80.25,317.1499938964844,260.8999938964844,340.8399963378906,545.719970703125,80.26000213623047,137117,100281,41435,28193,134667
2026-08-19 10:16:00-04:00,317.3699951171875,260.8450012207031,340.6499938964844,546.5,80.33999633789062,317.5,261.0,340.82000732421875,546.739990234375,80.4000015258789,317.2200012207031,260.7101135253906,340.5,545.9949951171875,80.2699966430664,317.30999755859375,260.94000244140625,340.69000244140625,546.600830078125,80.29000091552734,130085,67950,26081,94106,110928
2026-08-19 10:17:00-04:00,317.3999938964844,260.94000244140625,340.6400146484375,546.510009765625,80.44000244140625,317.54998779296875,261.04998779296875,340.739990234375,546.739990234375,80.47799682617188,317.3699951171875,260.82501220703125,340.2900085449219,546.0549926757812,80.3499984741211,317.3900146484375,260.8699951171875,340.6449890136719,546.5595092773438,80.3499984741211,156009,84170,37412,91519,93332
2026-08-19 10:18:00-04:00,317.5400085449219,261.04998779296875,340.71990966796875,546.4088745117188,80.43990325927734,317.6600036621094,261.20001220703125,340.8800048828125,547.169921875,80.59310150146484,317.32000732421875,260.8699951171875,340.57000732421875,546.3300170898438,80.4198989868164,317.41009521484375,260.8900146484375,340.6400146484375,546.510009765625,80.44499969482422,124796,108467,20976,61660,149835
2026-08-19 10:19:00-04:00,317.6050109863281,261.17999267578125,340.6600036621094,546.0050048828125,80.47000122070312,317.739990234375,261.2196960449219,340.8800048828125,546.6400146484375,80.5,317.4200134277344,260.9800109863281,340.54998779296875,545.9400024414062,80.3550033569336,317.5299987792969,261.0,340.6731872558594,546.469970703125,80.41200256347656,140792,75269,35118,76288,104029
2026-08-19 10:20:00-04:00,317.09991455078125,261.3310852050781,340.552490234375,546.7999877929688,80.45999908447266,317.80999755859375,261.3800048828125,341.0150146484375,547.239990234375,80.5,317.05499267578125,261.04998779296875,340.4800109863281,545.9299926757812,80.33760070800781,317.6050109863281,261.2300109863281,340.6400146484375,546.7999877929688,80.4800033569336,196868,6467167,35285,69724,139692
2026-08-19 10:21:00-04:00,316.70001220703125,261.18499755859375,340.79998779296875,546.8499755859375,80.36000061035156,317.08050537109375,261.3599853515625,340.82989501953125,547.030029296875,80.46499633789062,316.6300964355469,261.0299987792969,340.3999938964844,546.5599975585938,80.3102035522461,317.08050537109375,261.3598937988281,340.54998779296875,546.780029296875,80.46499633789062,165206,101440,30002,40103,332223
2026-08-19 10:22:00-04:00,316.2650146484375,261.2300109863281,340.7768859863281,547.375,80.29000091552734,316.75,261.239990234375,340.8299865722656,547.5,80.38999938964844,316.239990234375,261.0799865722656,340.5899963378906,546.72998046875,80.22000122070312,316.7200012207031,261.1700134277344,340.8299865722656,546.8099975585938,80.36000061035156,123858,49315,31747,40778,57493
2026-08-19 10:23:00-04:00,316.2300109863281,261.1700134277344,340.9599914550781,547.8499755859375,80.30000305175781,316.29998779296875,261.29998779296875,341.07000732421875,548.010009765625,80.37000274658203,315.7189025878906,261.0,340.7799987792969,547.2899780273438,80.26000213623047,316.2300109863281,261.2200012207031,340.79998779296875,547.4000244140625,80.30000305175781,179926,54363,33967,67938,99885
2026-08-19 10:24:00-04:00,316.010009765625,261.07000732421875,340.5400085449219,546.5,80.19999694824219,316.2300109863281,261.2300109863281,340.9849853515625,547.9600219726562,80.31999969482422,315.9501037597656,261.04998779296875,340.5299987792969,546.2000732421875,80.16999816894531,316.2099914550781,261.19989013671875,340.94000244140625,547.9196166992188,80.30000305175781,91138,64747,21426,42885,92941
2026-08-19 10:25:00-04:00,315.8399963378906,260.8200988769531,340.55999755859375,546.5499877929688,80.11000061035156,316.0599060058594,261.05999755859375,340.55999755859375,546.6400146484375,80.2300033569336,315.7601013183594,260.75,340.29998779296875,546.3099975585938,80.11000061035156,315.9909973144531,261.0400085449219,340.4599914550781,546.5499877929688,80.19000244140625,84926,72427,29668,27864,119334
2026-08-19 10:26:00-04:00,315.739990234375,260.9150085449219,340.44000244140625,547.1500244140625,80.19999694824219,315.8999938964844,261.05999755859375,340.7749938964844,547.2000122070312,80.23999786376953,315.7001953125,260.7699890136719,340.25,546.510009765625,80.08000183105469,315.8299865722656,260.7699890136719,340.53009033203125,546.530029296875,80.19999694824219,91680,101875,43651,54667,69186
2026-08-19 10:27:00-04:00,315.92230224609375,261.010009765625,340.32000732421875,547.1599731445312,80.22000122070312,315.92498779296875,261.0400085449219,340.4599914550781,547.4400024414062,80.2699966430664,315.3699951171875,260.7915954589844,340.20001220703125,546.9000244140625,80.12999725341797,315.73150634765625,260.92999267578125,340.4049987792969,547.0250244140625,80.19999694824219,117293,60663,19276,32800,88699
2026-08-19 10:28:00-04:00,316.260009765625,261.06500244140625,340.1199951171875,547.4199829101562,80.20999908447266,316.33990478515625,261.1600036621094,340.42999267578125,547.77001953125,80.2699966430664,315.8399963378906,260.94000244140625,340.0299987792969,547.0999755859375,80.18000030517578,315.8905944824219,260.989990234375,340.3599853515625,547.0999755859375,80.2249984741211,133944,92082,47693,36483,69841
2026-08-19 10:29:00-04:00,316.010009765625,261.17498779296875,340.1099853515625,547.419921875,80.22000122070312,316.3099060058594,261.20001220703125,340.3599853515625,547.64501953125,80.2699966430664,315.90008544921875,260.92999267578125,339.9303894042969,547.0850219726562,80.19000244140625,316.010009765625,261.17498779296875,340.0799865722656,547.375,80.20999908447266,66149,78744,37649,23625,58935
2026-08-19 10:30:00-04:00,316.375,261.5150146484375,340.57000732421875,547.8900146484375,80.26000213623047,316.58990478515625,261.59991455078125,340.6199951171875,548.0,80.31009674072266,315.9100036621094,261.17999267578125,340.0400085449219,547.280029296875,80.19999694824219,316.375,261.19000244140625,340.07000732421875,547.4171752929688,80.26000213623047,212306,124127,39925,37903,90795
2026-08-19 10:31:00-04:00,316.239990234375,261.32501220703125,340.1400146484375,547.1500244140625,80.23500061035156,316.5950012207031,261.625,340.5299987792969,548.010009765625,80.31510162353516,316.239990234375,261.31500244140625,340.1400146484375,547.010009765625,80.20500183105469,316.375,261.32501220703125,340.5199890136719,547.8699951171875,80.23999786376953,138323,54563,42424,41178,60865
2026-08-19 10:32:00-04:00,316.45001220703125,261.5450134277344,340.1000061035156,547.1500244140625,80.25,316.55999755859375,261.6000061035156,340.2300109863281,547.3499145507812,80.29499816894531,316.2099914550781,261.30999755859375,340.010009765625,547.0,80.21499633789062,316.260009765625,261.30999755859375,340.20001220703125,547.1599731445312,80.2300033569336,105333,51773,32265,27894,59659
2026-08-19 10:33:00-04:00,316.94500732421875,261.5299987792969,339.8988952636719,546.9749755859375,80.19999694824219,317.0450134277344,261.7300109863281,340.2200012207031,547.5,80.24929809570312,316.45001220703125,261.44000244140625,339.8988952636719,546.9299926757812,80.19000244140625,316.45989990234375,261.5299987792969,340.1099853515625,547.0944213867188,80.24929809570312,214216,82373,25543,35021,82212
2026-08-19 10:34:00-04:00,316.7500915527344,261.67498779296875,340.20001220703125,547.39501953125,80.2593002319336,317.05999755859375,261.69000244140625,340.20001220703125,547.5,80.29000091552734,316.739990234375,261.510009765625,339.8500061035156,546.8400268554688,80.19499969482422,316.9549865722656,261.5325012207031,339.8999938964844,546.969970703125,80.19999694824219,157045,61441,20033,24656,56881
2026-08-19 10:35:00-04:00,316.5400085449219,261.70001220703125,340.42999267578125,547.5800170898438,80.25,316.79998779296875,261.94000244140625,340.5799865722656,547.7131958007812,80.31999969482422,316.510009765625,261.6700134277344,340.18499755859375,547.39501953125,80.23999786376953,316.75,261.68499755859375,340.18499755859375,547.39501953125,80.25499725341797,13481372,84195,40079,38084,88108
2026-08-19 10:36:00-04:00,316.3500061035156,261.5400085449219,340.3500061035156,547.2000122070312,80.30999755859375,316.56500244140625,261.74951171875,340.7200012207031,547.8200073242188,80.31999969482422,316.30010986328125,261.5400085449219,340.25,547.1199951171875,80.23999786376953,316.5150146484375,261.6600036621094,340.42999267578125,547.5700073242188,80.23999786376953,82625,54235,41707,29769,54361
2026-08-19 10:37:00-04:00,316.20001220703125,261.6199951171875,340.1700134277344,547.5,80.30999755859375,316.409912109375,261.739990234375,340.3999938964844,547.52001953125,80.35009765625,316.04998779296875,261.5299987792969,340.1400146484375,547.1500244140625,80.26000213623047,316.3699951171875,261.5350036621094,340.34869384765625,547.1900024414062,80.29000091552734,67435,52711,20024,28761,87805
2026-08-19 10:38:00-04:00,316.29998779296875,261.8900146484375,340.489990234375,547.6799926757812,80.36000061035156,316.39990234375,261.94000244140625,340.84991455078125,547.719970703125,80.36000061035156,316.0899963378906,261.5600891113281,340.17999267578125,547.1599731445312,80.28009796142578,316.2099914550781,261.6449890136719,340.2099914550781,547.4349975585938,80.31500244140625,98404,69206,37310,32423,46120
2026-08-19 10:39:00-04:00,316.2799987792969,261.6600036621094,340.54998779296875,546.89501953125,80.28500366210938,316.3399963378906,261.94000244140625,340.6400146484375,547.869873046875,80.41000366210938,316.0799865722656,261.6600036621094,340.3699951171875,546.8099975585938,80.27999877929688,316.29998779296875,261.8399963378906,340.4949951171875,547.6500244140625,80.37000274658203,79355,48904,22475,49735,190565
2026-08-19 10:40:00-04:00,316.2900085449219,262.0199890136719,340.75,547.6500244140625,80.37000274658203,316.5047912597656,262.0249938964844,341.0299987792969,548.0878295898438,80.37999725341797,316.1600036621094,261.67498779296875,340.6199951171875,546.89501953125,80.27999877929688,316.2300109863281,261.67498779296875,340.75,546.89501953125,80.28500366210938,73008,76832,47059,74116,61128
2026-08-19 10:41:00-04:00,316.260009765625,262.4100036621094,341.20001220703125,547.52001953125,80.39859771728516,316.44000244140625,262.45001220703125,341.2300109863281,547.8800048828125,80.41000366210938,316.20001220703125,262.0299987792969,340.8500061035156,547.4400024414062,80.36009979248047,316.3299865722656,262.0299987792969,340.8500061035156,547.6500244140625,80.36499786376953,49858,108854,62303,36843,42060
2026-08-19 10:42:00-04:00,316.05999755859375,262.7690124511719,341.4898986816406,547.4149780273438,80.37999725341797,316.3500061035156,262.80999755859375,341.5,547.7249755859375,80.4800033569336,316.0101013183594,262.3999938964844,341.1499938964844,547.3400268554688,80.3499984741211,316.2699890136719,262.44000244140625,341.1600036621094,547.5150146484375,80.3949966430664,51598,213402,33710,37861,81511
2026-08-19 10:43:00-04:00,316.0350036621094,262.8699951171875,341.510009765625,547.1300048828125,80.44950103759766,316.2095947265625,262.9873046875,341.67999267578125,547.7781982421875,80.4800033569336,316.0350036621094,262.67999267578125,341.3999938964844,547.010009765625,80.36499786376953,316.04998779296875,262.7799987792969,341.510009765625,547.4149780273438,80.37989807128906,57771,143184,33251,52559,60367
2026-08-19 10:44:00-04:00,315.9018859863281,262.95001220703125,341.1000061035156,547.0700073242188,80.55000305175781,316.1400146484375,262.9800109863281,341.6700134277344,547.1599731445312,80.55000305175781,315.7550048828125,262.6260986328125,341.0799865722656,546.75,80.43000030517578,316.0546875,262.8699951171875,341.5799865722656,547.0999755859375,80.43499755859375,89615,125476,50914,49349,68044
2026-08-19 10:45:00-04:00,316.1400146484375,263.0801086425781,341.2799987792969,547.2100219726562,80.67500305175781,316.239990234375,263.2300109863281,341.5498962402344,547.5900268554688,80.70500183105469,315.864990234375,262.94000244140625,341.010009765625,546.75,80.53350067138672,315.8800048828125,262.95001220703125,341.07000732421875,547.0,80.54000091552734,75112,227058,95685,65325,129287
2026-08-19 10:46:00-04:00,316.3699951171875,263.31500244140625,341.635009765625,548.4199829101562,80.8499984741211,316.4100036621094,263.3500061035156,341.69000244140625,548.4199829101562,80.87000274658203,316.0249938964844,263.0351867675781,341.1700134277344,547.0449829101562,80.62999725341797,316.1000061035156,263.14990234375,341.2900085449219,547.22998046875,80.8499984741211,47753,128047,84304,75908,134040
2026-08-19 10:47:00-04:00,316.55999755859375,263.32000732421875,341.5400085449219,548.1500244140625,80.83999633789062,316.55999755859375,263.45001220703125,341.80499267578125,548.7650146484375,80.91999816894531,316.3269958496094,263.1300048828125,341.5400085449219,547.9299926757812,80.78929901123047,316.3699951171875,263.33990478515625,341.6400146484375,548.4199829101562,80.8550033569336,75063,129578,52575,46705,139395
2026-08-19 10:48:00-04:00,316.4800109863281,263.5580139160156,341.7099914550781,548.47998046875,80.90010070800781,316.614990234375,263.55999755859375,341.7699890136719,548.5700073242188,80.92500305175781,316.2900085449219,263.1499938964844,341.32000732421875,548.030029296875,80.8499984741211,316.55999755859375,263.2799987792969,341.5799865722656,548.0999755859375,80.8499984741211,61503,140484,20293,27265,72440
2026-08-19 10:49:00-04:00,316.625,263.5,341.4100036621094,548.5700073242188,80.86499786376953,316.6440124511719,263.6698913574219,341.7749938964844,548.6900024414062,80.92500305175781,316.4800109863281,263.3800048828125,341.30999755859375,548.27001953125,80.84500122070312,316.4949951171875,263.5450134277344,341.739990234375,548.4849853515625,80.9000015258789,43323,161611,14802,38631,86470
2026-08-19 10:50:00-04:00,316.6614074707031,263.802490234375,341.6050109863281,548.8049926757812,80.86000061035156,316.80499267578125,263.802490234375,341.625,548.8699951171875,80.8949966430664,316.54998779296875,263.79998779296875,341.3999938964844,548.2534790039062,80.7699966430664,316.6099853515625,263.79998779296875,341.44000244140625,548.5399780273438,80.87000274658203,65564,284387,14098,47021,123003
2026-08-19 10:51:00-04:00,316.989990234375,264.1650085449219,341.9599914550781,549.5800170898438,80.86990356445312,316.989990234375,264.3599853515625,342.0400085449219,549.7457885742188,80.91999816894531,316.6600036621094,263.6700134277344,341.5799865722656,548.7999877929688,80.80000305175781,316.6700134277344,263.80999755859375,341.6300048828125,548.8400268554688,80.86000061035156,78097,309666,41646,65198,106404
2026-08-19 10:52:00-04:00,317.3349914550781,264.364990234375,342.1700134277344,549.739990234375,81.0199966430664,317.3599853515625,264.42999267578125,342.3399963378906,549.9000244140625,81.06999969482422,316.9800109863281,264.1700134277344,341.92498779296875,549.35498046875,80.87000274658203,316.9800109863281,264.1700134277344,341.9549865722656,549.5679931640625,80.87000274658203,100703,191903,48901,44321,321910
2026-08-19 10:53:00-04:00,317.2685852050781,264.2500915527344,342.114990234375,549.219970703125,80.95999908447266,317.3999938964844,264.55999755859375,342.42999267578125,549.7999877929688,81.06999969482422,317.25,264.25,342.114990234375,549.219970703125,80.95999908447266,317.3302001953125,264.3599853515625,342.19000244140625,549.719970703125,81.0199966430664,80373,143486,38627,32022,113938
2026-08-19 10:54:00-04:00,317.6300048828125,264.3299865722656,342.489990234375,549.3400268554688,81.08999633789062,317.6300048828125,264.3507995605469,342.510009765625,549.5,81.09500122070312,317.2449951171875,264.0799865722656,342.0299987792969,549.1400146484375,80.93000030517578,317.25,264.2749938964844,342.0899963378906,549.2550048828125,80.95999908447266,79009,109553,34229,24302,115355
2026-08-19 10:55:00-04:00,317.56500244140625,264.8349914550781,342.6499938964844,549.6300048828125,81.11009979248047,317.739990234375,264.8699951171875,342.7300109863281,549.719970703125,81.16000366210938,317.5400085449219,264.239990234375,342.4700012207031,549.3400268554688,81.08000183105469,317.6199951171875,264.3102111816406,342.5199890136719,549.3400268554688,81.08999633789062,113092,141439,45567,29183,95413
2026-08-19 10:56:00-04:00,318.05999755859375,264.4027099609375,342.6499938964844,549.6400146484375,81.02999877929688,318.08599853515625,264.9700012207031,342.8902893066406,549.9199829101562,81.16000366210938,317.55999755859375,264.3299865722656,342.55999755859375,549.497802734375,81.01000213623047,317.56500244140625,264.8349914550781,342.6499938964844,549.6300048828125,81.11000061035156,151573,135639,30271,36003,78424
2026-08-19 10:57:00-04:00,318.0150146484375,263.9049987792969,342.2200012207031,549.3400268554688,81.01000213623047,318.07000732421875,264.3949890136719,342.6700134277344,549.6699829101562,81.02999877929688,317.8500061035156,263.83221435546875,342.110107421875,549.25,80.94999694824219,318.06500244140625,264.364990234375,342.6700134277344,549.510009765625,81.02999877929688,101528,122679,34170,42215,74413
2026-08-19 10:58:00-04:00,318.1449890136719,263.92498779296875,342.6050109863281,549.5449829101562,80.97000122070312,318.3299865722656,264.1199951171875,342.6199951171875,549.5999755859375,81.05000305175781,317.95001220703125,263.80999755859375,342.25,549.1400146484375,80.93009948730469,318.0249938964844,263.9800109863281,342.25,549.3800048828125,81.01499938964844,102365,109794,28935,29291,77791
2026-08-19 10:59:00-04:00,317.868896484375,263.7699890136719,342.6099853515625,549.1799926757812,81.07499694824219,318.1600036621094,264.0398864746094,342.7550048828125,549.9000244140625,81.07499694824219,317.8299865722656,263.6499938964844,342.4700012207031,548.9299926757812,80.91999816894531,318.1449890136719,263.9100036621094,342.6050109863281,549.5999755859375,80.9739990234375,90189,176345,34378,41605,94007
2026-08-19 11:00:00-04:00,318.25,264.1400146484375,343.0,549.5050048828125,81.12999725341797,318.3299865722656,264.2398986816406,343.19000244140625,549.5050048828125,81.1500015258789,317.8599853515625,263.7500915527344,342.5799865722656,549.1300048828125,81.04000091552734,317.8800048828125,263.7950134277344,342.6099853515625,549.260009765625,81.06999969482422,83886,127814,69413,28649,84793
2026-08-19 11:01:00-04:00,318.5249938964844,264.19000244140625,342.7099914550781,549.1500244140625,81.06500244140625,318.6210021972656,264.29998779296875,343.1177062988281,549.5745849609375,81.1498031616211,318.19000244140625,264.0799865722656,342.7099914550781,549.0200805664062,81.02999877929688,318.2300109863281,264.17999267578125,342.989990234375,549.3699951171875,81.12999725341797,85925,82753,36305,29141,138445
2026-08-19 11:02:00-04:00,318.6449890136719,264.19000244140625,342.2799987792969,548.39501953125,81.0199966430664,318.6499938964844,264.2650146484375,342.7799987792969,549.280029296875,81.08999633789062,318.3500061035156,263.92498779296875,342.2619934082031,548.2000122070312,81.01000213623047,318.510009765625,264.19000244140625,342.75,549.130126953125,81.0199966430664,73529,104652,25647,22975,69278
2026-08-19 11:03:00-04:00,318.5950012207031,264.42999267578125,342.52520751953125,548.7000122070312,81.04000091552734,318.6449890136719,264.45001220703125,342.6199951171875,548.8499145507812,81.06999969482422,318.3500061035156,264.2149963378906,342.260009765625,548.3200073242188,80.94999694824219,318.6300048828125,264.260009765625,342.3999938964844,548.39501953125,81.0199966430664,92861,85212,20647,30180,74505
2026-08-19 11:04:00-04:00,318.8323059082031,264.4649963378906,342.69000244140625,549.219970703125,81.03070068359375,318.8550109863281,264.5350036621094,342.7049865722656,549.3300170898438,81.04000091552734,318.5299987792969,264.3450012207031,342.5299987792969,548.6849975585938,80.98999786376953,318.5849914550781,264.4049987792969,342.55999755859375,548.7000122070312,81.04000091552734,97079,69231,23304,21325,71631
2026-08-19 11:05:00-04:00,319.1099853515625,264.6499938964844,343.0799865722656,549.5900268554688,81.13999938964844,319.1899108886719,264.67999267578125,343.0799865722656,549.648193359375,81.1449966430664,318.7799987792969,264.44830322265625,342.7200012207031,549.2999877929688,81.02749633789062,318.8299865722656,264.4898986816406,342.7300109863281,549.3300170898438,81.13999938964844,179212,78333,31470,22171,94919
2026-08-19 11:06:00-04:00,318.9800109863281,264.375,342.5,549.4299926757812,80.95500183105469,319.2799072265625,264.73638916015625,343.0899963378906,549.8499145507812,81.13999938964844,318.8999938964844,264.3699951171875,342.5,549.4099731445312,80.94999694824219,319.114990234375,264.6199951171875,343.0,549.6259765625,81.12999725341797,103660,91304,25349,21674,102699
2026-08-19 11:07:00-04:00,318.6499938964844,264.010009765625,342.0199890136719,549.2750244140625,80.9800033569336,319.0199890136719,264.39849853515625,342.4599914550781,549.3499755859375,80.9800033569336,318.5899963378906,263.8599853515625,341.9200134277344,548.8300170898438,80.89019775390625,319.0,264.39849853515625,342.4599914550781,549.3499755859375,80.94999694824219,81490,114928,35732,30204,79703
2026-08-19 11:08:00-04:00,318.6827087402344,263.80999755859375,341.7799987792969,548.9500122070312,80.86000061035156,318.8699951171875,264.0400085449219,342.0799865722656,549.3400268554688,80.98999786376953,318.57000732421875,263.7749938964844,341.66009521484375,548.9500122070312,80.86000061035156,318.6300048828125,264.0400085449219,342.07000732421875,549.2750244140625,80.9800033569336,118190,71494,24254,18583,77317
2026-08-19 11:09:00-04:00,318.5350036621094,263.70001220703125,341.7900085449219,548.3300170898438,80.80500030517578,318.7900085449219,263.94000244140625,341.92999267578125,548.9299926757812,80.87000274658203,318.4700012207031,263.57000732421875,341.6000061035156,548.1599731445312,80.73999786376953,318.5350036621094,263.70001220703125,341.7799987792969,548.9299926757812,80.87000274658203,75357,11919825,16543,30991,103202
2026-08-19 11:10:00-04:00,318.56500244140625,263.7008972167969,342.0450134277344,548.489990234375,80.7300033569336,318.7200012207031,263.80999755859375,342.2699890136719,548.864990234375,80.83499908447266,318.5199890136719,263.55999755859375,341.8038024902344,548.260009765625,80.70999908447266,318.5350036621094,263.6600036621094,341.8999938964844,548.3300170898438,80.80010223388672,69716,78747,47532,23884,66009
2026-08-19 11:11:00-04:00,318.54998779296875,263.4849853515625,341.6449890136719,547.9199829101562,80.70500183105469,318.6499938964844,263.80999755859375,342.1600036621094,548.489990234375,80.75509643554688,318.489990234375,263.29998779296875,341.6449890136719,547.8300170898438,80.69000244140625,318.54998779296875,263.4849853515625,342.04998779296875,548.4882202148438,80.7249984741211,64097,85356,21990,40839,86936
2026-08-19 11:12:00-04:00,318.4599914550781,263.489990234375,341.4700012207031,547.8099975585938,80.68499755859375,318.56988525390625,263.55999755859375,341.7099914550781,548.4099731445312,80.75,318.3699951171875,263.260009765625,341.3299865722656,547.6799926757812,80.66999816894531,318.5516052246094,263.489990234375,341.6449890136719,547.885009765625,80.69999694824219,58587,103491,15120,36951,74265
2026-08-19 11:13:00-04:00,318.7250061035156,263.3299865722656,341.54998779296875,547.385498046875,80.69499969482422,318.7300109863281,263.5255126953125,341.69000244140625,548.0,80.72000122070312,318.30999755859375,263.25,341.40728759765625,547.2410888671875,80.6500015258789,318.4700012207031,263.510009765625,341.45001220703125,547.8099975585938,80.68499755859375,100008,78294,34826,36260,96469
2026-08-19 11:14:00-04:00,318.79998779296875,263.5,341.68499755859375,547.1900024414062,80.72000122070312,318.8500061035156,263.6000061035156,341.7099914550781,547.7000122070312,80.75,318.67999267578125,263.2900085449219,341.510009765625,546.8005981445312,80.68499755859375,318.7268981933594,263.3299865722656,341.5899963378906,547.3538208007812,80.69010162353516,61393,78116,14223,46004,76491
2026-08-19 11:15:00-04:00,318.78509521484375,263.6700134277344,341.5899963378906,547.5800170898438,80.75,318.9700012207031,263.7699890136719,341.75,547.75,80.80000305175781,318.7500915527344,263.4700012207031,341.54998779296875,546.989990234375,80.71499633789062,318.80999755859375,263.54998779296875,341.68499755859375,547.10498046875,80.71499633789062,80755,69170,12660,35233,60699
2026-08-19 11:16:00-04:00,318.7200012207031,263.4700012207031,341.82000732421875,547.75,80.73030090332031,318.8500061035156,263.6799011230469,341.8599853515625,547.9400024414062,80.75,318.6400146484375,263.4700012207031,341.5563049316406,547.530029296875,80.69000244140625,318.7699890136719,263.6400146484375,341.5899963378906,547.6849975585938,80.75,75369,77515,31219,25520,58777
2026-08-19 11:17:00-04:00,318.67999267578125,263.4139099121094,341.7650146484375,547.760009765625,80.73500061035156,318.7950134277344,263.5400085449219,341.9700012207031,547.9400024414062,80.75,318.6400146484375,263.3399963378906,341.7157897949219,547.5311889648438,80.70500183105469,318.7200012207031,263.4800109863281,341.8299865722656,547.8255004882812,80.73500061035156,49432,77492,21430,18908,52186
2026-08-19 11:18:00-04:00,318.8999938964844,263.4649963378906,342.1700134277344,548.1099853515625,80.84500122070312,318.9700012207031,263.5899963378906,342.17999267578125,548.489990234375,80.84500122070312,318.6700134277344,263.3800048828125,341.70001220703125,547.5800170898438,80.73290252685547,318.67999267578125,263.4150085449219,341.7349853515625,547.760009765625,80.73989868164062,64868,72219,15113,42724,67161
2026-08-19 11:19:00-04:00,318.80999755859375,263.2850036621094,342.4601135253906,548.6400146484375,80.78500366210938,318.95001220703125,263.5150146484375,342.4739990234375,548.6749877929688,80.87000274658203,318.6600036621094,263.17498779296875,342.07000732421875,548.1699829101562,80.7699966430664,318.8999938964844,263.4649963378906,342.1449890136719,548.239990234375,80.84989929199219,82578,91145,20894,17060,91840
2026-08-19 11:20:00-04:00,318.70458984375,263.0799865722656,342.1549987792969,548.5499877929688,80.68000030517578,318.82000732421875,263.2699890136719,342.4649963378906,548.8699951171875,80.79550170898438,318.69000244140625,263.0199890136719,342.0299987792969,548.5399780273438,80.66000366210938,318.80999755859375,263.25,342.4599914550781,548.6500244140625,80.78500366210938,67993,162081,27801,19518,70771
2026-08-19 11:21:00-04:00,318.6340026855469,262.9800109863281,341.7900085449219,548.7449951171875,80.69000244140625,318.70001220703125,263.1700134277344,342.19000244140625,548.8489990234375,80.72000122070312,318.5299987792969,262.8999938964844,341.7799987792969,548.1500854492188,80.65010070800781,318.70001220703125,263.0450134277344,342.1199951171875,548.6400146484375,80.68000030517578,121437,99239,19624,26610,110416
2026-08-19 11:22:00-04:00,318.67999267578125,263.5400085449219,342.0299987792969,548.9400024414062,80.69000244140625,318.7749938964844,263.5768127441406,342.05999755859375,548.9400024414062,80.71499633789062,318.5400085449219,262.8900146484375,341.8299865722656,548.5501098632812,80.66000366210938,318.6400146484375,263.0,341.8599853515625,548.7349853515625,80.69000244140625,63182,118428,16091,21557,61020
2026-08-19 11:23:00-04:00,318.635009765625,263.70001220703125,342.05999755859375,549.02001953125,80.66000366210938,318.7200012207031,263.70001220703125,342.17999267578125,549.3499755859375,80.70999908447266,318.54998779296875,263.489990234375,341.9700012207031,548.8699951171875,80.625,318.7099914550781,263.5799865722656,342.1000061035156,548.9981079101562,80.69650268554688,62901,48425,17237,35350,59768
2026-08-19 11:24:00-04:00,318.4949951171875,263.6000061035156,341.9200134277344,549.4171752929688,80.7300033569336,318.739990234375,263.80999755859375,342.05499267578125,549.489990234375,80.7300033569336,318.44000244140625,263.5799865722656,341.79998779296875,548.9299926757812,80.63999938964844,318.635009765625,263.7049865722656,342.05499267578125,548.9650268554688,80.7300033569336,143552,37598,23106,31836,44844
2026-08-19 11:25:00-04:00,318.2550048828125,263.54998779296875,341.7349853515625,549.5499877929688,80.68000030517578,318.5,263.70001220703125,341.9700012207031,549.7999877929688,80.75499725341797,317.9800109863281,263.5,341.69000244140625,549.3699951171875,80.66000366210938,318.5,263.70001220703125,341.94000244140625,549.5,80.73500061035156,173175,33601,34469,29923,98872
2026-08-19 11:26:00-04:00,318.05499267578125,263.70001220703125,341.7950134277344,550.010009765625,80.66000366210938,318.2850036621094,263.70001220703125,341.8599853515625,550.1699829101562,80.72000122070312,318.0400085449219,263.54998779296875,341.7300109863281,549.5339965820312,80.6500015258789,318.2650146484375,263.57501220703125,341.7349853515625,549.5339965820312,80.68000030517578,61249,40524,13229,95533,94886
2026-08-19 11:27:00-04:00,318.1549987792969,263.79998779296875,342.0,550.3699951171875,80.66000366210938,318.17999267578125,263.8800048828125,342.0,550.5900268554688,80.69999694824219,318.0400085449219,263.67999267578125,341.80999755859375,549.8858032226562,80.63500213623047,318.06890869140625,263.69000244140625,341.81500244140625,549.8858032226562,80.6500015258789,67346,54490,32884,39906,62390
2026-08-19 11:28:00-04:00,318.1650085449219,263.8500061035156,342.05499267578125,550.489990234375,80.6500015258789,318.18499755859375,263.8800048828125,342.1199951171875,550.530029296875,80.66000366210938,318.0299987792969,263.7300109863281,341.989990234375,550.1300048828125,80.58999633789062,318.1619873046875,263.8299865722656,342.010009765625,550.3699951171875,80.66000366210938,55234,42545,10547,39988,62952
2026-08-19 11:29:00-04:00,318.17999267578125,263.9800109863281,342.07000732421875,550.3599853515625,80.62000274658203,318.2300109863281,263.989990234375,342.07000732421875,550.5,80.65499877929688,318.0799865722656,263.7749938964844,341.75,550.0,80.55999755859375,318.1600036621094,263.8699951171875,342.05499267578125,550.4749755859375,80.65499877929688,59426,53352,14556,37230,101726
2026-08-19 11:30:00-04:00,317.8349914550781,263.8291931152344,341.9800109863281,550.4299926757812,80.54000091552734,318.2300109863281,263.989990234375,342.1000061035156,550.52001953125,80.625,317.82000732421875,263.7799987792969,341.94000244140625,550.1400146484375,80.54000091552734,318.18499755859375,263.989990234375,342.05999755859375,550.3599853515625,80.625,63627,74359,10683,25400,41227
2026-08-19 11:31:00-04:00,317.7650146484375,263.8399963378906,342.2200012207031,550.72998046875,80.5999984741211,317.909912109375,264.0400085449219,342.260009765625,550.9400024414062,80.625,317.6600036621094,263.82501220703125,342.00360107421875,550.280029296875,80.55000305175781,317.8500061035156,263.83331298828125,342.04229736328125,550.4299926757812,80.55500030517578,63386,72673,12350,90876,67014
2026-08-19 11:32:00-04:00,317.5950012207031,263.9100036621094,342.20001220703125,551.3400268554688,80.62000274658203,317.80999755859375,263.9599914550781,342.32818603515625,551.4500122070312,80.63500213623047,317.57000732421875,263.7799987792969,342.1400146484375,550.6699829101562,80.5999984741211,317.760009765625,263.8550109863281,342.25,550.8049926757812,80.6050033569336,76366,23150,13199,67534,21351
2026-08-19 11:33:00-04:00,317.5849914550781,264.0674133300781,342.1600036621094,551.72998046875,80.65499877929688,317.7749938964844,264.19500732421875,342.2698974609375,551.8900146484375,80.65499877929688,317.55499267578125,263.8901062011719,342.0899963378906,551.1500244140625,80.62000274658203,317.57000732421875,263.8901062011719,342.15008544921875,551.3200073242188,80.62000274658203,53439,53317,19216,29701,36235
2026-08-19 11:34:00-04:00,317.44049072265625,264.0899963378906,342.1099853515625,552.1199951171875,80.66500091552734,317.6600036621094,264.16070556640625,342.2099914550781,552.1199951171875,80.69499969482422,317.3599853515625,264.0199890136719,342.010009765625,551.6699829101562,80.63020324707031,317.6099853515625,264.08990478515625,342.1199951171875,551.7000122070312,80.65270233154297,38331,40654,9685,29359,35209
2026-08-19 11:35:00-04:00,317.2200012207031,264.0,342.2467041015625,552.0700073242188,80.5510025024414,317.42999267578125,264.1700134277344,342.2467041015625,552.2999877929688,80.69000244140625,317.1200866699219,264.0,341.9800109863281,551.9299926757812,80.55049896240234,317.42999267578125,264.0199890136719,342.0809020996094,552.0549926757812,80.67500305175781,77580,30677,19424,55331,55440
2026-08-19 11:36:00-04:00,316.8500061035156,263.9200134277344,342.0942077636719,551.9450073242188,80.5199966430664,317.2550048828125,264.05999755859375,342.30999755859375,552.2999877929688,80.55999755859375,316.8500061035156,263.9100036621094,342.0199890136719,551.8099975585938,80.51000213623047,317.2049865722656,264.04998779296875,342.2200012207031,552.0750122070312,80.55000305175781,85753,32798,13785,28403,49791
2026-08-19 11:37:00-04:00,316.7250061035156,263.8299865722656,342.1499938964844,551.5999755859375,80.56500244140625,316.8599853515625,263.9800109863281,342.2898864746094,552.3298950195312,80.57499694824219,316.6709899902344,263.80999755859375,342.0,551.3599853515625,80.51000213623047,316.8599853515625,263.8900146484375,342.0481872558594,551.8900146484375,80.5199966430664,53127,39016,10976,44942,37979
2026-08-19 11:38:00-04:00,316.86920166015625,264.0899963378906,342.2099914550781,551.2100219726562,80.55999755859375,316.8800048828125,264.0899963378906,342.260009765625,551.7000122070312,80.56199645996094,316.6099853515625,263.79998779296875,342.0400085449219,551.0399780273438,80.52999877929688,316.7200012207031,263.8349914550781,342.1499938964844,551.2100219726562,80.56199645996094,76707,25839,22653,20475,32563
2026-08-19 11:39:00-04:00,317.010009765625,264.1199951171875,342.29998779296875,551.3300170898438,80.50499725341797,317.1600036621094,264.1700134277344,342.3500061035156,551.6500244140625,80.56999969482422,316.8500061035156,264.0,342.2049865722656,551.0800170898438,80.47000122070312,316.8699951171875,264.0849914550781,342.2200012207031,551.1599731445312,80.55999755859375,125031,27199,16454,19723,57147
2026-08-19 11:40:00-04:00,316.55999755859375,264.0899963378906,342.2850036621094,551.5999755859375,80.48760223388672,317.0199890136719,264.125,342.3999938964844,551.62109375,80.54000091552734,316.5400085449219,263.927490234375,342.239990234375,551.155517578125,80.45999908447266,317.010009765625,264.114990234375,342.2950134277344,551.3300170898438,80.5,88099,27035,15264,18419,53536
2026-08-19 11:41:00-04:00,316.5000915527344,263.8949890136719,342.2300109863281,551.68017578125,80.43720245361328,316.6700134277344,264.12530517578125,342.30999755859375,551.739990234375,80.51000213623047,316.4656066894531,263.8949890136719,342.15008544921875,551.4199829101562,80.41999816894531,316.56500244140625,264.12530517578125,342.2850036621094,551.489990234375,80.4800033569336,70352,36085,8927,16735,49523
2026-08-19 11:42:00-04:00,316.5199890136719,264.0199890136719,342.2300109863281,551.5650024414062,80.46499633789062,316.5559997558594,264.0199890136719,342.3299865722656,551.7000122070312,80.46980285644531,316.3699951171875,263.8865966796875,342.16009521484375,551.4000244140625,80.41999816894531,316.5,263.8865966796875,342.2398986816406,551.6455078125,80.43009948730469,55124,34409,13075,15799,33963
2026-08-19 11:43:00-04:00,316.3399963378906,264.1434020996094,342.0899963378906,551.3800048828125,80.47000122070312,316.55999755859375,264.17999267578125,342.23980712890625,551.7000122070312,80.5,316.30108642578125,264.0,342.0,551.3800048828125,80.45999908447266,316.5199890136719,264.0,342.2200012207031,551.6400146484375,80.46499633789062,51708,31496,10882,14567,41184
2026-08-19 11:44:00-04:00,316.42999267578125,264.2550048828125,342.2099914550781,551.8400268554688,80.46499633789062,316.54998779296875,264.2799987792969,342.2099914550781,551.8400268554688,80.46690368652344,316.3399963378906,264.0799865722656,341.9599914550781,551.25,80.3949966430664,316.3500061035156,264.1199951171875,342.1300048828125,551.4500122070312,80.45999908447266,46551,30460,13740,18749,39072
2026-08-19 11:45:00-04:00,316.4549865722656,264.4493103027344,342.3699951171875,552.1751098632812,80.44999694824219,316.5299987792969,264.45001220703125,342.4200134277344,552.25,80.4800033569336,316.3500061035156,264.2300109863281,342.1400146484375,551.8400268554688,80.44010162353516,316.43499755859375,264.2550048828125,342.2099914550781,551.8400268554688,80.46499633789062,43023,44946,18001,25756,25605
2026-08-19 11:46:00-04:00,316.614990234375,264.55999755859375,342.4150085449219,552.8099975585938,80.5103988647461,316.6300048828125,264.57000732421875,342.42999267578125,552.8599243164062,80.51499938964844,316.42999267578125,264.3900146484375,342.260009765625,552.1353149414062,80.44999694824219,316.44000244140625,264.42999267578125,342.3367919921875,552.25,80.45999908447266,40447,49412,18471,24094,38394
2026-08-19 11:47:00-04:00,316.5249938964844,264.4100036621094,342.32501220703125,552.3400268554688,80.5199966430664,316.6889953613281,264.5799865722656,342.614990234375,552.8692016601562,80.52999877929688,316.5199890136719,264.3900146484375,342.32000732421875,552.3001098632812,80.5,316.6199035644531,264.5450134277344,342.42999267578125,552.8099975585938,80.51229858398438,60357,44225,18096,23482,43019
2026-08-19 11:48:00-04:00,316.66900634765625,264.5386962890625,342.6499938964844,552.9650268554688,80.52999877929688,316.66900634765625,264.5487060546875,342.69000244140625,553.02001953125,80.55000305175781,316.489990234375,264.3699951171875,342.3900146484375,552.351806640625,80.5,316.510009765625,264.4049987792969,342.3900146484375,552.3699951171875,80.5250015258789,44926,50287,23401,26262,49391
2026-08-19 11:49:00-04:00,316.7200012207031,264.55999755859375,342.57501220703125,552.6495971679688,80.58000183105469,316.8450012207031,264.6300048828125,342.7699890136719,553.4869995117188,80.58499908447266,316.6499938964844,264.5400085449219,342.56500244140625,552.52001953125,80.5199966430664,316.6600036621094,264.54998779296875,342.6600036621094,552.9500122070312,80.5199966430664,53810,49182,30158,7933014,51176
2026-08-19 11:50:00-04:00,316.6300048828125,264.4100036621094,342.5,552.60498046875,80.58000183105469,316.75,264.5505065917969,342.6700134277344,552.8900146484375,80.606201171875,316.5899963378906,264.3699951171875,342.5,552.3900146484375,80.56819915771484,316.7300109863281,264.5505065917969,342.5,552.885009765625,80.58999633789062,40951,53709,25566,43609,39569
2026-08-19 11:51:00-04:00,316.7300109863281,264.3717041015625,342.3699951171875,552.0800170898438,80.51000213623047,316.8599853515625,264.45001220703125,342.4800109863281,552.5449829101562,80.56999969482422,316.67999267578125,264.340087890625,342.3599853515625,552.0800170898438,80.51000213623047,316.67999267578125,264.385009765625,342.4700012207031,552.530029296875,80.56999969482422,42478,36942,14158,24282,31843
2026-08-19 11:52:00-04:00,316.5299987792969,264.489990234375,342.3399963378906,552.0750122070312,80.51499938964844,316.7550048828125,264.510009765625,342.4100036621094,552.369873046875,80.5250015258789,316.5,264.3699951171875,342.239990234375,552.02001953125,80.48999786376953,316.7298889160156,264.3699951171875,342.4100036621094,552.0999755859375,80.51499938964844,40155,23414,12575,36971,51489
2026-08-19 11:53:00-04:00,316.55999755859375,264.375,342.2099914550781,551.8300170898438,80.53500366210938,316.6451110839844,264.5198974609375,342.3800048828125,552.2999877929688,80.55000305175781,316.510009765625,264.3399963378906,342.1942138671875,551.8001098632812,80.51499938964844,316.5199890136719,264.5,342.3399963378906,552.2999877929688,80.51499938964844,31758,47148,12678,25658,44271
2026-08-19 11:54:00-04:00,316.3599853515625,264.4649963378906,342.32000732421875,552.25,80.56500244140625,316.54998779296875,264.4700012207031,342.3550109863281,552.3499755859375,80.5833969116211,316.3500061035156,264.3341979980469,342.2200012207031,551.7899780273438,80.54000091552734,316.5400085449219,264.3599853515625,342.2300109863281,551.8900146484375,80.54000091552734,39461,22485,7881,18154,36775
2026-08-19 11:55:00-04:00,316.239990234375,264.3999938964844,342.2648010253906,552.1199951171875,80.58000183105469,316.3699951171875,264.489990234375,342.32000732421875,552.27001953125,80.59970092773438,316.1448059082031,264.33599853515625,342.19000244140625,552.0599975585938,80.54000091552734,316.3599853515625,264.4700012207031,342.32000732421875,552.1099853515625,80.55999755859375,52868,27987,7686,17369,44214
2026-08-19 11:56:00-04:00,316.20989990234375,264.4549865722656,342.05999755859375,552.2249755859375,80.54000091552734,316.239990234375,264.4549865722656,342.2799987792969,552.3598022460938,80.56999969482422,316.0849914550781,264.3268127441406,341.9599914550781,552.10498046875,80.5250015258789,316.2349853515625,264.3999938964844,342.239990234375,552.2999877929688,80.56999969482422,40202,31702,58057,16847,21093
2026-08-19 11:57:00-04:00,315.9700012207031,264.4599914550781,341.739990234375,551.8200073242188,80.54499816894531,316.1951904296875,264.5773010253906,342.0299987792969,552.489990234375,80.55999755859375,315.9700012207031,264.4150085449219,341.7300109863281,551.8200073242188,80.54399871826172,316.1951904296875,264.42999267578125,342.010009765625,552.2249755859375,80.54399871826172,56763,35355,13279,24783,25371
2026-08-19 11:58:00-04:00,316.19000244140625,264.55499267578125,341.8399963378906,552.0999755859375,80.54499816894531,316.20001220703125,264.55499267578125,341.9200134277344,552.1400146484375,80.54769897460938,315.96600341796875,264.4200134277344,341.7550048828125,551.7999877929688,80.5199966430664,315.9700012207031,264.4599914550781,341.8399963378906,551.9299926757812,80.54769897460938,56408,30872,10717,22156,28895
2026-08-19 11:59:00-04:00,316.2950134277344,264.489990234375,341.7900085449219,552.023681640625,80.56990051269531,316.29901123046875,264.55999755859375,341.9200134277344,552.3900146484375,80.56999969482422,316.20001220703125,264.44000244140625,341.6600036621094,551.8499755859375,80.53500366210938,316.2200012207031,264.55999755859375,341.8299865722656,552.0999755859375,80.55000305175781,56117,26801,15734,32651,41567
2026-08-19 12:00:00-04:00,316.2300109863281,264.7101135253906,342.0199890136719,553.1099853515625,80.58499908447266,316.3299865722656,264.7799987792969,342.07000732421875,553.2000122070312,80.625,316.1700134277344,264.45001220703125,341.75,552.239990234375,80.56999969482422,316.30999755859375,264.4849853515625,341.760009765625,552.239990234375,80.56999969482422,39584,52648,18269,33868,45160
2026-08-19 12:01:00-04:00,316.1549987792969,264.6199951171875,341.9700012207031,553.3201293945312,80.56199645996094,316.2300109863281,264.75,342.05999755859375,553.3900146484375,80.58989715576172,316.0,264.54071044921875,341.9200134277344,552.780029296875,80.5250015258789,316.2200012207031,264.7250061035156,342.05999755859375,553.1099853515625,80.58989715576172,43045,43921,14591,24014,32938
2026-08-19 12:02:00-04:00,316.54998779296875,264.6607971191406,342.06219482421875,553.75,80.53500366210938,316.54998779296875,264.7080078125,342.0799865722656,553.9349975585938,80.56500244140625,316.1400146484375,264.6050109863281,341.9800109863281,553.2899780273438,80.5199966430664,316.15240478515625,264.6050109863281,342.0,553.3900146484375,80.55999755859375,57295,39824,12917,51984,32822
2026-08-19 12:03:00-04:00,316.4800109863281,264.67999267578125,341.9649963378906,553.3099975585938,80.50869750976562,316.6199951171875,264.7298889160156,342.1199951171875,554.0599975585938,80.56990051269531,316.4599914550781,264.6300048828125,341.92999267578125,553.2550048828125,80.50869750976562,316.5450134277344,264.6700134277344,342.0350036621094,553.7999877929688,80.52999877929688,59564,55010,21077,77071,25355
2026-08-19 12:04:00-04:00,316.7676086425781,264.9100036621094,342.1449890136719,553.8005981445312,80.47000122070312,316.7749938964844,264.9100036621094,342.1499938964844,554.0,80.52999877929688,316.45001220703125,264.70001220703125,341.92999267578125,553.375,80.44989776611328,316.489990234375,264.70001220703125,342.0,553.375,80.51000213623047,81425,55004,19402,19000,52834
2026-08-19 12:05:00-04:00,316.8999938964844,264.8699951171875,342.1050109863281,553.6950073242188,80.47000122070312,316.95001220703125,264.95001220703125,342.2200012207031,553.9299926757812,80.5,316.739990234375,264.70001220703125,342.04998779296875,553.6099853515625,80.45999908447266,316.7799987792969,264.8699951171875,342.1499938964844,553.9000244140625,80.4800033569336,59402,72779,13053,21521,34269
2026-08-19 12:06:00-04:00,316.7950134277344,264.7486877441406,341.8999938964844,553.5499877929688,80.38710021972656,316.92498779296875,264.9200134277344,342.1199951171875,553.8300170898438,80.47000122070312,316.7101135253906,264.7300109863281,341.8800048828125,553.510009765625,80.38710021972656,316.8999938964844,264.8900146484375,342.114990234375,553.6099853515625,80.47000122070312,61317,39196,11252,21818,30610
2026-08-19 12:07:00-04:00,316.9700012207031,264.9700012207031,342.2300109863281,553.7000122070312,80.4000015258789,316.9700012207031,264.9794921875,342.260009765625,553.7100219726562,80.41999816894531,316.7349853515625,264.7300109863281,341.8999938964844,553.3681030273438,80.38999938964844,316.7950134277344,264.7450866699219,341.8999938964844,553.5900268554688,80.38999938964844,36451,46821,15942,21015,27134
2026-08-19 12:08:00-04:00,316.885009765625,265.04998779296875,342.4100036621094,553.3200073242188,80.44000244140625,317.0299987792969,265.0599060058594,342.4700012207031,553.780029296875,80.44999694824219,316.7799987792969,264.8800048828125,342.1549987792969,553.0499877929688,80.36499786376953,316.9800109863281,264.9800109863281,342.2200012207031,553.75,80.40499877929688,41815,131840,21523,28692,27165
2026-08-19 12:09:00-04:00,316.94000244140625,264.9800109863281,342.44000244140625,553.3800048828125,80.41999816894531,317.0199890136719,265.07000732421875,342.510009765625,553.530029296875,80.44650268554688,316.8800048828125,264.9700012207031,342.3900146484375,553.1900024414062,80.38999938964844,316.8800048828125,265.0400085449219,342.44000244140625,553.25,80.44000244140625,33747,47552,17805,17859,42605
2026-08-19 12:10:00-04:00,316.69500732421875,265.07000732421875,342.7200012207031,553.64501953125,80.48999786376953,316.9700012207031,265.09100341796875,342.7900085449219,553.6900024414062,80.5,316.58599853515625,264.9100036621094,342.3320007324219,553.1799926757812,80.41000366210938,316.9599914550781,265.0198974609375,342.3999938964844,553.3900146484375,80.41000366210938,63283,49103,27211,60997,40262
2026-08-19 12:11:00-04:00,316.8349914550781,265.0249938964844,342.84600830078125,553.3200073242188,80.44000244140625,316.95989990234375,265.1499938964844,342.8599853515625,553.739990234375,80.5,316.6827087402344,265.0199890136719,342.6524963378906,553.0303955078125,80.43000030517578,316.70001220703125,265.05999755859375,342.7699890136719,553.64501953125,80.48999786376953,42572,64977,120465,59028,34116
2026-08-19 12:12:00-04:00,317.0450134277344,264.9599914550781,342.8999938964844,553.4099731445312,80.41000366210938,317.0899963378906,265.0799865722656,343.0400085449219,553.489990234375,80.44000244140625,316.8500061035156,264.9100036621094,342.7900085449219,553.1901245117188,80.4000015258789,316.8500061035156,265.0199890136719,342.8349914550781,553.4299926757812,80.43499755859375,27868,30870,30564,12081,35149
2026-08-19 12:13:00-04:00,317.07000732421875,265.0299072265625,342.9599914550781,553.4400024414062,80.48500061035156,317.1300048828125,265.0299072265625,343.0400085449219,553.7000122070312,80.48999786376953,317.010009765625,264.94000244140625,342.8599853515625,553.2100219726562,80.41000366210938,317.04998779296875,264.95001220703125,342.8900146484375,553.3400268554688,80.41000366210938,35646,38544,16246,25258,38193
2026-08-19 12:14:00-04:00,317.25,264.9800109863281,343.0704040527344,553.4129028320312,80.4697036743164,317.29998779296875,265.1400146484375,343.20001220703125,553.7899780273438,80.5,317.0849914550781,264.9800109863281,342.9200134277344,553.4129028320312,80.45999908447266,317.25,265.0299987792969,342.9599914550781,553.5281982421875,80.48999786376953,68005,51011,26775,24469,56197
2026-08-19 12:15:00-04:00,317.239990234375,264.9800109863281,343.3349914550781,553.75,80.5199966430664,317.29998779296875,264.9800109863281,343.3699951171875,553.848388671875,80.5199966430664,317.1499938964844,264.8399963378906,342.9599914550781,553.3300170898438,80.45800018310547,317.260009765625,264.94000244140625,343.05999755859375,553.489990234375,80.45800018310547,57502,45512,37882,15325,25543
2026-08-19 12:16:00-04:00,317.3299865722656,264.82000732421875,343.3599853515625,553.6400146484375,80.55000305175781,317.3500061035156,264.9750061035156,343.4800109863281,553.8399047851562,80.55690002441406,317.1709899902344,264.739990234375,343.239990234375,553.25,80.51000213623047,317.2349853515625,264.9750061035156,343.34039306640625,553.8399047851562,80.51499938964844,44148,63449,35835,25991,38936
2026-08-19 12:17:00-04:00,317.2300109863281,264.5799865722656,343.0159912109375,553.219970703125,80.5374984741211,317.32000732421875,264.82000732421875,343.385009765625,553.7399291992188,80.57499694824219,317.1600036621094,264.55999755859375,342.989990234375,553.0401000976562,80.53500366210938,317.30999755859375,264.80999755859375,343.0159912109375,553.6400146484375,80.552001953125,43712,55856,26725,13907,32920
2026-08-19 12:18:00-04:00,317.260009765625,264.6449890136719,343.17999267578125,553.260009765625,80.55970001220703,317.2900085449219,264.6600036621094,343.2699890136719,553.2999877929688,80.57990264892578,317.1700134277344,264.54998779296875,342.9949951171875,553.02001953125,80.52999877929688,317.2349853515625,264.5849914550781,343.0400085449219,553.2999877929688,80.53990173339844,30733,40842,46378,25427,23016
2026-08-19 12:19:00-04:00,317.2200012207031,264.7749938964844,343.29998779296875,553.3099975585938,80.57499694824219,317.3299865722656,264.7749938964844,343.32000732421875,553.4495239257812,80.58000183105469,317.20001220703125,264.6050109863281,343.19000244140625,553.1599731445312,80.55999755859375,317.2550048828125,264.6600036621094,343.2099914550781,553.260009765625,80.55999755859375,28125,59648,17910,10897,23226
2026-08-19 12:20:00-04:00,317.1499938964844,264.75,343.3699035644531,552.3400268554688,80.4801025390625,317.2650146484375,264.8080139160156,343.4800109863281,553.3322143554688,80.57450103759766,316.8599853515625,264.739990234375,343.260009765625,552.27001953125,80.45999908447266,317.2099914550781,264.760009765625,343.2799987792969,553.3322143554688,80.57450103759766,93564,18922,18379,29986,38778
2026-08-19 12:21:00-04:00,317.4100036621094,264.6700134277344,343.4331970214844,552.280029296875,80.5,317.45001220703125,264.8301086425781,343.55999755859375,552.5800170898438,80.52239990234375,317.1000061035156,264.6199951171875,343.2909851074219,552.159423828125,80.47000122070312,317.1426086425781,264.760009765625,343.3299865722656,552.3599853515625,80.47000122070312,40707,41850,30984,30211,26773
2026-08-19 12:22:00-04:00,317.3399963378906,264.6400146484375,343.42999267578125,552.3800048828125,80.49500274658203,317.4198913574219,264.67498779296875,343.5050048828125,552.510009765625,80.50509643554688,317.2300109863281,264.3800048828125,343.30950927734375,552.0599975585938,80.48999786376953,317.4100036621094,264.67498779296875,343.4700012207031,552.280029296875,80.49500274658203,35477,64751,17735,29520,22014
2026-08-19 12:23:00-04:00,317.06500244140625,264.7300109863281,343.25,552.6599731445312,80.45999908447266,317.3599853515625,264.7699890136719,343.385009765625,552.97998046875,80.51000213623047,317.04998779296875,264.6499938964844,343.2101135253906,552.3800048828125,80.45999908447266,317.3450927734375,264.6700134277344,343.3699951171875,552.3800048828125,80.5,23256,31588,16054,36363,19702
2026-08-19 12:24:00-04:00,316.989990234375,264.6700134277344,343.31500244140625,552.4500122070312,80.43499755859375,317.0899963378906,264.739990234375,343.3594970703125,552.6599731445312,80.45999908447266,316.92999267578125,264.6499938964844,343.1400146484375,552.4157104492188,80.42500305175781,317.07000732421875,264.7250061035156,343.25,552.6599731445312,80.44000244140625,50125,32941,17067,13360,25950
2026-08-19 12:25:00-04:00,316.82501220703125,264.6199951171875,342.68499755859375,551.72998046875,80.44000244140625,317.04998779296875,264.7698974609375,343.3599853515625,552.489990234375,80.45500183105469,316.80999755859375,264.6199951171875,342.6300048828125,551.72998046875,80.43000030517578,316.9801940917969,264.67999267578125,343.3599853515625,552.4099731445312,80.44000244140625,36724,28878,19243,34690,22905
2026-08-19 12:26:00-04:00,316.7601013183594,264.5799865722656,342.5190124511719,552.1099853515625,80.47509765625,316.8550109863281,264.6299133300781,342.70001220703125,552.2293090820312,80.47509765625,316.6300048828125,264.55999755859375,342.4200134277344,551.6600952148438,80.43720245361328,316.80999755859375,264.60101318359375,342.6400146484375,551.7999877929688,80.44000244140625,84429,47691,14879,41081,15978
2026-08-19 12:27:00-04:00,316.7651062011719,264.6099853515625,342.4200134277344,552.1895751953125,80.51499938964844,316.80499267578125,264.739990234375,342.5794982910156,552.25,80.5199966430664,316.6650085449219,264.5679016113281,342.4200134277344,552.0499877929688,80.4749984741211,316.7900085449219,264.5679016113281,342.5299987792969,552.135009765625,80.4749984741211,30185,39568,10586,13192,27599
2026-08-19 12:28:00-04:00,316.75,264.6549987792969,342.44500732421875,552.3200073242188,80.51000213623047,316.8299865722656,264.67999267578125,342.57000732421875,552.4400024414062,80.5199966430664,316.7099914550781,264.5899963378906,342.42999267578125,552.0200805664062,80.47000122070312,316.760009765625,264.6144104003906,342.45001220703125,552.1199951171875,80.51499938964844,20730,17721,9528,15286,55574
2026-08-19 12:29:00-04:00,316.55999755859375,264.5450134277344,342.5799865722656,552.3101196289062,80.5531997680664,316.7550048828125,264.7099914550781,342.67999267578125,552.5800170898438,80.5531997680664,316.55999755859375,264.5299987792969,342.4700012207031,552.280029296875,80.51000213623047,316.7500915527344,264.6700134277344,342.4700012207031,552.3599853515625,80.5166015625,28945,36749,19462,14045,19137
2026-08-19 12:30:00-04:00,316.3900146484375,264.3800048828125,342.7304992675781,551.875,80.5250015258789,316.54998779296875,264.55499267578125,342.7699890136719,552.3599853515625,80.58000183105469,316.3299865722656,264.29998779296875,342.4800109863281,551.7899780273438,80.5250015258789,316.54998779296875,264.5400085449219,342.5400085449219,552.2600708007812,80.55000305175781,34768,45634,25782,31101,23446
2026-08-19 12:31:00-04:00,316.3811950683594,264.489990234375,342.80499267578125,551.5549926757812,80.52999877929688,316.4700012207031,264.5,342.80499267578125,551.8098754882812,80.58999633789062,316.3301086425781,264.2699890136719,342.5799865722656,551.4301147460938,80.5199966430664,316.4049987792969,264.32000732421875,342.7699890136719,551.7999877929688,80.52010345458984,32923,42421,20151,28820,30832
2026-08-19 12:32:00-04:00,316.30999755859375,264.489990234375,342.75,551.6818237304688,80.51499938964844,316.4200134277344,264.5799865722656,342.8399963378906,551.8599853515625,80.55000305175781,316.260009765625,264.41009521484375,342.7200012207031,551.4000854492188,80.51000213623047,316.3999938964844,264.510009765625,342.7799987792969,551.6699829101562,80.55000305175781,38683,62970,6703,20128,35418
2026-08-19 12:33:00-04:00,316.2349853515625,264.57000732421875,342.75,551.5,80.4749984741211,316.3699951171875,264.5899963378906,342.8699951171875,551.719970703125,80.53610229492188,316.2200012207031,264.489990234375,342.6700134277344,551.4000244140625,80.4749984741211,316.30999755859375,264.510009765625,342.739990234375,551.7100219726562,80.5199966430664,41565,73633,14553,16890,22268
2026-08-19 12:34:00-04:00,316.260009765625,264.6099853515625,342.7449951171875,551.4500122070312,80.47000122070312,316.2900085449219,264.6300048828125,342.7694091796875,551.52001953125,80.47509765625,316.2099914550781,264.4599914550781,342.6400146484375,551.1201171875,80.43499755859375,316.2349853515625,264.55999755859375,342.7300109863281,551.4500122070312,80.47000122070312,29405,38566,11446,15550,21579
2026-08-19 12:35:00-04:00,315.9049987792969,264.6288146972656,342.5799865722656,551.4251098632812,80.48999786376953,316.2799987792969,264.7049865722656,342.7298889160156,551.52001953125,80.5000991821289,315.8599853515625,264.5400085449219,342.510009765625,551.22998046875,80.45010375976562,316.2749938964844,264.6499938964844,342.7250061035156,551.4500122070312,80.47010040283203,270917,42676,6502,33446,27096
2026-08-19 12:36:00-04:00,315.70001220703125,264.5899963378906,342.4100036621094,551.3250122070312,80.4749984741211,315.8999938964844,264.6300048828125,342.55999755859375,551.5,80.50499725341797,315.70001220703125,264.52789306640625,342.385009765625,551.219970703125,80.45999908447266,315.8999938964844,264.6099853515625,342.55999755859375,551.343994140625,80.4800033569336,21501570,30012,12350,22198,33970
2026-08-19 12:37:00-04:00,315.68011474609375,264.42999267578125,342.5199890136719,551.4000244140625,80.44000244140625,315.8299865722656,264.6400146484375,342.57000732421875,551.510009765625,80.4800033569336,315.67999267578125,264.3999938964844,342.3900146484375,551.22998046875,80.43060302734375,315.70599365234375,264.5849914550781,342.4100036621094,551.3800048828125,80.44000244140625,74426,35768,15360,14222,30358
2026-08-19 12:38:00-04:00,315.4949951171875,264.5078125,342.1400146484375,551.1199951171875,80.43499755859375,315.70001220703125,264.57501220703125,342.5799865722656,551.419921875,80.47000122070312,315.4800109863281,264.42498779296875,342.1400146484375,551.0999755859375,80.43000030517578,315.6806945800781,264.42498779296875,342.55999755859375,551.31640625,80.43000030517578,46993,65055,9450,12409,28004
2026-08-19 12:39:00-04:00,315.3500061035156,264.43499755859375,342.0050048828125,551.0399780273438,80.38259887695312,315.5199890136719,264.5,342.1521911621094,551.2000122070312,80.44999694824219,315.2850036621094,264.42999267578125,341.9800109863281,551.0399780273438,80.375,315.4800109863281,264.5,342.1499938964844,551.0399780273438,80.43499755859375,85049,21507,15798,8902,28322
2026-08-19 12:40:00-04:00,315.3699951171875,264.67498779296875,341.9800109863281,551.255615234375,80.33000183105469,315.45001220703125,264.69000244140625,342.06500244140625,551.280029296875,80.38009643554688,315.2701110839844,264.43499755859375,341.92999267578125,551.030029296875,80.31999969482422,315.3500061035156,264.4549865722656,342.0090026855469,551.0850219726562,80.37999725341797,86922,48468,13798,15562,30819
2026-08-19 12:41:00-04:00,315.260009765625,264.92999267578125,342.1000061035156,551.5700073242188,80.33000183105469,315.3699951171875,264.94500732421875,342.1400146484375,551.8499755859375,80.33499908447266,315.17999267578125,264.6600036621094,341.82000732421875,551.2100219726562,80.30010223388672,315.3599853515625,264.67999267578125,341.94000244140625,551.5700073242188,80.32499694824219,58960,75804,17340,26952,49565
2026-08-19 12:42:00-04:00,315.11529541015625,264.67999267578125,341.94500732421875,551.5050048828125,80.36499786376953,315.2699890136719,264.95001220703125,342.1400146484375,551.9299926757812,80.37999725341797,315.04998779296875,264.66009521484375,341.94000244140625,551.2860107421875,80.33000183105469,315.2699890136719,264.9494934082031,342.1000061035156,551.6199951171875,80.33999633789062,62473,60092,8570,26793,31520
2026-08-19 12:43:00-04:00,315.20001220703125,264.67498779296875,341.92999267578125,551.4140014648438,80.36000061035156,315.260009765625,264.7349853515625,341.9700012207031,551.5700073242188,80.36499786376953,315.0899963378906,264.6133117675781,341.80999755859375,551.3499755859375,80.31999969482422,315.1199951171875,264.67999267578125,341.94500732421875,551.5050048828125,80.36000061035156,39230,52454,7246,12821,33280
2026-08-19 12:44:00-04:00,315.260009765625,264.6700134277344,341.7099914550781,551.4500122070312,80.30000305175781,315.2950134277344,264.7261962890625,341.94500732421875,551.6422729492188,80.36000061035156,315.1499938964844,264.6400146484375,341.7099914550781,551.3109130859375,80.27999877929688,315.20001220703125,264.67999267578125,341.93499755859375,551.4000244140625,80.36000061035156,41152,26837,13599,20407,43754
2026-08-19 12:45:00-04:00,315.1199951171875,264.6401062011719,341.6300964355469,551.5,80.2750015258789,315.2799987792969,264.6700134277344,341.7699890136719,551.5,80.30999755859375,315.1199951171875,264.5028991699219,341.5857849121094,551.3200073242188,80.26499938964844,315.260009765625,264.6700134277344,341.7699890136719,551.4650268554688,80.30010223388672,48857,30024,16547,13027,20628
2026-08-19 12:46:00-04:00,315.1300048828125,264.5799865722656,341.4100036621094,551.6699829101562,80.2249984741211,315.2099914550781,264.70001220703125,341.67999267578125,551.8900146484375,80.30999755859375,315.010009765625,264.5799865722656,341.4100036621094,551.4600219726562,80.2249984741211,315.1099853515625,264.6600036621094,341.66009521484375,551.5,80.28949737548828,57446,25607,17675,30797,58798
2026-08-19 12:47:00-04:00,315.2250061035156,264.6099853515625,341.4750061035156,551.6500244140625,80.21499633789062,315.2500915527344,264.625,341.4750061035156,551.7951049804688,80.25,315.1199951171875,264.57000732421875,341.4200134277344,551.6099853515625,80.20999908447266,315.1300048828125,264.6000061035156,341.4200134277344,551.6099853515625,80.2300033569336,37463,17969,110062,9956,26728
2026-08-19 12:48:00-04:00,315.1499938964844,264.1300964355469,341.44000244140625,551.6823120117188,80.16500091552734,315.2900085449219,264.5899963378906,341.5899963378906,551.8300170898438,80.21009826660156,315.12078857421875,264.10009765625,341.406005859375,551.6199951171875,80.16500091552734,315.2099914550781,264.5899963378906,341.4649963378906,551.6500244140625,80.21009826660156,38392,74163,10976,13639,52587
2026-08-19 12:49:00-04:00,315.07000732421875,264.1199951171875,341.4599914550781,552.1467895507812,80.20989990234375,315.1700134277344,264.2149963378906,341.5299987792969,552.1898803710938,80.20999908447266,315.0400085449219,264.07501220703125,341.42999267578125,551.6500854492188,80.16000366210938,315.16009521484375,264.1300048828125,341.42999267578125,551.6500854492188,80.16500091552734,39188,30122,10790,22589,25289
2026-08-19 12:50:00-04:00,315.07501220703125,263.95001220703125,341.4200134277344,552.1256103515625,80.21700286865234,315.1099853515625,264.1400146484375,341.45001220703125,552.2100219726562,80.22000122070312,314.95001220703125,263.9002990722656,341.3450012207031,551.8699951171875,80.16999816894531,315.090087890625,264.1400146484375,341.45001220703125,552.0800170898438,80.19999694824219,123364,40500,9520,15034,50500
2026-08-19 12:51:00-04:00,315.1789855957031,264.0151062011719,341.44500732421875,552.4799194335938,80.19509887695312,315.21990966796875,264.0899963378906,341.45001220703125,552.4799194335938,80.21499633789062,315.0899963378906,263.92498779296875,341.3500061035156,552.1500244140625,80.19000244140625,315.0899963378906,263.92498779296875,341.3900146484375,552.239990234375,80.21499633789062,35604,38078,8784,15678,22304
2026-08-19 12:52:00-04:00,315.2598876953125,264.1099853515625,341.3800048828125,552.5399780273438,80.17500305175781,315.2698974609375,264.1195068359375,341.44500732421875,552.5800170898438,80.19499969482422,315.1099853515625,263.9549865722656,341.31500244140625,552.4099731445312,80.12999725341797,315.17498779296875,263.9849853515625,341.44000244140625,552.4099731445312,80.19499969482422,41132,34936,13798,15709,40800
2026-08-19 12:53:00-04:00,314.95001220703125,264.0849914550781,341.2699890136719,552.375,80.16500091552734,315.30999755859375,264.19189453125,341.44500732421875,552.72998046875,80.18000030517578,314.8999938964844,264.0849914550781,341.2699890136719,552.3499755859375,80.16000366210938,315.2799987792969,264.125,341.35198974609375,552.5900268554688,80.17500305175781,76897,46942,20149,24584,23989
2026-08-19 12:54:00-04:00,314.8999938964844,264.2699890136719,341.3349914550781,552.9149780273438,80.158203125,315.0,264.2998962402344,341.3599853515625,552.9824829101562,80.18000030517578,314.8746032714844,264.0849914550781,341.2449951171875,552.3900146484375,80.13500213623047,314.9599914550781,264.0899963378906,341.2950134277344,552.4099731445312,80.16000366210938,58522,18030,6181,24500,17470
2026-08-19 12:55:00-04:00,314.8949890136719,264.2799987792969,341.54998779296875,552.9500122070312,80.24500274658203,314.9100036621094,264.32000732421875,341.54998779296875,552.9500122070312,80.24500274658203,314.7200012207031,264.2550048828125,341.3299865722656,552.6400756835938,80.15499877929688,314.9017028808594,264.28009033203125,341.3500061035156,552.9099731445312,80.15499877929688,51260,18520,11974,13932,30007
2026-08-19 12:56:00-04:00,314.8800048828125,264.2900085449219,341.4200134277344,552.7999877929688,80.27529907226562,314.9599914550781,264.3299865722656,341.6000061035156,553.0999755859375,80.30000305175781,314.8699951171875,264.239990234375,341.4200134277344,552.72998046875,80.2300033569336,314.8949890136719,264.2799987792969,341.5350036621094,552.89501953125,80.23999786376953,40837,34196,10155,28893,41887
2026-08-19 12:57:00-04:00,314.7349853515625,264.239990234375,341.20001220703125,552.8200073242188,80.30500030517578,314.92999267578125,264.3900146484375,341.43499755859375,553.0599975585938,80.30999755859375,314.7200927734375,264.239990234375,341.1534118652344,552.6804809570312,80.27999877929688,314.8699951171875,264.2850036621094,341.43499755859375,552.8900146484375,80.28949737548828,39609,30043,9606,13385,37264
2026-08-19 12:58:00-04:00,314.70001220703125,264.2699890136719,341.1300048828125,553.0499877929688,80.29499816894531,314.7900085449219,264.29998779296875,341.20001220703125,553.0499877929688,80.30999755859375,314.6499938964844,264.239990234375,341.1000061035156,552.6746826171875,80.2699966430664,314.7441101074219,264.260009765625,341.17498779296875,552.8300170898438,80.30999755859375,51825,17055,9691,9427,35204
2026-08-19 12:59:00-04:00,315.0950012207031,264.2850036621094,341.239501953125,552.9249877929688,80.31999969482422,315.1499938964844,264.3299865722656,341.2898864746094,553.0250244140625,80.33499908447266,314.69000244140625,264.1700134277344,341.07000732421875,552.7301025390625,80.29000091552734,314.70001220703125,264.2900085449219,341.135009765625,553.0,80.29180145263672,469765,39873,7365,10534,20779
2026-08-19 13:00:00-04:00,315.06988525390625,264.1640930175781,341.3900146484375,553.3250122070312,80.34500122070312,315.1700134277344,264.2699890136719,341.3900146484375,553.405029296875,80.3550033569336,315.0400085449219,264.1575927734375,341.20001220703125,552.8900146484375,80.30999755859375,315.1199951171875,264.260009765625,341.2149963378906,552.9500122070312,80.31999969482422,42959,23755,10989,13828,34505
2026-08-19 13:01:00-04:00,315.010009765625,264.0849914550781,341.323486328125,553.1500244140625,80.27999877929688,315.06939697265625,264.17999267578125,341.510009765625,553.6400146484375,80.3499984741211,314.8999938964844,264.06500244140625,341.323486328125,553.1099853515625,80.26000213623047,315.04998779296875,264.17999267578125,341.4150085449219,553.3619995117188,80.33999633789062,55394,33350,11514,14809,26111
2026-08-19 13:02:00-04:00,315.0,264.1899108886719,341.54998779296875,553.5900268554688,80.33999633789062,315.1499938964844,264.1899108886719,341.54998779296875,553.6799926757812,80.3499984741211,315.0,264.0450134277344,341.3299865722656,553.1400756835938,80.27999877929688,315.0,264.04998779296875,341.3399963378906,553.22998046875,80.28500366210938,36021,28435,9343,13385,28252
2026-08-19 13:03:00-04:00,315.0299987792969,264.2336120605469,341.42999267578125,553.47998046875,80.30999755859375,315.0950012207031,264.25,341.5857849121094,553.6599731445312,80.3499984741211,314.9599914550781,264.1600036621094,341.3500061035156,553.3099975585938,80.30999755859375,314.9800109863281,264.18499755859375,341.5403137207031,553.5900268554688,80.33000183105469,37113,24694,11633,17226,20722
2026-08-19 13:04:00-04:00,314.9599914550781,264.1549987792969,341.42498779296875,553.1199951171875,80.30000305175781,315.05999755859375,264.2099914550781,341.45001220703125,553.4699096679688,80.33499908447266,314.95001220703125,264.1400146484375,341.3900146484375,552.9099731445312,80.30000305175781,315.010009765625,264.2099914550781,341.4200134277344,553.4699096679688,80.31500244140625,24427,17457,14537,18762,24951
2026-08-19 13:05:00-04:00,314.8550109863281,264.239990234375,341.5,553.2449951171875,80.30000305175781,314.96990966796875,264.2449951171875,341.5299987792969,553.4249877929688,80.30000305175781,314.80999755859375,264.1300048828125,341.37579345703125,553.1099853515625,80.2750015258789,314.9599914550781,264.1499938964844,341.3999938964844,553.1099853515625,80.29000091552734,36196,32868,13887,11912,24243
2026-08-19 13:06:00-04:00,314.75,264.260009765625,341.4800109863281,553.0750122070312,80.29499816894531,314.8550109863281,264.2799987792969,341.4800109863281,553.3499755859375,80.30500030517578,314.7300109863281,264.2099914550781,341.3500061035156,552.9400024414062,80.2925033569336,314.8550109863281,264.260009765625,341.4800109863281,553.2449951171875,80.30000305175781,37643,123912,11771,17089,15674
2026-08-19 13:07:00-04:00,314.7300109863281,264.17999267578125,341.3399963378906,552.6599731445312,80.30500030517578,314.82501220703125,264.32000732421875,341.56500244140625,553.0999755859375,80.33999633789062,314.6700134277344,264.1600036621094,341.29998779296875,552.5200805664062,80.29499816894531,314.760009765625,264.17999267578125,341.4800109863281,553.0499877929688,80.29979705810547,39052,33130,8536,33794,45663
2026-08-19 13:08:00-04:00,314.68499755859375,264.2401123046875,341.489990234375,552.7650146484375,80.33999633789062,314.7650146484375,264.2998962402344,341.489990234375,552.9398803710938,80.33999633789062,314.67999267578125,264.20001220703125,341.322509765625,552.60009765625,80.29000091552734,314.7349853515625,264.20001220703125,341.322509765625,552.6799926757812,80.30500030517578,27809,15727,9896,16381,24073
2026-08-19 13:09:00-04:00,314.5299987792969,264.2200012207031,341.2950134277344,552.7100219726562,80.3550033569336,314.6973876953125,264.32000732421875,341.5,553.0700073242188,80.36499786376953,314.489990234375,264.2200012207031,341.2950134277344,552.7100219726562,80.33499908447266,314.6968994140625,264.2699890136719,341.4849853515625,552.9000854492188,80.34629821777344,50801,24116,8290,9652,22322
2026-08-19 13:10:00-04:00,314.6199951171875,264.185791015625,341.45001220703125,552.875,80.3550033569336,314.6700134277344,264.2799987792969,341.4690856933594,552.9299926757812,80.36499786376953,314.4909973144531,264.15008544921875,341.2950134277344,552.7000122070312,80.33000183105469,314.55999755859375,264.2200012207031,341.2950134277344,552.8499755859375,80.35299682617188,35833,25223,6960,6615,27830
2026-08-19 13:11:00-04:00,314.80999755859375,264.20001220703125,341.4100036621094,552.9000244140625,80.37000274658203,314.885009765625,264.25,341.489990234375,552.9398803710938,80.3895034790039,314.625,264.1700134277344,341.3599853515625,552.75,80.36180114746094,314.6494140625,264.20880126953125,341.4800109863281,552.8209838867188,80.36990356445312,41231,25058,9432,11172,27681
2026-08-19 13:12:00-04:00,314.9599914550781,264.3299865722656,341.4599914550781,552.9749755859375,80.41000366210938,315.0400085449219,264.3800048828125,341.4750061035156,553.0,80.41010284423828,314.8349914550781,264.1549987792969,341.3599853515625,552.5399780273438,80.36499786376953,314.8349914550781,264.20001220703125,341.42498779296875,552.9400024414062,80.375,48805,36691,10913,27642,36035
2026-08-19 13:13:00-04:00,315.00299072265625,264.3299865722656,341.5450134277344,552.97998046875,80.42500305175781,315.1499938964844,264.42999267578125,341.5899963378906,553.2000122070312,80.43499755859375,314.8500061035156,264.30999755859375,341.4599914550781,552.9000244140625,80.40499877929688,314.94000244140625,264.30999755859375,341.4800109863281,552.9600219726562,80.41500091552734,56796,24345,13508,11230,54269
2026-08-19 13:14:00-04:00,314.8699951171875,264.2099914550781,341.5,552.9099731445312,80.37999725341797,315.04998779296875,264.3450012207031,341.57000732421875,553.1400146484375,80.42990112304688,314.8699951171875,264.2099914550781,341.44000244140625,552.9099731445312,80.37000274658203,315.0,264.3299865722656,341.510009765625,553.023193359375,80.42990112304688,41107,31371,14687,11320,34866
2026-08-19 13:15:00-04:00,314.7550048828125,264.17999267578125,341.5199890136719,552.9749755859375,80.36000061035156,314.8900146484375,264.260009765625,341.658203125,553.1300048828125,80.3949966430664,314.7300109863281,264.17999267578125,341.4800109863281,552.9500122070312,80.3550033569336,314.8699951171875,264.2300109863281,341.5,552.989990234375,80.38500213623047,37051,23245,7450,7167,23639
2026-08-19 13:16:00-04:00,315.1000061035156,263.8299865722656,341.489990234375,552.9199829101562,80.39830017089844,315.1300048828125,264.19000244140625,341.5588073730469,553.1099853515625,80.39830017089844,314.7001037597656,263.8299865722656,341.4200134277344,552.7150268554688,80.33999633789062,314.7550048828125,264.1700134277344,341.5,552.9749755859375,80.36499786376953,90426,73498,14301,12298,33612
2026-08-19 13:17:00-04:00,315.0899963378906,263.9100036621094,341.3699951171875,552.9119873046875,80.4000015258789,315.1600036621094,263.94500732421875,341.4599914550781,553.0,80.4000015258789,315.0600891113281,263.8100891113281,341.3299865722656,552.7838134765625,80.37000274658203,315.0799865722656,263.8999938964844,341.3999938964844,552.8599853515625,80.37999725341797,45613,37880,7109,11592,26287
2026-08-19 13:18:00-04:00,314.8999938964844,264.0,341.2349853515625,552.6251831054688,80.3949966430664,315.10528564453125,264.0201110839844,341.3450012207031,553.003173828125,80.41999816894531,314.8999938964844,263.95001220703125,341.2001037597656,552.6251831054688,80.38999938964844,315.1000061035156,263.95001220703125,341.32000732421875,552.9600219726562,80.4000015258789,42458,29589,10033,11949,19772
2026-08-19 13:19:00-04:00,314.8673095703125,264.04998779296875,341.29998779296875,552.469970703125,80.41500091552734,314.9700012207031,264.0694885253906,341.3699951171875,552.7999877929688,80.43000030517578,314.7799987792969,264.0000915527344,341.20001220703125,552.469970703125,80.3949966430664,314.9200134277344,264.0249938964844,341.260009765625,552.77001953125,80.4000015258789,91782,23242,9811,25119,23299
2026-08-19 13:20:00-04:00,314.94500732421875,264.1199951171875,341.2300109863281,552.3817138671875,80.43000030517578,314.95001220703125,264.17999267578125,341.31500244140625,552.5900268554688,80.44000244140625,314.8299865722656,264.0011901855469,341.1300964355469,552.22998046875,80.38999938964844,314.8799133300781,264.05999755859375,341.2699890136719,552.510009765625,80.41999816894531,42767,80648,11351,16774,32783
2026-08-19 13:21:00-04:00,314.8349914550781,264.1199951171875,340.9798889160156,552.1699829101562,80.41999816894531,314.9800109863281,264.1700134277344,341.2799987792969,552.4099731445312,80.42500305175781,314.8299865722656,264.0661926269531,340.9200134277344,552.1199951171875,80.4000015258789,314.94000244140625,264.114990234375,341.2099914550781,552.4000854492188,80.41999816894531,38061,31282,20671,10530,26096
2026-08-19 13:22:00-04:00,314.9700012207031,264.0899963378906,340.7900085449219,551.89501953125,80.40499877929688,314.9974060058594,264.1600036621094,340.95989990234375,552.1699829101562,80.41510009765625,314.79010009765625,264.010009765625,340.739990234375,551.72998046875,80.38999938964844,314.8399963378906,264.1199951171875,340.8699951171875,552.1699829101562,80.40499877929688,32614,37300,16591,21792,31708
2026-08-19 13:23:00-04:00,315.05999755859375,264.1099853515625,340.8800048828125,551.8049926757812,80.39749908447266,315.0899963378906,264.1600036621094,340.9299011230469,551.9199829101562,80.42500305175781,314.964599609375,264.010009765625,340.760009765625,551.739990234375,80.39749908447266,315.05999755859375,264.0899963378906,340.80999755859375,551.8300170898438,80.40499877929688,31112,53807,13826,15884,23428
2026-08-19 13:24:00-04:00,315.010009765625,264.1600036621094,340.989990234375,551.8800048828125,80.42559814453125,315.05999755859375,264.1600036621094,340.989990234375,551.8800048828125,80.42559814453125,314.94000244140625,264.07501220703125,340.8299865722656,551.8800048828125,80.38999938964844,315.05999755859375,264.1099853515625,340.8500061035156,551.8800048828125,80.4000015258789,29395,31692,21225,30658,21399
2026-08-19 13:25:00-04:00,314.95001220703125,264.17999267578125,341.0,552.0999755859375,80.44999694824219,315.0448913574219,264.2699890136719,341.07000732421875,552.2100219726562,80.46499633789062,314.95001220703125,264.1400146484375,340.93011474609375,551.8150024414062,80.43000030517578,315.0050048828125,264.1549987792969,340.95001220703125,551.8400268554688,80.43000030517578,31087,46218,12668,28503,34516
2026-08-19 13:26:00-04:00,315.0599060058594,264.3450012207031,340.83990478515625,552.4552001953125,80.4749984741211,315.05999755859375,264.3500061035156,340.9999084472656,552.5999755859375,80.4800033569336,314.8500061035156,264.17999267578125,340.760009765625,552.0999755859375,80.45500183105469,314.94000244140625,264.2049865722656,340.9549865722656,552.0999755859375,80.45500183105469,53149,36431,17700,16056,36642
2026-08-19 13:27:00-04:00,315.0010986328125,264.3949890136719,340.8399963378906,552.7000122070312,80.5199966430664,315.1142883300781,264.3999938964844,340.9200134277344,552.739990234375,80.5199966430664,314.8999938964844,264.2705078125,340.70001220703125,552.4849853515625,80.47000122070312,315.0400085449219,264.30999755859375,340.7900085449219,552.4849853515625,80.4749984741211,58493,46464,25720,19057,63765
2026-08-19 13:28:00-04:00,314.989990234375,264.5950012207031,340.9800109863281,553.02001953125,80.52069854736328,315.0400085449219,264.59991455078125,341.0,553.0399780273438,80.52999877929688,314.94000244140625,264.3900146484375,340.7900085449219,552.6500244140625,80.48999786376953,315.0098876953125,264.42999267578125,340.8450012207031,552.719970703125,80.5250015258789,59014,90796,12752,25151,48897
2026-08-19 13:29:00-04:00,315.05999755859375,264.7200012207031,341.010009765625,553.280029296875,80.53500366210938,315.0799865722656,264.7200012207031,341.0799865722656,553.3298950195312,80.54499816894531,314.9599914550781,264.55499267578125,340.9599914550781,552.9849853515625,80.52010345458984,315.0,264.6000061035156,340.9800109863281,552.9849853515625,80.52989959716797,30439,37580,9053,14398,35982
2026-08-19 13:30:00-04:00,315.139892578125,264.7300109863281,340.9200134277344,553.1950073242188,80.58499908447266,315.1499938964844,264.7850036621094,341.1899108886719,553.4400024414062,80.59500122070312,314.95001220703125,264.68499755859375,340.8800048828125,553.1500244140625,80.54609680175781,315.05999755859375,264.7200012207031,341.0299987792969,553.2349853515625,80.55000305175781,40356,53564,12515,18752,50059
2026-08-19 13:31:00-04:00,315.2349853515625,264.70001220703125,340.8699951171875,552.885009765625,80.51499938964844,315.2699890136719,264.7650146484375,340.95001220703125,553.260009765625,80.58999633789062,314.989990234375,264.67999267578125,340.82000732421875,552.8150024414062,80.51499938964844,315.1300048828125,264.75,340.8900146484375,553.1900024414062,80.58499908447266,88626,43544,14052,21540,41687
2026-08-19 13:32:00-04:00,315.2799072265625,264.3800048828125,340.739990234375,552.5499877929688,80.51930236816406,315.3450927734375,264.7300109863281,340.8399963378906,552.969970703125,80.53500366210938,315.17999267578125,264.3299865722656,340.67999267578125,552.489990234375,80.5,315.2300109863281,264.70001220703125,340.8399963378906,552.7899780273438,80.51499938964844,57524,80369,9294,11754,29328
2026-08-19 13:33:00-04:00,315.20001220703125,264.1199951171875,340.70001220703125,552.4525146484375,80.44999694824219,315.2799072265625,264.347900390625,340.74920654296875,552.6099853515625,80.51000213623047,315.1401062011719,264.1199951171875,340.6600036621094,552.3400268554688,80.44200134277344,315.2749938964844,264.347900390625,340.7099914550781,552.52001953125,80.51000213623047,31727,35151,10219,10794,33876
2026-08-19 13:34:00-04:00,315.260009765625,264.0,340.6499938964844,552.1599731445312,80.45999908447266,315.3399963378906,264.1700134277344,340.760009765625,552.4600219726562,80.4800033569336,315.18499755859375,263.9649963378906,340.6000061035156,552.1599731445312,80.43000030517578,315.2049865722656,264.0899963378906,340.67999267578125,552.4600219726562,80.44000244140625,49500,62548,7094,10163,31279
2026-08-19 13:35:00-04:00,315.239990234375,264.0799865722656,340.8299865722656,552.0999755859375,80.44999694824219,315.32501220703125,264.1199951171875,340.93499755859375,552.25,80.47000122070312,315.1700134277344,263.9800109863281,340.6099853515625,551.8900146484375,80.44000244140625,315.25,264.0799865722656,340.67999267578125,552.0999755859375,80.45999908447266,44200,46649,9003,18076,29943
2026-08-19 13:36:00-04:00,315.4201965332031,264.0,340.9306945800781,551.9600219726562,80.42500305175781,315.44989013671875,264.1299133300781,340.9700012207031,552.0549926757812,80.44000244140625,315.2300109863281,263.8800048828125,340.7900085449219,551.6500854492188,80.41010284423828,315.25,264.0400085449219,340.8926086425781,552.0549926757812,80.44000244140625,38483,38655,13385,13745,23554
2026-08-19 13:37:00-04:00,315.4549865722656,263.989990234375,341.0400085449219,551.8400268554688,80.46990203857422,315.5,264.0050048828125,341.0899963378906,552.0399780273438,80.5250015258789,315.3399963378906,263.92999267578125,340.92999267578125,551.7474975585938,80.41500091552734,315.42498779296875,264.0,340.94000244140625,551.8599853515625,80.42500305175781,40065,26056,10655,11570,61232
2026-08-19 13:38:00-04:00,315.510009765625,264.1700134277344,341.07000732421875,552.037109375,80.48500061035156,315.6000061035156,264.1700134277344,341.1300048828125,552.0999755859375,80.48500061035156,315.4400939941406,263.9700927734375,341.010009765625,551.8685913085938,80.44999694824219,315.4700012207031,263.989990234375,341.0450134277344,551.8685913085938,80.46499633789062,52064,33140,12001,9562,30257
2026-08-19 13:39:00-04:00,315.5050048828125,264.2200012207031,341.06500244140625,551.9099731445312,80.46499633789062,315.57000732421875,264.2749938964844,341.2300109863281,552.1699829101562,80.5,315.4800109863281,264.1600036621094,341.010009765625,551.9099731445312,80.45500183105469,315.5,264.1802978515625,341.1000061035156,552.0651245117188,80.48500061035156,31571,32758,24559,9734,28258
2026-08-19 13:40:00-04:00,315.52239990234375,264.2340087890625,341.1600036621094,552.10498046875,80.47000122070312,315.614990234375,264.2799987792969,341.17999267578125,552.1500244140625,80.49500274658203,315.489990234375,264.19000244140625,341.0158996582031,551.6801147460938,80.45999908447266,315.49090576171875,264.1900939941406,341.0158996582031,552.0,80.46099853515625,39803,22593,9725,12625,24837
2026-08-19 13:41:00-04:00,315.6199951171875,264.3500061035156,341.3033142089844,552.3049926757812,80.4800033569336,315.6499938964844,264.3699951171875,341.32000732421875,552.4349975585938,80.4800033569336,315.5400085449219,264.2099914550781,341.14739990234375,552.10498046875,80.44999694824219,315.55999755859375,264.2300109863281,341.1499938964844,552.10498046875,80.44999694824219,46416,47339,11769,12760,21843
2026-08-19 13:42:00-04:00,315.7699890136719,264.260009765625,341.2099914550781,552.3400268554688,80.46009826660156,315.8190002441406,264.42999267578125,341.3500061035156,552.5,80.48500061035156,315.6099853515625,264.260009765625,341.17999267578125,552.1849975585938,80.45999908447266,315.6199951171875,264.3399963378906,341.2900085449219,552.405029296875,80.48500061035156,83347,36669,14402,13831,26913
2026-08-19 13:43:00-04:00,315.7300109863281,264.18499755859375,341.16900634765625,552.3900146484375,80.45999908447266,315.7699890136719,264.260009765625,341.22930908203125,552.3900146484375,80.46379852294922,315.6400146484375,264.114990234375,341.07958984375,552.010009765625,80.43000030517578,315.7699890136719,264.2594909667969,341.222900390625,552.3099975585938,80.46379852294922,39018,37461,3117,11939,31010
2026-08-19 13:44:00-04:00,315.3599853515625,264.1650085449219,341.1000061035156,552.72998046875,80.5250015258789,315.69500732421875,264.239990234375,341.1449890136719,552.72998046875,80.52999877929688,315.3301086425781,264.1499938964844,341.0199890136719,552.3001708984375,80.45999908447266,315.3599853515625,264.1700134277344,341.1300048828125,552.340087890625,80.46499633789062,58624,22841,7115,9859,30601
2026-08-19 13:45:00-04:00,315.39990234375,264.2099914550781,341.0,552.5800170898438,80.49500274658203,315.510009765625,264.25,341.114990234375,552.7999877929688,80.54499816894531,315.3699951171875,264.1499938964844,340.92999267578125,552.5800170898438,80.49500274658203,315.3699951171875,264.17498779296875,341.114990234375,552.6699829101562,80.52999877929688,42377,18436,8018,7342,30236
2026-08-19 13:46:00-04:00,315.3279113769531,264.1099853515625,340.79998779296875,552.280029296875,80.49500274658203,315.47540283203125,264.2099914550781,341.04998779296875,552.6799926757812,80.50499725341797,315.32000732421875,264.07000732421875,340.79998779296875,552.0900268554688,80.4800033569336,315.3999938964844,264.2099914550781,340.79998779296875,552.5900268554688,80.4999008178711,28250,17173,10713,14278,18703
2026-08-19 13:47:00-04:00,315.29998779296875,264.1300048828125,340.6099853515625,552.2000122070312,80.48069763183594,315.3999938964844,264.1335144042969,340.8299865722656,552.2899780273438,80.51000213623047,315.2699890136719,264.04010009765625,340.5600891113281,552.068603515625,80.4800033569336,315.32000732421875,264.04010009765625,340.80999755859375,552.1799926757812,80.49500274658203,30893,23758,20939,7500,29337
2026-08-19 13:48:00-04:00,315.32501220703125,264.19500732421875,340.67999267578125,552.2449951171875,80.47000122070312,315.32501220703125,264.2200012207031,340.67999267578125,552.3098754882812,80.51000213623047,315.1499938964844,264.1099853515625,340.55999755859375,552.1400146484375,80.47000122070312,315.29998779296875,264.1300048828125,340.6000061035156,552.2000122070312,80.48500061035156,48529,26116,13152,10288,39397
2026-08-19 13:49:00-04:00,315.3299865722656,264.260009765625,340.625,552.2296752929688,80.50499725341797,315.3800048828125,264.260009765625,340.75,552.3400268554688,80.51000213623047,315.2300109863281,264.1300048828125,340.6199951171875,552.1599731445312,80.4749984741211,315.32000732421875,264.2099914550781,340.68499755859375,552.2449951171875,80.4749984741211,26568,32556,9825,7894,21266
2026-08-19 13:50:00-04:00,315.3599853515625,264.2799987792969,340.5299987792969,552.239990234375,80.55000305175781,315.44000244140625,264.3179931640625,340.7200012207031,552.3400268554688,80.57499694824219,315.3299865722656,264.2200012207031,340.5,552.1199951171875,80.50499725341797,315.3299865722656,264.2699890136719,340.6300048828125,552.2550048828125,80.50499725341797,32695,38448,21702,15634,50156
2026-08-19 13:51:00-04:00,315.3800048828125,264.32501220703125,340.7699890136719,552.0399780273438,80.55500030517578,315.3900146484375,264.3699035644531,340.7699890136719,552.2899780273438,80.56500244140625,315.2799987792969,264.2699890136719,340.4104919433594,551.8150024414062,80.53199768066406,315.364990234375,264.29998779296875,340.489990234375,552.239990234375,80.55500030517578,64986,19625,15268,18544,20980
2026-08-19 13:52:00-04:00,315.3999938964844,264.44500732421875,340.8599853515625,552.27001953125,80.58499908447266,315.4100036621094,264.4599914550781,340.9800109863281,552.3400268554688,80.58499908447266,315.2850036621094,264.35931396484375,340.7701110839844,552.1400756835938,80.55999755859375,315.3851013183594,264.35931396484375,340.7701110839844,552.1799926757812,80.58499908447266,59636,30784,17318,17980,40329
2026-08-19 13:53:00-04:00,315.3800048828125,264.4750061035156,341.0249938964844,552.0999755859375,80.57499694824219,315.45001220703125,264.4800109863281,341.05999755859375,552.47998046875,80.58509826660156,315.30999755859375,264.3900146484375,340.82000732421875,552.0999755859375,80.56990051269531,315.37030029296875,264.4750061035156,340.8699951171875,552.3300170898438,80.58000183105469,48244,35566,17629,19971,21648
2026-08-19 13:54:00-04:00,315.26141357421875,264.5299987792969,340.92999267578125,552.1699829101562,80.64009857177734,315.3900146484375,264.58990478515625,341.0899963378906,552.4199829101562,80.6500015258789,315.239990234375,264.4501037597656,340.8900146484375,552.0700073242188,80.56500244140625,315.3900146484375,264.4750061035156,341.0400085449219,552.4199829101562,80.56999969482422,28405,49982,24763,8252,47862
2026-08-19 13:55:00-04:00,315.2900085449219,264.4800109863281,340.7799987792969,552.125,80.6449966430664,315.3002014160156,264.5799865722656,340.92999267578125,552.280029296875,80.66500091552734,315.1784973144531,264.4800109863281,340.7799987792969,552.0,80.6449966430664,315.2699890136719,264.5249938964844,340.9200134277344,552.1699829101562,80.6449966430664,37761,27266,9433,11341,125402
2026-08-19 13:56:00-04:00,315.3399963378906,264.3999938964844,340.8699951171875,552.2794799804688,80.6449966430664,315.389892578125,264.5,340.8699951171875,552.3900146484375,80.66000366210938,315.260009765625,264.3999938964844,340.7200012207031,552.1199951171875,80.63999938964844,315.2799987792969,264.4750061035156,340.7699890136719,552.1199951171875,80.64830017089844,40048,31442,8463,5927,26227
2026-08-19 13:57:00-04:00,315.260009765625,264.45001220703125,340.7900085449219,552.0499877929688,80.65619659423828,315.3699951171875,264.489990234375,340.8599853515625,552.2899780273438,80.66000366210938,315.260009765625,264.4150085449219,340.7699890136719,552.0499877929688,80.62010192871094,315.3299865722656,264.44000244140625,340.8599853515625,552.1500854492188,80.6449966430664,31588,20116,9505,10785,27538
2026-08-19 13:58:00-04:00,315.3080139160156,264.44000244140625,340.6499938964844,552.0750122070312,80.61000061035156,315.3399963378906,264.4800109863281,340.82000732421875,552.2349853515625,80.68000030517578,315.260009765625,264.42999267578125,340.6300048828125,552.0,80.60009765625,315.2799987792969,264.44000244140625,340.79998779296875,552.0819091796875,80.6500015258789,44741,22178,9236,14146,57849
2026-08-19 13:59:00-04:00,315.20269775390625,264.43499755859375,340.6445007324219,552.10498046875,80.62999725341797,315.3194885253906,264.44500732421875,340.69000244140625,552.1900024414062,80.6500015258789,315.1700134277344,264.3550109863281,340.57000732421875,552.0401000976562,80.62000274658203,315.30999755859375,264.44000244140625,340.6499938964844,552.1400146484375,80.62000274658203,33756,43857,8829,11273,37307
2026-08-19 14:00:00-04:00,315.260009765625,264.5199890136719,340.6600036621094,552.1701049804688,80.625,315.2629089355469,264.5199890136719,340.70001220703125,552.4132080078125,80.62999725341797,315.10009765625,264.3699951171875,340.5400085449219,552.0200805664062,80.6050033569336,315.1919860839844,264.3999938964844,340.6499938964844,552.10498046875,80.6104965209961,34271,35387,31947,19623,22851
2026-08-19 14:01:00-04:00,315.2685852050781,264.67999267578125,340.8900146484375,552.6400146484375,80.67949676513672,315.3999938964844,264.67999267578125,340.8900146484375,552.6400146484375,80.69000244140625,315.239990234375,264.4800109863281,340.6000061035156,552.1900024414062,80.62010192871094,315.25,264.4949951171875,340.6400146484375,552.1900024414062,80.625,30600,51716,14570,9855,31118
2026-08-19 14:02:00-04:00,315.45111083984375,264.839599609375,341.05999755859375,552.6749877929688,80.70500183105469,315.4800109863281,264.9049987792969,341.1199951171875,552.739990234375,80.70500183105469,315.19500732421875,264.67498779296875,340.82000732421875,552.41357421875,80.66000366210938,315.260009765625,264.67498779296875,340.8399963378906,552.5651245117188,80.68499755859375,54868,68261,12174,11233,35110
2026-08-19 14:03:00-04:00,315.5111083984375,264.875,341.1700134277344,552.6099853515625,80.63500213623047,315.5400085449219,264.909912109375,341.1700134277344,552.7899780273438,80.70500183105469,315.4200134277344,264.7900085449219,341.04998779296875,552.4285278320312,80.63500213623047,315.45001220703125,264.8135070800781,341.0899963378906,552.6500244140625,80.69999694824219,47733,32183,22344,14732,49362
2026-08-19 14:04:00-04:00,315.6499938964844,264.9549865722656,341.0950012207031,552.4849853515625,80.66000366210938,315.67498779296875,264.9700012207031,341.2757873535156,552.9000244140625,80.66500091552734,315.5199890136719,264.82000732421875,341.07000732421875,552.4301147460938,80.65499877929688,315.5249938964844,264.8800048828125,341.1700134277344,552.6199951171875,80.66000366210938,47580,40414,20017,16795,17014
2026-08-19 14:05:00-04:00,315.5400085449219,264.67999267578125,340.9700012207031,552.3800048828125,80.5999984741211,315.7099914550781,264.9800109863281,341.260009765625,552.6900024414062,80.67990112304688,315.5000915527344,264.67999267578125,340.9649963378906,552.22998046875,80.5999984741211,315.6549987792969,264.94000244140625,341.1199951171875,552.4849853515625,80.66000366210938,40963,43706,8266,20758,31653
2026-08-19 14:06:00-04:00,315.3999938964844,264.6600036621094,340.760009765625,551.4873046875,80.6500015258789,315.55499267578125,264.79998779296875,340.9800109863281,552.4400024414062,80.66999816894531,315.3999938964844,264.6000061035156,340.760009765625,551.3900146484375,80.61000061035156,315.5400085449219,264.67999267578125,340.92999267578125,552.3599853515625,80.61000061035156,32019,75168,8423,20688,27690
2026-08-19 14:07:00-04:00,315.2200012207031,264.5050048828125,340.67999267578125,551.4650268554688,80.63999938964844,315.4649963378906,264.67999267578125,340.89990234375,551.7550048828125,80.66000366210938,315.2059020996094,264.3699951171875,340.6700134277344,551.1600952148438,80.62000274658203,315.3900146484375,264.67999267578125,340.70001220703125,551.4600219726562,80.6500015258789,37856,67184,10142,18203,25671
2026-08-19 14:08:00-04:00,315.1570129394531,264.32501220703125,340.67999267578125,551.3099975585938,80.62999725341797,315.32000732421875,264.6000061035156,340.7799987792969,551.522705078125,80.6500015258789,315.1094970703125,264.260009765625,340.6000061035156,550.8900146484375,80.62000274658203,315.2200012207031,264.5050048828125,340.7099914550781,551.4055786132812,80.63999938964844,42492,68038,14437,58918,35277
2026-08-19 14:09:00-04:00,315.04998779296875,264.2699890136719,340.6400146484375,551.260009765625,80.62000274658203,315.1700134277344,264.3500061035156,340.70001220703125,551.3200073242188,80.62999725341797,315.01470947265625,264.239990234375,340.5799865722656,551.0700073242188,80.6050033569336,315.1549987792969,264.3500061035156,340.6499938964844,551.2899780273438,80.62670135498047,49634,42671,11265,17107,25490
2026-08-19 14:10:00-04:00,315.1600036621094,264.30999755859375,340.79998779296875,551.5700073242188,80.63500213623047,315.19000244140625,264.4198913574219,340.864990234375,551.7100219726562,80.6500015258789,315.05499267578125,264.260009765625,340.6400146484375,551.1799926757812,80.62000274658203,315.0599060058594,264.2601013183594,340.6400146484375,551.260009765625,80.62000274658203,41249,30908,12422,17541,20694
2026-08-19 14:11:00-04:00,315.32000732421875,264.5050048828125,341.010009765625,551.89501953125,80.68000030517578,315.3598937988281,264.5050048828125,341.05999755859375,551.9099731445312,80.69000244140625,315.1499938964844,264.2799987792969,340.7601013183594,551.5399780273438,80.62000274658203,315.16241455078125,264.2799987792969,340.79998779296875,551.5399780273438,80.63999938964844,38941,32065,12382,11019,39690
2026-08-19 14:12:00-04:00,315.55999755859375,264.6600036621094,340.9949951171875,551.7000122070312,80.62999725341797,315.5899963378906,264.760009765625,341.05999755859375,551.9899291992188,80.72000122070312,315.3299865722656,264.4601135253906,340.8999938964844,551.6400146484375,80.62999725341797,315.3299865722656,264.5050048828125,340.989990234375,551.8900146484375,80.62999725341797,56298,64284,15106,16268,61603
2026-08-19 14:13:00-04:00,315.42999267578125,264.7099914550781,340.9800109863281,551.71240234375,80.62000274658203,315.55999755859375,264.79998779296875,341.05999755859375,551.7949829101562,80.62999725341797,315.42999267578125,264.6199951171875,340.8999938964844,551.5999755859375,80.5999984741211,315.5498046875,264.6600036621094,340.9700012207031,551.6799926757812,80.62000274658203,35598,47982,8192,8770,34237
2026-08-19 14:14:00-04:00,315.45001220703125,264.6499938964844,340.8599853515625,551.75,80.66999816894531,315.5299987792969,264.7698974609375,341.0899963378906,551.7999877929688,80.66999816894531,315.3800048828125,264.6300048828125,340.8599853515625,551.6400146484375,80.62000274658203,315.45001220703125,264.69000244140625,340.9599914550781,551.6849975585938,80.62000274658203,29066,20985,8545,6231,23580
2026-08-19 14:15:00-04:00,315.372802734375,264.6199951171875,340.9549865722656,551.4199829101562,80.63500213623047,315.45001220703125,264.69000244140625,341.0199890136719,551.7999877929688,80.67749786376953,315.31500244140625,264.6199951171875,340.8999938964844,551.4000854492188,80.63500213623047,315.45001220703125,264.6300048828125,340.92999267578125,551.7999877929688,80.66999816894531,35882,18358,9009,11437,22687
2026-08-19 14:16:00-04:00,315.15008544921875,264.6600036621094,340.9634094238281,551.2000122070312,80.63500213623047,315.4100036621094,264.70001220703125,341.0400085449219,551.6199951171875,80.66999816894531,315.135009765625,264.6300048828125,340.92999267578125,551.1400146484375,80.63500213623047,315.3699951171875,264.6600036621094,340.9700012207031,551.5180053710938,80.63999938964844,63196,27390,10436,23217,19151
2026-08-19 14:17:00-04:00,315.0799865722656,264.5799865722656,340.9150085449219,551.0,80.62999725341797,315.1600036621094,264.67498779296875,341.04998779296875,551.2999877929688,80.6500015258789,314.9700012207031,264.54998779296875,340.9150085449219,550.9299926757812,80.625,315.1449890136719,264.6549987792969,341.0249938964844,551.1500244140625,80.63999938964844,98579,40320,17280,21815,19964
2026-08-19 14:18:00-04:00,314.8900146484375,264.67999267578125,340.7900085449219,550.72998046875,80.5999984741211,315.08990478515625,264.7200012207031,340.9200134277344,551.0,80.63999938964844,314.8900146484375,264.5350036621094,340.7900085449219,550.7100830078125,80.59850311279297,315.07501220703125,264.57000732421875,340.8800048828125,550.9099731445312,80.62799835205078,118722,16219,13018,18623,35841
2026-08-19 14:19:00-04:00,315.010009765625,264.45001220703125,340.69000244140625,550.0,80.59500122070312,315.1400146484375,264.6700134277344,340.8399963378906,550.8800048828125,80.625,314.7749938964844,264.4200134277344,340.67999267578125,549.8930053710938,80.58999633789062,314.885009765625,264.6199951171875,340.760009765625,550.6500244140625,80.6050033569336,73378,19463,13118,41519,20073
2026-08-19 14:20:00-04:00,314.9700012207031,264.5899963378906,340.7799987792969,550.4299926757812,80.625,315.0599060058594,264.6549987792969,340.7799987792969,550.4299926757812,80.63999938964844,314.9360046386719,264.3949890136719,340.6600036621094,549.6699829101562,80.58000183105469,315.0,264.4700012207031,340.67999267578125,550.0,80.5916976928711,33763,43772,8751,68747,23651
2026-08-19 14:21:00-04:00,315.0400085449219,264.57830810546875,340.7489929199219,550.5900268554688,80.59500122070312,315.1000061035156,264.6099853515625,340.8450012207031,550.5900268554688,80.62999725341797,314.9649963378906,264.5299987792969,340.69000244140625,550.1400146484375,80.58000183105469,314.9649963378906,264.6050109863281,340.7998962402344,550.4299926757812,80.625,54226,18943,21001,20712,32349
2026-08-19 14:22:00-04:00,315.0400085449219,264.6300048828125,340.8949890136719,550.4949951171875,80.625,315.1199951171875,264.6600036621094,340.92999267578125,550.6099243164062,80.625,314.9700012207031,264.5400085449219,340.7200012207031,550.1799926757812,80.55999755859375,315.0299987792969,264.5400085449219,340.7650146484375,550.4949951171875,80.58999633789062,32590,23954,14788,39204,35894
2026-08-19 14:23:00-04:00,315.0184020996094,264.57989501953125,340.93499755859375,550.6099853515625,80.6500015258789,315.1199951171875,264.6499938964844,341.0,550.7899780273438,80.65989685058594,314.9800109863281,264.57989501953125,340.8865966796875,550.426513671875,80.614501953125,315.05999755859375,264.6199951171875,340.9100036621094,550.4500122070312,80.62999725341797,38901,15274,9659,21612,44458
2026-08-19 14:24:00-04:00,315.04998779296875,264.57501220703125,341.0299987792969,550.4149780273438,80.63500213623047,315.05999755859375,264.631103515625,341.0299987792969,550.7399291992188,80.65499877929688,314.98748779296875,264.5299987792969,340.91009521484375,550.1300048828125,80.61000061035156,315.010009765625,264.6099853515625,340.93499755859375,550.7399291992188,80.6500015258789,45117,22049,12764,19995,24205
2026-08-19 14:25:00-04:00,315.056884765625,264.5845031738281,341.0350036621094,550.5700073242188,80.66500091552734,315.05999755859375,264.6199951171875,341.0400085449219,550.7000122070312,80.66500091552734,314.95001220703125,264.5400085449219,340.8999938964844,550.3099975585938,80.62000274658203,315.0400085449219,264.57000732421875,341.0400085449219,550.4149780273438,80.63990020751953,34897,32326,22748,11272,30105
2026-08-19 14:26:00-04:00,315.0400085449219,264.5165100097656,340.875,550.52001953125,80.63500213623047,315.06890869140625,264.614990234375,341.0299987792969,550.739990234375,80.68000030517578,314.989990234375,264.489990234375,340.875,550.3900146484375,80.63500213623047,315.04998779296875,264.5799865722656,341.0199890136719,550.5650024414062,80.66999816894531,47228,34070,10310,18228,31365
2026-08-19 14:27:00-04:00,314.9200134277344,264.4501037597656,340.8399963378906,550.2849731445312,80.63999938964844,315.07000732421875,264.510009765625,340.94000244140625,550.5700073242188,80.64990234375,314.8900146484375,264.44000244140625,340.79998779296875,550.1699829101562,80.62999725341797,315.04998779296875,264.5,340.875,550.4000854492188,80.63999938964844,57811,19418,8116,15829,13756
2026-08-19 14:28:00-04:00,314.92999267578125,264.4100036621094,340.8900146484375,550.260009765625,80.62999725341797,315.010009765625,264.5199890136719,340.95001220703125,550.469970703125,80.65229797363281,314.8900146484375,264.29998779296875,340.8399963378906,550.219970703125,80.62000274658203,314.92498779296875,264.4700012207031,340.8500061035156,550.3300170898438,80.63999938964844,42990,22828,5256,10502,16273
2026-08-19 14:29:00-04:00,314.8399963378906,264.4200134277344,340.7300109863281,550.2050170898438,80.63500213623047,315.0,264.4599914550781,340.8599853515625,550.3300170898438,80.63999938964844,314.7799987792969,264.29998779296875,340.7300109863281,550.0601196289062,80.62000274658203,314.94000244140625,264.3299865722656,340.8599853515625,550.3095092773438,80.63990020751953,89906,58063,7799,16537,20506
2026-08-19 14:30:00-04:00,314.75,264.48028564453125,340.9100036621094,550.2949829101562,80.62999725341797,314.94000244140625,264.54998779296875,341.0400085449219,550.5,80.65499877929688,314.7200012207031,264.4200134277344,340.7550048828125,550.1669921875,80.62000274658203,314.8599853515625,264.4399108886719,340.7699890136719,550.2899780273438,80.63999938964844,65117,53434,13733,13756,41551
2026-08-19 14:31:00-04:00,314.57000732421875,264.3699951171875,340.9100036621094,550.030029296875,80.61009979248047,314.7550048828125,264.6000061035156,341.1600036621094,550.469970703125,80.6500015258789,314.2900085449219,264.3609924316406,340.8800048828125,550.030029296875,80.61000061035156,314.7349853515625,264.510009765625,340.8999938964844,550.2650146484375,80.61009979248047,128885,42854,17761,18966,33616
2026-08-19 14:32:00-04:00,314.4949951171875,264.1549987792969,340.8999938964844,549.9949951171875,80.48999786376953,314.57000732421875,264.3900146484375,341.0400085449219,550.1400146484375,80.61000061035156,314.4100036621094,264.1499938964844,340.8999938964844,549.9199829101562,80.4800033569336,314.55999755859375,264.3699951171875,340.93499755859375,550.094970703125,80.61000061035156,38755,90728,10242,16468,47541
2026-08-19 14:33:00-04:00,314.4750061035156,264.2099914550781,340.989990234375,549.8800048828125,80.5,314.625,264.2250061035156,341.04998779296875,550.0,80.5,314.44000244140625,264.0899963378906,340.8699951171875,549.8099975585938,80.44999694824219,314.510009765625,264.17498779296875,340.92999267578125,549.9100952148438,80.48999786376953,43414,33660,7567,17777,67595
2026-08-19 14:34:00-04:00,314.5299987792969,264.3900146484375,341.07501220703125,550.159912109375,80.51000213623047,314.55499267578125,264.3999938964844,341.1700134277344,550.1900024414062,80.51499938964844,314.44000244140625,264.17999267578125,340.9949951171875,549.8800048828125,80.47000122070312,314.4599914550781,264.18499755859375,340.9949951171875,549.9500122070312,80.5,40493,75640,12200,14638,25294
2026-08-19 14:35:00-04:00,314.4599914550781,264.3349914550781,341.1600036621094,550.0650024414062,80.54499816894531,314.57501220703125,264.44989013671875,341.19000244140625,550.27001953125,80.55500030517578,314.44500732421875,264.32000732421875,341.0799865722656,549.98388671875,80.51000213623047,314.5400085449219,264.4200134277344,341.0799865722656,550.0999755859375,80.51000213623047,43340,23733,12491,24212,38382
2026-08-19 14:36:00-04:00,314.65008544921875,264.2449951171875,341.0050048828125,549.9824829101562,80.53500366210938,314.69000244140625,264.3500061035156,341.1499938964844,550.0999755859375,80.54499816894531,314.4599914550781,264.2200012207031,340.9801025390625,549.9099731445312,80.52100372314453,314.4599914550781,264.3349914550781,341.1300048828125,550.0650024414062,80.54499816894531,54888,51179,17235,15751,24090
2026-08-19 14:37:00-04:00,314.57000732421875,264.2300109863281,341.110107421875,550.4000244140625,80.58000183105469,314.739990234375,264.2799987792969,341.17999267578125,550.530029296875,80.58999633789062,314.55999755859375,264.17999267578125,340.9800109863281,549.9400024414062,80.54000091552734,314.6499938964844,264.23541259765625,340.9960021972656,550.0499267578125,80.54000091552734,33492,28412,12520,16089,29594
2026-08-19 14:38:00-04:00,314.7744140625,264.1700134277344,341.07501220703125,550.6099853515625,80.58999633789062,314.80999755859375,264.239990234375,341.1400146484375,550.6900024414062,80.6050033569336,314.55999755859375,264.1300964355469,341.04998779296875,550.4000244140625,80.56999969482422,314.57501220703125,264.2200012207031,341.1400146484375,550.4600219726562,80.58000183105469,40435,23203,7482,17374,30368
2026-08-19 14:39:00-04:00,314.8450012207031,264.19000244140625,341.0350036621094,550.5999755859375,80.63999938964844,314.8800048828125,264.28509521484375,341.2200012207031,550.7899780273438,80.6449966430664,314.7699890136719,264.1600036621094,341.0199890136719,550.4000244140625,80.58000183105469,314.7799987792969,264.17999267578125,341.08660888671875,550.5650024414062,80.58499908447266,40184,21513,13040,12969,28428
2026-08-19 14:40:00-04:00,314.760009765625,264.1400146484375,340.9800109863281,550.6500244140625,80.65989685058594,314.8599853515625,264.2300109863281,341.07989501953125,550.7949829101562,80.67510223388672,314.75,264.1199951171875,340.95001220703125,550.415771484375,80.62000274658203,314.8450012207031,264.20001220703125,341.0350036621094,550.4849853515625,80.6500015258789,32827,22755,14365,12292,36637
2026-08-19 14:41:00-04:00,314.98968505859375,264.1700134277344,340.92999267578125,550.5897827148438,80.64990234375,315.0350036621094,264.17999267578125,341.05999755859375,550.8400268554688,80.66000366210938,314.7300109863281,264.114990234375,340.8900146484375,550.510009765625,80.62999725341797,314.75,264.114990234375,340.9700012207031,550.530029296875,80.64399719238281,58604,21097209,25560,13545,39679
2026-08-19 14:42:00-04:00,314.9800109863281,264.07501220703125,340.8699951171875,550.5701293945312,80.59500122070312,315.0,264.189697265625,340.95001220703125,550.6453857421875,80.64800262451172,314.92498779296875,263.9700012207031,340.8200988769531,550.5001220703125,80.58999633789062,314.9898986816406,264.1600036621094,340.9386901855469,550.6220092773438,80.64800262451172,35982,40648,9925,6679,39915
2026-08-19 14:43:00-04:00,314.75,263.960205078125,340.7149963378906,550.344970703125,80.57009887695312,314.9800109863281,264.06500244140625,340.8399963378906,550.5399780273438,80.6050033569336,314.7001037597656,263.95098876953125,340.7099914550781,550.3300170898438,80.55999755859375,314.9800109863281,264.05499267578125,340.8399963378906,550.510009765625,80.5999984741211,28606,25553,9261,10393,48207
2026-08-19 14:44:00-04:00,314.8550109863281,264.0,340.32000732421875,550.2349853515625,80.56999969482422,314.864990234375,264.010009765625,340.75,550.4500122070312,80.58000183105469,314.739990234375,263.9179992675781,340.17999267578125,550.155029296875,80.54010009765625,314.7477111816406,264.0,340.75,550.4400024414062,80.56999969482422,25498,34932,47802,13547,37806
2026-08-19 14:45:00-04:00,315.156005859375,264.07501220703125,340.5775146484375,550.3699951171875,80.625,315.20001220703125,264.1199951171875,340.6099853515625,550.489990234375,80.6449966430664,314.7749938964844,263.94000244140625,340.260009765625,550.1901245117188,80.58000183105469,314.8599853515625,263.989990234375,340.29998779296875,550.1901245117188,80.58000183105469,95686,36621,15614,8805,41401
2026-08-19 14:46:00-04:00,315.0440979003906,263.9200134277344,340.4700012207031,550.1500854492188,80.63990020751953,315.1697998046875,264.07000732421875,340.5799865722656,550.4600219726562,80.63999938964844,315.0440979003906,263.9200134277344,340.260009765625,550.1500244140625,80.5999984741211,315.1600036621094,264.07000732421875,340.5799865722656,550.3150024414062,80.61250305175781,39065,24730,31005,23511,37117
2026-08-19 14:47:00-04:00,315.19000244140625,263.9800109863281,340.4949951171875,550.5,80.6449966430664,315.19000244140625,263.9800109863281,340.5199890136719,550.5,80.6449966430664,315.07000732421875,263.860107421875,340.4200134277344,550.1699829101562,80.62000274658203,315.0849914550781,263.92498779296875,340.4750061035156,550.2899780273438,80.63680267333984,55024,24167,12514,6475,31384
2026-08-19 14:48:00-04:00,315.0299987792969,263.94000244140625,340.4599914550781,550.4149780273438,80.65499877929688,315.2049865722656,264.02740478515625,340.5400085449219,550.5861206054688,80.66000366210938,315.0201110839844,263.93499755859375,340.3999938964844,550.3699951171875,80.63999938964844,315.20001220703125,263.9800109863281,340.42999267578125,550.5499877929688,80.6449966430664,35944,48079,17977,6742,33753
2026-08-19 14:49:00-04:00,315.2049865722656,264.0299987792969,340.6700134277344,550.8200073242188,80.67500305175781,315.2049865722656,264.0400085449219,340.6700134277344,550.8300170898438,80.67500305175781,314.95001220703125,263.9100036621094,340.4761047363281,550.4149780273438,80.61000061035156,315.02801513671875,263.9150085449219,340.4761047363281,550.4600219726562,80.65499877929688,66815,56399,17028,12331,44921
2026-08-19 14:50:00-04:00,315.114990234375,264.05999755859375,340.6000061035156,550.5599975585938,80.67970275878906,315.2296142578125,264.05999755859375,340.6763916015625,550.8900146484375,80.68499755859375,315.0799865722656,263.989990234375,340.5799865722656,550.4099731445312,80.63999938964844,315.20001220703125,264.0350036621094,340.6763916015625,550.8300170898438,80.67970275878906,41322,26823,15966,10962,41036
2026-08-19 14:51:00-04:00,315.1693115234375,264.07989501953125,340.6400146484375,550.5449829101562,80.66500091552734,315.19500732421875,264.1300048828125,340.6700134277344,550.6199951171875,80.68000030517578,315.07000732421875,264.05999755859375,340.5299987792969,550.4000854492188,80.65499877929688,315.114990234375,264.0799865722656,340.6400146484375,550.5599975585938,80.68000030517578,34681,28551,28550,12495,32886
2026-08-19 14:52:00-04:00,315.07501220703125,264.0,340.510009765625,550.4199829101562,80.6500015258789,315.1499938964844,264.135009765625,340.6600036621094,550.6494750976562,80.67500305175781,315.04998779296875,264.0,340.5,550.4199829101562,80.6500015258789,315.1499938964844,264.0,340.6400146484375,550.5650024414062,80.66999816894531,33266,30924,14854,11440671,28765
2026-08-19 14:53:00-04:00,314.9949951171875,263.94500732421875,340.9599914550781,550.6799926757812,80.6449966430664,315.1050109863281,264.010009765625,340.9700012207031,550.6799926757812,80.65989685058594,314.989990234375,263.8900146484375,340.4200134277344,550.3300170898438,80.63999938964844,315.07501220703125,264.0,340.4849853515625,550.4099731445312,80.6500015258789,41698,39974,87529,16678,27983
2026-08-19 14:54:00-04:00,315.0299987792969,264.0299987792969,341.17999267578125,550.85498046875,80.63500213623047,315.07000732421875,264.0350036621094,341.2300109863281,550.9299926757812,80.6500015258789,314.9649963378906,263.92999267578125,340.8999938964844,550.6658935546875,80.62999725341797,315.0,263.94500732421875,340.9700012207031,550.7100219726562,80.6449966430664,1040021,48193,18650,12759,17614
2026-08-19 14:55:00-04:00,315.010009765625,264.1000061035156,341.45001220703125,551.2449951171875,80.6500015258789,315.0899963378906,264.1700134277344,341.4624938964844,551.4400024414062,80.65499877929688,315.010009765625,263.94000244140625,341.1600036621094,550.7600708007812,80.62999725341797,315.0299987792969,264.0199890136719,341.1600036621094,550.77001953125,80.63500213623047,26269,73084,19604,14169,32172
2026-08-19 14:56:00-04:00,315.0694885253906,264.07000732421875,341.3699951171875,551.3699951171875,80.63500213623047,315.1086120605469,264.1400146484375,341.5400085449219,551.4600219726562,80.6500015258789,314.989990234375,263.9800109863281,341.32000732421875,551.2899780273438,80.62999725341797,315.0199890136719,264.125,341.45001220703125,551.3099975585938,80.63999938964844,53454,32456,17762,11724,34539
2026-08-19 14:57:00-04:00,315.0201110839844,264.2300109863281,341.3599853515625,551.4400024414062,80.66500091552734,315.1050109863281,264.239990234375,341.45001220703125,551.625,80.68000030517578,315.010009765625,264.0899963378906,341.2900085449219,551.340087890625,80.63749694824219,315.0400085449219,264.1099853515625,341.32501220703125,551.4299926757812,80.63999938964844,35953,79394,10737,11773,40257
2026-08-19 14:58:00-04:00,315.04998779296875,264.19500732421875,341.17999267578125,551.3499755859375,80.57499694824219,315.1300048828125,264.2699890136719,341.3900146484375,551.5449829101562,80.66999816894531,315.0,264.19000244140625,341.1600036621094,551.27001953125,80.57499694824219,315.0350036621094,264.2349853515625,341.3500061035156,551.4450073242188,80.66999816894531,40052,30829,10384,19490,45403
2026-08-19 14:59:00-04:00,314.8699951171875,264.1499938964844,341.30999755859375,551.2899780273438,80.5199966430664,315.04998779296875,264.20001220703125,341.30999755859375,551.4099731445312,80.57669830322266,314.8699951171875,264.1499938964844,341.090087890625,551.239990234375,80.51000213623047,315.04998779296875,264.19000244140625,341.1499938964844,551.3200073242188,80.57499694824219,542927,26995,23602,7371,42617
2026-08-19 15:00:00-04:00,314.885009765625,264.1600036621094,341.2550048828125,551.6849975585938,80.55500030517578,314.989990234375,264.1789855957031,341.32000732421875,551.6849975585938,80.55500030517578,314.79998779296875,264.0400085449219,341.1117858886719,551.2849731445312,80.4800033569336,314.885009765625,264.1700134277344,341.2550048828125,551.2849731445312,80.5250015258789,40776,37342,9120,10668,60131
2026-08-19 15:01:00-04:00,314.885009765625,264.15899658203125,341.20001220703125,551.4000244140625,80.55999755859375,314.9200134277344,264.20001220703125,341.3800048828125,551.7999877929688,80.57499694824219,314.76519775390625,264.1300048828125,341.20001220703125,551.2811889648438,80.54440307617188,314.885009765625,264.1600036621094,341.3399963378906,551.6849975585938,80.55999755859375,43680,19987,8509,8641,27980
2026-08-19 15:02:00-04:00,315.0799865722656,264.1499938964844,341.18499755859375,551.6900024414062,80.55789947509766,315.114990234375,264.2250061035156,341.2349853515625,551.6900024414062,80.57499694824219,314.8999938964844,264.1000061035156,341.0812072753906,551.1900024414062,80.54499816894531,314.8999938964844,264.1499938964844,341.2200012207031,551.4000244140625,80.55999755859375,47372,23393,10724,22439,25781
2026-08-19 15:03:00-04:00,315.1099853515625,264.17999267578125,341.17999267578125,550.8350219726562,80.50499725341797,315.1199035644531,264.19000244140625,341.30999755859375,551.8499755859375,80.56050109863281,315.010009765625,264.1300048828125,341.1600036621094,550.8350219726562,80.44000244140625,315.0799865722656,264.17999267578125,341.20001220703125,551.6900024414062,80.55999755859375,36046,21849,10247,33719,87799
2026-08-19 15:04:00-04:00,315.20001220703125,264.1700134277344,341.17999267578125,550.4755249023438,80.50499725341797,315.2200012207031,264.2099914550781,341.32000732421875,550.9400024414062,80.5250015258789,315.07000732421875,264.1300048828125,341.1400146484375,550.469970703125,80.47029876708984,315.114990234375,264.19000244140625,341.1700134277344,550.8250122070312,80.50499725341797,51032,52275,10396,29999,42030
2026-08-19 15:05:00-04:00,315.3999938964844,264.18499755859375,341.31500244140625,550.9199829101562,80.55000305175781,315.44000244140625,264.1910095214844,341.4049987792969,550.9400024414062,80.55500030517578,315.20001220703125,264.1199951171875,341.135009765625,550.4500122070312,80.51000213623047,315.20001220703125,264.1650085449219,341.17999267578125,550.5499877929688,80.51000213623047,82108,30333,14421,20193,51513
2026-08-19 15:06:00-04:00,315.6300048828125,264.135009765625,341.0799865722656,550.760009765625,80.54499816894531,315.68499755859375,264.2049865722656,341.34698486328125,550.9400024414062,80.55999755859375,315.4100036621094,264.114990234375,341.0299987792969,550.6799926757812,80.53500366210938,315.4100036621094,264.19000244140625,341.34698486328125,550.9099731445312,80.55500030517578,124299,39706,9875,21552,35149
2026-08-19 15:07:00-04:00,315.7466125488281,264.20001220703125,341.2300109863281,550.5800170898438,80.47090148925781,315.79998779296875,264.20001220703125,341.2699890136719,550.8400268554688,80.55999755859375,315.6099853515625,264.1300048828125,341.0799865722656,550.5399780273438,80.47090148925781,315.6400146484375,264.1499938964844,341.0799865722656,550.5800170898438,80.47090148925781,52528,28414,11268,23234,28322
2026-08-19 15:08:00-04:00,315.67999267578125,264.43499755859375,341.32598876953125,550.7949829101562,80.50499725341797,315.8299865722656,264.4599914550781,341.3800048828125,550.9000244140625,80.51000213623047,315.6099853515625,264.2049865722656,341.19000244140625,550.5,80.4800033569336,315.75,264.43499755859375,341.2200012207031,550.6599731445312,80.4800033569336,67026,58324,8150,12586,19503
2026-08-19 15:09:00-04:00,315.79998779296875,264.5799865722656,341.4200134277344,550.9249877929688,80.51499938964844,315.8299865722656,264.6000061035156,341.42999267578125,551.0,80.5198974609375,315.6600036621094,264.44000244140625,341.20001220703125,550.7949829101562,80.5,315.67999267578125,264.4599914550781,341.3450012207031,550.7949829101562,80.50499725341797,55678,55562,9657,14620,23120
2026-08-19 15:10:00-04:00,315.6400146484375,264.3500061035156,341.3500061035156,550.739990234375,80.51000213623047,315.8399963378906,264.5950012207031,341.4800109863281,550.9149780273438,80.54989624023438,315.6000061035156,264.29998779296875,341.3399963378906,550.5800170898438,80.4800033569336,315.7799987792969,264.5950012207031,341.3699951171875,550.9099731445312,80.51499938964844,74469,46862,11628,15536,72977
2026-08-19 15:11:00-04:00,315.70001220703125,264.3699951171875,341.5899963378906,550.6500244140625,80.4800033569336,315.739990234375,264.3949890136719,341.5899963378906,550.8800048828125,80.58000183105469,315.6099853515625,264.30999755859375,341.42498779296875,550.5999755859375,80.47000122070312,315.6400146484375,264.3699951171875,341.45001220703125,550.7999877929688,80.51000213623047,90528,35095,15636,27531,71263
2026-08-19 15:12:00-04:00,315.5600891113281,264.30999755859375,341.4599914550781,550.5050048828125,80.46499633789062,315.7398986816406,264.3800048828125,341.6400146484375,550.7000122070312,80.48999786376953,315.5299987792969,264.260009765625,341.4100036621094,550.489990234375,80.44999694824219,315.70001220703125,264.3699951171875,341.57000732421875,550.6500244140625,80.48500061035156,59387,28615,8197,29161,34193
2026-08-19 15:13:00-04:00,315.8900146484375,264.4800109863281,341.6099853515625,550.4949951171875,80.36000061035156,315.9700012207031,264.489990234375,341.6700134277344,550.6199951171875,80.44999694824219,315.57501220703125,264.30999755859375,341.44500732421875,550.360107421875,80.36000061035156,315.57501220703125,264.3299865722656,341.44500732421875,550.5050048828125,80.36000061035156,81623,39928,19385,16332,36119
2026-08-19 15:14:00-04:00,315.82000732421875,264.5899963378906,341.4700012207031,550.5800170898438,80.37000274658203,315.9100036621094,264.6199951171875,341.6400146484375,550.6699829101562,80.38999938964844,315.6910095214844,264.4700012207031,341.4013977050781,550.510009765625,80.35449981689453,315.8949890136719,264.4700012207031,341.6099853515625,550.5399780273438,80.37999725341797,64031,39609,16988,7771,39866
2026-08-19 15:15:00-04:00,315.7349853515625,264.56500244140625,341.43499755859375,550.39501953125,80.37999725341797,315.8550109863281,264.6310119628906,341.489990234375,550.6400146484375,80.38500213623047,315.69171142578125,264.5,341.3900146484375,550.2999877929688,80.33000183105469,315.80999755859375,264.614990234375,341.44500732421875,550.5800170898438,80.37000274658203,58838,46881,9503,17109,50750
2026-08-19 15:16:00-04:00,315.760009765625,264.6000061035156,341.3949890136719,550.4149780273438,80.43000030517578,315.8500061035156,264.7300109863281,341.4800109863281,550.5098876953125,80.46499633789062,315.7149963378906,264.55010986328125,341.3299865722656,550.260009765625,80.37999725341797,315.7349853515625,264.56500244140625,341.3999938964844,550.39501953125,80.37999725341797,54484,49608,9836,18501,76811
2026-08-19 15:17:00-04:00,315.9700012207031,264.5899963378906,341.2900085449219,550.5469970703125,80.44000244140625,315.9700012207031,264.6099853515625,341.44000244140625,550.5700073242188,80.45989990234375,315.7500915527344,264.5400085449219,341.2322998046875,550.25,80.40499877929688,315.760009765625,264.590087890625,341.3800048828125,550.3200073242188,80.43000030517578,60959,31068,8900,13874,40267
2026-08-19 15:18:00-04:00,316.09039306640625,264.6600036621094,341.42999267578125,550.5701293945312,80.4749984741211,316.1593017578125,264.69000244140625,341.42999267578125,550.739990234375,80.48989868164062,315.70001220703125,264.5639953613281,341.1700134277344,550.4600219726562,80.43000030517578,315.9800109863281,264.57000732421875,341.260009765625,550.5050048828125,80.44229888916016,140466,39040,11104,17518,64975
2026-08-19 15:19:00-04:00,316.3500061035156,264.7900085449219,341.5150146484375,550.4550170898438,80.49500274658203,316.35528564453125,264.7900085449219,341.57000732421875,550.75,80.50499725341797,316.1000061035156,264.6698913574219,341.4100036621094,550.4149780273438,80.45999908447266,316.1099853515625,264.7900085449219,341.4200134277344,550.4550170898438,80.4800033569336,74902,29742,11227,21284,48859
2026-08-19 15:20:00-04:00,316.45001220703125,264.739990234375,341.42999267578125,550.2100219726562,80.45500183105469,316.4798889160156,264.7898864746094,341.54998779296875,550.5800170898438,80.5,316.3135070800781,264.69000244140625,341.3800048828125,549.8900146484375,80.4540023803711,316.3349914550781,264.7699890136719,341.42999267578125,550.5,80.49500274658203,268934,42821,13141,26539,41891
2026-08-19 15:21:00-04:00,316.4599914550781,264.6700134277344,341.29998779296875,550.1300048828125,80.44499969482422,316.539306640625,264.7550048828125,341.3999938964844,550.27001953125,80.45999908447266,316.3500061035156,264.6600036621094,341.2799987792969,549.889892578125,80.42500305175781,316.44500732421875,264.739990234375,341.3999938964844,550.2100219726562,80.45999908447266,71385,30998,11249,18925,34903
2026-08-19 15:22:00-04:00,316.4700012207031,264.6199951171875,341.3699951171875,550.22998046875,80.41999816894531,316.5299987792969,264.7300109863281,341.3699951171875,550.469970703125,80.4489974975586,316.4200134277344,264.6199951171875,341.2300109863281,550.1400146484375,80.41000366210938,316.4700012207031,264.69000244140625,341.2699890136719,550.1649780273438,80.44499969482422,46758,35901,13512,10901,39440
2026-08-19 15:23:00-04:00,316.2699890136719,264.635009765625,341.3599853515625,550.3200073242188,80.38999938964844,316.4849853515625,264.635009765625,341.4100036621094,550.344970703125,80.44750213623047,316.2300109863281,264.54998779296875,341.30499267578125,550.0701293945312,80.37999725341797,316.4700012207031,264.6099853515625,341.3599853515625,550.1599731445312,80.41500091552734,60197,27601,19527,13562,40318
2026-08-19 15:24:00-04:00,316.2449951171875,264.69989013671875,341.57000732421875,550.3201293945312,80.42500305175781,316.30999755859375,264.69989013671875,341.5849914550781,550.5,80.44000244140625,316.15130615234375,264.57000732421875,341.32000732421875,550.3001098632812,80.38999938964844,316.2850036621094,264.6199951171875,341.3699951171875,550.3350219726562,80.3949966430664,53678,30436,15492,194374,63253
2026-08-19 15:25:00-04:00,316.20001220703125,264.6499938964844,341.3349914550781,550.47998046875,80.43499755859375,316.29998779296875,264.7300109863281,341.6600036621094,550.5,80.45999908447266,316.20001220703125,264.6000061035156,341.2699890136719,550.3800048828125,80.41999816894531,316.25,264.68499755859375,341.55999755859375,550.4099731445312,80.42900085449219,50464,30252,17412,7747,57892
2026-08-19 15:26:00-04:00,316.5350036621094,264.57000732421875,341.2200012207031,550.1699829101562,80.34420013427734,316.54998779296875,264.6700134277344,341.3399963378906,550.5800170898438,80.43000030517578,316.2049865722656,264.57000732421875,341.1600036621094,550.1467895507812,80.34010314941406,316.2049865722656,264.635009765625,341.29998779296875,550.4500122070312,80.43000030517578,68992,43748,21478,15102,101537
2026-08-19 15:27:00-04:00,316.5400085449219,265.0763854980469,341.17498779296875,549.5800170898438,80.41000366210938,316.6099853515625,265.0793151855469,341.2349853515625,550.1699829101562,80.41000366210938,316.5,264.510009765625,341.1499938964844,548.6599731445312,80.33499908447266,316.5400085449219,264.55999755859375,341.17999267578125,549.5800170898438,80.34500122070312,32291938,124961,9709,52401,53894
2026-08-19 15:28:00-04:00,316.5400085449219,265.17498779296875,340.8399963378906,548.4299926757812,80.40499877929688,316.5820007324219,265.3599853515625,341.2300109863281,549.7949829101562,80.41999816894531,316.4804992675781,265.0602111816406,340.82000732421875,548.3800048828125,80.38500213623047,316.53009033203125,265.0799865722656,341.17498779296875,549.6099853515625,80.41500091552734,60975,98991,29269,24488,118265
2026-08-19 15:29:00-04:00,316.67840576171875,265.5,340.94000244140625,548.6950073242188,80.42769622802734,316.7300109863281,265.5199890136719,340.989990234375,548.989990234375,80.46499633789062,316.4800109863281,265.17919921875,340.7099914550781,548.16748046875,80.40499877929688,316.5350036621094,265.17919921875,340.8703918457031,548.5098876953125,80.40499877929688,91526,98720,28939,58203,93532
2026-08-19 15:30:00-04:00,316.4599914550781,265.80499267578125,341.2200012207031,547.719970703125,80.46499633789062,316.6700134277344,265.80999755859375,341.2550048828125,548.7899780273438,80.47000122070312,316.3800048828125,265.3544006347656,340.9100036621094,547.6199951171875,80.37000274658203,316.6600036621094,265.489990234375,340.9100036621094,548.5999755859375,80.41999816894531,86595,157367,13950,48877,92518
2026-08-19 15:31:00-04:00,316.5350036621094,266.18798828125,341.3699951171875,548.2750244140625,80.50499725341797,316.55999755859375,266.239990234375,341.4100036621094,548.419921875,80.5199966430664,316.4100036621094,265.79998779296875,341.1600036621094,547.5599975585938,80.43000030517578,316.5350036621094,265.80999755859375,341.19000244140625,547.6427001953125,80.45999908447266,75259,277908,15065,52792,46463
2026-08-19 15:32:00-04:00,316.5150146484375,266.1171875,341.3949890136719,548.2050170898438,80.5,316.5849914550781,266.3299865722656,341.44000244140625,548.489990234375,80.5199966430664,316.3900146484375,265.9649963378906,341.32000732421875,548.0999755859375,80.45999908447266,316.5400085449219,266.18499755859375,341.3700866699219,548.2050170898438,80.50499725341797,63130,210174,28313,43338,76896
2026-08-19 15:33:00-04:00,316.3599853515625,266.0450134277344,341.385009765625,547.7650146484375,80.45079803466797,316.54998779296875,266.20001220703125,341.4700012207031,548.3800048828125,80.5199966430664,316.3500061035156,266.010009765625,341.3299865722656,547.7000122070312,80.44999694824219,316.5150146484375,266.1000061035156,341.3999938964844,548.2000122070312,80.5,60154,80121,55905,54318,52794
2026-08-19 15:34:00-04:00,316.55999755859375,266.135009765625,341.385009765625,547.6807250976562,80.44999694824219,316.6400146484375,266.1700134277344,341.45001220703125,547.8800048828125,80.45500183105469,316.2799987792969,265.9750061035156,341.3399963378906,547.4249877929688,80.37999725341797,316.364990234375,266.0474853515625,341.3699951171875,547.7999877929688,80.44999694824219,89814,67504,36290,42741,52540
2026-08-19 15:35:00-04:00,316.2601013183594,266.0450134277344,341.1400146484375,547.4890747070312,80.48999786376953,316.6199951171875,266.2428894042969,341.5400085449219,547.9400024414062,80.50499725341797,316.25,266.0158996582031,341.05999755859375,547.27001953125,80.44999694824219,316.55499267578125,266.15509033203125,341.3900146484375,547.7050170898438,80.45999908447266,68096,84119,48350,37709,46927
2026-08-19 15:36:00-04:00,315.92999267578125,265.95001220703125,341.1199951171875,547.3200073242188,80.52999877929688,316.3500061035156,266.05499267578125,341.2799987792969,547.510009765625,80.55000305175781,315.92999267578125,265.8999938964844,341.0,547.2100219726562,80.4800033569336,316.260009765625,266.05499267578125,341.1600036621094,547.4099731445312,80.4800033569336,82713,66170,61044,30592,64952
2026-08-19 15:37:00-04:00,315.7799987792969,265.864990234375,341.1199951171875,546.7000122070312,80.52999877929688,315.95001220703125,265.94000244140625,341.239990234375,547.2999877929688,80.54000091552734,315.7712097167969,265.8138122558594,341.0799865722656,546.6713256835938,80.49500274658203,315.92999267578125,265.94000244140625,341.0799865722656,547.2550048828125,80.52999877929688,60172,63196,10107,63749,55342
2026-08-19 15:38:00-04:00,315.79998779296875,265.9198913574219,341.33349609375,546.8499755859375,80.56600189208984,315.8800048828125,265.94500732421875,341.37799072265625,547.2349853515625,80.58000183105469,315.6600036621094,265.75,341.0799865722656,546.4149780273438,80.52999877929688,315.75,265.8550109863281,341.0799865722656,546.780029296875,80.52999877929688,61800,89969,20979,253812,53745
2026-08-19 15:39:00-04:00,315.6400146484375,265.8699951171875,341.45001220703125,546.875,80.55000305175781,315.875,265.9700012207031,341.4700012207031,547.469970703125,80.58999633789062,315.63800048828125,265.8599853515625,341.2900085449219,546.7999877929688,80.54010009765625,315.7799987792969,265.8999938964844,341.3550109863281,546.8499755859375,80.55999755859375,50042,62454,12701,37468,51420
2026-08-19 15:40:00-04:00,315.69000244140625,265.6449890136719,341.6099853515625,546.8800048828125,80.5199966430664,315.80999755859375,265.8999938964844,341.67999267578125,547.0499877929688,80.55000305175781,315.6000061035156,265.6199951171875,341.4700012207031,546.6400146484375,80.47000122070312,315.6700134277344,265.8699951171875,341.4700012207031,546.719970703125,80.55000305175781,57272,75604,36102,26501,109766
2026-08-19 15:41:00-04:00,315.489990234375,265.572998046875,341.7099914550781,547.1849975585938,80.53500366210938,315.69989013671875,265.7200012207031,341.7699890136719,547.2650146484375,80.54499816894531,315.4800109863281,265.5199890136719,341.5899963378906,546.8350219726562,80.50039672851562,315.69000244140625,265.6449890136719,341.5899963378906,546.8900146484375,80.5199966430664,59715,58444,17524,72570,38867
2026-08-19 15:42:00-04:00,315.510009765625,265.760009765625,341.6400146484375,547.9349975585938,80.51499938964844,315.5899963378906,265.760009765625,341.7799987792969,548.02001953125,80.53500366210938,315.3800048828125,265.4200134277344,341.6000061035156,547.1749877929688,80.48999786376953,315.4949951171875,265.55999755859375,341.67999267578125,547.1849975585938,80.52999877929688,65236,79942,19833,50232,58828
2026-08-19 15:43:00-04:00,315.6650085449219,265.3949890136719,341.5299987792969,546.844970703125,80.5,315.67999267578125,265.8399963378906,341.6400146484375,547.9500122070312,80.5250015258789,315.3706970214844,265.3800048828125,341.3200988769531,546.7999877929688,80.48059844970703,315.510009765625,265.739990234375,341.6300048828125,547.9000244140625,80.51499938964844,70467,76001,23239,35492,76655
2026-08-19 15:44:00-04:00,315.6600036621094,265.360107421875,341.8299865722656,547.2349853515625,80.47989654541016,315.8800048828125,265.5050048828125,341.8299865722656,547.2799072265625,80.5250015258789,315.6400146484375,265.3599853515625,341.5199890136719,546.8099975585938,80.4749984741211,315.6499938964844,265.4150085449219,341.5299987792969,546.8400268554688,80.50499725341797,88074,62618,20132,81817,65602
2026-08-19 15:45:00-04:00,315.5,265.45001220703125,341.67919921875,546.8200073242188,80.41999816894531,315.7300109863281,265.7300109863281,341.9599914550781,547.3099975585938,80.50579833984375,315.4200134277344,265.3500061035156,341.6300048828125,546.8200073242188,80.36499786376953,315.6549987792969,265.3500061035156,341.79998779296875,547.2349853515625,80.47000122070312,164686,196886,37883,53544,112843
2026-08-19 15:46:00-04:00,315.3460998535156,265.17999267578125,341.4700012207031,546.3049926757812,80.3499984741211,315.510009765625,265.489990234375,341.6700134277344,546.97998046875,80.43499755859375,315.34149169921875,265.17999267578125,341.4291076660156,546.2000122070312,80.3499984741211,315.5050048828125,265.489990234375,341.6400146484375,546.8200073242188,80.42500305175781,75687,109685,21361,44794,56749
2026-08-19 15:47:00-04:00,315.44000244140625,265.32501220703125,341.5400085449219,546.3900146484375,80.33380126953125,315.5050048828125,265.32501220703125,341.57000732421875,546.47998046875,80.3550033569336,315.20001220703125,265.0,341.3500061035156,546.1099853515625,80.30000305175781,315.3399963378906,265.32501220703125,341.44000244140625,546.239990234375,80.3550033569336,90833,87872,23172,67519,58517
2026-08-19 15:48:00-04:00,315.6000061035156,265.30999755859375,341.4700012207031,546.1400146484375,80.30500030517578,315.6300048828125,265.447998046875,341.57000732421875,546.469970703125,80.34929656982422,315.3999938964844,265.260009765625,341.360107421875,546.0999755859375,80.29000091552734,315.44000244140625,265.29998779296875,341.5400085449219,546.4699096679688,80.33000183105469,91396,65988,30856,34141,61004
2026-08-19 15:49:00-04:00,315.6499938964844,265.55999755859375,341.5849914550781,546.3900146484375,80.41999816894531,315.69000244140625,265.5799865722656,341.6400146484375,546.3900146484375,80.43499755859375,315.54998779296875,265.29998779296875,341.3900146484375,546.010009765625,80.29499816894531,315.6000061035156,265.30999755859375,341.44000244140625,546.0999755859375,80.41999816894531,93227,88243,41277,53314,82596
2026-08-19 15:50:00-04:00,315.7099914550781,265.8999938964844,341.57000732421875,545.5750122070312,80.25499725341797,315.8399963378906,265.9200134277344,341.8800048828125,546.2725219726562,80.41000366210938,315.6199951171875,265.4700012207031,341.3699951171875,545.52001953125,80.25499725341797,315.6199951171875,265.5299987792969,341.5299987792969,546.22998046875,80.25499725341797,157931,170534,53957,93113,134315
2026-08-19 15:51:00-04:00,315.9100036621094,265.875,341.625,545.6300048828125,80.23999786376953,315.9849853515625,265.9649963378906,341.6600036621094,545.9199829101562,80.29000091552734,315.7099914550781,265.82000732421875,341.54998779296875,545.52001953125,80.2300033569336,315.7200012207031,265.875,341.5899963378906,545.5750122070312,80.26000213623047,117219,166132,42741,41601,107132
2026-08-19 15:52:00-04:00,316.12469482421875,265.8299865722656,341.7099914550781,546.7899780273438,80.26000213623047,316.14990234375,265.94000244140625,341.7200012207031,546.8740844726562,80.2750015258789,315.7847900390625,265.80999755859375,341.55999755859375,545.3300170898438,80.23249816894531,315.9200134277344,265.8800048828125,341.5899963378906,545.6300048828125,80.23249816894531,137521,108386,32125,68194,96875
2026-08-19 15:53:00-04:00,316.510009765625,266.2799987792969,341.6400146484375,546.7999877929688,80.26499938964844,316.5299987792969,266.3500061035156,341.8900146484375,547.3436889648438,80.30500030517578,316.135009765625,265.8153991699219,341.5799865722656,546.7000122070312,80.26499938964844,316.135009765625,265.8599853515625,341.7149963378906,546.739990234375,80.26499938964844,191237,168516,46066,48361,80238
2026-08-19 15:54:00-04:00,316.4200134277344,266.0899963378906,341.95001220703125,546.52001953125,80.28250122070312,316.6400146484375,266.3999938964844,341.9800109863281,547.280029296875,80.30000305175781,316.239990234375,265.9599914550781,341.45001220703125,546.52001953125,80.2300033569336,316.5199890136719,266.260009765625,341.6199951171875,546.52001953125,80.26000213623047,301458,238949,71897,58354,94819
2026-08-19 15:55:00-04:00,316.5599060058594,265.7900085449219,341.510009765625,545.8300170898438,80.19999694824219,316.57000732421875,266.0585021972656,341.968994140625,546.5399780273438,80.27999877929688,316.1400146484375,265.55999755859375,341.30999755859375,545.6300048828125,80.19999694824219,316.4100036621094,265.7900085449219,341.9599914550781,546.52001953125,80.27999877929688,433520,339635,112599,114293,248646
2026-08-19 15:56:00-04:00,316.5299987792969,265.989990234375,341.6300048828125,546.5650024414062,80.18389892578125,316.6099853515625,265.9949951171875,341.70001220703125,546.6300048828125,80.24500274658203,316.44000244140625,265.7699890136719,341.4700927734375,545.8250122070312,80.18389892578125,316.55999755859375,265.7900085449219,341.5199890136719,545.85498046875,80.20500183105469,323888,274169,103575,602312,231220
2026-08-19 15:57:00-04:00,316.6400146484375,265.95001220703125,341.7016906738281,546.5050048828125,80.13500213623047,316.70001220703125,266.0281982421875,341.739990234375,546.6799926757812,80.19000244140625,316.4599914550781,265.8800048828125,341.6050109863281,546.4199829101562,80.12999725341797,316.5299987792969,265.989990234375,341.6199951171875,546.5700073242188,80.18000030517578,402680,360432,101130,95526,311373
2026-08-19 15:58:00-04:00,316.6700134277344,265.82000732421875,341.67498779296875,545.989990234375,80.1500015258789,316.7300109863281,265.9800109863281,341.7200012207031,546.6199951171875,80.18000030517578,316.510009765625,265.80999755859375,341.57000732421875,545.97998046875,80.11000061035156,316.6499938964844,265.95001220703125,341.7049865722656,546.52001953125,80.13990020751953,617745,449064,112707,167062,472016
2026-08-19 15:59:00-04:00,316.8800048828125,265.8900146484375,341.7699890136719,545.97998046875,80.2300033569336,316.8800048828125,265.9100036621094,341.79998779296875,546.3300170898438,80.23999786376953,316.3900146484375,265.614990234375,341.55999755859375,545.510009765625,80.13500213623047,316.6600036621094,265.79998779296875,341.6499938964844,545.97998046875,80.1449966430664,1101975,890382,270470,304820,718374
2026-08-20 09:30:00-04:00,319.0799865722656,262.0,339.32000732421875,545.4224853515625,80.38999938964844,319.1400146484375,263.010009765625,340.3699951171875,547.0999755859375,80.4749984741211,316.7099914550781,261.9599914550781,339.32000732421875,544.7501220703125,80.08000183105469,317.4549865722656,262.9049987792969,339.69000244140625,546.9500122070312,80.17440032958984,2097696,1285813,724163,526805,1083234
2026-08-20 09:31:00-04:00,318.1600036621094,262.4150085449219,339.07000732421875,544.4849853515625,80.03919982910156,319.7900085449219,262.57000732421875,339.4341125488281,546.2698974609375,80.41999816894531,318.1294860839844,261.6400146484375,338.6700134277344,543.6900024414062,80.0199966430664,319.14990234375,262.04998779296875,339.32000732421875,545.4349975585938,80.38999938964844,265657,199394,47767,65433,137892
2026-08-20 09:32:00-04:00,319.8064880371094,262.5799865722656,339.114990234375,545.6950073242188,80.3949966430664,319.8064880371094,262.715087890625,339.6499938964844,545.6950073242188,80.43000030517578,318.0,262.0199890136719,338.5,543.75,80.0438003540039,319.8064880371094,262.42999267578125,339.07501220703125,544.3800048828125,80.05000305175781,142333,155850,124481,83260,43049
2026-08-20 09:33:00-04:00,319.8800048828125,262.80999755859375,339.6700134277344,545.0621948242188,80.71499633789062,319.9800109863281,263.4599914550781,339.889892578125,546.155029296875,80.76000213623047,319.41009521484375,262.625,339.02239990234375,545.0621948242188,80.3949966430664,319.8500061035156,262.625,339.2300109863281,545.7000122070312,80.3949966430664,167459,151148,65338,35133,69337
2026-08-20 09:34:00-04:00,318.7349853515625,262.54998779296875,340.30499267578125,545.3400268554688,80.61000061035156,320.2799987792969,262.989990234375,340.4927978515625,545.4099731445312,80.77999877929688,318.59130859375,262.3599853515625,339.2300109863281,543.9500122070312,80.46800231933594,319.8900146484375,262.80499267578125,339.6300048828125,545.02001953125,80.72000122070312,432012,106736,60020,146510,93808
2026-08-20 09:35:00-04:00,318.30999755859375,262.9599914550781,340.4989013671875,545.219970703125,80.70999908447266,318.8900146484375,263.1400146484375,340.7799987792969,545.969970703125,80.80000305175781,318.30010986328125,262.4949951171875,340.06109619140625,544.469970703125,80.61289978027344,318.7300109863281,262.5350036621094,340.3500061035156,545.3300170898438,80.61289978027344,177662,88494,54185,32999,104930
2026-08-20 09:36:00-04:00,317.6300048828125,263.1099853515625,340.5450134277344,545.344970703125,80.73500061035156,318.32000732421875,263.5400085449219,340.79998779296875,545.5889892578125,80.8499984741211,317.5450134277344,262.82501220703125,340.2300109863281,544.9749755859375,80.66999816894531,318.2449951171875,263.0199890136719,340.593994140625,545.3900146484375,80.70999908447266,161355,133281,30422,37186,68320
2026-08-20 09:37:00-04:00,317.6000061035156,263.0199890136719,340.0,548.0900268554688,80.85800170898438,317.69000244140625,263.239990234375,340.5350036621094,549.02001953125,80.87999725341797,317.25,262.70001220703125,339.875,545.010009765625,80.63569641113281,317.6300048828125,263.1099853515625,340.5350036621094,545.2249755859375,80.73500061035156,104089,102575,40320,113834,67483
2026-08-20 09:38:00-04:00,317.2398986816406,262.4949951171875,339.32000732421875,547.5625,80.61000061035156,317.75,263.239990234375,340.0975036621094,548.0900268554688,80.97989654541016,317.19000244140625,262.4100036621094,339.32000732421875,546.8599853515625,80.55000305175781,317.5849914550781,263.0400085449219,340.0450134277344,548.02001953125,80.8677978515625,119448,132948,29401,105612,93494
2026-08-20 09:39:00-04:00,317.614990234375,262.625,339.6300048828125,546.6799926757812,80.58000183105469,317.7016906738281,262.88519287109375,340.1199951171875,547.8489990234375,80.62000274658203,317.1499938964844,262.4801940917969,339.25738525390625,545.5501098632812,80.52999877929688,317.1814880371094,262.5150146484375,339.32000732421875,547.760009765625,80.61000061035156,86923,56270,23250,49288,50935
2026-08-20 09:40:00-04:00,317.79998779296875,262.2699890136719,340.010009765625,546.5850219726562,80.625,317.82501220703125,262.7099914550781,340.05499267578125,546.5900268554688,80.81990051269531,317.4200134277344,261.92498779296875,339.6824951171875,546.0,80.53500366210938,317.6300048828125,262.6000061035156,339.7149963378906,546.1868896484375,80.57499694824219,103080,121466,25702,32126,152023
2026-08-20 09:41:00-04:00,317.7900085449219,262.5249938964844,339.94000244140625,547.5999755859375,80.76000213623047,318.1000061035156,262.760009765625,340.1600036621094,547.8569946289062,80.7699966430664,317.6400146484375,262.2300109863281,339.8299865722656,546.3300170898438,80.625,317.75,262.2300109863281,340.010009765625,546.3300170898438,80.625,130446,90849,20943,32919,102695
2026-08-20 09:42:00-04:00,317.94500732421875,263.55999755859375,340.4100036621094,548.5238037109375,80.99500274658203,318.2900085449219,263.6700134277344,340.57000732421875,548.5280151367188,81.00990295410156,317.81500244140625,262.4800109863281,339.6400146484375,546.610107421875,80.66000366210938,317.82000732421875,262.4800109863281,339.79998779296875,547.6683959960938,80.76000213623047,148597,132459,36711,61746,146211
2026-08-20 09:43:00-04:00,318.1300048828125,263.7300109863281,340.2699890136719,548.1599731445312,80.94999694824219,318.1499938964844,263.7799072265625,340.5244140625,548.989990234375,81.0238037109375,317.90008544921875,263.42999267578125,340.1400146484375,547.8200073242188,80.91999816894531,317.9200134277344,263.5799865722656,340.4700012207031,548.2899780273438,80.99500274658203,93262,85156,17933,30845,161610
2026-08-20 09:44:00-04:00,318.44000244140625,263.25,339.93499755859375,547.4749755859375,81.0250015258789,318.5799865722656,263.8399963378906,340.2449951171875,548.3200073242188,81.02999877929688,318.010009765625,263.19000244140625,339.93499755859375,547.0999755859375,80.87999725341797,318.1300048828125,263.7250061035156,340.239990234375,548.1300048828125,80.94999694824219,124183,77556,25186,27705,72483
2026-08-20 09:45:00-04:00,318.3399963378906,262.9800109863281,340.2850036621094,548.3775024414062,81.0,318.510009765625,263.4599914550781,340.2900085449219,548.97998046875,81.08000183105469,318.0899963378906,262.8999938964844,339.6600036621094,547.4099731445312,80.93009948730469,318.4800109863281,263.2550048828125,339.8999938964844,547.4099731445312,81.01499938964844,118385,86996,18391,45651,103679
2026-08-20 09:46:00-04:00,318.17999267578125,263.20001220703125,340.1700134277344,548.7598876953125,80.9749984741211,318.45001220703125,263.32000732421875,340.44000244140625,549.9879760742188,81.05000305175781,318.1700134277344,262.82000732421875,340.07269287109375,548.1099853515625,80.91000366210938,318.3299865722656,262.95001220703125,340.2799987792969,548.3900146484375,80.9800033569336,78845,98893,25458,64089,67379
2026-08-20 09:47:00-04:00,318.2200012207031,263.0,339.94000244140625,547.5,80.92500305175781,318.30999755859375,263.2300109863281,340.1700134277344,548.8892211914062,80.99500274658203,318.08050537109375,262.989990234375,339.94000244140625,547.5,80.86000061035156,318.1600036621094,263.1700134277344,340.0299987792969,548.5,80.9800033569336,59430,61847,17861,25468,82105
2026-08-20 09:48:00-04:00,318.17999267578125,263.3200988769531,339.7200012207031,546.9201049804688,80.76499938964844,318.44000244140625,263.45001220703125,339.9800109863281,547.75,80.91999816894531,318.1000061035156,262.95001220703125,339.4599914550781,546.8300170898438,80.74340057373047,318.25,263.0299987792969,339.9599914550781,547.60498046875,80.91999816894531,76375,70024,33299,20788,126397
2026-08-20 09:49:00-04:00,317.41241455078125,263.50750732421875,340.0625,547.2877197265625,80.76000213623047,318.2549133300781,263.7398986816406,340.1600036621094,548.119873046875,80.81999969482422,317.3869934082031,263.1900939941406,339.739990234375,546.7999877929688,80.677001953125,318.1700134277344,263.3599853515625,339.8500061035156,547.239990234375,80.76499938964844,153507,70772,23364,36599,100523
2026-08-20 09:50:00-04:00,317.55999755859375,263.5799865722656,340.29998779296875,547.6199951171875,80.69499969482422,317.6199951171875,263.70989990234375,340.29998779296875,548.1134033203125,80.81500244140625,317.2300109863281,263.3599853515625,339.9800109863281,547.5349731445312,80.66500091552734,317.42999267578125,263.5450134277344,340.0299987792969,547.5700073242188,80.73999786376953,73783,58331,13567,26213,75658
2026-08-20 09:51:00-04:00,317.57501220703125,263.1300048828125,340.4800109863281,546.6699829101562,80.59040069580078,317.7297058105469,263.625,340.5199890136719,547.7849731445312,80.68000030517578,317.4200134277344,263.1300048828125,340.1700134277344,546.5399780273438,80.5,317.55938720703125,263.625,340.25,547.5999755859375,80.68000030517578,90372,69745,25872,23073,83426
2026-08-20 09:52:00-04:00,317.8599853515625,263.114990234375,340.114990234375,546.9500122070312,80.61000061035156,317.94000244140625,263.3909912109375,340.5199890136719,547.6900024414062,80.69999694824219,317.510009765625,263.0799865722656,340.114990234375,546.6099853515625,80.56999969482422,317.54998779296875,263.1600036621094,340.47698974609375,546.780029296875,80.58999633789062,71196,72740,17207,23980,65462
2026-08-20 09:53:00-04:00,317.62939453125,262.75,340.1600036621094,546.7949829101562,80.55500030517578,317.8599853515625,263.239990234375,340.2998962402344,547.219970703125,80.67500305175781,317.5400085449219,262.70001220703125,340.0799865722656,546.3900146484375,80.51000213623047,317.8599853515625,263.1600036621094,340.19000244140625,546.9025268554688,80.5999984741211,64254,38856,11965,21633,79925
2026-08-20 09:54:00-04:00,318.1495056152344,262.9049987792969,340.1499938964844,546.9000244140625,80.6500015258789,318.17999267578125,263.0199890136719,340.31500244140625,547.1099853515625,80.69960021972656,317.5906066894531,262.6600036621094,339.9549865722656,546.5549926757812,80.54000091552734,317.6050109863281,262.7699890136719,340.1969909667969,546.7899780273438,80.55079650878906,82632,76115,23846,79763,71463
2026-08-20 09:55:00-04:00,318.1600036621094,263.0799865722656,340.2200012207031,547.260009765625,80.51000213623047,318.2699890136719,263.1050109863281,340.26239013671875,547.27001953125,80.71990203857422,317.9100036621094,262.82000732421875,340.0,546.75,80.5,318.1300048828125,262.8699951171875,340.1400146484375,546.7999877929688,80.64199829101562,70024,46255,23871,35199,98392
2026-08-20 09:56:00-04:00,318.31988525390625,262.8900146484375,340.3450012207031,547.6799926757812,80.51499938964844,318.3999938964844,263.15179443359375,340.4599914550781,547.9885864257812,80.55000305175781,318.1499938964844,262.7701110839844,340.2099914550781,547.1340942382812,80.41000366210938,318.1650085449219,263.05999755859375,340.2550048828125,547.280029296875,80.51499938964844,94689,41356,38412,44235,118624
2026-08-20 09:57:00-04:00,318.0899963378906,262.4949951171875,340.04998779296875,547.6900024414062,80.45500183105469,318.42999267578125,262.94000244140625,340.2699890136719,547.7000122070312,80.51000213623047,318.0400085449219,262.45001220703125,340.04998779296875,546.989990234375,80.37999725341797,318.29998779296875,262.80999755859375,340.2699890136719,547.5150146484375,80.51000213623047,87275,64308,19363,23339,82758
2026-08-20 09:58:00-04:00,317.4750061035156,262.9200134277344,340.2200012207031,547.919677734375,80.45999908447266,318.0950012207031,262.9317932128906,340.32000732421875,547.9600219726562,80.51000213623047,317.4400939941406,262.45001220703125,340.010009765625,547.239990234375,80.4000015258789,318.0799865722656,262.5367126464844,340.06500244140625,547.7050170898438,80.45500183105469,71958,153061,10774,15403,45223
2026-08-20 09:59:00-04:00,317.2799072265625,262.9049987792969,340.1700134277344,547.6699829101562,80.4749984741211,317.4700012207031,262.94500732421875,340.25,548.0549926757812,80.5,317.0,262.7701110839844,340.1300048828125,547.3900146484375,80.36000061035156,317.4363098144531,262.94500732421875,340.20001220703125,547.89501953125,80.45999908447266,155925,34069,26814,33957,83412
2026-08-20 10:00:00-04:00,317.4200134277344,262.4949951171875,340.0002136230469,546.885009765625,80.38999938964844,317.6199951171875,262.989990234375,340.2900085449219,547.75,80.4800033569336,317.1000061035156,262.3999938964844,340.0,546.885009765625,80.37999725341797,317.2300109863281,262.8999938964844,340.2200012207031,547.6699829101562,80.45999908447266,134414,147263,29800,24163,54663
2026-08-20 10:01:00-04:00,317.0249938964844,262.7850036621094,340.25,547.5015258789062,80.54000091552734,317.45001220703125,262.92999267578125,340.3399963378906,547.5015258789062,80.54989624023438,316.922607421875,262.3999938964844,339.95001220703125,546.72998046875,80.32499694824219,317.44000244140625,262.489990234375,340.0199890136719,547.5015258789062,80.37999725341797,105338,91694,31914,30162,58463
2026-08-20 10:02:00-04:00,316.95001220703125,262.6499938964844,339.9200134277344,547.0401000976562,80.44999694824219,317.0450134277344,262.8599853515625,340.239990234375,547.4000244140625,80.52999877929688,316.82000732421875,262.5400085449219,339.9200134277344,546.7899780273438,80.41999816894531,317.0,262.82000732421875,340.239990234375,547.4000244140625,80.5199966430664,50228,69626,15342,19000,55278
2026-08-20 10:03:00-04:00,317.17498779296875,262.4299011230469,339.6099853515625,545.6199951171875,80.4000015258789,317.25,262.8800048828125,340.0098876953125,547.1599731445312,80.4800033569336,316.9100036621094,262.4200134277344,339.6099853515625,545.6199951171875,80.3949966430664,316.9599914550781,262.6794128417969,339.9200134277344,547.0225219726562,80.45189666748047,62099,82177,21916,44145,54059
2026-08-20 10:04:00-04:00,317.125,262.1700134277344,339.2449951171875,545.5,80.44999694824219,317.3800048828125,262.4849853515625,339.5299987792969,545.969970703125,80.45999908447266,316.9200134277344,262.1499938964844,339.2200012207031,545.2625122070312,80.33000183105469,317.17498779296875,262.3349914550781,339.510009765625,545.5800170898438,80.44999694824219,110166,69701,23182,32253,41474
2026-08-20 10:05:00-04:00,317.0249938964844,262.57989501953125,339.2040100097656,546.3150024414062,80.47000122070312,317.2084045410156,262.57989501953125,339.2598876953125,546.4099731445312,80.48999786376953,316.9700012207031,262.0537109375,339.02850341796875,545.0399780273438,80.40550231933594,317.1199951171875,262.1650085449219,339.2300109863281,545.5499877929688,80.44000244140625,70935,90578,18959,95394,33433
2026-08-20 10:06:00-04:00,316.80499267578125,262.364990234375,339.3299865722656,546.10498046875,80.3550033569336,317.0249938964844,262.57989501953125,339.4200134277344,546.875,80.47000122070312,316.7799987792969,262.2799987792969,338.9800109863281,545.9400024414062,80.3499984741211,317.0249938964844,262.5299987792969,339.19000244140625,546.3200073242188,80.47000122070312,81465,76776,67082,32391,56037
2026-08-20 10:07:00-04:00,316.7309875488281,261.8599853515625,339.06561279296875,545.2650146484375,80.26000213623047,316.95001220703125,262.39691162109375,339.3800048828125,546.3090209960938,80.37000274658203,316.6499938964844,261.739990234375,338.8699951171875,545.155029296875,80.2300033569336,316.7809143066406,262.3599853515625,339.2950134277344,546.1199951171875,80.26000213623047,149548,118520,30232,13902,99937
2026-08-20 10:08:00-04:00,316.5299987792969,261.7550048828125,338.8699951171875,544.885009765625,80.33499908447266,316.80999755859375,261.8699951171875,339.0596923828125,545.1599731445312,80.38999938964844,316.4273986816406,261.3399963378906,338.63079833984375,544.1500244140625,80.26000213623047,316.7250061035156,261.8699951171875,339.010009765625,545.1599731445312,80.2699966430664,98607,245418,25733,30268,117444
2026-08-20 10:09:00-04:00,316.45001220703125,262.1400146484375,339.25,545.4349975585938,80.3550033569336,316.69940185546875,262.1700134277344,339.30999755859375,545.52001953125,80.39990234375,316.3200988769531,261.5199890136719,338.8868103027344,544.7000122070312,80.33000183105469,316.533203125,261.79998779296875,338.8900146484375,544.8900146484375,80.33999633789062,57882,106887,33197,20172,56940
2026-08-20 10:10:00-04:00,316.7099914550781,262.1600036621094,339.2099914550781,546.2949829101562,80.49500274658203,316.7200012207031,262.2300109863281,339.3599853515625,546.760009765625,80.5,316.3999938964844,262.0,339.19000244140625,545.39501953125,80.3499984741211,316.4750061035156,262.10888671875,339.30999755859375,545.39501953125,80.3499984741211,59749,72667,26946,33251,105789
2026-08-20 10:11:00-04:00,316.5899963378906,261.6300048828125,338.92999267578125,545.8400268554688,80.38999938964844,316.80999755859375,262.29998779296875,339.30999755859375,546.2949829101562,80.48999786376953,316.3949890136719,261.6099853515625,338.92999267578125,545.3599853515625,80.37000274658203,316.7200012207031,262.19000244140625,339.20599365234375,546.2949829101562,80.48999786376953,86899,104381,21442,37293,196213
2026-08-20 10:12:00-04:00,316.6099853515625,261.2699890136719,338.7699890136719,544.9199829101562,80.34500122070312,316.67498779296875,261.7699890136719,339.0899963378906,546.1212768554688,80.43000030517578,316.489990234375,261.239990234375,338.739990234375,544.8027954101562,80.33000183105469,316.5799865722656,261.614990234375,338.9700012207031,545.7249755859375,80.38999938964844,51216,80230,21250,35174,65643
2026-08-20 10:13:00-04:00,316.7774963378906,261.1050109863281,338.6361999511719,544.72998046875,80.34500122070312,316.89990234375,261.5494079589844,338.8900146484375,545.119873046875,80.41000366210938,316.5400085449219,260.8900146484375,338.6361999511719,544.4400024414062,80.33000183105469,316.6000061035156,261.3439025878906,338.7300109863281,544.9199829101562,80.34500122070312,53493,151687,52037,23443,55768
2026-08-20 10:14:00-04:00,316.68499755859375,261.09991455078125,338.7950134277344,544.47998046875,80.33000183105469,316.79998779296875,261.2699890136719,338.8450012207031,544.6920166015625,80.3499984741211,316.5700988769531,260.989990234375,338.5799865722656,544.260009765625,80.29329681396484,316.79998779296875,261.0899963378906,338.75,544.6920166015625,80.33999633789062,47275,100201,17031,14146,27742
2026-08-20 10:15:00-04:00,316.8800048828125,260.5400085449219,338.4599914550781,544.3300170898438,80.31999969482422,316.885009765625,261.2398986816406,338.8450012207031,544.5198974609375,80.38999938964844,316.6600036621094,260.3999938964844,338.4100036621094,544.0,80.31999969482422,316.6600036621094,261.0899963378906,338.8053894042969,544.2899780273438,80.31999969482422,51424,193244,40837,59643,101743
2026-08-20 10:16:00-04:00,316.9100036621094,260.9649963378906,338.4200134277344,544.5,80.3499984741211,317.010009765625,260.9649963378906,338.6000061035156,545.0150146484375,80.38999938964844,316.7799987792969,260.57000732421875,338.20001220703125,544.340087890625,80.33999633789062,316.8949890136719,260.5899963378906,338.5,544.4000244140625,80.33999633789062,58180,109955,34915,26918,41543
2026-08-20 10:17:00-04:00,316.8599853515625,260.9100036621094,338.2222900390625,543.489990234375,80.30500030517578,317.0899963378906,261.1300048828125,338.510009765625,544.510009765625,80.36000061035156,316.82000732421875,260.82000732421875,338.1000061035156,543.3201293945312,80.30000305175781,316.9100036621094,261.0,338.44000244140625,544.5,80.3550033569336,44486,57446,20090,78070,36565
2026-08-20 10:18:00-04:00,316.9100036621094,261.17498779296875,338.20001220703125,543.625,80.44000244140625,317.0,261.2799987792969,338.4200134277344,543.8599853515625,80.44999694824219,316.79998779296875,260.8599853515625,338.1499938964844,543.0599975585938,80.30500030517578,316.8599853515625,260.8999938964844,338.260009765625,543.4500122070312,80.30500030517578,68359,59713,23345,19747,36969
2026-08-20 10:19:00-04:00,316.79998779296875,261.07501220703125,338.30999755859375,543.72998046875,80.3949966430664,317.01129150390625,261.44378662109375,338.5400085449219,544.1749877929688,80.47000122070312,316.7699890136719,261.07000732421875,338.19000244140625,543.4400024414062,80.38999938964844,316.92498779296875,261.2200012207031,338.29998779296875,543.625,80.44000244140625,48467,66758,48174,28927,53875
2026-08-20 10:20:00-04:00,316.29998779296875,260.94000244140625,338.385009765625,544.3800048828125,80.30989837646484,316.8500061035156,261.3399963378906,338.4700012207031,544.72998046875,80.40499877929688,316.2200012207031,260.8900146484375,338.2200012207031,543.4099731445312,80.26499938964844,316.83990478515625,261.0826110839844,338.29998779296875,543.5800170898438,80.4000015258789,86838,82739,60020,24810,72542
2026-08-20 10:21:00-04:00,316.4599914550781,261.1650085449219,338.7099914550781,544.04248046875,80.30989837646484,316.6400146484375,261.29998779296875,338.739990234375,544.9000244140625,80.36000061035156,316.2774963378906,260.9800109863281,338.331787109375,543.97998046875,80.26010131835938,316.28460693359375,260.9800109863281,338.4158020019531,544.3599853515625,80.30000305175781,94006,90431,40420,19361,47219
2026-08-20 10:22:00-04:00,316.5400085449219,261.32000732421875,338.8699035644531,544.5,80.2750015258789,316.54998779296875,261.4100036621094,338.8800048828125,544.8189697265625,80.33999633789062,316.260009765625,261.1300048828125,338.48199462890625,543.8599853515625,80.22679901123047,316.4700012207031,261.1499938964844,338.739990234375,544.1599731445312,80.32499694824219,62428,57838,30084,19803,63963
2026-08-20 10:23:00-04:00,316.6206970214844,261.6300048828125,338.7749938964844,544.8499755859375,80.30989837646484,316.69000244140625,261.6300048828125,338.8699951171875,544.8499755859375,80.37000274658203,316.45001220703125,261.2799987792969,338.7200012207031,544.2650146484375,80.26000213623047,316.5400085449219,261.3399963378906,338.81500244140625,544.4500122070312,80.27999877929688,46664,73295,34268,18415,49767
2026-08-20 10:24:00-04:00,316.62890625,261.54998779296875,338.6199951171875,544.9349975585938,80.30999755859375,316.7699890136719,261.6300048828125,338.7799987792969,545.0930786132812,80.38999938964844,316.57000732421875,261.4200134277344,338.5199890136719,544.5499877929688,80.29000091552734,316.6499938964844,261.5852966308594,338.6199951171875,544.72998046875,80.30000305175781,30040,71342,23926,24275,35916
2026-08-20 10:25:00-04:00,316.5450134277344,261.54998779296875,338.5130920410156,544.3250122070312,80.26000213623047,316.625,261.6499938964844,338.625,544.9199829101562,80.30999755859375,316.45001220703125,261.4100036621094,338.4100036621094,544.25,80.23999786376953,316.5450134277344,261.5199890136719,338.6000061035156,544.9199829101562,80.30999755859375,7560005,54614,37039,19180,53971
2026-08-20 10:26:00-04:00,316.57000732421875,261.5,338.69500732421875,544.4998779296875,80.2699966430664,316.7749938964844,261.7900085449219,338.7699890136719,544.6400146484375,80.27999877929688,316.55999755859375,261.45001220703125,338.4599914550781,544.2150268554688,80.20999908447266,316.57000732421875,261.5299987792969,338.510009765625,544.2999877929688,80.26000213623047,45035,45928,18885,40361,70515
2026-08-20 10:27:00-04:00,316.4849853515625,261.489990234375,338.79998779296875,543.7999877929688,80.2750015258789,316.6099853515625,261.5199890136719,338.8500061035156,544.5499877929688,80.31999969482422,316.4200134277344,261.3800048828125,338.6908874511719,543.6901245117188,80.25,316.5899963378906,261.510009765625,338.7699890136719,544.530029296875,80.27999877929688,33474,40574,24561,20875,157266
2026-08-20 10:28:00-04:00,316.4649963378906,261.3818054199219,338.6300048828125,543.9600219726562,80.2499008178711,316.5299987792969,261.5801086425781,338.7950134277344,544.2999877929688,80.2750015258789,316.3999938964844,261.32000732421875,338.510009765625,543.7949829101562,80.1500015258789,316.4700012207031,261.4100036621094,338.7799987792969,543.9600219726562,80.2750015258789,42520,39576,21817,22102,40807
2026-08-20 10:29:00-04:00,316.4700012207031,261.57501220703125,338.6199951171875,544.4400024414062,80.27999877929688,316.5450134277344,261.6299133300781,338.67999267578125,544.4598999023438,80.28279876708984,316.3999938964844,261.2900085449219,338.4700012207031,543.75,80.19999694824219,316.44500732421875,261.4150085449219,338.67919921875,543.9099731445312,80.23999786376953,34680,31681,22988,15710,31196
2026-08-20 10:30:00-04:00,316.4700012207031,261.5679931640625,339.2200012207031,545.0599975585938,80.28500366210938,316.4700012207031,261.6700134277344,339.239990234375,545.114013671875,80.30000305175781,316.25,261.45361328125,338.5450134277344,544.2501220703125,80.22000122070312,316.42999267578125,261.55010986328125,338.5799865722656,544.344970703125,80.27010345458984,36921,46137,40149,29660,46743
2026-08-20 10:31:00-04:00,316.2900085449219,261.44000244140625,339.0899963378906,544.77001953125,80.17500305175781,316.489501953125,261.56988525390625,339.45001220703125,545.0050048828125,80.30999755859375,316.2900085449219,261.3599853515625,339.0299987792969,544.6900024414062,80.17500305175781,316.2900085449219,261.56890869140625,339.2200012207031,544.9149780273438,80.29000091552734,7790505,47364,62533,13577,67626
2026-08-20 10:32:00-04:00,316.32000732421875,261.3500061035156,339.01251220703125,545.0289916992188,79.98500061035156,316.4100036621094,261.5,339.04998779296875,545.260009765625,80.16999816894531,316.2401123046875,261.16009521484375,338.80999755859375,544.52001953125,79.95999908447266,316.2699890136719,261.45001220703125,339.0299987792969,544.7349853515625,80.16999816894531,49969,41166,34850,26653,129143
2026-08-20 10:33:00-04:00,316.5249938964844,261.5899963378906,338.9432067871094,544.8599853515625,79.97000122070312,316.5899963378906,261.7799987792969,339.1300048828125,545.1400146484375,80.01000213623047,316.3424987792969,261.41009521484375,338.8699951171875,544.739990234375,79.94000244140625,316.3450012207031,261.44500732421875,339.05120849609375,544.8964233398438,79.97000122070312,32710,55480,44954,32412,61233
2026-08-20 10:34:00-04:00,316.32000732421875,261.3399963378906,338.7095031738281,544.9149780273438,79.94000244140625,316.5249938964844,261.57000732421875,338.9100036621094,545.0399780273438,79.97000122070312,316.2799987792969,261.32000732421875,338.60101318359375,544.5999755859375,79.87799835205078,316.5249938964844,261.53009033203125,338.8999938964844,544.7899780273438,79.94000244140625,41713,33639,19061,18918,59518
2026-08-20 10:35:00-04:00,316.2950134277344,261.4601135253906,338.8799133300781,545.6500244140625,79.87999725341797,316.32000732421875,261.4601135253906,338.8799133300781,545.6500244140625,79.98999786376953,316.1700134277344,261.2300109863281,338.6099853515625,544.9099731445312,79.86499786376953,316.32000732421875,261.3399963378906,338.706298828125,545.0,79.95999908447266,32751,26538,17433,14940,47496
2026-08-20 10:36:00-04:00,316.3757019042969,261.75,338.8500061035156,546.030029296875,79.95500183105469,316.3999938964844,261.8299865722656,338.9100036621094,546.2781982421875,79.97000122070312,316.239990234375,261.375,338.7900085449219,545.469970703125,79.86009979248047,316.3349914550781,261.375,338.8301086425781,545.6500244140625,79.87349700927734,25389,36527,19958,19601,62314
2026-08-20 10:37:00-04:00,316.2749938964844,261.67498779296875,338.9100036621094,546.3300170898438,79.91999816894531,316.4700012207031,261.80999755859375,339.010009765625,546.6099853515625,79.95989990234375,316.260009765625,261.6499938964844,338.8399963378906,545.8699951171875,79.87999725341797,316.4100036621094,261.75,338.8399963378906,546.0,79.91999816894531,30892,55620,26193,16940,68944
2026-08-20 10:38:00-04:00,316.42498779296875,261.75,339.2049865722656,546.7078857421875,79.96499633789062,316.4700012207031,261.83990478515625,339.2300109863281,546.7078857421875,79.96499633789062,316.1700134277344,261.6700134277344,338.92999267578125,546.27001953125,79.9000015258789,316.29998779296875,261.6700134277344,338.92999267578125,546.27001953125,79.94999694824219,40031,26363,46911,21576,60586
2026-08-20 10:39:00-04:00,316.4849853515625,261.8100891113281,339.3399963378906,546.6600952148438,79.9520034790039,316.57000732421875,261.8800048828125,339.3900146484375,547.0399780273438,79.97000122070312,316.4100036621094,261.7200012207031,339.010009765625,546.5,79.93009948730469,316.4100036621094,261.7200012207031,339.2099914550781,546.6600952148438,79.97000122070312,44988,32615,47321,23312,32744
2026-08-20 10:40:00-04:00,316.5780029296875,262.0899963378906,339.6400146484375,546.8049926757812,79.90049743652344,316.6698913574219,262.1899108886719,339.82000732421875,546.97998046875,79.97000122070312,316.4599914550781,261.8299865722656,339.2799987792969,546.530029296875,79.90049743652344,316.4599914550781,261.889892578125,339.339599609375,546.5999755859375,79.95500183105469,38742,53441,42135,12472,28600
2026-08-20 10:41:00-04:00,316.42999267578125,262.0400085449219,339.57000732421875,546.52001953125,79.88500213623047,316.55999755859375,262.239990234375,339.7699890136719,546.8200073242188,79.90989685058594,316.4100036621094,261.9849853515625,339.510498046875,546.22998046875,79.87000274658203,316.55499267578125,262.1099853515625,339.67999267578125,546.72998046875,79.9000015258789,8152934,73988,30587,19856,53224
2026-08-20 10:42:00-04:00,316.5799865722656,262.28009033203125,339.75250244140625,546.4700927734375,79.80000305175781,316.6000061035156,262.3689880371094,339.8299865722656,547.1500244140625,79.87999725341797,316.3800048828125,261.9704895019531,339.54998779296875,546.3699951171875,79.80000305175781,316.43011474609375,262.0400085449219,339.55999755859375,546.4199829101562,79.87999725341797,26772,35034,10196,32235,131779
2026-08-20 10:43:00-04:00,316.56500244140625,262.302001953125,339.74029541015625,546.5449829101562,79.83000183105469,316.6698913574219,262.465087890625,339.7699890136719,546.6599731445312,79.86000061035156,316.510009765625,262.2200012207031,339.6300048828125,546.4099731445312,79.79499816894531,316.5799865722656,262.2749938964844,339.7699890136719,546.469970703125,79.80000305175781,41147,69858,14692,11189,59790
2026-08-20 10:44:00-04:00,316.3500061035156,261.9986877441406,339.5899963378906,546.290283203125,79.74500274658203,316.5799865722656,262.2799987792969,339.7298889160156,546.6599731445312,79.83049774169922,316.3323974609375,261.9800109863281,339.5400085449219,546.1699829101562,79.72000122070312,316.57501220703125,262.2500915527344,339.70001220703125,546.5499877929688,79.83049774169922,32221,49409,14460,38592,97651
2026-08-20 10:45:00-04:00,316.510009765625,262.07000732421875,339.4861145019531,546.739990234375,79.76200103759766,316.55999755859375,262.1289978027344,339.69000244140625,546.9500122070312,79.79000091552734,316.3299865722656,261.9700012207031,339.42999267578125,546.1799926757812,79.72000122070312,316.3599853515625,262.05999755859375,339.6400146484375,546.3150024414062,79.74500274658203,33524,45751,16066,28918,49836
2026-08-20 10:46:00-04:00,316.8399963378906,261.8200988769531,339.4800109863281,546.9199829101562,79.75499725341797,316.8699951171875,262.1120910644531,339.55999755859375,546.9199829101562,79.80000305175781,316.510009765625,261.7799987792969,339.3299865722656,546.6500244140625,79.74500274658203,316.510009765625,262.07000732421875,339.4100036621094,546.719970703125,79.7699966430664,37711,126993,20593,27291,46746
2026-08-20 10:47:00-04:00,316.7449951171875,261.4012145996094,339.2200012207031,546.2000122070312,79.69200134277344,316.92498779296875,261.923095703125,339.6549987792969,546.8300170898438,79.83000183105469,316.67999267578125,261.3949890136719,339.2200012207031,546.2000122070312,79.68000030517578,316.8399963378906,261.8599853515625,339.4700012207031,546.7999877929688,79.75499725341797,44096,61189,12816,23059,86030
2026-08-20 10:48:00-04:00,316.7300109863281,261.3399963378906,339.215087890625,545.5700073242188,79.70500183105469,316.7799987792969,261.5098876953125,339.2799987792969,546.2150268554688,79.70500183105469,316.56500244140625,261.2900085449219,339.06500244140625,545.47998046875,79.62999725341797,316.7449951171875,261.3949890136719,339.23651123046875,546.1500244140625,79.69000244140625,47810,52983,14162,30195,84480
2026-08-20 10:49:00-04:00,316.6029052734375,261.3450012207031,338.7550048828125,545.5499877929688,79.7249984741211,316.7699890136719,261.44500732421875,339.25,546.0900268554688,79.72969818115234,316.5249938964844,261.2200012207031,338.7550048828125,545.469970703125,79.69499969482422,316.7120056152344,261.33050537109375,339.2300109863281,545.739990234375,79.7249984741211,36955,53662,30326,23537,47993
2026-08-20 10:50:00-04:00,316.69500732421875,261.260009765625,338.7149963378906,545.7050170898438,79.69499969482422,316.7749938964844,261.45001220703125,338.9100036621094,545.8400268554688,79.75,316.4700012207031,261.2200927734375,338.70001220703125,545.4000244140625,79.66500091552734,316.6000061035156,261.3500061035156,338.760009765625,545.5574951171875,79.7300033569336,54600,43970,12877,20748,104372
2026-08-20 10:51:00-04:00,316.781005859375,261.42999267578125,338.9259948730469,545.5401000976562,79.66000366210938,316.8586120605469,261.42999267578125,338.9259948730469,545.8599853515625,79.73500061035156,316.6199951171875,261.25,338.57000732421875,545.4600219726562,79.66000366210938,316.7200012207031,261.260009765625,338.739990234375,545.7050170898438,79.69499969482422,34339,28428,18063,19483,86111
2026-08-20 10:52:00-04:00,316.8949890136719,261.4599914550781,338.864990234375,545.77001953125,79.62000274658203,316.9549865722656,261.5,338.989990234375,545.852294921875,79.66500091552734,316.760009765625,261.29998779296875,338.82000732421875,545.3400268554688,79.58499908447266,316.7799987792969,261.4700012207031,338.9154968261719,545.4600830078125,79.62000274658203,25041,49551,12759,13379,7397937
2026-08-20 10:53:00-04:00,316.9700012207031,261.5299987792969,338.57000732421875,545.6500244140625,79.66500091552734,317.1400146484375,261.5299987792969,338.864990234375,545.84521484375,79.66500091552734,316.8550109863281,261.4100036621094,338.44500732421875,545.5399780273438,79.6050033569336,316.8900146484375,261.4700012207031,338.864990234375,545.765625,79.625,46402,24655,36367,11323,60743
2026-08-20 10:54:00-04:00,317.03009033203125,261.4010925292969,338.6300048828125,545.2349853515625,79.69000244140625,317.1084899902344,261.5979919433594,338.82000732421875,545.760009765625,79.70500183105469,316.94000244140625,261.239990234375,338.5799865722656,545.161376953125,79.62999725341797,316.9700012207031,261.5,338.69000244140625,545.5767211914062,79.66999816894531,32257,45119,16280,20003,138422
2026-08-20 10:55:00-04:00,317.1600036621094,261.5249938964844,338.8399963378906,545.2999877929688,79.7300033569336,317.32501220703125,261.54998779296875,338.8659973144531,545.3709716796875,79.75499725341797,316.98748779296875,261.30999755859375,338.55999755859375,545.1400146484375,79.69000244140625,317.04998779296875,261.3800048828125,338.6299133300781,545.22998046875,79.69999694824219,58955,28555,26215,23870,47826
2026-08-20 10:56:00-04:00,317.0450134277344,261.5,338.5,545.3800048828125,79.79000091552734,317.20001220703125,261.5498962402344,338.8699951171875,545.6005859375,79.80999755859375,316.92999267578125,261.32000732421875,338.3800048828125,545.1099853515625,79.72000122070312,317.20001220703125,261.5,338.8699951171875,545.3800048828125,79.73500061035156,43485,23559,18241,21062,48942
2026-08-20 10:57:00-04:00,317.1300048828125,261.43499755859375,338.30999755859375,545.47998046875,79.76000213623047,317.2699890136719,261.54998779296875,338.54400634765625,545.8699951171875,79.79989624023438,317.0199890136719,261.3299865722656,338.19000244140625,545.2999877929688,79.73999786376953,317.0299987792969,261.4599914550781,338.54400634765625,545.489990234375,79.79000091552734,40852,47918,19315,31493,56396
2026-08-20 10:58:00-04:00,317.2900085449219,261.45001220703125,338.2200012207031,544.9324951171875,79.83769989013672,317.3299865722656,261.4800109863281,338.3299865722656,545.6099853515625,79.83769989013672,317.0199890136719,261.3500061035156,338.1600036621094,544.760009765625,79.75499725341797,317.1247863769531,261.44000244140625,338.29998779296875,545.47998046875,79.76000213623047,45683,22025,11560,35648,26159
2026-08-20 10:59:00-04:00,317.4200134277344,261.4599914550781,338.4200134277344,545.2100219726562,79.87999725341797,317.4800109863281,261.510986328125,338.4599914550781,545.2100219726562,79.9000015258789,317.25,261.3599853515625,338.17999267578125,544.7899780273438,79.84500122070312,317.2951965332031,261.4800109863281,338.239990234375,544.9249877929688,79.8469009399414,41798,29484,17523,21902,38060
2026-08-20 11:00:00-04:00,317.44500732421875,261.39801025390625,338.44000244140625,545.02001953125,79.87999725341797,317.5299987792969,261.510009765625,338.5238952636719,545.2100219726562,79.88629913330078,317.3900146484375,261.30999755859375,338.4100036621094,544.9400024414062,79.80500030517578,317.42999267578125,261.4700012207031,338.4100036621094,545.1849975585938,79.87999725341797,59001,27983,11898,23543,72385
2026-08-20 11:01:00-04:00,317.5589904785156,261.31500244140625,338.67999267578125,545.0900268554688,79.83000183105469,317.7200012207031,261.42449951171875,338.75,545.2999877929688,79.88999938964844,317.3699951171875,261.1400146484375,338.3999938964844,544.77001953125,79.82499694824219,317.42999267578125,261.3450012207031,338.4599914550781,544.969970703125,79.86000061035156,60956,88873,20174,31390,46700
2026-08-20 11:02:00-04:00,317.5350036621094,261.1650085449219,338.2784118652344,544.8499755859375,79.80500030517578,317.6899108886719,261.42999267578125,338.739990234375,545.2650146484375,79.8499984741211,317.4599914550781,261.07501220703125,338.260009765625,544.7999877929688,79.79109954833984,317.57000732421875,261.32000732421875,338.68011474609375,545.0900268554688,79.83999633789062,46371,47217,17143,15028,32912
2026-08-20 11:03:00-04:00,317.739990234375,261.3999938964844,338.3399963378906,544.8298950195312,79.80999755859375,317.760009765625,261.3999938964844,338.3599853515625,544.8499755859375,79.80999755859375,317.4200134277344,261.1400146484375,338.07000732421875,544.460693359375,79.7249984741211,317.739990234375,261.20001220703125,338.2200012207031,544.8099975585938,79.80500030517578,37442,27734,22876,28838,66498
2026-08-20 11:04:00-04:00,317.70001220703125,261.369384765625,338.3900146484375,544.6599731445312,79.76000213623047,317.7799987792969,261.5199890136719,338.5,545.0349731445312,79.83999633789062,317.62200927734375,261.3299865722656,338.3500061035156,544.5999755859375,79.76000213623047,317.739990234375,261.42999267578125,338.3999938964844,544.844970703125,79.80000305175781,54659,45021,15702,29830,64851
2026-08-20 11:05:00-04:00,317.5150146484375,260.94000244140625,338.2882080078125,543.5216064453125,79.875,317.70001220703125,261.3599853515625,338.5400085449219,544.6699829101562,79.94999694824219,317.4599914550781,260.8901062011719,338.239990234375,543.5216064453125,79.75,317.69500732421875,261.340087890625,338.3599853515625,544.635009765625,79.875,45513,102424,23268,30629,8263177
2026-08-20 11:06:00-04:00,317.30059814453125,260.5600891113281,338.1300048828125,542.9251098632812,79.80999755859375,317.5299987792969,261.12298583984375,338.32501220703125,543.6599731445312,79.875,317.30010986328125,260.54998779296875,338.1099853515625,542.6099853515625,79.80000305175781,317.510009765625,260.95001220703125,338.2886047363281,543.5999755859375,79.87000274658203,68386,94967,22797,60739,63502
2026-08-20 11:07:00-04:00,317.239990234375,260.6700134277344,337.8800048828125,543.1749877929688,79.87000274658203,317.489990234375,260.83990478515625,338.2080993652344,543.4293823242188,79.8949966430664,317.2005920410156,260.5299987792969,337.8800048828125,542.780029296875,79.81050109863281,317.32000732421875,260.55999755859375,338.1499938964844,542.9843139648438,79.81500244140625,41926,87120,79960,49451,28831
2026-08-20 11:08:00-04:00,316.7699890136719,260.510009765625,337.7221984863281,542.7249755859375,79.8550033569336,317.30499267578125,260.7900085449219,337.9599914550781,543.1801147460938,79.8895034790039,316.75,260.4800109863281,337.70001220703125,542.2999877929688,79.83000183105469,317.239990234375,260.70001220703125,337.8699951171875,543.1801147460938,79.875,229235,88419,25877,53583,37880
2026-08-20 11:09:00-04:00,316.8699951171875,260.5199890136719,337.1203918457031,542.8975219726562,79.91999816894531,316.9049987792969,260.6099853515625,337.7550048828125,543.1099853515625,79.91999816894531,316.75,260.4100036621094,337.1099853515625,542.5499877929688,79.80999755859375,316.7850036621094,260.5,337.1203918457031,542.7249755859375,79.8550033569336,43501,55248,67730,29965,35359
2026-08-20 11:10:00-04:00,316.6499938964844,260.21490478515625,336.82000732421875,542.9099731445312,79.95999908447266,316.8699951171875,260.489990234375,337.3699951171875,543.3416137695312,79.98999786376953,316.6200866699219,260.0,336.79998779296875,542.719970703125,79.9000015258789,316.864990234375,260.489990234375,337.1000061035156,542.8200073242188,79.91999816894531,80493,144391,65506,28700,46527
2026-08-20 11:11:00-04:00,316.5,260.239990234375,336.864013671875,542.9149780273438,80.02999877929688,316.7149963378906,260.29998779296875,336.864013671875,543.0349731445312,80.0354995727539,316.5,259.9200134277344,336.4200134277344,542.530029296875,79.97000122070312,316.6499938964844,260.1099853515625,336.79998779296875,542.8200073242188,79.9749984741211,42653,168192,61942,37766,41670
2026-08-20 11:12:00-04:00,316.4599914550781,260.2550048828125,336.80999755859375,543.0250244140625,80.01499938964844,316.54998779296875,260.3840026855469,337.1000061035156,543.4899291992188,80.05500030517578,316.4100036621094,260.1600036621094,336.7300109863281,542.8499755859375,79.99500274658203,316.4949951171875,260.2200012207031,336.8385925292969,542.9000244140625,80.0199966430664,36196,43465,34729,30767,27802
2026-08-20 11:13:00-04:00,316.56988525390625,260.489990234375,336.7300109863281,543.7150268554688,80.0250015258789,316.56988525390625,260.489990234375,336.79998779296875,543.75,80.04010009765625,316.25,260.1962890625,336.5,542.985595703125,79.9800033569336,316.4599914550781,260.260009765625,336.7716979980469,542.985595703125,80.01499938964844,46975,35129,33310,34376,27398
2026-08-20 11:14:00-04:00,316.5,260.6300048828125,336.7250061035156,543.5,80.04010009765625,316.7200012207031,260.70001220703125,336.82000732421875,543.8201293945312,80.08999633789062,316.4599914550781,260.4649963378906,336.54791259765625,543.27001953125,80.0199966430664,316.5,260.4693908691406,336.7300109863281,543.7150268554688,80.0199966430664,9840236,97495,23703,35045,37189
2026-08-20 11:15:00-04:00,316.1460876464844,260.510009765625,336.8800048828125,543.27001953125,80.01499938964844,316.4700012207031,260.75,336.8800048828125,543.469970703125,80.08000183105469,316.1400146484375,260.5,336.57000732421875,543.0,80.01499938964844,316.4100036621094,260.6449890136719,336.74481201171875,543.4251098632812,80.05000305175781,55328,65039,46004,26778,135277
2026-08-20 11:16:00-04:00,316.2019958496094,260.6199951171875,336.8450012207031,542.6099853515625,79.970703125,316.2149963378906,260.6199951171875,336.95001220703125,543.27001953125,80.01499938964844,316.0799865722656,260.3900146484375,336.6600036621094,541.8300170898438,79.95999908447266,316.2019958496094,260.510009765625,336.92999267578125,543.27001953125,80.01000213623047,87033,59593,32440,73472,29883
2026-08-20 11:17:00-04:00,316.1549987792969,260.6084899902344,336.57501220703125,543.4949951171875,80.03990173339844,316.2699890136719,260.6199951171875,336.8699951171875,543.6348876953125,80.03990173339844,316.1199951171875,260.44000244140625,336.57501220703125,542.6300048828125,79.95999908447266,316.19000244140625,260.55999755859375,336.8699951171875,542.6799926757812,79.97010040283203,33932,33018,22088,36895,36499
2026-08-20 11:18:00-04:00,316.32000732421875,260.6099853515625,336.8999938964844,543.14501953125,80.0999984741211,316.3599853515625,260.6300048828125,336.9100036621094,543.6099853515625,80.11000061035156,316.0,260.3699951171875,336.5,542.52001953125,80.00499725341797,316.1600036621094,260.6099853515625,336.5799865722656,543.4949951171875,80.0199966430664,139173,44546,25527,21742,44053
2026-08-20 11:19:00-04:00,316.3399963378906,260.8999938964844,337.32501220703125,543.8699951171875,80.16500091552734,316.46990966796875,260.9649963378906,337.4700012207031,544.0900268554688,80.16999816894531,316.3002014160156,260.5799865722656,336.9200134277344,543.0399780273438,80.1094970703125,316.3240051269531,260.5892028808594,336.94000244140625,543.1599731445312,80.1094970703125,41951,60586,52926,25729,36660
2026-08-20 11:20:00-04:00,316.3500061035156,260.75,337.4800109863281,543.9600219726562,80.16999816894531,316.3699951171875,260.89080810546875,337.5199890136719,544.0499877929688,80.18000030517578,316.19000244140625,260.7099914550781,337.3299865722656,543.7000122070312,80.1449966430664,316.3699951171875,260.8450012207031,337.3999938964844,543.9099731445312,80.16000366210938,40546,37017,40096,30404,53056
2026-08-20 11:21:00-04:00,316.35760498046875,260.4700012207031,337.1700134277344,543.4650268554688,80.12999725341797,316.4809875488281,260.7799072265625,337.4649963378906,544.0700073242188,80.17500305175781,316.3299865722656,260.4700012207031,337.1600036621094,543.4600219726562,80.11160278320312,316.3301086425781,260.7699890136719,337.4649963378906,543.9650268554688,80.17500305175781,31692,27130,48991,22958,47172
2026-08-20 11:22:00-04:00,316.5849914550781,260.5150146484375,336.9800109863281,543.1799926757812,80.06500244140625,316.6000061035156,260.65948486328125,337.19000244140625,543.5850219726562,80.12999725341797,316.3699951171875,260.4649963378906,336.9800109863281,543.0,80.05999755859375,316.3699951171875,260.4949951171875,337.1400146484375,543.489990234375,80.125,36531,31111,28087,15916,40230
2026-08-20 11:23:00-04:00,316.614990234375,260.4100036621094,337.0350036621094,543.030029296875,80.1050033569336,316.70001220703125,260.510009765625,337.0899963378906,543.2000122070312,80.11499786376953,316.5201110839844,260.3800048828125,336.8999938964844,542.97998046875,80.06500244140625,316.6180114746094,260.5,336.9750061035156,543.1799926757812,80.06500244140625,66528,56832,19271,11558,23029
2026-08-20 11:24:00-04:00,316.55999755859375,260.6000061035156,337.3678894042969,543.5,80.08999633789062,316.6319885253906,260.7449951171875,337.489990234375,543.5750122070312,80.12000274658203,316.45001220703125,260.42999267578125,337.0400085449219,543.030029296875,80.08499908447266,316.6199951171875,260.43499755859375,337.04998779296875,543.0599975585938,80.11000061035156,47596,46962,243622,19335,29759
2026-08-20 11:25:00-04:00,316.3349914550781,260.55499267578125,337.38079833984375,543.6400146484375,80.08999633789062,316.5400085449219,260.6199951171875,337.4599914550781,543.6699829101562,80.08999633789062,316.25,260.4750061035156,337.2699890136719,543.3599853515625,80.06500244140625,316.5350036621094,260.5899963378906,337.4599914550781,543.5,80.08499908447266,77414,27482,15007,25108,24069
2026-08-20 11:26:00-04:00,316.6499938964844,260.6000061035156,337.5350036621094,543.5,80.0999984741211,316.8599853515625,260.7200012207031,337.6400146484375,543.8699951171875,80.11000061035156,316.31329345703125,260.5400085449219,337.30999755859375,543.5,80.08999633789062,316.31329345703125,260.57000732421875,337.30999755859375,543.5499877929688,80.0999984741211,72666,36907,12033,24132,32913
2026-08-20 11:27:00-04:00,316.7550048828125,260.7950134277344,337.3800048828125,543.6400146484375,80.11000061035156,316.7900085449219,260.818115234375,337.57501220703125,543.6799926757812,80.13770294189453,316.6099853515625,260.60009765625,337.3500061035156,543.3599853515625,80.0999984741211,316.6650085449219,260.6090087890625,337.5299987792969,543.47998046875,80.0999984741211,30392,28617,19138,11919,36547
2026-08-20 11:28:00-04:00,316.875,260.80999755859375,337.1700134277344,543.760009765625,80.11499786376953,317.0400085449219,260.9599914550781,337.44989013671875,544.1799926757812,80.12629699707031,316.69000244140625,260.7699890136719,337.1340026855469,543.6099853515625,80.10230255126953,316.739990234375,260.79998779296875,337.385009765625,543.655029296875,80.1050033569336,45123,44331,40622,131848,24613
2026-08-20 11:29:00-04:00,317.2200012207031,260.82501220703125,336.95001220703125,543.8300170898438,80.13999938964844,317.25,260.92999267578125,337.1700134277344,543.8800048828125,80.1500015258789,316.9049987792969,260.739990234375,336.8699951171875,543.6599731445312,80.10209655761719,316.9198913574219,260.80999755859375,337.1600036621094,543.8300170898438,80.11000061035156,66523,51781,24511,8647,16412
2026-08-20 11:30:00-04:00,317.2200012207031,260.74639892578125,336.5105895996094,543.75,80.11499786376953,317.25,260.82501220703125,336.989990234375,543.8709716796875,80.1449966430664,317.1000061035156,260.6700134277344,336.4700012207031,543.5499877929688,80.11499786376953,317.2298889160156,260.80999755859375,336.95001220703125,543.8709716796875,80.13999938964844,32962,42703,36971,13223,34326
2026-08-20 11:31:00-04:00,316.9700012207031,261.0299987792969,336.8349914550781,543.655029296875,80.12999725341797,317.2261047363281,261.0299987792969,336.8699951171875,543.8515014648438,80.13999938964844,316.92999267578125,260.7099914550781,336.54998779296875,543.5,80.11000061035156,317.2250061035156,260.739990234375,336.54998779296875,543.6500244140625,80.11499786376953,25827,52476,26806,8219,21057
2026-08-20 11:32:00-04:00,316.8299865722656,261.2699890136719,336.7900085449219,543.6599731445312,80.13009643554688,317.0,261.2699890136719,336.9049987792969,543.77001953125,80.16629791259766,316.7601013183594,260.9599914550781,336.75,543.3800048828125,80.11000061035156,316.9700012207031,261.0299987792969,336.8699035644531,543.6199951171875,80.13500213623047,30214,48593,18001,14759,26898
2026-08-20 11:33:00-04:00,316.6099853515625,261.0899963378906,336.45001220703125,543.030029296875,80.06999969482422,316.8599853515625,261.235595703125,336.760009765625,543.6400146484375,80.12999725341797,316.57000732421875,261.04998779296875,336.42999267578125,542.9099731445312,80.05999755859375,316.8500061035156,261.1907958984375,336.760009765625,543.6400146484375,80.12999725341797,40804,51446,36733,20659,26787
2026-08-20 11:34:00-04:00,316.6300048828125,261.0199890136719,336.510009765625,543.0350952148438,80.12000274658203,316.6549987792969,261.20001220703125,336.54998779296875,543.2399291992188,80.12999725341797,316.53009033203125,261.010009765625,336.3299865722656,543.0,80.08999633789062,316.5899963378906,261.0799865722656,336.44000244140625,543.0700073242188,80.09989929199219,30753,50267,29263,10876,20210
2026-08-20 11:35:00-04:00,316.5400085449219,260.8599853515625,336.2900085449219,542.469970703125,80.08000183105469,316.739990234375,261.05999755859375,336.55108642578125,543.0800170898438,80.11509704589844,316.5150146484375,260.75,336.2401123046875,542.3599853515625,80.05999755859375,316.6166076660156,261.0249938964844,336.5,543.0349731445312,80.11000061035156,27590,76916,35892,22832,27169
2026-08-20 11:36:00-04:00,316.4649963378906,260.8299865722656,336.29998779296875,542.8135986328125,80.11000061035156,316.5899963378906,260.8699035644531,336.3399963378906,542.8800048828125,80.11000061035156,316.4100036621094,260.739990234375,336.1700134277344,542.22998046875,80.08000183105469,316.5003967285156,260.7950134277344,336.25,542.3900146484375,80.08999633789062,19478,22549,39393,32126,18429
2026-08-20 11:37:00-04:00,316.6400146484375,261.0199890136719,336.5799865722656,542.8049926757812,80.15499877929688,316.6400146484375,261.0299987792969,336.5799865722656,542.8049926757812,80.16500091552734,316.4620056152344,260.7900085449219,336.29998779296875,542.5,80.08999633789062,316.4800109863281,260.79998779296875,336.3299865722656,542.6199951171875,80.1050033569336,18864,30749,31344,14457,16773
2026-08-20 11:38:00-04:00,316.4100036621094,260.8301086425781,336.57000732421875,542.5599975585938,80.13500213623047,316.625,261.07000732421875,336.6549987792969,542.9703979492188,80.16500091552734,316.3599853515625,260.8299865722656,336.5299987792969,542.5599975585938,80.125,316.625,261.0,336.5299987792969,542.72998046875,80.15499877929688,27818,48943,16764,19897,29758
2026-08-20 11:39:00-04:00,316.4100036621094,260.8999938964844,336.4901123046875,542.9199829101562,80.17500305175781,316.55999755859375,260.9599914550781,336.67999267578125,542.9500122070312,80.17500305175781,316.3800048828125,260.8299865722656,336.489990234375,542.5599975585938,80.13999938964844,316.385009765625,260.8550109863281,336.55999755859375,542.6099853515625,80.1500015258789,19467,29295,17744,14140,16078
2026-08-20 11:40:00-04:00,316.3999938964844,260.8500061035156,336.56500244140625,542.844970703125,80.11100006103516,316.4700012207031,260.95001220703125,336.6600036621094,542.989990234375,80.18000030517578,316.2200012207031,260.7200012207031,336.5,542.75,80.11100006103516,316.4049987792969,260.94000244140625,336.5,542.97998046875,80.17500305175781,35382,39479,17922,14886,21550
2026-08-20 11:41:00-04:00,316.6600036621094,260.8800048828125,336.4849853515625,542.8099975585938,80.1050033569336,316.70001220703125,260.95001220703125,336.5950927734375,543.0,80.13500213623047,316.4200134277344,260.760009765625,336.45001220703125,542.5505981445312,80.0999984741211,316.42999267578125,260.8699951171875,336.5799865722656,542.844970703125,80.11499786376953,37218,54642,20882,17181,21040
2026-08-20 11:42:00-04:00,316.6099853515625,260.95001220703125,336.7699890136719,543.1599731445312,80.12000274658203,316.7842102050781,261.00531005859375,336.9100036621094,543.280029296875,80.12999725341797,316.57281494140625,260.8999938964844,336.4800109863281,542.8502807617188,80.08999633789062,316.67999267578125,260.9100036621094,336.5,542.8800048828125,80.11000061035156,35045,40177,15315,14347,28857
2026-08-20 11:43:00-04:00,316.55999755859375,260.7099914550781,336.57000732421875,542.8900146484375,80.127197265625,316.6700134277344,261.04998779296875,336.8399963378906,543.1550903320312,80.12999725341797,316.4867858886719,260.6700134277344,336.5400085449219,542.8900146484375,80.08999633789062,316.6112976074219,260.9599914550781,336.79998779296875,543.1550903320312,80.125,28121,59169,16946,16113,26717
2026-08-20 11:44:00-04:00,316.5299987792969,260.8900146484375,336.62921142578125,543.4149780273438,80.13500213623047,316.6099853515625,260.9200134277344,336.6700134277344,543.4249877929688,80.13500213623047,316.4100036621094,260.6700134277344,336.5299987792969,542.8499755859375,80.09500122070312,316.5400085449219,260.69000244140625,336.57000732421875,542.9400024414062,80.125,33151,21988,17815,17100,23510
2026-08-20 11:45:00-04:00,316.57000732421875,260.9383850097656,336.7327880859375,543.5599975585938,80.1449966430664,316.6050109863281,260.9800109863281,336.75,543.6749877929688,80.1500015258789,316.4100036621094,260.8900146484375,336.5799865722656,543.2999877929688,80.12999725341797,316.5050048828125,260.9100036621094,336.614990234375,543.4000244140625,80.13629913330078,23722,41249,15606,15680,17408
2026-08-20 11:46:00-04:00,316.3299865722656,260.7300109863281,336.69000244140625,543.530029296875,80.13500213623047,316.6000061035156,260.91009521484375,336.739990234375,543.719970703125,80.1449966430664,316.25,260.6700134277344,336.6300048828125,543.530029296875,80.12000274658203,316.6000061035156,260.91009521484375,336.7300109863281,543.6400146484375,80.1449966430664,48282,48710,16064,13085,48777
2026-08-20 11:47:00-04:00,316.20001220703125,260.9100036621094,336.9599914550781,543.594970703125,80.0999984741211,316.4100036621094,260.95001220703125,337.0150146484375,543.823974609375,80.13500213623047,316.20001220703125,260.7049865722656,336.5400085449219,543.3670043945312,80.0999984741211,316.30999755859375,260.7049865722656,336.6600036621094,543.530029296875,80.13500213623047,81955,26618,21760,25696,19009
2026-08-20 11:48:00-04:00,316.0799865722656,260.8999938964844,336.9399108886719,543.4149780273438,80.04000091552734,316.2099914550781,260.9599914550781,336.94000244140625,543.8037719726562,80.09919738769531,316.010009765625,260.80999755859375,336.79998779296875,543.3400268554688,80.03009796142578,316.18499755859375,260.8999938964844,336.8789978027344,543.5499877929688,80.08999633789062,41805,45231,12975,19413,34370
2026-08-20 11:49:00-04:00,316.2099914550781,261.06988525390625,337.239990234375,543.9099731445312,80.08999633789062,316.239990234375,261.0799865722656,337.2950134277344,543.9099731445312,80.09500122070312,316.0400085449219,260.8500061035156,336.8900146484375,543.3400268554688,80.04010009765625,316.04998779296875,260.8900146484375,336.9200134277344,543.4749755859375,80.05000305175781,86020,65682,15158,197265,18560
2026-08-20 11:50:00-04:00,316.1099853515625,261.0899963378906,337.18499755859375,543.7899780273438,80.09500122070312,316.2300109863281,261.1099853515625,337.2298889160156,543.97998046875,80.0999984741211,316.0624084472656,260.94000244140625,337.05999755859375,543.580078125,80.05500030517578,316.2300109863281,261.0299987792969,337.2298889160156,543.8699951171875,80.08000183105469,51575,23067,19897,12918,14797
2026-08-20 11:51:00-04:00,316.18499755859375,261.18499755859375,337.2300109863281,543.844970703125,80.07499694824219,316.20001220703125,261.239990234375,337.3598937988281,544.0,80.09500122070312,315.9700012207031,261.05999755859375,337.1499938964844,543.719970703125,80.05999755859375,316.1099853515625,261.05999755859375,337.2099914550781,543.7899780273438,80.09500122070312,48979,47586,49797,32558,23646
2026-08-20 11:52:00-04:00,316.0849914550781,261.2699890136719,336.989990234375,543.5,80.08499908447266,316.2099914550781,261.3800048828125,337.4049987792969,543.9249877929688,80.12000274658203,316.0382080078125,261.1600036621094,336.989990234375,543.3599853515625,80.06999969482422,316.20001220703125,261.2099914550781,337.2698059082031,543.844970703125,80.07499694824219,40919,22414,24962,18221,30699
2026-08-20 11:53:00-04:00,316.0450134277344,261.3999938964844,336.92999267578125,543.1500244140625,80.06999969482422,316.1000061035156,261.44000244140625,337.03509521484375,543.4650268554688,80.08999633789062,315.9599914550781,261.07000732421875,336.8399963378906,543.0,80.04000091552734,316.08990478515625,261.2749938964844,336.9949951171875,543.45751953125,80.08999633789062,34306,67944,21328,15286,54453
2026-08-20 11:54:00-04:00,316.4551086425781,261.5150146484375,337.07000732421875,543.4000244140625,80.09500122070312,316.4700012207031,261.5491943359375,337.09539794921875,543.5499877929688,80.0999984741211,316.010009765625,261.3999938964844,336.82000732421875,542.8820190429688,80.06999969482422,316.05999755859375,261.42999267578125,336.92999267578125,543.1798706054688,80.08000183105469,73228,56026,17930,16188,27039
2026-08-20 11:55:00-04:00,316.510009765625,261.4100036621094,337.0350036621094,543.2117919921875,80.08499908447266,316.57000732421875,261.54998779296875,337.1000061035156,543.3994750976562,80.09500122070312,316.4100036621094,261.3699951171875,336.9700012207031,543.1248168945312,80.06500244140625,316.4700012207031,261.5249938964844,337.0400085449219,543.3099975585938,80.08499908447266,28692,23172,18665,5714,26147
2026-08-20 11:56:00-04:00,316.6499938964844,261.3450012207031,337.019287109375,543.1300048828125,80.1050033569336,316.6700134277344,261.3900146484375,337.07000732421875,543.364990234375,80.11000061035156,316.5284118652344,261.32000732421875,336.9599914550781,543.0700073242188,80.08000183105469,316.5284118652344,261.3900146484375,337.05499267578125,543.2100219726562,80.08499908447266,24710,32807,16270,11194,27736
2026-08-20 11:57:00-04:00,316.6199951171875,261.239990234375,336.875,543.1392211914062,80.05000305175781,316.70001220703125,261.3999938964844,337.05999755859375,543.3499755859375,80.1050033569336,316.5799865722656,261.239990234375,336.8599853515625,543.1392211914062,80.05000305175781,316.6700134277344,261.364990234375,337.05999755859375,543.1799926757812,80.1050033569336,41112,34792,16602,12965,51009
2026-08-20 11:58:00-04:00,316.8900146484375,261.1099853515625,336.8550109863281,542.844970703125,80.03500366210938,316.92999267578125,261.3599853515625,336.9800109863281,543.260009765625,80.05999755859375,316.5899963378906,261.1099853515625,336.8500061035156,542.7459716796875,80.02999877929688,316.6050109863281,261.2349853515625,336.9100036621094,542.844970703125,80.05000305175781,41547,22571,13433,23289,17004
2026-08-20 11:59:00-04:00,316.9100036621094,261.07501220703125,336.9750061035156,542.780029296875,80.05500030517578,316.9700012207031,261.1000061035156,337.010009765625,542.9400024414062,80.05500030517578,316.760009765625,260.9949951171875,336.82000732421875,542.6699829101562,80.02999877929688,316.8800048828125,261.1000061035156,336.82000732421875,542.8900146484375,80.03990173339844,37001,54323,18168,17507,25462
2026-08-20 12:00:00-04:00,316.7200012207031,261.0,336.8500061035156,542.4849853515625,80.10340118408203,316.92041015625,261.1600036621094,337.0199890136719,543.0850219726562,80.10340118408203,316.7101135253906,260.8800048828125,336.8299865722656,542.3200073242188,80.05000305175781,316.9100036621094,261.0899963378906,336.9750061035156,542.8699951171875,80.05500030517578,26227,27895,17319,21880,23445
2026-08-20 12:01:00-04:00,316.67498779296875,261.1300048828125,336.82000732421875,541.8660278320312,80.13999938964844,316.7101135253906,261.2799987792969,336.9800109863281,542.614990234375,80.13999938964844,316.55999755859375,261.00311279296875,336.82000732421875,541.6799926757812,80.09500122070312,316.7099914550781,261.0199890136719,336.8500061035156,542.4400024414062,80.1050033569336,17634,36569,11550,32567,18584
2026-08-20 12:02:00-04:00,316.95001220703125,261.2650146484375,337.0350036621094,542.4349975585938,80.18499755859375,316.9800109863281,261.2799987792969,337.1000061035156,542.4998779296875,80.18499755859375,316.6600036621094,261.07000732421875,336.8500061035156,541.7949829101562,80.12999725341797,316.6700134277344,261.114990234375,336.8949890136719,541.8049926757812,80.13929748535156,23715,17991,11914,26788,39415
2026-08-20 12:03:00-04:00,317.03009033203125,261.2699890136719,337.19989013671875,542.4400024414062,80.19999694824219,317.07000732421875,261.3598937988281,337.30999755859375,542.97998046875,80.21499633789062,316.9346923828125,261.2349853515625,337.0350036621094,542.260009765625,80.17009735107422,316.94000244140625,261.25,337.0400085449219,542.3699951171875,80.18499755859375,38391,18035,11341,11279,28113
2026-08-20 12:04:00-04:00,316.7799987792969,261.0799865722656,337.0400085449219,542.4149780273438,80.24629974365234,317.0887145996094,261.32940673828125,337.2594909667969,542.64501953125,80.2499008178711,316.7799987792969,261.05999755859375,337.0,542.3200073242188,80.19000244140625,317.0210876464844,261.2699890136719,337.1700134277344,542.6400146484375,80.19999694824219,28522,19429,14859,7420,29367
2026-08-20 12:05:00-04:00,316.6499938964844,261.05499267578125,337.0899963378906,542.4099731445312,80.20500183105469,316.82501220703125,261.2749938964844,337.1700134277344,542.760009765625,80.28099822998047,316.6300048828125,261.0400085449219,337.0299987792969,542.4099731445312,80.19999694824219,316.7799987792969,261.0799865722656,337.0400085449219,542.47998046875,80.24500274658203,19393,32253,9108,14860,30763
2026-08-20 12:06:00-04:00,316.7099914550781,261.1449890136719,337.0205993652344,542.77001953125,80.2300033569336,316.7099914550781,261.17999267578125,337.1099853515625,542.8433837890625,80.23999786376953,316.5745849609375,261.05499267578125,337.0199890136719,542.3814086914062,80.2042007446289,316.6300048828125,261.05999755859375,337.0801086425781,542.4600219726562,80.20500183105469,19555,15377,10598,5740,26737
2026-08-20 12:07:00-04:00,316.6700134277344,261.07501220703125,337.06439208984375,542.5800170898438,80.19999694824219,316.82000732421875,261.2099914550781,337.1600036621094,542.8300170898438,80.23999786376953,316.6401062011719,261.04998779296875,337.03509521484375,542.3800048828125,80.19999694824219,316.7200012207031,261.1700134277344,337.0400085449219,542.77001953125,80.23519897460938,27249,29331,10143,13704,52843
2026-08-20 12:08:00-04:00,316.82501220703125,261.25,337.3699951171875,543.0999755859375,80.16999816894531,316.8699951171875,261.25,337.3699951171875,543.1400146484375,80.21499633789062,316.7099914550781,260.95001220703125,337.07501220703125,542.47998046875,80.16999816894531,316.7099914550781,261.07501220703125,337.0801086425781,542.52001953125,80.19499969482422,29768,39509,8591,13662,21038
2026-08-20 12:09:00-04:00,316.7650146484375,261.385009765625,337.489990234375,543.1900024414062,80.18499755859375,316.8399963378906,261.385009765625,337.6000061035156,543.3800048828125,80.19999694824219,316.6700134277344,261.2200012207031,337.3500061035156,543.0,80.16999816894531,316.8399963378906,261.2550048828125,337.3550109863281,543.0800170898438,80.16999816894531,25752,29424,18983,25854,19349
2026-08-20 12:10:00-04:00,316.8450012207031,261.4700012207031,337.4150085449219,543.1599731445312,80.2249984741211,316.92999267578125,261.4800109863281,337.510009765625,543.1900024414062,80.2300033569336,316.7701110839844,261.375,337.3299865722656,542.88330078125,80.18000030517578,316.7701110839844,261.4150085449219,337.4949951171875,543.1900024414062,80.18000030517578,30091,38488,9062,22023,31406
2026-08-20 12:11:00-04:00,316.7900085449219,261.6199035644531,337.3280029296875,543.2050170898438,80.20500183105469,316.8699951171875,261.6199951171875,337.4599914550781,543.239990234375,80.22000122070312,316.75,261.510009765625,337.3100891113281,543.0650024414062,80.16999816894531,316.8599853515625,261.510009765625,337.4200134277344,543.1900024414062,80.22000122070312,15873,33137,10512,12737,29342
2026-08-20 12:12:00-04:00,316.4949951171875,261.3500061035156,337.110107421875,542.5966796875,80.23500061035156,316.80999755859375,261.5799865722656,337.3900146484375,543.239990234375,80.23500061035156,316.42999267578125,261.3399963378906,337.110107421875,542.5966796875,80.19999694824219,316.7950134277344,261.5799865722656,337.32501220703125,543.2050170898438,80.20500183105469,33241,33751,12953,14763,28331
2026-08-20 12:13:00-04:00,316.3599853515625,261.364990234375,337.0299987792969,542.5341796875,80.21499633789062,316.4801025390625,261.3900146484375,337.1600036621094,542.739990234375,80.25630187988281,316.239990234375,261.30999755859375,337.0,542.4199829101562,80.21399688720703,316.4801025390625,261.3500061035156,337.1499938964844,542.52001953125,80.23999786376953,48411,24351,13167,11066,25430
2026-08-20 12:14:00-04:00,316.239990234375,261.32000732421875,337.1050109863281,542.280029296875,80.22000122070312,316.3800048828125,261.3599853515625,337.1499938964844,542.5,80.24500274658203,316.239990234375,261.2699890136719,337.0,542.2686157226562,80.21959686279297,316.3699951171875,261.3299865722656,337.05499267578125,542.5,80.22000122070312,19780,22966,14541,10135,29131
2026-08-20 12:15:00-04:00,316.0950012207031,261.2850036621094,337.3949890136719,542.3699951171875,80.22000122070312,316.239990234375,261.30999755859375,337.3949890136719,542.3699951171875,80.22000122070312,316.05999755859375,261.2699890136719,337.0799865722656,542.010009765625,80.19000244140625,316.0950012207031,261.30999755859375,337.125,542.3350219726562,80.20999908447266,27895,16568,13569,11306,20650
2026-08-20 12:16:00-04:00,316.3299865722656,261.2900085449219,337.42999267578125,542.5349731445312,80.2300033569336,316.3799133300781,261.36151123046875,337.510009765625,542.5750122070312,80.23500061035156,316.0899963378906,261.2749938964844,337.3999938964844,542.3300170898438,80.19999694824219,316.1099853515625,261.36151123046875,337.42498779296875,542.4299926757812,80.21009826660156,41585,13697,11594,8748,21233
2026-08-20 12:17:00-04:00,316.32611083984375,261.2695007324219,337.3999938964844,542.3599853515625,80.25,316.3599853515625,261.3399963378906,337.45001220703125,542.7598876953125,80.25,316.2799987792969,261.239990234375,337.3699951171875,542.3599853515625,80.22000122070312,316.3299865722656,261.30499267578125,337.44000244140625,542.5349731445312,80.2300033569336,17100,20925,9618,8809,18236
2026-08-20 12:18:00-04:00,316.32501220703125,261.31500244140625,337.45001220703125,542.2498779296875,80.25990295410156,316.3800048828125,261.3299865722656,337.5,542.4298706054688,80.26499938964844,316.2950134277344,261.2699890136719,337.3500061035156,542.0,80.25,316.3500061035156,261.2699890136719,337.3900146484375,542.364990234375,80.25499725341797,16421,17414,342228,14476,29128
2026-08-20 12:19:00-04:00,316.347412109375,261.5398864746094,337.5799865722656,542.3826904296875,80.26229858398438,316.4200134277344,261.5492858886719,337.6400146484375,542.7000122070312,80.29000091552734,316.2799987792969,261.29998779296875,337.42498779296875,542.219970703125,80.25499725341797,316.3299865722656,261.3399963378906,337.42498779296875,542.219970703125,80.25499725341797,22984,29902,49069,8703,48810
2026-08-20 12:20:00-04:00,316.2799987792969,261.4800109863281,337.5350036621094,542.3200073242188,80.26000213623047,316.3500061035156,261.54998779296875,337.5802001953125,542.4240112304688,80.28500366210938,316.1700134277344,261.44000244140625,337.489990234375,542.1010131835938,80.25,316.3399963378906,261.5299987792969,337.55499267578125,542.344970703125,80.2655029296875,45686,47570,34279,13045,19357
2026-08-20 12:21:00-04:00,316.3349914550781,261.5799865722656,337.6499938964844,542.27001953125,80.24500274658203,316.3399963378906,261.5799865722656,337.7200012207031,542.3499755859375,80.2573013305664,316.25,261.3699951171875,337.4800109863281,542.1699829101562,80.2249984741211,316.2799987792969,261.45001220703125,337.5199890136719,542.2899780273438,80.25499725341797,23397,25174,18633,24915,26412
2026-08-20 12:22:00-04:00,316.25,261.5299987792969,337.7149963378906,541.8298950195312,80.20999908447266,316.3299865722656,261.6499938964844,337.8500061035156,542.27001953125,80.23999786376953,316.1499938964844,261.5000915527344,337.5801086425781,541.6649780273438,80.20999908447266,316.3299865722656,261.55999755859375,337.5801086425781,542.27001953125,80.23999786376953,26869,36133,26915,17640,13917
2026-08-20 12:23:00-04:00,316.45001220703125,261.7040100097656,337.92999267578125,542.0700073242188,80.24500274658203,316.4549865722656,261.83660888671875,338.0,542.1500244140625,80.26000213623047,316.2300109863281,261.5205993652344,337.69000244140625,541.6199951171875,80.2020034790039,316.243408203125,261.5400085449219,337.7149963378906,541.7877197265625,80.20999908447266,31237,53131,14452,13651,34872
2026-08-20 12:24:00-04:00,316.7099914550781,261.79998779296875,338.010009765625,542.4199829101562,80.23999786376953,316.7850036621094,261.8299865722656,338.05999755859375,542.469970703125,80.25,316.4700012207031,261.6700134277344,337.9100036621094,542.0499877929688,80.21499633789062,316.4700012207031,261.6700134277344,337.9100036621094,542.0700073242188,80.24500274658203,44650,22645,11947,19125,19008
2026-08-20 12:25:00-04:00,316.4700012207031,261.9100036621094,338.2019958496094,542.7449951171875,80.23500061035156,316.64990234375,261.9750061035156,338.2699890136719,542.9099731445312,80.28500366210938,316.42498779296875,261.79998779296875,338.0400085449219,542.39501953125,80.2300033569336,316.6400146484375,261.80499267578125,338.07000732421875,542.39501953125,80.23999786376953,45282,49606,11987,16494,37095
2026-08-20 12:26:00-04:00,316.6000061035156,262.0899963378906,338.2604064941406,543.0900268554688,80.24500274658203,316.6199951171875,262.13800048828125,338.3147888183594,543.0900268554688,80.25,316.4599914550781,261.9100036621094,338.2300109863281,542.6199951171875,80.22000122070312,316.4649963378906,261.9100036621094,338.260009765625,542.831787109375,80.23500061035156,22587,45483,7030,11244,23517
2026-08-20 12:27:00-04:00,316.7001037597656,262.0400085449219,338.2799987792969,542.9949951171875,80.23500061035156,316.75,262.1499938964844,338.3399963378906,543.1898803710938,80.24500274658203,316.5899963378906,262.0101013183594,338.25,542.8900146484375,80.22039794921875,316.5950012207031,262.1199951171875,338.2695007324219,543.125,80.23999786376953,31066,33053,16209,7283,18821
2026-08-20 12:28:00-04:00,316.5400085449219,262.1099853515625,338.2200012207031,543.0999755859375,80.2249984741211,316.7250061035156,262.1400146484375,338.30999755859375,543.1300048828125,80.23500061035156,316.5,261.9800109863281,338.1300048828125,542.8499755859375,80.21499633789062,316.7044982910156,262.05499267578125,338.2799987792969,542.969970703125,80.23500061035156,39265,17906,8786,10502,21979
2026-08-20 12:29:00-04:00,316.4649963378906,262.2300109863281,338.32000732421875,543.0900268554688,80.33000183105469,316.5450134277344,262.2799987792969,338.3900146484375,543.371826171875,80.33000183105469,316.3999938964844,262.1369934082031,338.260009765625,543.0501098632812,80.2249984741211,316.54400634765625,262.1369934082031,338.2699890136719,543.2000122070312,80.2249984741211,28659,24764,11968,11812,88085
2026-08-20 12:30:00-04:00,316.5534973144531,262.010009765625,338.2384948730469,543.219970703125,80.3499984741211,316.56988525390625,262.2200012207031,338.31640625,543.3900146484375,80.37000274658203,316.2900085449219,261.92999267578125,338.2200012207031,543.0999755859375,80.30000305175781,316.4649963378906,262.2200012207031,338.29998779296875,543.1950073242188,80.30999755859375,38117,25220,7647,11060,98040
2026-08-20 12:31:00-04:00,316.6000061035156,262.0609130859375,338.41009521484375,543.6599731445312,80.42009735107422,316.6549987792969,262.0849914550781,338.4419860839844,543.6599731445312,80.47000122070312,316.5400085449219,261.989990234375,338.2349853515625,543.2000122070312,80.34919738769531,316.54998779296875,262.0199890136719,338.2349853515625,543.2000122070312,80.3499984741211,21761,14293,13479,13247,166512
2026-08-20 12:32:00-04:00,316.7049865722656,262.2699890136719,338.4049987792969,544.27001953125,80.46499633789062,316.8399963378906,262.2699890136719,338.4700012207031,544.2899780273438,80.46990203857422,316.5899963378906,262.1000061035156,338.3299865722656,543.5700073242188,80.4000015258789,316.6000061035156,262.1098937988281,338.4100036621094,543.6599731445312,80.42500305175781,48860,26789,5980,13260,83420
2026-08-20 12:33:00-04:00,316.7850036621094,262.45001220703125,338.4750061035156,544.8900146484375,80.4292984008789,316.82501220703125,262.45001220703125,338.5299987792969,544.9500122070312,80.4801025390625,316.69000244140625,262.2200012207031,338.3599853515625,544.0,80.4292984008789,316.7200012207031,262.25,338.3699951171875,544.3170166015625,80.46630096435547,25943,128119,9866,21658,52214
2026-08-20 12:34:00-04:00,317.0799865722656,263.0,339.0379943847656,545.0,80.47000122070312,317.0899963378906,263.1499938964844,339.1700134277344,545.1799926757812,80.48999786376953,316.79998779296875,262.4200134277344,338.3999938964844,544.7000122070312,80.4000015258789,316.79998779296875,262.45001220703125,338.4599914550781,544.8499755859375,80.42549896240234,34855,114039,51264,16360,42933
2026-08-20 12:35:00-04:00,316.94000244140625,263.05499267578125,339.1199951171875,545.219970703125,80.45610046386719,317.08319091796875,263.07000732421875,339.239990234375,545.3499755859375,80.4800033569336,316.8949890136719,262.9100036621094,338.9150085449219,544.8800048828125,80.44499969482422,317.08319091796875,262.95001220703125,339.0450134277344,545.010009765625,80.47000122070312,39290,40328,24505,12521,43057
2026-08-20 12:36:00-04:00,317.0,263.2200012207031,339.0400085449219,545.3900146484375,80.44000244140625,317.0199890136719,263.29998779296875,339.17999267578125,545.4899291992188,80.45999908447266,316.9129943847656,262.989990234375,339.0299987792969,545.1400146484375,80.41999816894531,316.92498779296875,263.04998779296875,339.114990234375,545.25,80.45999908447266,15398,47191,11053,10867,21817
2026-08-20 12:37:00-04:00,316.95819091796875,263.2349853515625,339.1300048828125,545.4050903320312,80.43499755859375,317.1000061035156,263.31500244140625,339.1600036621094,545.594970703125,80.44499969482422,316.92010498046875,263.2099914550781,339.010009765625,545.2899780273438,80.41999816894531,317.0,263.2349853515625,339.0350036621094,545.2899780273438,80.43499755859375,26287,33134,15717,11318,22131
2026-08-20 12:38:00-04:00,316.9549865722656,263.30999755859375,339.1000061035156,545.7000122070312,80.44499969482422,317.0350036621094,263.3599853515625,339.1400146484375,545.7689208984375,80.45999908447266,316.9200134277344,263.2099914550781,338.9800109863281,545.2000732421875,80.41500091552734,316.9549865722656,263.2749938964844,339.1000061035156,545.405029296875,80.43000030517578,31514,17743,11802,7904,30328
2026-08-20 12:39:00-04:00,316.9747009277344,263.42999267578125,339.0899963378906,545.6094970703125,80.43599700927734,317.0,263.44000244140625,339.11090087890625,545.7999267578125,80.46990203857422,316.95001220703125,263.30999755859375,339.0505065917969,545.5040283203125,80.42500305175781,316.9649963378906,263.3299865722656,339.0899963378906,545.7449951171875,80.44499969482422,15524,48291,8233,11303,42247
2026-08-20 12:40:00-04:00,317.1256103515625,263.31500244140625,339.0799865722656,545.5700073242188,80.44000244140625,317.20001220703125,263.4541931152344,339.1700134277344,545.7100219726562,80.46600341796875,316.9700012207031,263.2401123046875,339.010009765625,545.5,80.43199920654297,316.9700012207031,263.31500244140625,339.1153869628906,545.5549926757812,80.43499755859375,65714,43161,21574,7618,36140
2026-08-20 12:41:00-04:00,317.1700134277344,263.2650146484375,338.9804992675781,545.2899780273438,80.44999694824219,317.2200012207031,263.3299865722656,339.1098937988281,545.6400146484375,80.47000122070312,317.1199951171875,263.20001220703125,338.9700927734375,545.219970703125,80.44000244140625,317.1600036621094,263.2799987792969,339.1098937988281,545.5,80.44999694824219,23715,30271,7914,12839,25029
2026-08-20 12:42:00-04:00,317.1600036621094,263.2900085449219,339.04998779296875,545.6099853515625,80.44499969482422,317.22198486328125,263.32501220703125,339.1000061035156,545.6900024414062,80.45999908447266,317.1600036621094,263.2200012207031,339.0035095214844,545.2899780273438,80.41999816894531,317.20001220703125,263.2651062011719,339.0050048828125,545.3499755859375,80.44499969482422,17881,45511,9902,12962,18673
2026-08-20 12:43:00-04:00,317.1600036621094,263.2650146484375,339.30999755859375,545.5850219726562,80.4800033569336,317.2300109863281,263.29998779296875,339.3500061035156,545.659912109375,80.48999786376953,317.1300048828125,263.1401062011719,339.04998779296875,545.4099731445312,80.41999816894531,317.1300048828125,263.2749938964844,339.04998779296875,545.6099853515625,80.44499969482422,18010,38508,10800,12651,1027968
2026-08-20 12:44:00-04:00,317.44000244140625,263.2900085449219,339.48089599609375,545.5250244140625,80.51000213623047,317.44000244140625,263.3599853515625,339.54901123046875,545.6300048828125,80.51499938964844,317.1300048828125,263.17999267578125,339.29010009765625,545.4000244140625,80.4749984741211,317.1600036621094,263.260009765625,339.29010009765625,545.5850219726562,80.4800033569336,43124,37262,17795,15977,52366
2026-08-20 12:45:00-04:00,317.3599853515625,263.2611999511719,339.4150085449219,545.4099731445312,80.5250015258789,317.44989013671875,263.3500061035156,339.4849853515625,545.5499877929688,80.55000305175781,317.1700134277344,263.20001220703125,339.32000732421875,545.35498046875,80.5,317.42999267578125,263.3500061035156,339.4849853515625,545.52001953125,80.51000213623047,85005,22432,10944,11996,34775
2026-08-20 12:46:00-04:00,317.4100036621094,263.3500061035156,339.4700012207031,545.469970703125,80.53630065917969,317.5350036621094,263.3500061035156,339.5299987792969,545.6224975585938,80.55000305175781,317.360107421875,263.25,339.3900146484375,545.3499755859375,80.5199966430664,317.364990234375,263.2749938964844,339.4150085449219,545.469970703125,80.5250015258789,35832,14573,6296,9178,33460
2026-08-20 12:47:00-04:00,317.44989013671875,263.3399963378906,339.24090576171875,544.760009765625,80.5250015258789,317.45001220703125,263.4049987792969,339.4643859863281,545.4450073242188,80.54000091552734,317.3500061035156,263.260009765625,339.239990234375,544.719970703125,80.5199966430664,317.42999267578125,263.3399963378906,339.45001220703125,545.4299926757812,80.52999877929688,27977,36832,15842,25434,17297
2026-08-20 12:48:00-04:00,317.32501220703125,263.1499938964844,339.2300109863281,544.260009765625,80.54000091552734,317.5400085449219,263.3351135253906,339.3349914550781,544.8400268554688,80.56500244140625,317.30010986328125,263.1499938964844,339.2300109863281,544.1599731445312,80.5199966430664,317.45001220703125,263.3299865722656,339.2650146484375,544.77001953125,80.5250015258789,30510,32201,14136,20396,27580
2026-08-20 12:49:00-04:00,316.9800109863281,263.2900085449219,339.2950134277344,544.0999755859375,80.51000213623047,317.3500061035156,263.29998779296875,339.29998779296875,544.2399291992188,80.53780364990234,316.9599914550781,263.1199951171875,339.2099914550781,544.0,80.51000213623047,317.32501220703125,263.17498779296875,339.2650146484375,544.1699829101562,80.53500366210938,136152,39096,13017,14340,24619
2026-08-20 12:50:00-04:00,316.95989990234375,263.0201110839844,339.29998779296875,543.9550170898438,80.50499725341797,317.0400085449219,263.3699951171875,339.3927001953125,544.1900024414062,80.50499725341797,316.94000244140625,263.0201110839844,339.2699890136719,543.9299926757812,80.4800033569336,316.989990234375,263.2900085449219,339.30999755859375,544.010009765625,80.50499725341797,24455,43333,16666,14587,36497
2026-08-20 12:51:00-04:00,317.0400085449219,262.5400085449219,339.20001220703125,543.8300170898438,80.5000991821289,317.1199951171875,263.0400085449219,339.3399963378906,544.0399780273438,80.51000213623047,316.8800048828125,262.5400085449219,339.1700134277344,543.7000122070312,80.48999786376953,316.9599914550781,262.5400085449219,339.31500244140625,544.0399780273438,80.5,43035,70627,41802,19255,29231
2026-08-20 12:52:00-04:00,317.0,262.55999755859375,339.17999267578125,543.6199951171875,80.55999755859375,317.05499267578125,262.6400146484375,339.2314147949219,543.85498046875,80.55999755859375,316.94500732421875,262.4750061035156,339.1300048828125,543.6099853515625,80.5,317.0400085449219,262.55999755859375,339.19000244140625,543.85498046875,80.5,24839,17421,20034,7067,19042
2026-08-20 12:53:00-04:00,317.0299987792969,262.5050048828125,339.2550048828125,543.760009765625,80.57499694824219,317.0450134277344,262.6000061035156,339.3099060058594,543.8298950195312,80.58000183105469,316.9849853515625,262.489990234375,339.1400146484375,543.5499877929688,80.55999755859375,317.0299987792969,262.6000061035156,339.17999267578125,543.719970703125,80.55999755859375,12744,18620,34548,316471,23596
2026-08-20 12:54:00-04:00,317.04998779296875,262.489990234375,339.3699951171875,544.010009765625,80.6449966430664,317.05499267578125,262.5400085449219,339.3999938964844,544.188720703125,80.6449966430664,316.9700012207031,262.4599914550781,339.2099914550781,543.6799926757812,80.56999969482422,317.0400085449219,262.5299987792969,339.25,543.7301025390625,80.57499694824219,20650,15299,21640,15504,37891
2026-08-20 12:55:00-04:00,317.03399658203125,262.614990234375,339.3399963378906,544.0599975585938,80.62000274658203,317.1099853515625,262.6199951171875,339.3799133300781,544.1799926757812,80.6500015258789,316.989990234375,262.44500732421875,339.239990234375,543.9600219726562,80.61009979248047,317.05999755859375,262.510009765625,339.3500061035156,544.0,80.6449966430664,25459,21540,13320,10298,49938
2026-08-20 12:56:00-04:00,317.0450134277344,262.5350036621094,339.18109130859375,543.9345092773438,80.61000061035156,317.0799865722656,262.6199951171875,339.3500061035156,544.0861206054688,80.63500213623047,316.9635925292969,262.5199890136719,339.1099853515625,543.8499755859375,80.61000061035156,317.0350036621094,262.5849914550781,339.2799987792969,544.02001953125,80.625,20654,26812,16711,8392,19025
2026-08-20 12:57:00-04:00,317.07000732421875,262.4750061035156,338.9649963378906,543.7999877929688,80.58000183105469,317.1199951171875,262.5498962402344,339.1700134277344,543.9699096679688,80.5999984741211,317.0350036621094,262.3999938964844,338.91009521484375,543.510009765625,80.57499694824219,317.0480041503906,262.5400085449219,339.1700134277344,543.89501953125,80.5999984741211,24703,44994,17822,14371,16167
2026-08-20 12:58:00-04:00,317.07000732421875,262.4800109863281,339.0,543.5750122070312,80.56999969482422,317.1099853515625,262.5299987792969,339.0400085449219,543.7968139648438,80.58989715576172,317.0150146484375,262.32000732421875,338.864990234375,543.47998046875,80.56999969482422,317.1000061035156,262.4599914550781,338.9700012207031,543.7100219726562,80.5801010131836,14892,49224,15236,5094,20854
2026-08-20 12:59:00-04:00,317.2099914550781,262.44000244140625,339.0400085449219,543.4105834960938,80.55500030517578,317.239990234375,262.5799865722656,339.0899963378906,543.5750122070312,80.56999969482422,317.0780029296875,262.42999267578125,339.010009765625,543.25,80.55010223388672,317.0780029296875,262.4750061035156,339.0199890136719,543.5650024414062,80.56999969482422,24845,37655,10701,6979,16458
2026-08-20 13:00:00-04:00,317.4501037597656,262.3450012207031,339.0,543.1500244140625,80.5199966430664,317.4700012207031,262.4700012207031,339.08990478515625,543.4598999023438,80.55500030517578,317.18499755859375,262.3299865722656,338.9704895019531,543.1500244140625,80.51000213623047,317.20001220703125,262.44500732421875,339.0299987792969,543.4598999023438,80.55500030517578,44042,61670,13854,9701,16546
2026-08-20 13:01:00-04:00,317.2550048828125,262.07000732421875,338.989990234375,542.8800048828125,80.51000213623047,317.4800109863281,262.3103942871094,339.0299987792969,543.3099975585938,80.5199966430664,317.2300109863281,262.0400085449219,338.8599853515625,542.75,80.4800033569336,317.4649963378906,262.30999755859375,338.95001220703125,543.1500244140625,80.51499938964844,35734,28363,13724,18284,21655
2026-08-20 13:02:00-04:00,317.29998779296875,261.8599853515625,338.7699890136719,542.614990234375,80.50499725341797,317.32000732421875,262.1449890136719,339.0249938964844,542.97998046875,80.54989624023438,317.239990234375,261.8399963378906,338.7300109863281,542.5999755859375,80.5,317.260009765625,262.07501220703125,338.9700012207031,542.8900146484375,80.51000213623047,19158,37170,10405,14657,18094
2026-08-20 13:03:00-04:00,317.2749938964844,261.81500244140625,338.7699890136719,542.6199951171875,80.51000213623047,317.3299865722656,261.94000244140625,338.8399963378906,542.6500244140625,80.52999877929688,317.239990234375,261.7900085449219,338.6864929199219,542.47998046875,80.49500274658203,317.30499267578125,261.8900146484375,338.7799987792969,542.5599975585938,80.50499725341797,14208,36533,5141,9078,34460
2026-08-20 13:04:00-04:00,317.2300109863281,261.885009765625,338.8251037597656,542.5499877929688,80.51969909667969,317.2749938964844,261.8999938964844,338.8500061035156,542.6798095703125,80.55000305175781,317.1700134277344,261.7749938964844,338.739990234375,542.4500122070312,80.5,317.2749938964844,261.81500244140625,338.739990234375,542.6199951171875,80.5199966430664,21617,20562,4680,13166,60160
2026-08-20 13:05:00-04:00,317.3349914550781,261.8999938964844,338.57000732421875,542.6900024414062,80.5199966430664,317.3450012207031,261.95001220703125,338.8500061035156,543.4099731445312,80.54499816894531,317.1401062011719,261.7699890136719,338.54998779296875,542.52001953125,80.51499938964844,317.25,261.8699951171875,338.8005065917969,542.5399780273438,80.51499938964844,42717,18546,18555,62075,40867
2026-08-20 13:06:00-04:00,317.260009765625,261.87530517578125,338.69500732421875,542.9949951171875,80.54340362548828,317.4100036621094,261.94000244140625,338.7200012207031,543.0599975585938,80.56999969482422,317.239990234375,261.79998779296875,338.5400085449219,542.3300170898438,80.5199966430664,317.3450927734375,261.9150085449219,338.5791931152344,542.5401000976562,80.5250015258789,60771,45752,20640,30632,41903
2026-08-20 13:07:00-04:00,317.3500061035156,262.0249938964844,338.70001220703125,543.0999145507812,80.58499908447266,317.3900146484375,262.09820556640625,338.7300109863281,543.0999755859375,80.58999633789062,317.2250061035156,261.79901123046875,338.6400146484375,542.6500244140625,80.5199966430664,317.260009765625,261.8699951171875,338.67999267578125,542.8900146484375,80.54000091552734,22020,29194,13031,7764,25314
2026-08-20 13:08:00-04:00,317.364990234375,262.0150146484375,338.9200134277344,543.2050170898438,80.59500122070312,317.375,262.0299987792969,338.9200134277344,543.2225952148438,80.5999984741211,317.2799987792969,261.93011474609375,338.67999267578125,542.885009765625,80.56999969482422,317.3598937988281,262.0299987792969,338.70001220703125,542.9500122070312,80.58499908447266,26409,15888,10728,9523,31740
2026-08-20 13:09:00-04:00,317.3500061035156,262.07000732421875,339.07000732421875,543.5599975585938,80.60009765625,317.42498779296875,262.1400146484375,339.1000061035156,543.5914916992188,80.60009765625,317.3399963378906,262.0150146484375,338.95001220703125,543.1300048828125,80.56999969482422,317.3599853515625,262.0150146484375,338.9750061035156,543.1699829101562,80.59500122070312,17944,17670,10930,13790,23995
2026-08-20 13:10:00-04:00,317.3800048828125,261.94500732421875,338.8900146484375,543.530029296875,80.63999938964844,317.3999938964844,262.0799865722656,339.1499938964844,543.7650756835938,80.63999938964844,317.32000732421875,261.92999267578125,338.8699951171875,543.3599853515625,80.58499908447266,317.3399963378906,262.0799865722656,339.07000732421875,543.6099853515625,80.6050033569336,24928,14974,9932,15944,34807
2026-08-20 13:11:00-04:00,317.4849853515625,261.9574890136719,339.1000061035156,542.9249877929688,80.625,317.5199890136719,261.9800109863281,339.1199951171875,543.5800170898438,80.64630126953125,317.3901062011719,261.8550109863281,338.9200134277344,542.8300170898438,80.62000274658203,317.3999938964844,261.94500732421875,338.9200134277344,543.489990234375,80.62999725341797,33681,21732,8285,10967,18613
2026-08-20 13:12:00-04:00,317.5299987792969,261.9390869140625,339.20001220703125,542.625,80.62000274658203,317.6099853515625,261.9599914550781,339.2550048828125,543.0900268554688,80.625,317.4700012207031,261.8450012207031,339.1099853515625,542.530029296875,80.5999984741211,317.4849853515625,261.9599914550781,339.1199951171875,542.989990234375,80.62000274658203,39159,16776,13244,16730,18502
2026-08-20 13:13:00-04:00,317.4674987792969,261.8900146484375,339.19000244140625,542.4199829101562,80.54509735107422,317.6300048828125,261.9700012207031,339.2799987792969,542.7000122070312,80.625,317.4599914550781,261.8800048828125,339.1300964355469,542.2999877929688,80.54000091552734,317.5350036621094,261.96990966796875,339.1499938964844,542.5499877929688,80.625,36355,15189,9445,11905,76695
2026-08-20 13:14:00-04:00,317.2799987792969,261.7900085449219,339.0350036621094,542.2764892578125,80.52999877929688,317.489990234375,261.9200134277344,339.19000244140625,542.4398803710938,80.55000305175781,317.1499938964844,261.7799987792969,339.0201110839844,542.1799926757812,80.5250015258789,317.4800109863281,261.875,339.1600036621094,542.3599853515625,80.54070281982422,46973,31277,9063,16064,16303
2026-08-20 13:15:00-04:00,317.1400146484375,261.69000244140625,339.1300048828125,542.0499877929688,80.54499816894531,317.364990234375,261.8092041015625,339.1300048828125,542.2999267578125,80.55000305175781,317.1400146484375,261.6499938964844,339.010009765625,542.0,80.51499938964844,317.2850036621094,261.7900085449219,339.0350036621094,542.2000122070312,80.53970336914062,30568,41144,10692,17168,19968
2026-08-20 13:16:00-04:00,317.19781494140625,261.5299987792969,338.989990234375,541.8150024414062,80.55000305175781,317.5799865722656,261.6700134277344,339.1000061035156,542.1010131835938,80.55000305175781,317.1199951171875,261.4910888671875,338.9800109863281,541.7899780273438,80.51010131835938,317.17999267578125,261.6499938964844,339.1000061035156,542.1010131835938,80.54499816894531,92317,31060,11209,20911,63374
2026-08-20 13:17:00-04:00,317.25,261.5799865722656,338.80999755859375,541.5650024414062,80.62999725341797,317.2550048828125,261.5911865234375,339.010009765625,541.8699951171875,80.63500213623047,317.1300048828125,261.4800109863281,338.80999755859375,541.3800048828125,80.56999969482422,317.20001220703125,261.5299987792969,338.9800109863281,541.760009765625,80.57969665527344,21923,18295,7716,24501,46682
2026-08-20 13:18:00-04:00,317.239990234375,261.6300048828125,338.7699890136719,541.5549926757812,80.6500015258789,317.3699951171875,261.67999267578125,338.8999938964844,541.75,80.66999816894531,317.20001220703125,261.5799865722656,338.7699890136719,541.52001953125,80.625,317.2449951171875,261.5799865722656,338.84991455078125,541.5650024414062,80.62999725341797,41554,27418,20583,11937,38215
2026-08-20 13:19:00-04:00,317.0517883300781,261.57000732421875,338.5249938964844,541.510009765625,80.65499877929688,317.2699890136719,261.6499938964844,338.77801513671875,541.6500244140625,80.66999816894531,316.9700012207031,261.54998779296875,338.5,541.4594116210938,80.63009643554688,317.2499084472656,261.6199951171875,338.77801513671875,541.5549926757812,80.6500015258789,71437,23657,15134,18862,40745
2026-08-20 13:20:00-04:00,317.1000061035156,261.7200012207031,338.6300048828125,541.594970703125,80.69499969482422,317.1499938964844,261.7300109863281,338.6400146484375,541.6489868164062,80.69999694824219,316.8505859375,261.55499267578125,338.523193359375,541.3400268554688,80.63999938964844,317.010009765625,261.55499267578125,338.5299987792969,541.4434814453125,80.65499877929688,52969,29479,6650,15892,33010
2026-08-20 13:21:00-04:00,317.0,261.7049865722656,338.6099853515625,542.0300903320312,80.68000030517578,317.1000061035156,261.80999755859375,338.67999267578125,542.25,80.69999694824219,316.94000244140625,261.69000244140625,338.6000061035156,541.5700073242188,80.66999816894531,317.0899963378906,261.7200012207031,338.6369934082031,541.5700073242188,80.69499969482422,22743,36673,8025,21799,31961
2026-08-20 13:22:00-04:00,317.06500244140625,261.739990234375,338.7799987792969,542.14501953125,80.66500091552734,317.1444091796875,261.7898864746094,338.81561279296875,542.27001953125,80.68000030517578,317.010009765625,261.7099914550781,338.6400146484375,542.0850219726562,80.66419982910156,317.010009765625,261.7099914550781,338.6499938964844,542.1900024414062,80.67500305175781,42604,15239,11390,13430,19748
2026-08-20 13:23:00-04:00,316.92498779296875,261.5799865722656,338.8299865722656,542.4199829101562,80.63500213623047,317.1000061035156,261.7547912597656,338.8699951171875,542.47998046875,80.66500091552734,316.8800964355469,261.57000732421875,338.70001220703125,541.9450073242188,80.62999725341797,317.07000732421875,261.7099914550781,338.7699890136719,542.0999755859375,80.66500091552734,20315,45010,13655,16022,26875
2026-08-20 13:24:00-04:00,316.9599914550781,261.5338134765625,338.7799987792969,542.3099975585938,80.63500213623047,317.0299987792969,261.7298889160156,338.8699951171875,542.52001953125,80.65499877929688,316.94000244140625,261.5199890136719,338.7099914550781,542.1760864257812,80.62999725341797,316.95001220703125,261.5338134765625,338.8699951171875,542.4000244140625,80.63999938964844,17533,42263,5952,14104,23733
2026-08-20 13:25:00-04:00,316.9700012207031,261.57000732421875,338.6600036621094,542.2919921875,80.62999725341797,316.989990234375,261.6221923828125,338.727294921875,542.3399047851562,80.63999938964844,316.9200134277344,261.4750061035156,338.6199951171875,542.0999755859375,80.62000274658203,316.94000244140625,261.489990234375,338.7200012207031,542.260009765625,80.63500213623047,18554,75518,3741,15695,21624
2026-08-20 13:26:00-04:00,316.8699951171875,261.4949951171875,338.6300048828125,542.1900024414062,80.62999725341797,317.010009765625,261.57000732421875,338.7049865722656,542.3472900390625,80.63999938964844,316.8699951171875,261.45001220703125,338.6300048828125,542.1799926757812,80.62049865722656,316.9800109863281,261.57000732421875,338.6549987792969,542.280029296875,80.62999725341797,18677,19797,7165,8995,24298
2026-08-20 13:27:00-04:00,316.80999755859375,261.4049987792969,338.7699890136719,542.02001953125,80.58999633789062,316.9200134277344,261.5199890136719,338.7699890136719,542.1784057617188,80.62249755859375,316.760009765625,261.3800048828125,338.6199951171875,541.9505004882812,80.57499694824219,316.8900146484375,261.4700012207031,338.6300048828125,542.02001953125,80.62000274658203,29062,25109,4650,10454,46158
2026-08-20 13:28:00-04:00,316.75,261.4100036621094,338.68499755859375,542.0700073242188,80.58499908447266,316.80999755859375,261.4700012207031,338.7799987792969,542.1500244140625,80.59500122070312,316.7200927734375,261.3500061035156,338.6400146484375,541.97998046875,80.58000183105469,316.80999755859375,261.4200134277344,338.7449951171875,542.0599975585938,80.58999633789062,19983,21245,8313,13004,24964
2026-08-20 13:29:00-04:00,316.6700134277344,261.42010498046875,338.5299987792969,542.1300048828125,80.54139709472656,316.75201416015625,261.4599914550781,338.70001220703125,542.2000122070312,80.61000061035156,316.6700134277344,261.3999938964844,338.5299987792969,541.9500732421875,80.54139709472656,316.75,261.45001220703125,338.70001220703125,542.169921875,80.58499908447266,22622,20114,11543,13114,64999
2026-08-20 13:30:00-04:00,316.6700134277344,261.5,338.6199951171875,542.5537719726562,80.58000183105469,316.7300109863281,261.5050048828125,338.6199951171875,542.5700073242188,80.61000061035156,316.6000061035156,261.4200134277344,338.510009765625,542.0900268554688,80.55000305175781,316.6600036621094,261.43499755859375,338.57501220703125,542.5537719726562,80.55999755859375,42593,22197,7678,10344,38879
2026-08-20 13:31:00-04:00,316.6499938964844,261.6400146484375,338.6698913574219,543.1900024414062,80.6050033569336,316.7001037597656,261.67999267578125,338.70001220703125,543.3200073242188,80.61000061035156,316.5899963378906,261.5199890136719,338.60009765625,542.5999755859375,80.58000183105469,316.67498779296875,261.5199890136719,338.6300048828125,542.5999755859375,80.58499908447266,36696,25470,9098,24211,24249
2026-08-20 13:32:00-04:00,316.6000061035156,261.55999755859375,338.489990234375,542.989990234375,80.56999969482422,316.7049865722656,261.70001220703125,338.70001220703125,543.260009765625,80.61000061035156,316.5,261.5400085449219,338.4599914550781,542.9373168945312,80.55999755859375,316.6499938964844,261.6600036621094,338.6499938964844,543.135009765625,80.6050033569336,52490,16270,8098,9778,21326
2026-08-20 13:33:00-04:00,316.7250061035156,261.57000732421875,338.4150085449219,542.531494140625,80.56500244140625,316.75,261.6099853515625,338.5400085449219,543.0499877929688,80.58000183105469,316.5946044921875,261.5516052246094,338.3965148925781,542.531494140625,80.55000305175781,316.6099853515625,261.55999755859375,338.5150146484375,542.9299926757812,80.56999969482422,15709,14322,9420,10118,19262
2026-08-20 13:34:00-04:00,316.6252136230469,261.54998779296875,338.2850036621094,542.614990234375,80.54000091552734,316.79998779296875,261.5799865722656,338.4200134277344,542.6951293945312,80.58499908447266,316.6199951171875,261.5299987792969,338.2300109863281,542.3099975585938,80.52999877929688,316.7300109863281,261.54998779296875,338.3999938964844,542.5302734375,80.56500244140625,47728,22932,14203,16228,33474
2026-08-20 13:35:00-04:00,316.8380126953125,261.5249938964844,338.2200012207031,542.25,80.45500183105469,316.8599853515625,261.6000061035156,338.3500061035156,542.614990234375,80.55999755859375,316.55999755859375,261.4700012207031,338.20001220703125,542.2301025390625,80.45500183105469,316.6199951171875,261.5249938964844,338.27508544921875,542.614990234375,80.54499816894531,65262,29927,16395,12684,45523
2026-08-20 13:36:00-04:00,316.6499938964844,261.5,338.2799987792969,542.260009765625,80.41500091552734,316.8500061035156,261.55999755859375,338.2900085449219,542.3800048828125,80.45829772949219,316.6199951171875,261.3999938964844,338.17999267578125,542.1199951171875,80.3949966430664,316.8500061035156,261.489990234375,338.25,542.3200073242188,80.45800018310547,21528,19243,6405,7821,44999
2026-08-20 13:37:00-04:00,316.70001220703125,261.4100036621094,338.19000244140625,542.1699829101562,80.41999816894531,316.70001220703125,261.5199890136719,338.25,542.3099975585938,80.41999816894531,316.5799865722656,261.3599853515625,338.1400146484375,542.1132202148438,80.37999725341797,316.6600036621094,261.5122985839844,338.25,542.2100830078125,80.41010284423828,30963,25111,15789,7629,37441
2026-08-20 13:38:00-04:00,316.6600036621094,261.489990234375,338.2099914550781,542.2100219726562,80.42990112304688,316.7250061035156,261.4999084472656,338.2550048828125,542.2849731445312,80.44000244140625,316.6199951171875,261.4200134277344,338.18499755859375,542.1500244140625,80.4000015258789,316.67999267578125,261.489990234375,338.18499755859375,542.22998046875,80.41500091552734,17490,15733,12318,8451,27197
2026-08-20 13:39:00-04:00,316.6199951171875,261.3800048828125,338.2699890136719,541.9199829101562,80.44999694824219,316.7300109863281,261.52398681640625,338.2897033691406,542.1500244140625,80.47000122070312,316.6199951171875,261.3800048828125,338.17999267578125,541.8317260742188,80.41999816894531,316.6449890136719,261.45001220703125,338.17999267578125,542.1500244140625,80.42500305175781,22150,25575,13407,36956,18666
2026-08-20 13:40:00-04:00,316.62799072265625,261.4200134277344,338.2650146484375,542.0700073242188,80.46900177001953,316.69000244140625,261.4898986816406,338.3900146484375,542.1500244140625,80.4800033569336,316.614990234375,261.3900146484375,338.2300109863281,541.8602294921875,80.44000244140625,316.6199951171875,261.4200134277344,338.2699890136719,541.9199829101562,80.44599914550781,21200,20382,11778,26399,27922
2026-08-20 13:41:00-04:00,316.6099853515625,261.3699951171875,338.2099914550781,541.6199951171875,80.42500305175781,316.6700134277344,261.5,338.30999755859375,542.1900024414062,80.46499633789062,316.5799865722656,261.32000732421875,338.19000244140625,541.6199951171875,80.41500091552734,316.635009765625,261.42999267578125,338.260009765625,542.1300048828125,80.45999908447266,17712,18530,5674,46602,26692
2026-08-20 13:42:00-04:00,316.67498779296875,261.340087890625,338.2379150390625,541.864990234375,80.44000244140625,316.67999267578125,261.4171142578125,338.30169677734375,542.010009765625,80.44000244140625,316.5899963378906,261.2699890136719,338.1400146484375,541.6500244140625,80.41500091552734,316.6000061035156,261.375,338.1700134277344,541.75,80.42630004882812,14050,29873,7842,28281,24285
2026-08-20 13:43:00-04:00,316.625,261.30999755859375,338.260009765625,541.9249877929688,80.41999816894531,316.67498779296875,261.3699951171875,338.29998779296875,542.0700073242188,80.44999694824219,316.5899963378906,261.30999755859375,338.239990234375,541.8099975585938,80.3949966430664,316.67498779296875,261.364990234375,338.29998779296875,541.8599853515625,80.43000030517578,21570,20542,6684,23532,26307
2026-08-20 13:44:00-04:00,316.6000061035156,261.57501220703125,338.30999755859375,541.7150268554688,80.44499969482422,316.6600036621094,261.57501220703125,338.30999755859375,541.9000244140625,80.45500183105469,316.5899963378906,261.2926940917969,338.2069091796875,541.614990234375,80.41000366210938,316.6199951171875,261.30999755859375,338.2651062011719,541.8599853515625,80.41500091552734,30250,143957,5298,29399,18204
2026-08-20 13:45:00-04:00,316.5199890136719,261.55999755859375,338.44000244140625,541.9650268554688,80.4749984741211,316.635009765625,261.639892578125,338.4700012207031,542.0999755859375,80.48500061035156,316.5,261.5299987792969,338.27081298828125,541.6500244140625,80.44080352783203,316.5199890136719,261.55499267578125,338.27081298828125,541.780029296875,80.44499969482422,30961,11688,5707,23018,18363
2026-08-20 13:46:00-04:00,316.43499755859375,261.65899658203125,338.401611328125,542.1500244140625,80.4749984741211,316.6199951171875,261.67999267578125,338.4599914550781,542.1500244140625,80.4800033569336,316.3999938964844,261.54998779296875,338.3301086425781,541.8900146484375,80.45999908447266,316.510009765625,261.55999755859375,338.44000244140625,541.8900146484375,80.4749984741211,34299,14181,5729,17193,16150
2026-08-20 13:47:00-04:00,316.4049987792969,261.6650085449219,338.3800048828125,542.1199951171875,80.5,316.54998779296875,261.7149963378906,338.3949890136719,542.1599731445312,80.50499725341797,316.260009765625,261.6199951171875,338.3399963378906,542.0245971679688,80.47000122070312,316.3999938964844,261.6300048828125,338.3800048828125,542.0700073242188,80.4749984741211,55441,13582,6867,11239,38281
2026-08-20 13:48:00-04:00,316.3599853515625,261.55999755859375,338.5950012207031,542.2747192382812,80.54759979248047,316.4750061035156,261.7200012207031,338.5950012207031,542.4500122070312,80.54759979248047,316.30999755859375,261.53619384765625,338.4200134277344,542.1400146484375,80.49629974365234,316.4100036621094,261.67498779296875,338.4200134277344,542.1400146484375,80.49629974365234,34953,27036,9887,25792,24339
2026-08-20 13:49:00-04:00,316.3599853515625,261.5663146972656,338.5299987792969,542.260009765625,80.5177993774414,316.3900146484375,261.5975036621094,338.7049865722656,542.4199829101562,80.54989624023438,316.3399963378906,261.54998779296875,338.5299987792969,542.25,80.51000213623047,316.36260986328125,261.55999755859375,338.5950012207031,542.3099975585938,80.54989624023438,20999,11048,10008,14287,22530
2026-08-20 13:50:00-04:00,316.510009765625,261.510009765625,338.5400085449219,542.25,80.53500366210938,316.5199890136719,261.5799865722656,338.57000732421875,542.530029296875,80.55000305175781,316.2799987792969,261.4906005859375,338.489990234375,542.2100219726562,80.50499725341797,316.3699951171875,261.5199890136719,338.5299987792969,542.3049926757812,80.51499938964844,42463,20212,5227,30689,46886
2026-08-20 13:51:00-04:00,316.5450134277344,261.4200134277344,338.5,541.75,80.55999755859375,316.5799865722656,261.5199890136719,338.6272888183594,542.3049926757812,80.56999969482422,316.45001220703125,261.4200134277344,338.5,541.75,80.52999877929688,316.510009765625,261.5199890136719,338.55999755859375,542.260009765625,80.53500366210938,54826,10770,4257,10487,25587
2026-08-20 13:52:00-04:00,316.5199890136719,261.4150085449219,338.4100036621094,541.6300048828125,80.55000305175781,316.55999755859375,261.4599914550781,338.5,541.8800048828125,80.56939697265625,316.489990234375,261.3700866699219,338.3501892089844,541.52001953125,80.52999877929688,316.5400085449219,261.44000244140625,338.5,541.7899780273438,80.55999755859375,22724,19062,7671,12662,45691
2026-08-20 13:53:00-04:00,316.54998779296875,261.3800048828125,338.3800048828125,541.0650024414062,80.54499816894531,316.6300048828125,261.44989013671875,338.44500732421875,541.6500244140625,80.56500244140625,316.5,261.30999755859375,338.29998779296875,540.9000244140625,80.53500366210938,316.5299072265625,261.4150085449219,338.4049987792969,541.5999755859375,80.54010009765625,26491,21510,9032,48252,26455
2026-08-20 13:54:00-04:00,316.57000732421875,261.2200012207031,338.2930908203125,540.6300048828125,80.5199966430664,316.5899963378906,261.4200134277344,338.3999938964844,541.1300048828125,80.55000305175781,316.5199890136719,261.2200012207031,338.2930908203125,540.5,80.51000213623047,316.5320129394531,261.3900146484375,338.3800048828125,541.0650024414062,80.55000305175781,19971,38393,4934,30492,29154
2026-08-20 13:55:00-04:00,316.5299987792969,261.260009765625,338.3299865722656,540.905029296875,80.56500244140625,316.57000732421875,261.27899169921875,338.3500061035156,541.1735229492188,80.56500244140625,316.5,261.16009521484375,338.2900085449219,540.5,80.50420379638672,316.55999755859375,261.2349853515625,338.2900085449219,540.5,80.51000213623047,19101,24982,13083,24867,56300
2026-08-20 13:56:00-04:00,316.6099853515625,261.2449951171875,338.3399963378906,540.9450073242188,80.55999755859375,316.6199951171875,261.3099060058594,338.3550109863281,541.1199951171875,80.56999969482422,316.5,261.20001220703125,338.29998779296875,540.719482421875,80.54000091552734,316.5299987792969,261.2699890136719,338.3299865722656,540.8099975585938,80.56500244140625,21644,28626,8941,29139,40772
2026-08-20 13:57:00-04:00,316.4150085449219,261.2300109863281,338.447998046875,540.8359985351562,80.6050033569336,316.6199951171875,261.2598876953125,338.45989990234375,541.0,80.61000061035156,316.3800964355469,261.17010498046875,338.32000732421875,540.7000122070312,80.56999969482422,316.6050109863281,261.2449951171875,338.3399963378906,540.9450073242188,80.56999969482422,33837,19889,11826,23034,27885
2026-08-20 13:58:00-04:00,316.31500244140625,261.2699890136719,338.3900146484375,540.7150268554688,80.58000183105469,316.42999267578125,261.32000732421875,338.5400085449219,540.9046020507812,80.625,316.2699890136719,261.2492980957031,338.3699951171875,540.6900024414062,80.56999969482422,316.4200134277344,261.25,338.4599914550781,540.8400268554688,80.5999984741211,20622,31699,12155,9376,42969
2026-08-20 13:59:00-04:00,316.32000732421875,261.32000732421875,338.42999267578125,540.5499877929688,80.56999969482422,316.3674011230469,261.3599853515625,338.42999267578125,540.752197265625,80.58499908447266,316.2799987792969,261.2300109863281,338.3599853515625,540.239990234375,80.55000305175781,316.2850036621094,261.2699890136719,338.3900146484375,540.752197265625,80.58499908447266,16589,23147,3949,22382,27942
2026-08-20 14:00:00-04:00,316.1650085449219,261.17999267578125,338.17498779296875,540.1500244140625,80.55500030517578,316.30999755859375,261.31988525390625,338.4599914550781,540.5399780273438,80.56999969482422,316.1000061035156,261.1099853515625,338.1499938964844,540.02001953125,80.52999877929688,316.30999755859375,261.2749938964844,338.43499755859375,540.5399780273438,80.56999969482422,41070,26677,11356,20542,40704
2026-08-20 14:01:00-04:00,316.1300048828125,261.0400085449219,337.94000244140625,539.8099975585938,80.58000183105469,316.2149963378906,261.2300109863281,338.30999755859375,540.2534790039062,80.58000183105469,316.1199951171875,261.0350036621094,337.9200134277344,539.7999877929688,80.52999877929688,316.1700134277344,261.17999267578125,338.20001220703125,540.155029296875,80.55500030517578,46368,53346,20957,85986,39530
2026-08-20 14:02:00-04:00,316.1300048828125,260.92498779296875,337.6099853515625,539.7750244140625,80.58989715576172,316.2298889160156,261.07879638671875,337.95001220703125,540.030029296875,80.625,316.0199890136719,260.9100036621094,337.57000732421875,539.75,80.57499694824219,316.1400146484375,261.06500244140625,337.93011474609375,539.8699951171875,80.58000183105469,102968,65250,26825,53305,38182
2026-08-20 14:03:00-04:00,316.0870056152344,260.8599853515625,337.55499267578125,539.8800048828125,80.57949829101562,316.17498779296875,260.9700012207031,337.6499938964844,539.9099731445312,80.5999984741211,316.010009765625,260.8349914550781,337.4700012207031,539.760498046875,80.57949829101562,316.125,260.93499755859375,337.6099853515625,539.7750244140625,80.58999633789062,53485,44623,19611,24609,19363
2026-08-20 14:04:00-04:00,316.1050109863281,260.885009765625,337.5,540.3499755859375,80.56500244140625,316.1199951171875,260.9100036621094,337.59991455078125,540.47998046875,80.58000183105469,316.0,260.79998779296875,337.4599914550781,539.780029296875,80.51499938964844,316.0920104980469,260.8800048828125,337.57000732421875,539.8900146484375,80.57009887695312,26682,36256,13796,41209,45499
2026-08-20 14:05:00-04:00,315.69000244140625,260.7149963378906,337.3999938964844,539.8900146484375,80.5999984741211,316.1300048828125,260.7149963378906,337.6238098144531,540.4000244140625,80.62000274658203,315.6499938964844,260.7149963378906,337.29998779296875,539.8300170898438,80.56999969482422,316.1050109863281,260.7149963378906,337.5400085449219,540.3499755859375,80.56999969482422,95721,53638,11287,16436,39111
2026-08-20 14:06:00-04:00,315.6300048828125,260.67999267578125,337.3599853515625,540.0499877929688,80.56500244140625,315.7698974609375,260.739990234375,337.489990234375,540.2100219726562,80.5999984741211,315.57000732421875,260.6549987792969,337.3255920410156,539.8629760742188,80.56500244140625,315.6700134277344,260.7300109863281,337.3999938964844,539.8900146484375,80.59989929199219,70393,26331,9675,27053,32389
2026-08-20 14:07:00-04:00,315.5,260.6000061035156,337.3399963378906,540.155029296875,80.5780029296875,315.6600036621094,260.67999267578125,337.39990234375,540.2000122070312,80.58999633789062,315.4649963378906,260.53009033203125,337.2900085449219,540.0,80.55999755859375,315.625,260.6783142089844,337.3599853515625,540.0499877929688,80.56999969482422,33256,42890,13575,13761,22172
2026-08-20 14:08:00-04:00,315.38848876953125,260.5950012207031,337.260009765625,540.030029296875,80.58499908447266,315.52508544921875,260.71990966796875,337.3800048828125,540.2899780273438,80.5999984741211,315.3800048828125,260.56500244140625,337.260009765625,540.030029296875,80.57499694824219,315.5,260.5899963378906,337.260009765625,540.1400146484375,80.58000183105469,43108,41556,10576,17599,31006
2026-08-20 14:09:00-04:00,315.306884765625,260.5899963378906,337.2749938964844,539.9849853515625,80.56500244140625,315.4800109863281,260.6300048828125,337.32000732421875,540.1599731445312,80.5999984741211,315.2850036621094,260.5600891113281,337.25,539.9409790039062,80.55999755859375,315.3900146484375,260.5950012207031,337.2699890136719,540.094970703125,80.5801010131836,65151,12773,13075,13954,25414
2026-08-20 14:10:00-04:00,315.3599853515625,260.2749938964844,337.1199951171875,539.8699951171875,80.58499908447266,315.385009765625,260.54998779296875,337.260009765625,539.97998046875,80.59500122070312,315.0799865722656,260.25,337.0799865722656,539.3099975585938,80.56009674072266,315.32000732421875,260.54998779296875,337.260009765625,539.9299926757812,80.56500244140625,83549,74289,13795,60653,28455
2026-08-20 14:11:00-04:00,315.3710021972656,260.3695068359375,337.125,540.1500244140625,80.58000183105469,315.4599914550781,260.4100036621094,337.18499755859375,540.398193359375,80.58999633789062,315.29998779296875,260.2699890136719,336.989990234375,539.6099853515625,80.56999969482422,315.364990234375,260.2850036621094,337.125,539.8300170898438,80.58499908447266,72011,36609,29581,38336,21362
2026-08-20 14:12:00-04:00,315.45928955078125,260.3399963378906,337.1000061035156,540.280029296875,80.56999969482422,315.5799865722656,260.45989990234375,337.2099914550781,540.5499877929688,80.5999984741211,315.3399963378906,260.32501220703125,337.1000061035156,540.1500244140625,80.55999755859375,315.3599853515625,260.3500061035156,337.1499938964844,540.155029296875,80.57250213623047,60777,49257,13378,19827,37415
2026-08-20 14:13:00-04:00,315.44000244140625,260.260009765625,337.1495056152344,540.6699829101562,80.56600189208984,315.5199890136719,260.3799133300781,337.1499938964844,540.6699829101562,80.57990264892578,315.4100036621094,260.1199951171875,337.07000732421875,540.2000732421875,80.55999755859375,315.45001220703125,260.3799133300781,337.1199951171875,540.3201293945312,80.56999969482422,60402,62749,15432,11095,21303
2026-08-20 14:14:00-04:00,315.45001220703125,260.2300109863281,337.0799865722656,540.5,80.56600189208984,315.4800109863281,260.2749938964844,337.1600036621094,540.760009765625,80.58000183105469,315.260009765625,260.1300048828125,336.9200134277344,540.3800048828125,80.54499816894531,315.4800109863281,260.2601013183594,337.1199951171875,540.6799926757812,80.58000183105469,79841,37337,19154,11757,23207
2026-08-20 14:15:00-04:00,315.375,260.07989501953125,337.135009765625,540.3599853515625,80.56500244140625,315.46978759765625,260.2242126464844,337.1719970703125,540.530029296875,80.56999969482422,315.2908020019531,260.07000732421875,337.010009765625,540.2501220703125,80.53500366210938,315.46978759765625,260.2242126464844,337.0799865722656,540.4537963867188,80.55999755859375,40821,43580,23519,13231,36077
2026-08-20 14:16:00-04:00,315.3800048828125,259.9599914550781,337.0299987792969,540.0999755859375,80.57769775390625,315.4599914550781,260.1300048828125,337.19000244140625,540.4199829101562,80.5999984741211,315.30999755859375,259.9200134277344,337.0199890136719,540.0800170898438,80.56500244140625,315.3900146484375,260.0799865722656,337.135009765625,540.2999877929688,80.56999969482422,59236,98831,10562,32009,41230
2026-08-20 14:17:00-04:00,315.42498779296875,260.260009765625,337.19000244140625,540.4400024414062,80.57499694824219,315.45001220703125,260.2799987792969,337.19000244140625,540.469970703125,80.59500122070312,315.3699951171875,259.9700012207031,337.010009765625,540.1699829101562,80.55999755859375,315.3857116699219,259.9800109863281,337.05999755859375,540.1699829101562,80.57499694824219,32610,70040,15481,15697,34837
2026-08-20 14:18:00-04:00,315.510009765625,260.4700012207031,337.2699890136719,540.5599975585938,80.56999969482422,315.5350036621094,260.4800109863281,337.2799987792969,540.6699829101562,80.58499908447266,315.4049072265625,260.2200012207031,337.1499938964844,540.35498046875,80.55999755859375,315.456298828125,260.25,337.17999267578125,540.4149780273438,80.57499694824219,44344,44343,23848,11429,27120
2026-08-20 14:19:00-04:00,315.6050109863281,260.6300048828125,337.5,540.8049926757812,80.59010314941406,315.6499938964844,260.69000244140625,337.5400085449219,540.8599853515625,80.6050033569336,315.5,260.4800109863281,337.260009765625,540.5599975585938,80.56999969482422,315.5199890136719,260.4800109863281,337.2699890136719,540.5599975585938,80.56999969482422,45484,45461,17527,15522,42414
2026-08-20 14:20:00-04:00,315.6650085449219,260.7349853515625,337.6000061035156,540.7000122070312,80.61000061035156,315.7099914550781,260.7349853515625,337.6700134277344,540.8699951171875,80.62000274658203,315.6050109863281,260.6199951171875,337.5,540.5549926757812,80.59500122070312,315.6099853515625,260.6300048828125,337.5150146484375,540.6599731445312,80.59500122070312,44913,29977,23008,16557,37200
2026-08-20 14:21:00-04:00,315.3999938964844,260.8550109863281,337.6000061035156,540.5999755859375,80.625,315.6700134277344,260.8550109863281,337.6199951171875,540.72998046875,80.62999725341797,315.3450012207031,260.739990234375,337.4580078125,540.530029296875,80.5999984741211,315.6625061035156,260.7601013183594,337.614990234375,540.6300048828125,80.62000274658203,62287,51152,9782,13746,59564
2026-08-20 14:22:00-04:00,315.3399963378906,260.8284912109375,337.6300048828125,540.6984252929688,80.62010192871094,315.4299011230469,260.8900146484375,337.6698913574219,540.8599853515625,80.62999725341797,315.32000732421875,260.80999755859375,337.54998779296875,540.530029296875,80.60250091552734,315.3900146484375,260.8299865722656,337.54998779296875,540.530029296875,80.625,39089,30122,10233,12255,31416
2026-08-20 14:23:00-04:00,315.32000732421875,260.885009765625,337.30999755859375,540.5349731445312,80.6500015258789,315.4200134277344,260.9700012207031,337.75,540.9000244140625,80.66000366210938,315.2699890136719,260.8299865722656,337.29998779296875,540.510009765625,80.61499786376953,315.3399963378906,260.8299865722656,337.6000061035156,540.7000122070312,80.62999725341797,39182,42934,35101,10639,39274
2026-08-20 14:24:00-04:00,315.2099914550781,260.885986328125,337.20001220703125,540.2999877929688,80.63500213623047,315.3599853515625,260.9599914550781,337.3949890136719,540.6500244140625,80.66000366210938,315.1300048828125,260.8699951171875,337.18499755859375,540.219970703125,80.62999725341797,315.32000732421875,260.8699951171875,337.30999755859375,540.5349731445312,80.6500015258789,33781,34396,28545,19777,33707
2026-08-20 14:25:00-04:00,315.09991455078125,260.8500061035156,337.2300109863281,540.3350219726562,80.61000061035156,315.2200012207031,260.9800109863281,337.25,540.3800048828125,80.63999938964844,315.0159912109375,260.84051513671875,337.1499938964844,540.260498046875,80.5999984741211,315.2149963378906,260.88720703125,337.2049865722656,540.27001953125,80.63500213623047,41017,42054,18184,11036,32013
2026-08-20 14:26:00-04:00,315.02239990234375,260.8599853515625,337.2300109863281,540.4100952148438,80.62999725341797,315.09991455078125,260.8800048828125,337.29998779296875,540.5,80.6500015258789,314.95001220703125,260.80999755859375,337.1700134277344,540.2600708007812,80.60009765625,315.02239990234375,260.8349914550781,337.2200012207031,540.2899780273438,80.6050033569336,56910,28966,12417,15132,40779
2026-08-20 14:27:00-04:00,315.0664978027344,260.8450012207031,337.2349853515625,540.5900268554688,80.66500091552734,315.0899963378906,260.8900146484375,337.2709045410156,540.5999145507812,80.68000030517578,315.010009765625,260.80499267578125,337.1300048828125,540.4000244140625,80.63999938964844,315.0299987792969,260.8800048828125,337.2099914550781,540.4500122070312,80.63999938964844,30092,27004,7958,11448,29343
2026-08-20 14:28:00-04:00,315.0199890136719,260.9200134277344,337.2818908691406,540.77001953125,80.69999694824219,315.1000061035156,260.9599914550781,337.3399963378906,540.7999877929688,80.71499633789062,315.010009765625,260.8450012207031,337.2200012207031,540.5900268554688,80.66500091552734,315.07000732421875,260.8450012207031,337.2349853515625,540.5999755859375,80.66500091552734,56591,24078,10649,9614,38324
2026-08-20 14:29:00-04:00,314.8399963378906,260.94500732421875,337.1600036621094,540.9149780273438,80.71700286865234,315.0400085449219,260.9800109863281,337.3125,540.989990234375,80.7249984741211,314.82000732421875,260.8900146484375,337.1499938964844,540.6701049804688,80.69499969482422,315.02899169921875,260.8999938964844,337.2749938964844,540.7750244140625,80.6989974975586,72071,29195,20478,20315,25251
2026-08-20 14:30:00-04:00,314.885009765625,261.05999755859375,337.19500732421875,540.747314453125,80.69000244140625,314.8999938964844,261.1050109863281,337.2301940917969,540.8900146484375,80.71499633789062,314.7799987792969,260.9491882324219,337.1600036621094,540.6619873046875,80.67500305175781,314.8100891113281,260.9491882324219,337.17010498046875,540.8900146484375,80.71499633789062,44796,31420,13207,11596,78803
2026-08-20 14:31:00-04:00,315.1300048828125,261.1080017089844,337.260009765625,540.7849731445312,80.66500091552734,315.19000244140625,261.1398010253906,337.2785949707031,540.8699951171875,80.69499969482422,314.8900146484375,261.0412902832031,337.1700134277344,540.6300048828125,80.6500015258789,314.8900146484375,261.05999755859375,337.1700134277344,540.6900024414062,80.69499969482422,56221,40048,19398,10620,29861
2026-08-20 14:32:00-04:00,315.260009765625,261.08270263671875,337.33770751953125,540.739990234375,80.66999816894531,315.29998779296875,261.1400146484375,337.3500061035156,540.8300170898438,80.67500305175781,315.1300964355469,261.04998779296875,337.260009765625,540.7000122070312,80.65399932861328,315.1400146484375,261.1199951171875,337.2900085449219,540.739990234375,80.66999816894531,33943,22375,19494,8341,32663
2026-08-20 14:33:00-04:00,315.2879943847656,261.1337890625,337.2799987792969,540.64501953125,80.65499877929688,315.32000732421875,261.1600036621094,337.45001220703125,540.760009765625,80.66999816894531,315.239990234375,261.0799865722656,337.2799987792969,540.5999755859375,80.64070129394531,315.25,261.1337890625,337.32000732421875,540.739990234375,80.66999816894531,45992,12183,25306,12212,48482
2026-08-20 14:34:00-04:00,315.36090087890625,261.1099853515625,337.3500061035156,540.4000244140625,80.65499877929688,315.3800048828125,261.1637878417969,337.35650634765625,540.64501953125,80.66500091552734,315.239990234375,261.0757141113281,337.2601013183594,540.4000244140625,80.63999938964844,315.2850036621094,261.135009765625,337.2799987792969,540.6099853515625,80.65630340576172,32270,27475,20527,11364,39637
2026-08-20 14:35:00-04:00,315.3900146484375,261.1199951171875,337.5,540.7000122070312,80.6500015258789,315.42999267578125,261.1600036621094,337.55999755859375,540.7100219726562,80.6500015258789,315.3299865722656,261.0899963378906,337.30999755859375,540.4099731445312,80.63500213623047,315.3599853515625,261.1099853515625,337.3299865722656,540.4099731445312,80.6449966430664,40231,31639,28264,16710,17704
2026-08-20 14:36:00-04:00,315.6449890136719,261.3179931640625,337.7699890136719,540.885009765625,80.63999938964844,315.6600036621094,261.3299865722656,337.79998779296875,540.9299926757812,80.68499755859375,315.3999938964844,261.1300048828125,337.4700012207031,540.6400146484375,80.63999938964844,315.3999938964844,261.1300048828125,337.4700012207031,540.6400146484375,80.65499877929688,40195,44212,36340,9456,30253
2026-08-20 14:37:00-04:00,315.5849914550781,261.30999755859375,337.67999267578125,540.7999877929688,80.66000366210938,315.6600036621094,261.3500061035156,337.7799987792969,541.0,80.66000366210938,315.4949951171875,261.2449951171875,337.6300048828125,540.6900024414062,80.62999725341797,315.6449890136719,261.3399963378906,337.760009765625,540.9349975585938,80.63999938964844,46455,50448,16251,10091,39991
2026-08-20 14:38:00-04:00,315.6099853515625,261.2749938964844,337.6600036621094,540.8599853515625,80.67500305175781,315.6199951171875,261.30999755859375,337.69000244140625,540.9099731445312,80.69000244140625,315.55999755859375,261.2099914550781,337.5899963378906,540.77001953125,80.65499877929688,315.5799865722656,261.30999755859375,337.6700134277344,540.8049926757812,80.66000366210938,24682,41393,8817,10049,77513
2026-08-20 14:39:00-04:00,315.5299987792969,261.2699890136719,337.5,540.7349853515625,80.73500061035156,315.635009765625,261.32000732421875,337.6803894042969,540.8900146484375,80.73999786376953,315.5299987792969,261.25,337.5,540.7100219726562,80.6449966430664,315.5950012207031,261.2749938964844,337.65008544921875,540.8499755859375,80.66999816894531,21254,19383,13719,7824,41459
2026-08-20 14:40:00-04:00,315.5,261.1499938964844,337.5286865234375,540.510009765625,80.70500183105469,315.5340881347656,261.2499084472656,337.5799865722656,540.7905883789062,80.75,315.44000244140625,261.1000061035156,337.44000244140625,540.5,80.68499755859375,315.5299987792969,261.239990234375,337.54998779296875,540.7100219726562,80.7300033569336,47816,32506,16667,24129,60818
2026-08-20 14:41:00-04:00,315.5199890136719,261.2250061035156,337.6400146484375,540.7249755859375,80.69000244140625,315.54998779296875,261.25,337.69000244140625,540.7999877929688,80.72000122070312,315.4501037597656,261.1499938964844,337.4800109863281,540.5449829101562,80.69000244140625,315.54998779296875,261.1650085449219,337.5350036621094,540.5449829101562,80.70999908447266,29731,28102,14301,8313,47764
2026-08-20 14:42:00-04:00,315.510009765625,261.37969970703125,337.8293151855469,540.8969116210938,80.71499633789062,315.5400085449219,261.37969970703125,337.885009765625,541.02001953125,80.72000122070312,315.4700012207031,261.2250061035156,337.6700134277344,540.6400756835938,80.67500305175781,315.5249938964844,261.2250061035156,337.67999267578125,540.7000122070312,80.71499633789062,29246,31434,13110,18681,31197
2026-08-20 14:43:00-04:00,315.62030029296875,261.2699890136719,337.7850036621094,540.8400268554688,80.71050262451172,315.6400146484375,261.3800048828125,337.8599853515625,541.010009765625,80.72000122070312,315.5150146484375,261.24169921875,337.75,540.75,80.69999694824219,315.5249938964844,261.364990234375,337.79998779296875,540.9249877929688,80.70999908447266,32180,22419,7248,8854,51087
2026-08-20 14:44:00-04:00,315.6300964355469,261.32000732421875,337.7650146484375,540.9949951171875,80.68000030517578,315.70001220703125,261.32989501953125,337.8399963378906,541.0999755859375,80.72709655761719,315.57000732421875,261.239990234375,337.739990234375,540.8400268554688,80.68000030517578,315.6300048828125,261.30999755859375,337.760009765625,540.8400268554688,80.72000122070312,48793,20747,7425,9204,66006
2026-08-20 14:45:00-04:00,315.4150085449219,261.2499084472656,337.7099914550781,540.5850219726562,80.66000366210938,315.6300048828125,261.3699951171875,337.8399963378906,540.9398803710938,80.69000244140625,315.4100036621094,261.2349853515625,337.70001220703125,540.5,80.63999938964844,315.6300048828125,261.31500244140625,337.7099914550781,540.8699951171875,80.68009948730469,34570,23966,12742,18162,40262
2026-08-20 14:46:00-04:00,315.21051025390625,261.17999267578125,337.67999267578125,540.6900024414062,80.69499969482422,315.4200134277344,261.25,337.7200012207031,540.6900024414062,80.70500183105469,315.20001220703125,261.1697998046875,337.6600036621094,540.4650268554688,80.6500015258789,315.4200134277344,261.2200012207031,337.69000244140625,540.5650024414062,80.65010070800781,39542,16832,9145,22243,26679
2026-08-20 14:47:00-04:00,315.2398986816406,261.25,337.7699890136719,540.739990234375,80.68499755859375,315.2699890136719,261.25,337.7699890136719,540.75,80.69999694824219,315.1300048828125,261.1199951171875,337.6400146484375,540.5,80.68000030517578,315.2049865722656,261.19000244140625,337.6600036621094,540.6699829101562,80.69999694824219,51028,26724,13060,20058,24023
2026-08-20 14:48:00-04:00,315.2300109863281,261.2449951171875,337.7699890136719,540.7550048828125,80.68499755859375,315.30999755859375,261.32000732421875,337.8599853515625,540.8599243164062,80.69000244140625,315.1700134277344,261.2099914550781,337.70001220703125,540.5599975585938,80.67009735107422,315.2398986816406,261.24700927734375,337.7900085449219,540.7498779296875,80.69000244140625,45211,22064,13427,12389,18979
2026-08-20 14:49:00-04:00,315.17999267578125,261.2025146484375,337.7250061035156,540.6599731445312,80.6698989868164,315.44000244140625,261.2550048828125,337.80999755859375,540.8599853515625,80.69499969482422,315.17999267578125,261.17999267578125,337.6700134277344,540.6599731445312,80.6449966430664,315.2900085449219,261.239990234375,337.7699890136719,540.7000122070312,80.69000244140625,83347,22263,8279,8812,40940
2026-08-20 14:50:00-04:00,315.3299865722656,261.19500732421875,337.68499755859375,540.7949829101562,80.66500091552734,315.3900146484375,261.2799072265625,337.7950134277344,540.8900146484375,80.67630004882812,315.17999267578125,261.19500732421875,337.68499755859375,540.7349853515625,80.66000366210938,315.20001220703125,261.2099914550781,337.7200012207031,540.7349853515625,80.66500091552734,43722,25973,7625,14001,26140
2026-08-20 14:51:00-04:00,315.42999267578125,261.17999267578125,337.7900085449219,540.852783203125,80.66000366210938,315.4700012207031,261.25,337.8399963378906,541.0700073242188,80.66500091552734,315.32000732421875,261.17999267578125,337.68499755859375,540.719970703125,80.62999725341797,315.3299865722656,261.20001220703125,337.68499755859375,540.7849731445312,80.66000366210938,32072,22837,8905,13829,23951
2026-08-20 14:52:00-04:00,315.3699951171875,261.07501220703125,337.5877990722656,540.6099853515625,80.61499786376953,315.4599914550781,261.19000244140625,337.8500061035156,540.7999877929688,80.6500015258789,315.3699951171875,261.04998779296875,337.5877990722656,540.5700073242188,80.61009979248047,315.3699951171875,261.1600036621094,337.79010009765625,540.7899780273438,80.6500015258789,39702,45731,12896,12496,36728
2026-08-20 14:53:00-04:00,315.385009765625,261.0801086425781,337.6400146484375,540.3900146484375,80.62999725341797,315.3949890136719,261.1199951171875,337.7349853515625,540.6500244140625,80.6500015258789,315.3399963378906,261.04998779296875,337.6300048828125,540.3400268554688,80.61009979248047,315.3599853515625,261.0775146484375,337.6300048828125,540.5908203125,80.61499786376953,53399,38802,11568,15483,30388
2026-08-20 14:54:00-04:00,315.5350036621094,261.1700134277344,337.6600036621094,540.5498046875,80.62999725341797,315.54998779296875,261.1700134277344,337.7200012207031,540.6260986328125,80.64990234375,315.3699951171875,261.1000061035156,337.5950012207031,540.4199829101562,80.62000274658203,315.3800048828125,261.1000061035156,337.6400146484375,540.4500122070312,80.63500213623047,54298,31176,14093,17619,32101
2026-08-20 14:55:00-04:00,315.489990234375,261.1199951171875,337.71990966796875,540.864990234375,80.63500213623047,315.5350036621094,261.17999267578125,337.760009765625,540.969970703125,80.63999938964844,315.4501953125,261.1099853515625,337.6499938964844,540.5900268554688,80.61499786376953,315.5299987792969,261.1499938964844,337.6600036621094,540.6300048828125,80.63500213623047,30430,33943,8721,22465,26237
2026-08-20 14:56:00-04:00,315.3949890136719,261.1099853515625,337.70001220703125,540.5700073242188,80.63500213623047,315.5199890136719,261.1499938964844,337.7799987792969,540.9400024414062,80.63999938964844,315.3599853515625,261.07000732421875,337.6518859863281,540.530029296875,80.625,315.4898986816406,261.1199951171875,337.68499755859375,540.85498046875,80.63999938964844,43772,41456,6602,25140,19309
2026-08-20 14:57:00-04:00,315.364990234375,260.9949951171875,337.7298889160156,540.3699951171875,80.58499908447266,315.4200134277344,261.1000061035156,337.7850036621094,540.6099853515625,80.63500213623047,315.3210144042969,260.9718017578125,337.70001220703125,540.3699951171875,80.58499908447266,315.3949890136719,261.1000061035156,337.7300109863281,540.5300903320312,80.63500213623047,30691,39944,6245,11535,38790
2026-08-20 14:58:00-04:00,315.2591857910156,260.92999267578125,337.6289978027344,540.3499755859375,80.56500244140625,315.4100036621094,261.0199890136719,337.71990966796875,540.4199829101562,80.58999633789062,315.2301025390625,260.885009765625,337.6000061035156,540.2200927734375,80.56500244140625,315.3800048828125,261.0,337.69000244140625,540.385009765625,80.58499908447266,35659,41568,8573,12740,36259
2026-08-20 14:59:00-04:00,315.1278991699219,260.89208984375,337.57000732421875,540.2899780273438,80.53500366210938,315.2900085449219,260.95001220703125,337.6400146484375,540.5399780273438,80.56999969482422,315.081787109375,260.8349914550781,337.5299987792969,540.25,80.52999877929688,315.24468994140625,260.95001220703125,337.6199951171875,540.3350219726562,80.56500244140625,35506,34196,15049,15920,27865
2026-08-20 15:00:00-04:00,314.9100036621094,260.8399963378906,337.6700134277344,540.5999755859375,80.58499908447266,315.1199951171875,260.9100036621094,337.69500732421875,540.6400146484375,80.58989715576172,314.9049987792969,260.8284912109375,337.57000732421875,540.2899780273438,80.5199966430664,315.1199951171875,260.8901062011719,337.57000732421875,540.2899780273438,80.54000091552734,45281,31010,34080,15412,49198
2026-08-20 15:01:00-04:00,315.0007019042969,260.8200988769531,337.67999267578125,540.7100219726562,80.54499816894531,315.0685119628906,260.885009765625,337.7698974609375,540.9000244140625,80.5999984741211,314.8999938964844,260.7701110839844,337.6400146484375,540.5120849609375,80.52999877929688,314.9100036621094,260.8399963378906,337.67999267578125,540.6400146484375,80.58999633789062,32452,26642,24933,16989,73578
2026-08-20 15:02:00-04:00,314.9386901855469,260.95001220703125,337.7099914550781,540.989990234375,80.5199966430664,315.010009765625,260.9599914550781,337.8800048828125,540.989990234375,80.55000305175781,314.840087890625,260.8699035644531,337.67999267578125,540.6799926757812,80.51499938964844,314.9800109863281,260.8699035644531,337.760009765625,540.7000122070312,80.54499816894531,35639,23010,10362,10338,24440
2026-08-20 15:03:00-04:00,314.8599853515625,260.92999267578125,337.7200012207031,540.9600219726562,80.5199966430664,314.9399108886719,260.9700012207031,337.7698974609375,541.1500244140625,80.52999877929688,314.8500061035156,260.91009521484375,337.6400146484375,540.7999877929688,80.51000213623047,314.9200134277344,260.93798828125,337.75,541.0449829101562,80.5250015258789,24663,19780,15778,14093,19578
2026-08-20 15:04:00-04:00,315.0050048828125,260.9599914550781,337.739990234375,540.9600219726562,80.56500244140625,315.0299987792969,260.989990234375,337.739990234375,540.989990234375,80.57499694824219,314.860107421875,260.92498779296875,337.6499938964844,540.8400268554688,80.5199966430664,314.8699951171875,260.92999267578125,337.69000244140625,540.9149780273438,80.5199966430664,39081,17236,6346,10851,19108
2026-08-20 15:05:00-04:00,315.1029968261719,260.92999267578125,337.7099914550781,540.9550170898438,80.4833984375,315.1199951171875,260.9800109863281,337.7278137207031,541.0700073242188,80.55999755859375,314.9700012207031,260.9100036621094,337.6549987792969,540.7999877929688,80.4800033569336,315.0299987792969,260.95001220703125,337.69000244140625,540.969970703125,80.55999755859375,36033,20299,14821,19982,52735
2026-08-20 15:06:00-04:00,315.05999755859375,260.9700012207031,337.6300048828125,540.8724975585938,80.51439666748047,315.1199951171875,261.0589904785156,337.8323059082031,541.0700073242188,80.5250015258789,315.010009765625,260.8500061035156,337.54998779296875,540.77001953125,80.45999908447266,315.1000061035156,260.9200134277344,337.7099914550781,540.885009765625,80.4800033569336,40728,41461,21674,18576,43296
2026-08-20 15:07:00-04:00,315.0150146484375,260.95001220703125,337.7922058105469,541.010009765625,80.54000091552734,315.0299987792969,261.0,337.79998779296875,541.0900268554688,80.54000091552734,314.8399963378906,260.8800048828125,337.625,540.8499755859375,80.51000213623047,315.010009765625,260.9700012207031,337.6549987792969,540.9000244140625,80.51000213623047,51505,50779,15527,10121,65726
2026-08-20 15:08:00-04:00,314.94000244140625,260.9750061035156,337.75,540.8699951171875,80.51000213623047,315.0299987792969,261.0299987792969,337.80499267578125,541.1199951171875,80.55000305175781,314.9200134277344,260.9508056640625,337.68499755859375,540.8699951171875,80.51000213623047,315.0199890136719,260.9599914550781,337.80499267578125,541.0424194335938,80.54000091552734,40486,30136,11574,23990,38029
2026-08-20 15:09:00-04:00,314.8999938964844,260.9649963378906,337.92498779296875,541.0999755859375,80.51000213623047,314.9700012207031,261.010009765625,337.92498779296875,541.1500244140625,80.5199966430664,314.82000732421875,260.9330139160156,337.760009765625,540.8599853515625,80.5,314.93499755859375,260.9800109863281,337.7699890136719,540.9299926757812,80.5199966430664,35301,30325,12823,14239,27420
2026-08-20 15:10:00-04:00,314.8450012207031,261.0299987792969,337.94000244140625,541.4199829101562,80.53500366210938,314.9150085449219,261.0450134277344,337.9898986816406,541.4400024414062,80.53500366210938,314.760009765625,260.94000244140625,337.89111328125,541.010009765625,80.49500274658203,314.8999938964844,260.9800109863281,337.9100036621094,541.030029296875,80.50579833984375,42719,24836,220035,25903,26127
2026-08-20 15:11:00-04:00,314.68310546875,261.0094909667969,337.8800048828125,541.3800048828125,80.50189971923828,314.8500061035156,261.0150146484375,338.05999755859375,541.7000122070312,80.54499816894531,314.67999267578125,260.9549865722656,337.8599853515625,541.25,80.5,314.8500061035156,261.010009765625,337.94000244140625,541.4199829101562,80.53500366210938,37836,25276,19501,15162,34664
2026-08-20 15:12:00-04:00,314.7294921875,261.0299987792969,337.9100036621094,541.9749755859375,80.5199966430664,314.7300109863281,261.0299987792969,337.9198913574219,542.1500244140625,80.54000091552734,314.635009765625,260.95001220703125,337.79998779296875,541.239990234375,80.5,314.7294921875,260.989990234375,337.8800048828125,541.2755126953125,80.50499725341797,42305,31273,15052,37226,50321
2026-08-20 15:13:00-04:00,314.7149963378906,261.1000061035156,338.05999755859375,541.6799926757812,80.5250015258789,314.7950134277344,261.1000061035156,338.07000732421875,542.0421142578125,80.52629852294922,314.69049072265625,261.0,337.8800048828125,541.5408935546875,80.49500274658203,314.7101135253906,261.0304870605469,337.9800109863281,541.9459838867188,80.5250015258789,36937,25412,10190,19667,27144
2026-08-20 15:14:00-04:00,314.5599060058594,260.9800109863281,338.1650085449219,541.8599853515625,80.53500366210938,314.70001220703125,261.1084899902344,338.17999267578125,541.9000244140625,80.54000091552734,314.4849853515625,260.9649963378906,338.010009765625,541.5900268554688,80.5199966430664,314.70001220703125,261.0899963378906,338.0299987792969,541.6500244140625,80.52999877929688,58838,40309,10581,22792,24211
2026-08-20 15:15:00-04:00,314.4649963378906,261.2200012207031,338.19000244140625,542.2999877929688,80.55000305175781,314.5400085449219,261.222900390625,338.322998046875,542.4514770507812,80.55989837646484,314.3800048828125,260.9849853515625,338.17999267578125,541.9600219726562,80.53500366210938,314.5,260.989990234375,338.17999267578125,541.9600219726562,80.53500366210938,99007,46237,14574,26503,24734
2026-08-20 15:16:00-04:00,314.3900146484375,261.2049865722656,338.2300109863281,542.260009765625,80.52999877929688,314.5199890136719,261.2300109863281,338.2698974609375,542.3099975585938,80.54499816894531,314.3699951171875,261.1401062011719,338.1300048828125,542.1900024414062,80.5199966430664,314.4649963378906,261.2099914550781,338.17999267578125,542.2650146484375,80.54499816894531,47611,30053,31675,14259,26703
2026-08-20 15:17:00-04:00,314.1400146484375,261.0899963378906,338.20440673828125,542.0599975585938,80.48500061035156,314.3999938964844,261.2200012207031,338.29998779296875,542.3599853515625,80.52999877929688,314.12310791015625,261.07000732421875,338.1499938964844,542.0499877929688,80.47000122070312,314.3800048828125,261.17999267578125,338.2250061035156,542.239990234375,80.5250015258789,64736,29609,21432,27393,54080
2026-08-20 15:18:00-04:00,314.1199951171875,261.19000244140625,338.1700134277344,541.7899780273438,80.42500305175781,314.135009765625,261.2340087890625,338.2049865722656,542.119873046875,80.48500061035156,314.0400085449219,261.05999755859375,338.0799865722656,541.6199951171875,80.42500305175781,314.1300048828125,261.07000732421875,338.1499938964844,542.0499877929688,80.48500061035156,57179,45041,26946,76001,33976
2026-08-20 15:19:00-04:00,314.0400085449219,261.05999755859375,338.20001220703125,541.6300048828125,80.4000015258789,314.20989990234375,261.25,338.2554931640625,541.8099975585938,80.43000030517578,313.989990234375,261.05999755859375,338.1600036621094,541.5999755859375,80.4000015258789,314.1199951171875,261.18499755859375,338.1600036621094,541.8099975585938,80.4260025024414,48885,70979,13033,14066,26357
2026-08-20 15:20:00-04:00,313.9804992675781,261.1199951171875,338.2200012207031,541.6300048828125,80.38500213623047,314.1400146484375,261.1549987792969,338.2950134277344,541.7999877929688,80.40499877929688,313.9800109863281,261.0799865722656,338.20001220703125,541.5800170898438,80.37000274658203,314.0450134277344,261.1000061035156,338.2250061035156,541.6900024414062,80.40499877929688,45107,26854,11087,21080,37428
2026-08-20 15:21:00-04:00,313.8500061035156,261.1700134277344,338.25799560546875,542.1033935546875,80.39969635009766,314.0398864746094,261.260009765625,338.32989501953125,542.1199951171875,80.39969635009766,313.80999755859375,261.1199951171875,338.2049865722656,541.5900268554688,80.37000274658203,313.9800109863281,261.1199951171875,338.2049865722656,541.6799926757812,80.38500213623047,74612,111930,24277,17651,26021
2026-08-20 15:22:00-04:00,313.7200012207031,261.2099914550781,338.3900146484375,542.1500854492188,80.41500091552734,313.9100036621094,261.2200012207031,338.3999938964844,542.25,80.41999816894531,313.69000244140625,261.17999267578125,338.2001037597656,542.0700073242188,80.3949966430664,313.8599853515625,261.18499755859375,338.2001037597656,542.114990234375,80.3949966430664,51773,35090,14102,15942,43390
2026-08-20 15:23:00-04:00,313.6499938964844,261.1600036621094,338.2301025390625,541.969970703125,80.3949966430664,313.760009765625,261.214111328125,338.3500061035156,542.3250122070312,80.41500091552734,313.54998779296875,261.1400146484375,338.2300109863281,541.969970703125,80.38999938964844,313.7200012207031,261.19000244140625,338.3399963378906,542.1849975585938,80.41500091552734,287581,41090,9089,19700,32282
2026-08-20 15:24:00-04:00,313.8797912597656,261.25,338.32000732421875,542.7100219726562,80.44999694824219,313.8800048828125,261.25,338.3349914550781,542.7100219726562,80.44999694824219,313.55999755859375,261.1600036621094,338.239990234375,542.0,80.38999938964844,313.6650085449219,261.1799011230469,338.25,542.0,80.3949966430664,101542,41152,9045,14456,45758
2026-08-20 15:25:00-04:00,313.8999938964844,261.30499267578125,338.33221435546875,542.4149780273438,80.41999816894531,313.9200134277344,261.3800048828125,338.4200134277344,542.7899780273438,80.47000122070312,313.7799987792969,261.2699890136719,338.29998779296875,542.385009765625,80.41500091552734,313.8800048828125,261.2699890136719,338.3204040527344,542.6599731445312,80.41999816894531,128153,33753,10907,21943,38792
2026-08-20 15:26:00-04:00,313.7449951171875,261.2900085449219,338.4649963378906,542.4445190429688,80.3949966430664,313.9100036621094,261.30999755859375,338.6000061035156,542.47998046875,80.41999816894531,313.7200012207031,261.2080078125,338.2699890136719,542.2249755859375,80.37000274658203,313.8900146484375,261.30499267578125,338.30999755859375,542.27001953125,80.41999816894531,62277,33444,30858,22218,36271
2026-08-20 15:27:00-04:00,313.6650085449219,261.1400146484375,338.32000732421875,542.375,80.3949966430664,313.7898864746094,261.29998779296875,338.4849853515625,542.4500122070312,80.39990234375,313.6300048828125,261.1400146484375,338.30999755859375,542.114990234375,80.37999725341797,313.7449951171875,261.2998962402344,338.4599914550781,542.4099731445312,80.3949966430664,74081,31794,9912,28529,29460
2026-08-20 15:28:00-04:00,313.3900146484375,261.25,338.3299865722656,542.3699951171875,80.37989807128906,313.70001220703125,261.25,338.33990478515625,542.52001953125,80.38510131835938,313.3399963378906,261.1484069824219,338.264892578125,542.2830200195312,80.37000274658203,313.67999267578125,261.1611022949219,338.2799987792969,542.3200073242188,80.38500213623047,107782,35070,12148,13737,29214
2026-08-20 15:29:00-04:00,313.3699951171875,261.3099060058594,338.375,542.6868286132812,80.42500305175781,313.5,261.3299865722656,338.3999938964844,542.7000122070312,80.43000030517578,313.29998779296875,261.2300109863281,338.2799987792969,542.3800048828125,80.375,313.3900146484375,261.2300109863281,338.30999755859375,542.3800048828125,80.375,80201,32410,14861,15541,42128
2026-08-20 15:30:00-04:00,313.1700134277344,261.3900146484375,338.6199951171875,542.9349975585938,80.51000213623047,313.45001220703125,261.5299987792969,338.7300109863281,543.1950073242188,80.52999877929688,313.1318054199219,261.32501220703125,338.3800048828125,542.7000122070312,80.43000030517578,313.3900146484375,261.3299865722656,338.3800048828125,542.7000122070312,80.43000030517578,86487,52922,31466,30046,59371
2026-08-20 15:31:00-04:00,312.98388671875,261.19000244140625,338.55999755859375,542.989990234375,80.48500061035156,313.17498779296875,261.44000244140625,338.7200012207031,543.0999755859375,80.54499816894531,312.95001220703125,261.17999267578125,338.5450134277344,542.8963012695312,80.48500061035156,313.17498779296875,261.3999938964844,338.6700134277344,542.989990234375,80.5199966430664,91012,50129,17982,16699,41054
2026-08-20 15:32:00-04:00,313.1449890136719,261.1000061035156,338.56500244140625,543.280029296875,80.55999755859375,313.1700134277344,261.20001220703125,338.6300048828125,543.4099731445312,80.56999969482422,312.94000244140625,261.1000061035156,338.510009765625,542.8699951171875,80.4801025390625,313.0199890136719,261.1700134277344,338.53509521484375,542.9400024414062,80.4801025390625,69205,47729,18013,24721,47769
2026-08-20 15:33:00-04:00,313.2701110839844,261.17999267578125,338.5199890136719,543.14501953125,80.54000091552734,313.3299865722656,261.239990234375,338.58349609375,543.3900146484375,80.59500122070312,313.1199951171875,261.06451416015625,338.45001220703125,543.114990234375,80.5250015258789,313.1549987792969,261.0899963378906,338.56500244140625,543.2849731445312,80.56999969482422,116731,47557,14456,20064,50609
2026-08-20 15:34:00-04:00,313.3999938964844,261.2300109863281,338.4100036621094,543.02001953125,80.55999755859375,313.44000244140625,261.239501953125,338.4800109863281,543.1400146484375,80.56500244140625,313.239990234375,261.1400146484375,338.3599853515625,542.5999755859375,80.53500366210938,313.29998779296875,261.1700134277344,338.4800109863281,543.1400146484375,80.54499816894531,110289,41550,19495,43655,45628
2026-08-20 15:35:00-04:00,313.54998779296875,261.17999267578125,338.4100036621094,543.3515014648438,80.6050033569336,313.54998779296875,261.2349853515625,338.44000244140625,543.4299926757812,80.6050033569336,313.3599853515625,261.1600036621094,338.3450012207031,542.9400024414062,80.54499816894531,313.3949890136719,261.17999267578125,338.4150085449219,543.0399780273438,80.56999969482422,127604,43961,15844,28764,50623
2026-08-20 15:36:00-04:00,313.4800109863281,261.2099914550781,338.3999938964844,543.5474243164062,80.61499786376953,313.6499938964844,261.29998779296875,338.44000244140625,543.6099853515625,80.63500213623047,313.44000244140625,261.1400146484375,338.3599853515625,543.27001953125,80.6050033569336,313.57000732421875,261.1400146484375,338.3599853515625,543.2949829101562,80.6050033569336,171957,55423,17337,19079,39821
2026-08-20 15:37:00-04:00,313.385009765625,261.2799987792969,338.4150085449219,543.4998779296875,80.65499877929688,313.5299987792969,261.32000732421875,338.44000244140625,543.72998046875,80.66999816894531,313.2900085449219,261.19000244140625,338.3500061035156,543.3900146484375,80.59500122070312,313.4700927734375,261.2200012207031,338.3949890136719,543.5399780273438,80.61499786376953,81870,44082,19470,18860,71132
2026-08-20 15:38:00-04:00,313.4200134277344,261.26800537109375,338.4200134277344,543.280029296875,80.6449966430664,313.44000244140625,261.3395080566406,338.4700012207031,543.6099853515625,80.67500305175781,313.2799987792969,261.2275085449219,338.35400390625,543.239990234375,80.63500213623047,313.385009765625,261.2900085449219,338.43499755859375,543.5,80.6449966430664,49326,40483,17158,23700,43685
2026-08-20 15:39:00-04:00,313.44000244140625,261.3450012207031,338.55999755859375,543.2899780273438,80.65499877929688,313.510009765625,261.3599853515625,338.5849914550781,543.52001953125,80.69000244140625,313.364990234375,261.2550048828125,338.45001220703125,543.260009765625,80.63500213623047,313.4049987792969,261.2699890136719,338.4700012207031,543.280029296875,80.6500015258789,52067,69418,22455,17017,50427
2026-08-20 15:40:00-04:00,313.3699951171875,261.2200012207031,338.44500732421875,543.1300048828125,80.625,313.5,261.3500061035156,338.55999755859375,543.5,80.65499877929688,313.3599853515625,261.2099914550781,338.4049987792969,543.06201171875,80.61000061035156,313.45001220703125,261.3319091796875,338.5350036621094,543.2100219726562,80.65499877929688,51385,36476,18868,17693,66877
2026-08-20 15:41:00-04:00,313.273193359375,261.2109069824219,338.4700012207031,543.3049926757812,80.65499877929688,313.375,261.260009765625,338.489990234375,543.3300170898438,80.65499877929688,313.2099914550781,261.2099914550781,338.4172058105469,543.0999755859375,80.625,313.3699951171875,261.2349853515625,338.4800109863281,543.3049926757812,80.62999725341797,89687,49831,511167,13735,47699
2026-08-20 15:42:00-04:00,313.1820068359375,261.0199890136719,338.3800048828125,542.9301147460938,80.625,313.32000732421875,261.2200012207031,338.5050048828125,543.2999877929688,80.65499877929688,313.1600036621094,261.0199890136719,338.3800048828125,542.875,80.62010192871094,313.1820068359375,261.2099914550781,338.45001220703125,543.25,80.65499877929688,21603015,43455,13431,25651,46771
2026-08-20 15:43:00-04:00,313.04998779296875,260.95001220703125,338.32000732421875,542.77001953125,80.57499694824219,313.19000244140625,261.010009765625,338.3900146484375,542.9299926757812,80.62000274658203,313.0,260.8901062011719,338.32000732421875,542.719970703125,80.57009887695312,313.1820068359375,261.010009765625,338.3900146484375,542.9299926757812,80.62000274658203,70101,71507,18566,19521,42143
2026-08-20 15:44:00-04:00,312.9599914550781,260.95001220703125,338.4200134277344,543.1699829101562,80.55500030517578,313.04998779296875,261.0198974609375,338.4700012207031,543.260009765625,80.57499694824219,312.9100036621094,260.94000244140625,338.30999755859375,542.77001953125,80.55000305175781,313.04998779296875,260.95001220703125,338.3349914550781,542.77001953125,80.57499694824219,79332,83825,18630,28601,36756
2026-08-20 15:45:00-04:00,312.8299865722656,261.1000061035156,338.4100036621094,543.405029296875,80.5,313.08990478515625,261.1000061035156,338.43499755859375,543.5399780273438,80.56500244140625,312.6300048828125,260.9338073730469,338.3599853515625,543.0900268554688,80.48500061035156,313.0,260.9599914550781,338.4150085449219,543.1749877929688,80.55500030517578,128356,82387,24079,33713,65482
2026-08-20 15:46:00-04:00,312.67498779296875,261.0899963378906,338.510009765625,543.5650024414062,80.48500061035156,312.8800048828125,261.1199951171875,338.510009765625,543.64990234375,80.50499725341797,312.4599914550781,261.010009765625,338.3399963378906,543.239990234375,80.43499755859375,312.8399963378906,261.1199951171875,338.42999267578125,543.405029296875,80.50499725341797,152127,35969,22446,23269,56201
2026-08-20 15:47:00-04:00,312.54998779296875,261.2099914550781,338.5350036621094,544.5798950195312,80.52999877929688,312.7300109863281,261.2099914550781,338.55999755859375,544.5800170898438,80.52999877929688,312.4601135253906,261.1099853515625,338.4800109863281,543.5850219726562,80.48999786376953,312.6700134277344,261.1099853515625,338.510009765625,544.5798950195312,80.49009704589844,126583,48574,28371,63804,45360
2026-08-20 15:48:00-04:00,312.6199951171875,261.3800048828125,338.8999938964844,544.880126953125,80.51499938964844,312.7699890136719,261.4100036621094,338.8999938964844,544.9199829101562,80.55999755859375,312.5400085449219,261.2099914550781,338.5199890136719,544.5900268554688,80.5,312.54998779296875,261.2099914550781,338.5350036621094,544.5900268554688,80.52999877929688,87272,39080,39447,74189,64247
2026-08-20 15:49:00-04:00,312.6700134277344,261.5400085449219,338.8900146484375,544.969970703125,80.5,312.6995849609375,261.54998779296875,338.9700012207031,545.22900390625,80.5250015258789,312.43011474609375,261.375,338.8399963378906,544.780029296875,80.48999786376953,312.6199951171875,261.375,338.8800048828125,544.9299926757812,80.51499938964844,92889,69532,28842,124828,60602
2026-08-20 15:50:00-04:00,312.7749938964844,261.2950134277344,338.7799987792969,544.9149780273438,80.62999725341797,312.79998779296875,261.5299987792969,338.8699951171875,545.0,80.62999725341797,312.489990234375,261.1700134277344,338.4775085449219,544.1099853515625,80.49500274658203,312.6700134277344,261.510009765625,338.8500061035156,544.8200073242188,80.5,128509,115685,54811,121317,94833
2026-08-20 15:51:00-04:00,312.7850036621094,261.05999755859375,338.4599914550781,544.9600219726562,80.54499816894531,312.9700012207031,261.29998779296875,338.81500244140625,545.1799926757812,80.63500213623047,312.739990234375,261.04998779296875,338.42999267578125,544.6300048828125,80.5,312.7900085449219,261.2998962402344,338.80499267578125,544.8800048828125,80.62999725341797,115647,114127,48123,112226,137826
2026-08-20 15:52:00-04:00,312.6000061035156,261.0,338.45001220703125,545.3699951171875,80.5999984741211,312.7799987792969,261.0400085449219,338.4800109863281,545.4500122070312,80.5999984741211,312.5400085449219,260.8599853515625,338.3100891113281,544.5601196289062,80.48999786376953,312.6000061035156,261.0299987792969,338.44000244140625,544.9949951171875,80.54499816894531,110886,93473,37939,78311,131426
2026-08-20 15:53:00-04:00,312.4200134277344,260.92999267578125,338.3450012207031,546.2100830078125,80.54000091552734,312.6499938964844,260.989990234375,338.5400085449219,546.3289794921875,80.62999725341797,312.3900146484375,260.8800048828125,338.3450012207031,545.3699951171875,80.54000091552734,312.6099853515625,260.989990234375,338.44000244140625,546.2100830078125,80.5999984741211,132959,91596,51471,93157,137996
2026-08-20 15:54:00-04:00,311.92999267578125,260.0400085449219,338.5899963378906,547.2999877929688,80.37000274658203,312.5799865722656,261.0400085449219,338.6400146484375,547.3200073242188,80.54000091552734,311.9100036621094,259.8999938964844,338.2300109863281,545.8900146484375,80.36000061035156,312.44000244140625,260.94000244140625,338.3399963378906,546.1799926757812,80.54000091552734,255712,297348,62189,79589,132554
2026-08-20 15:55:00-04:00,311.3299865722656,260.04010009765625,337.54998779296875,546.905029296875,80.25499725341797,311.9599914550781,260.4200134277344,338.6199951171875,548.010009765625,80.37999725341797,311.16009521484375,259.75,337.4599914550781,546.2899780273438,80.2249984741211,311.95001220703125,260.04010009765625,338.6199951171875,547.25,80.37999725341797,400793,377041,149540,187588,254224
2026-08-20 15:56:00-04:00,311.2300109863281,259.9800109863281,337.8800048828125,546.6599731445312,80.1500015258789,311.4200134277344,260.04998779296875,337.8900146484375,547.0599975585938,80.25499725341797,311.19000244140625,259.8699951171875,337.4700012207031,546.3800048828125,80.1500015258789,311.3320007324219,260.0450134277344,337.54998779296875,547.0,80.25499725341797,304222,243903,80095,114419,149304
2026-08-20 15:57:00-04:00,310.9800109863281,259.92999267578125,337.8599853515625,546.0999755859375,80.05999755859375,311.260009765625,260.114990234375,337.9200134277344,546.72998046875,80.15499877929688,310.6499938964844,259.5199890136719,337.6499938964844,545.8599853515625,80.0250015258789,311.2300109863281,259.989990234375,337.8900146484375,546.6599731445312,80.13999938964844,449993,386797,109632,102526,245700
2026-08-20 15:58:00-04:00,311.04998779296875,260.1199951171875,338.05999755859375,545.7849731445312,80.11000061035156,311.05999755859375,260.1700134277344,338.0899963378906,546.1599731445312,80.125,310.7300109863281,259.90478515625,337.8599853515625,545.5126953125,80.05999755859375,310.989990234375,259.94000244140625,337.864990234375,546.1500244140625,80.06500244140625,567148,518876,120019,115946,353325
2026-08-20 15:59:00-04:00,311.3399963378906,260.19000244140625,338.2300109863281,545.885009765625,80.16999816894531,311.3999938964844,260.2699890136719,338.29998779296875,546.0900268554688,80.19999694824219,310.9700012207031,260.010009765625,337.9800109863281,545.4400024414062,80.11000061035156,311.05999755859375,260.1099853515625,338.0799865722656,545.7899780273438,80.11000061035156,1135684,945141,351936,223294,931103
2026-08-21 09:30:00-04:00,311.2699890136719,259.3699951171875,338.7300109863281,545.489990234375,79.86180114746094,312.3800048828125,261.0799865722656,340.2799987792969,546.885009765625,80.33999633789062,311.05499267578125,259.30999755859375,338.42999267578125,544.1400146484375,79.70999908447266,312.04998779296875,260.75,340.2799987792969,546.885009765625,80.2699966430664,5719980,4285968,1969285,1159065,2197265
2026-08-21 09:31:00-04:00,309.20001220703125,258.593994140625,338.6300048828125,545.1400146484375,79.4800033569336,312.1877136230469,259.42999267578125,339.1300048828125,546.2050170898438,79.87999725341797,309.20001220703125,258.3500061035156,338.42999267578125,543.22998046875,79.44999694824219,311.42999267578125,259.3800048828125,338.82000732421875,545.1900024414062,79.8499984741211,187026,251209,42767,340026,209684
2026-08-21 09:32:00-04:00,309.6300964355469,258.70001220703125,338.45001220703125,546.2050170898438,79.55000305175781,309.7950134277344,259.010009765625,338.7900085449219,547.1799926757812,79.69999694824219,308.5799865722656,258.20001220703125,338.239990234375,544.97998046875,79.41999816894531,309.19000244140625,258.5950012207031,338.55999755859375,545.0,79.50599670410156,197189,204745,38846,55993,125265
2026-08-21 09:33:00-04:00,308.6700134277344,258.510009765625,338.364501953125,545.77001953125,79.6500015258789,309.7099914550781,258.9200134277344,338.9396057128906,546.5800170898438,79.73999786376953,308.57659912109375,258.4100036621094,337.82000732421875,544.9099731445312,79.51000213623047,309.6199951171875,258.7200012207031,338.43499755859375,546.2050170898438,79.55000305175781,152840,292080,66207,33600,77700
2026-08-21 09:34:00-04:00,308.0899963378906,258.2627868652344,338.67999267578125,546.2750244140625,79.6875,308.9200134277344,258.8299865722656,338.9798889160156,546.9000244140625,79.79989624023438,307.67999267578125,258.2300109863281,338.29998779296875,545.4400024414062,79.625,308.6600036621094,258.489990234375,338.4700012207031,545.510009765625,79.625,237403,211069,42085,31889,54184
2026-08-21 09:35:00-04:00,308.29998779296875,258.1300048828125,339.17999267578125,546.9400024414062,79.63710021972656,308.7398986816406,258.5299987792969,339.2099914550781,547.389892578125,79.77999877929688,308.0899963378906,258.0299987792969,338.6499938964844,546.1600952148438,79.58999633789062,308.0899963378906,258.2200012207031,338.67999267578125,546.3300170898438,79.69010162353516,206127,212818,54672,38071,64459
2026-08-21 09:36:00-04:00,307.9049987792969,258.0150146484375,339.1300048828125,548.8599853515625,79.73500061035156,308.65069580078125,258.46990966796875,339.20001220703125,548.9658203125,79.75,307.760009765625,257.760009765625,338.80999755859375,546.5999755859375,79.5,308.25,258.12640380859375,339.1099853515625,546.7100219726562,79.62999725341797,171237,246547,36671,56856,98584
2026-08-21 09:37:00-04:00,308.7900085449219,257.6499938964844,339.2049865722656,548.4185180664062,79.98999786376953,308.7997131347656,258.1300048828125,339.3900146484375,549.0598754882812,80.06999969482422,307.9200134277344,257.34051513671875,338.8599853515625,547.8499755859375,79.7699966430664,307.9200134277344,258.0299987792969,339.0950012207031,548.864990234375,79.7699966430664,129224,312231,35848,45155,83607
2026-08-21 09:38:00-04:00,308.4750061035156,257.4800109863281,339.2200012207031,549.5700073242188,80.04440307617188,308.885009765625,257.7550048828125,339.489990234375,549.5999145507812,80.11499786376953,308.4100036621094,257.2300109863281,338.989990234375,548.489990234375,79.93499755859375,308.80999755859375,257.68499755859375,339.2200012207031,548.5,80.01000213623047,128722,310915,41599,47632,42687
2026-08-21 09:39:00-04:00,308.1910095214844,257.4049987792969,339.4884948730469,549.780029296875,80.0,308.6099853515625,257.8800048828125,339.5199890136719,549.780029296875,80.08499908447266,308.1499938964844,257.0350036621094,338.8583984375,548.8099975585938,79.96009826660156,308.4649963378906,257.5429992675781,339.1700134277344,549.4000244140625,80.0656967163086,110982,410976,39551,46707,65593
2026-08-21 09:40:00-04:00,307.9049987792969,257.4700012207031,339.6099853515625,550.030029296875,79.84919738769531,308.3299865722656,257.7200012207031,339.8500061035156,550.6527709960938,80.01499938964844,307.8299865722656,257.32000732421875,339.3900146484375,549.5449829101562,79.81999969482422,308.1600036621094,257.375,339.3999938964844,549.5750122070312,80.0,127759,244226,32978,64132,58133
2026-08-21 09:41:00-04:00,307.5799865722656,257.9549865722656,339.6300048828125,549.8300170898438,79.83000183105469,308.0199890136719,258.0799865722656,340.0199890136719,550.3250122070312,79.86949920654297,307.44000244140625,257.2349853515625,339.5950012207031,549.6605834960938,79.76000213623047,307.8900146484375,257.5198974609375,339.5950012207031,550.1900024414062,79.83999633789062,156087,228599,33672,32689,72191
2026-08-21 09:42:00-04:00,308.2250061035156,258.3500061035156,339.3349914550781,550.4099731445312,79.83999633789062,308.3599853515625,258.5199890136719,339.5849914550781,550.6799926757812,79.93499755859375,307.5450134277344,257.8575134277344,339.0899963378906,549.8350219726562,79.80000305175781,307.5950012207031,257.9549865722656,339.55999755859375,550.0,79.80999755859375,147529,232510,19780,29601,72327
2026-08-21 09:43:00-04:00,308.0849914550781,257.7799987792969,338.7950134277344,549.8200073242188,79.67990112304688,308.364990234375,258.44000244140625,339.67999267578125,550.989990234375,79.83000183105469,308.04998779296875,257.7099914550781,338.75,549.8200073242188,79.62999725341797,308.2250061035156,258.4150085449219,339.2799987792969,550.4299926757812,79.83000183105469,98357,218588,40710,44743,53275
2026-08-21 09:44:00-04:00,308.1199951171875,257.9999084472656,338.9305114746094,548.96728515625,79.66480255126953,308.3349914550781,258.1698913574219,339.07000732421875,550.0349731445312,79.69000244140625,307.8599853515625,257.6700134277344,338.5,548.8499755859375,79.55999755859375,308.0849914550781,257.8399963378906,338.7799987792969,550.0349731445312,79.66000366210938,74728,98853,45397,32517,53784
2026-08-21 09:45:00-04:00,307.7349853515625,257.8599853515625,339.1604919433594,548.8350219726562,79.51000213623047,308.32501220703125,258.1000061035156,339.3500061035156,549.8300170898438,79.69000244140625,307.7049865722656,257.75,338.92999267578125,548.6500244140625,79.45500183105469,308.0899963378906,257.9599914550781,339.05999755859375,548.9550170898438,79.51000213623047,79665,114160,25727,30935,3393988
2026-08-21 09:46:00-04:00,307.6700134277344,257.6600036621094,339.460205078125,550.280029296875,79.41999816894531,308.20001220703125,257.852294921875,339.69000244140625,550.3499755859375,79.58999633789062,307.6000061035156,257.5299987792969,339.1000061035156,548.6500244140625,79.41999816894531,307.7349853515625,257.852294921875,339.2049865722656,548.6500244140625,79.51000213623047,96170,132695,26988,37030,58410
2026-08-21 09:47:00-04:00,307.6748962402344,258.135009765625,339.4849853515625,550.9199829101562,79.47339630126953,307.8500061035156,258.2099914550781,339.79998779296875,551.0,79.4800033569336,307.5505065917969,257.67999267578125,339.30999755859375,550.0,79.36000061035156,307.6700134277344,257.67999267578125,339.5050048828125,550.1500244140625,79.43000030517578,53321,108923,25796,38422,86023
2026-08-21 09:48:00-04:00,307.19000244140625,258.0849914550781,339.1300048828125,550.6849975585938,79.33000183105469,307.6755065917969,258.3999938964844,339.5799865722656,551.2000122070312,79.4749984741211,307.0199890136719,257.9949951171875,339.1300048828125,550.2800903320312,79.33000183105469,307.6570129394531,258.135009765625,339.4949951171875,550.9199829101562,79.4749984741211,130445,100343,25634,25449,44262
2026-08-21 09:49:00-04:00,307.4295959472656,258.4700012207031,339.2099914550781,551.4000244140625,79.44640350341797,307.510009765625,258.5799865722656,339.2900085449219,551.4299926757812,79.4749984741211,307.04998779296875,258.0,339.0299987792969,550.3599853515625,79.27999877929688,307.2300109863281,258.0505065917969,339.17999267578125,550.6851196289062,79.31999969482422,104867,110640,21471,50281,71475
2026-08-21 09:50:00-04:00,307.1199951171875,258.581298828125,339.05999755859375,551.9550170898438,79.36000061035156,307.4599914550781,258.7489929199219,339.3699035644531,552.2899780273438,79.46399688720703,307.010009765625,258.4200134277344,338.9700012207031,551.239990234375,79.3499984741211,307.4200134277344,258.42999267578125,339.20001220703125,551.2999877929688,79.44000244140625,98224,147422,28464,75716,49661
2026-08-21 09:51:00-04:00,307.4324951171875,258.80499267578125,339.1199951171875,552.3400268554688,79.39810180664062,307.5899963378906,258.82000732421875,339.45001220703125,552.6900024414062,79.41999816894531,307.1099853515625,258.4599914550781,339.0899963378906,551.8928833007812,79.33999633789062,307.1319885253906,258.55999755859375,339.1000061035156,551.9600219726562,79.3499984741211,105743,120963,21484,46014,40568
2026-08-21 09:52:00-04:00,307.9200134277344,258.9849853515625,339.1700134277344,551.3941040039062,79.51000213623047,307.92999267578125,258.9849853515625,339.2349853515625,552.5900268554688,79.51000213623047,307.3500061035156,258.6199951171875,338.9700012207031,551.1199951171875,79.4000015258789,307.44000244140625,258.82000732421875,339.110107421875,552.3400268554688,79.4000015258789,77900,77303,28680,43537,49946
2026-08-21 09:53:00-04:00,307.5,258.7699890136719,339.1400146484375,550.9299926757812,79.54000091552734,308.0199890136719,259.1700134277344,339.3999938964844,552.1900024414062,79.58000183105469,307.489990234375,258.739990234375,339.010009765625,550.8713989257812,79.51000213623047,307.9150085449219,258.9800109863281,339.25,551.4450073242188,79.5199966430664,85752,114509,18972,38671,35400
2026-08-21 09:54:00-04:00,307.31500244140625,258.75,339.1499938964844,550.64501953125,79.5199966430664,307.5799865722656,258.8299865722656,339.37060546875,551.260009765625,79.63999938964844,307.2250061035156,258.45001220703125,339.04998779296875,550.6099853515625,79.51000213623047,307.5050048828125,258.7950134277344,339.1000061035156,550.860107421875,79.5199966430664,78410,83298,17595,33297,41840
2026-08-21 09:55:00-04:00,307.125,258.4849853515625,339.0199890136719,549.2100219726562,79.51909637451172,307.3399963378906,258.81500244140625,339.28948974609375,550.6400146484375,79.53260040283203,307.07049560546875,258.38531494140625,339.0,549.030029296875,79.4800033569336,307.3399963378906,258.4849853515625,339.0899963378906,550.6162109375,79.5,64112,148871,23615,74333,40064
2026-08-21 09:56:00-04:00,307.30999755859375,258.5150146484375,339.1449890136719,549.6599731445312,79.46009826660156,307.5889892578125,258.6000061035156,339.3399963378906,549.780029296875,79.55999755859375,307.1400146484375,258.4100036621094,339.0,549.0239868164062,79.44999694824219,307.1400146484375,258.44000244140625,339.04998779296875,549.3099975585938,79.5199966430664,71980,88692,31222,23712,50162
2026-08-21 09:57:00-04:00,307.2749938964844,258.6400146484375,339.0299987792969,549.4450073242188,79.4800033569336,307.4599914550781,258.6499938964844,339.17999267578125,549.969970703125,79.52999877929688,307.19000244140625,258.2699890136719,338.9599914550781,549.4099731445312,79.45999908447266,307.3399963378906,258.5150146484375,339.1424865722656,549.739990234375,79.45999908447266,52124,108421,18468,20700,41854
2026-08-21 09:58:00-04:00,307.3399963378906,258.8399963378906,339.0,549.60498046875,79.5,307.3999938964844,258.8900146484375,339.07769775390625,549.7299194335938,79.53170013427734,307.2099914550781,258.3900146484375,338.9200134277344,549.1099853515625,79.47000122070312,307.2449951171875,258.6199951171875,339.0299987792969,549.4290771484375,79.4800033569336,59642,99073,16148,296793,47054
2026-08-21 09:59:00-04:00,307.3800048828125,258.885009765625,339.0249938964844,550.1699829101562,79.46980285644531,307.5899963378906,259.0400085449219,339.2699890136719,550.3560180664062,79.50640106201172,307.29998779296875,258.75,338.9200134277344,549.5401000976562,79.45500183105469,307.3500061035156,258.8450012207031,338.92010498046875,549.6300048828125,79.5,53810,64729,24647,29630,40881
2026-08-21 10:00:00-04:00,307.2550048828125,258.92010498046875,339.30499267578125,549.7949829101562,79.2750015258789,307.4100036621094,259.159912109375,339.3299865722656,550.219970703125,79.47000122070312,307.1700134277344,258.8800048828125,338.9360046386719,549.3300170898438,79.26000213623047,307.3800048828125,258.95001220703125,339.1199951171875,550.1400146484375,79.47000122070312,120411,105641,32533,33102,91343
2026-08-21 10:01:00-04:00,307.510009765625,258.70001220703125,339.0982971191406,549.5650024414062,79.29979705810547,307.5299987792969,258.94000244140625,339.29998779296875,550.0700073242188,79.29979705810547,307.0899963378906,258.6199951171875,338.8500061035156,549.489990234375,79.16999816894531,307.2799987792969,258.92999267578125,339.2699890136719,549.8900146484375,79.27999877929688,84484,86913,45167,33715,1091654
2026-08-21 10:02:00-04:00,307.5098876953125,258.4949951171875,339.20001220703125,549.9500122070312,79.37000274658203,307.510009765625,258.760009765625,339.2174987792969,550.22998046875,79.38999938964844,307.239990234375,258.1400146484375,339.0,549.1300048828125,79.25,307.510009765625,258.67999267578125,339.0400085449219,549.697998046875,79.30000305175781,69325,129958,15839,27094,49943
2026-08-21 10:03:00-04:00,307.45001220703125,258.9100036621094,339.4013977050781,549.969970703125,79.37999725341797,307.54998779296875,258.9800109863281,339.6000061035156,550.0850219726562,79.43499755859375,307.3800048828125,258.4949951171875,339.19000244140625,549.6799926757812,79.35800170898438,307.4700012207031,258.5,339.2300109863281,549.9000244140625,79.37020111083984,59595,9847294,32512,18850,57257
2026-08-21 10:04:00-04:00,307.8999938964844,259.2300109863281,339.489990234375,550.3350219726562,79.46499633789062,307.92999267578125,259.2300109863281,339.739990234375,550.489990234375,79.47000122070312,307.29998779296875,258.7699890136719,339.3714904785156,550.0499877929688,79.38500213623047,307.4599914550781,258.8399963378906,339.4200134277344,550.0999755859375,79.38500213623047,96786,111967,37356,53343,69874
2026-08-21 10:05:00-04:00,307.8399963378906,259.260009765625,339.6050109863281,550.0499877929688,79.52999877929688,307.92999267578125,259.4200134277344,339.7749938964844,550.5,79.55000305175781,307.70001220703125,259.20001220703125,339.4599914550781,550.0499877929688,79.46009826660156,307.8949890136719,259.2099914550781,339.5199890136719,550.344970703125,79.48500061035156,77183,196537,24672,61709,81550
2026-08-21 10:06:00-04:00,307.9049987792969,259.2950134277344,339.510009765625,550.3200073242188,79.52799987792969,308.04998779296875,259.44000244140625,339.8999938964844,550.885009765625,79.59030151367188,307.70001220703125,259.1499938964844,339.4801025390625,549.8800048828125,79.51000213623047,307.7991943359375,259.2799987792969,339.625,550.0800170898438,79.52799987792969,340083,85067,14055,68931,35462
2026-08-21 10:07:00-04:00,307.9200134277344,259.1300048828125,339.19500732421875,549.7899780273438,79.53009796142578,308.0,259.3399963378906,339.59991455078125,550.3200073242188,79.54499816894531,307.7900085449219,259.0199890136719,339.17999267578125,549.6699829101562,79.45999908447266,307.9049987792969,259.2900085449219,339.489990234375,550.239990234375,79.52999877929688,81064,91380,23146,24244,48561
2026-08-21 10:08:00-04:00,307.6700134277344,259.1099853515625,339.4200134277344,550.8300170898438,79.5,307.9150085449219,259.2149963378906,339.4599914550781,550.8300170898438,79.56999969482422,307.6650085449219,258.92138671875,339.1700134277344,549.5599975585938,79.49009704589844,307.9150085449219,259.1050109863281,339.2398986816406,549.7449951171875,79.5,61243,92714,14044,268563,215090
2026-08-21 10:09:00-04:00,307.80010986328125,259.3699035644531,339.3399963378906,550.7615966796875,79.5199966430664,307.9599914550781,259.3699951171875,339.4800109863281,551.24951171875,79.57499694824219,307.6300048828125,259.07000732421875,339.3100891113281,550.6799926757812,79.5,307.6700134277344,259.1099853515625,339.42498779296875,550.885009765625,79.51000213623047,67973,112561,32538,44874,38872
2026-08-21 10:10:00-04:00,307.81500244140625,259.3699951171875,339.2449951171875,551.1599731445312,79.55000305175781,307.9200134277344,259.44000244140625,339.364990234375,551.489990234375,79.56999969482422,307.67999267578125,259.1700134277344,339.0299987792969,550.239990234375,79.5,307.79998779296875,259.3399963378906,339.2900085449219,550.7899780273438,79.5199966430664,56402,108050,15522,25855,30853
2026-08-21 10:11:00-04:00,307.67999267578125,259.0950012207031,339.5400085449219,551.5999755859375,79.58000183105469,307.8699951171875,259.4049987792969,339.6199951171875,551.780029296875,79.63500213623047,307.6499938964844,259.0950012207031,339.1400146484375,551.0,79.5199966430664,307.79998779296875,259.3900146484375,339.2099914550781,551.1599731445312,79.52999877929688,80505,97252,16182,26043,35191
2026-08-21 10:12:00-04:00,307.7250061035156,259.05499267578125,339.1499938964844,550.72998046875,79.45850372314453,307.94000244140625,259.1600036621094,339.5799865722656,551.760009765625,79.62000274658203,307.5736999511719,259.010009765625,339.1300048828125,550.5599975585938,79.41000366210938,307.6700134277344,259.0950012207031,339.5799865722656,551.635009765625,79.58509826660156,70992,75032,21891,29025,50486
2026-08-21 10:13:00-04:00,307.6499938964844,259.17999267578125,339.32000732421875,550.25,79.51499938964844,307.7300109863281,259.17999267578125,339.32000732421875,550.9498901367188,79.5250015258789,307.5,258.9800109863281,339.07000732421875,550.052490234375,79.45050048828125,307.7300109863281,259.04998779296875,339.19500732421875,550.8021240234375,79.456298828125,48500,60700,326218,16206,21961
2026-08-21 10:14:00-04:00,307.7200012207031,259.4779968261719,339.42999267578125,550.4500122070312,79.59500122070312,307.80999755859375,259.4779968261719,339.56500244140625,550.6470947265625,79.625,307.5950012207031,259.2099914550781,339.2349853515625,549.9600219726562,79.53600311279297,307.7200012207031,259.2099914550781,339.32000732421875,550.33251953125,79.54000091552734,10429311,69108,12490,34089,40602
2026-08-21 10:15:00-04:00,308.0150146484375,259.4800109863281,339.6300048828125,550.77001953125,79.56999969482422,308.1549987792969,259.67999267578125,339.75,550.9600219726562,79.68000030517578,307.70001220703125,259.4599914550781,339.3876037597656,550.47998046875,79.56999969482422,307.70001220703125,259.4700012207031,339.3876037597656,550.489990234375,79.62000274658203,102587,71205,13713,27298,39729
2026-08-21 10:16:00-04:00,308.1400146484375,259.3550109863281,339.68499755859375,550.469970703125,79.4999008178711,308.1400146484375,259.46820068359375,339.75,550.9498901367188,79.62000274658203,308.0,259.2799987792969,339.5000915527344,550.2509765625,79.4800033569336,308.0150146484375,259.3550109863281,339.6000061035156,550.8410034179688,79.58000183105469,53874,60486,14529,12928,35567
2026-08-21 10:17:00-04:00,308.0950012207031,259.3799133300781,340.1000061035156,550.5549926757812,79.5,308.2300109863281,259.3799133300781,340.1600036621094,550.75,79.54499816894531,308.07000732421875,259.2300109863281,339.5299987792969,550.1500244140625,79.4800033569336,308.1300048828125,259.3500061035156,339.6300048828125,550.5,79.48570251464844,63844,73439,87648,15960,36480
2026-08-21 10:18:00-04:00,307.80999755859375,259.6499938964844,340.3550109863281,550.4400024414062,79.58999633789062,308.0899963378906,259.739990234375,340.3699951171875,550.5650024414062,79.58999633789062,307.739990234375,259.3800048828125,340.0,550.2301025390625,79.5,308.0700988769531,259.3800048828125,340.114990234375,550.5549926757812,79.5199966430664,1988837,77385,40781,15588,38196
2026-08-21 10:19:00-04:00,307.9849853515625,259.5400085449219,340.0299987792969,550.239990234375,79.61499786376953,308.04998779296875,259.7099914550781,340.3804016113281,550.4976806640625,79.61499786376953,307.79998779296875,259.45001220703125,339.989990234375,550.0499877929688,79.55500030517578,307.8153991699219,259.65399169921875,340.3699951171875,550.3800048828125,79.5999984741211,46494,49774,24313,25493,37478
2026-08-21 10:20:00-04:00,307.68499755859375,259.625,339.8999938964844,549.8800048828125,79.58000183105469,308.0098876953125,259.7287902832031,340.2200927734375,550.25,79.61509704589844,307.67999267578125,259.4100036621094,339.85260009765625,549.4749755859375,79.56999969482422,307.9991149902344,259.510009765625,340.0,550.25,79.58499908447266,57904,52178,18886,39988,32582
2026-08-21 10:21:00-04:00,307.5249938964844,259.44000244140625,339.9700927734375,549.5,79.46499633789062,307.80999755859375,259.625,340.0299987792969,549.864990234375,79.58000183105469,307.4599914550781,259.29998779296875,339.79998779296875,549.1099853515625,79.44000244140625,307.68499755859375,259.625,339.94000244140625,549.739990234375,79.58000183105469,88914,113259,14107,19530,63601
2026-08-21 10:22:00-04:00,307.7101135253906,259.6700134277344,340.1098937988281,549.8150024414062,79.53500366210938,307.8900146484375,259.70001220703125,340.1099853515625,549.875,79.55000305175781,307.4700012207031,259.4599914550781,339.9800109863281,549.4901123046875,79.44999694824219,307.5000915527344,259.4800109863281,340.04998779296875,549.60498046875,79.45999908447266,55011,77481,13983,20928,45768
2026-08-21 10:23:00-04:00,307.80499267578125,259.7300109863281,340.1400146484375,550.0599975585938,79.61000061035156,307.8800048828125,259.7650146484375,340.1499938964844,550.280029296875,79.62999725341797,307.7200012207031,259.5199890136719,339.9100036621094,549.72998046875,79.55500030517578,307.75,259.6400146484375,340.0899963378906,549.8400268554688,79.56999969482422,43837,104321,16344,17626,28336
2026-08-21 10:24:00-04:00,307.8949890136719,259.82000732421875,340.1300048828125,550.0599975585938,79.63500213623047,308.1000061035156,259.8500061035156,340.2099914550781,550.1300048828125,79.67500305175781,307.760009765625,259.6099853515625,340.05999755859375,549.760009765625,79.5999984741211,307.7799987792969,259.69500732421875,340.0801086425781,549.97998046875,79.61000061035156,53711,47722,22521,16559,37148
2026-08-21 10:25:00-04:00,307.9150085449219,259.7489929199219,340.1199035644531,550.3200073242188,79.69439697265625,307.92999267578125,259.9068908691406,340.25,550.489990234375,79.71620178222656,307.7832946777344,259.6900939941406,340.04998779296875,550.0,79.63200378417969,307.8949890136719,259.79998779296875,340.1499938964844,550.0700073242188,79.63500213623047,68197,65870,20470,15577,42285
2026-08-21 10:26:00-04:00,307.864990234375,259.8599853515625,339.8500061035156,550.1500244140625,79.625,308.04998779296875,259.8699951171875,340.20001220703125,550.4697875976562,79.69000244140625,307.8599853515625,259.739990234375,339.80999755859375,550.02001953125,79.58000183105469,307.90008544921875,259.739990234375,340.0899963378906,550.344970703125,79.69000244140625,68660,60912,26157,12692,53900
2026-08-21 10:27:00-04:00,307.760009765625,259.989990234375,339.8500061035156,549.9420166015625,79.55999755859375,307.9100036621094,260.0400085449219,339.92999267578125,550.25,79.61000061035156,307.67999267578125,259.80010986328125,339.6400146484375,549.8599853515625,79.5199966430664,307.864990234375,259.8349914550781,339.8699951171875,550.22998046875,79.61000061035156,61830,126118,20041,11191,53587
2026-08-21 10:28:00-04:00,307.6700134277344,259.7250061035156,339.6650085449219,549.5599975585938,79.62000274658203,307.7850036621094,259.9800109863281,339.9361877441406,550.0,79.62000274658203,307.6600036621094,259.7250061035156,339.6400146484375,549.510009765625,79.52999877929688,307.7799987792969,259.9649963378906,339.8349914550781,549.8699951171875,79.55999755859375,384984,68389,23522,15021,27566
2026-08-21 10:29:00-04:00,307.7950134277344,259.69000244140625,339.82000732421875,549.2999877929688,79.64949798583984,307.79998779296875,259.7300109863281,339.8299865722656,549.8300170898438,79.69049835205078,307.5799865722656,259.6400146484375,339.6400146484375,549.2999877929688,79.61199951171875,307.6700134277344,259.7250061035156,339.6700134277344,549.5800170898438,79.61199951171875,137406,34537,10257,17221,32783
2026-08-21 10:30:00-04:00,307.7850036621094,259.80950927734375,339.9649963378906,549.7550048828125,79.7249984741211,307.847412109375,259.8299865722656,339.9649963378906,549.7550048828125,79.7249984741211,307.6000061035156,259.5899963378906,339.7099914550781,549.260009765625,79.62210083007812,307.82000732421875,259.6549987792969,339.80999755859375,549.2999877929688,79.63999938964844,54129,157894,28929,32025,36524
2026-08-21 10:31:00-04:00,307.9200134277344,259.57080078125,339.8800048828125,549.6799926757812,79.74500274658203,308.0299987792969,259.9150085449219,340.0360107421875,549.89990234375,79.77999877929688,307.7601013183594,259.5199890136719,339.80999755859375,549.5,79.7300033569336,307.7850036621094,259.8399963378906,339.9700012207031,549.6799926757812,79.73280334472656,43038,92850,17129,17323,33885
2026-08-21 10:32:00-04:00,307.9549865722656,259.6499938964844,340.0,549.8699951171875,79.7300033569336,307.9599914550781,259.70001220703125,340.0,549.8699951171875,79.75990295410156,307.80999755859375,259.20001220703125,339.82000732421875,549.6199951171875,79.72000122070312,307.8900146484375,259.6123046875,339.8800048828125,549.8699951171875,79.74729919433594,104467,172078,9739,12568,32883
2026-08-21 10:33:00-04:00,308.20001220703125,259.6000061035156,339.92999267578125,549.6300048828125,79.79000091552734,308.29998779296875,259.6807861328125,340.0299987792969,549.9450073242188,79.80000305175781,307.94000244140625,259.55999755859375,339.8999938964844,549.5499877929688,79.72979736328125,308.2049865722656,259.6600036621094,339.989990234375,549.7000122070312,79.72979736328125,98059,56973,11848,9235,40895
2026-08-21 10:34:00-04:00,308.0954895019531,259.69000244140625,340.0299987792969,550.2999877929688,79.81500244140625,308.3109130859375,259.7900085449219,340.0993957519531,550.4000244140625,79.83989715576172,308.04998779296875,259.5799865722656,339.8500061035156,549.6400146484375,79.78849792480469,308.19000244140625,259.6000061035156,339.9200134277344,549.6400146484375,79.81500244140625,53337,49165,48638,29894,26592
2026-08-21 10:35:00-04:00,308.0382080078125,259.5398864746094,340.32000732421875,550.2000122070312,79.81500244140625,308.2099914550781,259.80999755859375,340.3299865722656,550.7999877929688,79.83499908447266,308.010009765625,259.4501037597656,340.0,550.2000122070312,79.77999877929688,308.1000061035156,259.7049865722656,340.0,550.4099731445312,79.81999969482422,128881,51749,29023,22092,29426
2026-08-21 10:36:00-04:00,308.32000732421875,259.46051025390625,340.5465087890625,550.1400146484375,79.87000274658203,308.33599853515625,259.6600036621094,340.6400146484375,550.3099975585938,79.91999816894531,308.0,259.46051025390625,340.2799987792969,549.989990234375,79.81629943847656,308.0400085449219,259.4700012207031,340.3500061035156,550.1400146484375,79.81629943847656,57824,43441,35468,12126,36771
2026-08-21 10:37:00-04:00,308.3501892089844,259.5950012207031,340.32501220703125,549.7550048828125,79.83999633789062,308.4700012207031,259.739990234375,340.53839111328125,550.1804809570312,79.91000366210938,308.2250061035156,259.3291931152344,340.32000732421875,549.6799926757812,79.81999969482422,308.32501220703125,259.5165100097656,340.489990234375,550.0750122070312,79.875,59558,65381,8147,14882,33364
2026-08-21 10:38:00-04:00,308.3399963378906,259.6600036621094,340.8399963378906,549.9650268554688,79.93000030517578,308.44000244140625,259.6600036621094,340.8399963378906,550.1849975585938,79.9480972290039,308.2200012207031,259.3804016113281,340.30999755859375,549.5,79.83999633789062,308.3699951171875,259.5950012207031,340.30999755859375,549.7550048828125,79.83999633789062,358278,59371,22192,25214,41542
2026-08-21 10:39:00-04:00,308.2174072265625,259.56500244140625,340.70001220703125,549.802001953125,79.94999694824219,308.3399963378906,259.7699890136719,340.8999938964844,550.2714233398438,79.94999694824219,308.1499938964844,259.510009765625,340.6000061035156,549.7301025390625,79.89009857177734,308.3301086425781,259.67498779296875,340.8599853515625,550.030029296875,79.93000030517578,43687,38416,31877,13392,25223
2026-08-21 10:40:00-04:00,308.0199890136719,259.45001220703125,340.82000732421875,550.530029296875,80.02999877929688,308.2699890136719,259.6000061035156,341.0199890136719,550.5700073242188,80.0790023803711,307.9599914550781,259.25,340.67999267578125,549.7100219726562,79.95999908447266,308.22900390625,259.6000061035156,340.69500732421875,549.7100219726562,79.95999908447266,51674,48273,24848,19658,93029
2026-08-21 10:41:00-04:00,308.0249938964844,259.3500061035156,340.4081115722656,550.0009765625,80.08499908447266,308.2174987792969,259.5107116699219,340.7699890136719,550.5499267578125,80.08999633789062,307.9704895019531,259.2900085449219,340.2900085449219,550.0009765625,80.0199966430664,308.03509521484375,259.42999267578125,340.7699890136719,550.0009765625,80.0199966430664,34830,27276,18554,9821,21298
2026-08-21 10:42:00-04:00,308.5447998046875,259.385009765625,340.53009033203125,549.9450073242188,80.0780029296875,308.57000732421875,259.4100036621094,340.70001220703125,550.1599731445312,80.08999633789062,308.0101013183594,259.26019287109375,340.32000732421875,549.7999877929688,80.05000305175781,308.0350036621094,259.3349914550781,340.3399963378906,550.0,80.08000183105469,70022,38438,9748,10919,25763
2026-08-21 10:43:00-04:00,308.68499755859375,259.4549865722656,340.260009765625,550.2000122070312,80.05999755859375,308.739990234375,259.510009765625,340.5299987792969,550.3099975585938,80.07050323486328,308.510009765625,259.32000732421875,340.19000244140625,549.7600708007812,80.02999877929688,308.5400085449219,259.385009765625,340.5050048828125,550.023681640625,80.07050323486328,82094,37545,10525,16042,45470
2026-08-21 10:44:00-04:00,308.57501220703125,259.3299865722656,340.2449951171875,550.2000122070312,80.04499816894531,308.739990234375,259.4599914550781,340.4800109863281,550.4299926757812,80.06999969482422,308.4400939941406,259.25,340.1913146972656,550.0,80.04499816894531,308.68011474609375,259.4551086425781,340.260009765625,550.0999755859375,80.06999969482422,40889,66806,12216,7672,22287
2026-08-21 10:45:00-04:00,308.3699951171875,259.3399963378906,340.2699890136719,550.0399780273438,80.0199966430664,308.6199951171875,259.3999938964844,340.489990234375,550.369873046875,80.08999633789062,308.3500061035156,259.2799987792969,340.2001037597656,549.7100219726562,80.0199966430664,308.54998779296875,259.30999755859375,340.2799987792969,550.0399780273438,80.05000305175781,57227,38093,21873,13587,34133
2026-08-21 10:46:00-04:00,308.4700012207031,259.7148132324219,340.5199890136719,550.2550048828125,80.0199966430664,308.52508544921875,259.75,340.5799865722656,550.5499877929688,80.05999755859375,308.29638671875,259.3450012207031,340.2300109863281,549.5999755859375,79.98999786376953,308.3699951171875,259.3450012207031,340.2749938964844,549.719970703125,80.01000213623047,40339,65527,15177,19789,42016
2026-08-21 10:47:00-04:00,308.6300048828125,259.6000061035156,340.2799987792969,550.3099975585938,80.02999877929688,308.6300048828125,259.7099914550781,340.5299987792969,550.3800048828125,80.02999877929688,308.4649963378906,259.5,340.2300109863281,550.0399780273438,79.99500274658203,308.510009765625,259.7099914550781,340.5299987792969,550.1699829101562,80.01000213623047,44345,32557,13928,15283,27378
2026-08-21 10:48:00-04:00,308.6700134277344,259.7799987792969,340.2749938964844,550.3499755859375,80.05000305175781,308.8599853515625,259.875,340.29998779296875,550.5,80.05000305175781,308.5899963378906,259.5400085449219,340.1400146484375,550.1500244140625,80.00499725341797,308.6300048828125,259.57000732421875,340.2799987792969,550.3800048828125,80.02999877929688,62533,80464,14147,13571,32598
2026-08-21 10:49:00-04:00,308.8399963378906,259.489990234375,340.4549865722656,550.3300170898438,80.04000091552734,308.8500061035156,259.7300109863281,340.4599914550781,550.6500244140625,80.08000183105469,308.6401062011719,259.44000244140625,340.17999267578125,550.1900024414062,80.04000091552734,308.6600036621094,259.70989990234375,340.2200012207031,550.3499755859375,80.05000305175781,39418,102562,14890,21201,26683
2026-08-21 10:50:00-04:00,308.7300109863281,259.6000061035156,340.68499755859375,550.280029296875,80.03500366210938,308.8800048828125,259.6000061035156,340.7900085449219,550.5999755859375,80.05999755859375,308.7196960449219,259.4175109863281,340.42999267578125,550.1900024414062,80.0199966430664,308.8500061035156,259.489990234375,340.42999267578125,550.1900024414062,80.04000091552734,49203,60773,25086,16169,33050
2026-08-21 10:51:00-04:00,308.6705017089844,259.6600036621094,341.2049865722656,550.5,80.05500030517578,308.7691955566406,259.6600036621094,341.25,550.5250244140625,80.05999755859375,308.6549987792969,259.5299987792969,340.6600036621094,550.2100830078125,80.0199966430664,308.70001220703125,259.60980224609375,341.2049865722656,550.2999877929688,80.02999877929688,29304,31579,64023,20289,30256
2026-08-21 10:52:00-04:00,308.8699951171875,259.7499084472656,341.302490234375,551.0595092773438,80.05000305175781,308.9200134277344,259.760009765625,341.4700012207031,551.0750122070312,80.0770034790039,308.67999267578125,259.6400146484375,341.17999267578125,550.4550170898438,80.03009796142578,308.67999267578125,259.6700134277344,341.2250061035156,550.5,80.05500030517578,131346,23650,50155,33580,36829
2026-08-21 10:53:00-04:00,308.864990234375,259.7799987792969,341.4849853515625,550.8499755859375,80.06500244140625,308.95001220703125,259.8599853515625,341.70001220703125,551.02001953125,80.08499908447266,308.83099365234375,259.7174072265625,341.260009765625,550.75,80.04000091552734,308.8550109863281,259.739990234375,341.2850036621094,550.864990234375,80.05590057373047,15477464,27310,53714,14181,39883
2026-08-21 10:54:00-04:00,308.885498046875,259.8500061035156,341.55999755859375,550.969970703125,80.1500015258789,309.0,259.9100036621094,341.57000732421875,550.969970703125,80.1500015258789,308.8599853515625,259.739990234375,341.3999938964844,550.780029296875,80.06500244140625,308.885498046875,259.7799987792969,341.4649963378906,550.8200073242188,80.06500244140625,15542575,42076,20996,17339,44739
2026-08-21 10:55:00-04:00,308.9700012207031,259.9150085449219,341.7049865722656,551.3699951171875,80.12000274658203,309.0,259.9649963378906,341.7749938964844,551.6599731445312,80.15899658203125,308.8699951171875,259.8299865722656,341.5400085449219,550.9299926757812,80.10009765625,308.8699951171875,259.8500061035156,341.56500244140625,550.969970703125,80.1500015258789,44166,36259,36871,40151,39542
2026-08-21 10:56:00-04:00,309.04998779296875,260.0249938964844,341.82000732421875,551.75,80.16500091552734,309.1499938964844,260.0797119140625,341.8699951171875,551.9000244140625,80.18000030517578,308.95001220703125,259.8999938964844,341.6000061035156,551.3900146484375,80.11499786376953,308.95001220703125,259.9150085449219,341.69000244140625,551.3900146484375,80.12000274658203,54818,81650,23254,16708,27711
2026-08-21 10:57:00-04:00,309.4299011230469,260.07501220703125,341.45001220703125,552.3798828125,80.22000122070312,309.5,260.135009765625,341.9649963378906,552.8499755859375,80.2249984741211,309.06500244140625,259.9700012207031,341.3299865722656,551.75,80.15499877929688,309.07000732421875,260.0249938964844,341.81500244140625,551.77001953125,80.16500091552734,78781,106767,44141,64076,45508
2026-08-21 10:58:00-04:00,309.375,260.0299987792969,341.510009765625,552.3699951171875,80.29499816894531,309.44000244140625,260.1099853515625,341.57000732421875,552.47998046875,80.30000305175781,309.3005065917969,259.9200134277344,341.30999755859375,551.7700805664062,80.21499633789062,309.3999938964844,260.07501220703125,341.44000244140625,552.2550048828125,80.21499633789062,67114,66569,31288,27477,56415
2026-08-21 10:59:00-04:00,309.4549865722656,260.13739013671875,341.5350036621094,552.780029296875,80.32959747314453,309.4700012207031,260.1899108886719,341.6099853515625,552.8098754882812,80.33499908447266,309.340087890625,260.0,341.45001220703125,552.0850219726562,80.26499938964844,309.3599853515625,260.05999755859375,341.4849853515625,552.2999877929688,80.29499816894531,68418,48656,36631,38864,31880
2026-08-21 11:00:00-04:00,309.5799865722656,260.2900085449219,342.0299987792969,553.5,80.37000274658203,309.65850830078125,260.341796875,342.1300048828125,553.5,80.37989807128906,309.375,259.5,341.4800109863281,552.2999877929688,80.32009887695312,309.4599914550781,260.1400146484375,341.510009765625,552.719970703125,80.32009887695312,74185,138611,87336,43177,35205
2026-08-21 11:01:00-04:00,309.7301025390625,260.2179870605469,341.80999755859375,552.6904907226562,80.32499694824219,309.7301025390625,260.3299865722656,342.239990234375,553.5999145507812,80.3750991821289,309.5,260.1449890136719,341.760009765625,552.5704956054688,80.30500030517578,309.6000061035156,260.31500244140625,342.0350036621094,553.4500122070312,80.37000274658203,65659,63163,39936,26370,28209
2026-08-21 11:02:00-04:00,309.3450012207031,260.1300964355469,341.5201110839844,552.8231811523438,80.33499908447266,309.739990234375,260.3349914550781,341.8638916015625,553.4498901367188,80.33509826660156,309.3399963378906,260.1099853515625,341.5,552.6900024414062,80.30000305175781,309.7311096191406,260.2099914550781,341.8349914550781,552.760009765625,80.32499694824219,39992,76298,19173,22907,38036
2026-08-21 11:03:00-04:00,309.5199890136719,260.32000732421875,341.7099914550781,553.4000244140625,80.37000274658203,309.6099853515625,260.3699035644531,341.75,553.4400024414062,80.37000274658203,309.25,260.1499938964844,341.5199890136719,552.7725219726562,80.33000183105469,309.3799133300781,260.1700134277344,341.59930419921875,552.7869873046875,80.3499984741211,62928,59184,18486,16010,37906
2026-08-21 11:04:00-04:00,309.7349853515625,260.2449951171875,341.7900085449219,553.3499755859375,80.3499984741211,309.79998779296875,260.42999267578125,341.8699951171875,553.530029296875,80.4000015258789,309.5199890136719,260.19500732421875,341.70001220703125,553.02001953125,80.3499984741211,309.5199890136719,260.32501220703125,341.739990234375,553.4016723632812,80.36499786376953,1044983,91062,19900,31093,22438
2026-08-21 11:05:00-04:00,309.7799987792969,260.3900146484375,341.885009765625,553.1400146484375,80.44499969482422,309.9100036621094,260.3900146484375,341.9200134277344,553.4500122070312,80.44499969482422,309.69000244140625,260.1700134277344,341.7699890136719,553.0205078125,80.3499984741211,309.7449951171875,260.2449951171875,341.8999938964844,553.405029296875,80.36000061035156,51974,43492,12728,20976,53598
2026-08-21 11:06:00-04:00,309.8800048828125,260.3700866699219,341.79998779296875,552.8300170898438,80.38990020751953,309.94000244140625,260.5400085449219,342.10528564453125,553.873291015625,80.48999786376953,309.7200012207031,260.35101318359375,341.7699890136719,552.5999755859375,80.37999725341797,309.7900085449219,260.42999267578125,341.8800048828125,553.25,80.44499969482422,43404,55304,29866,28079,51853
2026-08-21 11:07:00-04:00,309.739990234375,260.4200134277344,341.93499755859375,552.2301025390625,80.37999725341797,309.9200134277344,260.54998779296875,342.1000061035156,552.9650268554688,80.41000366210938,309.6700134277344,260.32000732421875,341.80999755859375,552.1810302734375,80.3499984741211,309.8800048828125,260.3949890136719,341.80999755859375,552.6801147460938,80.38500213623047,55771,69366,14504,52014,31312
2026-08-21 11:08:00-04:00,309.6549987792969,260.4599914550781,342.010009765625,552.0650024414062,80.3499984741211,309.75,260.489990234375,342.0367126464844,552.6099243164062,80.40499877929688,309.5,260.3800048828125,341.8699951171875,552.0,80.33999633789062,309.739990234375,260.42999267578125,341.92999267578125,552.2330932617188,80.37249755859375,35596,71064,11640,4855266,24411
2026-08-21 11:09:00-04:00,309.55999755859375,260.16009521484375,341.3599853515625,551.2999877929688,80.31999969482422,309.6700134277344,260.44500732421875,342.0799865722656,552.0969848632812,80.36000061035156,309.5,260.1499938964844,341.3599853515625,551.2849731445312,80.29000091552734,309.6549987792969,260.44500732421875,342.0799865722656,552.0650024414062,80.36000061035156,33201,154819,16639,22913,26781
2026-08-21 11:10:00-04:00,309.5,260.2699890136719,341.1289978027344,551.2550048828125,80.30999755859375,309.55999755859375,260.29998779296875,341.4100036621094,551.4199829101562,80.33000183105469,309.4150085449219,260.1260070800781,341.1289978027344,551.0499877929688,80.2699966430664,309.5303955078125,260.20989990234375,341.4100036621094,551.3200073242188,80.31999969482422,35024,56145,24398,34057,26947
2026-08-21 11:11:00-04:00,309.6199951171875,259.8550109863281,341.1199951171875,551.4199829101562,80.29000091552734,309.659912109375,260.2900085449219,341.2550048828125,551.4705200195312,80.31510162353516,309.4700012207031,259.80999755859375,341.0895080566406,550.8400268554688,80.2699966430664,309.4949951171875,260.260009765625,341.1319885253906,551.1699829101562,80.30500030517578,1097479,112155,14836,20775,19326
2026-08-21 11:12:00-04:00,309.6449890136719,259.6600036621094,341.05999755859375,550.6649780273438,80.30000305175781,309.7300109863281,259.8699035644531,341.1099853515625,551.3076782226562,80.30999755859375,309.5899963378906,259.57000732421875,340.94000244140625,550.3800048828125,80.2699966430664,309.6199951171875,259.8699035644531,341.1000061035156,551.3076782226562,80.29499816894531,1038850,58196,39439,14298,22876
2026-08-21 11:13:00-04:00,309.7850036621094,259.68499755859375,341.0450134277344,550.4199829101562,80.2750015258789,309.79998779296875,259.68499755859375,341.0697937011719,550.719970703125,80.29000091552734,309.5199890136719,259.45001220703125,340.7900085449219,550.1799926757812,80.23999786376953,309.6299133300781,259.6099853515625,341.0199890136719,550.7000122070312,80.29000091552734,246829,52613,36022,14749,518891
2026-08-21 11:14:00-04:00,309.70001220703125,259.4599914550781,341.0199890136719,550.25,80.30010223388672,309.8399963378906,259.6400146484375,341.159912109375,550.3350219726562,80.31999969482422,309.6600036621094,259.4599914550781,341.0,550.0999755859375,80.26499938964844,309.7699890136719,259.6400146484375,341.08990478515625,550.25,80.2699966430664,32884,33583,13462,28736,36891
2026-08-21 11:15:00-04:00,309.9861145019531,259.6400146484375,341.1549987792969,550.47998046875,80.3427963256836,310.0799865722656,259.6400146484375,341.17999267578125,550.5499877929688,80.3499984741211,309.5299987792969,259.4700012207031,340.9425964355469,550.0599975585938,80.29000091552734,309.67498779296875,259.4849853515625,341.010009765625,550.0999755859375,80.30000305175781,76324,40482,23910,20684,30959
2026-08-21 11:16:00-04:00,309.9750061035156,259.4949951171875,341.1600036621094,550.094970703125,80.31999969482422,310.1199951171875,259.8099060058594,341.260009765625,550.4869995117188,80.42500305175781,309.8699951171875,259.44000244140625,341.010009765625,550.0850219726562,80.30999755859375,310.0799865722656,259.6549987792969,341.2349853515625,550.4500122070312,80.36000061035156,56030,93957,21256,14715,50694
2026-08-21 11:17:00-04:00,309.989990234375,259.239990234375,341.090087890625,549.9000244140625,80.24500274658203,310.1099853515625,259.5203857421875,341.2250061035156,550.219970703125,80.33499908447266,309.9599914550781,259.20001220703125,341.06500244140625,549.9000244140625,80.23999786376953,309.989990234375,259.489990234375,341.1476135253906,550.094970703125,80.32499694824219,54529,47053,9039,25524,24539
2026-08-21 11:18:00-04:00,309.989990234375,258.9049987792969,341.29998779296875,549.6264038085938,80.2300033569336,310.05999755859375,259.260009765625,341.32000732421875,549.97998046875,80.24500274658203,309.8919982910156,258.8800048828125,341.05999755859375,549.5,80.2042007446289,309.9898986816406,259.2099914550781,341.1000061035156,549.8350219726562,80.24500274658203,36689,73063,15774,23336,33796
2026-08-21 11:19:00-04:00,310.04998779296875,258.94500732421875,341.6449890136719,550.5,80.26000213623047,310.1300048828125,259.1499938964844,341.6449890136719,550.5800170898438,80.28990173339844,309.8699951171875,258.8999938964844,341.2900085449219,549.5001220703125,80.20999908447266,309.9800109863281,258.9100036621094,341.2900085449219,549.5800170898438,80.26000213623047,62340,67893,36241,63074,24155
2026-08-21 11:20:00-04:00,310.04998779296875,259.0899963378906,341.7300109863281,550.0,80.2699966430664,310.1000061035156,259.1400146484375,341.8089904785156,550.8900146484375,80.28500366210938,309.94000244140625,258.8890075683594,341.625,550.0,80.25,310.04998779296875,258.94500732421875,341.635009765625,550.6599731445312,80.26000213623047,33857,67950,53051,33080,24265
2026-08-21 11:21:00-04:00,310.1000061035156,259.0199890136719,341.67498779296875,550.0900268554688,80.25,310.1400146484375,259.1000061035156,341.7663879394531,550.27001953125,80.29000091552734,309.9801025390625,258.9800109863281,341.57000732421875,549.8599853515625,80.24500274658203,310.0450134277344,259.1000061035156,341.75,550.125,80.27989959716797,32219,49421,14835,19456,21913
2026-08-21 11:22:00-04:00,310.0,259.010009765625,341.739990234375,549.9099731445312,80.22000122070312,310.1499938964844,259.05999755859375,341.8500061035156,550.1599731445312,80.2750015258789,309.92999267578125,258.98431396484375,341.6487121582031,549.8200073242188,80.22000122070312,310.06500244140625,259.010009765625,341.6600036621094,550.030029296875,80.25,34406,36022,17888,17939,31281
2026-08-21 11:23:00-04:00,309.989990234375,259.07000732421875,341.6300048828125,549.9500122070312,80.26499938964844,310.0299987792969,259.07000732421875,341.739990234375,550.0,80.27999877929688,309.94000244140625,258.92498779296875,341.56500244140625,549.7999877929688,80.21730041503906,310.0,259.0,341.739990234375,549.84130859375,80.22000122070312,37646,53382,15439,15253,43911
2026-08-21 11:24:00-04:00,309.82501220703125,258.7701110839844,341.6549987792969,549.2949829101562,80.19000244140625,310.0299987792969,259.0888977050781,341.75,549.9500122070312,80.26000213623047,309.7900085449219,258.760009765625,341.55999755859375,549.1901245117188,80.18000030517578,309.9949951171875,259.07000732421875,341.6401062011719,549.9401245117188,80.26000213623047,30565,60277,17094,25049,53322
2026-08-21 11:25:00-04:00,309.8901062011719,258.7200012207031,341.5899963378906,549.030029296875,80.2300033569336,309.9649963378906,258.8099060058594,341.70001220703125,549.5399780273438,80.2300033569336,309.82000732421875,258.69000244140625,341.5400085449219,549.030029296875,80.18009948730469,309.8251037597656,258.8099060058594,341.6300048828125,549.2899780273438,80.19000244140625,39560,54812,13266,21705,27951
2026-08-21 11:26:00-04:00,309.9700012207031,258.9049987792969,341.510009765625,549.385009765625,80.26000213623047,309.9700012207031,258.95001220703125,341.56500244140625,549.385009765625,80.26499938964844,309.8500061035156,258.6567077636719,341.42999267578125,548.8099975585938,80.22010040283203,309.9200134277344,258.7499084472656,341.56500244140625,549.02001953125,80.2249984741211,31737,84163,12843,31178,12909
2026-08-21 11:27:00-04:00,310.30999755859375,259.0299987792969,341.5350036621094,549.4500122070312,80.24500274658203,310.3299865722656,259.0799865722656,341.54998779296875,549.6099243164062,80.27999877929688,309.9617919921875,258.9100036621094,341.45001220703125,549.3200073242188,80.23500061035156,309.9700012207031,258.9100036621094,341.50799560546875,549.4299926757812,80.26499938964844,41953,50999,13317,13690,21753
2026-08-21 11:28:00-04:00,310.5315856933594,259.010009765625,341.5199890136719,549.5599975585938,80.18000030517578,310.5799865722656,259.0799865722656,341.635009765625,549.663818359375,80.24500274658203,310.29998779296875,259.010009765625,341.46051025390625,549.3499755859375,80.17009735107422,310.30999755859375,259.0199890136719,341.5199890136719,549.5,80.24500274658203,42099,72711,37025,14993,22878
2026-08-21 11:29:00-04:00,310.6000061035156,258.8500061035156,341.5299987792969,549.6749877929688,80.15589904785156,310.6400146484375,259.0299987792969,341.6499938964844,549.7150268554688,80.18000030517578,310.5,258.82000732421875,341.4800109863281,549.4650268554688,80.14080047607422,310.55499267578125,259.0299987792969,341.50830078125,549.4650268554688,80.18000030517578,56595,81263,9492,11022,35518
2026-08-21 11:30:00-04:00,310.5899963378906,258.5950012207031,341.3550109863281,549.6257934570312,80.11000061035156,310.6300048828125,258.8699951171875,341.593994140625,549.742919921875,80.16999816894531,310.5199890136719,258.54998779296875,341.2699890136719,549.27001953125,80.0906982421875,310.614990234375,258.8500061035156,341.54998779296875,549.635009765625,80.15499877929688,48193,55556,36134,21286,13465
2026-08-21 11:31:00-04:00,310.57501220703125,258.5,341.3800048828125,549.4249877929688,80.1449966430664,310.6099853515625,258.6600036621094,341.44989013671875,549.6829223632812,80.16000366210938,310.3999938964844,258.46051025390625,341.32000732421875,549.3300170898438,80.11000061035156,310.60760498046875,258.57000732421875,341.33489990234375,549.5499877929688,80.12000274658203,60090,73371,16961,8750,18426
2026-08-21 11:32:00-04:00,311.05999755859375,258.2950134277344,341.5199890136719,549.5601196289062,80.1760025024414,311.05999755859375,258.54998779296875,341.552001953125,549.5601196289062,80.17960357666016,310.4901123046875,258.25,341.2799987792969,549.239990234375,80.13500213623047,310.6099853515625,258.4700012207031,341.385009765625,549.4650268554688,80.1760025024414,102034,189108,15723,10784,13134
2026-08-21 11:33:00-04:00,311.1600036621094,258.7349853515625,341.45001220703125,549.635009765625,80.21530151367188,311.32000732421875,258.7898864746094,341.55999755859375,549.635009765625,80.2249984741211,311.07000732421875,258.2900085449219,341.3901062011719,549.635009765625,80.18000030517578,311.07000732421875,258.31500244140625,341.5350036621094,549.635009765625,80.19000244140625,81665,201712,11267,15082,26078
2026-08-21 11:34:00-04:00,311.1000061035156,259.20001220703125,341.6400146484375,549.9149780273438,80.26000213623047,311.25,259.25,341.7300109863281,549.97998046875,80.2699966430664,310.9599914550781,258.3999938964844,341.5,549.77001953125,80.2249984741211,311.18499755859375,258.760009765625,341.5,549.9149780273438,80.2300033569336,77166,116802,32193,18861,18881
2026-08-21 11:35:00-04:00,311.2099914550781,259.19500732421875,341.6449890136719,549.79248046875,80.2249984741211,311.2799987792969,259.2699890136719,341.6499938964844,549.97998046875,80.25,311.0199890136719,259.1400146484375,341.5,549.7249755859375,80.21009826660156,311.0899963378906,259.1600036621094,341.55999755859375,549.8499755859375,80.25,40442,40559,9937,29608,31426
2026-08-21 11:36:00-04:00,311.2799987792969,259.2300109863281,341.7699890136719,549.5800170898438,80.23500061035156,311.5,259.2449951171875,341.8299865722656,549.9149780273438,80.24919891357422,311.1400146484375,259.1400146484375,341.6099853515625,549.5700073242188,80.2249984741211,311.20001220703125,259.20001220703125,341.6700134277344,549.9149780273438,80.2249984741211,446528,32756,16508,13267,20766
2026-08-21 11:37:00-04:00,311.3599853515625,259.25,341.9150085449219,549.8284912109375,80.28990173339844,311.375,259.34490966796875,341.9599914550781,549.8800048828125,80.29000091552734,311.19000244140625,259.2099914550781,341.7699890136719,549.489990234375,80.2249984741211,311.3299865722656,259.239990234375,341.7699890136719,549.6900024414062,80.2300033569336,38757,35494,11440,16496,43265
2026-08-21 11:38:00-04:00,311.27508544921875,259.260009765625,341.8500061035156,549.5501098632812,80.30000305175781,311.3900146484375,259.2701110839844,341.89990234375,549.8233032226562,80.30999755859375,311.260009765625,259.1828918457031,341.70001220703125,549.510009765625,80.2699966430664,311.3900146484375,259.239990234375,341.8800048828125,549.8233032226562,80.28500366210938,36515,34681,12466,9916,39258
2026-08-21 11:39:00-04:00,311.4599914550781,259.54998779296875,341.9599914550781,549.2100219726562,80.33599853515625,311.6400146484375,259.55999755859375,342.0199890136719,549.7799072265625,80.33599853515625,311.2850036621094,259.25,341.7699890136719,549.1300048828125,80.29000091552734,311.2850036621094,259.260009765625,341.8351135253906,549.6599731445312,80.29000091552734,688266,41152,16276,27018,17028
2026-08-21 11:40:00-04:00,311.3999938964844,259.8299865722656,341.9486999511719,549.2000122070312,80.30500030517578,311.4599914550781,259.8420104980469,342.0885009765625,549.3200073242188,80.33000183105469,311.2900085449219,259.5799865722656,341.92999267578125,548.9000244140625,80.27999877929688,311.4549865722656,259.8299865722656,341.9800109863281,549.27001953125,80.33000183105469,36802,71041,25372,18992,22825
2026-08-21 11:41:00-04:00,311.3500061035156,259.9800109863281,342.25,549.7249755859375,80.3499984741211,311.4200134277344,260.0299987792969,342.2850036621094,549.8800048828125,80.3499984741211,311.30999755859375,259.74420166015625,341.92999267578125,549.1699829101562,80.2699966430664,311.3900146484375,259.7900085449219,341.9750061035156,549.2750244140625,80.30000305175781,49836,75714,16950,18288,146408
2026-08-21 11:42:00-04:00,311.30999755859375,259.9100036621094,342.19000244140625,549.5599975585938,80.33999633789062,311.4049987792969,259.9800109863281,342.2489929199219,550.0,80.38500213623047,311.25,259.760009765625,341.9800109863281,549.280029296875,80.33000183105469,311.3550109863281,259.9599914550781,342.2012939453125,549.489990234375,80.3499984741211,37647,80810,14936,123084,34269
2026-08-21 11:43:00-04:00,311.239990234375,259.7699890136719,342.04998779296875,548.9199829101562,80.43499755859375,311.3699951171875,259.989990234375,342.21990966796875,549.5399780273438,80.44999694824219,311.1700134277344,259.7401123046875,342.04998779296875,548.8300170898438,80.3499984741211,311.2950134277344,259.8800048828125,342.1600036621094,549.489990234375,80.3499984741211,408557,122297,10718,13470,19527
2026-08-21 11:44:00-04:00,311.30999755859375,259.875,342.2699890136719,548.919921875,80.41500091552734,311.32000732421875,259.95001220703125,342.2799987792969,549.1981811523438,80.45999908447266,311.2300109863281,259.6199951171875,342.0450134277344,548.72998046875,80.3949966430664,311.239990234375,259.7799987792969,342.0899963378906,548.9299926757812,80.44499969482422,29868,165998,15878,16769,96213
2026-08-21 11:45:00-04:00,311.4100036621094,259.75,342.3500061035156,548.6199951171875,80.43000030517578,311.4100036621094,259.889892578125,342.3900146484375,548.8900146484375,80.43000030517578,311.2300109863281,259.6000061035156,342.25,548.5,80.3949966430664,311.30999755859375,259.864990234375,342.25,548.8400268554688,80.41500091552734,30814,82614,24356,23730,21075
2026-08-21 11:46:00-04:00,311.3550109863281,259.8139953613281,342.18499755859375,548.239990234375,80.36000061035156,311.4200134277344,259.8139953613281,342.3900146484375,548.6947021484375,80.41999816894531,311.30999755859375,259.63751220703125,342.1499938964844,548.1599731445312,80.3499984741211,311.3550109863281,259.7550048828125,342.3500061035156,548.6947021484375,80.41999816894531,22718610,52909,19292,19743,25371
2026-08-21 11:47:00-04:00,311.1499938964844,259.9100036621094,342.0199890136719,548.2449951171875,80.33999633789062,311.3900146484375,259.9299011230469,342.239990234375,548.52001953125,80.38999938964844,311.1199951171875,259.739990234375,342.0199890136719,547.9299926757812,80.30999755859375,311.3599853515625,259.82000732421875,342.18499755859375,548.2899780273438,80.37000274658203,66246,34920,13186,21696,65893
2026-08-21 11:48:00-04:00,311.04010009765625,260.1700134277344,342.156005859375,548.3300170898438,80.4000015258789,311.1700134277344,260.1700134277344,342.2099914550781,548.6900024414062,80.4000015258789,310.9200134277344,259.92498779296875,342.0101013183594,548.260009765625,80.33999633789062,311.1499938964844,259.92498779296875,342.0299987792969,548.3599853515625,80.33999633789062,73074,162400,10724,17882,19863
2026-08-21 11:49:00-04:00,311.1300048828125,260.0799865722656,342.1099853515625,548.1900024414062,80.3499984741211,311.1300048828125,260.2550048828125,342.2200012207031,548.3300170898438,80.4000015258789,311.0,260.0400085449219,342.010009765625,548.0,80.3499984741211,311.052001953125,260.1700134277344,342.17999267578125,548.3300170898438,80.4000015258789,37101,38929,15363,15349,17387
2026-08-21 11:50:00-04:00,311.39129638671875,260.18499755859375,342.1700134277344,549.0401000976562,80.3499984741211,311.44989013671875,260.3900146484375,342.2572937011719,549.4299926757812,80.375,311.1000061035156,260.1400146484375,342.0400085449219,548.280029296875,80.33000183105469,311.125,260.1400146484375,342.0849914550781,548.280029296875,80.3499984741211,46348,53163,17069,43422,18623
2026-08-21 11:51:00-04:00,311.625,260.2799987792969,342.3349914550781,549.1599731445312,80.38999938964844,311.69000244140625,260.30499267578125,342.3900146484375,549.3380126953125,80.3949966430664,311.3999938964844,260.0899963378906,342.07000732421875,548.6599731445312,80.3499984741211,311.3999938964844,260.2200012207031,342.1451110839844,549.1900024414062,80.36000061035156,61671,88845,16082,13382,41862
2026-08-21 11:52:00-04:00,311.6050109863281,260.6413879394531,342.55999755859375,550.010009765625,80.375,311.6600036621094,260.6413879394531,342.5899963378906,550.1995239257812,80.40630340576172,311.4949951171875,259.5,342.30999755859375,549.0300903320312,80.37000274658203,311.6000061035156,260.2699890136719,342.30999755859375,549.0300903320312,80.38999938964844,29815,180985,34077,18790,29942
2026-08-21 11:53:00-04:00,311.57501220703125,260.7850036621094,342.41900634765625,550.030029296875,80.32499694824219,311.6799011230469,260.82000732421875,342.5632019042969,550.1099853515625,80.37999725341797,311.5429992675781,260.6499938964844,342.4100036621094,549.6500854492188,80.29000091552734,311.6050109863281,260.6499938964844,342.54998779296875,550.02001953125,80.32499694824219,35929,57112,9854,12688,51342
2026-08-21 11:54:00-04:00,311.7900085449219,260.6098937988281,342.3699951171875,550.385009765625,80.32499694824219,311.8399963378906,260.8348083496094,342.54998779296875,550.4500122070312,80.35990142822266,311.54998779296875,260.5509948730469,342.3699951171875,549.9500122070312,80.28579711914062,311.55999755859375,260.79998779296875,342.4599914550781,550.030029296875,80.31999969482422,48702,40734,13523,18235,38825
2026-08-21 11:55:00-04:00,311.8583984375,260.1700134277344,342.2650146484375,550.2750244140625,80.31500244140625,311.92999267578125,260.6000061035156,342.3999938964844,550.489990234375,80.33000183105469,311.7699890136719,260.1600036621094,342.239990234375,550.1854248046875,80.29000091552734,311.8099060058594,260.6000061035156,342.375,550.47998046875,80.31500244140625,47435,86507,11486,9541,22382
2026-08-21 11:56:00-04:00,311.5400085449219,259.9800109863281,342.1700134277344,550.72998046875,80.31950378417969,311.8599853515625,260.18499755859375,342.2900085449219,550.7349853515625,80.33999633789062,311.4700012207031,259.95001220703125,342.05999755859375,550.1500244140625,80.29000091552734,311.8599853515625,260.18499755859375,342.2699890136719,550.2750244140625,80.31999969482422,54244,27680,17314,12591,27153
2026-08-21 11:57:00-04:00,311.4750061035156,259.8949890136719,342.0299987792969,550.2899780273438,80.36750030517578,311.5580139160156,260.07989501953125,342.2099914550781,550.7999267578125,80.37370300292969,311.3999938964844,259.8399963378906,341.9630126953125,550.1599731445312,80.30000305175781,311.55499267578125,259.9700012207031,342.1400146484375,550.6699829101562,80.30999755859375,42707,44851,15289,14859,23764
2026-08-21 11:58:00-04:00,311.5299987792969,259.7742919921875,341.989990234375,550.1500854492188,80.3949966430664,311.55950927734375,259.8999938964844,342.1000061035156,550.3900146484375,80.40499877929688,311.32000732421875,259.760009765625,341.9100036621094,549.989990234375,80.36000061035156,311.45001220703125,259.8999938964844,342.07000732421875,550.3150024414062,80.36499786376953,23308521,34998,11010,25725,24156
2026-08-21 11:59:00-04:00,311.510009765625,259.6449890136719,341.94000244140625,549.875,80.37999725341797,311.58990478515625,259.82000732421875,342.006103515625,550.27001953125,80.4000015258789,311.5,259.5899963378906,341.79998779296875,549.6500244140625,80.36000061035156,311.53399658203125,259.82000732421875,341.989990234375,550.27001953125,80.3949966430664,26432,33728,14419,54917,27519
2026-08-21 12:00:00-04:00,311.7200012207031,259.5863037109375,341.7900085449219,549.9600219726562,80.37989807128906,311.75,259.69000244140625,341.9700012207031,549.9998779296875,80.37999725341797,311.4800109863281,259.5400085449219,341.7200012207031,549.760009765625,80.33999633789062,311.5249938964844,259.6300048828125,341.92999267578125,549.875,80.37000274658203,363191,33297,22815,11540,17912
2026-08-21 12:01:00-04:00,311.6199951171875,259.3800048828125,341.5299987792969,549.8200073242188,80.375,311.82000732421875,259.67999267578125,341.7550048828125,550.146484375,80.38500213623047,311.6199951171875,259.3500061035156,341.5299987792969,549.7899780273438,80.36000061035156,311.69500732421875,259.5799865722656,341.75,549.9650268554688,80.3727035522461,37467,39334,10755,8912,21202
2026-08-21 12:02:00-04:00,311.510009765625,259.45001220703125,341.465087890625,549.8400268554688,80.37000274658203,311.70001220703125,259.497314453125,341.55999755859375,549.9000244140625,80.37999725341797,311.4700012207031,259.30999755859375,341.4005126953125,549.719970703125,80.3499984741211,311.6099853515625,259.3599853515625,341.55999755859375,549.8300170898438,80.36000061035156,28260,44177,8478,110441,26903
2026-08-21 12:03:00-04:00,311.3800048828125,259.2300109863281,341.5799865722656,549.5999755859375,80.33499908447266,311.54998779296875,259.4599914550781,341.6499938964844,549.8400268554688,80.36000061035156,311.3500061035156,259.2300109863281,341.4200134277344,549.4299926757812,80.3102035522461,311.489990234375,259.4599914550781,341.44488525390625,549.8400268554688,80.36000061035156,25466,41423,16509,20137,28769
2026-08-21 12:04:00-04:00,311.375,259.20001220703125,341.5450134277344,549.4400024414062,80.29000091552734,311.4599914550781,259.2799072265625,341.6199951171875,549.7000122070312,80.33000183105469,311.260009765625,259.1499938964844,341.5,549.3204956054688,80.28150177001953,311.3699951171875,259.260009765625,341.5729064941406,549.5800170898438,80.33000183105469,53473,38377,13964,14741,41996
2026-08-21 12:05:00-04:00,311.3861083984375,259.22198486328125,341.57000732421875,548.9010009765625,80.3550033569336,311.45001220703125,259.2799987792969,341.57000732421875,549.4299926757812,80.3550033569336,311.32000732421875,259.1600036621094,341.4200134277344,548.761474609375,80.29000091552734,311.3599853515625,259.2300109863281,341.5199890136719,549.4299926757812,80.29000091552734,30437,28328,28266,22997,41952
2026-08-21 12:06:00-04:00,311.3599853515625,259.2300109863281,341.6700134277344,549.3599853515625,80.4000015258789,311.4599914550781,259.2699890136719,341.6700134277344,549.4299926757812,80.41999816894531,311.260009765625,259.1300048828125,341.5299987792969,549.0,80.3499984741211,311.3999938964844,259.2349853515625,341.6400146484375,549.0,80.3550033569336,27693,26262,5724,8896,44554
2026-08-21 12:07:00-04:00,311.42999267578125,259.2650146484375,341.7349853515625,549.4849853515625,80.36000061035156,311.44989013671875,259.3269958496094,341.7900085449219,549.5999145507812,80.41000366210938,311.3299865722656,259.1199951171875,341.6700134277344,549.27001953125,80.36000061035156,311.3599853515625,259.239990234375,341.6700134277344,549.39501953125,80.41000366210938,42671,72947,8389,10273,31074
2026-08-21 12:08:00-04:00,311.4923095703125,259.2699890136719,341.8800048828125,549.75,80.36000061035156,311.5398864746094,259.3399963378906,341.9341125488281,549.7949829101562,80.37000274658203,311.4100036621094,259.25,341.70001220703125,549.3400268554688,80.3499984741211,311.42498779296875,259.260498046875,341.7300109863281,549.4849853515625,80.3572006225586,47874,30037,12361,12353,43016
2026-08-21 12:09:00-04:00,311.5,259.1639099121094,341.7699890136719,549.5549926757812,80.33999633789062,311.54998779296875,259.32000732421875,341.8800048828125,549.75,80.44000244140625,311.4200134277344,259.15008544921875,341.7099914550781,549.4000244140625,80.33999633789062,311.4949951171875,259.2550048828125,341.8550109863281,549.75,80.36499786376953,127037,52576,7783,14790,69173
2026-08-21 12:10:00-04:00,311.5433044433594,259.20001220703125,341.7300109863281,549.6300048828125,80.34429931640625,311.5899963378906,259.21990966796875,341.8900146484375,549.9000244140625,80.36000061035156,311.489990234375,259.1499938964844,341.7200012207031,549.4500732421875,80.33999633789062,311.5,259.1899108886719,341.7699890136719,549.5549926757812,80.3499984741211,27414,31896,10984,11081,11657
2026-08-21 12:11:00-04:00,311.55499267578125,259.20001220703125,341.6000061035156,549.52001953125,80.3499984741211,311.57000732421875,259.32000732421875,341.739990234375,549.7899780273438,80.36000061035156,311.4100036621094,259.17999267578125,341.57000732421875,549.52001953125,80.31999969482422,311.5299987792969,259.2217102050781,341.7099914550781,549.7496948242188,80.33999633789062,28199,55056,8378,5920,20906
2026-08-21 12:12:00-04:00,311.42999267578125,259.18499755859375,341.57000732421875,549.6900024414062,80.3550033569336,311.55999755859375,259.20989990234375,341.6199951171875,549.75,80.36499786376953,311.42999267578125,259.1499938964844,341.57000732421875,549.52001953125,80.3324966430664,311.55999755859375,259.20001220703125,341.57000732421875,549.5700073242188,80.36499786376953,28846,21432,4776,6615,14261
2026-08-21 12:13:00-04:00,311.30999755859375,259.1700134277344,341.43499755859375,549.8049926757812,80.33000183105469,311.44000244140625,259.2099914550781,341.6499938964844,549.8599853515625,80.37000274658203,311.2900085449219,259.1401062011719,341.3999938964844,549.6300048828125,80.30999755859375,311.42498779296875,259.1700134277344,341.5950012207031,549.6900024414062,80.36000061035156,29388,28329,13951,19915,29292
2026-08-21 12:14:00-04:00,311.19000244140625,259.19500732421875,341.3999938964844,550.3250122070312,80.33999633789062,311.2950134277344,259.2099914550781,341.4200134277344,550.3599853515625,80.37000274658203,311.1700134277344,259.0450134277344,341.25,549.6500244140625,80.30999755859375,311.2950134277344,259.1549987792969,341.4100036621094,549.7750244140625,80.32499694824219,35976,50838,12164,18636,126747
2026-08-21 12:15:00-04:00,311.2200012207031,259.1700134277344,341.3399963378906,550.1900024414062,80.32499694824219,311.2749938964844,259.2900085449219,341.4800109863281,550.35498046875,80.37999725341797,311.1499938964844,259.1499938964844,341.3135986328125,550.1500244140625,80.31999969482422,311.17999267578125,259.19000244140625,341.45001220703125,550.1900024414062,80.33499908447266,39980,38817,6410,14694,45727
2026-08-21 12:16:00-04:00,311.3949890136719,259.135009765625,341.4219970703125,550.1400146484375,80.26000213623047,311.4100036621094,259.17999267578125,341.4599914550781,550.2639770507812,80.31999969482422,311.2099914550781,259.0849914550781,341.2900085449219,550.10009765625,80.25,311.2250061035156,259.1700134277344,341.30999755859375,550.1400146484375,80.26000213623047,28846,19730,6641,4955,150029
2026-08-21 12:17:00-04:00,311.2651062011719,259.0050048828125,341.30999755859375,550.260009765625,80.25499725341797,311.3999938964844,259.1499938964844,341.4200134277344,550.4298706054688,80.25499725341797,311.2401123046875,258.9800109863281,341.2510070800781,550.1199951171875,80.23999786376953,311.375,259.135009765625,341.4200134277344,550.219970703125,80.25,40290,51868,12903,15872,15905
2026-08-21 12:18:00-04:00,311.0884094238281,259.0101013183594,341.0899963378906,550.1849975585938,80.2249984741211,311.2900085449219,259.1300048828125,341.3299865722656,550.35498046875,80.26499938964844,311.0799865722656,259.0,341.0899963378906,550.080078125,80.2249984741211,311.2550048828125,259.010009765625,341.29998779296875,550.3200073242188,80.25499725341797,25242,28000,13082,12416,38943
2026-08-21 12:19:00-04:00,311.1050109863281,258.9700012207031,340.9305114746094,549.89501953125,80.19000244140625,311.1400146484375,259.05999755859375,341.1018981933594,550.1300048828125,80.22000122070312,311.0,258.8500061035156,340.9200134277344,549.89501953125,80.17019653320312,311.0899963378906,259.0400085449219,341.1000061035156,550.1300048828125,80.22000122070312,40242,58566,13570,8524,36574
2026-08-21 12:20:00-04:00,311.1600036621094,258.9100036621094,340.9549865722656,549.780029296875,80.23999786376953,311.2090148925781,259.0400085449219,341.0,550.0,80.23999786376953,311.0899963378906,258.8900146484375,340.8399963378906,549.780029296875,80.16999816894531,311.1004943847656,258.9700012207031,340.94000244140625,549.89501953125,80.18499755859375,16861,51062,21129,11864,67154
2026-08-21 12:21:00-04:00,311.32000732421875,259.14990234375,341.2099914550781,550.2999877929688,80.20500183105469,311.42999267578125,259.44000244140625,341.4800109863281,550.7999877929688,80.2699966430664,311.15008544921875,258.92999267578125,340.92999267578125,549.6199951171875,80.19999694824219,311.1700134277344,259.14990234375,340.9549865722656,549.7750244140625,80.2300033569336,48211,78389,24100,52369,46830
2026-08-21 12:22:00-04:00,311.2300109863281,259.07989501953125,340.9599914550781,549.9749755859375,80.17500305175781,311.3299865722656,259.159912109375,341.2149963378906,550.25,80.23999786376953,311.18499755859375,259.0199890136719,340.8999938964844,549.8049926757812,80.16000366210938,311.2900085449219,259.1400146484375,341.2149963378906,550.25,80.20999908447266,26950,27462,11113,25084,30603
2026-08-21 12:23:00-04:00,311.260009765625,259.07958984375,340.99700927734375,550.0501098632812,80.19499969482422,311.260009765625,259.07989501953125,341.0098876953125,550.2550048828125,80.19499969482422,311.1600036621094,259.0199890136719,340.9100036621094,549.95068359375,80.17379760742188,311.2300109863281,259.07989501953125,340.9599914550781,550.0399780273438,80.18000030517578,14875,18294,11344,22392,17130
2026-08-21 12:24:00-04:00,311.364990234375,259.03570556640625,341.05450439453125,549.8394775390625,80.21990203857422,311.3800048828125,259.08099365234375,341.0899963378906,550.0999755859375,80.22000122070312,311.2218017578125,259.010009765625,340.9599914550781,549.7548828125,80.19499969482422,311.2650146484375,259.08099365234375,340.9800109863281,550.010009765625,80.19499969482422,28149,20147,10287,5102,13662
2026-08-21 12:25:00-04:00,311.3299865722656,259.07000732421875,341.135009765625,550.114013671875,80.25,311.4339904785156,259.07989501953125,341.19000244140625,550.1599731445312,80.2655029296875,311.260009765625,258.9800109863281,341.07000732421875,549.844970703125,80.2074966430664,311.375,259.0299987792969,341.0799865722656,549.8499755859375,80.22000122070312,79500,28669,8799,7718,36944
2026-08-21 12:26:00-04:00,311.1449890136719,258.9800109863281,341.1300048828125,549.989990234375,80.19999694824219,311.3299865722656,259.0799865722656,341.1650085449219,550.0800170898438,80.23999786376953,311.07000732421875,258.9599914550781,341.0,549.9099731445312,80.19499969482422,311.30999755859375,259.05999755859375,341.135009765625,550.0750122070312,80.23999786376953,27712,35363,10608,4557,12944
2026-08-21 12:27:00-04:00,311.2699890136719,259.0950012207031,341.2449951171875,550.7783203125,80.23999786376953,311.2699890136719,259.1099853515625,341.2550048828125,550.8499755859375,80.24500274658203,311.0899963378906,258.94000244140625,341.1300048828125,549.880126953125,80.19000244140625,311.1449890136719,258.9700012207031,341.1300048828125,549.9400024414062,80.19000244140625,23234,53219,12132,21022,20973
2026-08-21 12:28:00-04:00,311.2250061035156,258.94500732421875,341.2449951171875,550.4099731445312,80.2300033569336,311.29998779296875,259.17999267578125,341.375,551.0399780273438,80.25,311.2200012207031,258.94000244140625,341.2200927734375,550.3900146484375,80.22319793701172,311.239990234375,259.0950012207031,341.25,550.8499755859375,80.2300033569336,15985,64997,15130,24386,15147
2026-08-21 12:29:00-04:00,311.20318603515625,258.8999938964844,341.3399963378906,550.6749877929688,80.25,311.2401123046875,258.9700012207031,341.3399963378906,550.719970703125,80.26000213623047,311.18011474609375,258.82000732421875,341.20001220703125,550.405029296875,80.19000244140625,311.2398986816406,258.8999938964844,341.25,550.4099731445312,80.2249984741211,15907,88687,7747,24530,39987
2026-08-21 12:30:00-04:00,311.2149963378906,258.80999755859375,341.45001220703125,550.5349731445312,80.20999908447266,311.25,259.04998779296875,341.472412109375,550.7850952148438,80.2699966430664,311.1199951171875,258.7300109863281,341.31500244140625,550.3889770507812,80.20999908447266,311.20001220703125,258.9100036621094,341.3299865722656,550.7850952148438,80.25,23150,110563,14503,7618,12377
2026-08-21 12:31:00-04:00,310.864990234375,258.7900085449219,341.44000244140625,550.9199829101562,80.24500274658203,311.2049865722656,258.8999938964844,341.4599914550781,550.97998046875,80.25,310.80999755859375,258.7200012207031,341.44000244140625,550.4666137695312,80.19999694824219,311.20001220703125,258.79998779296875,341.4599914550781,550.5350952148438,80.19999694824219,72033,54387,9351,7486,29616
2026-08-21 12:32:00-04:00,310.7149963378906,258.9400939941406,342.0350036621094,551.0050048828125,80.25,310.9100036621094,258.989990234375,342.0350036621094,551.0750122070312,80.26499938964844,310.6499938964844,258.6700134277344,341.45001220703125,550.7537841796875,80.2249984741211,310.8599853515625,258.8299865722656,341.45001220703125,550.9000244140625,80.23999786376953,77591,50064,46029,16825,29346
2026-08-21 12:33:00-04:00,310.57501220703125,258.95001220703125,341.8900146484375,551.0999755859375,80.26000213623047,310.7300109863281,259.04998779296875,342.06500244140625,551.2000122070312,80.26000213623047,310.55999755859375,258.8999938964844,341.8500061035156,550.9616088867188,80.23999786376953,310.7200012207031,258.95001220703125,342.0,551.091796875,80.25499725341797,48628,52541,12075,17516,16839
2026-08-21 12:34:00-04:00,310.4100036621094,259.0050048828125,341.80999755859375,551.3699951171875,80.33000183105469,310.5799865722656,259.1099853515625,341.9549865722656,551.3699951171875,80.33999633789062,310.4100036621094,258.9309997558594,341.80999755859375,551.1500244140625,80.25499725341797,310.57489013671875,258.95989990234375,341.860107421875,551.1900024414062,80.25499725341797,40176,51667,18043,11170,63968
2026-08-21 12:35:00-04:00,310.45001220703125,258.7300109863281,342.1400146484375,551.3800048828125,80.30500030517578,310.6073913574219,259.0299987792969,342.1499938964844,551.6900024414062,80.33989715576172,310.3999938964844,258.68499755859375,341.840087890625,551.2858276367188,80.30010223388672,310.3999938964844,259.0299987792969,341.8599853515625,551.4099731445312,80.32499694824219,30114,70780,29251,21976,18454
2026-08-21 12:36:00-04:00,310.41009521484375,258.90740966796875,342.3699951171875,551.9749755859375,80.30999755859375,310.4454040527344,258.90740966796875,342.3699951171875,552.010009765625,80.3499984741211,310.2699890136719,258.69000244140625,342.1400146484375,551.2999877929688,80.30500030517578,310.44000244140625,258.7699890136719,342.1549987792969,551.4500122070312,80.30500030517578,55051,40542,36733,23563,30843
2026-08-21 12:37:00-04:00,310.45001220703125,258.8699951171875,342.260009765625,551.9949951171875,80.2750015258789,310.5199890136719,258.9549865722656,342.3699951171875,552.0499877929688,80.30500030517578,310.3999938964844,258.8500061035156,342.2200012207031,551.7211303710938,80.2699966430664,310.4100036621094,258.9100036621094,342.3699951171875,551.952880859375,80.30000305175781,46222,30196,14813,23573,27428
2026-08-21 12:38:00-04:00,310.7149963378906,259.010009765625,342.29998779296875,552.0999755859375,80.3550033569336,310.7200012207031,259.010009765625,342.3599853515625,552.2000122070312,80.36000061035156,310.44000244140625,258.8399963378906,342.2099914550781,551.9400024414062,80.2699966430664,310.45001220703125,258.864990234375,342.239990234375,551.9949951171875,80.27999877929688,44844,27528,11955,17783,30683
2026-08-21 12:39:00-04:00,310.7099914550781,259.0249938964844,342.5799865722656,552.4201049804688,80.37000274658203,310.739990234375,259.05999755859375,342.5799865722656,552.4575805664062,80.37999725341797,310.6600036621094,258.9049987792969,342.239990234375,552.0,80.33999633789062,310.7101135253906,259.010009765625,342.2850036621094,552.0499877929688,80.3499984741211,35525,27355,334665,9714,21354
2026-08-21 12:40:00-04:00,310.635009765625,259.0950927734375,342.4599914550781,552.4000244140625,80.33999633789062,310.7099914550781,259.1099853515625,342.6000061035156,552.4979248046875,80.375,310.5899963378906,258.989990234375,342.4100036621094,552.22998046875,80.31999969482422,310.7099914550781,259.0950927734375,342.5751037597656,552.4199829101562,80.375,22411,39984,9310,18246,20293
2026-08-21 12:41:00-04:00,310.7699890136719,259.0899963378906,342.625,552.7999877929688,80.34500122070312,310.8299865722656,259.1199951171875,342.6400146484375,552.7999877929688,80.34500122070312,310.6199951171875,259.0400085449219,342.42999267578125,552.3300170898438,80.31999969482422,310.635009765625,259.090087890625,342.4599914550781,552.405029296875,80.33000183105469,36437,31632,33013,12234,45198
2026-08-21 12:42:00-04:00,310.82501220703125,259.0950012207031,342.6199951171875,552.89501953125,80.32499694824219,310.8299865722656,259.1600036621094,342.75,553.0999755859375,80.3499984741211,310.69000244140625,259.0350036621094,342.6000061035156,552.7650146484375,80.32499694824219,310.7406005859375,259.07000732421875,342.6252136230469,552.8001098632812,80.34989929199219,227323,35504,19289,24326,28943
2026-08-21 12:43:00-04:00,310.739990234375,258.9700012207031,342.54998779296875,552.8989868164062,80.27999877929688,310.8900146484375,259.1300048828125,342.6600036621094,552.9500122070312,80.33000183105469,310.68499755859375,258.8999938964844,342.4800109863281,552.5,80.27999877929688,310.82000732421875,259.0950012207031,342.6099853515625,552.8599853515625,80.32499694824219,35411,38954,15935,23997,16364
2026-08-21 12:44:00-04:00,310.70001220703125,259.04998779296875,342.6600036621094,553.0,80.29499816894531,310.739990234375,259.05999755859375,342.69000244140625,553.0800170898438,80.30059814453125,310.614990234375,258.9599914550781,342.5199890136719,552.7324829101562,80.28990173339844,310.7099914550781,259.0,342.57989501953125,552.8250122070312,80.29499816894531,23872,32059,14774,12356,15301
2026-08-21 12:45:00-04:00,310.6700134277344,258.94000244140625,342.5050048828125,552.7100219726562,80.23500061035156,310.7449951171875,259.0412902832031,342.7001037597656,553.0700073242188,80.30000305175781,310.5806884765625,258.8699951171875,342.4599914550781,552.6021728515625,80.23500061035156,310.739990234375,259.0412902832031,342.6600036621094,552.989990234375,80.29499816894531,31239,44541,12521,23220,60863
2026-08-21 12:46:00-04:00,310.7601013183594,258.9200134277344,342.32000732421875,552.7899780273438,80.2699966430664,310.81500244140625,259.04998779296875,342.5199890136719,552.844970703125,80.30000305175781,310.6600036621094,258.8999938964844,342.32000732421875,552.6849975585938,80.2249984741211,310.6600036621094,258.9599914550781,342.510009765625,552.7100219726562,80.23200225830078,21285,27334,12568,13193,39061
2026-08-21 12:47:00-04:00,310.7300109863281,258.8599853515625,342.3699951171875,552.8699951171875,80.26000213623047,310.7900085449219,258.9649963378906,342.3900146484375,552.935791015625,80.29000091552734,310.70001220703125,258.8599853515625,342.29998779296875,552.7800903320312,80.26000213623047,310.739990234375,258.9200134277344,342.3299865722656,552.8599853515625,80.2699966430664,18266,28091,13127,10707,13001
2026-08-21 12:48:00-04:00,310.7449951171875,258.7349853515625,342.4100036621094,552.72998046875,80.2645034790039,310.7950134277344,258.9599914550781,342.489990234375,552.97998046875,80.27999877929688,310.7200012207031,258.69000244140625,342.32000732421875,552.6300048828125,80.2500991821289,310.7300109863281,258.8900146484375,342.3299865722656,552.8099975585938,80.2699966430664,22571,52104,12018,15988,9789
2026-08-21 12:49:00-04:00,310.79010009765625,258.760009765625,342.45001220703125,552.719970703125,80.25630187988281,310.8301086425781,258.760009765625,342.5,552.77001953125,80.28990173339844,310.7449951171875,258.70001220703125,342.41009521484375,552.6400146484375,80.23500061035156,310.7449951171875,258.7496032714844,342.41009521484375,552.6400146484375,80.2699966430664,44278,28122,8534,13843,19430
2026-08-21 12:50:00-04:00,310.7300109863281,258.6600036621094,342.19000244140625,552.375,80.23500061035156,310.7900085449219,258.7650146484375,342.42999267578125,552.7999877929688,80.26609802246094,310.6600036621094,258.5899963378906,342.1242980957031,552.3200073242188,80.20999908447266,310.7900085449219,258.760009765625,342.42999267578125,552.7698974609375,80.26499938964844,30434,72048,9180,20549,29553
2026-08-21 12:51:00-04:00,310.7799987792969,258.57501220703125,342.1050109863281,552.0150146484375,80.21499633789062,310.7799987792969,258.6799011230469,342.2200012207031,552.4600219726562,80.23500061035156,310.7200927734375,258.57501220703125,342.07000732421875,551.8499755859375,80.20999908447266,310.7250061035156,258.67498779296875,342.17999267578125,552.4099731445312,80.2301025390625,12701,39583,20104,18482,14245
2026-08-21 12:52:00-04:00,310.79998779296875,258.6499938964844,342.1499938964844,551.9149780273438,80.19000244140625,310.8550109863281,258.6830139160156,342.2200012207031,552.040771484375,80.20999908447266,310.7300109863281,258.54998779296875,342.0700988769531,551.6649780273438,80.18000030517578,310.78118896484375,258.5799865722656,342.1199951171875,552.040771484375,80.20999908447266,18381,40674,11086,14545,17825
2026-08-21 12:53:00-04:00,310.956298828125,258.6099853515625,342.17498779296875,551.5999755859375,80.19499969482422,310.9800109863281,258.6499938964844,342.2200012207031,551.9199829101562,80.19999694824219,310.760009765625,258.54998779296875,342.1300048828125,551.5999755859375,80.16999816894531,310.80999755859375,258.6300048828125,342.1400146484375,551.8800048828125,80.18990325927734,25004,26390,13976,9008,13833
2026-08-21 12:54:00-04:00,310.9700012207031,258.6650085449219,342.4681091308594,551.6799926757812,80.27020263671875,311.0299987792969,258.7099914550781,342.4800109863281,551.7796020507812,80.29000091552734,310.9549865722656,258.6199951171875,342.2254943847656,551.6500244140625,80.19999694824219,310.9599914550781,258.6199951171875,342.2300109863281,551.719970703125,80.19999694824219,32799,32339,14527,5769,26840
2026-08-21 12:55:00-04:00,310.93499755859375,258.8500061035156,342.3900146484375,551.5700073242188,80.27999877929688,310.9649963378906,258.92498779296875,342.57000732421875,551.6951293945312,80.28500366210938,310.8800048828125,258.6579895019531,342.3900146484375,551.239990234375,80.25,310.9649963378906,258.6650085449219,342.4649963378906,551.6950073242188,80.27999877929688,31015,86337,16935,26092,46551
2026-08-21 12:56:00-04:00,310.885009765625,258.7950134277344,342.4599914550781,551.4099731445312,80.30500030517578,310.9700012207031,258.8682861328125,342.489990234375,551.594970703125,80.30500030517578,310.8800048828125,258.7699890136719,342.3500061035156,551.4099731445312,80.27999877929688,310.92498779296875,258.8682861328125,342.3900146484375,551.594970703125,80.29000091552734,18710,41238,48093,5814,12506
2026-08-21 12:57:00-04:00,311.0,259.1400146484375,342.6499938964844,551.6199951171875,80.33000183105469,311.0,259.1600036621094,342.6499938964844,551.6199951171875,80.33499908447266,310.8699951171875,258.79998779296875,342.42999267578125,551.3400268554688,80.29000091552734,310.885009765625,258.79998779296875,342.6499938964844,551.405029296875,80.30500030517578,20096,41960,18279,10719,30226
2026-08-21 12:58:00-04:00,310.92999267578125,259.2300109863281,342.8900146484375,552.030029296875,80.37999725341797,311.03009033203125,259.2799987792969,342.9200134277344,552.1298828125,80.37999725341797,310.8900146484375,259.1000061035156,342.6065979003906,551.5499877929688,80.31999969482422,310.989990234375,259.1099853515625,342.6199951171875,551.594970703125,80.33000183105469,32398,45704,25228,23569,36426
2026-08-21 12:59:00-04:00,311.0050048828125,259.1099853515625,343.0150146484375,552.1799926757812,80.36499786376953,311.0050048828125,259.2300109863281,343.0150146484375,552.2000122070312,80.37000274658203,310.9200134277344,258.9750061035156,342.8500061035156,551.9500122070312,80.3550033569336,310.92999267578125,259.2300109863281,342.8900146484375,552.0900268554688,80.37000274658203,28726,53874,52726,16407,35851
2026-08-21 13:00:00-04:00,311.1650085449219,259.3100891113281,343.1050109863281,552.3359985351562,80.33499908447266,311.2099914550781,259.3500061035156,343.20001220703125,552.4600219726562,80.37999725341797,310.989990234375,259.1650085449219,343.0150146484375,552.1749877929688,80.33499908447266,310.989990234375,259.3100891113281,343.02978515625,552.25,80.36499786376953,60827,87768,15981,16008,32880
2026-08-21 13:01:00-04:00,311.1499938964844,259.4700012207031,343.1499938964844,552.4550170898438,80.37470245361328,311.2799987792969,259.5,343.239990234375,552.5900268554688,80.38500213623047,311.125,259.30999755859375,343.0436096191406,552.239990234375,80.32499694824219,311.1499938964844,259.3399963378906,343.1000061035156,552.3150024414062,80.33499908447266,57597,45336,14983,26465,23552
2026-08-21 13:02:00-04:00,311.114990234375,259.42999267578125,343.1700134277344,552.5499877929688,80.31999969482422,311.19989013671875,259.53399658203125,343.2799987792969,552.6099853515625,80.37999725341797,311.1099853515625,259.0,343.0799865722656,552.3800048828125,80.31999969482422,311.1600036621094,259.4599914550781,343.1300048828125,552.5399169921875,80.375,28610,65850,17257,18213,28111
2026-08-21 13:03:00-04:00,311.05999755859375,259.3900146484375,343.05999755859375,552.5300903320312,80.37999725341797,311.1300048828125,259.510009765625,343.19000244140625,552.5449829101562,80.38999938964844,310.8900146484375,259.37908935546875,342.9200134277344,552.25,80.30000305175781,311.1000061035156,259.4599914550781,343.18499755859375,552.5449829101562,80.30999755859375,96089,37129,42693,16988,41312
2026-08-21 13:04:00-04:00,311.0299987792969,259.43499755859375,343.0,552.4400024414062,80.36000061035156,311.0899963378906,259.4599914550781,343.0675048828125,552.7449951171875,80.38500213623047,310.9700012207031,259.3599853515625,342.94000244140625,552.3699951171875,80.3550033569336,311.07000732421875,259.4024963378906,343.04998779296875,552.4400024414062,80.38500213623047,21120,46634,14744,11318,23150
2026-08-21 13:05:00-04:00,311.1050109863281,259.4100036621094,342.94989013671875,552.3200073242188,80.36000061035156,311.1700134277344,259.4700012207031,343.0,552.3699951171875,80.36979675292969,311.0299987792969,259.3599853515625,342.7369079589844,552.04248046875,80.34500122070312,311.0400085449219,259.4200134277344,342.9800109863281,552.280029296875,80.36499786376953,29386,34018,19620,25076,20531
2026-08-21 13:06:00-04:00,311.2099914550781,259.42498779296875,342.7550048828125,552.1199951171875,80.34500122070312,311.24700927734375,259.45001220703125,342.9200134277344,552.4600219726562,80.36000061035156,311.0799865722656,259.3949890136719,342.69000244140625,552.0606079101562,80.33999633789062,311.1099853515625,259.4100036621094,342.9200134277344,552.4600219726562,80.3499984741211,24544,53431,10195,8091,11013
2026-08-21 13:07:00-04:00,311.2699890136719,259.29541015625,342.6449890136719,552.02001953125,80.3656005859375,311.32000732421875,259.44000244140625,342.7799987792969,552.239990234375,80.37110137939453,311.1549987792969,259.2909851074219,342.6000061035156,552.02001953125,80.33999633789062,311.2099914550781,259.42498779296875,342.7799987792969,552.1799926757812,80.34500122070312,32314,42034,7037,7554,36720
2026-08-21 13:08:00-04:00,311.3900146484375,259.3500061035156,342.67498779296875,552.739990234375,80.38400268554688,311.3999938964844,259.4100036621094,342.7099914550781,552.760009765625,80.38999938964844,311.25,259.260009765625,342.6300048828125,552.030029296875,80.3604965209961,311.2699890136719,259.29998779296875,342.6300048828125,552.0928955078125,80.37999725341797,22373,78485,22889,10502,16724
2026-08-21 13:09:00-04:00,311.57000732421875,259.25,342.57000732421875,552.5850219726562,80.38500213623047,311.6099853515625,259.3599853515625,342.70001220703125,552.8049926757812,80.38999938964844,311.3900146484375,259.18499755859375,342.5299987792969,552.3699951171875,80.36000061035156,311.3900146484375,259.32000732421875,342.69000244140625,552.7078857421875,80.38500213623047,61540,39532,12086,9853,26280
2026-08-21 13:10:00-04:00,311.5450134277344,259.1300048828125,342.3800048828125,552.6248779296875,80.3727035522461,311.5799865722656,259.239990234375,342.5899963378906,552.6248779296875,80.38999938964844,311.45001220703125,259.1099853515625,342.3800048828125,552.4600219726562,80.36000061035156,311.55999755859375,259.239990234375,342.5799865722656,552.609375,80.38500213623047,24081,31487,10917,17764,16877
2026-08-21 13:11:00-04:00,311.43499755859375,259.0350036621094,342.3599853515625,552.7899780273438,80.36000061035156,311.5599060058594,259.252197265625,342.4200134277344,552.97998046875,80.37000274658203,311.4100036621094,259.0350036621094,342.29998779296875,552.5499877929688,80.3499984741211,311.54998779296875,259.1400146484375,342.3500061035156,552.6300048828125,80.37000274658203,18460,27954,12153,35672,18810
2026-08-21 13:12:00-04:00,311.52239990234375,258.8500061035156,342.3450012207031,552.6500244140625,80.3499984741211,311.5498962402344,259.07000732421875,342.3900146484375,552.8200073242188,80.375,311.42059326171875,258.8399963378906,342.2900085449219,552.6099853515625,80.34500122070312,311.42999267578125,259.07000732421875,342.3800048828125,552.8200073242188,80.37000274658203,31273,20431,7943,9340,17226
2026-08-21 13:13:00-04:00,311.4949951171875,258.80999755859375,342.3999938964844,553.22998046875,80.33000183105469,311.5450134277344,258.8800048828125,342.42999267578125,553.22998046875,80.33999633789062,311.4700012207031,258.79998779296875,342.3100891113281,552.6077270507812,80.31999969482422,311.5249938964844,258.8550109863281,342.3299865722656,552.6599731445312,80.33999633789062,32196,24416,9253,15676,14836
2026-08-21 13:14:00-04:00,311.55999755859375,258.79998779296875,342.3699951171875,553.0599975585938,80.30999755859375,311.6400146484375,258.84991455078125,342.42999267578125,553.2100219726562,80.32499694824219,311.4599914550781,258.75,342.340087890625,552.9299926757812,80.30500030517578,311.5,258.7909851074219,342.3800048828125,553.1901245117188,80.32499694824219,57091,26264,9276,16861,13839
2026-08-21 13:15:00-04:00,311.57501220703125,258.9949951171875,342.59710693359375,553.280029296875,80.37999725341797,311.6050109863281,259.0,342.635009765625,553.4600219726562,80.37999725341797,311.45001220703125,258.7099914550781,342.3399963378906,552.8900146484375,80.30999755859375,311.5199890136719,258.760009765625,342.375,553.0599975585938,80.30999755859375,27925,59992,15452,19188,59747
2026-08-21 13:16:00-04:00,311.5400085449219,258.8450012207031,342.59490966796875,553.0150146484375,80.41500091552734,311.6000061035156,259.0137023925781,342.6499938964844,553.375,80.41999816894531,311.510009765625,258.79998779296875,342.5314025878906,552.9500732421875,80.37999725341797,311.5400085449219,259.0,342.6099853515625,553.3350219726562,80.38999938964844,29369,69314,11414,17058,26325
2026-08-21 13:17:00-04:00,311.3900146484375,258.92999267578125,342.40631103515625,553.0800170898438,80.375,311.510009765625,258.95001220703125,342.6098937988281,553.1694946289062,80.41500091552734,311.3399963378906,258.5,342.3599853515625,552.8499755859375,80.37000274658203,311.5,258.8299865722656,342.6000061035156,553.0150146484375,80.41500091552734,47254,99484,13301,9674,19580
2026-08-21 13:18:00-04:00,311.2250061035156,259.1549987792969,342.5350036621094,553.155029296875,80.4000015258789,311.4100036621094,259.1549987792969,342.5450134277344,553.260009765625,80.4000015258789,311.2001037597656,258.94000244140625,342.4200134277344,552.97998046875,80.375,311.3699951171875,258.94000244140625,342.4200134277344,553.0850219726562,80.375,160071,46879,13683,13667,16898
2026-08-21 13:19:00-04:00,311.42999267578125,259.1050109863281,342.5,552.9395141601562,80.38999938964844,311.42999267578125,259.17999267578125,342.5899963378906,553.1998901367188,80.40290069580078,311.18231201171875,259.07000732421875,342.5,552.9099731445312,80.37000274658203,311.2349853515625,259.17999267578125,342.5400085449219,553.1599731445312,80.40290069580078,38506,19817,10464,14542,19129
2026-08-21 13:20:00-04:00,311.4601135253906,259.09991455078125,342.4800109863281,553.1649780273438,80.41500091552734,311.489990234375,259.1400146484375,342.54998779296875,553.2000122070312,80.41500091552734,311.3500061035156,259.0199890136719,342.43218994140625,552.8900146484375,80.38500213623047,311.42498779296875,259.1199951171875,342.5,552.8900146484375,80.4000015258789,46857,30742,8204,10973,23740
2026-08-21 13:21:00-04:00,311.5350036621094,259.2900085449219,342.6000061035156,553.2498779296875,80.41999816894531,311.6400146484375,259.3299865722656,342.6000061035156,553.2498779296875,80.44000244140625,311.4599914550781,259.04998779296875,342.4100036621094,553.0449829101562,80.41000366210938,311.4700012207031,259.07000732421875,342.4800109863281,553.135009765625,80.41500091552734,34380,26525,8053,8690,25645
2026-08-21 13:22:00-04:00,311.3349914550781,259.3399963378906,342.42999267578125,552.9349975585938,80.36499786376953,311.55999755859375,259.44000244140625,342.5899963378906,553.2000122070312,80.41500091552734,311.30999755859375,259.2900085449219,342.3800048828125,552.9349975585938,80.36499786376953,311.55999755859375,259.3236999511719,342.5400085449219,553.151611328125,80.41200256347656,26590,30388,7729,11030,16444
2026-08-21 13:23:00-04:00,311.5299987792969,259.489990234375,342.510009765625,552.9400024414062,80.33989715576172,311.57000732421875,259.489990234375,342.5799865722656,553.0900268554688,80.37000274658203,311.3450012207031,259.29998779296875,342.45001220703125,552.7999877929688,80.33000183105469,311.3450012207031,259.3399963378906,342.510009765625,552.9099731445312,80.37000274658203,28375,26815,7528400,15351,22913
2026-08-21 13:24:00-04:00,311.2699890136719,259.5249938964844,342.4800109863281,552.8400268554688,80.33000183105469,311.5398864746094,259.55999755859375,342.54998779296875,552.9299926757812,80.33989715576172,311.1000061035156,259.42999267578125,342.43499755859375,552.75,80.30999755859375,311.5101013183594,259.4931945800781,342.5,552.9299926757812,80.33499908447266,67777,30942,13227,11867,17158
2026-08-21 13:25:00-04:00,311.1600036621094,259.260009765625,342.3699951171875,552.9199829101562,80.31500244140625,311.4200134277344,259.5,342.5299987792969,552.97998046875,80.33999633789062,311.1600036621094,259.25,342.3699951171875,552.760009765625,80.31500244140625,311.2950134277344,259.5,342.4599914550781,552.780029296875,80.33989715576172,52231,30252,5396,14912,15684
2026-08-21 13:26:00-04:00,311.0400085449219,259.2250061035156,342.29998779296875,552.6699829101562,80.2699966430664,311.2250061035156,259.3450012207031,342.3822937011719,552.9699096679688,80.31500244140625,311.0299987792969,259.2250061035156,342.260009765625,552.6699829101562,80.2699966430664,311.1700134277344,259.29998779296875,342.364990234375,552.9699096679688,80.31500244140625,33169,23810,7115,13569,18803
2026-08-21 13:27:00-04:00,311.1400146484375,259.2699890136719,342.3399963378906,552.6950073242188,80.25,311.1400146484375,259.2900085449219,342.385009765625,552.8400268554688,80.2750015258789,310.9700012207031,259.20001220703125,342.2300109863281,552.6699829101562,80.24500274658203,311.0400085449219,259.2250061035156,342.260009765625,552.6699829101562,80.2750015258789,32603,42247,8345,6860,25416
2026-08-21 13:28:00-04:00,311.17999267578125,259.260009765625,342.3349914550781,552.375,80.22000122070312,311.239990234375,259.3133850097656,342.42999267578125,552.8150024414062,80.2699966430664,311.1099853515625,259.1924133300781,342.2300109863281,552.2999877929688,80.22000122070312,311.17999267578125,259.239990234375,342.3349914550781,552.7299194335938,80.25,24656,30743,10123,16809,35223
2026-08-21 13:29:00-04:00,311.05999755859375,259.2200012207031,342.2200012207031,552.2050170898438,80.15049743652344,311.20001220703125,259.2850036621094,342.3399963378906,552.3599853515625,80.2300033569336,311.0249938964844,259.2200012207031,342.2200012207031,552.1099853515625,80.13999938964844,311.1600036621094,259.260498046875,342.32489013671875,552.3599853515625,80.22509765625,27240039,16601,8948,12515,55781
2026-08-21 13:30:00-04:00,311.1050109863281,259.17999267578125,342.30999755859375,552.1199951171875,80.1500015258789,311.1400146484375,259.2799987792969,342.3399963378906,552.219970703125,80.16000366210938,311.010009765625,259.1499938964844,342.1600036621094,552.0700073242188,80.13999938964844,311.0199890136719,259.19000244140625,342.20001220703125,552.0999755859375,80.1500015258789,21147,22629,14493,8425,17403
2026-08-21 13:31:00-04:00,311.07000732421875,258.9800109863281,342.33099365234375,551.8300170898438,80.11000061035156,311.1600036621094,259.19000244140625,342.3800048828125,552.2100219726562,80.1500015258789,311.07000732421875,258.94000244140625,342.239990234375,551.72998046875,80.11000061035156,311.1044921875,259.17999267578125,342.31500244140625,552.10498046875,80.14569854736328,20842,34336,19873,24535,20793
2026-08-21 13:32:00-04:00,311.0350036621094,258.92498779296875,342.20001220703125,551.469970703125,80.11000061035156,311.07501220703125,259.0199890136719,342.33770751953125,551.8800048828125,80.13500213623047,310.9700927734375,258.8299865722656,342.1549987792969,551.3599853515625,80.08000183105469,311.0712890625,259.0198974609375,342.30999755859375,551.844970703125,80.1050033569336,59311,63222,9656,27811,54688
2026-08-21 13:33:00-04:00,311.07000732421875,258.8999938964844,342.2749938964844,551.5836791992188,80.09500122070312,311.0899963378906,258.95989990234375,342.29998779296875,551.6400146484375,80.1156005859375,310.95001220703125,258.8327941894531,342.19000244140625,551.3499755859375,80.08999633789062,311.0350036621094,258.8900146484375,342.19000244140625,551.443603515625,80.11499786376953,39561,30107,17553,17334,24694
2026-08-21 13:34:00-04:00,310.7900085449219,258.57000732421875,342.0899963378906,550.905029296875,80.06999969482422,311.0600891113281,258.8900146484375,342.2749938964844,551.5399780273438,80.09629821777344,310.7900085449219,258.510009765625,342.07000732421875,550.8521728515625,80.06500244140625,311.05999755859375,258.8800048828125,342.2749938964844,551.5399780273438,80.09500122070312,39491,67240,5733,18129,21405
2026-08-21 13:35:00-04:00,310.6900939941406,258.5205078125,342.2099914550781,550.2899780273438,80.02999877929688,310.7799987792969,258.5450134277344,342.2499084472656,550.8569946289062,80.0999984741211,310.32000732421875,258.42999267578125,342.0400085449219,550.27001953125,80.02999877929688,310.7699890136719,258.5400085449219,342.05999755859375,550.7999877929688,80.07499694824219,89121,55753,8057,30156,31262
2026-08-21 13:36:00-04:00,310.6200866699219,258.3999938964844,342.3599853515625,550.3699951171875,79.9749984741211,310.7099914550781,258.5350036621094,342.3599853515625,550.4400024414062,80.02999877929688,310.6000061035156,258.29998779296875,342.1700134277344,550.1099853515625,79.96199798583984,310.70001220703125,258.5343933105469,342.2200012207031,550.27001953125,80.02999877929688,28131,56724,8171,17320,55338
2026-08-21 13:37:00-04:00,310.4554138183594,258.2950134277344,342.2900085449219,550.594970703125,79.94999694824219,310.6499938964844,258.364990234375,342.44000244140625,550.897216796875,80.0,310.42498779296875,258.17999267578125,342.2749938964844,550.280029296875,79.94999694824219,310.6099853515625,258.364990234375,342.3699951171875,550.3499755859375,79.97000122070312,25143,88069,10565,14450,33964
2026-08-21 13:38:00-04:00,310.3489990234375,258.260009765625,342.2900085449219,550.1749877929688,79.93000030517578,310.44000244140625,258.3599853515625,342.3699951171875,550.5399780273438,79.94999694824219,310.31060791015625,258.2200012207031,342.25,550.1749877929688,79.91999816894531,310.4100036621094,258.2900085449219,342.2950134277344,550.5399780273438,79.94499969482422,27370,48408,12550,17053,24620
2026-08-21 13:39:00-04:00,310.32000732421875,258.3299865722656,342.1650085449219,549.8599853515625,79.91500091552734,310.3999938964844,258.3599853515625,342.30999755859375,550.2000122070312,79.93000030517578,310.2799987792969,258.2124938964844,342.1499938964844,549.6900024414062,79.88999938964844,310.32501220703125,258.2850036621094,342.2699890136719,550.1600952148438,79.92500305175781,30116,41625,14639,25271,22301
2026-08-21 13:40:00-04:00,310.2099914550781,258.1600036621094,342.29010009765625,549.9899291992188,79.88500213623047,310.3388977050781,258.3999938964844,342.3349914550781,549.989990234375,79.91510009765625,310.1700134277344,258.11700439453125,342.19000244140625,549.739990234375,79.87000274658203,310.31500244140625,258.33990478515625,342.19000244140625,549.875,79.91500091552734,35186,41187,9294,15978,24456
2026-08-21 13:41:00-04:00,310.19000244140625,258.30499267578125,342.375,550.3099975585938,79.87000274658203,310.2200012207031,258.3299865722656,342.3999938964844,550.3300170898438,79.9000015258789,310.1499938964844,258.1099853515625,342.30999755859375,549.9180297851562,79.86499786376953,310.2049865722656,258.30499267578125,342.3399963378906,549.9180297851562,79.88999938964844,22917,44537,16186,14850,30144
2026-08-21 13:42:00-04:00,310.0899963378906,258.4100036621094,342.2699890136719,550.2100219726562,79.86499786376953,310.17999267578125,258.4200134277344,342.3800048828125,550.4400024414062,79.87999725341797,310.0400085449219,258.2799987792969,342.2200012207031,550.2000122070312,79.86000061035156,310.1520080566406,258.2799987792969,342.375,550.3200073242188,79.87239837646484,50095,36592,6362,14373,26217
2026-08-21 13:43:00-04:00,309.8699951171875,258.3999938964844,342.2449951171875,550.0650024414062,79.8676986694336,310.1000061035156,258.4700012207031,342.2900085449219,550.2899780273438,79.87999725341797,309.8399963378906,258.0199890136719,342.19000244140625,550.02001953125,79.86499786376953,310.0899963378906,258.40679931640625,342.2799987792969,550.2000122070312,79.87000274658203,68152,137890,19763,17034,14268
2026-08-21 13:44:00-04:00,310.0400085449219,258.6300048828125,342.2025146484375,550.2899780273438,79.8949966430664,310.05999755859375,258.6499938964844,342.2550048828125,550.2899780273438,79.89990234375,309.8599853515625,258.4200134277344,342.0700988769531,549.97998046875,79.86499786376953,309.8599853515625,258.4200134277344,342.25,550.0999755859375,79.86499786376953,90702,55168,9506,16073,39140
2026-08-21 13:45:00-04:00,310.0050048828125,258.55999755859375,342.2200012207031,550.2100219726562,79.9000015258789,310.14801025390625,258.739990234375,342.2900085449219,550.4495239257812,79.92500305175781,309.9599914550781,258.5299987792969,342.2099914550781,550.2100219726562,79.88999938964844,310.0199890136719,258.6300048828125,342.2200012207031,550.2999877929688,79.88999938964844,37064,30141,8945,10654,26219
2026-08-21 13:46:00-04:00,309.8999938964844,258.55999755859375,342.25,550.2449951171875,79.87799835205078,310.010009765625,258.5799865722656,342.2699890136719,550.2899169921875,79.91999816894531,309.8299865722656,258.5201110839844,342.2200012207031,550.0999755859375,79.87049865722656,310.010009765625,258.5419921875,342.25,550.280029296875,79.9000015258789,37378,15927,5513,11042,28864
2026-08-21 13:47:00-04:00,309.92498779296875,258.55499267578125,342.2099914550781,550.1699829101562,79.84500122070312,309.9800109863281,258.5799865722656,342.2799987792969,550.25,79.87010192871094,309.8999938964844,258.510009765625,342.20001220703125,550.0599975585938,79.83999633789062,309.90008544921875,258.57000732421875,342.2799987792969,550.25,79.87000274658203,26725,18620,4755,11052,18886
2026-08-21 13:48:00-04:00,309.760009765625,258.4700012207031,342.20001220703125,550.3427124023438,79.75499725341797,309.9700012207031,258.6000061035156,342.2699890136719,550.4099731445312,79.84500122070312,309.70001220703125,258.4599914550781,342.17999267578125,550.1300048828125,79.75,309.92498779296875,258.5574951171875,342.239990234375,550.1378784179688,79.75499725341797,52547,24912,8988,13056,20281
2026-08-21 13:49:00-04:00,309.7149963378906,258.4150085449219,342.1600036621094,549.9650268554688,79.72000122070312,309.7900085449219,258.4599914550781,342.20001220703125,550.280029296875,79.75,309.6300048828125,258.3599853515625,342.110107421875,549.9650268554688,79.70999908447266,309.7550048828125,258.4599914550781,342.20001220703125,550.280029296875,79.75,32243,50495,5580,12532,27363
2026-08-21 13:50:00-04:00,309.635009765625,258.4100036621094,342.2349853515625,549.9849853515625,79.67500305175781,309.80999755859375,258.4700012207031,342.260009765625,550.0999755859375,79.73500061035156,309.54998779296875,258.3800048828125,342.1700134277344,549.9400024414062,79.6604995727539,309.7149963378906,258.4150085449219,342.17999267578125,549.9650268554688,79.7249984741211,49230,19369,10247,17155,34727
2026-08-21 13:51:00-04:00,309.6000061035156,258.3599853515625,342.19000244140625,549.5599975585938,79.63999938964844,309.7073974609375,258.3999938964844,342.2598876953125,550.010009765625,79.67500305175781,309.6000061035156,258.3299865722656,342.1400146484375,549.530029296875,79.63999938964844,309.6300048828125,258.3999938964844,342.2593078613281,549.9000244140625,79.66999816894531,24538,22123,8168,16194,22770
2026-08-21 13:52:00-04:00,309.5299987792969,258.4049987792969,342.17498779296875,549.47998046875,79.72930145263672,309.6099853515625,258.44000244140625,342.218994140625,549.6300048828125,79.72989654541016,309.4200134277344,258.3500061035156,342.1401062011719,549.385009765625,79.62999725341797,309.5899963378906,258.3500061035156,342.1600036621094,549.47998046875,79.62999725341797,51702,35337,2995,21702,39085
2026-08-21 13:53:00-04:00,309.67498779296875,258.4200134277344,342.25,549.5800170898438,79.69499969482422,309.7298889160156,258.43499755859375,342.3399963378906,549.6699829101562,79.72000122070312,309.5050048828125,258.3800048828125,342.1449890136719,549.5150146484375,79.68499755859375,309.5299987792969,258.4049987792969,342.1499938964844,549.5150146484375,79.72000122070312,41848,178410,8876,10077,23988
2026-08-21 13:54:00-04:00,309.79998779296875,258.5050048828125,342.1300964355469,549.760009765625,79.69499969482422,309.860595703125,258.54998779296875,342.25,549.7899780273438,79.69989776611328,309.6499938964844,258.4100036621094,342.1300964355469,549.5999755859375,79.68000030517578,309.67498779296875,258.5050048828125,342.2449951171875,549.614990234375,79.69049835205078,48438,28870,6482,32981,11065
2026-08-21 13:55:00-04:00,309.6499938964844,258.5,341.9700012207031,549.6900024414062,79.71499633789062,309.8399963378906,258.5,342.1650085449219,549.8049926757812,79.7249984741211,309.6199951171875,258.3900146484375,341.9462890625,549.5900268554688,79.69999694824219,309.7799987792969,258.489990234375,342.1300048828125,549.739990234375,79.69999694824219,35237,37687,10738,23280,27722
2026-08-21 13:56:00-04:00,309.6400146484375,258.4700012207031,342.0400085449219,549.760009765625,79.74970245361328,309.6499938964844,258.5,342.0400085449219,549.760009765625,79.74970245361328,309.6099853515625,258.44000244140625,341.9800109863281,549.6400146484375,79.69499969482422,309.6499938964844,258.4949951171875,342.0,549.6900024414062,79.70999908447266,33970,19474,4313,8207,19067
2026-08-21 13:57:00-04:00,309.6000061035156,258.5299987792969,341.92999267578125,549.9400024414062,79.75499725341797,309.6499938964844,258.56500244140625,342.0199890136719,549.9650268554688,79.7698974609375,309.5350036621094,258.4200134277344,341.85009765625,549.7901000976562,79.73500061035156,309.6400146484375,258.45001220703125,342.0199890136719,549.8099975585938,79.74500274658203,32154,102069,12127,15539,23061
2026-08-21 13:58:00-04:00,309.5899963378906,258.489990234375,341.93499755859375,549.9199829101562,79.75499725341797,309.64300537109375,258.55999755859375,341.9599914550781,550.1300048828125,79.7699966430664,309.5849914550781,258.04998779296875,341.9100036621094,549.8900146484375,79.74199676513672,309.6000061035156,258.489990234375,341.9549865722656,550.0,79.75,21654,73310,9090,12710,26969
2026-08-21 13:59:00-04:00,309.55999755859375,258.45001220703125,341.7449951171875,549.75,79.76000213623047,309.6199951171875,258.5299987792969,341.9800109863281,549.9199829101562,79.77639770507812,309.489990234375,258.45001220703125,341.739990234375,549.6500244140625,79.74500274658203,309.5799865722656,258.4999084472656,341.9200134277344,549.9199829101562,79.7500991821289,43604,16624,10038,13270,33057
2026-08-21 14:00:00-04:00,309.5050048828125,258.6235046386719,341.7449951171875,549.8300170898438,79.73999786376953,309.55999755859375,258.6235046386719,341.8299865722656,549.8699951171875,79.76000213623047,309.4599914550781,258.3900146484375,341.7149963378906,549.6697998046875,79.73090362548828,309.5299987792969,258.45001220703125,341.7449951171875,549.77001953125,79.76000213623047,23655,30305,15343,11456,23568
2026-08-21 14:01:00-04:00,309.5150146484375,258.5849914550781,341.68499755859375,549.77001953125,79.76000213623047,309.6000061035156,258.6354064941406,341.7690124511719,550.030029296875,79.7699966430664,309.3999938964844,258.5799865722656,341.67498779296875,549.6400146484375,79.72000122070312,309.5050048828125,258.6199951171875,341.75,549.8300170898438,79.73999786376953,68954,21463,12776,22799,24221
2026-08-21 14:02:00-04:00,309.3599853515625,258.6400146484375,341.7699890136719,549.7550048828125,79.74500274658203,309.510009765625,258.6449890136719,341.7950134277344,549.8499755859375,79.7699966430664,309.30999755859375,258.5299987792969,341.68499755859375,549.6801147460938,79.73500061035156,309.5050048828125,258.55999755859375,341.68499755859375,549.8200073242188,79.7699966430664,1027691,18798,12148,8831,13968
2026-08-21 14:03:00-04:00,309.57501220703125,258.6400146484375,342.1300048828125,549.7999877929688,79.75499725341797,309.6099853515625,258.7799987792969,342.1300048828125,549.9199829101562,79.75499725341797,309.30999755859375,258.6400146484375,341.7799987792969,549.751220703125,79.72000122070312,309.3599853515625,258.6400146484375,341.7799987792969,549.769287109375,79.74500274658203,52258,31006,17419,7334,30754
2026-08-21 14:04:00-04:00,309.5249938964844,258.57501220703125,342.07000732421875,549.760009765625,79.71800231933594,309.5799865722656,258.67999267578125,342.2055969238281,549.7999877929688,79.75499725341797,309.42999267578125,258.57000732421875,342.05999755859375,549.5999755859375,79.71320343017578,309.5700988769531,258.6499938964844,342.135009765625,549.75,79.75499725341797,36177,27189,10351,12072,22763
2026-08-21 14:05:00-04:00,309.43011474609375,258.510009765625,341.9100036621094,549.6599731445312,79.73999786376953,309.6000061035156,258.5799865722656,342.0799865722656,549.8350219726562,79.76499938964844,309.43011474609375,258.04998779296875,341.9100036621094,549.6400146484375,79.72000122070312,309.5400085449219,258.5799865722656,342.0799865722656,549.760009765625,79.72000122070312,31545,133844,16105,23911,37170
2026-08-21 14:06:00-04:00,309.3399963378906,258.5199890136719,341.6451110839844,549.4849853515625,79.68000030517578,309.5150146484375,258.55999755859375,341.9200134277344,549.639892578125,79.75,309.3399963378906,258.20001220703125,341.6300048828125,549.4849853515625,79.67050170898438,309.44500732421875,258.54998779296875,341.9100036621094,549.614990234375,79.73500061035156,40484,60548,17718,8247,20948
2026-08-21 14:07:00-04:00,309.3999938964844,258.5899963378906,341.7300109863281,549.0999755859375,79.65499877929688,309.44000244140625,258.64990234375,341.75,549.530029296875,79.68499755859375,309.3399963378906,258.5,341.6300048828125,549.0499877929688,79.65499877929688,309.3500061035156,258.5,341.6545104980469,549.4849853515625,79.68000030517578,31096,16683,15065,31132,16805
2026-08-21 14:08:00-04:00,309.31500244140625,258.625,341.7998962402344,549.2100219726562,79.65499877929688,309.3800048828125,258.6400146484375,341.79998779296875,549.2899780273438,79.66000366210938,309.2300109863281,258.55999755859375,341.6600036621094,548.969970703125,79.63999938964844,309.3699951171875,258.6050109863281,341.739990234375,549.0399780273438,79.65499877929688,30871,16758,8376,45194,13504
2026-08-21 14:09:00-04:00,309.3699951171875,258.54998779296875,341.739990234375,549.22998046875,79.69000244140625,309.4700012207031,258.6499938964844,341.7799987792969,549.2949829101562,79.69000244140625,309.31988525390625,258.54998779296875,341.7200012207031,549.1699829101562,79.6500015258789,309.31988525390625,258.6199951171875,341.7699890136719,549.2100219726562,79.65499877929688,65000,26564,8071,26795,43648
2026-08-21 14:10:00-04:00,309.31988525390625,258.5350036621094,341.8800048828125,549.27099609375,79.69660186767578,309.3699951171875,258.5797119140625,341.8800048828125,549.3682861328125,79.7300033569336,309.2850036621094,258.5,341.739990234375,549.2100219726562,79.68000030517578,309.3699951171875,258.5400085449219,341.760009765625,549.2899169921875,79.69499969482422,32017,34781,13433,20816,37266
2026-08-21 14:11:00-04:00,309.239990234375,258.5799865722656,341.9100036621094,549.6900024414062,79.69499969482422,309.32000732421875,258.5849914550781,342.0400085449219,549.8300170898438,79.70999908447266,309.2200012207031,258.5350036621094,341.8900146484375,549.260009765625,79.68499755859375,309.31500244140625,258.5350036621094,341.8900146484375,549.3200073242188,79.69999694824219,28142,16223,11120,14527,14457
2026-08-21 14:12:00-04:00,309.18499755859375,258.7850036621094,341.9100036621094,549.760009765625,79.72000122070312,309.25,258.82000732421875,341.95001220703125,549.7750244140625,79.73500061035156,309.1499938964844,258.55999755859375,341.8900146484375,549.5900268554688,79.69000244140625,309.25,258.5799865722656,341.8999938964844,549.6599731445312,79.69499969482422,30409,19015,6649,9085,26598
2026-08-21 14:13:00-04:00,309.07000732421875,258.6650085449219,341.95001220703125,549.5800170898438,79.76499938964844,309.20001220703125,258.79998779296875,341.95001220703125,549.7788696289062,79.76499938964844,309.0,258.6000061035156,341.75,549.5399780273438,79.69999694824219,309.18499755859375,258.79998779296875,341.922607421875,549.7650146484375,79.72760009765625,39287,20107,20916,8551,17248
2026-08-21 14:14:00-04:00,309.18499755859375,258.6986083984375,341.9649963378906,549.7249755859375,79.79000091552734,309.2200012207031,258.7099914550781,341.989990234375,549.77001953125,79.79000091552734,309.04998779296875,258.6300048828125,341.9375,549.5599975585938,79.76499938964844,309.05499267578125,258.69000244140625,341.9375,549.5800170898438,79.76499938964844,26639,16065,7474,8755,21834
2026-08-21 14:15:00-04:00,309.06048583984375,258.70989990234375,341.8999938964844,549.5599975585938,79.7738037109375,309.19000244140625,258.760009765625,341.9649963378906,549.719970703125,79.80599975585938,309.010009765625,258.6499938964844,341.7699890136719,549.375,79.76000213623047,309.19000244140625,258.68499755859375,341.9649963378906,549.6799926757812,79.79930114746094,23646,28513,15164,36372,30268
2026-08-21 14:16:00-04:00,309.0249938964844,258.625,341.94000244140625,549.5499877929688,79.6875,309.1400146484375,258.7273864746094,341.9800109863281,549.6900024414062,79.7699966430664,309.010009765625,258.5799865722656,341.8999938964844,549.4738159179688,79.68499755859375,309.05499267578125,258.70989990234375,341.9100036621094,549.5050048828125,79.7699966430664,26235,22975,6574,8087,22179
2026-08-21 14:17:00-04:00,308.94500732421875,258.55999755859375,341.87249755859375,549.4600219726562,79.6698989868164,309.0199890136719,258.625,341.9849853515625,549.5693969726562,79.69499969482422,308.91009521484375,258.5,341.87249755859375,549.4600219726562,79.66329956054688,309.0199890136719,258.625,341.9800109863281,549.5692138671875,79.68299865722656,33701,19273,6966,9144,18482
2026-08-21 14:18:00-04:00,308.9049987792969,258.3900146484375,341.760009765625,549.1950073242188,79.69000244140625,309.010009765625,258.5799865722656,341.93499755859375,549.5449829101562,79.71499633789062,308.8999938964844,258.3800048828125,341.7300109863281,549.1950073242188,79.66000366210938,308.95001220703125,258.57000732421875,341.8999938964844,549.5,79.66000366210938,30653,34651,12111,17733,20338
2026-08-21 14:19:00-04:00,309.0400085449219,258.2991943359375,341.7699890136719,549.2899780273438,79.75499725341797,309.05499267578125,258.44000244140625,341.9049987792969,549.4000244140625,79.76000213623047,308.8999938964844,258.2991943359375,341.739990234375,549.0800170898438,79.69000244140625,308.9150085449219,258.385009765625,341.75,549.1300048828125,79.69000244140625,46322,35659,14865,14398,23886
2026-08-21 14:20:00-04:00,309.07000732421875,258.3349914550781,341.7099914550781,549.1503295898438,79.75050354003906,309.0899963378906,258.3351135253906,341.7699890136719,549.3099975585938,79.75050354003906,309.0199890136719,258.260009765625,341.6700134277344,549.0501098632812,79.72450256347656,309.07000732421875,258.2900085449219,341.7699890136719,549.2999877929688,79.75,24960,27315,6674,17446,10148
2026-08-21 14:21:00-04:00,308.81500244140625,258.25,341.8299865722656,549.47998046875,79.72509765625,309.07000732421875,258.4200134277344,341.8399963378906,549.4899291992188,79.75499725341797,308.7850036621094,258.2421875,341.67999267578125,549.0700073242188,79.7249984741211,309.0600891113281,258.3500061035156,341.70001220703125,549.1500244140625,79.75499725341797,39749,19382,10039,13688,22112
2026-08-21 14:22:00-04:00,308.8351135253906,258.3500061035156,341.7900085449219,549.52001953125,79.72000122070312,308.8599853515625,258.3800048828125,341.8500061035156,549.592529296875,79.73999786376953,308.739990234375,258.2300109863281,341.7200012207031,549.4199829101562,79.70999908447266,308.81500244140625,258.2300109863281,341.80999755859375,549.47998046875,79.7249984741211,50601,21845,6321,11925,15600
2026-08-21 14:23:00-04:00,308.5950012207031,258.3299865722656,341.7300109863281,549.4600219726562,79.73500061035156,308.8901062011719,258.3999938964844,341.7900085449219,549.7108154296875,79.75,308.5509948730469,258.30999755859375,341.7200012207031,549.4600219726562,79.73500061035156,308.82989501953125,258.3299865722656,341.7900085449219,549.530029296875,79.73999786376953,71748,39174,6520,7983,12716
2026-08-21 14:24:00-04:00,308.5299987792969,258.2300109863281,341.67498779296875,549.4000244140625,79.73999786376953,308.5799865722656,258.3299865722656,341.7149963378906,549.530029296875,79.73999786376953,308.4599914550781,258.2099914550781,341.6400146484375,549.3599853515625,79.72000122070312,308.57501220703125,258.3299865722656,341.7099914550781,549.469970703125,79.7300033569336,39960,20065,11978,20316,15711
2026-08-21 14:25:00-04:00,308.44000244140625,258.2085876464844,341.614990234375,549.25,79.73500061035156,308.625,258.2699890136719,341.7095031738281,549.4791259765625,79.73999786376953,308.4150085449219,258.1700134277344,341.6099853515625,549.25,79.72000122070312,308.5400085449219,258.25,341.69000244140625,549.4251098632812,79.73999786376953,34756,18659,7107,11896,15010
2026-08-21 14:26:00-04:00,308.5199890136719,258.19500732421875,341.6000061035156,549.2000122070312,79.75,308.5924987792969,258.260009765625,341.6600036621094,549.3900146484375,79.76000213623047,308.44000244140625,258.17999267578125,341.5299987792969,549.1400756835938,79.7249984741211,308.44000244140625,258.19000244140625,341.614990234375,549.2949829101562,79.73500061035156,23326,23037,11429,18394,18561
2026-08-21 14:27:00-04:00,308.6300048828125,258.32501220703125,341.67999267578125,549.3300170898438,79.80999755859375,308.639892578125,258.32501220703125,341.7149963378906,549.3400268554688,79.80999755859375,308.4750061035156,258.2099914550781,341.5799865722656,549.0,79.75499725341797,308.525390625,258.2300109863281,341.5799865722656,549.2100219726562,79.75499725341797,23317,24979,14076,21525,30787
2026-08-21 14:28:00-04:00,308.4599914550781,258.2699890136719,341.6499938964844,549.219970703125,79.78500366210938,308.614990234375,258.3399963378906,341.739990234375,549.3499755859375,79.80999755859375,308.4599914550781,258.260009765625,341.6199951171875,549.1599731445312,79.78500366210938,308.614990234375,258.32501220703125,341.7001037597656,549.3001098632812,79.80999755859375,27160,23249,9292,9541,18074
2026-08-21 14:29:00-04:00,308.4700012207031,258.2300109863281,341.6099853515625,549.1199951171875,79.7750015258789,308.5,258.2699890136719,341.6499938964844,549.2899780273438,79.78959655761719,308.4005126953125,258.2099914550781,341.6000061035156,549.02001953125,79.76499938964844,308.4526062011719,258.2699890136719,341.6099853515625,549.1600952148438,79.78959655761719,34300,25245,7952,16928,25602
2026-08-21 14:30:00-04:00,308.5201110839844,258.17498779296875,341.6390075683594,549.14501953125,79.76000213623047,308.5950012207031,258.2200012207031,341.7300109863281,549.1900024414062,79.77999877929688,308.4750061035156,258.1300048828125,341.6300048828125,548.9500122070312,79.73999786376953,308.4750061035156,258.2200012207031,341.6300048828125,549.0200805664062,79.77010345458984,30449,41261,7240,19141,28239
2026-08-21 14:31:00-04:00,308.7250061035156,258.25,341.5899963378906,549.1801147460938,79.75499725341797,308.7349853515625,258.2701110839844,341.67401123046875,549.239990234375,79.76499938964844,308.4601135253906,258.1700134277344,341.5400085449219,549.0850219726562,79.73999786376953,308.510009765625,258.1700134277344,341.625,549.0999755859375,79.75039672851562,45681,25726,21715,15806,25907
2026-08-21 14:32:00-04:00,308.7699890136719,258.1300048828125,341.5849914550781,549.0800170898438,79.7302017211914,308.8500061035156,258.260009765625,341.6099853515625,549.1900024414062,79.75499725341797,308.7200012207031,258.1099853515625,341.55999755859375,549.0499877929688,79.7249984741211,308.7298889160156,258.2300109863281,341.6099853515625,549.0800170898438,79.75499725341797,44263,50800,7658,10673,23370
2026-08-21 14:33:00-04:00,308.7699890136719,258.19000244140625,341.5400085449219,549.1599731445312,79.73999786376953,308.82000732421875,258.2099914550781,341.5899963378906,549.1599731445312,79.73999786376953,308.7300109863281,258.1199951171875,341.5,549.0,79.7239990234375,308.7699890136719,258.1300048828125,341.5849914550781,549.0499877929688,79.73500061035156,55600,20260,10442,13969,19671
2026-08-21 14:34:00-04:00,308.7200012207031,258.25,341.5299987792969,549.1199951171875,79.7249984741211,308.79998779296875,258.2799072265625,341.5400085449219,549.1799926757812,79.73999786376953,308.70001220703125,258.0889892578125,341.45001220703125,548.969970703125,79.70500183105469,308.7799987792969,258.2099914550781,341.510009765625,549.0700073242188,79.73500061035156,33068,88582,19026,13879,27304
2026-08-21 14:35:00-04:00,308.6700134277344,258.2799987792969,341.65008544921875,549.0999755859375,79.70500183105469,308.7099914550781,258.3399963378906,341.67498779296875,549.1900024414062,79.7300033569336,308.614990234375,258.239990234375,341.5299987792969,549.02001953125,79.69499969482422,308.7099914550781,258.2674865722656,341.54998779296875,549.1900024414062,79.7249984741211,34059,34471,9917,9170,32478
2026-08-21 14:36:00-04:00,308.7023010253906,258.3800048828125,341.82000732421875,549.27001953125,79.63500213623047,308.7850036621094,258.3900146484375,341.8299865722656,549.27001953125,79.70999908447266,308.635009765625,258.2297058105469,341.614990234375,549.02001953125,79.62999725341797,308.6700134277344,258.2900085449219,341.68499755859375,549.0900268554688,79.70999908447266,25629,59515,16119,7030,69856
2026-08-21 14:37:00-04:00,308.7950134277344,258.3901062011719,341.9161071777344,549.2849731445312,79.6449966430664,308.8500061035156,258.4599914550781,341.92498779296875,549.3400268554688,79.6500015258789,308.70001220703125,258.3699951171875,341.8800048828125,549.25,79.62999725341797,308.70001220703125,258.3800964355469,341.8800048828125,549.2600708007812,79.6449966430664,39793,45051,6678,16686,13876
2026-08-21 14:38:00-04:00,308.92999267578125,258.3900146484375,341.8500061035156,549.2700805664062,79.65499877929688,308.9649963378906,258.42999267578125,341.8999938964844,549.3499755859375,79.65499877929688,308.7950134277344,258.3900146484375,341.8301086425781,549.2100219726562,79.62999725341797,308.92999267578125,258.3900146484375,341.8999938964844,549.265625,79.6449966430664,58734,17144,5924,17386,30695
2026-08-21 14:39:00-04:00,308.82000732421875,258.375,341.8550109863281,549.2449951171875,79.67500305175781,308.95001220703125,258.42498779296875,341.8699951171875,549.3099975585938,79.67500305175781,308.79998779296875,258.3440856933594,341.8100891113281,549.1500244140625,79.6449966430664,308.9200134277344,258.42498779296875,341.8500061035156,549.3099975585938,79.65499877929688,31231,20936,6882,9701,89278
2026-08-21 14:40:00-04:00,308.9049987792969,258.3999938964844,341.9599914550781,549.5900268554688,79.68499755859375,308.92999267578125,258.4100036621094,341.9800109863281,549.75,79.68499755859375,308.80670166015625,258.29998779296875,341.79998779296875,549.219970703125,79.6500015258789,308.8299865722656,258.3900146484375,341.8399963378906,549.3099975585938,79.67500305175781,30684,55865,11615,39871,19122
2026-08-21 14:41:00-04:00,308.7950134277344,258.3800048828125,341.9150085449219,549.5800170898438,79.68000030517578,308.9150085449219,258.4100036621094,341.9800109863281,549.8231201171875,79.68000030517578,308.75909423828125,258.3599853515625,341.90008544921875,549.5800170898438,79.66000366210938,308.9150085449219,258.3800048828125,341.9200134277344,549.6300048828125,79.68000030517578,45271,13846,6940,10968,22560
2026-08-21 14:42:00-04:00,308.74200439453125,258.3550109863281,341.9198913574219,549.6599731445312,79.66500091552734,308.80999755859375,258.3901062011719,341.9800109863281,549.7713012695312,79.66999816894531,308.7300109863281,258.2799987792969,341.8999938964844,549.5999755859375,79.65499877929688,308.7911071777344,258.3900146484375,341.92999267578125,549.6900024414062,79.66999816894531,24705,21850,7159,10334,13024
2026-08-21 14:43:00-04:00,308.7550048828125,258.3599853515625,341.9700012207031,549.75,79.66500091552734,308.760009765625,258.3599853515625,341.9700012207031,549.75,79.67990112304688,308.70001220703125,258.2900085449219,341.8699951171875,549.5900268554688,79.65499877929688,308.75,258.3599853515625,341.8999938964844,549.7249755859375,79.66500091552734,25048,21021,8294,11358,16687
2026-08-21 14:44:00-04:00,308.5450134277344,258.58990478515625,341.9700012207031,549.889892578125,79.66500091552734,308.7699890136719,258.6499938964844,342.0299987792969,549.981689453125,79.67500305175781,308.52020263671875,258.3699951171875,341.94000244140625,549.77001953125,79.65019989013672,308.760009765625,258.3699951171875,341.9800109863281,549.7849731445312,79.66000366210938,34500,52494,17221,8759,24769
2026-08-21 14:45:00-04:00,308.3450012207031,258.5799865722656,341.95001220703125,549.77001953125,79.62000274658203,308.54998779296875,258.6199951171875,341.989990234375,549.9097290039062,79.66510009765625,308.1600036621094,258.55999755859375,341.9100036621094,549.77001953125,79.62000274658203,308.54998779296875,258.5799865722656,341.9649963378906,549.8699951171875,79.66500091552734,293962,20042,11178,13254,18630
2026-08-21 14:46:00-04:00,308.6400146484375,258.7550048828125,341.9949951171875,550.14501953125,79.67500305175781,308.6400146484375,258.7550048828125,342.0050048828125,550.1926879882812,79.68000030517578,308.29998779296875,258.5950012207031,341.8500061035156,549.6799926757812,79.625,308.3489074707031,258.5950012207031,341.9599914550781,549.7999877929688,79.625,45138,21698,16058,34606,28604
2026-08-21 14:47:00-04:00,308.57000732421875,258.75,341.9800109863281,550.0900268554688,79.63999938964844,308.635986328125,258.80999755859375,342.05999755859375,550.2249755859375,79.68000030517578,308.5299987792969,258.7200012207031,341.9704895019531,550.0449829101562,79.63999938964844,308.635986328125,258.75,341.9949951171875,550.1998901367188,79.67500305175781,30195,21860,16220,16833,13665
2026-08-21 14:48:00-04:00,308.5199890136719,258.7550048828125,341.9200134277344,550.0399780273438,79.66500091552734,308.658203125,258.79998779296875,342.0299072265625,550.2100219726562,79.66500091552734,308.5105895996094,258.739990234375,341.9200134277344,550.0399780273438,79.62000274658203,308.55999755859375,258.7900085449219,342.0,550.114990234375,79.63999938964844,28425,17768,6338,11544,41497
2026-08-21 14:49:00-04:00,308.6099853515625,258.8900146484375,342.0,550.1900024414062,79.67500305175781,308.6199951171875,258.92999267578125,342.0,550.2999877929688,79.67510223388672,308.4700012207031,258.739990234375,341.8800048828125,549.9500122070312,79.65499877929688,308.5400085449219,258.75579833984375,341.93499755859375,550.0449829101562,79.65499877929688,37519,42372,10383,39348,15263
2026-08-21 14:50:00-04:00,308.67999267578125,258.90008544921875,342.04998779296875,550.3502197265625,79.66950225830078,308.760009765625,258.94989013671875,342.07000732421875,550.4099731445312,79.68000030517578,308.61968994140625,258.8800048828125,341.94000244140625,550.1849975585938,79.65499877929688,308.61968994140625,258.8800048828125,341.96771240234375,550.1849975585938,79.67500305175781,38290,22545,14816,12102,18648
2026-08-21 14:51:00-04:00,308.625,258.9599914550781,342.135009765625,550.64501953125,79.65499877929688,308.7149963378906,259.0,342.29998779296875,550.64501953125,79.66500091552734,308.6180114746094,258.9100036621094,342.05999755859375,550.3499755859375,79.6427001953125,308.6549987792969,258.9150085449219,342.07000732421875,550.39501953125,79.66000366210938,38312,26164,14023,11684,12105
2026-08-21 14:52:00-04:00,308.6300048828125,259.010009765625,342.2049865722656,550.5999755859375,79.68499755859375,308.7099914550781,259.0400085449219,342.2099914550781,550.6749877929688,79.69000244140625,308.614990234375,258.9549865722656,342.1099853515625,550.52001953125,79.65499877929688,308.6205139160156,258.9549865722656,342.1440124511719,550.6400146484375,79.66000366210938,36330,20277,5417,17713,39338
2026-08-21 14:53:00-04:00,308.5799865722656,259.19000244140625,342.17999267578125,550.614990234375,79.69509887695312,308.6600036621094,259.19000244140625,342.23980712890625,550.719970703125,79.69779968261719,308.510009765625,259.0010070800781,342.17999267578125,550.5499877929688,79.68000030517578,308.625,259.010009765625,342.2049865722656,550.594970703125,79.68499755859375,51911,19493,7740,15871,12071
2026-08-21 14:54:00-04:00,308.5899963378906,259.1700134277344,342.32501220703125,551.1599731445312,79.7249984741211,308.6099853515625,259.239990234375,342.3900146484375,551.3200073242188,79.7249984741211,308.5400085449219,259.135009765625,342.19000244140625,550.614990234375,79.69000244140625,308.5899963378906,259.20001220703125,342.2099914550781,550.6599731445312,79.69499969482422,42737,44131,21113,23950,32908
2026-08-21 14:55:00-04:00,308.57000732421875,259.1499938964844,342.32501220703125,551.0599975585938,79.70010375976562,308.6000061035156,259.2300109863281,342.3500061035156,551.1801147460938,79.7300033569336,308.510009765625,259.1000061035156,342.2799987792969,550.969970703125,79.70010375976562,308.5799865722656,259.1659851074219,342.29998779296875,551.1026000976562,79.7249984741211,43800,44858,161387,16466,22501
2026-08-21 14:56:00-04:00,308.5849914550781,259.1499938964844,342.3599853515625,551.1619873046875,79.68499755859375,308.6000061035156,259.2099914550781,342.42999267578125,551.3599853515625,79.72000122070312,308.5,259.1000061035156,342.3160095214844,551.030029296875,79.68499755859375,308.54998779296875,259.1700134277344,342.3500061035156,551.0599975585938,79.70500183105469,21247,67046,8011,12763,40243
2026-08-21 14:57:00-04:00,308.5675048828125,259.0899963378906,342.3299865722656,551.39990234375,79.67500305175781,308.6050109863281,259.20001220703125,342.3900146484375,551.5,79.69000244140625,308.54998779296875,259.0799865722656,342.2799987792969,551.1500854492188,79.66999816894531,308.5799865722656,259.1700134277344,342.35369873046875,551.1749877929688,79.69000244140625,31812236,27527,7201,20592,18618
2026-08-21 14:58:00-04:00,308.5849914550781,259.20001220703125,342.3900146484375,551.5900268554688,79.69010162353516,308.6000061035156,259.20001220703125,342.3949890136719,551.6500244140625,79.69989776611328,308.510009765625,259.07000732421875,342.29541015625,551.3200073242188,79.66999816894531,308.5686950683594,259.0899963378906,342.32000732421875,551.3599853515625,79.66999816894531,31054,27661,5713,15909,27806
2026-08-21 14:59:00-04:00,308.7829895019531,259.2900085449219,342.4599914550781,551.2000122070312,79.68009948730469,308.8799133300781,259.29998779296875,342.489990234375,551.5999755859375,79.69499969482422,308.5745849609375,259.19000244140625,342.3800048828125,551.1199951171875,79.65499877929688,308.59991455078125,259.2099914550781,342.3900146484375,551.5900268554688,79.69499969482422,71608,49297,20487,36132,19968
2026-08-21 15:00:00-04:00,308.75,259.2799987792969,342.3800048828125,551.2000122070312,79.69000244140625,308.875,259.29998779296875,342.4700012207031,551.3200073242188,79.69000244140625,308.7099914550781,259.2300109863281,342.30999755859375,551.1199951171875,79.68000030517578,308.7799987792969,259.2650146484375,342.4700012207031,551.1950073242188,79.69000244140625,55652,52335,6298,16356,31227
2026-08-21 15:01:00-04:00,308.4700012207031,259.4049987792969,342.4100036621094,551.219970703125,79.69000244140625,308.7449951171875,259.4200134277344,342.42999267578125,551.2799072265625,79.73989868164062,308.4700012207031,259.2099914550781,342.3399963378906,551.14501953125,79.68499755859375,308.739990234375,259.2699890136719,342.364990234375,551.1799926757812,79.69000244140625,38076,29810,7056,13354,41492
2026-08-21 15:02:00-04:00,308.4649963378906,259.3699951171875,342.2799987792969,550.989990234375,79.68000030517578,308.55999755859375,259.4700927734375,342.4049987792969,551.2899780273438,79.69499969482422,308.44000244140625,259.3450012207031,342.2799987792969,550.969970703125,79.68000030517578,308.4649963378906,259.3699951171875,342.2799987792969,551.219970703125,79.69000244140625,32208,36920,8740,24770,15360
2026-08-21 15:03:00-04:00,308.4700012207031,259.2900085449219,342.30499267578125,550.844970703125,79.625,308.510009765625,259.4599914550781,342.39019775390625,551.030029296875,79.68499755859375,308.3999938964844,259.2850036621094,342.29998779296875,550.7899780273438,79.62000274658203,308.4800109863281,259.45001220703125,342.29998779296875,551.0250854492188,79.68499755859375,28704,24239,3405,36931,21318
2026-08-21 15:04:00-04:00,308.4800109863281,259.3450012207031,342.2799987792969,550.2899780273438,79.58999633789062,308.5799865722656,259.3900146484375,342.3440856933594,550.8400268554688,79.6449966430664,308.44000244140625,259.2900085449219,342.2699890136719,550.2579956054688,79.58000183105469,308.4800109863281,259.30999755859375,342.30999755859375,550.8400268554688,79.625,25559,30144,8953,41220,27876
2026-08-21 15:05:00-04:00,308.4750061035156,259.260009765625,342.3301086425781,549.9600219726562,79.5999984741211,308.5400085449219,259.39990234375,342.45001220703125,550.4400024414062,79.6050033569336,308.4501037597656,259.239990234375,342.2699890136719,549.9152221679688,79.58499908447266,308.4800109863281,259.30999755859375,342.2900085449219,550.3499755859375,79.59500122070312,27643,34307,14889,29806,19169
2026-08-21 15:06:00-04:00,308.6050109863281,259.25,342.30499267578125,550.0900268554688,79.61000061035156,308.6099853515625,259.29998779296875,342.3900146484375,550.0900268554688,79.61499786376953,308.489990234375,259.2300109863281,342.2900085449219,549.896728515625,79.59500122070312,308.489990234375,259.260009765625,342.3399963378906,549.9600219726562,79.61000061035156,35295,43578,9103,23325,22038
2026-08-21 15:07:00-04:00,308.5400085449219,259.3450012207031,342.32000732421875,549.8619995117188,79.6050033569336,308.6300048828125,259.3699951171875,342.398193359375,550.25,79.62000274658203,308.5199890136719,259.25,342.2900085449219,549.8619995117188,79.59500122070312,308.6099853515625,259.2699890136719,342.30499267578125,550.0900268554688,79.62000274658203,29909,28516,10183,13476,32863
2026-08-21 15:08:00-04:00,308.55999755859375,259.30499267578125,342.44000244140625,549.6599731445312,79.61499786376953,308.56500244140625,259.3800048828125,342.510009765625,549.8800048828125,79.61900329589844,308.4700012207031,259.2300109863281,342.2900085449219,549.4600219726562,79.58999633789062,308.51971435546875,259.3500061035156,342.3099060058594,549.8599853515625,79.6050033569336,48884,38888,43172,39461,20882
2026-08-21 15:09:00-04:00,308.4949951171875,259.3500061035156,342.5398864746094,549.7550048828125,79.63500213623047,308.5780029296875,259.3599853515625,342.5849914550781,549.8558959960938,79.63500213623047,308.4700012207031,259.260009765625,342.3900146484375,549.5601196289062,79.61000061035156,308.54998779296875,259.30999755859375,342.4750061035156,549.7402954101562,79.61000061035156,48202,21159,28116,23560,18608
2026-08-21 15:10:00-04:00,308.5400085449219,259.2799987792969,342.2850036621094,549.6300048828125,79.63500213623047,308.5400085449219,259.3900146484375,342.5299987792969,549.8800048828125,79.66000366210938,308.4100036621094,259.2699890136719,342.2850036621094,549.6300048828125,79.625,308.5050048828125,259.3599853515625,342.5199890136719,549.7000122070312,79.63999938964844,74700,29865,14148,18606,36795
2026-08-21 15:11:00-04:00,308.5799865722656,259.3299865722656,342.4573974609375,549.7000122070312,79.67500305175781,308.5799865722656,259.3299865722656,342.4700012207031,549.719970703125,79.67500305175781,308.4599914550781,259.25,342.2799987792969,549.5,79.63500213623047,308.5400085449219,259.260009765625,342.2799987792969,549.6422729492188,79.63999938964844,69984,26125,8596,10054,51179
2026-08-21 15:12:00-04:00,308.52569580078125,259.19000244140625,342.4100036621094,549.5,79.66000366210938,308.5799865722656,259.32830810546875,342.4949951171875,549.8300170898438,79.70549774169922,308.4800109863281,259.19000244140625,342.4100036621094,549.469970703125,79.65499877929688,308.57000732421875,259.30999755859375,342.45001220703125,549.7000122070312,79.67500305175781,31803,25696,9817,12095,30185
2026-08-21 15:13:00-04:00,308.6499938964844,259.15008544921875,342.37078857421875,549.469482421875,79.66600036621094,308.659912109375,259.2099914550781,342.4700012207031,549.5394897460938,79.68609619140625,308.510009765625,259.125,342.3299865722656,549.364990234375,79.66000366210938,308.5299987792969,259.20001220703125,342.3301086425781,549.469970703125,79.66220092773438,42633,23633,6795,10916,44244
2026-08-21 15:14:00-04:00,308.69000244140625,259.1549987792969,342.31500244140625,549.3400268554688,79.56999969482422,308.7289123535156,259.1700134277344,342.385009765625,549.489990234375,79.66999816894531,308.610107421875,259.1000061035156,342.29998779296875,549.3201293945312,79.56500244140625,308.6400146484375,259.1499938964844,342.385009765625,549.47998046875,79.66500091552734,43524,29575,31131,13669,61239
2026-08-21 15:15:00-04:00,308.82000732421875,259.135009765625,342.3500061035156,549.5150146484375,79.58499908447266,308.8900146484375,259.2300109863281,342.3800048828125,549.5700073242188,79.5999984741211,308.69000244140625,259.135009765625,342.2900085449219,549.219970703125,79.56199645996094,308.70001220703125,259.1400146484375,342.30499267578125,549.3599853515625,79.56500244140625,50128,30966,10276,47499,50316
2026-08-21 15:16:00-04:00,308.9049987792969,259.08990478515625,342.340087890625,549.52001953125,79.55000305175781,308.9800109863281,259.17999267578125,342.385009765625,549.7568969726562,79.58499908447266,308.80499267578125,259.07000732421875,342.30499267578125,549.47998046875,79.54000091552734,308.80499267578125,259.1499938964844,342.3450012207031,549.5499877929688,79.58499908447266,68633,34526,7770,23683,44088
2026-08-21 15:17:00-04:00,309.2699890136719,259.1050109863281,342.3399963378906,549.6154174804688,79.5199966430664,309.2699890136719,259.1700134277344,342.3500061035156,549.6806030273438,79.55500030517578,308.7699890136719,259.0899963378906,342.2900085449219,549.4600219726562,79.51499938964844,308.8999938964844,259.1000061035156,342.3500061035156,549.52001953125,79.55000305175781,135071,42476,11676,9949,42845
2026-08-21 15:18:00-04:00,309.3901062011719,259.1499938964844,342.3450012207031,549.7150268554688,79.55999755859375,309.45001220703125,259.1499938964844,342.39801025390625,549.77001953125,79.57499694824219,309.239990234375,259.1000061035156,342.32000732421875,549.5889892578125,79.52989959716797,309.2749938964844,259.1199951171875,342.3301086425781,549.5999755859375,79.52989959716797,74572,20154,12248,9412,29758
2026-08-21 15:19:00-04:00,309.3699951171875,259.2149963378906,342.45001220703125,550.0050048828125,79.58999633789062,309.5,259.2200012207031,342.45001220703125,550.0349731445312,79.59500122070312,309.3500061035156,259.1400146484375,342.3200988769531,549.7150268554688,79.55000305175781,309.3900146484375,259.1400146484375,342.3351135253906,549.7150268554688,79.56999969482422,88528,23042,13061,17058,36118
2026-08-21 15:20:00-04:00,309.30999755859375,259.2749938964844,342.5249938964844,549.9849853515625,79.55999755859375,309.375,259.2749938964844,342.5249938964844,550.0,79.58000183105469,309.1600036621094,259.1600036621094,342.3800964355469,549.8316040039062,79.55000305175781,309.375,259.20001220703125,342.5249938964844,549.989990234375,79.58000183105469,50856,21188,11398,7999,15523
2026-08-21 15:21:00-04:00,309.4100036621094,259.20001220703125,342.4150085449219,549.9871826171875,79.56549835205078,309.4100036621094,259.2699890136719,342.5150146484375,550.0798950195312,79.58999633789062,309.25,259.1600036621094,342.3962097167969,549.9199829101562,79.56500244140625,309.30999755859375,259.2601013183594,342.5,549.9849853515625,79.58000183105469,73017,46501,11617,9001,29555
2026-08-21 15:22:00-04:00,309.4649963378906,259.2799987792969,342.3800048828125,550.1799926757812,79.58609771728516,309.5249938964844,259.29998779296875,342.4700012207031,550.3300170898438,79.58609771728516,309.3399963378906,259.19000244140625,342.3500061035156,549.9600219726562,79.55999755859375,309.406494140625,259.1968078613281,342.3999938964844,550.02001953125,79.57769775390625,54218,27885,17110,617450,36816
2026-08-21 15:23:00-04:00,309.45001220703125,259.32000732421875,342.375,550.0449829101562,79.55999755859375,309.6000061035156,259.32000732421875,342.3900146484375,550.219970703125,79.59500122070312,309.43011474609375,259.2349853515625,342.3500061035156,550.0,79.55500030517578,309.489990234375,259.260009765625,342.3699951171875,550.1599731445312,79.58499908447266,59846,21534,9444,12595,27249
2026-08-21 15:24:00-04:00,309.4700012207031,259.4750061035156,342.42498779296875,550.389892578125,79.58499908447266,309.5050048828125,259.489990234375,342.44000244140625,550.409912109375,79.58999633789062,309.3999938964844,259.30999755859375,342.3399963378906,550.0399780273438,79.56999969482422,309.45001220703125,259.32000732421875,342.375,550.0449829101562,79.56999969482422,38680,43930,16216,17697,23099
2026-08-21 15:25:00-04:00,309.4549865722656,259.3999938964844,342.4800109863281,550.5050048828125,79.57499694824219,309.5199890136719,259.5199890136719,342.510009765625,550.5499877929688,79.58999633789062,309.40008544921875,259.3504943847656,342.3699951171875,550.280029296875,79.56999969482422,309.4610900878906,259.4700012207031,342.41009521484375,550.3900146484375,79.58509826660156,43566,46915,11478,19504,22321
2026-08-21 15:26:00-04:00,309.4700012207031,259.42999267578125,342.4800109863281,550.7650146484375,79.58499908447266,309.5751037597656,259.4800109863281,342.6400146484375,550.8699951171875,79.58999633789062,309.42498779296875,259.3999938964844,342.4700012207031,550.5,79.5728988647461,309.44500732421875,259.4200134277344,342.489990234375,550.5700073242188,79.57499694824219,51147,38394,26246,11391,24311
2026-08-21 15:27:00-04:00,309.7200012207031,259.45001220703125,342.5799865722656,551.0001220703125,79.58499908447266,309.7550048828125,259.5,342.5799865722656,551.0999755859375,79.58999633789062,309.4700012207031,259.3999938964844,342.45001220703125,550.7501220703125,79.56999969482422,309.4700012207031,259.43499755859375,342.4700012207031,550.7650146484375,79.58499908447266,71679,30432,22100,18084,24161
2026-08-21 15:28:00-04:00,309.8299865722656,259.489990234375,342.7049865722656,550.830078125,79.57499694824219,309.840087890625,259.5,342.7300109863281,551.0999755859375,79.59989929199219,309.6600036621094,259.3599853515625,342.57080078125,550.7838745117188,79.56999969482422,309.7149963378906,259.45001220703125,342.5899963378906,551.0750122070312,79.58499908447266,99889,37921,24180,19128,23393
2026-08-21 15:29:00-04:00,309.739990234375,259.4700012207031,342.5350036621094,550.6300048828125,79.54000091552734,309.8500061035156,259.510009765625,342.75,550.889892578125,79.58999633789062,309.7349853515625,259.42999267578125,342.5350036621094,550.6300048828125,79.54000091552734,309.8399963378906,259.49029541015625,342.7200012207031,550.875,79.56999969482422,55421,31943,13402,359181,20216
2026-08-21 15:30:00-04:00,309.9700012207031,259.6449890136719,342.7099914550781,550.8150024414062,79.55500030517578,310.0,259.70001220703125,342.75,550.9534912109375,79.56500244140625,309.75,259.489990234375,342.57000732421875,550.5650024414062,79.54000091552734,309.75,259.489990234375,342.57000732421875,550.5650024414062,79.54000091552734,96129,62858,20312,12237,27946
2026-08-21 15:31:00-04:00,309.739990234375,259.57501220703125,342.6449890136719,550.6771850585938,79.50499725341797,310.010009765625,259.7499084472656,342.70001220703125,550.8800048828125,79.57499694824219,309.7300109863281,259.54168701171875,342.6000061035156,550.5,79.48999786376953,309.965087890625,259.6300048828125,342.69000244140625,550.72998046875,79.55500030517578,70365,42389,15441,21062,154519
2026-08-21 15:32:00-04:00,309.94000244140625,259.7099914550781,342.6000061035156,550.1699829101562,79.51000213623047,309.94000244140625,259.739990234375,342.67999267578125,550.739990234375,79.5250015258789,309.6900939941406,259.5719909667969,342.56060791015625,550.0900268554688,79.49500274658203,309.7349853515625,259.57501220703125,342.6449890136719,550.7000122070312,79.50499725341797,69809,32221,15323,26701,57565
2026-08-21 15:33:00-04:00,309.7749938964844,259.6700134277344,342.6499938964844,550.0449829101562,79.43499755859375,309.9949951171875,259.7300109863281,342.6600036621094,550.3900146484375,79.50990295410156,309.739990234375,259.5968017578125,342.54010009765625,549.8300170898438,79.43000030517578,309.92999267578125,259.7300109863281,342.6099853515625,550.0999755859375,79.50990295410156,80912,21259,12834,26464,27816
2026-08-21 15:34:00-04:00,309.7200012207031,259.55999755859375,342.739990234375,549.9099731445312,79.50499725341797,309.80999755859375,259.6700134277344,342.75,550.0399169921875,79.50499725341797,309.70001220703125,259.5400085449219,342.5899963378906,549.7999877929688,79.43990325927734,309.7799987792969,259.6700134277344,342.6300048828125,550.0399169921875,79.43990325927734,62725,39315,16330,12623,35784
2026-08-21 15:35:00-04:00,309.80999755859375,259.6499938964844,342.8900146484375,549.989990234375,79.55500030517578,309.82000732421875,259.6499938964844,342.92999267578125,549.989990234375,79.55999755859375,309.69000244140625,259.44000244140625,342.739990234375,549.5700073242188,79.48500061035156,309.7200012207031,259.5404968261719,342.739990234375,549.8699951171875,79.50499725341797,50180,67336,39844,17585,43088
2026-08-21 15:36:00-04:00,309.739990234375,259.68939208984375,342.98199462890625,550.0537719726562,79.55909729003906,309.82000732421875,259.7380065917969,343.0299987792969,550.0700073242188,79.56999969482422,309.70001220703125,259.614990234375,342.8843078613281,549.9199829101562,79.54499816894531,309.79998779296875,259.6300048828125,342.8900146484375,550.0700073242188,79.55509948730469,53952,67124,46217,10425,33008
2026-08-21 15:37:00-04:00,309.7900085449219,259.6700134277344,343.1400146484375,549.780029296875,79.52999877929688,309.7900085449219,259.739990234375,343.1499938964844,550.1400146484375,79.59500122070312,309.67999267578125,259.6499938964844,342.9501037597656,549.780029296875,79.52999877929688,309.7900085449219,259.6700134277344,342.9787902832031,550.010009765625,79.55999755859375,45640,100513,24910,17963,89926
2026-08-21 15:38:00-04:00,309.5400085449219,259.6400146484375,343.0898132324219,549.9299926757812,79.53500366210938,309.8699951171875,259.70001220703125,343.25,550.1400146484375,79.55999755859375,309.5400085449219,259.6199951171875,343.0799865722656,549.8280029296875,79.51000213623047,309.7900085449219,259.6700134277344,343.144287109375,549.85498046875,79.51000213623047,88040,38794,24567,15792,63912
2026-08-21 15:39:00-04:00,309.5199890136719,259.5050048828125,343.0299987792969,549.9149780273438,79.54499816894531,309.5799865722656,259.6499938964844,343.1300048828125,550.0,79.55000305175781,309.4200134277344,259.489990234375,342.9599914550781,549.8599853515625,79.52999877929688,309.5304870605469,259.6400146484375,343.1189880371094,549.8599853515625,79.54499816894531,163828,47584,24709,9585,21019
2026-08-21 15:40:00-04:00,309.489990234375,259.6449890136719,343.1099853515625,550.4299926757812,79.56999969482422,309.6000061035156,259.6449890136719,343.1600036621094,550.4299926757812,79.56999969482422,309.4549865722656,259.5050048828125,343.0,549.8900146484375,79.52999877929688,309.5299987792969,259.5050048828125,343.0199890136719,549.9199829101562,79.54000091552734,61985,32912,16854,21515,27540
2026-08-21 15:41:00-04:00,309.4989013671875,259.6000061035156,342.9599914550781,550.3900146484375,79.58930206298828,309.5293884277344,259.6449890136719,343.19000244140625,550.6300048828125,79.59500122070312,309.4599914550781,259.55999755859375,342.8500061035156,550.280029296875,79.55999755859375,309.5,259.6400146484375,343.1401062011719,550.5,79.56999969482422,42370,29491,28588,11251,34520
2026-08-21 15:42:00-04:00,309.5,259.614990234375,342.9599914550781,550.4650268554688,79.58999633789062,309.6400146484375,259.6400146484375,343.0350036621094,550.5938720703125,79.58999633789062,309.4859924316406,259.5849914550781,342.8905029296875,550.3300170898438,79.56999969482422,309.5,259.590087890625,342.9808044433594,550.4000244140625,79.58000183105469,53200,45749,21963,16345,32866
2026-08-21 15:43:00-04:00,309.7049865722656,259.7200012207031,342.9399108886719,550.5700073242188,79.65989685058594,309.7200012207031,259.7200012207031,343.05499267578125,550.6900024414062,79.66000366210938,309.4599914550781,259.5950012207031,342.8900146484375,550.4600219726562,79.59010314941406,309.7049865722656,259.6180114746094,342.9800109863281,550.4650268554688,79.59500122070312,48468,49205,18358,24949,49177
2026-08-21 15:44:00-04:00,309.5452880859375,259.739990234375,342.94049072265625,550.6199951171875,79.68499755859375,309.7049865722656,259.8299865722656,342.989990234375,550.7999877929688,79.69000244140625,309.5299987792969,259.69000244140625,342.8800048828125,550.5599975585938,79.63500213623047,309.70001220703125,259.7149963378906,342.9200134277344,550.5999755859375,79.6449966430664,32830,62950,14024,18462,36447
2026-08-21 15:45:00-04:00,309.57000732421875,259.9049987792969,342.8599853515625,550.5549926757812,79.63999938964844,309.6400146484375,259.9049987792969,342.9800109863281,551.1599731445312,79.71990203857422,309.5299987792969,259.6600036621094,342.8399963378906,550.4500122070312,79.625,309.5400085449219,259.760009765625,342.9649963378906,550.6500244140625,79.68000030517578,33849,94882,32788,29356,44314
2026-08-21 15:46:00-04:00,309.7099914550781,259.739990234375,342.9200134277344,550.6300048828125,79.66999816894531,309.7099914550781,259.94500732421875,342.9200134277344,550.72998046875,79.67500305175781,309.54998779296875,259.6600036621094,342.7850036621094,550.510009765625,79.62000274658203,309.54998779296875,259.9200134277344,342.8800048828125,550.5750122070312,79.66999816894531,39619,83041,49452,18500,33522
2026-08-21 15:47:00-04:00,309.82000732421875,259.8900146484375,342.8299865722656,550.69482421875,79.62999725341797,309.8399963378906,259.94000244140625,342.9100036621094,550.780029296875,79.67500305175781,309.68829345703125,259.7200927734375,342.8059997558594,550.4650268554688,79.62000274658203,309.70001220703125,259.739990234375,342.8900146484375,550.6500244140625,79.67500305175781,43431,60079,20733,25164,62685
2026-08-21 15:48:00-04:00,309.8800048828125,259.7900085449219,342.8389892578125,550.8699951171875,79.66500091552734,309.9800109863281,259.9100036621094,342.94500732421875,550.8800048828125,79.66500091552734,309.80010986328125,259.7799987792969,342.79998779296875,550.6699829101562,79.62999725341797,309.82000732421875,259.88519287109375,342.8299865722656,550.7100219726562,79.62999725341797,61485,70297,32032,24583,45419
2026-08-21 15:49:00-04:00,310.0249938964844,259.79998779296875,342.7799987792969,551.0399780273438,79.69000244140625,310.04998779296875,259.8900146484375,342.8900146484375,551.1199951171875,79.6968994140625,309.8399963378906,259.7550048828125,342.70001220703125,550.830078125,79.66000366210938,309.8699951171875,259.79998779296875,342.8424072265625,550.8699951171875,79.66500091552734,59159,245699,18568,33885,35948
2026-08-21 15:50:00-04:00,309.9150085449219,259.55499267578125,342.68499755859375,550.748779296875,79.6449966430664,310.1000061035156,259.7875061035156,342.94000244140625,551.0501098632812,79.69000244140625,309.8900146484375,259.5400085449219,342.614990234375,550.5999755859375,79.62999725341797,310.0249938964844,259.760009765625,342.760009765625,551.0501098632812,79.69000244140625,106863,98692,37407,33520,109788
2026-08-21 15:51:00-04:00,309.8689880371094,259.6200866699219,342.81500244140625,550.760009765625,79.58999633789062,309.9552001953125,259.6499938964844,342.864990234375,550.97998046875,79.65499877929688,309.8299865722656,259.4800109863281,342.6600036621094,550.6500244140625,79.58999633789062,309.92999267578125,259.55999755859375,342.6600036621094,550.6900024414062,79.63999938964844,97793,103755,33926,29782,70487
2026-08-21 15:52:00-04:00,309.8800048828125,259.5450134277344,342.9649963378906,550.7291259765625,79.59500122070312,309.9700012207031,259.6700134277344,342.9649963378906,550.9149780273438,79.62000274658203,309.8299865722656,259.4549865722656,342.7900085449219,550.5399780273438,79.56999969482422,309.8599853515625,259.6199951171875,342.8299865722656,550.7999877929688,79.59500122070312,35201142,81409,57808,30158,49264
2026-08-21 15:53:00-04:00,309.99200439453125,259.1549987792969,342.739990234375,550.489990234375,79.57499694824219,310.0350036621094,259.57000732421875,342.94000244140625,550.7100219726562,79.62000274658203,309.82000732421875,259.09051513671875,342.7300109863281,550.27001953125,79.55999755859375,309.8800048828125,259.5299987792969,342.94000244140625,550.6799926757812,79.59500122070312,89920,163646,51448,34182,97687
2026-08-21 15:54:00-04:00,309.9599914550781,258.7850036621094,342.20001220703125,550.02001953125,79.6240005493164,310.1789855957031,259.1700134277344,342.79998779296875,550.5700073242188,79.63500213623047,309.82000732421875,258.67999267578125,342.1099853515625,549.9301147460938,79.5199966430664,309.9949951171875,259.1700134277344,342.760009765625,550.510009765625,79.56999969482422,145285,203313,54432,55468,149190
2026-08-21 15:55:00-04:00,309.70001220703125,258.3399963378906,341.2200012207031,549.614990234375,79.58999633789062,309.92999267578125,258.75,342.1099853515625,549.9450073242188,79.65630340576172,309.1600036621094,258.2699890136719,341.0,549.4354858398438,79.55000305175781,309.92999267578125,258.75,342.1099853515625,549.614990234375,79.62000274658203,334652,318151,247950,65378,169662
2026-08-21 15:56:00-04:00,309.8299865722656,258.5,341.6700134277344,550.1199951171875,79.58000183105469,309.92999267578125,258.6000061035156,341.70001220703125,550.1799926757812,79.58999633789062,309.6600036621094,258.2799987792969,341.2099914550781,549.5806274414062,79.54000091552734,309.6700134277344,258.32000732421875,341.2250061035156,549.6599731445312,79.58999633789062,176745,259536,135656,85483,124379
2026-08-21 15:57:00-04:00,309.70001220703125,258.69000244140625,341.7300109863281,550.22998046875,79.5999984741211,309.94500732421875,258.79998779296875,341.7699890136719,550.4199829101562,79.625,309.70001220703125,258.4750061035156,341.5400085449219,550.0999755859375,79.56999969482422,309.8349914550781,258.5,341.67999267578125,550.1599731445312,79.58499908447266,241103,251750,171469,80974,181703
2026-08-21 15:58:00-04:00,309.79998779296875,258.79998779296875,342.010009765625,550.030029296875,79.62000274658203,309.82000732421875,258.8800048828125,342.05999755859375,550.4099731445312,79.63500213623047,309.67999267578125,258.67999267578125,341.7250061035156,550.030029296875,79.58999633789062,309.70001220703125,258.69000244140625,341.7300109863281,550.2349853515625,79.59989929199219,342631,323716,188307,109184,226625
2026-08-21 15:59:00-04:00,309.4200134277344,258.6499938964844,341.8299865722656,549.9099731445312,79.62000274658203,309.80999755859375,258.8999938964844,342.20001220703125,550.1699829101562,79.63999938964844,309.17999267578125,258.5,341.57000732421875,549.530029296875,79.58499908447266,309.7799987792969,258.7900085449219,342.0,550.0900268554688,79.62000274658203,669310,564168,420149,233350,416568
