Price,Close,Close,Close,Close,Close,High,High,High,High,High,Low,Low,Low,Low,Low,Open,Open,Open,Open,Open,Volume,Volume,Volume,Volume,Volume
Ticker,AAPL,AMZN,GOOG,META,NFLX,AAPL,AMZN,GOOG,META,NFLX,AAPL,AMZN,GOOG,META,NFLX,AAPL,AMZN,GOOG,META,NFLX,AAPL,AMZN,GOOG,META,NFLX
Datetime,,,,,,,,,,,,,,,,,,,,,,,,,
2026-08-31 09:30:00-04:00,319.3599853515625,263.5799865722656,338.7650146484375,574.5,81.25,321.2349853515625,264.260009765625,340.6300048828125,578.6500244140625,81.25,318.6181945800781,263.0000915527344,338.25,573.4849853515625,80.6500015258789,319.55999755859375,263.82501220703125,339.989990234375,576.77001953125,80.87999725341797,1441344.0,1259567,643921.0,565344.0,697475.0
2026-08-31 09:31:00-04:00,319.2900085449219,263.29998779296875,338.510009765625,573.4500122070312,81.4749984741211,320.3500061035156,263.8900146484375,339.3599853515625,576.5399169921875,81.4749984741211,318.3699951171875,262.9700012207031,338.1099853515625,572.3599853515625,81.18499755859375,319.3599853515625,263.70001220703125,338.69000244140625,574.25,81.2300033569336,245993.0,229545,61756.0,71044.0,97712.0
2026-08-31 09:32:00-04:00,319.3883972167969,263.17498779296875,338.4599914550781,573.4000244140625,81.4000015258789,319.8999938964844,263.43499755859375,339.04998779296875,575.0,81.5,318.6300964355469,262.6000061035156,338.25,572.7474975585938,81.22010040283203,319.32000732421875,263.29998779296875,338.5400085449219,573.3699951171875,81.4749984741211,180836.0,130900,49046.0,58482.0,59095.0
2026-08-31 09:33:00-04:00,318.5845947265625,262.614990234375,337.6549987792969,573.1099853515625,80.95010375976562,319.29998779296875,263.3500061035156,338.8900146484375,573.6300048828125,81.41000366210938,318.3599853515625,262.3800048828125,337.4949951171875,572.010009765625,80.93000030517578,319.29998779296875,263.1600036621094,338.4750061035156,573.2100219726562,81.41000366210938,144584.0,197492,86710.0,47037.0,56359.0
2026-08-31 09:34:00-04:00,318.07501220703125,261.9599914550781,339.0,572.5399780273438,81.0,318.6499938964844,262.9399108886719,339.1000061035156,573.8967895507812,81.05000305175781,318.07501220703125,261.94000244140625,337.6000061035156,572.1099853515625,80.91000366210938,318.5845947265625,262.5856018066406,337.6000061035156,573.1099853515625,80.95999908447266,125287.0,186502,74016.0,50312.0,114859.0
2026-08-31 09:35:00-04:00,317.4549865722656,262.1499938964844,338.7149963378906,573.2650146484375,81.15499877929688,318.135009765625,262.5299987792969,339.1449890136719,573.4998779296875,81.18000030517578,317.3299865722656,261.8301086425781,338.63031005859375,571.6300048828125,80.94000244140625,318.04998779296875,261.99951171875,338.9949951171875,572.6099853515625,81.0,180710.0,151382,54466.0,53097.0,73268.0
2026-08-31 09:36:00-04:00,317.489990234375,262.18499755859375,339.20001220703125,574.02001953125,81.25279998779297,317.7799072265625,262.30010986328125,339.25,574.28369140625,81.27999877929688,317.2200012207031,261.93011474609375,338.55999755859375,572.5,81.05500030517578,317.4800109863281,262.1499938964844,338.80999755859375,573.260009765625,81.0824966430664,81935.0,143341,40246.0,37946.0,56146.0
2026-08-31 09:37:00-04:00,318.31500244140625,261.75,338.0849914550781,574.260009765625,81.48999786376953,318.3999938964844,262.2449951171875,339.29998779296875,575.2000122070312,81.51000213623047,317.31500244140625,261.6600036621094,337.80999755859375,574.0,81.25499725341797,317.4800109863281,262.1600036621094,339.2250061035156,574.4500122070312,81.25499725341797,154494.0,132056,59867.0,64360.0,138695.0
2026-08-31 09:38:00-04:00,318.19000244140625,261.6499938964844,337.6700134277344,575.030029296875,81.41000366210938,318.4798889160156,261.94659423828125,338.2300109863281,575.030029296875,81.51000213623047,317.94000244140625,261.57000732421875,337.4700012207031,573.5999755859375,81.36499786376953,318.31500244140625,261.7300109863281,338.0400085449219,574.3699951171875,81.48999786376953,89760.0,155375,44706.0,27379.0,34222.0
2026-08-31 09:39:00-04:00,318.6499938964844,261.94000244140625,338.0199890136719,575.47998046875,81.3904037475586,318.81390380859375,262.0,338.2550048828125,575.8599853515625,81.4800033569336,318.17498779296875,261.614990234375,337.4800109863281,574.4000244140625,81.33999633789062,318.20001220703125,261.6700134277344,337.67999267578125,574.9500122070312,81.47000122070312,88627.0,124806,32409.0,35644.0,23415.0
2026-08-31 09:40:00-04:00,317.95001220703125,261.7349853515625,337.6700134277344,572.9500122070312,81.08499908447266,318.8999938964844,262.20001220703125,338.05999755859375,575.8499755859375,81.4209976196289,317.94000244140625,261.70001220703125,337.6099853515625,572.9099731445312,81.08000183105469,318.6499938964844,261.9200134277344,338.00390625,575.4633178710938,81.41999816894531,103473.0,112070,35786.0,42056.0,76658.0
2026-08-31 09:41:00-04:00,318.1650085449219,261.4999084472656,337.44000244140625,572.0750122070312,81.08509826660156,318.44989013671875,261.739990234375,337.8900146484375,572.8400268554688,81.125,317.9200134277344,261.3301086425781,337.2099914550781,571.8200073242188,81.0009994506836,317.92999267578125,261.7300109863281,337.6199951171875,572.8400268554688,81.05999755859375,86622.0,148022,68487.0,36770.0,53990.0
2026-08-31 09:42:00-04:00,317.7799987792969,261.697509765625,337.56500244140625,572.260009765625,81.06500244140625,318.17498779296875,261.79998779296875,337.7200012207031,572.39990234375,81.1449966430664,317.4100036621094,261.260009765625,337.364990234375,571.2349853515625,80.94000244140625,318.1600036621094,261.489501953125,337.3900146484375,572.0750122070312,81.08999633789062,97460.0,108165,34478.0,54810.0,84576.0
2026-08-31 09:43:00-04:00,317.19000244140625,261.45001220703125,337.20001220703125,571.239990234375,81.00340270996094,317.7699890136719,261.82000732421875,337.7099914550781,572.3198852539062,81.0999984741211,317.0400085449219,261.3299865722656,336.79998779296875,571.02001953125,80.94000244140625,317.7615966796875,261.7300109863281,337.56500244140625,572.1500244140625,81.05500030517578,124021.0,83853,79373.0,40696.0,38099.0
2026-08-31 09:44:00-04:00,317.375,261.4849853515625,336.8999938964844,571.719970703125,80.98999786376953,317.6499938964844,261.659912109375,337.3399963378906,571.9500122070312,81.02999877929688,317.1400146484375,261.4700012207031,336.8999938964844,571.4849853515625,80.97000122070312,317.19000244140625,261.5,337.2799987792969,571.6199951171875,81.0,57934.0,57622,42439.0,24886.0,32545.0
2026-08-31 09:45:00-04:00,316.8739929199219,261.3349914550781,336.7799987792969,571.8699951171875,81.16999816894531,317.32501220703125,261.6600036621094,337.1000061035156,572.2999877929688,81.16999816894531,316.7900085449219,261.2300109863281,336.6099853515625,571.489990234375,81.0,317.32501220703125,261.4849853515625,336.9100036621094,571.7999877929688,81.0,184286.0,132518,52465.0,40676.0,61572.0
2026-08-31 09:46:00-04:00,316.9049987792969,261.7799987792969,336.9200134277344,572.655029296875,81.03500366210938,317.0,261.7799987792969,337.0,572.9598999023438,81.16500091552734,316.739990234375,261.2799987792969,336.5,571.5,81.00810241699219,316.8599853515625,261.32000732421875,336.73431396484375,571.9199829101562,81.16500091552734,89523.0,63796,54933.0,40334.0,31680.0
2026-08-31 09:47:00-04:00,317.32000732421875,262.0899963378906,337.0249938964844,574.3900146484375,81.19509887695312,317.42999267578125,262.0899963378906,337.0899963378906,574.7127075195312,81.19999694824219,316.8299865722656,261.69000244140625,336.6199951171875,571.8800048828125,80.9800033569336,316.9200134277344,261.7799987792969,336.9150085449219,572.6500244140625,81.05000305175781,74089.0,154969,65597.0,48399.0,54209.0
2026-08-31 09:48:00-04:00,317.19000244140625,261.69500732421875,336.92999267578125,573.2000122070312,81.12000274658203,317.55999755859375,262.1199951171875,337.173095703125,574.469970703125,81.2699966430664,317.1700134277344,261.4700012207031,336.8301086425781,572.8699951171875,81.12000274658203,317.31500244140625,262.0849914550781,337.0150146484375,574.1600952148438,81.20999908447266,85521.0,113546,67036.0,23024.0,38770.0
2026-08-31 09:49:00-04:00,317.3900146484375,261.8299865722656,337.2049865722656,573.1455078125,81.12999725341797,317.4200134277344,261.9200134277344,337.3500061035156,573.8499755859375,81.18499755859375,316.95001220703125,261.3800048828125,336.8900146484375,572.7999877929688,81.12030029296875,317.17999267578125,261.69500732421875,336.8900146484375,573.1099853515625,81.13690185546875,108222.0,107035,46405.0,28291.0,22381.0
2026-08-31 09:50:00-04:00,317.2449951171875,262.05999755859375,337.32000732421875,573.47998046875,81.18000030517578,317.45001220703125,262.05999755859375,337.3999938964844,573.6099853515625,81.19000244140625,317.1700134277344,261.7300109863281,337.1000061035156,572.9500122070312,81.02999877929688,317.4150085449219,261.8385925292969,337.135009765625,573.2949829101562,81.12999725341797,57943.0,79829,39397.0,19207.0,33205.0
2026-08-31 09:51:00-04:00,317.95001220703125,262.17999267578125,337.75860595703125,574.3499755859375,81.1500015258789,317.9501037597656,262.17999267578125,337.7699890136719,574.6898803710938,81.16000366210938,317.135009765625,261.8299865722656,337.2699890136719,573.22998046875,81.0530014038086,317.2550048828125,262.05999755859375,337.30499267578125,573.4000244140625,81.16000366210938,69807.0,100668,37926.0,37460.0,23172.0
2026-08-31 09:52:00-04:00,317.8301086425781,262.0799865722656,337.5299987792969,573.780029296875,81.13500213623047,318.0299987792969,262.19000244140625,337.79998779296875,574.47998046875,81.1500015258789,317.6099853515625,261.9200134277344,337.4800109863281,573.5537719726562,81.05500030517578,317.95001220703125,262.1300048828125,337.70001220703125,574.47998046875,81.13999938964844,61158.0,80238,39793.0,16234.0,29056.0
2026-08-31 09:53:00-04:00,317.80999755859375,262.2301025390625,337.6427917480469,574.2739868164062,81.13999938964844,318.0,262.3599853515625,337.70001220703125,574.2739868164062,81.16000366210938,317.739990234375,261.9800109863281,337.45001220703125,573.3499755859375,81.06999969482422,317.82501220703125,262.04998779296875,337.5,573.72998046875,81.13999938964844,73754.0,88982,28253.0,13372.0,17811.0
2026-08-31 09:54:00-04:00,317.95001220703125,262.2799987792969,337.4700012207031,573.77001953125,81.1500015258789,318.1000061035156,262.3800048828125,337.7200012207031,574.5540161132812,81.19999694824219,317.7799987792969,262.07000732421875,337.2099914550781,573.510009765625,81.13999938964844,317.82000732421875,262.2900085449219,337.6300964355469,574.2899780273438,81.13999938964844,135473.0,101276,51623.0,37933.0,29681.0
2026-08-31 09:55:00-04:00,317.57501220703125,262.0101013183594,337.465087890625,573.4299926757812,81.12000274658203,318.1000061035156,262.3294982910156,337.6600036621094,574.0499877929688,81.20999908447266,317.5,262.0101013183594,337.2300109863281,573.0,81.12000274658203,317.93499755859375,262.2449951171875,337.4100036621094,573.537109375,81.1500015258789,97682.0,80523,29933.0,24750.0,32993.0
2026-08-31 09:56:00-04:00,317.69000244140625,261.8100891113281,337.17999267578125,573.260009765625,81.14230346679688,317.69989013671875,262.05999755859375,337.489990234375,573.5665283203125,81.1500015258789,317.4100036621094,261.7712097167969,337.1000061035156,572.7999877929688,81.07689666748047,317.57501220703125,262.0450134277344,337.4200134277344,573.280029296875,81.12000274658203,62483.0,93934,42454.0,22983.0,16776.0
2026-08-31 09:57:00-04:00,317.30499267578125,261.7099914550781,336.9549865722656,572.3200073242188,81.16000366210938,317.70001220703125,261.9299011230469,337.3599853515625,573.3499755859375,81.17500305175781,317.2300109863281,261.5,336.7950134277344,572.3099975585938,81.0999984741211,317.69000244140625,261.9150085449219,337.2200012207031,573.1614990234375,81.16000366210938,86088.0,82508,52774.0,20636.0,19817.0
2026-08-31 09:58:00-04:00,317.5050048828125,261.4200134277344,336.8699951171875,572.3499145507812,81.0,317.5400085449219,261.80999755859375,337.0799865722656,572.9841918945312,81.1500015258789,317.27850341796875,261.3699035644531,336.7799987792969,571.8001098632812,80.99500274658203,317.29998779296875,261.7449951171875,337.0,572.4099731445312,81.13200378417969,73358.0,112216,36338.0,31295.0,28521.0
2026-08-31 09:59:00-04:00,317.260009765625,261.1700134277344,336.8699951171875,572.4199829101562,81.01000213623047,317.4849853515625,261.4599914550781,337.0361022949219,572.4199829101562,81.06500244140625,317.1650085449219,261.07000732421875,336.6600036621094,571.8699951171875,80.98500061035156,317.4849853515625,261.42999267578125,336.79998779296875,572.2490234375,81.01000213623047,73912.0,135809,46500.0,25952.0,34289.0
2026-08-31 10:00:00-04:00,316.8900146484375,260.7300109863281,336.489990234375,571.4899291992188,80.83000183105469,317.2449951171875,261.239990234375,336.79998779296875,572.4899291992188,81.04000091552734,316.8500061035156,260.7300109863281,336.45001220703125,571.3900146484375,80.80999755859375,317.2049865722656,261.20001220703125,336.79998779296875,572.4199829101562,81.02999877929688,119293.0,235255,64415.0,41150.0,81912.0
2026-08-31 10:01:00-04:00,316.45111083984375,260.7449951171875,336.2149963378906,571.3099975585938,80.83999633789062,317.0050048828125,260.8450012207031,336.55999755859375,571.4600219726562,80.9000015258789,316.45001220703125,260.3500061035156,336.0400085449219,570.8599853515625,80.80000305175781,316.9100036621094,260.7300109863281,336.5,571.3599853515625,80.82009887695312,69461.0,217924,44603.0,45368.0,40123.0
2026-08-31 10:02:00-04:00,316.4849853515625,260.8507080078125,336.1449890136719,571.4450073242188,80.97000122070312,316.5,261.1400146484375,336.42999267578125,571.77001953125,80.98999786376953,316.29998779296875,260.54998779296875,336.1400146484375,571.1599731445312,80.83000183105469,316.4601135253906,260.760009765625,336.2099914550781,571.2249755859375,80.8499984741211,104327.0,108001,48507.0,37615.0,62790.0
2026-08-31 10:03:00-04:00,316.5799865722656,261.114990234375,335.95001220703125,571.9600219726562,81.02999877929688,316.79998779296875,261.1830139160156,336.2550048828125,572.22998046875,81.02999877929688,316.39080810546875,260.8299865722656,335.8999938964844,571.010009765625,80.94999694824219,316.4700012207031,260.8299865722656,336.1199951171875,571.4450073242188,80.9749984741211,67255.0,86410,73451.0,45198.0,18815.0
2026-08-31 10:04:00-04:00,316.5199890136719,260.93499755859375,335.909912109375,570.8400268554688,80.95999908447266,316.71990966796875,261.1698913574219,336.0201110839844,572.1596069335938,81.01499938964844,316.489990234375,260.92999267578125,335.489990234375,570.6655883789062,80.94999694824219,316.5950012207031,261.1300048828125,335.9798889160156,572.135009765625,81.01499938964844,53603.0,72948,105038.0,29701.0,31534.0
2026-08-31 10:05:00-04:00,316.6400146484375,261.1700134277344,335.7900085449219,570.9450073242188,80.97000122070312,316.739990234375,261.1700134277344,335.8999938964844,571.0499267578125,80.97000122070312,316.4100036621094,260.9200134277344,335.57000732421875,570.2899780273438,80.88999938964844,316.510009765625,260.94000244140625,335.8800048828125,571.0499267578125,80.96499633789062,61947.0,65792,33760.0,40599.0,32368.0
2026-08-31 10:06:00-04:00,316.4100036621094,260.5299987792969,335.2650146484375,570.2150268554688,80.91999816894531,316.7900085449219,261.31500244140625,335.80999755859375,571.0399780273438,80.9800033569336,316.239990234375,260.510498046875,335.2214050292969,570.0999755859375,80.91999816894531,316.65008544921875,261.2200012207031,335.7200012207031,570.9450073242188,80.96499633789062,75775.0,144848,59659.0,30954.0,23432.0
2026-08-31 10:07:00-04:00,316.49749755859375,260.8900146484375,335.57000732421875,569.8800048828125,80.96499633789062,316.6199951171875,260.9599914550781,335.6099853515625,570.3800048828125,80.98999786376953,316.3299865722656,260.3629150390625,335.1499938964844,569.6900024414062,80.88999938964844,316.3800048828125,260.5400085449219,335.2650146484375,570.090087890625,80.91999816894531,41750.0,109939,59565.0,66842.0,24169.0
2026-08-31 10:08:00-04:00,316.42999267578125,261.04998779296875,335.3699951171875,570.280029296875,80.95500183105469,316.54998779296875,261.0799865722656,335.5950012207031,570.3699951171875,80.9800033569336,316.25,260.7699890136719,335.30999755859375,569.5999755859375,80.9207992553711,316.4949951171875,260.8599853515625,335.5950012207031,569.8800048828125,80.9656982421875,46678.0,70775,31424.0,38172.0,26712.0
2026-08-31 10:09:00-04:00,316.3599853515625,260.6000061035156,334.81219482421875,569.4249877929688,80.87010192871094,316.489990234375,261.0899963378906,335.4200134277344,570.4699096679688,80.94999694824219,316.2749938964844,260.5199890136719,334.7301940917969,569.2899780273438,80.86000061035156,316.4518127441406,261.0895080566406,335.4100036621094,570.3594970703125,80.94999694824219,29383.0,74096,164620.0,36797.0,27088.0
2026-08-31 10:10:00-04:00,315.80499267578125,260.57989501953125,334.8953857421875,569.5050048828125,80.93000030517578,316.3900146484375,260.6650085449219,334.9700012207031,569.6649780273438,80.9800033569336,315.7799987792969,260.4800109863281,334.5799865722656,569.2999877929688,80.88009643554688,316.3550109863281,260.6400146484375,334.82000732421875,569.4400024414062,80.88009643554688,143700.0,66220,51969.0,34891.0,26491.0
2026-08-31 10:11:00-04:00,316.09991455078125,260.4750061035156,334.95361328125,570.0399780273438,80.97000122070312,316.2200012207031,260.55999755859375,335.0,570.2399291992188,80.9800033569336,315.7799987792969,260.3299865722656,334.75,569.1386108398438,80.93000030517578,315.80499267578125,260.5596923828125,334.864990234375,569.5050048828125,80.93000030517578,94026.0,98122,57208.0,35389.0,29437.0
2026-08-31 10:12:00-04:00,315.94000244140625,260.31500244140625,334.3299865722656,570.3800048828125,80.98999786376953,316.0899963378906,260.67999267578125,335.0,570.4099731445312,81.00499725341797,315.7705078125,260.29998779296875,334.3299865722656,569.7000732421875,80.96499633789062,316.07501220703125,260.44000244140625,334.94000244140625,569.844970703125,80.97000122070312,71773.0,123904,66979.0,39144.0,30941.0
2026-08-31 10:13:00-04:00,316.2449951171875,260.2900085449219,333.9100036621094,571.239990234375,81.04000091552734,316.3299865722656,260.3399963378906,334.3799133300781,571.3499755859375,81.04350280761719,315.92999267578125,260.2200012207031,333.7699890136719,570.3800048828125,80.98999786376953,315.94000244140625,260.3175048828125,334.3399963378906,570.4099731445312,80.98999786376953,63206.0,91998,113599.0,45112.0,21689.0
2026-08-31 10:14:00-04:00,316.5150146484375,260.1400146484375,333.885009765625,570.9550170898438,81.02999877929688,316.6199951171875,260.2799987792969,334.19000244140625,571.4141845703125,81.06050109863281,316.1199951171875,260.04998779296875,333.6099853515625,570.8101196289062,80.95999908447266,316.2049865722656,260.2799987792969,333.8900146484375,571.3150024414062,81.04499816894531,110303.0,157681,84825.0,23472.0,88734.0
2026-08-31 10:15:00-04:00,316.4750061035156,260.1650085449219,334.19989013671875,571.2271728515625,81.125,316.8500061035156,260.2200012207031,334.20001220703125,571.3400268554688,81.125,316.45001220703125,259.9700012207031,333.9049987792969,570.72998046875,81.01000213623047,316.4800109863281,260.1300048828125,333.9200134277344,570.9849853515625,81.05000305175781,95241.0,250554,54883.0,30356.0,115788.0
2026-08-31 10:16:00-04:00,316.3999938964844,260.114990234375,334.05999755859375,571.3200073242188,81.08999633789062,316.510009765625,260.27978515625,334.25,571.4000244140625,81.12000274658203,316.0799865722656,259.95001220703125,333.8399963378906,570.7949829101562,81.04000091552734,316.4599914550781,260.17999267578125,334.20001220703125,571.27001953125,81.12000274658203,64013.0,110078,128413.0,19697.0,43541.0
2026-08-31 10:17:00-04:00,316.260009765625,260.135009765625,334.3800048828125,571.9000244140625,81.13999938964844,316.5430908203125,260.2550048828125,334.45001220703125,572.322509765625,81.13999938964844,316.2500915527344,259.989990234375,333.94000244140625,571.2301025390625,81.0999984741211,316.3999938964844,260.1300048828125,334.05999755859375,571.3200073242188,81.11000061035156,76660.0,103174,56413.0,38823.0,46629.0
2026-08-31 10:18:00-04:00,316.19000244140625,260.2149963378906,334.6300048828125,571.9199829101562,81.18499755859375,316.3900146484375,260.3450927734375,334.739990234375,572.3099975585938,81.19730377197266,316.1400146484375,260.1300048828125,334.32000732421875,571.7050170898438,81.11000061035156,316.2349853515625,260.1600036621094,334.4049987792969,571.9199829101562,81.13009643554688,39011.0,89665,60017.0,22973.0,39257.0
2026-08-31 10:19:00-04:00,316.19000244140625,260.32000732421875,334.69000244140625,572.1295166015625,81.22000122070312,316.2550048828125,260.3399963378906,334.69000244140625,572.239990234375,81.22000122070312,316.1300048828125,260.1700134277344,334.489990234375,571.7700805664062,81.12999725341797,316.19000244140625,260.2149963378906,334.614990234375,571.8499755859375,81.19000244140625,31506.0,66537,38504.0,21316.0,23003.0
2026-08-31 10:20:00-04:00,315.9599914550781,260.2149963378906,334.3800048828125,571.6599731445312,81.16000366210938,316.20001220703125,260.4100036621094,334.760009765625,572.2999877929688,81.23500061035156,315.8299865722656,260.1199951171875,334.3800048828125,571.4400024414062,81.1500015258789,316.18499755859375,260.32000732421875,334.70001220703125,572.1694946289062,81.21009826660156,51020.0,76244,44183.0,31833.0,18503.0
2026-08-31 10:21:00-04:00,315.82501220703125,260.30999755859375,334.4898986816406,571.739990234375,81.1500015258789,315.9599914550781,260.3500061035156,334.57000732421875,571.9000244140625,81.19000244140625,315.739990234375,260.1600036621094,334.3800048828125,571.0700073242188,81.13999938964844,315.94500732421875,260.2349853515625,334.3900146484375,571.6599731445312,81.16999816894531,51890.0,69460,34771.0,18160.0,19131.0
2026-08-31 10:22:00-04:00,315.69000244140625,259.9649963378906,334.260009765625,570.9000244140625,81.16999816894531,315.92999267578125,260.3739929199219,334.54998779296875,571.989990234375,81.16999816894531,315.69000244140625,259.9649963378906,334.2200012207031,570.9000244140625,81.11000061035156,315.79998779296875,260.2799987792969,334.4700012207031,571.8900146484375,81.15499877929688,49312.0,102461,31072.0,21785.0,42114.0
2026-08-31 10:23:00-04:00,315.6000061035156,259.8699951171875,333.9949951171875,570.85498046875,81.1500015258789,315.69000244140625,259.9800109863281,334.2200012207031,570.9000244140625,81.18990325927734,315.510009765625,259.71600341796875,333.864990234375,570.2999877929688,81.11000061035156,315.69000244140625,259.95001220703125,334.19500732421875,570.9000244140625,81.17269897460938,60686.0,149265,57176.0,26398.0,88563.0
2026-08-31 10:24:00-04:00,315.6199951171875,259.7900085449219,333.4403076171875,570.8200073242188,81.13999938964844,315.79998779296875,259.9599914550781,334.0400085449219,571.280029296875,81.18000030517578,315.5350036621094,259.75,333.44000244140625,570.6099853515625,81.0999984741211,315.6000061035156,259.889892578125,333.9949951171875,570.9000244140625,81.15499877929688,51224.0,92279,61208.0,16568.0,38175.0
2026-08-31 10:25:00-04:00,315.689208984375,259.8399963378906,333.6600036621094,570.7449951171875,81.0,315.7300109863281,259.8599853515625,333.6600036621094,570.905029296875,81.1500015258789,315.45001220703125,259.7455139160156,333.42999267578125,570.52001953125,80.99500274658203,315.6000061035156,259.7699890136719,333.44000244140625,570.8699951171875,81.1500015258789,54738.0,102865,57985.0,30288.0,51469.0
2026-08-31 10:26:00-04:00,315.739990234375,260.0450134277344,333.7149963378906,570.1690063476562,80.94499969482422,315.79998779296875,260.1524963378906,333.9100036621094,571.0499877929688,81.01619720458984,315.5849914550781,259.7300109863281,333.6199951171875,570.160888671875,80.91999816894531,315.69000244140625,259.8500061035156,333.6499938964844,570.760009765625,81.01619720458984,46591.0,116342,49811.0,37330.0,40222.0
2026-08-31 10:27:00-04:00,315.7300109863281,260.0199890136719,333.6300048828125,569.9199829101562,80.9000015258789,315.79998779296875,260.1600036621094,333.7799987792969,570.3900146484375,81.01200103759766,315.5400085449219,259.92498779296875,333.54998779296875,569.7310180664062,80.8949966430664,315.739990234375,260.0400085449219,333.7300109863281,570.2050170898438,80.94499969482422,52730.0,78102,52319.0,40314.0,65624.0
2026-08-31 10:28:00-04:00,315.6650085449219,260.0199890136719,333.7099914550781,570.04052734375,80.98999786376953,315.82000732421875,260.1000061035156,333.9024963378906,570.489990234375,81.02999877929688,315.6401062011719,259.9159851074219,333.6169128417969,569.8599853515625,80.9000015258789,315.7250061035156,260.0199890136719,333.6169128417969,569.9149780273438,80.9000015258789,57157.0,57771,40992.0,22696.0,27477.0
2026-08-31 10:29:00-04:00,315.7099914550781,260.0799865722656,333.760498046875,570.1500244140625,80.97989654541016,315.739990234375,260.1400146484375,333.8599853515625,570.3300170898438,81.01499938964844,315.57000732421875,260.0050048828125,333.6199951171875,569.9500122070312,80.95500183105469,315.6481018066406,260.0050048828125,333.69769287109375,570.1799926757812,80.98500061035156,30369.0,56913,31560.0,13812.0,21472.0
2026-08-31 10:30:00-04:00,315.3349914550781,260.1300048828125,333.92999267578125,570.510009765625,80.9800033569336,315.7099914550781,260.1700134277344,334.0,570.6599731445312,80.98999786376953,315.3299865722656,259.84210205078125,333.70001220703125,569.9920043945312,80.92449951171875,315.7099914550781,260.04998779296875,333.7699890136719,570.0900268554688,80.9800033569336,97905.0,78013,33895.0,19213.0,23923.0
2026-08-31 10:31:00-04:00,315.2919006347656,260.0899963378906,333.7099914550781,570.419921875,80.94999694824219,315.4100036621094,260.2616882324219,334.0,570.7849731445312,81.01499938964844,315.24261474609375,259.97869873046875,333.6449890136719,570.1300048828125,80.92749786376953,315.3399963378906,260.1199951171875,333.9200134277344,570.5900268554688,80.97740173339844,43018.0,51612,54127.0,20265.0,48726.0
2026-08-31 10:32:00-04:00,315.0899963378906,260.1300048828125,333.8500061035156,570.02001953125,80.91999816894531,315.32000732421875,260.2300109863281,333.9599914550781,570.510009765625,80.95999908447266,315.0199890136719,260.04998779296875,333.6200866699219,569.97998046875,80.9000015258789,315.30999755859375,260.1000061035156,333.739990234375,570.2899780273438,80.94000244140625,69150.0,39041,28589.0,20062.0,48314.0
2026-08-31 10:33:00-04:00,314.82000732421875,260.19000244140625,334.25,570.4099731445312,80.91999816894531,315.1400146484375,260.2430114746094,334.2699890136719,570.4550170898438,80.94000244140625,314.7604064941406,260.05499267578125,333.8299865722656,569.9415893554688,80.9000015258789,315.0849914550781,260.114990234375,333.8800048828125,569.9605712890625,80.91999816894531,132805.0,37804,40956.0,17461.0,19401.0
2026-08-31 10:34:00-04:00,314.4049987792969,260.1000061035156,334.0799865722656,570.1599731445312,80.88500213623047,314.8599853515625,260.3299865722656,334.2799987792969,570.5999755859375,80.95999908447266,314.3599853515625,260.05999755859375,334.0350036621094,570.0499877929688,80.88500213623047,314.82501220703125,260.25,334.2301025390625,570.4099731445312,80.95999908447266,107409.0,42953,35470.0,18965.0,30393.0
2026-08-31 10:35:00-04:00,314.614990234375,260.18499755859375,334.17999267578125,570.3049926757812,80.88990020751953,314.6885986328125,260.20001220703125,334.2200012207031,570.39501953125,80.93000030517578,314.4100036621094,259.9200134277344,333.9599914550781,569.7949829101562,80.86000061035156,314.4200134277344,260.1000061035156,334.07501220703125,570.1799926757812,80.88999938964844,103455.0,73245,37410.0,34411.0,22787.0
2026-08-31 10:36:00-04:00,314.9200134277344,260.3349914550781,334.5,570.9400024414062,80.93499755859375,314.989990234375,260.39990234375,334.5400085449219,570.9500122070312,80.9800033569336,314.5899963378906,260.1459045410156,334.135009765625,570.2999877929688,80.8949966430664,314.6050109863281,260.19000244140625,334.1499938964844,570.333984375,80.8949966430664,67637.0,51119,57727.0,15594.0,25454.0
2026-08-31 10:37:00-04:00,315.1000061035156,260.07501220703125,334.4700012207031,570.739990234375,80.83039855957031,315.21978759765625,260.3599853515625,334.55999755859375,571.030029296875,80.95999908447266,314.8599853515625,260.07501220703125,334.385009765625,570.4739990234375,80.83000183105469,314.9200134277344,260.3349914550781,334.5299987792969,570.9400024414062,80.93499755859375,71700.0,51858,69353.0,20955.0,77284.0
2026-08-31 10:38:00-04:00,315.125,260.1449890136719,334.3800048828125,570.7849731445312,80.93000030517578,315.1400146484375,260.19000244140625,334.5,571.1099853515625,80.94000244140625,314.9599914550781,260.0,334.2799987792969,570.6699829101562,80.80999755859375,315.1000061035156,260.0799865722656,334.4800109863281,570.8900146484375,80.83000183105469,36140.0,47392,26606.0,20447.0,90721.0
2026-08-31 10:39:00-04:00,314.95001220703125,260.32000732421875,334.614990234375,570.9550170898438,80.91000366210938,315.1600036621094,260.32000732421875,334.614990234375,571.0999755859375,80.97260284423828,314.8800048828125,260.1618957519531,334.42999267578125,570.7000122070312,80.87999725341797,315.1400146484375,260.17779541015625,334.42999267578125,570.8900146484375,80.93000030517578,37410.0,34325,29744.0,11031.0,101322.0
2026-08-31 10:40:00-04:00,314.81500244140625,260.1199951171875,334.3500061035156,571.1199951171875,80.91999816894531,314.95001220703125,260.32000732421875,334.69000244140625,571.469970703125,80.92500305175781,314.55999755859375,260.07000732421875,334.3500061035156,570.8900146484375,80.88500213623047,314.95001220703125,260.32000732421875,334.6000061035156,570.9000244140625,80.9000015258789,63036.0,46308,27113.0,19553.0,20293.0
2026-08-31 10:41:00-04:00,314.8500061035156,260.20001220703125,334.52508544921875,571.1099853515625,80.91999816894531,314.9599914550781,260.2734069824219,334.6499938964844,571.3200073242188,80.94000244140625,314.7149963378906,260.07000732421875,334.3399963378906,571.0001220703125,80.8949966430664,314.80999755859375,260.1000061035156,334.3599853515625,571.155029296875,80.91999816894531,50232.0,33921,25458.0,8904.0,37628.0
2026-08-31 10:42:00-04:00,314.835205078125,260.3599853515625,334.5899963378906,571.5599975585938,80.94499969482422,315.0199890136719,260.3800048828125,334.6499938964844,571.6900024414062,80.94999694824219,314.8070068359375,260.239990234375,334.489990234375,571.2000122070312,80.91000366210938,314.8699951171875,260.260009765625,334.489990234375,571.2100219726562,80.91500091552734,42681.0,40843,16328.0,19231.0,17114.0
2026-08-31 10:43:00-04:00,314.9100036621094,260.29998779296875,334.6300048828125,571.1599731445312,80.94999694824219,314.989990234375,260.3900146484375,334.7200012207031,571.6799926757812,80.9999008178711,314.80999755859375,260.2300109863281,334.5199890136719,571.1599731445312,80.94499969482422,314.80999755859375,260.3500061035156,334.5799865722656,571.5250244140625,80.94999694824219,35915.0,43273,30654.0,15926.0,23774.0
2026-08-31 10:44:00-04:00,314.9750061035156,260.2349853515625,334.4200134277344,570.969970703125,80.88500213623047,314.9800109863281,260.3598937988281,334.6300048828125,571.510009765625,80.93000030517578,314.82000732421875,260.2300109863281,334.4100036621094,570.969970703125,80.87999725341797,314.8999938964844,260.30999755859375,334.6210021972656,571.1895751953125,80.93000030517578,41835.0,26475,44166.0,16343.0,20870.0
2026-08-31 10:45:00-04:00,314.9549865722656,260.1700134277344,334.3399963378906,570.6300048828125,80.93000030517578,315.0199890136719,260.2349853515625,334.44989013671875,571.0499877929688,80.94000244140625,314.83709716796875,260.07000732421875,334.2200012207031,570.5001220703125,80.86499786376953,314.9700012207031,260.2349853515625,334.3922119140625,571.030029296875,80.88500213623047,46863.0,63729,24027.0,14714.0,31742.0
2026-08-31 10:46:00-04:00,315.0899963378906,260.3699035644531,334.3299865722656,571.030029296875,80.91500091552734,315.0899963378906,260.3800048828125,334.45001220703125,571.119873046875,80.97000122070312,314.9089050292969,260.1700134277344,334.2349853515625,570.5200805664062,80.91000366210938,314.95001220703125,260.1700134277344,334.3299865722656,570.6300048828125,80.93000030517578,51893.0,36970,90037.0,10470.0,27601.0
2026-08-31 10:47:00-04:00,315.20001220703125,260.2799987792969,334.1000061035156,571.0,80.9749984741211,315.20001220703125,260.3800048828125,334.3299865722656,571.1300048828125,81.0,314.92999267578125,260.2300109863281,334.1000061035156,570.5601196289062,80.91999816894531,315.07000732421875,260.3399963378906,334.32000732421875,570.8599853515625,80.91999816894531,63801.0,27973,26738.0,18717.0,82712.0
2026-08-31 10:48:00-04:00,315.1400146484375,260.125,334.07989501953125,571.1400146484375,81.01000213623047,315.31988525390625,260.32501220703125,334.2900085449219,571.3400268554688,81.0250015258789,315.0849914550781,260.1000061035156,334.05999755859375,570.7991943359375,80.9800033569336,315.19500732421875,260.260009765625,334.1099853515625,571.0,80.98999786376953,55146.0,33375,24425.0,18053.0,36438.0
2026-08-31 10:49:00-04:00,315.07000732421875,259.8949890136719,333.875,570.8099975585938,80.9800033569336,315.2200012207031,260.1199951171875,334.1400146484375,571.239990234375,81.01000213623047,315.0400085449219,259.87530517578125,333.80999755859375,570.7000122070312,80.94000244140625,315.135009765625,260.1199951171875,334.0400085449219,571.0900268554688,81.0,38170.0,79013,38453.0,12300.0,64077.0
2026-08-31 10:50:00-04:00,314.989990234375,260.010009765625,334.0350036621094,570.625,81.05999755859375,315.0899963378906,260.0400085449219,334.05499267578125,570.8057250976562,81.05999755859375,314.9150085449219,259.7300109863281,333.82000732421875,570.2421875,80.9800033569336,315.0600891113281,259.8949890136719,333.885009765625,570.7000122070312,80.98999786376953,43151.0,77143,25700.0,16513.0,47712.0
2026-08-31 10:51:00-04:00,315.05999755859375,260.1600036621094,333.8800048828125,570.1021728515625,81.12000274658203,315.1600036621094,260.1700134277344,334.04998779296875,570.6699829101562,81.12999725341797,314.94000244140625,259.94000244140625,333.7900085449219,569.989990234375,81.06999969482422,314.9649963378906,260.0299987792969,334.0,570.5449829101562,81.06999969482422,35412.0,41432,41750.0,19255.0,37402.0
2026-08-31 10:52:00-04:00,315.0754089355469,260.3800048828125,333.91900634765625,569.9299926757812,81.10790252685547,315.1650085449219,260.42999267578125,333.94989013671875,570.2899780273438,81.12999725341797,314.9800109863281,260.1400146484375,333.6900939941406,569.9299926757812,81.07499694824219,315.07000732421875,260.17498779296875,333.8900146484375,570.1900024414062,81.12000274658203,42609.0,45174,22200.0,17653.0,38979.0
2026-08-31 10:53:00-04:00,314.7799987792969,260.54998779296875,333.7900085449219,569.6900024414062,81.13500213623047,315.06500244140625,260.5799865722656,333.8800048828125,569.9345092773438,81.1500015258789,314.7799987792969,260.364990234375,333.7099914550781,569.6199951171875,81.08000183105469,315.06500244140625,260.3949890136719,333.8800048828125,569.9000244140625,81.11000061035156,59615.0,80729,23139.0,20762.0,38983.0
2026-08-31 10:54:00-04:00,314.9800109863281,260.625,333.8800048828125,569.639404296875,81.13009643554688,314.989990234375,260.69000244140625,333.8800048828125,569.77001953125,81.16000366210938,314.7650146484375,260.489990234375,333.7799987792969,569.2999877929688,81.08000183105469,314.79998779296875,260.5400085449219,333.7799987792969,569.7698974609375,81.13999938964844,45307.0,76154,26902.0,27074.0,52376.0
2026-08-31 10:55:00-04:00,314.88970947265625,260.56500244140625,334.1549987792969,569.7100219726562,81.16000366210938,314.9649963378906,260.6199951171875,334.17999267578125,569.8099975585938,81.17630004882812,314.7200012207031,260.4200134277344,333.8399963378906,569.489990234375,81.12999725341797,314.9649963378906,260.6199951171875,333.87030029296875,569.6599731445312,81.12999725341797,39178.0,66136,40608.0,19786.0,22216.0
2026-08-31 10:56:00-04:00,315.17498779296875,260.6400146484375,334.32000732421875,570.0999755859375,81.24440002441406,315.2200012207031,260.75,334.3583984375,570.2899780273438,81.25,314.79998779296875,260.54998779296875,334.1499938964844,569.6400146484375,81.15499877929688,314.8800048828125,260.5899963378906,334.1549987792969,569.655029296875,81.16500091552734,48215.0,84269,59473.0,28984.0,77613.0
2026-08-31 10:57:00-04:00,315.385009765625,260.8699035644531,334.3699951171875,570.8900146484375,81.34500122070312,315.4750061035156,260.93499755859375,334.4549865722656,571.0499877929688,81.34989929199219,315.1600036621094,260.6099853515625,334.260009765625,570.1099853515625,81.24009704589844,315.17999267578125,260.6199951171875,334.29278564453125,570.155029296875,81.24009704589844,75208.0,64905,26035.0,27453.0,22611.0
2026-08-31 10:58:00-04:00,315.4700012207031,260.8399963378906,334.2099914550781,571.0750122070312,81.32499694824219,315.6299133300781,260.9100036621094,334.45001220703125,571.260009765625,81.375,315.3900146484375,260.7900085449219,334.17999267578125,570.8099975585938,81.30000305175781,315.4100036621094,260.8599853515625,334.3699951171875,570.9400024414062,81.33999633789062,102928.0,115440,36046.0,38861.0,52570.0
2026-08-31 10:59:00-04:00,315.3800048828125,260.875,334.30499267578125,571.64599609375,81.30000305175781,315.4798889160156,260.96990966796875,334.3695068359375,571.7899780273438,81.37000274658203,315.30999755859375,260.7839050292969,334.19000244140625,571.0,81.23999786376953,315.4700012207031,260.8200988769531,334.2099914550781,571.1500244140625,81.31999969482422,49446.0,36700,30348.0,33401.0,47293.0
2026-08-31 11:00:00-04:00,315.57000732421875,261.0,334.3599853515625,571.35498046875,81.29000091552734,315.6000061035156,261.1499938964844,334.6099853515625,571.97998046875,81.30999755859375,315.360107421875,260.8399963378906,334.2699890136719,571.1657104492188,81.24009704589844,315.3800048828125,260.8999938964844,334.3699951171875,571.7899780273438,81.30999755859375,63738.0,207220,39370.0,111850.0,56131.0
2026-08-31 11:01:00-04:00,315.7500915527344,260.9649963378906,334.3699951171875,571.2000122070312,81.26499938964844,315.7799987792969,261.1000061035156,334.45001220703125,571.6900024414062,81.31999969482422,315.5299987792969,260.8500061035156,334.2250061035156,571.2000122070312,81.26499938964844,315.5799865722656,261.0299987792969,334.3699951171875,571.4849853515625,81.30000305175781,69677.0,63666,21184.0,14104.0,23474.0
2026-08-31 11:02:00-04:00,315.57000732421875,260.8699951171875,334.1400146484375,571.239990234375,81.22000122070312,315.82000732421875,261.1300048828125,334.54620361328125,571.4600219726562,81.28260040283203,315.5199890136719,260.8309020996094,334.0899963378906,570.97998046875,81.20999908447266,315.76019287109375,260.9800109863281,334.375,571.239990234375,81.26020050048828,63443.0,47655,31439.0,12408.0,35176.0
2026-08-31 11:03:00-04:00,315.3800048828125,261.07501220703125,334.3299865722656,571.760009765625,81.2699966430664,315.6199951171875,261.1099853515625,334.35870361328125,571.989990234375,81.30000305175781,315.30999755859375,260.82000732421875,334.0,571.1400146484375,81.22000122070312,315.5899963378906,260.8999938964844,334.1630859375,571.4099731445312,81.22000122070312,37849.0,42245,44319.0,23748.0,19373.0
2026-08-31 11:04:00-04:00,315.23809814453125,261.20001220703125,334.59991455078125,572.2630004882812,81.23999786376953,315.44000244140625,261.2200012207031,334.6199951171875,572.489990234375,81.33000183105469,315.17999267578125,261.0199890136719,334.2001037597656,571.719970703125,81.23999786376953,315.3924865722656,261.07501220703125,334.3399963378906,571.780029296875,81.27200317382812,39781.0,51076,26625.0,30201.0,33346.0
2026-08-31 11:05:00-04:00,315.1000061035156,261.1600036621094,334.80999755859375,572.0599975585938,81.2699966430664,315.32501220703125,261.25,334.8504943847656,572.469970703125,81.2699966430664,315.04998779296875,261.07818603515625,334.54998779296875,571.8499755859375,81.2300033569336,315.2300109863281,261.20001220703125,334.57000732421875,572.4400024414062,81.25,43992.0,60291,39199.0,21692.0,14602.0
2026-08-31 11:06:00-04:00,315.29998779296875,261.4150085449219,335.0199890136719,572.2249755859375,81.30000305175781,315.4549865722656,261.4200134277344,335.0400085449219,572.4299926757812,81.30500030517578,315.0299987792969,261.1499938964844,334.7300109863281,572.030029296875,81.2699966430664,315.1050109863281,261.1600036621094,334.7843017578125,572.0800170898438,81.2699966430664,41720.0,70114,39351.0,20668.0,61155.0
2026-08-31 11:07:00-04:00,315.20001220703125,261.3500061035156,334.7799987792969,571.6300048828125,81.26000213623047,315.3699951171875,261.4700012207031,335.1700134277344,572.3399047851562,81.30000305175781,315.1400146484375,261.29998779296875,334.7200012207031,571.5499877929688,81.25,315.32501220703125,261.4150085449219,335.0199890136719,572.260009765625,81.30000305175781,37684.0,50834,42456.0,20775.0,37881.0
2026-08-31 11:08:00-04:00,315.2300109863281,261.4049987792969,334.8399963378906,571.5999755859375,81.2750015258789,315.2300109863281,261.489990234375,334.8800048828125,571.769775390625,81.30500030517578,315.13751220703125,261.3100891113281,334.70001220703125,571.4400024414062,81.25499725341797,315.2099914550781,261.3100891113281,334.7699890136719,571.7000122070312,81.26499938964844,42367.0,37557,22996.0,19117.0,22708.0
2026-08-31 11:09:00-04:00,315.4549865722656,261.447509765625,334.67999267578125,571.844970703125,81.30000305175781,315.5,261.4649963378906,334.8699035644531,571.9400024414062,81.30950164794922,315.17999267578125,261.32000732421875,334.6679992675781,571.5599975585938,81.2699966430664,315.20001220703125,261.42999267578125,334.79998779296875,571.614990234375,81.2699966430664,47802.0,62237,32428.0,10277.0,37962.0
2026-08-31 11:10:00-04:00,315.5400085449219,261.6099853515625,335.04998779296875,572.6300048828125,81.30999755859375,315.56500244140625,261.6499938964844,335.04998779296875,572.6900024414062,81.33830261230469,315.42498779296875,261.3500061035156,334.6300048828125,571.8450927734375,81.30000305175781,315.45989990234375,261.43499755859375,334.69000244140625,571.8599853515625,81.30999755859375,51956.0,49723,20810.0,22911.0,32692.0
2026-08-31 11:11:00-04:00,315.364990234375,261.57000732421875,335.0409851074219,572.569091796875,81.30000305175781,315.55999755859375,261.6499938964844,335.20989990234375,572.7000122070312,81.34500122070312,315.3599853515625,261.5400085449219,335.0,572.3499755859375,81.30000305175781,315.5498962402344,261.6499938964844,335.13720703125,572.64501953125,81.31999969482422,39426.0,49045,28456.0,20283.0,44995.0
2026-08-31 11:12:00-04:00,315.3299865722656,261.7300109863281,335.1000061035156,572.9199829101562,81.29190063476562,315.4599914550781,261.75,335.1199951171875,573.1599731445312,81.30999755859375,315.260009765625,261.5849914550781,334.9800109863281,572.5700073242188,81.2750015258789,315.3500061035156,261.5899963378906,335.0199890136719,572.5701293945312,81.30500030517578,27052.0,61484,31260.0,39611.0,23061.0
2026-08-31 11:13:00-04:00,315.2699890136719,261.63238525390625,334.9849853515625,572.5900268554688,81.23999786376953,315.4800109863281,261.7809143066406,335.1700134277344,573.1500244140625,81.30999755859375,315.2699890136719,261.5799865722656,334.9700012207031,572.4949951171875,81.23999786376953,315.3450012207031,261.7250061035156,335.0799865722656,572.9349975585938,81.29000091552734,47103.0,56631,28144.0,31807.0,24391.0
2026-08-31 11:14:00-04:00,315.31500244140625,261.67498779296875,335.04998779296875,572.3699951171875,81.25309753417969,315.32000732421875,261.7200012207031,335.05999755859375,572.6798095703125,81.26000213623047,315.1050109863281,261.5733947753906,334.8999938964844,572.3400268554688,81.2300033569336,315.2799987792969,261.6400146484375,335.0498962402344,572.5001220703125,81.23500061035156,43165.0,29288,28222.0,17067.0,12374.0
2026-08-31 11:15:00-04:00,315.3399963378906,261.5950012207031,335.30999755859375,572.8200073242188,81.28980255126953,315.4100036621094,261.80999755859375,335.3399963378906,572.8200073242188,81.28980255126953,315.31298828125,261.5299987792969,335.0199890136719,572.39501953125,81.2500991821289,315.3299865722656,261.67498779296875,335.02099609375,572.4299926757812,81.25499725341797,26889.0,73345,37866.0,29305.0,21296.0
2026-08-31 11:16:00-04:00,315.1650085449219,261.32000732421875,335.1274108886719,572.52001953125,81.31500244140625,315.3399963378906,261.6199035644531,335.3299865722656,572.8099975585938,81.31500244140625,315.1050109863281,261.2699890136719,335.1200866699219,572.4000244140625,81.28500366210938,315.32000732421875,261.6199035644531,335.30999755859375,572.8099975585938,81.28500366210938,37183.0,80900,24753.0,24330.0,41974.0
2026-08-31 11:17:00-04:00,315.07000732421875,261.40008544921875,334.9949951171875,572.2999877929688,81.31510162353516,315.25,261.4200134277344,335.1600036621094,572.4600219726562,81.31510162353516,315.04998779296875,261.239990234375,334.9100036621094,572.1300048828125,81.27999877929688,315.1499938964844,261.3399963378906,335.1449890136719,572.4500122070312,81.31500244140625,39500.0,53879,24273.0,15684.0,31396.0
2026-08-31 11:18:00-04:00,315.07000732421875,261.4599914550781,335.0050048828125,572.2949829101562,81.33509826660156,315.1199951171875,261.5,335.07000732421875,572.5,81.33999633789062,314.9200134277344,261.2309875488281,334.9200134277344,572.1099853515625,81.30000305175781,315.0600891113281,261.3999938964844,334.989990234375,572.3049926757812,81.31999969482422,71526.0,38707,16644.0,11184.0,25943.0
2026-08-31 11:19:00-04:00,315.17999267578125,261.5450134277344,335.0199890136719,572.3134765625,81.36499786376953,315.19000244140625,261.57000732421875,335.1000061035156,572.510009765625,81.375,315.0249938964844,261.4200134277344,334.94000244140625,572.1699829101562,81.30000305175781,315.0794982910156,261.47808837890625,335.0199890136719,572.3699951171875,81.33999633789062,38751.0,33679,28102.0,13714.0,26964.0
2026-08-31 11:20:00-04:00,315.07501220703125,261.3699951171875,334.9750061035156,572.3699951171875,81.37000274658203,315.25,261.5450134277344,335.0899963378906,572.4000244140625,81.39800262451172,314.95001220703125,261.3315124511719,334.90008544921875,572.0,81.36000061035156,315.19000244140625,261.53240966796875,335.0299987792969,572.2750244140625,81.37629699707031,33778.0,28662,43596.0,21530.0,36140.0
2026-08-31 11:21:00-04:00,315.2099914550781,261.4100036621094,335.1700134277344,572.6950073242188,81.37000274658203,315.2200012207031,261.489990234375,335.239990234375,572.8400268554688,81.4000015258789,315.05999755859375,261.2900085449219,334.92999267578125,572.1500244140625,81.36000061035156,315.0799865722656,261.3299865722656,334.94500732421875,572.2650146484375,81.37000274658203,21279.0,120007,21668.0,13554.0,47004.0
2026-08-31 11:22:00-04:00,315.3999938964844,261.3450012207031,335.1449890136719,572.71240234375,81.3550033569336,315.42999267578125,261.4200134277344,335.2149963378906,572.7999877929688,81.36499786376953,315.2099914550781,261.3299865722656,335.0199890136719,572.610107421875,81.34500122070312,315.2099914550781,261.375,335.2110900878906,572.7000122070312,81.36499786376953,42387.0,52386,16333.0,13298.0,19495.0
2026-08-31 11:23:00-04:00,315.3056945800781,261.42999267578125,335.19989013671875,572.5900268554688,81.3949966430664,315.44000244140625,261.4549865722656,335.239990234375,572.780029296875,81.4000015258789,315.2699890136719,261.2749938964844,335.0249938964844,572.5,81.35189819335938,315.40948486328125,261.3399963378906,335.1199951171875,572.780029296875,81.35189819335938,58218.0,27889,13468.0,9587.0,26660.0
2026-08-31 11:24:00-04:00,315.06500244140625,261.6799011230469,335.3299865722656,572.6801147460938,81.48999786376953,315.364990234375,261.6799011230469,335.3699951171875,572.75,81.51000213623047,314.9200134277344,261.3349914550781,335.1400146484375,572.3699951171875,81.38999938964844,315.2799987792969,261.4523010253906,335.17498779296875,572.614990234375,81.4000015258789,153964.0,36125,17674.0,10071.0,52171.0
2026-08-31 11:25:00-04:00,315.0199890136719,261.6199951171875,335.239990234375,572.4949951171875,81.5,315.20001220703125,261.7300109863281,335.3699951171875,572.739990234375,81.5,314.989990234375,261.6000061035156,335.1449890136719,572.4299926757812,81.44999694824219,315.04998779296875,261.67999267578125,335.3299865722656,572.739990234375,81.48999786376953,30577.0,31951,39576.0,6478.0,33838.0
2026-08-31 11:26:00-04:00,315.0350036621094,261.6199951171875,335.2687072753906,572.2100219726562,81.54000091552734,315.1199951171875,261.67999267578125,335.2799987792969,572.5999755859375,81.54000091552734,314.9800109863281,261.5683898925781,335.1300048828125,572.030029296875,81.4749984741211,314.989990234375,261.6400146484375,335.2398986816406,572.5399780273438,81.5,92736.0,28731,24624.0,11061.0,44746.0
2026-08-31 11:27:00-04:00,314.9599914550781,261.6499938964844,335.1199951171875,571.9199829101562,81.61000061035156,315.0799865722656,261.6799011230469,335.2449951171875,572.2000122070312,81.61000061035156,314.8999938964844,261.5299987792969,335.0799865722656,571.7899780273438,81.51010131835938,315.0299987792969,261.55010986328125,335.2449951171875,572.1900024414062,81.54000091552734,33435.0,32847,10713.0,13890.0,38882.0
2026-08-31 11:28:00-04:00,315.0799865722656,261.5400085449219,334.9750061035156,571.7449951171875,81.5999984741211,315.1499938964844,261.70001220703125,335.20001220703125,572.0499877929688,81.61990356445312,314.9599914550781,261.5199890136719,334.9700012207031,571.6799926757812,81.56500244140625,314.9599914550781,261.6600036621094,335.1300048828125,571.9600219726562,81.61000061035156,40055.0,31762,32155.0,18785.0,44480.0
2026-08-31 11:29:00-04:00,315.06988525390625,261.5683898925781,334.94000244140625,571.6500244140625,81.58999633789062,315.1499938964844,261.6400146484375,335.0,571.8198852539062,81.6449966430664,314.989990234375,261.5,334.8299865722656,571.5,81.58000183105469,315.0799865722656,261.5249938964844,334.9700012207031,571.7982788085938,81.5999984741211,93052.0,27337,26348.0,11484.0,40028.0
2026-08-31 11:30:00-04:00,314.92401123046875,261.239990234375,334.4700012207031,571.0250244140625,81.43000030517578,315.0849914550781,261.5799865722656,334.9599914550781,571.6699829101562,81.59500122070312,314.8299865722656,261.239990234375,334.4513854980469,570.9813842773438,81.43000030517578,315.0400085449219,261.54998779296875,334.9599914550781,571.5999755859375,81.59500122070312,84370.0,63620,152974.0,27992.0,255586.0
2026-08-31 11:31:00-04:00,314.8399963378906,260.95001220703125,334.4100036621094,571.0150146484375,81.44000244140625,314.95001220703125,261.2898864746094,334.5199890136719,571.219970703125,81.46499633789062,314.760009765625,260.8299865722656,334.2699890136719,570.5999755859375,81.41999816894531,314.92999267578125,261.260009765625,334.5065002441406,571.1599731445312,81.44000244140625,51533.0,99021,35118.0,20709.0,45504.0
2026-08-31 11:32:00-04:00,314.8599853515625,260.9700012207031,334.3900146484375,570.8499755859375,81.5250015258789,315.0799865722656,261.04339599609375,334.5,571.239501953125,81.53500366210938,314.8399963378906,260.8999938964844,334.385009765625,570.8499755859375,81.44000244140625,314.8399963378906,260.9700012207031,334.385009765625,571.02001953125,81.44499969482422,33657.0,31952,22548.0,11726.0,29079.0
2026-08-31 11:33:00-04:00,314.7799987792969,260.92999267578125,334.4537048339844,571.0,81.52999877929688,314.92999267578125,261.04998779296875,334.5799865722656,571.3298950195312,81.56999969482422,314.760009765625,260.9200134277344,334.3999938964844,570.8900146484375,81.5199966430664,314.8599853515625,260.94000244140625,334.3999938964844,570.9000244140625,81.54000091552734,33622.0,38069,30213.0,13747.0,29533.0
2026-08-31 11:34:00-04:00,315.1000061035156,260.989990234375,334.4849853515625,571.2711181640625,81.4800033569336,315.19000244140625,261.0299987792969,334.5050048828125,571.2899780273438,81.53500366210938,314.7850036621094,260.8500061035156,334.2950134277344,570.8699951171875,81.4800033569336,314.7850036621094,260.92999267578125,334.3699951171875,571.02001953125,81.52999877929688,51386.0,36108,24921.0,13843.0,21549.0
2026-08-31 11:35:00-04:00,315.04998779296875,261.0199890136719,334.7699890136719,571.3599853515625,81.5,315.2250061035156,261.159912109375,334.79998779296875,571.4600219726562,81.5199966430664,315.0,260.989990234375,334.4700927734375,571.1290283203125,81.45999908447266,315.0849914550781,260.989990234375,334.5,571.1290283203125,81.48999786376953,42298.0,28102,23383.0,12172.0,28883.0
2026-08-31 11:36:00-04:00,314.92498779296875,261.1098937988281,334.7300109863281,571.5499877929688,81.48999786376953,315.0199890136719,261.1199951171875,334.8399963378906,571.635009765625,81.51000213623047,314.85009765625,260.95001220703125,334.69000244140625,571.2401123046875,81.4801025390625,315.0,261.04998779296875,334.7300109863281,571.375,81.5,30660.0,20006,19187.0,14582.0,17028.0
2026-08-31 11:37:00-04:00,314.9150085449219,261.090087890625,334.6900939941406,571.614990234375,81.47000122070312,314.95001220703125,261.20001220703125,334.8299865722656,571.7000122070312,81.49040222167969,314.7699890136719,261.090087890625,334.69000244140625,571.5,81.44999694824219,314.9200134277344,261.1099853515625,334.739990234375,571.5499877929688,81.48040008544922,24178.0,25351,16042.0,10298.0,40622.0
2026-08-31 11:38:00-04:00,314.7900085449219,261.0899963378906,334.760009765625,571.5701293945312,81.45500183105469,314.95001220703125,261.17999267578125,334.79998779296875,571.739990234375,81.47000122070312,314.7099914550781,261.0299987792969,334.6700134277344,571.4500122070312,81.44000244140625,314.92498779296875,261.1199951171875,334.715087890625,571.64501953125,81.47000122070312,46914.0,30851,20926.0,18838.0,20735.0
2026-08-31 11:39:00-04:00,314.7300109863281,261.07501220703125,334.82000732421875,571.280029296875,81.41999816894531,314.79998779296875,261.1600036621094,334.8399963378906,571.6599731445312,81.47000122070312,314.6700134277344,260.9849853515625,334.7120056152344,571.0388793945312,81.41280364990234,314.7950134277344,261.1050109863281,334.760009765625,571.6599731445312,81.45999908447266,27456.0,22938,15275.0,15643.0,23532.0
2026-08-31 11:40:00-04:00,314.7349853515625,261.18951416015625,334.8783874511719,571.3099975585938,81.40499877929688,314.776611328125,261.2200012207031,334.8900146484375,571.4000244140625,81.43000030517578,314.6700134277344,261.1000061035156,334.7699890136719,571.206298828125,81.40499877929688,314.7250061035156,261.1099853515625,334.81878662109375,571.4000244140625,81.43000030517578,39458.0,19653,15334.0,4978.0,14775.0
2026-08-31 11:41:00-04:00,314.7900085449219,261.1650085449219,335.0002136230469,571.6500244140625,81.4000015258789,314.80999755859375,261.17999267578125,335.04998779296875,571.6500244140625,81.41000366210938,314.6610107421875,261.1099853515625,334.82000732421875,571.2100830078125,81.38030242919922,314.7349853515625,261.17999267578125,334.8800048828125,571.3099975585938,81.41000366210938,28991.0,25914,25072.0,12107.0,23477.0
2026-08-31 11:42:00-04:00,314.8299865722656,261.1000061035156,335.05999755859375,571.9400024414062,81.40010070800781,314.8699951171875,261.1499938964844,335.0899963378906,571.9600219726562,81.40809631347656,314.6099853515625,261.0,334.8999938964844,571.494384765625,81.37999725341797,314.7799987792969,261.1499938964844,334.989990234375,571.6599731445312,81.4000015258789,31829.0,23724,23901.0,13222.0,16784.0
2026-08-31 11:43:00-04:00,314.760009765625,261.0400085449219,334.97198486328125,571.719970703125,81.45999908447266,314.885009765625,261.19000244140625,335.1600036621094,572.0,81.4800033569336,314.7200012207031,261.0199890136719,334.94000244140625,571.6041259765625,81.40499877929688,314.8299865722656,261.1300048828125,335.07000732421875,571.989990234375,81.40499877929688,22804.0,17345,22476.0,10326.0,22199.0
2026-08-31 11:44:00-04:00,314.91900634765625,261.07000732421875,334.92999267578125,571.8499755859375,81.5250015258789,314.91900634765625,261.07501220703125,335.010009765625,571.8499755859375,81.5250015258789,314.739990234375,260.9649963378906,334.79998779296875,571.5999755859375,81.46499633789062,314.7550048828125,261.04998779296875,334.944091796875,571.6900024414062,81.46499633789062,23980.0,18638,16393.0,7829.0,22408.0
2026-08-31 11:45:00-04:00,314.7099914550781,261.07501220703125,334.8500061035156,571.7249755859375,81.5250015258789,314.92999267578125,261.1788024902344,334.9898986816406,572.1099853515625,81.55000305175781,314.68011474609375,261.0400085449219,334.8399963378906,571.7100219726562,81.5199966430664,314.9150085449219,261.1000061035156,334.92999267578125,571.9199829101562,81.52999877929688,37808.0,25433,18632.0,10101.0,21282.0
2026-08-31 11:46:00-04:00,314.8349914550781,261.125,334.95001220703125,571.9249877929688,81.48999786376953,314.8399963378906,261.1405029296875,335.0299987792969,571.9351196289062,81.52999877929688,314.69000244140625,261.04998779296875,334.82000732421875,571.7000122070312,81.47010040283203,314.7200012207031,261.0899963378906,334.8500061035156,571.7249755859375,81.5250015258789,18376.0,16328,23850.0,5714.0,14540.0
2026-08-31 11:47:00-04:00,314.7699890136719,260.875,334.75,571.9000244140625,81.4749984741211,314.92999267578125,261.1300048828125,334.9800109863281,572.0499877929688,81.51000213623047,314.7699890136719,260.8699951171875,334.7200012207031,571.85498046875,81.47010040283203,314.8399963378906,261.1300048828125,334.9599914550781,571.9249877929688,81.5,32655.0,26460,43043.0,4139.0,17145.0
2026-08-31 11:48:00-04:00,314.7699890136719,260.9150085449219,334.84698486328125,571.6599731445312,81.48999786376953,314.82000732421875,260.95001220703125,334.8778076171875,571.7899780273438,81.48999786376953,314.7101135253906,260.860107421875,334.7300109863281,571.5,81.47000122070312,314.739990234375,260.860107421875,334.760009765625,571.7899780273438,81.4800033569336,24338.0,20864,26290.0,13308.0,11030.0
2026-08-31 11:49:00-04:00,314.9150085449219,260.92498779296875,334.7650146484375,571.5700073242188,81.49500274658203,314.9200134277344,261.0050048828125,334.8999938964844,571.739990234375,81.50499725341797,314.760009765625,260.8599853515625,334.7550048828125,571.4000244140625,81.48999786376953,314.760009765625,260.8800964355469,334.8550109863281,571.72998046875,81.49500274658203,21367.0,26435,15011.0,7255.0,10676.0
2026-08-31 11:50:00-04:00,314.92999267578125,261.0199890136719,335.0050048828125,571.77001953125,81.55000305175781,314.989990234375,261.0586853027344,335.0299987792969,571.8400268554688,81.55000305175781,314.8500061035156,260.94000244140625,334.7900085449219,571.5900268554688,81.50499725341797,314.9200134277344,260.94000244140625,334.7900085449219,571.6300048828125,81.50499725341797,44872.0,44398,18356.0,10234.0,24271.0
2026-08-31 11:51:00-04:00,314.9649963378906,261.2099914550781,335.0580139160156,572.0750122070312,81.56500244140625,314.9800109863281,261.2900085449219,335.1499938964844,572.2050170898438,81.56500244140625,314.8299865722656,261.010009765625,335.0010986328125,571.6959228515625,81.54000091552734,314.92999267578125,261.0205078125,335.0010986328125,571.8099975585938,81.55000305175781,26482.0,37057,24395.0,14996.0,17877.0
2026-08-31 11:52:00-04:00,314.9949951171875,261.2349853515625,335.0799865722656,572.0650024414062,81.57499694824219,315.0249938964844,261.239990234375,335.1099853515625,572.1500244140625,81.58000183105469,314.8999938964844,261.17999267578125,335.010009765625,571.885009765625,81.55500030517578,314.9700012207031,261.17999267578125,335.04998779296875,571.9299926757812,81.56500244140625,32243.0,29057,15086.0,7533.0,18550.0
2026-08-31 11:53:00-04:00,315.0199890136719,261.32000732421875,335.08990478515625,572.0,81.6050033569336,315.1499938964844,261.4399108886719,335.1700134277344,572.2899780273438,81.60600280761719,314.9649963378906,261.19000244140625,334.989990234375,571.9000244140625,81.56999969482422,315.0,261.2200012207031,335.0400085449219,572.0650024414062,81.56999969482422,44109.0,40276,22155.0,12435.0,24301.0
2026-08-31 11:54:00-04:00,314.92999267578125,261.43499755859375,335.04010009765625,571.97998046875,81.5999984741211,315.0,261.4599914550781,335.125,572.260009765625,81.61499786376953,314.8599853515625,261.31500244140625,335.0130920410156,571.9299926757812,81.58999633789062,315.0,261.31500244140625,335.0799865722656,572.1599731445312,81.6050033569336,36695.0,39330,16303.0,10730.0,13190.0
2026-08-31 11:55:00-04:00,314.79998779296875,261.3399963378906,335.010009765625,571.6600952148438,81.55500030517578,315.010009765625,261.5,335.1499938964844,572.0,81.625,314.7799987792969,261.2950134277344,334.94000244140625,571.5599975585938,81.55000305175781,314.92999267578125,261.43499755859375,335.1000061035156,571.9099731445312,81.6050033569336,34596.0,62960,24543.0,16971.0,35720.0
2026-08-31 11:56:00-04:00,314.739990234375,261.0701904296875,334.75,571.3729858398438,81.54000091552734,314.885009765625,261.3800048828125,335.05999755859375,571.760009765625,81.56500244140625,314.7300109863281,261.0701904296875,334.75,571.3599853515625,81.54000091552734,314.80499267578125,261.3500061035156,335.0,571.75,81.55400085449219,28046.0,32159,20009.0,7900.0,12230.0
2026-08-31 11:57:00-04:00,314.67999267578125,261.1300048828125,334.8550109863281,571.3200073242188,81.48999786376953,314.7799987792969,261.20001220703125,334.8800048828125,571.5399780273438,81.54000091552734,314.6700134277344,261.0,334.7300109863281,571.14501953125,81.48069763183594,314.75,261.1050109863281,334.760009765625,571.489990234375,81.54000091552734,34770.0,35290,14398.0,8334.0,21504.0
2026-08-31 11:58:00-04:00,314.7799987792969,260.9949951171875,334.6499938964844,571.4052124023438,81.51499938964844,314.7799987792969,261.1499938964844,334.8800048828125,571.469970703125,81.52999877929688,314.6199951171875,260.9674987792969,334.54998779296875,571.27001953125,81.4749984741211,314.69000244140625,261.1300048828125,334.8699951171875,571.4199829101562,81.48500061035156,27030.0,33936,34008.0,9681.0,19276.0
2026-08-31 11:59:00-04:00,314.6600036621094,260.9100036621094,334.5249938964844,571.0850219726562,81.5,314.7998046875,261.0350036621094,334.7200012207031,571.344970703125,81.5199966430664,314.5899963378906,260.8699951171875,334.4800109863281,571.0775146484375,81.48999786376953,314.7850036621094,261.0065002441406,334.6528015136719,571.3400268554688,81.51499938964844,58473.0,27536,24703.0,9667.0,12349.0
2026-08-31 12:00:00-04:00,314.6099853515625,260.8999938964844,334.45001220703125,570.77001953125,81.4749984741211,314.7099914550781,260.94000244140625,334.54998779296875,571.0850219726562,81.49500274658203,314.55999755859375,260.7900085449219,334.29998779296875,570.7600708007812,81.44999694824219,314.6650085449219,260.92498779296875,334.5350036621094,571.0850219726562,81.49500274658203,29098.0,64383,17039.0,14476.0,21463.0
2026-08-31 12:01:00-04:00,314.6199951171875,260.94500732421875,334.5050048828125,570.7949829101562,81.46499633789062,314.6600036621094,260.9599914550781,334.510009765625,570.8599853515625,81.4800033569336,314.510009765625,260.82501220703125,334.331298828125,570.5499877929688,81.46499633789062,314.614990234375,260.8599853515625,334.3999938964844,570.7349853515625,81.47000122070312,75340.0,42889,14523.0,17960.0,16776.0
2026-08-31 12:02:00-04:00,314.54998779296875,260.8699951171875,334.4100036621094,570.6599731445312,81.44499969482422,314.6300048828125,260.94500732421875,334.5299987792969,570.8499755859375,81.47000122070312,314.5,260.8299865722656,334.3699951171875,570.6270141601562,81.43009948730469,314.6099853515625,260.94500732421875,334.5199890136719,570.75,81.46009826660156,33772.0,35099,12222.0,10639.0,15813.0
2026-08-31 12:03:00-04:00,314.55999755859375,260.81500244140625,334.3898010253906,570.6799926757812,81.46499633789062,314.614990234375,260.8800048828125,334.510009765625,570.719970703125,81.46499633789062,314.5249938964844,260.789306640625,334.3699951171875,570.5557250976562,81.44000244140625,314.5400085449219,260.8599853515625,334.375,570.719970703125,81.44999694824219,23289.0,55161,10927.0,9664.0,12221.0
2026-08-31 12:04:00-04:00,314.3699951171875,260.80999755859375,334.30499267578125,570.6699829101562,81.48999786376953,314.54998779296875,260.92999267578125,334.4200134277344,570.760009765625,81.48999786376953,314.3599853515625,260.7200012207031,334.29998779296875,570.5408935546875,81.46499633789062,314.54998779296875,260.8299865722656,334.3900146484375,570.6799926757812,81.46499633789062,80556.0,51926,15676.0,10610.0,28378.0
2026-08-31 12:05:00-04:00,314.135009765625,260.67010498046875,334.2799987792969,570.2999877929688,81.46499633789062,314.3900146484375,260.81500244140625,334.3500061035156,570.6799926757812,81.51000213623047,314.0799865722656,260.6499938964844,334.25640869140625,570.2999877929688,81.45500183105469,314.3900146484375,260.80999755859375,334.2900085449219,570.5900268554688,81.49500274658203,77651.0,31539,25755.0,13688.0,20116.0
2026-08-31 12:06:00-04:00,314.1400146484375,260.95001220703125,334.3900146484375,570.75,81.48500061035156,314.1953125,260.9750061035156,334.3900146484375,570.75,81.48500061035156,314.04998779296875,260.67498779296875,334.2699890136719,570.2999877929688,81.45500183105469,314.135009765625,260.70989990234375,334.2749938964844,570.4099731445312,81.45999908447266,48670.0,28091,18877.0,13312.0,11543.0
2026-08-31 12:07:00-04:00,314.07000732421875,260.9649963378906,334.6159973144531,570.8099975585938,81.48999786376953,314.2200012207031,261.0,334.6199951171875,570.9498901367188,81.48999786376953,314.0299987792969,260.92010498046875,334.3630065917969,570.6599731445312,81.4800033569336,314.1600036621094,260.94500732421875,334.3699951171875,570.780029296875,81.4800033569336,37806.0,19097,14841.0,12205.0,7865.0
2026-08-31 12:08:00-04:00,314.04180908203125,261.0249938964844,334.5249938964844,570.77001953125,81.5250015258789,314.1300048828125,261.06988525390625,334.6400146484375,570.8699951171875,81.52799987792969,313.95001220703125,260.9049987792969,334.50048828125,570.6900024414062,81.49500274658203,314.06390380859375,260.95001220703125,334.6099853515625,570.8099975585938,81.49500274658203,88175.0,27741,14705.0,6226.0,15239.0
2026-08-31 12:09:00-04:00,314.010009765625,261.0777893066406,334.54998779296875,570.9650268554688,81.5199966430664,314.1099853515625,261.0777893066406,334.55999755859375,571.0156860351562,81.54000091552734,314.0,260.9649963378906,334.4549865722656,570.6600952148438,81.50499725341797,314.04998779296875,261.0050048828125,334.5249938964844,570.8300170898438,81.5281982421875,35871.0,25095,11889.0,10878.0,18988.0
2026-08-31 12:10:00-04:00,314.0400085449219,261.1866149902344,334.71990966796875,571.1599731445312,81.54989624023438,314.1300048828125,261.19500732421875,334.7200012207031,571.1663818359375,81.54989624023438,313.94000244140625,261.010009765625,334.489990234375,570.8099975585938,81.5250015258789,314.01239013671875,261.0400085449219,334.5398864746094,570.9650268554688,81.5250015258789,44347.0,37319,14234.0,15963.0,12993.0
2026-08-31 12:11:00-04:00,314.1720886230469,261.2200012207031,334.8377990722656,571.4400024414062,81.59500122070312,314.19000244140625,261.25,334.8500061035156,571.489990234375,81.59500122070312,313.9501037597656,261.125,334.6619873046875,571.030029296875,81.53500366210938,314.0400085449219,261.1776123046875,334.70831298828125,571.094970703125,81.54499816894531,38302.0,24577,14351.0,16037.0,12138.0
2026-08-31 12:12:00-04:00,314.1499938964844,261.2099914550781,334.840087890625,571.0750122070312,81.61000061035156,314.2900085449219,261.25,334.8800048828125,571.364990234375,81.61969757080078,314.1109924316406,261.1600036621094,334.7799987792969,571.0,81.57499694824219,314.1897888183594,261.2250061035156,334.7799987792969,571.364990234375,81.5999984741211,55037.0,29576,20267.0,11958.0,24136.0
2026-08-31 12:13:00-04:00,314.17999267578125,261.1600036621094,334.885009765625,571.4099731445312,81.65299987792969,314.2300109863281,261.239990234375,334.94000244140625,571.4099731445312,81.65499877929688,314.1199951171875,261.1549987792969,334.8399963378906,571.0700073242188,81.6050033569336,314.1300048828125,261.2099914550781,334.864990234375,571.0700073242188,81.61499786376953,30211.0,15326,14046.0,7342.0,27834.0
2026-08-31 12:14:00-04:00,314.4599914550781,261.25,334.9844970703125,571.4000244140625,81.70999908447266,314.489990234375,261.2633056640625,335.010009765625,571.52001953125,81.72000122070312,314.1499938964844,261.0899963378906,334.78729248046875,571.2005004882812,81.6500015258789,314.17498779296875,261.1650085449219,334.8699951171875,571.364990234375,81.6500015258789,36797.0,32689,23823.0,11087.0,33023.0
2026-08-31 12:15:00-04:00,314.45001220703125,261.31500244140625,334.864990234375,571.4199829101562,81.66000366210938,314.510009765625,261.3399963378906,334.989990234375,571.635009765625,81.71640014648438,314.41009521484375,261.17999267578125,334.82501220703125,571.3599853515625,81.66000366210938,314.4700012207031,261.2650146484375,334.9649963378906,571.5,81.70999908447266,40761.0,37083,13642.0,16578.0,28388.0
2026-08-31 12:16:00-04:00,314.260009765625,261.2080078125,334.7699890136719,571.260009765625,81.6449966430664,314.4700012207031,261.32000732421875,334.8900146484375,571.4600219726562,81.65010070800781,314.260009765625,261.17999267578125,334.75,571.2349853515625,81.625,314.45001220703125,261.32000732421875,334.8900146484375,571.4199829101562,81.65010070800781,47438.0,18559,17905.0,8855.0,23824.0
2026-08-31 12:17:00-04:00,314.1050109863281,261.0,334.5899963378906,571.1849975585938,81.62000274658203,314.2850036621094,261.19000244140625,334.7900085449219,571.4130859375,81.6449966430664,314.04998779296875,261.0,334.5199890136719,571.1400146484375,81.61499786376953,314.2850036621094,261.19000244140625,334.75,571.3300170898438,81.6449966430664,40227.0,27543,26263.0,15697.0,14588.0
2026-08-31 12:18:00-04:00,314.07000732421875,261.0199890136719,334.5295104980469,571.02001953125,81.57499694824219,314.17999267578125,261.0899963378906,334.6199951171875,571.1799926757812,81.61499786376953,314.0,260.9624938964844,334.5,570.9749755859375,81.56189727783203,314.1000061035156,261.0,334.57000732421875,571.1799926757812,81.61000061035156,57122.0,26535,14494.0,9042.0,14843.0
2026-08-31 12:19:00-04:00,314.25,261.07989501953125,334.5899963378906,571.3900146484375,81.6050033569336,314.2900085449219,261.07989501953125,334.6199951171875,571.3900146484375,81.61000061035156,314.010009765625,260.94000244140625,334.4599914550781,570.8800048828125,81.56500244140625,314.0849914550781,261.0400085449219,334.510009765625,570.9401245117188,81.57499694824219,51612.0,26623,16656.0,11652.0,15987.0
2026-08-31 12:20:00-04:00,314.2349853515625,261.0799865722656,334.6610107421875,571.489990234375,81.56500244140625,314.31500244140625,261.1000061035156,334.6794128417969,571.489990234375,81.6050033569336,314.2099914550781,261.010009765625,334.5899963378906,571.0999755859375,81.56500244140625,314.2401123046875,261.04998779296875,334.5899963378906,571.3800048828125,81.6050033569336,27006.0,31148,17654.0,13092.0,16434.0
2026-08-31 12:21:00-04:00,314.2049865722656,261.06500244140625,334.68499755859375,571.3900146484375,81.54499816894531,314.2699890136719,261.0799865722656,334.7200012207031,571.5369873046875,81.56500244140625,314.1600036621094,261.0,334.5899963378906,571.3095703125,81.54499816894531,314.2349853515625,261.07000732421875,334.6549987792969,571.52001953125,81.56500244140625,38626.0,13178,11882.0,10884.0,12525.0
2026-08-31 12:22:00-04:00,314.2701110839844,260.8599853515625,334.489990234375,571.0850219726562,81.53500366210938,314.2950134277344,261.0199890136719,334.6600036621094,571.3900146484375,81.55999755859375,314.1000061035156,260.80999755859375,334.3689880371094,570.77001953125,81.51000213623047,314.18011474609375,261.0150146484375,334.6600036621094,571.3250122070312,81.54499816894531,47216.0,29990,25339.0,9846.0,26079.0
2026-08-31 12:23:00-04:00,314.20001220703125,260.89801025390625,334.3500061035156,570.8300170898438,81.51000213623047,314.29998779296875,260.9330139160156,334.5199890136719,571.0900268554688,81.52999877929688,314.1600036621094,260.8500061035156,334.3500061035156,570.780029296875,81.51000213623047,314.2799987792969,260.875,334.48028564453125,571.0850219726562,81.52999877929688,29320.0,19375,19228.0,12018.0,14026.0
2026-08-31 12:24:00-04:00,314.30999755859375,260.9849853515625,334.44000244140625,570.8099975585938,81.53500366210938,314.3299865722656,261.0299987792969,334.4939880371094,570.97998046875,81.55000305175781,314.1925964355469,260.875,334.3349914550781,570.72998046875,81.50029754638672,314.1925964355469,260.9100036621094,334.3349914550781,570.8400268554688,81.51000213623047,39445.0,47716,11430.0,7884.0,21551.0
2026-08-31 12:25:00-04:00,314.260009765625,261.0351867675781,334.4100036621094,570.85498046875,81.54499816894531,314.3580017089844,261.0400085449219,334.4549865722656,570.9099731445312,81.55500030517578,314.2513122558594,260.9800109863281,334.3500061035156,570.739990234375,81.53500366210938,314.32000732421875,260.989990234375,334.43499755859375,570.8699951171875,81.55000305175781,25164.0,30683,9181.0,7333.0,14039.0
2026-08-31 12:26:00-04:00,314.5150146484375,261.1000061035156,334.6000061035156,570.9199829101562,81.49230194091797,314.5150146484375,261.1000061035156,334.6000061035156,570.9199829101562,81.54000091552734,314.2749938964844,260.9800109863281,334.3771057128906,570.7000122070312,81.49230194091797,314.2998962402344,261.0,334.3900146484375,570.8350219726562,81.54000091552734,37241.0,25478,22746.0,20579.0,16793.0
2026-08-31 12:27:00-04:00,314.8299865722656,261.0299987792969,334.5899963378906,570.8599853515625,81.49500274658203,314.8399963378906,261.1171875,334.6099853515625,570.9000244140625,81.4988021850586,314.510009765625,260.9909973144531,334.5000915527344,570.7501220703125,81.4749984741211,314.5199890136719,261.1000061035156,334.56500244140625,570.9000244140625,81.4988021850586,73215.0,24992,11539.0,12257.0,15123.0
2026-08-31 12:28:00-04:00,314.6400146484375,261.010009765625,334.6499938964844,571.0499877929688,81.48999786376953,314.8699951171875,261.07000732421875,334.7300109863281,571.0900268554688,81.51000213623047,314.6099853515625,260.989990234375,334.57000732421875,570.85498046875,81.4800033569336,314.8359069824219,261.0249938964844,334.5950012207031,570.85498046875,81.49019622802734,43510.0,16493,8956.0,10730.0,18847.0
2026-08-31 12:29:00-04:00,314.6700134277344,260.95001220703125,334.70001220703125,570.75,81.48500061035156,314.7300109863281,261.0450134277344,334.8299865722656,571.0900268554688,81.51499938964844,314.6099853515625,260.8800048828125,334.6499938964844,570.75,81.4800033569336,314.6400146484375,261.0201110839844,334.6549987792969,571.0449829101562,81.48999786376953,29346.0,17510,14262.0,9861.0,20481.0
2026-08-31 12:30:00-04:00,314.32501220703125,260.8299865722656,334.42999267578125,570.7800903320312,81.51499938964844,316.0,261.00799560546875,334.75,570.8099975585938,81.5199966430664,312.79998779296875,260.8299865722656,334.4200134277344,570.510009765625,81.47000122070312,314.6000061035156,260.94500732421875,334.7200012207031,570.7730102539062,81.48500061035156,1194779.0,45595,21902.0,14051.0,23639.0
2026-08-31 12:31:00-04:00,314.04010009765625,260.8500061035156,334.44500732421875,570.6799926757812,81.54000091552734,314.4100036621094,260.9096984863281,334.45001220703125,570.8859252929688,81.54000091552734,314.0199890136719,260.7950134277344,334.3299865722656,570.6599731445312,81.51000213623047,314.3500061035156,260.82000732421875,334.4150085449219,570.760009765625,81.51499938964844,124405.0,37919,11660.0,7642.0,16587.0
2026-08-31 12:32:00-04:00,314.0852966308594,260.8349914550781,334.2500915527344,570.7100219726562,81.5250015258789,314.2392883300781,260.8747863769531,334.489990234375,570.8800048828125,81.54000091552734,313.8900146484375,260.7699890136719,334.2301025390625,570.530029296875,81.51499938964844,314.06500244140625,260.8450012207031,334.4849853515625,570.8099975585938,81.54000091552734,80073.0,37752,18742.0,10755.0,17821.0
2026-08-31 12:33:00-04:00,314.125,260.82501220703125,334.3240051269531,570.7550048828125,81.54499816894531,314.2699890136719,260.8599853515625,334.3800048828125,570.97998046875,81.55000305175781,314.07501220703125,260.7101135253906,334.2699890136719,570.6901245117188,81.5250015258789,314.07501220703125,260.8599853515625,334.2749938964844,570.719970703125,81.5250015258789,34200.0,26985,9486.0,16051.0,17520.0
2026-08-31 12:34:00-04:00,314.06500244140625,260.885009765625,334.3500061035156,570.7249755859375,81.56500244140625,314.2493896484375,260.9399108886719,334.42999267578125,570.8499755859375,81.58000183105469,313.9700012207031,260.82000732421875,334.32000732421875,570.6900024414062,81.54499816894531,314.125,260.8349914550781,334.3599853515625,570.7999877929688,81.54499816894531,38177.0,16033,19881.0,5979.0,18295.0
2026-08-31 12:35:00-04:00,313.635009765625,260.92999267578125,334.3699951171875,571.27001953125,81.57499694824219,314.1000061035156,260.9700012207031,334.4800109863281,571.3499755859375,81.6050033569336,313.4599914550781,260.86199951171875,334.3599853515625,570.77001953125,81.56500244140625,314.07989501953125,260.8800048828125,334.3699951171875,570.7999877929688,81.56500244140625,78967.0,27682,17988.0,11532.0,15273.0
2026-08-31 12:36:00-04:00,313.639892578125,260.8900146484375,334.40960693359375,571.614990234375,81.6050033569336,313.7799987792969,260.9486999511719,334.4100036621094,571.739990234375,81.62999725341797,313.55999755859375,260.8900146484375,334.260009765625,571.2750244140625,81.56999969482422,313.6400146484375,260.931396484375,334.3699951171875,571.2999877929688,81.57499694824219,62159.0,18918,13139.0,30145.0,20968.0
2026-08-31 12:37:00-04:00,313.3900146484375,260.8299865722656,334.53619384765625,571.1599731445312,81.57099914550781,313.6099853515625,260.9198913574219,334.6000061035156,571.5999755859375,81.62000274658203,313.3700866699219,260.82000732421875,334.3599853515625,571.0800170898438,81.57099914550781,313.6099853515625,260.8800048828125,334.3900146484375,571.5999755859375,81.5967025756836,56488.0,9642,31036.0,9283.0,19392.0
2026-08-31 12:38:00-04:00,313.0899963378906,260.7799072265625,334.29998779296875,570.9450073242188,81.55999755859375,313.44000244140625,260.92510986328125,334.5296936035156,571.3499755859375,81.58499908447266,313.0400085449219,260.7449951171875,334.2799987792969,570.8300170898438,81.5510025024414,313.3999938964844,260.8699951171875,334.5050048828125,571.1749877929688,81.57099914550781,67067.0,20456,10406.0,13590.0,30511.0
2026-08-31 12:39:00-04:00,313.1300048828125,260.7395935058594,334.3500061035156,570.8446044921875,81.5,313.5400085449219,260.80999755859375,334.3699951171875,571.010009765625,81.55500030517578,313.06500244140625,260.70001220703125,334.2565002441406,570.7999877929688,81.5,313.1050109863281,260.739990234375,334.30499267578125,570.8300170898438,81.55500030517578,151629.0,34250,9144.0,18601.0,19913.0
2026-08-31 12:40:00-04:00,313.5351867675781,260.7300109863281,334.25,570.9149780273438,81.49500274658203,313.55999755859375,260.75,334.33990478515625,571.0499877929688,81.5,313.1199951171875,260.70001220703125,334.2300109863281,570.8389282226562,81.49009704589844,313.1400146484375,260.70001220703125,334.32000732421875,570.9199829101562,81.49500274658203,76661.0,36404,12187.0,12211.0,12426.0
2026-08-31 12:41:00-04:00,313.489990234375,260.8999938964844,334.3999938964844,571.20361328125,81.5199966430664,313.55999755859375,260.9599914550781,334.3999938964844,571.20361328125,81.5199966430664,313.3699951171875,260.7449951171875,334.260009765625,570.8499755859375,81.49430084228516,313.5400085449219,260.7449951171875,334.260009765625,570.9149780273438,81.49500274658203,42974.0,17906,9423.0,13917.0,14351.0
2026-08-31 12:42:00-04:00,313.385009765625,260.9200134277344,334.41009521484375,571.469970703125,81.53500366210938,313.510009765625,260.989990234375,334.4800109863281,571.5,81.53510284423828,313.2799987792969,260.8550109863281,334.3599853515625,571.22998046875,81.5250015258789,313.510009765625,260.94500732421875,334.3800048828125,571.22998046875,81.5250015258789,65317.0,35970,19080.0,10123.0,9838.0
2026-08-31 12:43:00-04:00,313.46990966796875,260.8550109863281,334.5299987792969,571.260009765625,81.55000305175781,313.5299987792969,260.92498779296875,334.57000732421875,571.5499267578125,81.55999755859375,313.268798828125,260.8399963378906,334.3999938964844,571.1701049804688,81.5199966430664,313.38079833984375,260.92498779296875,334.42498779296875,571.4039916992188,81.53500366210938,63518.0,30317,15655.0,12495.0,31321.0
2026-08-31 12:44:00-04:00,313.4800109863281,260.885009765625,334.32501220703125,571.1099853515625,81.54499816894531,313.4800109863281,260.8999938964844,334.510009765625,571.239990234375,81.55999755859375,313.3450012207031,260.7850036621094,334.32000732421875,571.0703125,81.54000091552734,313.4700012207031,260.8550109863281,334.510009765625,571.1251220703125,81.55000305175781,49145.0,30284,17235.0,6190.0,20352.0
2026-08-31 12:45:00-04:00,313.3999938964844,261.135009765625,334.3500061035156,571.22998046875,81.54499816894531,313.7099914550781,261.1499938964844,334.3500061035156,571.22998046875,81.5999984741211,313.3900146484375,260.885009765625,334.239990234375,571.0599975585938,81.54499816894531,313.4800109863281,260.885009765625,334.29998779296875,571.1829223632812,81.54499816894531,56072.0,67734,11409.0,6332.0,28161.0
2026-08-31 12:46:00-04:00,313.6300048828125,261.2300109863281,334.3900146484375,571.239990234375,81.57499694824219,313.7300109863281,261.29998779296875,334.4266052246094,571.260009765625,81.57749938964844,313.3901062011719,261.0985107421875,334.3450012207031,571.1099853515625,81.52999877929688,313.3999938964844,261.1600036621094,334.3500061035156,571.22998046875,81.53500366210938,55005.0,66414,12329.0,7074.0,40700.0
2026-08-31 12:47:00-04:00,313.5199890136719,261.17999267578125,334.42999267578125,571.27001953125,81.58509826660156,313.6698913574219,261.25,334.45001220703125,571.3049926757812,81.59500122070312,313.5,261.15728759765625,334.3800048828125,571.14501953125,81.56999969482422,313.6300048828125,261.215087890625,334.3800048828125,571.27001953125,81.57029724121094,68252.0,67047,9349.0,5051.0,18550.0
2026-08-31 12:48:00-04:00,313.6549987792969,261.3450012207031,334.54998779296875,571.3200073242188,81.61000061035156,313.7099914550781,261.3670959472656,334.58319091796875,571.4000244140625,81.61000061035156,313.5299987792969,261.1600036621094,334.3999938964844,571.0999755859375,81.57499694824219,313.5400085449219,261.18499755859375,334.43798828125,571.2000122070312,81.58499908447266,33893.0,31951,18036.0,11622.0,32761.0
2026-08-31 12:49:00-04:00,313.70001220703125,261.29998779296875,334.510009765625,571.0,81.62000274658203,313.739990234375,261.4800109863281,334.5450134277344,571.4500122070312,81.6449966430664,313.55999755859375,261.28009033203125,334.4800109863281,570.969970703125,81.62000274658203,313.66009521484375,261.3450012207031,334.5450134277344,571.4299926757812,81.62000274658203,29782.0,56584,9263.0,13110.0,39260.0
2026-08-31 12:50:00-04:00,313.6824035644531,261.2449951171875,334.6600036621094,571.030029296875,81.625,313.7300109863281,261.3290100097656,334.70001220703125,571.0900268554688,81.62999725341797,313.54998779296875,261.2099914550781,334.5050048828125,570.9000854492188,81.61009979248047,313.67999267578125,261.30499267578125,334.5050048828125,570.9627075195312,81.61620330810547,38518.0,43914,31685.0,10641.0,14054.0
2026-08-31 12:51:00-04:00,313.6199951171875,261.32000732421875,334.67999267578125,571.0,81.625,313.739990234375,261.3800048828125,334.70001220703125,571.0700073242188,81.62999725341797,313.6099853515625,261.2300109863281,334.6400146484375,570.85009765625,81.6050033569336,313.7250061035156,261.2449951171875,334.69000244140625,570.989990234375,81.625,24247.0,18865,9343.0,7021.0,32208.0
2026-08-31 12:52:00-04:00,313.6499938964844,261.260009765625,334.6575927734375,571.1400146484375,81.61499786376953,313.7149963378906,261.3819885253906,334.70001220703125,571.239990234375,81.63500213623047,313.6000061035156,261.260009765625,334.6400146484375,571.0399780273438,81.61009979248047,313.6246032714844,261.30999755859375,334.69000244140625,571.0700073242188,81.62999725341797,30801.0,16296,15647.0,5566.0,120967.0
2026-08-31 12:53:00-04:00,313.7799987792969,261.18499755859375,334.7799987792969,571.1950073242188,81.625,313.9200134277344,261.29998779296875,334.7898864746094,571.239013671875,81.62999725341797,313.54998779296875,261.1600036621094,334.6400146484375,571.0200805664062,81.6050033569336,313.635009765625,261.2410888671875,334.6400146484375,571.1099853515625,81.61499786376953,57427.0,37210,12075.0,9145.0,18806.0
2026-08-31 12:54:00-04:00,313.760009765625,261.2250061035156,334.69000244140625,571.0999755859375,81.6449966430664,313.7898864746094,261.25,334.7550048828125,571.1900024414062,81.6449966430664,313.6600036621094,261.1000061035156,334.6400146484375,570.9000244140625,81.61009979248047,313.760009765625,261.18499755859375,334.7550048828125,571.1749877929688,81.62999725341797,23992.0,18480,10049.0,14111.0,16125.0
2026-08-31 12:55:00-04:00,313.81500244140625,261.19000244140625,334.8299865722656,571.2301025390625,81.66000366210938,313.8699951171875,261.2250061035156,334.8299865722656,571.2301025390625,81.69000244140625,313.75,261.1000061035156,334.6499938964844,571.0499877929688,81.6449966430664,313.7699890136719,261.2200012207031,334.6600036621094,571.1500244140625,81.6500015258789,25347.0,42654,22801.0,10343.0,34857.0
2026-08-31 12:56:00-04:00,313.70001220703125,261.25,334.8500061035156,571.3699951171875,81.66000366210938,313.8800048828125,261.2998962402344,334.8999938964844,571.5,81.67500305175781,313.6000061035156,261.19500732421875,334.80999755859375,571.27001953125,81.6500015258789,313.81500244140625,261.19500732421875,334.8399963378906,571.27001953125,81.66000366210938,46146.0,19969,15729.0,19400.0,22353.0
2026-08-31 12:57:00-04:00,313.7799987792969,261.3299865722656,334.8949890136719,571.4400024414062,81.66899871826172,313.7850036621094,261.4100036621094,334.9200134277344,571.489990234375,81.66899871826172,313.70001220703125,261.2550048828125,334.82000732421875,571.260009765625,81.6500015258789,313.7200012207031,261.2550048828125,334.8500061035156,571.3699951171875,81.66500091552734,26896.0,32218,14700.0,11655.0,17355.0
2026-08-31 12:58:00-04:00,313.7799987792969,261.2699890136719,334.7900085449219,571.27001953125,81.65499877929688,313.8500061035156,261.3500061035156,334.92999267578125,571.469970703125,81.66999816894531,313.75,261.20001220703125,334.7900085449219,571.2100219726562,81.65499877929688,313.78851318359375,261.3244934082031,334.9200134277344,571.4199829101562,81.66000366210938,29261.0,43432,19720.0,11037.0,11484.0
2026-08-31 12:59:00-04:00,313.760009765625,261.3660888671875,334.7200012207031,571.3900146484375,81.70249938964844,313.79998779296875,261.3660888671875,334.7699890136719,571.4014892578125,81.70249938964844,313.7099914550781,261.20819091796875,334.70001220703125,571.219970703125,81.6449966430664,313.7650146484375,261.2200012207031,334.7699890136719,571.2750244140625,81.66000366210938,35069.0,20824,12260.0,7231.0,27964.0
2026-08-31 13:00:00-04:00,313.69000244140625,261.57000732421875,334.7099914550781,571.3400268554688,81.70500183105469,313.7749938964844,261.6693115234375,334.75,571.3900146484375,81.7300033569336,313.69000244140625,261.260009765625,334.6341857910156,571.1500244140625,81.68499755859375,313.760009765625,261.3450012207031,334.70001220703125,571.3900146484375,81.70500183105469,31085.0,63797,10400.0,12884.0,32524.0
2026-08-31 13:01:00-04:00,313.56500244140625,261.3299865722656,334.6506042480469,571.2999877929688,81.63999938964844,313.69000244140625,261.54998779296875,334.69500732421875,571.4000244140625,81.70899963378906,313.4800109863281,261.29998779296875,334.5851135253906,571.260009765625,81.63999938964844,313.69000244140625,261.54998779296875,334.6700134277344,571.31201171875,81.70899963378906,46223.0,79656,15174.0,7064.0,159676.0
2026-08-31 13:02:00-04:00,313.57000732421875,261.29058837890625,334.68499755859375,571.3599853515625,81.61499786376953,313.57000732421875,261.34991455078125,334.7799987792969,571.4400024414062,81.6500015258789,313.4223937988281,261.17999267578125,334.635009765625,571.2150268554688,81.5999984741211,313.55999755859375,261.31500244140625,334.6700134277344,571.22998046875,81.63990020751953,30374.0,34445,19588.0,5356.0,36640.0
2026-08-31 13:03:00-04:00,313.57000732421875,261.2650146484375,334.6199951171875,571.4400024414062,81.58999633789062,313.6700134277344,261.30999755859375,334.7279052734375,571.4600219726562,81.61000061035156,313.529296875,261.21038818359375,334.6000061035156,571.2800903320312,81.58999633789062,313.55999755859375,261.30999755859375,334.68499755859375,571.35498046875,81.61000061035156,33399.0,17108,8661.0,4744.0,22255.0
2026-08-31 13:04:00-04:00,313.4800109863281,261.3800048828125,334.7900085449219,571.4600219726562,81.61499786376953,313.5671081542969,261.3900146484375,334.7900085449219,571.469970703125,81.625,313.4100036621094,261.25,334.6099853515625,571.3800048828125,81.58999633789062,313.55999755859375,261.2998962402344,334.6300048828125,571.4401245117188,81.58999633789062,47446.0,21147,14617.0,14679.0,21444.0
2026-08-31 13:05:00-04:00,313.5508117675781,261.3500061035156,334.885009765625,571.1400146484375,81.55500030517578,313.55999755859375,261.489990234375,334.9200134277344,571.969970703125,81.625,313.42498779296875,261.31500244140625,334.760009765625,571.1400146484375,81.55000305175781,313.5050048828125,261.4049987792969,334.7749938964844,571.5,81.62000274658203,26775.0,22754,11672.0,29638.0,27549.0
2026-08-31 13:06:00-04:00,313.6199951171875,261.3299865722656,334.739990234375,571.2000122070312,81.57360076904297,313.6199951171875,261.38720703125,334.9100036621094,571.3499755859375,81.58000183105469,313.5400085449219,261.25,334.69500732421875,571.0800170898438,81.52999877929688,313.54998779296875,261.340087890625,334.8299865722656,571.1699829101562,81.55950164794922,26868.0,21157,14851.0,21437.0,21261.0
2026-08-31 13:07:00-04:00,313.739990234375,261.2550048828125,334.67498779296875,571.0700073242188,81.55000305175781,313.7650146484375,261.3500061035156,334.7699890136719,571.3200073242188,81.57630157470703,313.61590576171875,261.1600036621094,334.6099853515625,571.0,81.54499816894531,313.61590576171875,261.30499267578125,334.739990234375,571.260009765625,81.57499694824219,31632.0,23212,11258.0,17816.0,14551.0
2026-08-31 13:08:00-04:00,313.6451110839844,261.0350036621094,334.5299987792969,570.5900268554688,81.45800018310547,313.7898864746094,261.25,334.69000244140625,571.1199951171875,81.55999755859375,313.6199951171875,261.010009765625,334.5,570.5650024414062,81.45500183105469,313.7550048828125,261.220703125,334.67498779296875,571.0100708007812,81.55989837646484,47561.0,64126,29604.0,29560.0,38928.0
2026-08-31 13:09:00-04:00,313.62200927734375,261.06500244140625,334.54998779296875,570.6300048828125,81.44000244140625,313.67999267578125,261.1000061035156,334.6000061035156,570.7789916992188,81.4800033569336,313.61138916015625,261.0299987792969,334.5,570.4199829101562,81.44000244140625,313.6400146484375,261.05999755859375,334.6000061035156,570.5900268554688,81.45500183105469,16288.0,17545,7688.0,18625.0,40966.0
2026-08-31 13:10:00-04:00,313.6300048828125,261.18499755859375,334.6300048828125,570.780029296875,81.4749984741211,313.6698913574219,261.18499755859375,334.6899108886719,570.8099975585938,81.4800033569336,313.6050109863281,261.07000732421875,334.5299987792969,570.5,81.43000030517578,313.6199951171875,261.0950012207031,334.54998779296875,570.6298828125,81.43499755859375,17220.0,17475,10361.0,9196.0,14480.0
2026-08-31 13:11:00-04:00,313.7008056640625,261.2300109863281,334.69000244140625,570.7150268554688,81.4749984741211,313.7355041503906,261.2699890136719,334.69000244140625,570.8399047851562,81.48979949951172,313.625,261.1600036621094,334.6189880371094,570.5499877929688,81.46009826660156,313.625,261.1700134277344,334.635009765625,570.72998046875,81.4800033569336,29757.0,24864,10425.0,10618.0,19938.0
2026-08-31 13:12:00-04:00,313.760009765625,261.29998779296875,334.7799072265625,570.7899780273438,81.48999786376953,313.7650146484375,261.3800048828125,334.79998779296875,570.8399047851562,81.49500274658203,313.57000732421875,261.239990234375,334.64898681640625,570.6300048828125,81.44499969482422,313.69000244140625,261.2900085449219,334.69000244140625,570.719970703125,81.4749984741211,34206.0,20300,11672.0,21925.0,17835.0
2026-08-31 13:13:00-04:00,313.80999755859375,261.3450012207031,334.9100036621094,571.2100219726562,81.49749755859375,313.8949890136719,261.3800048828125,334.9100036621094,571.2100219726562,81.51000213623047,313.760009765625,261.2900085449219,334.70001220703125,570.760009765625,81.48999786376953,313.7650146484375,261.32501220703125,334.760009765625,570.780029296875,81.49500274658203,37570.0,33000,13440.0,12055.0,14863.0
2026-08-31 13:14:00-04:00,314.0314025878906,261.4236145019531,335.07000732421875,571.364990234375,81.51499938964844,314.06500244140625,261.45001220703125,335.1000061035156,571.3800048828125,81.5198974609375,313.7900085449219,261.30999755859375,334.8800048828125,571.160400390625,81.49500274658203,313.7950134277344,261.3500061035156,334.8800048828125,571.2100219726562,81.5,62033.0,48795,25700.0,17148.0,35314.0
2026-08-31 13:15:00-04:00,313.875,261.4849853515625,335.1499938964844,571.5867919921875,81.58000183105469,314.04998779296875,261.4849853515625,335.1499938964844,571.6900024414062,81.58999633789062,313.7699890136719,261.3500061035156,334.9100036621094,571.344970703125,81.51499938964844,314.04998779296875,261.41009521484375,335.0450134277344,571.3800048828125,81.51499938964844,44403.0,25964,16441.0,17873.0,60905.0
2026-08-31 13:16:00-04:00,313.9100036621094,261.43499755859375,335.2298889160156,571.77001953125,81.55999755859375,313.9800109863281,261.5199890136719,335.2298889160156,571.8394775390625,81.58000183105469,313.84619140625,261.42498779296875,335.1199951171875,571.5700073242188,81.54499816894531,313.8699951171875,261.47088623046875,335.16778564453125,571.6900024414062,81.58000183105469,18828.0,45403,29781.0,13386.0,36238.0
2026-08-31 13:17:00-04:00,313.95001220703125,261.30999755859375,335.0050048828125,571.5535888671875,81.56999969482422,313.989990234375,261.45001220703125,335.20001220703125,571.9299926757812,81.58000183105469,313.8511962890625,261.3009948730469,334.9849853515625,571.489990234375,81.54499816894531,313.9150085449219,261.44000244140625,335.20001220703125,571.8400268554688,81.5459976196289,65160.0,41401,18779.0,12407.0,51572.0
2026-08-31 13:18:00-04:00,314.04998779296875,261.2300109863281,335.0,571.4500122070312,81.58499908447266,314.07000732421875,261.3399963378906,335.1199951171875,571.6099853515625,81.58999633789062,313.92010498046875,261.2200012207031,334.989990234375,571.4500122070312,81.55000305175781,313.9457092285156,261.30010986328125,334.989990234375,571.6099853515625,81.56999969482422,24124.0,18894,10527.0,14207.0,52763.0
2026-08-31 13:19:00-04:00,314.07000732421875,261.2401123046875,334.92999267578125,571.6054077148438,81.58499908447266,314.0950012207031,261.2900085449219,335.01690673828125,571.6099853515625,81.59500122070312,313.9100036621094,261.15069580078125,334.8500061035156,571.2653198242188,81.56500244140625,314.05999755859375,261.25,335.0098876953125,571.47998046875,81.58910369873047,35428.0,20822,12623.0,10864.0,30218.0
2026-08-31 13:20:00-04:00,314.0799865722656,261.19500732421875,334.8699951171875,571.5399780273438,81.58540344238281,314.20001220703125,261.2699890136719,334.9815979003906,571.6599731445312,81.5999984741211,314.0150146484375,261.19500732421875,334.8550109863281,571.3599853515625,81.58499908447266,314.07000732421875,261.2650146484375,334.94500732421875,571.5399780273438,81.58499908447266,39895.0,16805,8316.0,16936.0,16357.0
2026-08-31 13:21:00-04:00,314.1300048828125,261.19390869140625,334.7900085449219,571.4000854492188,81.55500030517578,314.17999267578125,261.25,334.8900146484375,571.5516967773438,81.58499908447266,314.05999755859375,261.17999267578125,334.7300109863281,571.3200073242188,81.54499816894531,314.05999755859375,261.2099914550781,334.8900146484375,571.5150146484375,81.58499908447266,35242.0,14636,16684.0,7240.0,16756.0
2026-08-31 13:22:00-04:00,314.1600036621094,261.20001220703125,334.8800048828125,571.4500122070312,81.5625,314.2250061035156,261.2300109863281,334.9200134277344,571.5899047851562,81.56500244140625,314.1199951171875,261.1700134277344,334.7650146484375,571.3800048828125,81.55500030517578,314.125,261.2200012207031,334.7651062011719,571.4600219726562,81.55500030517578,38628.0,24213,14097.0,8056.0,8253.0
2026-08-31 13:23:00-04:00,314.2049865722656,261.2349853515625,334.8599853515625,571.4299926757812,81.54499816894531,314.25,261.2699890136719,334.8699951171875,571.5700073242188,81.56999969482422,314.1600036621094,261.20001220703125,334.7900085449219,571.3807983398438,81.54000091552734,314.1600036621094,261.2099914550781,334.8500061035156,571.4536743164062,81.56500244140625,124476.0,21672,11180.0,7758.0,20652.0
2026-08-31 13:24:00-04:00,314.1499938964844,261.2200012207031,334.92498779296875,571.6799926757812,81.53500366210938,314.19000244140625,261.25,334.95001220703125,571.760009765625,81.54499816894531,314.1099853515625,261.1499938964844,334.80999755859375,571.3701171875,81.52100372314453,314.19000244140625,261.2349853515625,334.8399963378906,571.469970703125,81.54499816894531,21945.0,13532,10687.0,14239.0,12889.0
2026-08-31 13:25:00-04:00,314.0,260.8399963378906,334.7650146484375,571.3599853515625,81.5199966430664,314.156005859375,261.17498779296875,334.989990234375,571.77001953125,81.53500366210938,313.9800109863281,260.760009765625,334.7200012207031,571.260009765625,81.5199966430664,314.1499938964844,261.1700134277344,334.9599914550781,571.6799926757812,81.53500366210938,41842.0,65229,10994.0,11851.0,9628.0
2026-08-31 13:26:00-04:00,314.0,260.8900146484375,334.7449951171875,571.280029296875,81.48500061035156,314.04998779296875,260.9150085449219,334.79998779296875,571.469970703125,81.51499938964844,313.95001220703125,260.7699890136719,334.7200012207031,571.22998046875,81.48500061035156,313.9949951171875,260.8345031738281,334.760009765625,571.3400268554688,81.51499938964844,33990.0,26716,5082.0,7728.0,10340.0
2026-08-31 13:27:00-04:00,313.8500061035156,260.82000732421875,334.70001220703125,571.094970703125,81.47000122070312,313.9800109863281,260.8900146484375,334.7698974609375,571.3099975585938,81.48989868164062,313.8299865722656,260.7699890136719,334.66448974609375,570.9600219726562,81.47000122070312,313.9700012207031,260.8599853515625,334.739990234375,571.3099975585938,81.4801025390625,24238.0,19415,10996.0,19921.0,18214.0
2026-08-31 13:28:00-04:00,313.8500061035156,260.7950134277344,334.7149963378906,571.0501098632812,81.51499938964844,313.8900146484375,260.8299865722656,334.75,571.2100219726562,81.55000305175781,313.7900085449219,260.7300109863281,334.67999267578125,571.0300903320312,81.4740982055664,313.8599853515625,260.81500244140625,334.69500732421875,571.094970703125,81.4800033569336,28083.0,29254,9946.0,9465.0,61704.0
2026-08-31 13:29:00-04:00,313.8800048828125,260.7950134277344,334.67999267578125,571.0599975585938,81.5,313.8999938964844,260.81988525390625,334.7392883300781,571.1699829101562,81.5250015258789,313.760009765625,260.739990234375,334.6200866699219,570.89501953125,81.48500061035156,313.8544921875,260.7900085449219,334.7392883300781,571.125,81.5199966430664,32341.0,19982,14092.0,6660.0,14454.0
2026-08-31 13:30:00-04:00,313.7099914550781,260.82000732421875,334.5299987792969,571.0800170898438,81.49500274658203,313.864990234375,260.8699035644531,334.6799011230469,571.219970703125,81.5250015258789,313.67999267578125,260.7799987792969,334.5299987792969,570.8607788085938,81.49500274658203,313.8500061035156,260.79998779296875,334.6600036621094,570.8607788085938,81.49500274658203,25995.0,32673,14581.0,8955.0,15167.0
2026-08-31 13:31:00-04:00,313.6400146484375,260.81500244140625,334.6022033691406,571.0625,81.49500274658203,313.7300109863281,260.8999938964844,334.6099853515625,571.2000122070312,81.5,313.614990234375,260.7699890136719,334.5299987792969,570.9749755859375,81.49500274658203,313.7200012207031,260.8599853515625,334.55999755859375,571.0999755859375,81.5,25101.0,28572,12095.0,8970.0,17770.0
2026-08-31 13:32:00-04:00,313.70001220703125,260.739990234375,334.5880126953125,571.0800170898438,81.52999877929688,313.75,260.7699890136719,334.6400146484375,571.2186279296875,81.52999877929688,313.6199951171875,260.6499938964844,334.54998779296875,570.9550170898438,81.49500274658203,313.6700134277344,260.7699890136719,334.6099853515625,571.1099853515625,81.49500274658203,34447.0,57057,16427.0,7743.0,23005.0
2026-08-31 13:33:00-04:00,313.69500732421875,260.7300109863281,334.6300048828125,571.1699829101562,81.56999969482422,313.7349853515625,260.7594909667969,334.6400146484375,571.2299194335938,81.58000183105469,313.6700134277344,260.67999267578125,334.5799865722656,571.010009765625,81.5250015258789,313.7099914550781,260.7300109863281,334.6050109863281,571.010009765625,81.52999877929688,12474.0,23000,12122.0,4430.0,24334.0
2026-08-31 13:34:00-04:00,313.3949890136719,260.6300048828125,334.4913024902344,571.1500244140625,81.54000091552734,313.7200012207031,260.7491149902344,334.6400146484375,571.280029296875,81.56500244140625,313.385009765625,260.6300048828125,334.4599914550781,571.0001220703125,81.52999877929688,313.7099914550781,260.7200012207031,334.6300048828125,571.1516723632812,81.55999755859375,40608.0,25779,15198.0,11751.0,13560.0
2026-08-31 13:35:00-04:00,313.5799865722656,260.69000244140625,334.57000732421875,571.6599731445312,81.56999969482422,313.6300048828125,260.7674865722656,334.6499938964844,572.0599975585938,81.58999633789062,313.3900146484375,260.6700134277344,334.4700012207031,571.1199951171875,81.54989624023438,313.3949890136719,260.67401123046875,334.4700012207031,571.1500244140625,81.54989624023438,88834.0,54584,22928.0,65960.0,49304.0
2026-08-31 13:36:00-04:00,313.7699890136719,260.70001220703125,334.6700134277344,571.74951171875,81.56500244140625,313.7898864746094,260.7200012207031,334.6700134277344,571.74951171875,81.56500244140625,313.5899963378906,260.6400146484375,334.5400085449219,571.52001953125,81.55380249023438,313.59381103515625,260.70001220703125,334.5899963378906,571.6810302734375,81.56500244140625,54963.0,19716,20126.0,8980.0,27111.0
2026-08-31 13:37:00-04:00,313.9949951171875,260.7200012207031,334.5400085449219,571.6300048828125,81.55000305175781,314.07000732421875,260.7799987792969,334.7099914550781,571.8699951171875,81.58999633789062,313.7699890136719,260.7099914550781,334.5299987792969,571.5748291015625,81.54499816894531,313.7699890136719,260.7179870605469,334.69000244140625,571.7000122070312,81.56990051269531,69353.0,17874,12467.0,8098.0,19353.0
2026-08-31 13:38:00-04:00,313.94000244140625,260.7200012207031,334.46661376953125,571.7100219726562,81.56500244140625,313.9949951171875,260.75,334.54998779296875,571.722900390625,81.56500244140625,313.9200134277344,260.67999267578125,334.4639892578125,571.5499877929688,81.54000091552734,313.989990234375,260.70001220703125,334.54998779296875,571.5900268554688,81.55000305175781,25973.0,16965,11565.0,8813.0,9875.0
2026-08-31 13:39:00-04:00,314.0950012207031,260.885009765625,334.625,571.8099975585938,81.55999755859375,314.1000061035156,260.885009765625,334.6400146484375,571.8300170898438,81.56999969482422,313.8900146484375,260.70001220703125,334.466796875,571.6099853515625,81.54010009765625,313.9346008300781,260.7250061035156,334.489990234375,571.6400146484375,81.56500244140625,31181.0,28256,18113.0,11613.0,18058.0
2026-08-31 13:40:00-04:00,314.1400146484375,260.8900146484375,334.6499938964844,571.7150268554688,81.55509948730469,314.2099914550781,260.8900146484375,334.6499938964844,571.9356079101562,81.58000183105469,314.05499267578125,260.7900085449219,334.5199890136719,571.7000122070312,81.55000305175781,314.1000061035156,260.8673095703125,334.54998779296875,571.8800048828125,81.57499694824219,49214.0,30984,12261.0,8526.0,11447.0
2026-08-31 13:41:00-04:00,314.2049865722656,261.0,334.79998779296875,571.7349853515625,81.5593032836914,314.239990234375,261.0,334.80999755859375,571.7899780273438,81.57499694824219,314.1099853515625,260.8999938964844,334.6099853515625,571.5900268554688,81.54499816894531,314.1400146484375,260.9100036621094,334.6499938964844,571.7899780273438,81.55000305175781,40373.0,19191,24500.0,13656.0,25750.0
2026-08-31 13:42:00-04:00,314.06500244140625,261.0050048828125,334.94000244140625,571.969970703125,81.55500030517578,314.2380065917969,261.0498962402344,334.9750061035156,572.0,81.55999755859375,313.9800109863281,261.0,334.79998779296875,571.7800903320312,81.54429626464844,314.20001220703125,261.0050048828125,334.82000732421875,571.7899780273438,81.55799865722656,41456.0,14082,17715.0,12681.0,7445.0
2026-08-31 13:43:00-04:00,314.1200866699219,261.0199890136719,334.96929931640625,571.8049926757812,81.56529998779297,314.1600036621094,261.0899963378906,334.9700012207031,571.9600219726562,81.57499694824219,314.0199890136719,260.9704895019531,334.8599853515625,571.7100830078125,81.55000305175781,314.05499267578125,261.0,334.9100036621094,571.9398803710938,81.55500030517578,30386.0,20807,9297.0,13368.0,10261.0
2026-08-31 13:44:00-04:00,314.1700134277344,261.010009765625,335.0,571.760009765625,81.58000183105469,314.1700134277344,261.05999755859375,335.0350036621094,571.8300170898438,81.58509826660156,314.0946044921875,260.9794006347656,334.95001220703125,571.7100219726562,81.56500244140625,314.1199951171875,261.05999755859375,334.9549865722656,571.760009765625,81.56900024414062,24173.0,11133,23669.0,8058.0,15866.0
2026-08-31 13:45:00-04:00,314.260009765625,261.010009765625,334.968994140625,571.7999877929688,81.56500244140625,314.2699890136719,261.06610107421875,335.04998779296875,571.9299926757812,81.58540344238281,314.1650085449219,260.989990234375,334.9200134277344,571.7050170898438,81.55159759521484,314.1700134277344,261.0400085449219,335.0199890136719,571.8200073242188,81.58499908447266,46807.0,29015,10845.0,13411.0,11196.0
2026-08-31 13:46:00-04:00,314.2449951171875,260.9849853515625,335.0151062011719,571.7200927734375,81.55000305175781,314.4100036621094,261.04888916015625,335.0299987792969,571.89990234375,81.57499694824219,314.2200012207031,260.92999267578125,334.9599914550781,571.6799926757812,81.52999877929688,314.260009765625,261.0350036621094,334.9800109863281,571.8300170898438,81.56999969482422,41522.0,17107,8694.0,8382.0,12723.0
2026-08-31 13:47:00-04:00,314.32000732421875,261.0150146484375,335.00048828125,571.75,81.56500244140625,314.3399963378906,261.04998779296875,335.04998779296875,571.8200073242188,81.56500244140625,314.2099914550781,260.9801025390625,334.9800109863281,571.7100219726562,81.55000305175781,314.260009765625,261.0,335.010009765625,571.739990234375,81.55000305175781,30726.0,16447,15066.0,7855.0,8035.0
2026-08-31 13:48:00-04:00,314.3699951171875,261.0871887207031,334.9100036621094,571.72998046875,81.55000305175781,314.4200134277344,261.0899963378906,335.1099853515625,571.7999877929688,81.56500244140625,314.29998779296875,260.9800109863281,334.8705139160156,571.5999755859375,81.53500366210938,314.29998779296875,261.04998779296875,335.0199890136719,571.780029296875,81.56500244140625,29095.0,14996,32872.0,13027.0,10510.0
2026-08-31 13:49:00-04:00,314.42498779296875,261.1050109863281,334.8450012207031,571.75,81.53500366210938,314.4849853515625,261.2380065917969,334.92999267578125,571.8900146484375,81.55000305175781,314.37908935546875,261.1050109863281,334.8319091796875,571.72998046875,81.52999877929688,314.37908935546875,261.1300048828125,334.9175109863281,571.8200073242188,81.55000305175781,36730.0,45262,7117.0,6340.0,18153.0
2026-08-31 13:50:00-04:00,314.52899169921875,261.32501220703125,335.1499938964844,571.97998046875,81.57499694824219,314.54998779296875,261.3500061035156,335.1499938964844,572.1199951171875,81.57499694824219,314.4200134277344,261.0801086425781,334.82000732421875,571.7899780273438,81.54000091552734,314.42120361328125,261.0899963378906,334.8695068359375,571.7949829101562,81.54000091552734,35915.0,26216,16290.0,28972.0,9286.0
2026-08-31 13:51:00-04:00,314.67999267578125,261.32501220703125,335.0,572.219970703125,81.59989929199219,314.70001220703125,261.3800048828125,335.18499755859375,572.3200073242188,81.59989929199219,314.489990234375,261.29998779296875,335.0,571.9500122070312,81.57499694824219,314.5262145996094,261.3310852050781,335.1499938964844,571.97998046875,81.57499694824219,50665.0,25122,15555.0,16152.0,11756.0
2026-08-31 13:52:00-04:00,314.79998779296875,261.2699890136719,334.989990234375,572.0800170898438,81.55500030517578,314.8399963378906,261.364990234375,335.0899963378906,572.2249755859375,81.59500122070312,314.6300048828125,261.2699890136719,334.989990234375,572.0700073242188,81.55000305175781,314.6700134277344,261.3500061035156,335.0101013183594,572.2249755859375,81.59500122070312,43003.0,27645,18685.0,41957.0,18772.0
2026-08-31 13:53:00-04:00,314.82000732421875,261.2799987792969,334.9800109863281,572.02001953125,81.53500366210938,314.8699951171875,261.2900085449219,335.0199890136719,572.1864013671875,81.55500030517578,314.79998779296875,261.1700134277344,334.8500061035156,571.9000244140625,81.52999877929688,314.82000732421875,261.2699890136719,335.0050048828125,572.1864013671875,81.55500030517578,33585.0,20048,15140.0,11950.0,9446.0
2026-08-31 13:54:00-04:00,315.1000061035156,261.30999755859375,334.9049987792969,571.9450073242188,81.53500366210938,315.114990234375,261.3399963378906,335.0050048828125,572.0800170898438,81.54000091552734,314.82000732421875,261.25,334.8450012207031,571.8699951171875,81.5250015258789,314.82000732421875,261.2900085449219,334.989990234375,572.0499877929688,81.53500366210938,76581.0,32902,17329.0,16608.0,20515.0
2026-08-31 13:55:00-04:00,315.0299987792969,261.2300109863281,334.82501220703125,571.8400268554688,81.52999877929688,315.19500732421875,261.3598937988281,334.90399169921875,572.0349731445312,81.53510284423828,315.0199890136719,261.20001220703125,334.80029296875,571.77001953125,81.51010131835938,315.1098937988281,261.29998779296875,334.8800048828125,571.969970703125,81.53500366210938,81636.0,29104,19465.0,10672.0,17654.0
2026-08-31 13:56:00-04:00,315.0299987792969,261.1600036621094,334.8299865722656,571.635009765625,81.54000091552734,315.17999267578125,261.2300109863281,334.8399963378906,571.8499755859375,81.54499816894531,315.0299987792969,261.1300048828125,334.75,571.5999755859375,81.52010345458984,315.03009033203125,261.2300109863281,334.82501220703125,571.844970703125,81.52989959716797,63610.0,26513,15972.0,12768.0,10893.0
2026-08-31 13:57:00-04:00,314.94000244140625,261.0299987792969,334.7200012207031,571.5250244140625,81.55000305175781,315.0400085449219,261.1600036621094,334.82000732421875,571.6300048828125,81.55500030517578,314.9200134277344,261.0299987792969,334.67498779296875,571.47998046875,81.53500366210938,315.010009765625,261.1600036621094,334.7900085449219,571.6300048828125,81.54499816894531,44127.0,40346,14941.0,12433.0,25904.0
2026-08-31 13:58:00-04:00,315.010009765625,261.1000061035156,334.739990234375,571.5900268554688,81.57499694824219,315.0450134277344,261.1698913574219,334.7651062011719,571.7000122070312,81.58999633789062,314.94500732421875,260.9599914550781,334.70001220703125,571.4500122070312,81.55000305175781,314.94500732421875,261.0799865722656,334.739990234375,571.5250244140625,81.55999755859375,35272.0,22457,8355.0,17595.0,24125.0
2026-08-31 13:59:00-04:00,315.07489013671875,261.07000732421875,334.70001220703125,571.8098754882812,81.56500244140625,315.1000061035156,261.1099853515625,334.7799987792969,572.0,81.58000183105469,314.9700012207031,261.04998779296875,334.6300048828125,571.5479125976562,81.56500244140625,315.0050048828125,261.0899963378906,334.760009765625,571.5900268554688,81.58000183105469,24217.0,18865,16114.0,24610.0,10527.0
2026-08-31 14:00:00-04:00,315.04998779296875,257.1549987792969,334.4200134277344,571.3400268554688,81.4800033569336,315.1000061035156,261.04998779296875,334.6499938964844,571.760009765625,81.56500244140625,315.0,257.1499938964844,334.3900146484375,571.030029296875,81.46499633789062,315.0799865722656,261.04998779296875,334.6499938964844,571.7100219726562,81.56500244140625,38455.0,1187850,46006.0,24353.0,34366.0
2026-08-31 14:01:00-04:00,314.93499755859375,258.9949951171875,334.6557922363281,571.7462158203125,81.5199966430664,315.1199951171875,259.1000061035156,334.6597900390625,571.8499755859375,81.5250015258789,314.9100036621094,257.20001220703125,334.3800048828125,571.1801147460938,81.4800033569336,315.0450134277344,257.20001220703125,334.4482116699219,571.239990234375,81.48999786376953,45768.0,615022,20236.0,8500.0,13188.0
2026-08-31 14:02:00-04:00,314.92999267578125,258.5350036621094,334.5350036621094,571.6400146484375,81.51499938964844,315.0199890136719,259.25,334.6293029785156,571.9500122070312,81.52999877929688,314.9100036621094,258.32000732421875,334.510009765625,571.5653076171875,81.51000213623047,314.94500732421875,258.9949951171875,334.6199951171875,571.8400268554688,81.51000213623047,47109.0,352109,13608.0,6632.0,11471.0
2026-08-31 14:03:00-04:00,315.0849914550781,259.2900085449219,334.7149963378906,571.9400024414062,81.52999877929688,315.18499755859375,259.2900085449219,334.75,571.9500122070312,81.54000091552734,314.92999267578125,258.30999755859375,334.5,571.625,81.51000213623047,314.9346008300781,258.489990234375,334.5,571.625,81.5199966430664,34315.0,262956,12634.0,12009.0,13800.0
2026-08-31 14:04:00-04:00,315.1600036621094,259.5,334.8699951171875,571.8350219726562,81.53500366210938,315.20001220703125,259.739990234375,334.8900146484375,571.9400024414062,81.55500030517578,315.05999755859375,258.989990234375,334.69000244140625,571.6900024414062,81.51499938964844,315.08990478515625,259.260009765625,334.7149963378906,571.77001953125,81.52999877929688,33324.0,234685,14741.0,6360.0,20931.0
2026-08-31 14:05:00-04:00,315.1700134277344,258.4599914550781,334.7799987792969,571.0399780273438,81.55000305175781,315.18499755859375,259.5799865722656,334.875,571.739990234375,81.56999969482422,315.0600891113281,258.4104919433594,334.75,571.0399780273438,81.5250015258789,315.1600036621094,259.510009765625,334.875,571.739990234375,81.52999877929688,38058.0,208076,13648.0,19474.0,24309.0
2026-08-31 14:06:00-04:00,315.3349914550781,258.6700134277344,334.80999755859375,571.4000244140625,81.55500030517578,315.3699951171875,258.80999755859375,334.8283996582031,571.4600219726562,81.55999755859375,315.1700134277344,258.20001220703125,334.739990234375,571.1099853515625,81.54499816894531,315.18499755859375,258.5,334.7900085449219,571.1199951171875,81.55000305175781,46251.0,197199,7205.0,67338.0,9593.0
2026-08-31 14:07:00-04:00,315.3301086425781,258.65008544921875,334.82000732421875,571.5,81.55010223388672,315.3500061035156,258.7699890136719,334.8598937988281,571.5598754882812,81.58000183105469,315.2300109863281,258.29998779296875,334.739990234375,571.2100219726562,81.54499816894531,315.3299865722656,258.6700134277344,334.82000732421875,571.3837280273438,81.55500030517578,39663.0,179751,15242.0,8542.0,29302.0
2026-08-31 14:08:00-04:00,315.4949951171875,259.1700134277344,335.02978515625,571.8551025390625,81.55500030517578,315.4949951171875,259.20001220703125,335.02978515625,571.8551025390625,81.55999755859375,315.3299865722656,258.6000061035156,334.80499267578125,571.5,81.53500366210938,315.3349914550781,258.67498779296875,334.80999755859375,571.5,81.55500030517578,57736.0,135297,15320.0,9904.0,15226.0
2026-08-31 14:09:00-04:00,315.6000061035156,258.989990234375,334.79998779296875,571.9500122070312,81.50499725341797,315.6000061035156,259.2699890136719,335.0400085449219,571.9600219726562,81.55999755859375,315.4100036621094,258.8999938964844,334.79998779296875,571.77001953125,81.50499725341797,315.5,259.1700134277344,335.0,571.8099975585938,81.55000305175781,115110.0,108041,19246.0,7690.0,11923.0
2026-08-31 14:10:00-04:00,315.57000732421875,258.5350036621094,334.79998779296875,571.7899780273438,81.46499633789062,315.6300048828125,259.07000732421875,334.8399963378906,571.9400024414062,81.50499725341797,315.4800109863281,258.3800048828125,334.77880859375,571.5700073242188,81.45459747314453,315.6000061035156,259.0199890136719,334.781494140625,571.89501953125,81.50499725341797,54621.0,136820,10256.0,7623.0,12436.0
2026-08-31 14:11:00-04:00,315.6000061035156,258.55999755859375,334.7099914550781,571.6699829101562,81.45999908447266,315.6000061035156,258.6310119628906,334.7799987792969,571.780029296875,81.46499633789062,315.3501892089844,258.3800048828125,334.69000244140625,571.614990234375,81.44499969482422,315.57000732421875,258.5350036621094,334.7799987792969,571.7100219726562,81.4623031616211,43910.0,85781,19937.0,6255.0,17078.0
2026-08-31 14:12:00-04:00,315.56988525390625,258.25,334.739990234375,571.5,81.4749984741211,315.7099914550781,258.6300048828125,334.7799987792969,571.7100219726562,81.4749984741211,315.54998779296875,258.0700988769531,334.7099914550781,571.4000244140625,81.44999694824219,315.6099853515625,258.5849914550781,334.7200012207031,571.5601196289062,81.46499633789062,75015.0,172686,10951.0,7805.0,30214.0
2026-08-31 14:13:00-04:00,315.33990478515625,258.3299865722656,334.8999938964844,571.6199951171875,81.4800033569336,315.5820007324219,258.510009765625,334.95001220703125,571.72998046875,81.5,315.29998779296875,258.1700134277344,334.75,571.52001953125,81.4749984741211,315.57000732421875,258.2699890136719,334.760009765625,571.52001953125,81.4749984741211,52760.0,85868,18425.0,10419.0,22667.0
2026-08-31 14:14:00-04:00,315.3599853515625,258.32818603515625,334.8399963378906,571.6500244140625,81.50499725341797,315.3999938964844,258.54998779296875,334.8999938964844,571.7589721679688,81.51000213623047,315.27978515625,258.1023864746094,334.80999755859375,571.5401000976562,81.4800033569336,315.32501220703125,258.2950134277344,334.88470458984375,571.6199951171875,81.4800033569336,37315.0,120577,18789.0,8877.0,10942.0
2026-08-31 14:15:00-04:00,315.2799987792969,258.489990234375,335.0350036621094,572.2899780273438,81.50499725341797,315.3599853515625,258.6000061035156,335.04998779296875,572.5399780273438,81.51000213623047,315.2200012207031,258.135009765625,334.8299865722656,571.5993041992188,81.5,315.3599853515625,258.2300109863281,334.8500061035156,571.6500244140625,81.5,28923.0,110180,10015.0,42773.0,17644.0
2026-08-31 14:16:00-04:00,315.29998779296875,258.2950134277344,335.1131896972656,573.7899780273438,81.50499725341797,315.3900146484375,258.4999084472656,335.1400146484375,573.8989868164062,81.51000213623047,315.239990234375,258.20001220703125,334.9700012207031,572.1099853515625,81.49009704589844,315.2799987792969,258.4599914550781,335.010009765625,572.3300170898438,81.50409698486328,41388.0,108047,26803.0,76836.0,16784.0
2026-08-31 14:17:00-04:00,315.30999755859375,258.19500732421875,334.92999267578125,573.6798706054688,81.48500061035156,315.3299865722656,258.510009765625,335.1050109863281,574.10498046875,81.50499725341797,315.1300048828125,258.17999267578125,334.9100036621094,573.239990234375,81.4800033569336,315.30499267578125,258.2950134277344,335.0899963378906,573.8499755859375,81.50499725341797,33517.0,186595,9620.0,51492.0,9919.0
2026-08-31 14:18:00-04:00,315.29998779296875,258.67999267578125,335.0150146484375,573.3699951171875,81.48989868164062,315.389892578125,258.79998779296875,335.0199890136719,573.8499755859375,81.48999786376953,315.260009765625,258.25,334.94000244140625,572.9100952148438,81.4800033569336,315.29998779296875,258.2699890136719,334.95001220703125,573.6799926757812,81.4800033569336,23128.0,179824,16061.0,30743.0,11178.0
2026-08-31 14:19:00-04:00,315.43109130859375,258.54998779296875,334.9700012207031,573.0411987304688,81.48999786376953,315.44000244140625,258.6940002441406,335.0299987792969,573.4500122070312,81.49500274658203,315.2699890136719,258.32000732421875,334.9599914550781,573.0399780273438,81.47000122070312,315.2699890136719,258.6940002441406,335.010009765625,573.3800048828125,81.48500061035156,38489.0,84768,10133.0,13708.0,18289.0
2026-08-31 14:20:00-04:00,315.5450134277344,258.3900146484375,334.9599914550781,572.72998046875,81.46820068359375,315.55999755859375,258.5740051269531,335.010009765625,573.2100219726562,81.48999786376953,315.44000244140625,258.3146057128906,334.9100036621094,572.72998046875,81.46499633789062,315.44000244140625,258.5199890136719,334.9898986816406,573.1500244140625,81.48500061035156,34736.0,74057,14916.0,17536.0,9815.0
2026-08-31 14:21:00-04:00,315.5050048828125,258.04998779296875,334.9599914550781,572.5659790039062,81.46499633789062,315.57000732421875,258.3599853515625,335.0,572.7799072265625,81.4761962890625,315.4700012207031,258.010009765625,334.92498779296875,572.3099975585938,81.45500183105469,315.53021240234375,258.3599853515625,334.93499755859375,572.72998046875,81.46769714355469,38852.0,141303,10139.0,12841.0,18145.0
2026-08-31 14:22:00-04:00,315.5751037597656,258.19000244140625,334.8999938964844,572.3900146484375,81.42500305175781,315.6099853515625,258.19000244140625,335.0,572.6500244140625,81.45999908447266,315.45001220703125,258.0199890136719,334.80999755859375,572.3900146484375,81.42500305175781,315.5050048828125,258.0299987792969,334.95001220703125,572.47998046875,81.45999908447266,38396.0,74969,14561.0,8820.0,15127.0
2026-08-31 14:23:00-04:00,315.9100036621094,258.04998779296875,334.82000732421875,572.2750244140625,81.42500305175781,315.95989990234375,258.20001220703125,334.8999938964844,572.3980102539062,81.43000030517578,315.57501220703125,258.0299987792969,334.7300109863281,572.1505126953125,81.41500091552734,315.57501220703125,258.1300048828125,334.8900146484375,572.340087890625,81.41999816894531,82338.0,72377,68365.0,16364.0,14586.0
2026-08-31 14:24:00-04:00,315.80499267578125,257.7799987792969,334.82000732421875,571.9299926757812,81.41500091552734,316.0199890136719,258.159912109375,334.8999938964844,572.3200073242188,81.43000030517578,315.7799987792969,257.7699890136719,334.79998779296875,571.9299926757812,81.41000366210938,315.9150085449219,258.0299987792969,334.8299865722656,572.22998046875,81.42500305175781,77226.0,150297,10193.0,13783.0,19923.0
2026-08-31 14:25:00-04:00,315.69500732421875,257.82000732421875,334.760009765625,571.9199829101562,81.44999694824219,315.8800048828125,257.9200134277344,334.7699890136719,572.0399780273438,81.44999694824219,315.6900939941406,257.6600036621094,334.70001220703125,571.7301025390625,81.41010284423828,315.82000732421875,257.7799987792969,334.7699890136719,571.8400268554688,81.41010284423828,53853.0,112600,10406.0,16074.0,18321.0
2026-08-31 14:26:00-04:00,315.6200866699219,257.54998779296875,334.4700012207031,571.3300170898438,81.4749984741211,315.739990234375,257.95001220703125,334.7449951171875,571.9299926757812,81.4749984741211,315.51031494140625,257.4599914550781,334.42999267578125,571.22998046875,81.44499969482422,315.69989013671875,257.8236999511719,334.7200012207031,571.8699951171875,81.44499969482422,57669.0,125465,30251.0,23749.0,30523.0
2026-08-31 14:27:00-04:00,315.80999755859375,257.5798034667969,334.44500732421875,571.2000122070312,81.49500274658203,315.82000732421875,257.78509521484375,334.57000732421875,571.6998901367188,81.49500274658203,315.6300048828125,257.3900146484375,334.44000244140625,571.2000122070312,81.47000122070312,315.6300048828125,257.5744934082031,334.4800109863281,571.3416748046875,81.4800033569336,52706.0,135980,28810.0,21274.0,25451.0
2026-08-31 14:28:00-04:00,315.80010986328125,257.6650085449219,334.45001220703125,571.3699951171875,81.5,315.8500061035156,257.9700012207031,334.55999755859375,571.6900024414062,81.51000213623047,315.7200012207031,257.5400085449219,334.44000244140625,571.1799926757812,81.48999786376953,315.80999755859375,257.5400085449219,334.4700012207031,571.22998046875,81.49500274658203,39446.0,134040,17625.0,25531.0,23257.0
2026-08-31 14:29:00-04:00,315.68499755859375,257.82501220703125,334.4700012207031,571.5999755859375,81.5199966430664,315.80999755859375,257.8900146484375,334.5299987792969,571.7100219726562,81.5199966430664,315.6600036621094,257.590087890625,334.44000244140625,571.27001953125,81.48500061035156,315.80999755859375,257.590087890625,334.4700012207031,571.2700805664062,81.48999786376953,27020.0,78940,12676.0,16904.0,15437.0
2026-08-31 14:30:00-04:00,315.760009765625,257.9849853515625,334.5526123046875,571.4600219726562,81.5250015258789,315.82000732421875,258.1700134277344,334.5899963378906,571.77001953125,81.52999877929688,315.6300048828125,257.7200927734375,334.44000244140625,571.3900146484375,81.51200103759766,315.681884765625,257.8500061035156,334.4800109863281,571.5753173828125,81.51499938964844,30819.0,241354,21351.0,10673.0,19345.0
2026-08-31 14:31:00-04:00,315.7950134277344,257.8699951171875,334.5,571.2999877929688,81.49500274658203,315.9100036621094,258.1199951171875,334.6499938964844,571.5,81.5250015258789,315.7200012207031,257.75,334.45001220703125,571.260009765625,81.49459838867188,315.75,257.9800109863281,334.5799865722656,571.3796997070312,81.5250015258789,51308.0,114041,22331.0,10039.0,17423.0
2026-08-31 14:32:00-04:00,315.8299865722656,257.94000244140625,334.54998779296875,571.280029296875,81.50499725341797,315.8695983886719,258.0,334.54998779296875,571.3699951171875,81.51000213623047,315.760009765625,257.8500061035156,334.4566955566406,571.1599731445312,81.49019622802734,315.79998779296875,257.8800048828125,334.4700012207031,571.3699951171875,81.49500274658203,22163.0,48847,11205.0,18785.0,14657.0
2026-08-31 14:33:00-04:00,315.8299865722656,257.8599853515625,334.4949951171875,571.4099731445312,81.51499938964844,315.9154052734375,258.0,334.55999755859375,571.489990234375,81.5199966430664,315.8017883300781,257.79998779296875,334.4800109863281,571.0599975585938,81.49500274658203,315.8399963378906,257.92999267578125,334.55999755859375,571.2550048828125,81.50499725341797,29771.0,56823,19249.0,17660.0,24245.0
2026-08-31 14:34:00-04:00,315.8399963378906,257.78948974609375,334.6300048828125,571.5570068359375,81.47509765625,315.8999938964844,257.93499755859375,334.6394958496094,571.719970703125,81.52999877929688,315.75,257.760009765625,334.4949951171875,571.47998046875,81.47000122070312,315.82501220703125,257.8599853515625,334.4949951171875,571.510009765625,81.5199966430664,30623.0,55015,20183.0,17509.0,23057.0
2026-08-31 14:35:00-04:00,315.760009765625,257.63909912109375,334.5,571.6300048828125,81.43499755859375,315.8500061035156,257.8700866699219,334.7300109863281,571.969970703125,81.49500274658203,315.7550048828125,257.6099853515625,334.5,571.5,81.43499755859375,315.8399963378906,257.7659912109375,334.6099853515625,571.5,81.4749984741211,29209.0,83140,24582.0,21044.0,28126.0
2026-08-31 14:36:00-04:00,315.6000061035156,257.6300048828125,334.44000244140625,571.5399780273438,81.3949966430664,315.7799987792969,257.67999267578125,334.5400085449219,571.780029296875,81.44000244140625,315.5600891113281,257.4320068359375,334.4200134277344,571.4349975585938,81.3949966430664,315.7699890136719,257.64990234375,334.510009765625,571.6599731445312,81.43499755859375,38092.0,104130,11254.0,5923.0,24683.0
2026-08-31 14:37:00-04:00,315.590087890625,257.7300109863281,334.57501220703125,571.6599731445312,81.4000015258789,315.6499938964844,257.7799072265625,334.6600036621094,571.7100219726562,81.41000366210938,315.5476989746094,257.6000061035156,334.4100036621094,571.4500122070312,81.39450073242188,315.5899963378906,257.659912109375,334.42999267578125,571.5451049804688,81.39450073242188,27762.0,74627,13478.0,13220.0,25756.0
2026-08-31 14:38:00-04:00,315.3599853515625,257.6000061035156,334.3699951171875,571.489990234375,81.3550033569336,315.6400146484375,257.7799987792969,334.6050109863281,571.8099975585938,81.40499877929688,315.30999755859375,257.5400085449219,334.3500061035156,571.489990234375,81.35199737548828,315.6000061035156,257.7300109863281,334.57501220703125,571.7100219726562,81.40499877929688,51675.0,55627,22260.0,22059.0,22899.0
2026-08-31 14:39:00-04:00,315.2926025390625,257.760009765625,334.45001220703125,571.60498046875,81.38999938964844,315.4200134277344,257.93951416015625,334.54998779296875,571.7000122070312,81.3949966430664,315.2900085449219,257.6000061035156,334.3599853515625,571.4201049804688,81.35130310058594,315.3611145019531,257.6000061035156,334.3800048828125,571.5599975585938,81.3550033569336,30364.0,100739,12229.0,10497.0,23775.0
2026-08-31 14:40:00-04:00,315.4200134277344,257.9800109863281,334.4700012207031,571.60498046875,81.4000015258789,315.4200134277344,258.0299987792969,334.4700012207031,571.6199951171875,81.40499877929688,315.2099914550781,257.6499938964844,334.3999938964844,571.3699951171875,81.375,315.29998779296875,257.760009765625,334.44000244140625,571.530029296875,81.38999938964844,37631.0,94026,18903.0,11715.0,26518.0
2026-08-31 14:41:00-04:00,315.3599853515625,257.7200012207031,334.4159851074219,571.3300170898438,81.38999938964844,315.42498779296875,257.9599914550781,334.5400085449219,571.60498046875,81.4000015258789,315.32000732421875,257.70001220703125,334.40240478515625,571.27001953125,81.38999938964844,315.4100036621094,257.9599914550781,334.4700012207031,571.60498046875,81.4000015258789,36327.0,97054,16968.0,11347.0,10602.0
2026-08-31 14:42:00-04:00,315.1600036621094,257.8299865722656,334.44000244140625,571.4400024414062,81.39720153808594,315.3599853515625,257.8599853515625,334.4750061035156,571.52099609375,81.40499877929688,315.1300048828125,257.70001220703125,334.3399963378906,571.280029296875,81.37999725341797,315.3599853515625,257.7300109863281,334.3800048828125,571.3300170898438,81.38999938964844,37538.0,31137,22689.0,13348.0,18638.0
2026-08-31 14:43:00-04:00,315.1300048828125,257.56500244140625,334.4599914550781,571.2650146484375,81.37000274658203,315.20001220703125,257.8699951171875,334.489990234375,571.6300048828125,81.39939880371094,315.010009765625,257.3699951171875,334.3599853515625,571.0999755859375,81.36499786376953,315.17498779296875,257.8450927734375,334.44000244140625,571.4400024414062,81.38999938964844,45864.0,102420,19112.0,19305.0,22597.0
2026-08-31 14:44:00-04:00,315.2701110839844,257.659912109375,334.57000732421875,571.3699951171875,81.36499786376953,315.30999755859375,257.7699890136719,334.57000732421875,571.469970703125,81.375,315.1000061035156,257.55999755859375,334.4700012207031,571.2200927734375,81.36000061035156,315.14990234375,257.56500244140625,334.4700012207031,571.2650146484375,81.375,33373.0,54486,20311.0,12942.0,12133.0
2026-08-31 14:45:00-04:00,315.27850341796875,257.6700134277344,334.67999267578125,570.8699951171875,81.3550033569336,315.349609375,257.7318115234375,334.67999267578125,571.3699951171875,81.37000274658203,315.17999267578125,257.56048583984375,334.57000732421875,570.8699951171875,81.34500122070312,315.2701110839844,257.635009765625,334.57000732421875,571.3699951171875,81.36990356445312,30087.0,44166,18317.0,19453.0,18778.0
2026-08-31 14:46:00-04:00,315.3800048828125,257.7449951171875,334.6700134277344,570.864990234375,81.38410186767578,315.4049987792969,257.8299865722656,334.69000244140625,570.9349975585938,81.38999938964844,315.2200012207031,257.6199951171875,334.61761474609375,570.7999877929688,81.3550033569336,315.260009765625,257.69000244140625,334.6600036621094,570.864990234375,81.3550033569336,27115.0,52662,16763.0,11613.0,24023.0
2026-08-31 14:47:00-04:00,315.46600341796875,257.8900146484375,334.5899963378906,570.780029296875,81.41500091552734,315.46600341796875,257.9200134277344,334.75,570.9500122070312,81.41999816894531,315.364013671875,257.75,334.57000732421875,570.6937866210938,81.38999938964844,315.385009765625,257.760009765625,334.67999267578125,570.8599853515625,81.38999938964844,21976.0,87986,22158.0,13114.0,36400.0
2026-08-31 14:48:00-04:00,315.44000244140625,258.32501220703125,334.8299865722656,571.0499267578125,81.41999816894531,315.45001220703125,258.4100036621094,334.8299865722656,571.0499267578125,81.42500305175781,315.3548889160156,257.8900146484375,334.5899963378906,570.75,81.41000366210938,315.45001220703125,257.8900146484375,334.5899963378906,570.8400268554688,81.41500091552734,30327.0,212499,19617.0,22612.0,12826.0
2026-08-31 14:49:00-04:00,315.2900085449219,258.42999267578125,334.7900085449219,570.9849853515625,81.41500091552734,315.4599914550781,258.70001220703125,334.8800048828125,571.0999755859375,81.41500091552734,315.2900085449219,258.30999755859375,334.7900085449219,570.9299926757812,81.4000015258789,315.44500732421875,258.3399963378906,334.81500244140625,570.969970703125,81.41500091552734,25436.0,162836,15684.0,10635.0,14338.0
2026-08-31 14:50:00-04:00,315.3900146484375,258.32000732421875,334.7149963378906,570.8499755859375,81.41000366210938,315.4150085449219,258.4549865722656,334.80499267578125,570.9639892578125,81.41899871826172,315.2699890136719,258.2900085449219,334.66680908203125,570.719970703125,81.4000015258789,315.2749938964844,258.42999267578125,334.7900085449219,570.9639892578125,81.41000366210938,27973.0,79201,33055.0,13982.0,13789.0
2026-08-31 14:51:00-04:00,315.4150085449219,258.489990234375,334.8399963378906,571.0750122070312,81.42500305175781,315.4298095703125,258.489990234375,334.8900146484375,571.1099853515625,81.43000030517578,315.3575134277344,258.2699890136719,334.7200012207031,570.780029296875,81.41000366210938,315.385009765625,258.32000732421875,334.75,570.8599853515625,81.41400146484375,19236.0,89749,17579.0,10894.0,15085.0
2026-08-31 14:52:00-04:00,315.3800048828125,258.55999755859375,334.9700012207031,571.1400146484375,81.43499755859375,315.45001220703125,258.64990234375,335.0,571.2894897460938,81.43499755859375,315.3399963378906,258.4599914550781,334.83709716796875,571.1116943359375,81.42500305175781,315.4150085449219,258.4849853515625,334.83709716796875,571.1400146484375,81.42500305175781,20577.0,96965,23412.0,14786.0,12639.0
2026-08-31 14:53:00-04:00,315.36199951171875,258.54998779296875,334.8550109863281,571.22998046875,81.46499633789062,315.44000244140625,258.635009765625,335.0899963378906,571.22998046875,81.46499633789062,315.3299865722656,258.4599914550781,334.8500061035156,571.0100708007812,81.42500305175781,315.3900146484375,258.55999755859375,334.9700012207031,571.1400146484375,81.44000244140625,29819.0,55195,33897.0,11582.0,49490.0
2026-08-31 14:54:00-04:00,315.3999938964844,258.5,334.8500061035156,571.1522827148438,81.47000122070312,315.4100036621094,258.6199951171875,334.9100036621094,571.239990234375,81.4800033569336,315.31170654296875,258.4800109863281,334.8399963378906,571.0701293945312,81.44999694824219,315.3299865722656,258.57000732421875,334.8399963378906,571.2100219726562,81.46499633789062,19512.0,61599,10850.0,12113.0,35038.0
2026-08-31 14:55:00-04:00,315.2789001464844,258.385009765625,334.79998779296875,571.1900024414062,81.45999908447266,315.45001220703125,258.54998779296875,334.8399963378906,571.3099975585938,81.47000122070312,315.2550048828125,258.20001220703125,334.7500915527344,571.1199951171875,81.44999694824219,315.3949890136719,258.5050048828125,334.8349914550781,571.2000122070312,81.46009826660156,37550.0,62454,9177.0,14723.0,16732.0
2026-08-31 14:56:00-04:00,315.3026123046875,258.54998779296875,334.92999267578125,571.4299926757812,81.48500061035156,315.364990234375,258.5799865722656,334.94000244140625,571.5150146484375,81.48999786376953,315.25,258.3399963378906,334.7200927734375,571.154296875,81.45500183105469,315.2799987792969,258.3900146484375,334.7900085449219,571.219970703125,81.45500183105469,34585.0,60154,14647.0,15123.0,25816.0
2026-08-31 14:57:00-04:00,315.3599853515625,258.5400085449219,334.92999267578125,571.5499877929688,81.5009994506836,315.3900146484375,258.6499938964844,335.0150146484375,571.6466064453125,81.51000213623047,315.2401123046875,258.4800109863281,334.8900146484375,571.4000244140625,81.4800033569336,315.32000732421875,258.5559997558594,334.922607421875,571.52001953125,81.48999786376953,24163.0,60147,13540.0,14420.0,27440.0
2026-08-31 14:58:00-04:00,315.3901062011719,258.43499755859375,334.8999938964844,571.625,81.52200317382812,315.39990234375,258.5799865722656,334.92999267578125,571.7000122070312,81.52989959716797,315.32000732421875,258.3999938964844,334.843505859375,571.49462890625,81.5009994506836,315.3500061035156,258.52069091796875,334.9049987792969,571.5499877929688,81.50499725341797,21643.0,54278,10129.0,10452.0,26856.0
2026-08-31 14:59:00-04:00,315.3900146484375,258.6300048828125,334.79998779296875,571.5499877929688,81.49500274658203,315.42498779296875,258.6300048828125,334.9200134277344,571.8699951171875,81.5250015258789,315.3500061035156,258.3999938964844,334.7860107421875,571.4400024414062,81.48999786376953,315.3949890136719,258.43499755859375,334.8900146484375,571.7000122070312,81.5250015258789,29765.0,74370,9023.0,22254.0,182241.0
2026-08-31 15:00:00-04:00,315.4490051269531,258.7699890136719,334.79998779296875,573.52001953125,81.51499938964844,315.5400085449219,258.7799987792969,334.8699951171875,574.3300170898438,81.55999755859375,315.3949890136719,258.5899963378906,334.739990234375,571.5599975585938,81.49500274658203,315.3949890136719,258.6199951171875,334.7650146484375,571.6400146484375,81.49500274658203,35657.0,79397,17132.0,141875.0,47183.0
2026-08-31 15:01:00-04:00,315.4700012207031,258.7149963378906,334.760009765625,574.3400268554688,81.55999755859375,315.5400085449219,258.7799987792969,334.80999755859375,574.75,81.55999755859375,315.44500732421875,258.57501220703125,334.67999267578125,573.385009765625,81.51329803466797,315.44500732421875,258.7650146484375,334.7799987792969,573.385009765625,81.51329803466797,24613.0,52965,12782.0,53104.0,377832.0
2026-08-31 15:02:00-04:00,315.5350036621094,258.70001220703125,334.7950134277344,574.3250122070312,81.61199951171875,315.6199951171875,258.7799987792969,334.8949890136719,575.0999755859375,81.62999725341797,315.45001220703125,258.69000244140625,334.739990234375,574.2000122070312,81.56199645996094,315.4726867675781,258.7200012207031,334.760009765625,574.3800048828125,81.56680297851562,51756.0,63582,13282.0,91812.0,40253.0
2026-08-31 15:03:00-04:00,315.55499267578125,258.6000061035156,334.7250061035156,573.3699951171875,81.61000061035156,315.57000732421875,258.70001220703125,334.80999755859375,574.5477905273438,81.62000274658203,315.42999267578125,258.5299987792969,334.70001220703125,573.1448974609375,81.59500122070312,315.5350036621094,258.70001220703125,334.80999755859375,574.4199829101562,81.62000274658203,32659.0,87338,18204.0,38625.0,29618.0
2026-08-31 15:04:00-04:00,315.6050109863281,258.5799865722656,334.7900085449219,573.6799926757812,81.58999633789062,315.69000244140625,258.63299560546875,334.80999755859375,574.0900268554688,81.62169647216797,315.4801025390625,258.56500244140625,334.67999267578125,573.3250122070312,81.58000183105469,315.54998779296875,258.5899963378906,334.7200012207031,573.4600219726562,81.61000061035156,47433.0,46412,19602.0,34256.0,28505.0
2026-08-31 15:05:00-04:00,315.6000061035156,258.6400146484375,334.8800048828125,573.5947265625,81.58999633789062,315.6199951171875,258.68499755859375,334.95001220703125,574.3049926757812,81.5999984741211,315.510009765625,258.54998779296875,334.7749938964844,573.3001098632812,81.56999969482422,315.57501220703125,258.5799865722656,334.79998779296875,573.7349853515625,81.58499908447266,25217.0,64686,18536.0,31867.0,27153.0
2026-08-31 15:06:00-04:00,315.54229736328125,258.6300048828125,335.0639953613281,574.8300170898438,81.56500244140625,315.5799865722656,258.6650085449219,335.1000061035156,574.8300170898438,81.58000183105469,315.4601135253906,258.30999755859375,334.8537902832031,573.4600219726562,81.55999755859375,315.5799865722656,258.635009765625,334.8765869140625,573.6950073242188,81.58000183105469,18025.0,94909,16668.0,51780.0,47968.0
2026-08-31 15:07:00-04:00,315.56500244140625,258.7300109863281,335.1099853515625,575.1599731445312,81.59600067138672,315.5899963378906,258.7499084472656,335.1700134277344,575.3800048828125,81.5999984741211,315.5050048828125,258.6099853515625,335.04998779296875,574.6170043945312,81.56500244140625,315.5450134277344,258.625,335.05670166015625,574.6170043945312,81.56500244140625,21770.0,47381,13671.0,46069.0,16565.0
2026-08-31 15:08:00-04:00,315.54998779296875,258.5899963378906,335.2250061035156,575.260009765625,81.59500122070312,315.6195068359375,258.760009765625,335.25,575.5900268554688,81.62000274658203,315.5199890136719,258.55999755859375,335.0899963378906,574.830078125,81.58499908447266,315.57000732421875,258.7102966308594,335.1300048828125,575.2150268554688,81.58999633789062,30345.0,61928,18074.0,34373.0,25202.0
2026-08-31 15:09:00-04:00,315.65008544921875,258.6400146484375,335.3299865722656,575.6099853515625,81.6050033569336,315.69000244140625,258.6650085449219,335.375,576.1799926757812,81.61000061035156,315.54998779296875,258.5400085449219,335.2250061035156,575.1900024414062,81.58999633789062,315.54998779296875,258.5899963378906,335.2445983886719,575.25,81.5999984741211,32120.0,61979,24180.0,38148.0,17486.0
2026-08-31 15:10:00-04:00,315.7582092285156,258.739990234375,335.29998779296875,575.75,81.57540130615234,315.80999755859375,258.79998779296875,335.46990966796875,576.0999755859375,81.5999984741211,315.69000244140625,258.6700134277344,335.2300109863281,575.6900024414062,81.55500030517578,315.69000244140625,258.6700134277344,335.3399963378906,575.6900024414062,81.5999984741211,55113.0,67983,44859.0,45434.0,51021.0
2026-08-31 15:11:00-04:00,315.8500061035156,258.739990234375,335.2200012207031,574.5650024414062,81.55500030517578,315.8999938964844,258.7650146484375,335.3699035644531,575.7750244140625,81.58000183105469,315.75,258.69000244140625,335.2099914550781,574.4400024414062,81.54499816894531,315.75,258.7200012207031,335.30340576171875,575.7750244140625,81.56999969482422,40767.0,38220,17753.0,33999.0,18389.0
2026-08-31 15:12:00-04:00,315.9849853515625,258.79998779296875,335.215087890625,574.1900024414062,81.55500030517578,315.989990234375,258.8598937988281,335.32000732421875,574.75,81.56999969482422,315.8399963378906,258.7300109863281,335.2084045410156,573.9199829101562,81.55000305175781,315.8699035644531,258.7749938964844,335.239990234375,574.5599975585938,81.55500030517578,58081.0,74353,18851.0,26193.0,18076.0
2026-08-31 15:13:00-04:00,315.94500732421875,258.7149963378906,335.1499938964844,574.3049926757812,81.56999969482422,315.98638916015625,258.8200988769531,335.25,574.510009765625,81.58000183105469,315.82000732421875,258.7149963378906,335.1400146484375,574.010009765625,81.54409790039062,315.9849853515625,258.79998779296875,335.239990234375,574.3300170898438,81.55599975585938,59328.0,42049,18390.0,73111.0,27319.0
2026-08-31 15:14:00-04:00,316.0299987792969,258.7349853515625,335.2650146484375,574.0997924804688,81.53500366210938,316.06988525390625,258.7900085449219,335.2900085449219,574.719970703125,81.57499694824219,315.95001220703125,258.70001220703125,335.1499938964844,574.0499877929688,81.53500366210938,315.95001220703125,258.7149963378906,335.1499938964844,574.1201171875,81.56999969482422,59237.0,47917,20169.0,19485.0,19361.0
2026-08-31 15:15:00-04:00,315.9800109863281,258.8599853515625,335.17999267578125,574.219970703125,81.51499938964844,316.0400085449219,258.8599853515625,335.2900085449219,574.6900024414062,81.53829956054688,315.93499755859375,258.7300109863281,335.1499938964844,574.0,81.51000213623047,316.010009765625,258.7349853515625,335.2699890136719,574.219970703125,81.53500366210938,49800.0,62400,17466.0,21380.0,28750.0
2026-08-31 15:16:00-04:00,316.010009765625,259.0899963378906,335.0799865722656,574.1799926757812,81.51499938964844,316.0799865722656,259.17999267578125,335.19000244140625,574.4600219726562,81.52999877929688,315.95001220703125,258.8599853515625,335.0450134277344,574.1099853515625,81.51000213623047,315.9700012207031,258.8800048828125,335.1603088378906,574.2449951171875,81.51499938964844,58627.0,169267,15395.0,16938.0,31187.0
2026-08-31 15:17:00-04:00,315.9200134277344,259.0920104980469,335.0299987792969,573.6400146484375,81.48999786376953,316.0450134277344,259.1796875,335.1299133300781,574.27001953125,81.5199966430664,315.9200134277344,259.04998779296875,335.0299987792969,573.5800170898438,81.48999786376953,316.0299987792969,259.0899963378906,335.06500244140625,574.1799926757812,81.51100158691406,36010.0,58885,14648.0,19521.0,30864.0
2026-08-31 15:18:00-04:00,315.9200134277344,259.1300048828125,335.010009765625,573.4299926757812,81.46499633789062,315.9599914550781,259.1549987792969,335.07000732421875,573.64501953125,81.48500061035156,315.8699951171875,259.0,334.9700927734375,573.0999755859375,81.45010375976562,315.93499755859375,259.1099853515625,335.07000732421875,573.6400146484375,81.4800033569336,46883.0,62129,15116.0,31281.0,21179.0
2026-08-31 15:19:00-04:00,315.93499755859375,259.1099853515625,334.9800109863281,572.8099975585938,81.44499969482422,315.95001220703125,259.1650085449219,335.04998779296875,573.47998046875,81.46499633789062,315.8399963378906,259.0899963378906,334.9100036621094,572.8099975585938,81.44000244140625,315.92498779296875,259.1300048828125,335.0299987792969,573.405029296875,81.46499633789062,28917.0,49618,15863.0,18426.0,24257.0
2026-08-31 15:20:00-04:00,315.82000732421875,259.0150146484375,334.8501892089844,572.3699951171875,81.43199920654297,315.94500732421875,259.1499938964844,334.99951171875,572.969970703125,81.45800018310547,315.80999755859375,258.95001220703125,334.82000732421875,572.3099975585938,81.43199920654297,315.94000244140625,259.1099853515625,334.99951171875,572.8408203125,81.44499969482422,41755.0,101108,19503.0,24315.0,26122.0
2026-08-31 15:21:00-04:00,315.67999267578125,259.0299987792969,334.8301086425781,572.385009765625,81.4490966796875,315.82000732421875,259.0899963378906,334.94000244140625,572.5339965820312,81.4490966796875,315.6600036621094,258.94000244140625,334.82000732421875,572.2999877929688,81.41999816894531,315.82000732421875,259.0199890136719,334.8544921875,572.3499755859375,81.43990325927734,90922.0,54939,15655.0,19213.0,24855.0
2026-08-31 15:22:00-04:00,315.8299865722656,258.9049987792969,334.92999267578125,572.3599853515625,81.43499755859375,315.8299865722656,259.1199951171875,334.94000244140625,572.5399780273438,81.44000244140625,315.6600036621094,258.80999755859375,334.82000732421875,572.25,81.41999816894531,315.67999267578125,259.0400085449219,334.8500061035156,572.385009765625,81.44000244140625,31916.0,124146,21911.0,22604.0,22351.0
2026-08-31 15:23:00-04:00,315.8900146484375,258.95001220703125,334.92498779296875,572.469970703125,81.44499969482422,315.94500732421875,259.0400085449219,335.1000061035156,572.7999877929688,81.45999908447266,315.82000732421875,258.89599609375,334.9200134277344,572.2501220703125,81.43000030517578,315.8299865722656,258.89599609375,334.95001220703125,572.3200073242188,81.44000244140625,33557.0,53464,18258.0,22342.0,35287.0
2026-08-31 15:24:00-04:00,315.82000732421875,258.9765930175781,334.965087890625,572.3150024414062,81.43499755859375,315.91009521484375,259.0799865722656,334.9700012207031,572.5399169921875,81.44499969482422,315.82000732421875,258.95001220703125,334.8999938964844,572.260009765625,81.43000030517578,315.89019775390625,258.95989990234375,334.92498779296875,572.469970703125,81.44499969482422,33360.0,69462,20905.0,12633.0,13382.0
2026-08-31 15:25:00-04:00,315.8299865722656,258.94000244140625,334.94000244140625,572.4000244140625,81.4000015258789,315.8399963378906,258.9949951171875,335.0,572.469970703125,81.44000244140625,315.7650146484375,258.8699951171875,334.9200134277344,572.2000122070312,81.4000015258789,315.81201171875,258.989990234375,334.97711181640625,572.3150024414062,81.44000244140625,27099.0,60588,13457.0,12490.0,28068.0
2026-08-31 15:26:00-04:00,315.8599853515625,258.9700012207031,334.989990234375,572.6599731445312,81.44499969482422,315.8695068359375,258.9800109863281,335.05999755859375,572.6599731445312,81.44999694824219,315.7099914550781,258.9150085449219,334.92999267578125,572.3109741210938,81.41000366210938,315.8340148925781,258.94500732421875,334.95001220703125,572.4500122070312,81.41000366210938,40194.0,56650,14417.0,17056.0,23511.0
2026-08-31 15:27:00-04:00,316.0050048828125,259.0094909667969,335.04998779296875,572.5750122070312,81.40249633789062,316.0199890136719,259.0400085449219,335.04998779296875,572.72998046875,81.44000244140625,315.8399963378906,258.9601135253906,334.989990234375,572.5399780273438,81.40249633789062,315.860107421875,258.9601135253906,334.989990234375,572.625,81.44000244140625,49008.0,60876,16629.0,15911.0,32383.0
2026-08-31 15:28:00-04:00,316.010009765625,258.8949890136719,335.03460693359375,572.7514038085938,81.41500091552734,316.07000732421875,259.0249938964844,335.1000061035156,572.7849731445312,81.43000030517578,315.9200134277344,258.7638854980469,335.010009765625,572.5,81.41000366210938,316.0150146484375,258.9949951171875,335.0400085449219,572.6300048828125,81.41000366210938,70205.0,108223,26836.0,25796.0,22846.0
2026-08-31 15:29:00-04:00,316.0249938964844,258.9800109863281,335.0400085449219,572.7550048828125,81.38999938964844,316.1600036621094,258.9991149902344,335.0899963378906,572.9199829101562,81.41999816894531,315.9801025390625,258.8699951171875,335.0199890136719,572.719970703125,81.38999938964844,316.04998779296875,258.8949890136719,335.0398864746094,572.772216796875,81.41000366210938,65133.0,68475,16732.0,24886.0,25945.0
2026-08-31 15:30:00-04:00,315.8599853515625,258.9599914550781,334.8450927734375,572.6099853515625,81.37000274658203,316.07000732421875,259.08990478515625,335.0299987792969,572.9199829101562,81.39540100097656,315.8500061035156,258.9100036621094,334.80499267578125,572.5250244140625,81.3550033569336,316.0299987792969,258.9800109863281,335.0299987792969,572.8200073242188,81.39540100097656,65068.0,112136,19909.0,24213.0,43807.0
2026-08-31 15:31:00-04:00,315.7925109863281,258.9700012207031,334.96771240234375,572.3499755859375,81.375,315.8999938964844,259.07000732421875,334.989990234375,572.6599731445312,81.38500213623047,315.7799987792969,258.9100036621094,334.79998779296875,572.2999877929688,81.36499786376953,315.875,258.9599914550781,334.8450012207031,572.6298828125,81.37000274658203,48241.0,95543,16188.0,15182.0,34414.0
2026-08-31 15:32:00-04:00,315.8699951171875,259.1000061035156,334.9700012207031,572.3049926757812,81.37999725341797,315.92498779296875,259.1400146484375,335.0199890136719,572.4199829101562,81.38999938964844,315.7973937988281,258.91009521484375,334.9200134277344,572.010009765625,81.36499786376953,315.7973937988281,258.9798889160156,334.989990234375,572.3499755859375,81.38500213623047,30160.0,58939,21179.0,20765.0,31688.0
2026-08-31 15:33:00-04:00,315.80499267578125,259.1050109863281,335.0400085449219,572.3200073242188,81.36499786376953,315.8699951171875,259.1300048828125,335.0400085449219,572.3200073242188,81.375,315.7699890136719,259.0400085449219,334.91009521484375,572.0999755859375,81.3499984741211,315.8699951171875,259.11358642578125,334.9599914550781,572.3150024414062,81.37000274658203,38331.0,43084,20783.0,15548.0,20681.0
2026-08-31 15:34:00-04:00,315.82000732421875,259.29998779296875,335.1400146484375,572.4985961914062,81.3949966430664,315.8599853515625,259.32000732421875,335.1700134277344,572.5,81.3949966430664,315.75,259.1000061035156,335.010009765625,572.1810913085938,81.3550033569336,315.7799987792969,259.1199951171875,335.0199890136719,572.3200073242188,81.36000061035156,31000.0,71848,17648.0,26158.0,0.0
2026-08-31 15:35:00-04:00,315.8500061035156,259.3399963378906,335.0899963378906,572.4349975585938,81.3499984741211,315.8710021972656,259.4381103515625,335.1600036621094,572.5344848632812,81.3949966430664,315.7799987792969,259.2799987792969,335.07000732421875,572.1602783203125,81.3499984741211,315.81500244140625,259.30499267578125,335.114990234375,572.3699951171875,81.3949966430664,51613.0,90423,17187.0,23149.0,29229.0
2026-08-31 15:36:00-04:00,315.93499755859375,259.1700134277344,335.0799865722656,572.3499755859375,81.31999969482422,316.0299987792969,259.3799133300781,335.1499938964844,572.5700073242188,81.3499984741211,315.84259033203125,259.1400146484375,335.05999755859375,572.25,81.30999755859375,315.8599853515625,259.3599853515625,335.0950012207031,572.47998046875,81.34500122070312,45658.0,88127,16238.0,13033.0,37742.0
2026-08-31 15:37:00-04:00,315.9800109863281,259.2099914550781,335.16180419921875,572.5,81.3550033569336,315.9849853515625,259.2799987792969,335.29998779296875,572.6199951171875,81.36499786376953,315.8999938964844,259.1099853515625,335.06500244140625,572.2899780273438,81.31500244140625,315.92999267578125,259.1700134277344,335.0726013183594,572.3800048828125,81.31999969482422,42870.0,50840,29444.0,28661.0,40113.0
2026-08-31 15:38:00-04:00,315.9938049316406,259.32000732421875,335.0400085449219,572.5599975585938,81.3550033569336,316.04998779296875,259.3399963378906,335.1650085449219,572.6900024414062,81.37999725341797,315.91009521484375,259.17999267578125,335.0299987792969,572.360107421875,81.3499984741211,315.9599914550781,259.2300109863281,335.1650085449219,572.572021484375,81.3499984741211,45640.0,78303,34996.0,27498.0,37307.0
2026-08-31 15:39:00-04:00,316.0400085449219,259.32000732421875,335.07000732421875,572.4600219726562,81.34500122070312,316.05999755859375,259.489990234375,335.135009765625,572.8192749023438,81.36990356445312,315.9700927734375,259.2799987792969,335.0,572.340087890625,81.34500122070312,315.989990234375,259.2900085449219,335.031005859375,572.4600219726562,81.3550033569336,50821.0,106933,26809.0,18706.0,36341.0
2026-08-31 15:40:00-04:00,316.10009765625,259.2698974609375,335.1000061035156,572.5549926757812,81.26000213623047,316.1099853515625,259.3450012207031,335.139892578125,572.6400146484375,81.3550033569336,316.03289794921875,259.2550048828125,335.0400085449219,572.4600219726562,81.26000213623047,316.04998779296875,259.3299865722656,335.04998779296875,572.52001953125,81.3499984741211,38212.0,58097,12629.0,25340.0,52221.0
2026-08-31 15:41:00-04:00,316.2149963378906,259.3349914550781,335.19500732421875,572.7750244140625,81.33000183105469,316.239013671875,259.3699951171875,335.25,572.8099975585938,81.33000183105469,316.0199890136719,259.19000244140625,335.06500244140625,572.4100952148438,81.25,316.1099853515625,259.2550048828125,335.1000061035156,572.469970703125,81.26000213623047,108045.0,72949,25181.0,21429.0,40816.0
2026-08-31 15:42:00-04:00,316.3500061035156,259.3500061035156,335.4200134277344,573.0701293945312,81.46499633789062,316.4200134277344,259.44989013671875,335.5,573.1900024414062,81.47000122070312,316.20660400390625,259.32000732421875,335.19000244140625,572.7100219726562,81.33499908447266,316.20660400390625,259.3399963378906,335.19500732421875,572.8099975585938,81.33499908447266,177026.0,105413,36492.0,53789.0,70505.0
2026-08-31 15:43:00-04:00,316.3999938964844,259.42498779296875,335.5,573.2844848632812,81.52999877929688,316.4599914550781,259.44171142578125,335.57501220703125,573.4000244140625,81.54000091552734,316.17999267578125,259.3299865722656,335.3599853515625,573.0,81.45500183105469,316.3599853515625,259.3500061035156,335.3999938964844,573.094970703125,81.46910095214844,233385.0,77233,40657.0,18912.0,61041.0
2026-08-31 15:44:00-04:00,316.4599914550781,259.25,335.3900146484375,573.1799926757812,81.50399780273438,316.510009765625,259.4800109863281,335.54998779296875,573.3800048828125,81.54000091552734,316.3399963378906,259.239990234375,335.3511962890625,573.0,81.49500274658203,316.42999267578125,259.44000244140625,335.5,573.2650146484375,81.52999877929688,102930.0,80226,25049.0,21094.0,29909.0
2026-08-31 15:45:00-04:00,316.25,259.3500061035156,335.42498779296875,573.27001953125,81.5199966430664,316.45001220703125,259.3999938964844,335.510009765625,573.3306274414062,81.5199966430664,316.1650085449219,259.12200927734375,335.3299865722656,572.6599731445312,81.4800033569336,316.44500732421875,259.2300109863281,335.3900146484375,573.0700073242188,81.5,103345.0,82518,42933.0,34743.0,42942.0
2026-08-31 15:46:00-04:00,316.45001220703125,259.3399963378906,335.239990234375,573.3400268554688,81.4749984741211,316.5199890136719,259.45001220703125,335.4599914550781,573.4500122070312,81.51499938964844,316.135009765625,259.2799987792969,335.1700134277344,572.9199829101562,81.45500183105469,316.239990234375,259.3599853515625,335.4200134277344,573.3800048828125,81.51499938964844,145427.0,87934,33857.0,36238.0,34354.0
2026-08-31 15:47:00-04:00,316.260009765625,259.4100036621094,335.3299865722656,573.510009765625,81.43000030517578,316.5793151855469,259.6300048828125,335.3699951171875,573.739990234375,81.47000122070312,316.25,259.3299865722656,335.2650146484375,573.239990234375,81.43000030517578,316.45001220703125,259.3450012207031,335.2650146484375,573.239990234375,81.45999908447266,120354.0,395348,28112.0,41723.0,36120.0
2026-08-31 15:48:00-04:00,316.4200134277344,259.1264953613281,335.2200012207031,573.6300048828125,81.4749984741211,316.5,259.4200134277344,335.3399963378906,573.77001953125,81.49500274658203,316.19000244140625,259.1264953613281,335.2200012207031,573.4935302734375,81.40499877929688,316.2699890136719,259.4200134277344,335.3299865722656,573.5504760742188,81.41999816894531,86069.0,124948,36078.0,23947.0,36349.0
2026-08-31 15:49:00-04:00,316.75,259.45001220703125,335.2300109863281,574.25,81.4800033569336,316.75,259.4750061035156,335.260009765625,574.25,81.48999786376953,316.4393005371094,259.1160888671875,335.1600036621094,573.239990234375,81.44999694824219,316.44000244140625,259.1499938964844,335.25,573.6298828125,81.46499633789062,111198.0,79455,36707.0,40494.0,18525.0
2026-08-31 15:50:00-04:00,316.739990234375,260.54998779296875,336.2850036621094,574.094970703125,81.36000061035156,317.69000244140625,261.3900146484375,337.739990234375,574.5,81.48500061035156,316.6700134277344,259.4700012207031,335.239990234375,573.5800170898438,81.33000183105469,316.760009765625,259.4700012207031,335.239990234375,574.2100219726562,81.4800033569336,375237.0,651716,455257.0,60124.0,92975.0
2026-08-31 15:51:00-04:00,316.9599914550781,260.42999267578125,336.57501220703125,574.27001953125,81.36000061035156,316.989013671875,260.55999755859375,336.6199951171875,574.2994995117188,81.37999725341797,316.510009765625,260.1000061035156,336.20001220703125,573.580078125,81.33999633789062,316.7650146484375,260.54998779296875,336.2991027832031,574.0900268554688,81.37000274658203,170083.0,238838,135502.0,35882.0,74922.0
2026-08-31 15:52:00-04:00,316.989013671875,260.19000244140625,336.2099914550781,574.0700073242188,81.3499984741211,317.0950012207031,260.5350036621094,336.7300109863281,574.7999877929688,81.37999725341797,316.8800048828125,260.1300048828125,336.1400146484375,574.0599975585938,81.33999633789062,316.9601135253906,260.44000244140625,336.5899963378906,574.1900024414062,81.3499984741211,184087.0,247499,131689.0,58662.0,52951.0
2026-08-31 15:53:00-04:00,316.7900085449219,260.0,335.7864990234375,575.1599731445312,81.34500122070312,317.04998779296875,260.260009765625,336.2200012207031,575.1599731445312,81.38500213623047,316.67999267578125,259.92498779296875,335.7344970703125,573.75,81.34500122070312,316.989990234375,260.19000244140625,336.2099914550781,574.0900268554688,81.3550033569336,140911.0,203869,110526.0,86625.0,73327.0
2026-08-31 15:54:00-04:00,316.9549865722656,260.2799987792969,336.2300109863281,574.5,81.03500366210938,317.1499938964844,260.4200134277344,336.3800048828125,575.030029296875,81.34249877929688,316.55999755859375,259.57000732421875,335.44000244140625,574.118408203125,80.87000274658203,316.7950134277344,259.9800109863281,335.7699890136719,575.030029296875,81.33999633789062,191096.0,370576,206099.0,101968.0,466942.0
2026-08-31 15:55:00-04:00,316.3299865722656,260.7300109863281,336.0899963378906,572.5798950195312,81.03500366210938,316.9949951171875,260.82000732421875,336.2799987792969,574.489990234375,81.05999755859375,315.7099914550781,260.17498779296875,335.9700012207031,571.4400024414062,80.93000030517578,316.9649963378906,260.260009765625,336.20001220703125,574.489990234375,81.05000305175781,369773.0,436348,146578.0,169337.0,492266.0
2026-08-31 15:56:00-04:00,316.79071044921875,260.5199890136719,335.89990234375,572.7000122070312,81.05500030517578,316.82000732421875,260.8999938964844,336.19000244140625,572.7150268554688,81.11000061035156,316.3399963378906,260.4599914550781,335.8599853515625,572.22998046875,81.0250015258789,316.3399963378906,260.739990234375,336.07501220703125,572.5352783203125,81.03500366210938,216302.0,420541,87155.0,99754.0,226220.0
2026-08-31 15:57:00-04:00,316.9100036621094,260.05999755859375,335.57501220703125,572.4249877929688,81.06999969482422,316.9549865722656,260.79998779296875,335.94000244140625,572.8800048828125,81.09500122070312,316.6300048828125,260.05999755859375,335.55999755859375,572.2200927734375,81.0199966430664,316.80999755859375,260.5249938964844,335.8999938964844,572.7100219726562,81.05500030517578,252437.0,483139,140446.0,135139.0,387409.0
2026-08-31 15:58:00-04:00,316.9700012207031,259.8800048828125,335.6499938964844,572.4000244140625,81.07499694824219,317.0,260.1400146484375,335.6600036621094,572.5599975585938,81.0999984741211,316.7799987792969,259.8399963378906,335.5299987792969,572.260009765625,81.05000305175781,316.92999267578125,260.0899963378906,335.5799865722656,572.4500122070312,81.06999969482422,432414.0,453158,197738.0,125278.0,305031.0
2026-08-31 15:59:00-04:00,317.2300109863281,259.92999267578125,335.489990234375,572.9099731445312,81.04000091552734,317.4800109863281,260.17999267578125,335.82000732421875,572.9500122070312,81.12999725341797,316.5400085449219,259.69000244140625,335.239990234375,571.6099853515625,81.0199966430664,316.9700012207031,259.8699951171875,335.6400146484375,572.4099731445312,81.06999969482422,995262.0,923647,487797.0,279430.0,716297.0
2026-09-01 09:30:00-04:00,316.70001220703125,253.2899932861328,329.94000244140625,557.6099853515625,79.70500183105469,317.3800048828125,255.0,332.3999938964844,560.0,80.30000305175781,316.2099914550781,253.24000549316406,329.2900085449219,556.2999877929688,79.5999984741211,316.9800109863281,254.8300018310547,332.29998779296875,557.7999877929688,80.11199951171875,1398096.0,2234755,1018023.0,866928.0,1236595.0
2026-09-01 09:31:00-04:00,316.0,252.53990173339844,331.0450134277344,558.239990234375,80.19999694824219,316.760009765625,253.5399932861328,331.0450134277344,560.47998046875,80.26589965820312,315.510009765625,252.3000030517578,329.9100036621094,556.469970703125,79.66999816894531,316.70001220703125,253.25,330.0,557.4000244140625,79.69999694824219,131713.0,364483,90179.0,201292.0,146500.0
2026-09-01 09:32:00-04:00,315.5227966308594,252.82769775390625,330.1499938964844,558.7100219726562,80.19499969482422,316.45001220703125,252.99000549316406,331.1700134277344,559.3300170898438,80.26000213623047,315.5199890136719,251.92999267578125,330.0299987792969,557.4099731445312,79.97000122070312,315.8999938964844,252.47999572753906,331.0249938964844,557.5900268554688,80.08999633789062,116579.0,454803,72022.0,90449.0,83918.0
2026-09-01 09:33:00-04:00,315.04998779296875,254.10499572753906,329.760009765625,560.7999877929688,79.94999694824219,315.6700134277344,254.27499389648438,330.489990234375,561.3400268554688,80.23500061035156,314.9200134277344,252.8699951171875,329.5400085449219,558.7899780273438,79.94999694824219,315.5,252.9199981689453,330.20220947265625,558.8499145507812,80.18000030517578,155761.0,262692,89597.0,148985.0,60635.0
2026-09-01 09:34:00-04:00,315.3399963378906,255.0,330.885009765625,562.8900146484375,80.19000244140625,315.3500061035156,255.24000549316406,330.885009765625,563.7999877929688,80.19999694824219,314.73699951171875,253.95509338378906,329.70001220703125,560.52001953125,79.94499969482422,315.0,254.10499572753906,329.7900085449219,560.8900146484375,79.94999694824219,100709.0,255731,55737.0,83601.0,80654.0
2026-09-01 09:35:00-04:00,316.4599914550781,255.09750366210938,331.864990234375,562.3099975585938,80.37999725341797,316.5,255.3800048828125,332.0,563.4699096679688,80.4000015258789,315.19000244140625,254.8800048828125,330.95001220703125,561.9400024414062,80.11000061035156,315.3699951171875,255.05999755859375,330.95001220703125,562.6400146484375,80.20999908447266,121632.0,224592,90732.0,70123.0,134947.0
2026-09-01 09:36:00-04:00,317.2944030761719,254.97999572753906,331.4949951171875,562.947509765625,80.55000305175781,317.3599853515625,255.5500030517578,331.885986328125,563.8699951171875,80.55989837646484,316.35009765625,254.88009643554688,331.4100036621094,562.1500244140625,80.30000305175781,316.4049987792969,255.10000610351562,331.7799987792969,562.1799926757812,80.3915023803711,149212.0,182723,56323.0,57194.0,95264.0
2026-09-01 09:37:00-04:00,317.92999267578125,255.10130310058594,331.7099914550781,563.3499755859375,80.67500305175781,318.0400085449219,255.5500030517578,332.0,563.5899047851562,80.67500305175781,317.2200012207031,254.8800048828125,331.3999938964844,562.4622192382812,80.5,317.30999755859375,254.97999572753906,331.4949951171875,562.9099731445312,80.55000305175781,224923.0,117945,49073.0,33217.0,68859.0
2026-09-01 09:38:00-04:00,317.8550109863281,255.34500122070312,331.94000244140625,563.035888671875,80.59660339355469,318.1199951171875,255.52999877929688,332.0,563.89990234375,80.7699966430664,317.3599853515625,255.07009887695312,331.4800109863281,562.8800048828125,80.5250015258789,317.93499755859375,255.11000061035156,331.6400146484375,563.2150268554688,80.66000366210938,270874.0,118314,72316.0,36284.0,79517.0
2026-09-01 09:39:00-04:00,318.1650085449219,254.89999389648438,331.44500732421875,562.344970703125,80.62000274658203,318.25,255.48989868164062,331.94000244140625,563.2100219726562,80.66000366210938,317.70001220703125,254.72999572753906,331.27099609375,561.9000854492188,80.48999786376953,317.82000732421875,255.35400390625,331.92498779296875,563.2080078125,80.5999984741211,168244.0,135075,58560.0,36335.0,77369.0
2026-09-01 09:40:00-04:00,318.385009765625,254.5500030517578,331.44329833984375,562.3900146484375,80.45999908447266,318.42999267578125,255.19760131835938,331.7900085449219,562.6898803710938,80.69000244140625,317.7200012207031,254.5,331.20001220703125,561.5830078125,80.44000244140625,318.1700134277344,254.95399475097656,331.406005859375,562.344970703125,80.625,191544.0,122234,46921.0,32333.0,47201.0
2026-09-01 09:41:00-04:00,318.8042907714844,254.73129272460938,331.2650146484375,564.1950073242188,80.68009948730469,318.8999938964844,254.8000030517578,331.5899963378906,564.3900146484375,80.69999694824219,318.1455993652344,254.30999755859375,331.2402038574219,562.3200073242188,80.47000122070312,318.3940124511719,254.52999877929688,331.4949951171875,562.5,80.4800033569336,226209.0,111662,34703.0,48776.0,49805.0
2026-09-01 09:42:00-04:00,318.885009765625,255.35000610351562,332.05999755859375,566.2449951171875,80.77999877929688,319.1300048828125,255.66000366210938,332.45001220703125,566.3599853515625,80.79000091552734,318.54998779296875,254.60000610351562,331.1400146484375,563.760009765625,80.68000030517578,318.7850036621094,254.7100067138672,331.2550048828125,564.125,80.70500183105469,222131.0,142352,90582.0,78553.0,44939.0
2026-09-01 09:43:00-04:00,318.3699951171875,255.44000244140625,332.45001220703125,565.9749755859375,80.93000030517578,319.0799865722656,255.5446014404297,332.489990234375,566.3200073242188,80.93000030517578,318.2200012207031,255.20050048828125,332.0,565.1900024414062,80.79499816894531,318.885009765625,255.4250030517578,332.17999267578125,566.1900024414062,80.80000305175781,205192.0,100072,41007.0,38588.0,62761.0
2026-09-01 09:44:00-04:00,319.1499938964844,254.91000366210938,332.45001220703125,566.097412109375,80.78810119628906,319.3399963378906,255.44500732421875,332.8550109863281,566.0980224609375,80.93990325927734,318.3599853515625,254.87269592285156,332.3399963378906,564.6766967773438,80.77999877929688,318.3699951171875,255.42999267578125,332.43499755859375,565.9749755859375,80.92009735107422,259321.0,89443,64683.0,51866.0,78808.0
2026-09-01 09:45:00-04:00,319.44500732421875,255.38499450683594,332.79998779296875,566.27880859375,80.88999938964844,319.760009765625,255.5399932861328,332.9800109863281,566.5800170898438,80.93000030517578,319.0199890136719,254.87010192871094,332.4100036621094,565.356689453125,80.7249984741211,319.1499938964844,254.94500732421875,332.4800109863281,565.8599853515625,80.77999877929688,305376.0,100775,45097.0,37286.0,58360.0
2026-09-01 09:46:00-04:00,320.1890869140625,255.30499267578125,332.7449951171875,566.760009765625,80.87249755859375,320.45001220703125,255.58999633789062,333.0,567.1500244140625,80.94930267333984,319.3599853515625,255.2100067138672,332.55999755859375,565.8099975585938,80.8499984741211,319.4649963378906,255.47999572753906,332.760009765625,566.25,80.88009643554688,377068.0,96740,64931.0,41026.0,38351.0
2026-09-01 09:47:00-04:00,320.3973083496094,255.1407928466797,333.2650146484375,567.1799926757812,80.91500091552734,320.4895935058594,255.33999633789062,333.44000244140625,567.6699829101562,80.9800033569336,319.9100036621094,255.13999938964844,332.69000244140625,566.6599731445312,80.87999725341797,320.19000244140625,255.27000427246094,332.739990234375,566.9400024414062,80.87999725341797,220534.0,92732,66230.0,51170.0,41765.0
2026-09-01 09:48:00-04:00,320.7749938964844,255.0,333.1199951171875,566.1649780273438,80.87000274658203,321.0,255.32000732421875,333.30999755859375,567.4400024414062,80.91500091552734,320.39739990234375,254.92999267578125,332.95001220703125,566.1649780273438,80.80000305175781,320.44000244140625,255.1699981689453,333.260009765625,567.0449829101562,80.9072036743164,295606.0,93752,31935.0,30127.0,57150.0
2026-09-01 09:49:00-04:00,320.6700134277344,255.5800018310547,333.2900085449219,566.8800048828125,80.91000366210938,320.92999267578125,255.6199951171875,333.5,567.0225830078125,80.95500183105469,320.42449951171875,254.94000244140625,333.1199951171875,566.1799926757812,80.83999633789062,320.7900085449219,255.0496063232422,333.1597900390625,566.25,80.86000061035156,241273.0,135871,36923.0,37819.0,52747.0
2026-09-01 09:50:00-04:00,320.7900085449219,255.4949951171875,333.3349914550781,566.9349975585938,80.94000244140625,320.8890075683594,255.82000732421875,333.6199035644531,567.25,80.9800033569336,320.42999267578125,255.39999389648438,333.239990234375,566.4299926757812,80.88009643554688,320.635009765625,255.6199951171875,333.2803955078125,567.010009765625,80.92990112304688,212345.0,105008,50331.0,44745.0,39211.0
2026-09-01 09:51:00-04:00,321.5990905761719,255.4250030517578,333.3550109863281,566.7449951171875,80.88999938964844,321.7550048828125,255.63999938964844,333.431396484375,567.0899047851562,80.97000122070312,320.7099914550781,255.39999389648438,333.2200012207031,566.1300048828125,80.8228988647461,320.7099914550781,255.4949951171875,333.3599853515625,566.8099975585938,80.94999694824219,420438.0,80618,34200.0,28175.0,32158.0
2026-09-01 09:52:00-04:00,320.94000244140625,255.14999389648438,333.6449890136719,567.1400146484375,81.0250015258789,321.59588623046875,255.39999389648438,333.7099914550781,567.4199829101562,81.0250015258789,320.69000244140625,255.0500030517578,333.2749938964844,566.5900268554688,80.87999725341797,321.5899963378906,255.39999389648438,333.32000732421875,566.6799926757812,80.8949966430664,241683.0,111760,55703.0,21451.0,59114.0
2026-09-01 09:53:00-04:00,320.489990234375,255.14500427246094,333.5199890136719,567.0,81.05000305175781,321.07501220703125,255.22000122070312,333.70001220703125,567.25,81.05000305175781,320.1700134277344,255.02000427246094,333.4200134277344,566.5842895507812,80.97000122070312,320.9100036621094,255.17999267578125,333.6000061035156,567.0711059570312,81.02999877929688,187086.0,60498,42762.0,23610.0,34948.0
2026-09-01 09:54:00-04:00,321.7449951171875,255.13999938964844,333.31500244140625,567.3300170898438,81.04000091552734,321.7799987792969,255.1999053955078,333.6499938964844,567.4199829101562,81.05000305175781,320.4305114746094,254.9199981689453,333.260009765625,566.8709716796875,80.94000244140625,320.5199890136719,255.15499877929688,333.510009765625,567.1475219726562,81.05000305175781,215310.0,64498,49278.0,20855.0,39789.0
2026-09-01 09:55:00-04:00,321.2250061035156,255.1569061279297,333.0989990234375,567.5399780273438,80.943603515625,321.7799072265625,255.25990295410156,333.31878662109375,567.5399780273438,81.05000305175781,320.82000732421875,254.94189453125,333.0060119628906,566.8594970703125,80.93000030517578,321.7101135253906,255.14500427246094,333.31878662109375,567.2550048828125,81.03500366210938,374374.0,110495,26220.0,31902.0,49238.0
2026-09-01 09:56:00-04:00,320.8299865722656,254.79010009765625,332.9800109863281,568.0,80.97799682617188,321.70001220703125,255.17999267578125,333.32000732421875,568.0700073242188,81.0199966430664,320.8299865722656,254.75,332.95001220703125,567.1400146484375,80.91500091552734,321.2250061035156,255.1199951171875,333.135009765625,567.4000244140625,80.94999694824219,232174.0,131234,92433.0,42358.0,42697.0
2026-09-01 09:57:00-04:00,321.1300048828125,254.1999969482422,333.20001220703125,567.1799926757812,80.88829803466797,321.3301086425781,254.80499267578125,333.4700012207031,568.25,80.97000122070312,320.8299865722656,254.17999267578125,332.95001220703125,567.0499877929688,80.7699966430664,320.8299865722656,254.80499267578125,333.0150146484375,568.0,80.97000122070312,138956.0,165185,72469.0,54198.0,65333.0
2026-09-01 09:58:00-04:00,322.1050109863281,253.89979553222656,332.95001220703125,566.6199951171875,80.87000274658203,322.19000244140625,254.26499938964844,333.32000732421875,567.5499877929688,80.9000015258789,321.1300048828125,253.80999755859375,332.89129638671875,566.5,80.80000305175781,321.1300048828125,254.16000366210938,333.2200012207031,567.219970703125,80.88500213623047,332357.0,207536,38746.0,35663.0,43682.0
2026-09-01 09:59:00-04:00,322.69500732421875,254.01300048828125,332.75,566.89501953125,80.9749984741211,322.75,254.17999267578125,333.19989013671875,567.489990234375,80.9749984741211,322.0299987792969,253.80999755859375,332.75,566.4000244140625,80.87999725341797,322.1099853515625,253.88999938964844,332.9649963378906,566.530029296875,80.87999725341797,320336.0,153895,31187.0,27471.0,53949.0
2026-09-01 10:00:00-04:00,323.04998779296875,253.85499572753906,332.9316101074219,567.6950073242188,80.94000244140625,323.1700134277344,254.07000732421875,333.0,568.3900146484375,80.98500061035156,322.5799865722656,253.5500946044922,332.5899963378906,566.6099853515625,80.8949966430664,322.69500732421875,254.02000427246094,332.8500061035156,566.89501953125,80.98500061035156,468544.0,254447,46887.0,106302.0,64839.0
2026-09-01 10:01:00-04:00,322.9700012207031,253.9250030517578,332.7698974609375,567.3400268554688,81.05000305175781,323.3900146484375,254.1999969482422,333.0400085449219,568.0800170898438,81.05000305175781,322.82000732421875,253.82000732421875,332.6000061035156,567.0501098632812,80.92500305175781,323.07000732421875,253.86000061035156,332.91009521484375,567.7550048828125,80.94000244140625,295156.0,98555,39193.0,27536.0,51272.0
2026-09-01 10:02:00-04:00,322.3999938964844,253.84010314941406,332.260009765625,566.2645263671875,81.00879669189453,322.9750061035156,254.02999877929688,332.72930908203125,567.489990234375,81.08000183105469,322.04998779296875,253.69000244140625,332.260009765625,566.1098022460938,80.9800033569336,322.9750061035156,253.92999267578125,332.69000244140625,567.3001098632812,81.05000305175781,293538.0,92924,38765.0,24829.0,53329.0
2026-09-01 10:03:00-04:00,322.0,253.94500732421875,332.5199890136719,566.2000122070312,81.04499816894531,322.5799865722656,254.0800018310547,332.5967102050781,566.5150146484375,81.04499816894531,321.8399963378906,253.82000732421875,332.25,565.5,80.94999694824219,322.3999938964844,253.86000061035156,332.260009765625,566.27001953125,81.0,184192.0,88964,29361.0,25655.0,39399.0
2026-09-01 10:04:00-04:00,321.80999755859375,253.88999938964844,332.6000061035156,566.2000122070312,80.96499633789062,322.0264892578125,253.97300720214844,332.75,566.4813232421875,81.04000091552734,321.4700012207031,253.75,332.45001220703125,565.7100219726562,80.94999694824219,322.0199890136719,253.94000244140625,332.5419921875,566.2000122070312,81.04000091552734,176672.0,62216,29123.0,14104.0,33610.0
2026-09-01 10:05:00-04:00,322.2049865722656,253.8699951171875,332.8800048828125,566.2999877929688,81.0,322.6300048828125,253.9499969482422,332.9800109863281,566.5,81.00499725341797,321.80999755859375,253.6699981689453,332.635009765625,566.010009765625,80.93000030517578,321.81988525390625,253.889892578125,332.635009765625,566.260009765625,80.95999908447266,203628.0,78654,28154.0,17926.0,59667.0
2026-09-01 10:06:00-04:00,322.489990234375,253.90370178222656,332.8699951171875,567.1500244140625,81.0199966430664,322.6400146484375,254.00999450683594,332.9200134277344,567.1500244140625,81.0250015258789,322.17999267578125,253.8000030517578,332.739990234375,566.22998046875,80.94999694824219,322.20001220703125,253.88999938964844,332.885009765625,566.3049926757812,80.98500061035156,132427.0,74055,28586.0,25676.0,50399.0
2026-09-01 10:07:00-04:00,323.2250061035156,253.97500610351562,332.739990234375,567.280029296875,81.04499816894531,323.2799987792969,254.1199951171875,332.9049987792969,567.8300170898438,81.1500015258789,322.4877014160156,253.88999938964844,332.67999267578125,567.1500244140625,81.0250015258789,322.4877014160156,253.95950317382812,332.8949890136719,567.1900024414062,81.0250015258789,233340.0,73205,23820.0,30274.0,76259.0
2026-09-01 10:08:00-04:00,322.760009765625,253.6999969482422,332.68499755859375,566.9550170898438,81.08999633789062,323.3399963378906,254.0,332.7900085449219,567.4299926757812,81.1050033569336,322.29998779296875,253.66000366210938,332.54998779296875,566.6732788085938,81.04139709472656,323.2250061035156,253.97000122070312,332.7900085449219,567.2449951171875,81.04499816894531,410188.0,129989,23507.0,15195.0,57405.0
2026-09-01 10:09:00-04:00,323.0,253.98500061035156,332.989990234375,567.3599853515625,81.14990234375,323.0400085449219,254.04820251464844,333.04119873046875,567.6799926757812,81.14990234375,322.6099853515625,253.6999969482422,332.54998779296875,566.6500244140625,81.0199966430664,322.743896484375,253.72000122070312,332.67498779296875,567.0,81.1050033569336,125769.0,97271,44333.0,14348.0,144854.0
2026-09-01 10:10:00-04:00,322.9700012207031,253.90499877929688,333.1499938964844,566.97998046875,81.01000213623047,323.2300109863281,254.11000061035156,333.19500732421875,567.780029296875,81.19499969482422,322.9410095214844,253.89999389648438,332.92999267578125,566.8001098632812,81.01000213623047,323.0,253.97999572753906,332.9800109863281,567.5900268554688,81.1449966430664,149191.0,72048,42528.0,19749.0,70714.0
2026-09-01 10:11:00-04:00,323.19000244140625,253.7899932861328,333.114990234375,567.094970703125,81.12999725341797,323.4200134277344,254.0399932861328,333.2698974609375,567.4598999023438,81.12999725341797,322.9599914550781,253.75,333.03009033203125,566.9462890625,81.01499938964844,322.9599914550781,253.9398956298828,333.1199951171875,566.97998046875,81.0199966430664,150222.0,78998,29274.0,13310.0,56104.0
2026-09-01 10:12:00-04:00,323.1650085449219,253.82000732421875,333.17999267578125,567.0,81.17620086669922,323.32000732421875,253.9398956298828,333.239990234375,567.4600219726562,81.19999694824219,322.9599914550781,253.67999267578125,332.989990234375,566.7999877929688,81.13999938964844,323.19000244140625,253.7899932861328,333.0799865722656,567.0399780273438,81.13999938964844,100145.0,59196,118294.0,18842.0,56450.0
2026-09-01 10:13:00-04:00,323.4849853515625,253.74000549316406,333.2900085449219,567.1500244140625,81.30999755859375,323.5299987792969,253.86000061035156,333.5199890136719,567.6400146484375,81.32499694824219,323.05999755859375,253.67999267578125,333.1400146484375,566.9199829101562,81.17990112304688,323.1700134277344,253.86000061035156,333.1400146484375,567.1799926757812,81.18000030517578,209729.0,74250,32212.0,17543.0,55976.0
2026-09-01 10:14:00-04:00,323.4049987792969,253.99000549316406,333.1650085449219,567.60498046875,81.37999725341797,323.5199890136719,254.0782928466797,333.3399963378906,567.6599731445312,81.4198989868164,323.1600036621094,253.72000122070312,333.05999755859375,567.1400146484375,81.31500244140625,323.4849853515625,253.74000549316406,333.2699890136719,567.1400146484375,81.31500244140625,117952.0,73894,30430.0,17481.0,67619.0
2026-09-01 10:15:00-04:00,323.589599609375,254.21499633789062,333.3299865722656,567.875,81.44969940185547,323.760009765625,254.30990600585938,333.4599914550781,568.0,81.44969940185547,323.39068603515625,253.99000549316406,333.1700134277344,567.3300170898438,81.33000183105469,323.4049987792969,253.99000549316406,333.17999267578125,567.489990234375,81.38140106201172,218053.0,86377,33403.0,26434.0,58506.0
2026-09-01 10:16:00-04:00,323.29998779296875,254.23500061035156,333.6199951171875,568.4600219726562,81.59500122070312,323.67999267578125,254.35960388183594,333.6499938964844,568.4600219726562,81.59500122070312,323.28009033203125,254.1103057861328,333.32000732421875,567.7172241210938,81.44270324707031,323.57501220703125,254.24989318847656,333.3399963378906,567.9349975585938,81.44499969482422,126263.0,97254,26352.0,18255.0,94838.0
2026-09-01 10:17:00-04:00,323.510009765625,254.19000244140625,333.375,567.5800170898438,81.6050033569336,323.5400085449219,254.2899932861328,333.6400146484375,568.4600219726562,81.6449966430664,323.19000244140625,254.1699981689453,333.30010986328125,567.4199829101562,81.55000305175781,323.30499267578125,254.24000549316406,333.5899963378906,568.2628784179688,81.58000183105469,125685.0,55142,24868.0,28037.0,142160.0
2026-09-01 10:18:00-04:00,323.0849914550781,254.0800018310547,333.4849853515625,567.8300170898438,81.62000274658203,323.55999755859375,254.27000427246094,333.5559997558594,567.8599853515625,81.62999725341797,323.0400085449219,254.02000427246094,333.2900085449219,567.4099731445312,81.52999877929688,323.5350036621094,254.19000244140625,333.3734130859375,567.5850219726562,81.6050033569336,125305.0,49240,30607.0,16469.0,73907.0
2026-09-01 10:19:00-04:00,323.5801086425781,254.11000061035156,333.3800048828125,568.3049926757812,81.66000366210938,323.70001220703125,254.1750030517578,333.5199890136719,568.5,81.66000366210938,323.0299987792969,253.99000549316406,333.3699951171875,567.6799926757812,81.55000305175781,323.0799865722656,254.08999633789062,333.3900146484375,567.875,81.62000274658203,165271.0,77353,17631.0,13481.0,50594.0
2026-09-01 10:20:00-04:00,323.7200012207031,254.27000427246094,333.5,568.8200073242188,81.68000030517578,323.9800109863281,254.4250030517578,333.81939697265625,568.9400024414062,81.70999908447266,323.510009765625,254.02999877929688,333.3999938964844,568.1099853515625,81.63999938964844,323.5820007324219,254.14500427246094,333.43499755859375,568.47998046875,81.63999938964844,205668.0,52249,39466.0,23535.0,41878.0
2026-09-01 10:21:00-04:00,324.510009765625,253.9949951171875,333.30999755859375,568.2949829101562,81.70500183105469,324.6199951171875,254.32400512695312,333.54998779296875,569.0700073242188,81.7699966430664,323.739990234375,253.97500610351562,333.25,568.0900268554688,81.67500305175781,323.75390625,254.27499389648438,333.5,568.8300170898438,81.68000030517578,338012.0,61007,17246.0,22727.0,81783.0
2026-09-01 10:22:00-04:00,325.0101013183594,254.10000610351562,333.489990234375,568.9000244140625,81.81999969482422,325.1050109863281,254.20989990234375,333.5299987792969,568.9299926757812,81.83000183105469,324.4700012207031,253.9499969482422,333.2650146484375,568.090087890625,81.71499633789062,324.5,253.97999572753906,333.2650146484375,568.2949829101562,81.71499633789062,466639.0,54150,20881.0,22510.0,92569.0
2026-09-01 10:23:00-04:00,324.875,254.11000061035156,333.3999938964844,569.239990234375,81.82350158691406,325.2099914550781,254.139404296875,333.5299987792969,569.4398803710938,81.83000183105469,324.85009765625,253.9600067138672,333.30999755859375,568.6799926757812,81.76000213623047,324.9949951171875,254.05999755859375,333.3999938964844,568.7449951171875,81.81999969482422,277194.0,46783,15136.0,24222.0,46438.0
2026-09-01 10:24:00-04:00,325.1449890136719,254.1199951171875,333.2900085449219,569.7999877929688,81.8499984741211,325.1600036621094,254.17999267578125,333.42999267578125,569.7999877929688,81.87999725341797,324.67999267578125,254.02000427246094,333.1700134277344,569.1300048828125,81.7699966430664,324.8900146484375,254.0500030517578,333.42999267578125,569.1799926757812,81.81500244140625,220564.0,66081,36829.0,28961.0,74802.0
2026-09-01 10:25:00-04:00,324.8900146484375,254.2100067138672,333.05499267578125,569.5700073242188,81.90499877929688,325.25,254.32000732421875,333.32000732421875,569.9398803710938,81.91999816894531,324.7900085449219,254.11000061035156,333.0,569.4600219726562,81.86000061035156,325.1600036621094,254.11000061035156,333.2799987792969,569.7150268554688,81.86000061035156,215647.0,55254,29591.0,26078.0,43006.0
2026-09-01 10:26:00-04:00,325.2900085449219,254.2100067138672,333.2349853515625,569.3900146484375,81.83999633789062,325.29998779296875,254.25,333.2349853515625,569.6519775390625,81.90499877929688,324.8861999511719,254.14999389648438,332.9849853515625,569.1500244140625,81.81999969482422,324.9100036621094,254.2100067138672,333.05499267578125,569.6099853515625,81.90499877929688,212631.0,34106,45401.0,16072.0,82534.0
2026-09-01 10:27:00-04:00,324.989990234375,254.4550018310547,333.3800048828125,570.0700073242188,82.04000091552734,325.3900146484375,254.47000122070312,333.45001220703125,570.1900024414062,82.04000091552734,324.9700012207031,254.17750549316406,333.1650085449219,569.2449951171875,81.84500122070312,325.2749938964844,254.2100067138672,333.2149963378906,569.2449951171875,81.84500122070312,151501.0,82697,25764.0,46756.0,97300.0
2026-09-01 10:28:00-04:00,324.79998779296875,254.39419555664062,333.3800048828125,569.643310546875,81.97000122070312,325.07000732421875,254.60000610351562,333.57000732421875,570.219970703125,82.08999633789062,324.67010498046875,254.3000030517578,333.30999755859375,569.2608032226562,81.91000366210938,324.989990234375,254.47000122070312,333.45001220703125,570.1699829101562,82.04000091552734,193326.0,84583,32869.0,25615.0,98959.0
2026-09-01 10:29:00-04:00,325.3445129394531,254.5561981201172,333.2749938964844,569.760009765625,81.9800033569336,325.3699951171875,254.58999633789062,333.3800048828125,570.0,82.04000091552734,324.760009765625,254.3000030517578,333.2200012207031,569.469970703125,81.95999908447266,324.76611328125,254.38499450683594,333.3800048828125,569.60498046875,81.96499633789062,191480.0,52829,15827.0,48787.0,46201.0
2026-09-01 10:30:00-04:00,324.8999938964844,254.6199951171875,333.3599853515625,570.1624145507812,82.05999755859375,325.3900146484375,254.64990234375,333.3800048828125,570.4299926757812,82.06340026855469,324.82000732421875,254.42999267578125,333.17999267578125,569.7100219726562,81.94999694824219,325.3351135253906,254.55999755859375,333.28509521484375,569.7100219726562,81.98999786376953,277731.0,75632,49404.0,22849.0,59371.0
2026-09-01 10:31:00-04:00,324.7229919433594,254.77499389648438,333.4649963378906,570.64501953125,82.06999969482422,325.0350036621094,254.83999633789062,333.5,570.7999877929688,82.12550354003906,324.71258544921875,254.52999877929688,333.2200012207031,570.1199951171875,82.05000305175781,324.875,254.6199951171875,333.3349914550781,570.27001953125,82.05599975585938,208535.0,92250,20885.0,22934.0,62030.0
2026-09-01 10:32:00-04:00,325.2699890136719,254.77000427246094,333.6099853515625,571.4500122070312,81.8499984741211,325.3299865722656,254.8300018310547,333.6199951171875,571.5698852539062,82.08989715576172,324.65008544921875,254.66000366210938,333.30999755859375,570.3250122070312,81.79070281982422,324.7200012207031,254.74000549316406,333.45001220703125,570.7949829101562,82.06500244140625,196404.0,60026,31060.0,31720.0,114212.0
2026-09-01 10:33:00-04:00,325.5920104980469,254.5749969482422,333.489990234375,572.3599853515625,81.88999938964844,325.7699890136719,254.87989807128906,333.7025146484375,572.530029296875,81.94000244140625,325.19000244140625,254.5749969482422,333.2950134277344,571.4500122070312,81.84500122070312,325.260009765625,254.77999877929688,333.6300048828125,571.4500122070312,81.8499984741211,342700.0,87876,48199.0,45723.0,59205.0
2026-09-01 10:34:00-04:00,325.635009765625,254.74000549316406,333.6000061035156,573.3250122070312,81.79000091552734,325.8599853515625,254.80999755859375,333.67999267578125,573.3875732421875,81.93990325927734,325.5249938964844,254.5500030517578,333.3999938964844,572.1500244140625,81.75,325.6099853515625,254.58999633789062,333.44500732421875,572.3333129882812,81.88999938964844,211640.0,87029,33991.0,62130.0,65744.0
2026-09-01 10:35:00-04:00,325.0729064941406,254.62750244140625,333.44000244140625,573.3350219726562,81.76000213623047,325.70001220703125,254.88999938964844,333.6000061035156,573.39990234375,81.80999755859375,325.0295104980469,254.625,333.2799987792969,572.7000122070312,81.72000122070312,325.6400146484375,254.77000427246094,333.6000061035156,573.3250122070312,81.80000305175781,138892.0,86261,24803.0,30707.0,56307.0
2026-09-01 10:36:00-04:00,324.8599853515625,254.67999267578125,333.3599853515625,574.0700073242188,81.74500274658203,325.1700134277344,254.75,333.44500732421875,574.19921875,81.87999725341797,324.8299865722656,254.5500946044922,333.260009765625,573.0999755859375,81.73999786376953,325.1000061035156,254.67999267578125,333.44000244140625,573.0999755859375,81.77999877929688,206095.0,76791,39682.0,61913.0,71944.0
2026-09-01 10:37:00-04:00,324.79998779296875,254.75999450683594,333.31500244140625,574.9949951171875,81.75,324.95001220703125,254.7899932861328,333.5199890136719,575.0484008789062,81.80000305175781,324.55999755859375,254.64999389648438,333.1600036621094,573.989990234375,81.73500061035156,324.8349914550781,254.67990112304688,333.3869934082031,574.0700073242188,81.73500061035156,163243.0,34576,33562.0,68443.0,40955.0
2026-09-01 10:38:00-04:00,324.5799865722656,254.82000732421875,333.2900085449219,574.6900024414062,81.73999786376953,324.989990234375,254.9199981689453,333.41290283203125,575.0999755859375,81.81999969482422,324.51458740234375,254.74020385742188,333.25,574.3800048828125,81.66999816894531,324.79998779296875,254.75999450683594,333.260009765625,574.9949951171875,81.75,112784.0,58761,341675.0,58031.0,89675.0
2026-09-01 10:39:00-04:00,324.70001220703125,255.05999755859375,333.40728759765625,574.3049926757812,81.73500061035156,324.80999755859375,255.17999267578125,333.4440002441406,575.3800048828125,81.80000305175781,324.54010009765625,254.8000030517578,333.260009765625,574.2205200195312,81.73500061035156,324.5799865722656,254.8300018310547,333.30499267578125,574.5,81.75499725341797,88178.0,82062,14127.0,58948.0,32683.0
2026-09-01 10:40:00-04:00,324.80499267578125,255.10000610351562,333.44000244140625,574.907470703125,81.7249984741211,325.0989990234375,255.2100067138672,333.5799865722656,575.0,81.79000091552734,324.739990234375,255.0500030517578,333.3500061035156,574.219970703125,81.72000122070312,324.76220703125,255.05499267578125,333.3949890136719,574.389892578125,81.74500274658203,103480.0,69803,25282.0,30805.0,42431.0
2026-09-01 10:41:00-04:00,324.6300048828125,255.1020050048828,333.51361083984375,574.8200073242188,81.69229888916016,324.8500061035156,255.28500366210938,333.7349853515625,575.5399780273438,81.73999786376953,324.6199951171875,255.08999633789062,333.44000244140625,574.6799926757812,81.69000244140625,324.79998779296875,255.1300048828125,333.44189453125,574.8599853515625,81.72799682617188,99816.0,52429,43343.0,29397.0,29564.0
2026-09-01 10:42:00-04:00,324.56500244140625,255.125,333.69000244140625,574.8400268554688,81.72019958496094,324.625,255.24819946289062,333.94970703125,575.2999877929688,81.7300033569336,324.239990234375,255.0500946044922,333.44000244140625,574.6900024414062,81.66200256347656,324.6199951171875,255.125,333.44000244140625,574.9600219726562,81.69999694824219,152368.0,36604,32418.0,23960.0,30537.0
2026-09-01 10:43:00-04:00,324.4549865722656,255.07000732421875,333.4501953125,575.5800170898438,81.76000213623047,324.55999755859375,255.25999450683594,333.7699890136719,575.6400146484375,81.81999969482422,324.3500061035156,255.05999755859375,333.4501953125,574.6801147460938,81.72200012207031,324.5557861328125,255.09120178222656,333.7349853515625,574.9199829101562,81.7300033569336,70854.0,47204,22679.0,42651.0,44026.0
2026-09-01 10:44:00-04:00,324.7349853515625,254.75010681152344,333.20001220703125,574.8499755859375,81.70500183105469,324.79998779296875,255.07000732421875,333.5387878417969,575.5806274414062,81.76260375976562,324.3900146484375,254.64999389648438,333.1300048828125,574.5001220703125,81.66000366210938,324.4599914550781,255.07000732421875,333.4508056640625,575.5599975585938,81.75340270996094,147896.0,98511,35188.0,41941.0,188814.0
2026-09-01 10:45:00-04:00,324.6700134277344,254.68499755859375,333.20001220703125,574.7000122070312,81.64009857177734,324.75,254.86000061035156,333.260009765625,575.2000122070312,81.70999908447266,324.5350036621094,254.5749969482422,333.0400085449219,574.52001953125,81.63500213623047,324.7349853515625,254.77000427246094,333.20001220703125,574.9450073242188,81.70999908447266,67352.0,75564,30668.0,27289.0,58540.0
2026-09-01 10:46:00-04:00,324.8450012207031,254.80999755859375,333.1499938964844,575.760009765625,81.69499969482422,324.9100036621094,254.86000061035156,333.239990234375,575.9608154296875,81.69999694824219,324.6199951171875,254.6199951171875,333.05999755859375,574.6500244140625,81.61000061035156,324.65740966796875,254.6699981689453,333.20001220703125,574.7529907226562,81.63999938964844,77317.0,25027,23805.0,38637.0,35243.0
2026-09-01 10:47:00-04:00,325.0199890136719,254.53990173339844,333.2200012207031,576.4400024414062,81.66000366210938,325.14990234375,254.80499267578125,333.3349914550781,576.5900268554688,81.70500183105469,324.79998779296875,254.5,333.07989501953125,575.8300170898438,81.62999725341797,324.8500061035156,254.80499267578125,333.1300048828125,575.9299926757812,81.69499969482422,109193.0,37594,15492.0,55127.0,42233.0
2026-09-01 10:48:00-04:00,324.9599914550781,254.62989807128906,333.30999755859375,576.4500122070312,81.61000061035156,325.08990478515625,254.64999389648438,333.3299865722656,576.5449829101562,81.66000366210938,324.8699951171875,254.52000427246094,333.1499938964844,576.0001220703125,81.6050033569336,325.0480041503906,254.52000427246094,333.2099914550781,576.2901000976562,81.6500015258789,89768.0,40449,37534.0,31980.0,55838.0
2026-09-01 10:49:00-04:00,325.19000244140625,254.2050018310547,333.20001220703125,576.10009765625,81.61000061035156,325.2550048828125,254.65660095214844,333.3500061035156,576.5499877929688,81.62000274658203,324.9512023925781,254.1999969482422,333.135009765625,575.8699951171875,81.55239868164062,324.9700012207031,254.61500549316406,333.3500061035156,576.4349975585938,81.61000061035156,135424.0,77411,9680.0,51636.0,45917.0
2026-09-01 10:50:00-04:00,325.1300048828125,254.2100067138672,333.29998779296875,576.6500244140625,81.55999755859375,325.25,254.38999938964844,333.3900146484375,576.8599853515625,81.625,324.9200134277344,254.10800170898438,333.05999755859375,576.1400146484375,81.5510025024414,325.19989013671875,254.2050018310547,333.1549987792969,576.375,81.5999984741211,91230.0,72082,32378.0,40826.0,29025.0
2026-09-01 10:51:00-04:00,324.8100891113281,254.3249969482422,333.2799987792969,576.9949951171875,81.48500061035156,325.1499938964844,254.4492950439453,333.4599914550781,577.3599853515625,81.56500244140625,324.69000244140625,254.1750030517578,333.25,576.5399780273438,81.4800033569336,325.1199951171875,254.1750030517578,333.2900085449219,576.6099853515625,81.55000305175781,109956.0,90587,20172.0,67527.0,38927.0
2026-09-01 10:52:00-04:00,324.625,254.2899932861328,333.1400146484375,575.9000854492188,81.43000030517578,325.0400085449219,254.42999267578125,333.2900085449219,577.405029296875,81.48999786376953,324.5199890136719,254.25340270996094,333.05999755859375,575.7999877929688,81.3949966430664,324.82000732421875,254.31500244140625,333.2799987792969,577.0,81.48500061035156,101970.0,56685,14068.0,67147.0,52010.0
2026-09-01 10:53:00-04:00,324.6199951171875,254.27000427246094,333.125,576.9849853515625,81.41000366210938,324.6449890136719,254.42999267578125,333.20001220703125,577.2899169921875,81.48999786376953,324.4523010253906,254.27000427246094,333.0299987792969,576.0100708007812,81.4000015258789,324.625,254.30999755859375,333.1400146484375,576.0700073242188,81.44000244140625,71701.0,53929,11398.0,38615.0,46224.0
2026-09-01 10:54:00-04:00,324.7998962402344,254.60000610351562,332.8399963378906,577.22998046875,81.40499877929688,324.8351135253906,254.6300048828125,333.18499755859375,577.6699829101562,81.44000244140625,324.6199951171875,254.27499389648438,332.75,576.9849853515625,81.37999725341797,324.6199951171875,254.27499389648438,333.1499938964844,576.9849853515625,81.41000366210938,46283.0,69285,43288.0,42270.0,50959.0
2026-09-01 10:55:00-04:00,324.7449951171875,254.69000244140625,332.82000732421875,577.3201293945312,81.29000091552734,324.9200134277344,254.75,332.94000244140625,577.4099731445312,81.4000015258789,324.6499938964844,254.5699005126953,332.80999755859375,576.7200927734375,81.28500366210938,324.80999755859375,254.6199951171875,332.80999755859375,577.22998046875,81.4000015258789,52067.0,39479,25293.0,36463.0,41076.0
2026-09-01 10:56:00-04:00,324.92999267578125,254.6300048828125,332.9549865722656,578.1694946289062,81.239501953125,324.95001220703125,254.75,333.0,578.4099731445312,81.29000091552734,324.625,254.5720977783203,332.760009765625,577.02001953125,81.20500183105469,324.7449951171875,254.69500732421875,332.79998779296875,577.3599853515625,81.2750015258789,52243.0,35600,25719.0,71728.0,444185.0
2026-09-01 10:57:00-04:00,324.96990966796875,254.39500427246094,332.6806945800781,578.1900024414062,81.0999984741211,325.1199035644531,254.7198944091797,333.05999755859375,578.7750244140625,81.24610137939453,324.8575134277344,254.30999755859375,332.6099853515625,578.0,81.08000183105469,324.9200134277344,254.68499755859375,332.966796875,578.0850219726562,81.23500061035156,97086.0,49420,29211.0,49055.0,75831.0
2026-09-01 10:58:00-04:00,324.7850036621094,254.34500122070312,332.92999267578125,579.1500244140625,81.05870056152344,325.0799865722656,254.47000122070312,332.92999267578125,579.27001953125,81.13999938964844,324.7001037597656,254.27999877929688,332.739990234375,578.280029296875,81.05000305175781,324.965087890625,254.3800048828125,332.739990234375,578.2999877929688,81.11000061035156,112995.0,46958,34664.0,58474.0,152103.0
2026-09-01 10:59:00-04:00,324.3800048828125,254.44500732421875,333.18499755859375,578.1224975585938,81.06060028076172,324.8999938964844,254.48989868164062,333.2200012207031,579.52001953125,81.0999984741211,324.239990234375,254.3300018310547,332.8500061035156,577.6802978515625,81.05000305175781,324.81500244140625,254.33999633789062,332.95001220703125,579.1900024414062,81.05819702148438,92237.0,43061,20865.0,60160.0,50301.0
2026-09-01 11:00:00-04:00,324.0032043457031,254.48500061035156,333.0799865722656,578.6519775390625,80.9749984741211,324.3949890136719,254.6300048828125,333.56500244140625,579.52001953125,81.06500244140625,323.9700012207031,254.39500427246094,333.0386047363281,578.0999755859375,80.9749984741211,324.3900146484375,254.44000244140625,333.1600036621094,578.1300048828125,81.05999755859375,222887.0,38013,37147.0,87598.0,49850.0
2026-09-01 11:01:00-04:00,324.2488098144531,254.4149932861328,333.1099853515625,577.8350219726562,80.98999786376953,324.2499084472656,254.5399932861328,333.2099914550781,578.8499755859375,81.0199966430664,323.8846130371094,254.32000732421875,332.9200134277344,577.5999755859375,80.95999908447266,323.9949951171875,254.50509643554688,333.0799865722656,578.6699829101562,80.9749984741211,105044.0,47261,12955.0,48494.0,23264.0
2026-09-01 11:02:00-04:00,323.8299865722656,254.3800048828125,332.8450012207031,578.2258911132812,81.0250015258789,324.2300109863281,254.52000427246094,333.1199951171875,578.739990234375,81.04989624023438,323.6600036621094,254.3800048828125,332.7799987792969,577.82177734375,80.97000122070312,324.2300109863281,254.42999267578125,333.0849914550781,577.844970703125,80.98500061035156,134523.0,29351,32616.0,44860.0,71672.0
2026-09-01 11:03:00-04:00,323.47540283203125,254.17999267578125,332.5950012207031,578.156005859375,80.9800033569336,323.9298095703125,254.3800048828125,332.864990234375,578.969970703125,81.03700256347656,323.4599914550781,254.16000366210938,332.55999755859375,577.9199829101562,80.93000030517578,323.8399963378906,254.3800048828125,332.8399963378906,578.094970703125,81.0199966430664,116429.0,64455,14846.0,36717.0,34291.0
2026-09-01 11:04:00-04:00,323.1199951171875,254.17999267578125,332.489990234375,577.6300048828125,80.94999694824219,323.45819091796875,254.27000427246094,332.67999267578125,578.3400268554688,80.98069763183594,322.95001220703125,254.08999633789062,332.489990234375,577.260009765625,80.9135971069336,323.45001220703125,254.1999969482422,332.6400146484375,578.260009765625,80.97010040283203,153019.0,52468,28029.0,61328.0,31248.0
2026-09-01 11:05:00-04:00,323.3800048828125,254.09500122070312,332.5899963378906,577.385009765625,80.93000030517578,323.3999938964844,254.24000549316406,332.5899963378906,577.8099975585938,80.96990203857422,323.0899963378906,253.97000122070312,332.4100036621094,577.25,80.91999816894531,323.1199951171875,254.1699981689453,332.4800109863281,577.6400146484375,80.94999694824219,87711.0,156182,17858.0,47925.0,32025.0
2026-09-01 11:06:00-04:00,323.0199890136719,254.16000366210938,332.55999755859375,576.9600219726562,80.98999786376953,323.489990234375,254.24000549316406,332.6199951171875,578.030029296875,81.0,323.0199890136719,254.0399932861328,332.4700012207031,576.888427734375,80.91999816894531,323.385009765625,254.05999755859375,332.5851135253906,577.385009765625,80.92510223388672,81836.0,50573,9631.0,50314.0,60445.0
2026-09-01 11:07:00-04:00,322.8500061035156,254.22999572753906,332.6549987792969,576.89501953125,80.9000015258789,323.1299133300781,254.27999877929688,332.8399963378906,577.2100219726562,80.96499633789062,322.7699890136719,254.13999938964844,332.5899963378906,576.564697265625,80.88999938964844,323.0613098144531,254.14999389648438,332.5899963378906,576.8676147460938,80.96499633789062,89145.0,61723,21895.0,49245.0,27403.0
2026-09-01 11:08:00-04:00,322.989990234375,254.11000061035156,332.81500244140625,576.3300170898438,80.73999786376953,323.19000244140625,254.22500610351562,332.8800048828125,576.9697265625,80.91000366210938,322.8301086425781,254.08999633789062,332.6600036621094,576.010009765625,80.72000122070312,322.8500061035156,254.2136993408203,332.6650085449219,576.89501953125,80.91000366210938,96193.0,46929,16711.0,32670.0,43690.0
2026-09-01 11:09:00-04:00,323.1199951171875,254.13499450683594,333.0,576.7850952148438,80.7699966430664,323.29998779296875,254.25,333.0199890136719,576.9089965820312,80.7750015258789,322.95001220703125,254.02000427246094,332.75,575.9000244140625,80.70999908447266,323.0050048828125,254.1300048828125,332.8399963378906,576.309326171875,80.73999786376953,145107.0,42305,20657.0,41547.0,35928.0
2026-09-01 11:10:00-04:00,323.0849914550781,254.47189331054688,333.3900146484375,577.6400146484375,80.86000061035156,323.2099914550781,254.47189331054688,333.3900146484375,577.9000244140625,80.86000061035156,322.9797058105469,254.1199951171875,332.9599914550781,576.6799926757812,80.7699966430664,323.1099853515625,254.13999938964844,333.010009765625,576.7449951171875,80.7699966430664,71850.0,52258,24190.0,35746.0,50636.0
2026-09-01 11:11:00-04:00,323.114990234375,254.3699951171875,333.1650085449219,576.648193359375,80.73500061035156,323.21990966796875,254.4499053955078,333.44000244140625,577.802001953125,80.86000061035156,323.05499267578125,254.3000030517578,333.0950012207031,576.648193359375,80.73500061035156,323.0899963378906,254.40499877929688,333.3599853515625,577.7249755859375,80.86000061035156,77526.0,51684,40535.0,25085.0,57769.0
2026-09-01 11:12:00-04:00,322.8999938964844,254.52499389648438,333.1000061035156,578.9500122070312,80.73999786376953,323.18499755859375,254.60000610351562,333.32000732421875,578.989990234375,80.74500274658203,322.8500061035156,254.33999633789062,333.05999755859375,576.5900268554688,80.70999908447266,323.114990234375,254.3800048828125,333.1400146484375,576.7100219726562,80.7300033569336,69539.0,60051,20414.0,65039.0,39639.0
2026-09-01 11:13:00-04:00,323.095703125,254.72500610351562,333.07000732421875,579.52001953125,80.76499938964844,323.1499938964844,254.82249450683594,333.32000732421875,579.7999877929688,80.80999755859375,322.739990234375,254.50999450683594,333.07000732421875,578.789794921875,80.73999786376953,322.8800048828125,254.52499389648438,333.1499938964844,578.8599853515625,80.74500274658203,91207.0,75650,14884.0,65355.0,44029.0
2026-09-01 11:14:00-04:00,323.3599853515625,254.6699981689453,333.04998779296875,580.030029296875,80.76000213623047,323.4100036621094,254.9600067138672,333.17999267578125,580.969970703125,80.7957992553711,323.05999755859375,254.63999938964844,333.0,579.4263916015625,80.7300033569336,323.07000732421875,254.72500610351562,333.05999755859375,579.52001953125,80.76000213623047,92279.0,45938,26028.0,174652.0,24624.0
2026-09-01 11:15:00-04:00,323.8900146484375,254.96499633789062,333.1000061035156,580.7150268554688,80.80000305175781,323.8999938964844,254.97999572753906,333.2099914550781,581.0,80.86000061035156,323.3299865722656,254.6699981689453,333.0159912109375,579.7899780273438,80.75,323.3599853515625,254.6699981689453,333.0899963378906,579.989990234375,80.76499938964844,130013.0,72436,23315.0,90849.0,39411.0
2026-09-01 11:16:00-04:00,323.94500732421875,255.20950317382812,333.1600036621094,580.5,80.83000183105469,324.0199890136719,255.2899932861328,333.20001220703125,580.969970703125,80.87000274658203,323.6000061035156,254.94500732421875,333.04998779296875,580.239990234375,80.76000213623047,323.8999938964844,254.9499969482422,333.0899963378906,580.7150268554688,80.80159759521484,142917.0,93745,9701.0,38918.0,53154.0
2026-09-01 11:17:00-04:00,324.4298095703125,254.976806640625,333.1400146484375,579.4249877929688,80.875,324.42999267578125,255.3350067138672,333.239990234375,581.1900024414062,80.875,323.8699951171875,254.9300994873047,332.8800048828125,579.3150024414062,80.80999755859375,323.94500732421875,255.19000244140625,333.1600036621094,580.4600219726562,80.82649993896484,134277.0,83244,50328.0,57907.0,29243.0
2026-09-01 11:18:00-04:00,324.8599853515625,255.21499633789062,333.3999938964844,579.614990234375,80.88500213623047,324.889892578125,255.24000549316406,333.49560546875,580.0,80.8895034790039,324.3999938964844,254.86000061035156,333.1499938964844,579.25,80.83000183105469,324.40460205078125,255.02000427246094,333.1499938964844,579.3599853515625,80.875,100056.0,72447,61015.0,27331.0,27353.0
2026-09-01 11:19:00-04:00,325.05999755859375,255.09500122070312,333.2651062011719,579.1600952148438,80.94049835205078,325.0799865722656,255.24000549316406,333.4700012207031,579.7899780273438,80.94999694824219,324.8299865722656,255.0200958251953,333.260498046875,578.9509887695312,80.87999725341797,324.8399963378906,255.2100067138672,333.3999938964844,579.5999755859375,80.87999725341797,127684.0,64363,19590.0,29507.0,60336.0
2026-09-01 11:20:00-04:00,325.2099914550781,254.9600067138672,333.1300048828125,578.9702758789062,80.91059875488281,325.44000244140625,255.2050018310547,333.30999755859375,579.9500122070312,80.9800033569336,324.9861145019531,254.9600067138672,333.1000061035156,578.9400024414062,80.91059875488281,325.0400085449219,255.118896484375,333.25,579.2050170898438,80.94999694824219,170492.0,70166,21886.0,36592.0,30760.0
2026-09-01 11:21:00-04:00,325.114990234375,254.60589599609375,332.8739929199219,578.4299926757812,80.86499786376953,325.42999267578125,255.00990295410156,333.19000244140625,579.3699951171875,80.92839813232422,325.0899963378906,254.5800018310547,332.8500061035156,578.1500244140625,80.83999633789062,325.20001220703125,254.96499633789062,333.1700134277344,579.3699951171875,80.92839813232422,137054.0,59981,24096.0,42643.0,24717.0
2026-09-01 11:22:00-04:00,324.7850036621094,254.6199951171875,333.0150146484375,578.5549926757812,80.83499908447266,325.2200012207031,254.72279357910156,333.1499938964844,578.9600219726562,80.88999938964844,324.739990234375,254.5399932861328,332.8774108886719,578.3800048828125,80.83000183105469,325.1000061035156,254.57000732421875,332.8800048828125,578.5095825195312,80.86499786376953,115504.0,44764,16452.0,22904.0,22623.0
2026-09-01 11:23:00-04:00,324.8550109863281,254.60000610351562,333.0849914550781,578.614990234375,80.80000305175781,325.0794982910156,254.6699981689453,333.0849914550781,579.010009765625,80.8301010131836,324.7900085449219,254.57000732421875,332.9599914550781,578.4404907226562,80.80000305175781,324.7900085449219,254.5850067138672,333.0400085449219,578.4974975585938,80.83000183105469,91478.0,23402,8295.0,22010.0,29089.0
2026-09-01 11:24:00-04:00,324.9200134277344,254.639892578125,333.0400085449219,578.9949951171875,80.85399627685547,324.9599914550781,254.66000366210938,333.1300048828125,579.22998046875,80.9000015258789,324.75,254.50010681152344,333.0350036621094,578.2501220703125,80.80000305175781,324.8550109863281,254.59500122070312,333.07000732421875,578.614990234375,80.80999755859375,70772.0,40853,10907.0,27214.0,36061.0
2026-09-01 11:25:00-04:00,324.68499755859375,254.55999755859375,333.0050048828125,578.8699951171875,80.83000183105469,324.9999084472656,254.69000244140625,333.1199951171875,579.1099853515625,80.87000274658203,324.6000061035156,254.52999877929688,332.93701171875,578.5700073242188,80.81999969482422,324.95001220703125,254.61500549316406,333.0799865722656,578.97998046875,80.8582992553711,84561.0,30772,26685.0,19666.0,23855.0
2026-09-01 11:26:00-04:00,324.8205871582031,254.5749969482422,332.8900146484375,578.6849975585938,80.79499816894531,324.9800109863281,254.6199951171875,333.010009765625,579.1199951171875,80.86000061035156,324.6600036621094,254.52000427246094,332.8500061035156,578.510009765625,80.79499816894531,324.6600036621094,254.55999755859375,332.9949951171875,578.8699951171875,80.83000183105469,46228.0,45244,26982.0,20204.0,35765.0
2026-09-01 11:27:00-04:00,324.6700134277344,254.5800018310547,332.90008544921875,578.6699829101562,80.87999725341797,324.8699951171875,254.61990356445312,333.03509521484375,579.0,80.88500213623047,324.6000061035156,254.5,332.8599853515625,578.510009765625,80.80000305175781,324.84649658203125,254.57000732421875,332.8599853515625,578.739990234375,80.80000305175781,67664.0,27358,38498.0,14092.0,28206.0
2026-09-01 11:28:00-04:00,324.6000061035156,254.61500549316406,332.864990234375,578.2874755859375,80.87999725341797,324.739990234375,254.6300048828125,332.9599914550781,578.6749877929688,80.9000015258789,324.5007019042969,254.47999572753906,332.75,577.7999877929688,80.87999725341797,324.6700134277344,254.55999755859375,332.9049987792969,578.6699829101562,80.88500213623047,93054.0,56022,16337.0,36178.0,19092.0
2026-09-01 11:29:00-04:00,324.6000061035156,254.97999572753906,333.07000732421875,578.8499755859375,80.94000244140625,324.69488525390625,255.1750030517578,333.0950927734375,578.8499755859375,80.94999694824219,324.3999938964844,254.59100341796875,332.8500061035156,578.3900146484375,80.88999938964844,324.5899963378906,254.64630126953125,332.8800048828125,578.3900146484375,80.88999938964844,86782.0,100383,15892.0,11957.0,46981.0
2026-09-01 11:30:00-04:00,324.7051086425781,255.05499267578125,332.9200134277344,578.7550048828125,80.87999725341797,324.7262878417969,255.14990234375,333.0799865722656,579.0579833984375,80.91999816894531,324.4006042480469,254.82000732421875,332.8399963378906,578.3099975585938,80.8499984741211,324.6199951171875,255.0,333.05999755859375,578.760009765625,80.91999816894531,62365.0,55297,12789.0,40725.0,18047.0
2026-09-01 11:31:00-04:00,324.41009521484375,254.9600067138672,332.8399963378906,579.0,80.91999816894531,324.7200012207031,255.1300048828125,332.9403991699219,579.0,80.93000030517578,324.360107421875,254.83999633789062,332.7699890136719,578.280029296875,80.88500213623047,324.70001220703125,255.0399932861328,332.9403991699219,578.80029296875,80.88610076904297,48014.0,32977,18038.0,32275.0,27085.0
2026-09-01 11:32:00-04:00,324.2969970703125,255.0500030517578,332.80999755859375,579.0717163085938,80.90499877929688,324.4200134277344,255.08999633789062,332.9375,579.1798706054688,80.94000244140625,324.2300109863281,254.91000366210938,332.7099914550781,578.7000122070312,80.88500213623047,324.4200134277344,254.9499969482422,332.8800048828125,579.0800170898438,80.92500305175781,55246.0,49165,15468.0,17788.0,16063.0
2026-09-01 11:33:00-04:00,324.3399963378906,255.0500030517578,332.6401062011719,580.0750122070312,80.95500183105469,324.3500061035156,255.2050018310547,332.8900146484375,580.0750122070312,80.95999908447266,324.20001220703125,254.99009704589844,332.6300048828125,579.030029296875,80.90499877929688,324.30499267578125,254.99009704589844,332.7900085449219,579.10498046875,80.90499877929688,43537.0,56599,33369.0,40908.0,14519.0
2026-09-01 11:34:00-04:00,324.4200134277344,254.8450927734375,332.6199951171875,580.3049926757812,80.88999938964844,324.5199890136719,255.05999755859375,332.739990234375,580.4749755859375,80.95999908447266,324.260009765625,254.82000732421875,332.55999755859375,579.5999755859375,80.87999725341797,324.3299865722656,255.05999755859375,332.6400146484375,580.0800170898438,80.94999694824219,52907.0,46371,15129.0,35753.0,21846.0
2026-09-01 11:35:00-04:00,324.2799987792969,255.02000427246094,332.7900085449219,580.77001953125,80.93000030517578,324.4800109863281,255.0800018310547,332.9200134277344,580.9000244140625,80.93000030517578,324.2300109863281,254.82000732421875,332.6099853515625,580.1503295898438,80.87999725341797,324.44000244140625,254.84249877929688,332.6199951171875,580.219970703125,80.9000015258789,43761.0,70493,30878.0,33784.0,14508.0
2026-09-01 11:36:00-04:00,324.1300048828125,255.10009765625,333.0,581.0050048828125,80.94999694824219,324.32000732421875,255.1699981689453,333.0299987792969,581.0900268554688,80.94999694824219,324.1099853515625,255.02000427246094,332.7799987792969,580.3466796875,80.91000366210938,324.2900085449219,255.02000427246094,332.7850036621094,580.77001953125,80.92500305175781,51596.0,43503,36475.0,36444.0,13286.0
2026-09-01 11:37:00-04:00,324.2300109863281,255.22500610351562,332.8500061035156,580.9550170898438,80.94999694824219,324.260009765625,255.24000549316406,333.0050048828125,581.760009765625,80.96499633789062,324.0199890136719,255.08999633789062,332.80999755859375,580.8905029296875,80.9208984375,324.1449890136719,255.125,332.989990234375,581.0,80.94000244140625,44263.0,53120,14639.0,49146.0,14997.0
2026-09-01 11:38:00-04:00,324.70001220703125,255.21499633789062,332.92999267578125,581.155029296875,80.95359802246094,324.7475891113281,255.30999755859375,333.0,581.3400268554688,80.96990203857422,324.1199951171875,255.13999938964844,332.8299865722656,580.8900146484375,80.94000244140625,324.2300109863281,255.22500610351562,332.8299865722656,580.8900756835938,80.94999694824219,83114.0,56309,14517.0,23865.0,16021.0
2026-09-01 11:39:00-04:00,324.5400085449219,255.1750030517578,333.0799865722656,581.6649780273438,81.08399963378906,324.82989501953125,255.3000030517578,333.1199951171875,581.72998046875,81.09989929199219,324.4700012207031,255.11500549316406,332.8599853515625,580.5,80.95999908447266,324.7099914550781,255.19650268554688,332.94989013671875,581.260009765625,80.97000122070312,108483.0,36291,16200.0,21885.0,90974.0
2026-09-01 11:40:00-04:00,324.42999267578125,255.1999969482422,333.1910095214844,580.9500122070312,81.06999969482422,324.5400085449219,255.30999755859375,333.25,581.7122192382812,81.08999633789062,324.385009765625,255.1999969482422,333.07501220703125,580.9500122070312,81.05039978027344,324.5400085449219,255.1999969482422,333.07501220703125,581.6649780273438,81.08999633789062,56718.0,22587,11878.0,25866.0,26559.0
2026-09-01 11:41:00-04:00,324.76348876953125,255.19000244140625,333.0799865722656,580.0,80.9800033569336,325.07000732421875,255.3199005126953,333.19000244140625,580.9550170898438,81.06999969482422,324.41009521484375,255.14010620117188,333.0400085449219,579.5836181640625,80.97000122070312,324.42999267578125,255.25,333.19000244140625,580.9500122070312,81.05999755859375,122860.0,46649,13586.0,22956.0,24994.0
2026-09-01 11:42:00-04:00,325.0350036621094,255.1300048828125,332.90618896484375,579.4000244140625,81.04000091552734,325.1199951171875,255.2299041748047,333.1300048828125,580.2899780273438,81.05000305175781,324.7650146484375,255.0500946044922,332.8599853515625,579.0700073242188,80.9739990234375,324.7650146484375,255.1750030517578,333.0799865722656,579.9989013671875,80.9739990234375,95231.0,23129,19070.0,34008.0,23552.0
2026-09-01 11:43:00-04:00,325.2099914550781,255.0399932861328,332.7149963378906,579.97998046875,81.01000213623047,325.2099914550781,255.16000366210938,332.9800109863281,580.0,81.05000305175781,325.0350036621094,255.02000427246094,332.6499938964844,579.0100708007812,81.0,325.0350036621094,255.12770080566406,332.95001220703125,579.3150024414062,81.02999877929688,65514.0,30719,125204.0,18854.0,21820.0
2026-09-01 11:44:00-04:00,325.1499938964844,255.0,332.6499938964844,579.280029296875,81.0199966430664,325.2799987792969,255.03990173339844,332.7300109863281,580.2000122070312,81.04000091552734,325.04998779296875,254.9149932861328,332.6099853515625,579.280029296875,80.9801025390625,325.2099914550781,255.00999450683594,332.67999267578125,579.9000244140625,81.00499725341797,72021.0,39640,11335.0,24599.0,17805.0
2026-09-01 11:45:00-04:00,325.2799987792969,255.02999877929688,332.7850036621094,579.27001953125,80.96009826660156,325.55999755859375,255.13999938964844,332.7850036621094,579.6900024414062,81.0199966430664,325.010009765625,254.9600067138672,332.6000061035156,579.2000122070312,80.96009826660156,325.1700134277344,255.0,332.6400146484375,579.594970703125,81.0199966430664,370772.0,29739,9436.0,819309.0,82281.0
2026-09-01 11:46:00-04:00,324.9849853515625,255.0800018310547,332.82501220703125,580.2999877929688,81.02999877929688,325.42999267578125,255.1649932861328,333.0299987792969,580.7999267578125,81.02999877929688,324.8700866699219,255.0,332.760009765625,579.27001953125,80.95999908447266,325.2950134277344,255.02999877929688,332.7850036621094,579.3200073242188,80.95999908447266,134778.0,32109,20004.0,34097.0,19303.0
2026-09-01 11:47:00-04:00,325.25,255.2006072998047,332.8299865722656,580.3900146484375,81.02999877929688,325.2699890136719,255.26809692382812,332.9549865722656,581.2999877929688,81.04000091552734,324.8800048828125,255.0749969482422,332.7900085449219,580.1699829101562,80.98699951171875,324.9849853515625,255.0749969482422,332.8399963378906,580.3099975585938,81.02999877929688,62923.0,43398,13916.0,66285.0,29543.0
2026-09-01 11:48:00-04:00,325.95819091796875,255.1999969482422,332.7900085449219,580.3900146484375,81.01000213623047,325.9700012207031,255.35000610351562,332.9049987792969,580.615478515625,81.0698013305664,325.17999267578125,255.13999938964844,332.5838928222656,580.1199951171875,81.01000213623047,325.25,255.21499633789062,332.8900146484375,580.3699951171875,81.0199966430664,181347.0,39847,36867.0,17862.0,20256.0
2026-09-01 11:49:00-04:00,326.2200012207031,255.25799560546875,332.9599914550781,581.4257202148438,81.05999755859375,326.2699890136719,255.27000427246094,333.0400085449219,581.7000122070312,81.05999755859375,325.9100036621094,255.1300048828125,332.8399963378906,580.3250122070312,81.00499725341797,325.9549865722656,255.1649932861328,332.8399963378906,580.3250122070312,81.00499725341797,299146.0,18411,38037.0,22201.0,9209.0
2026-09-01 11:50:00-04:00,326.276611328125,255.1649932861328,332.6700134277344,580.9931030273438,81.0199966430664,326.3500061035156,255.26499938964844,332.9796142578125,581.5700073242188,81.06999969482422,325.9601135253906,255.16000366210938,332.6499938964844,580.6500244140625,81.0103988647461,326.2300109863281,255.25,332.97900390625,581.4500122070312,81.05500030517578,119625.0,26672,14979.0,20891.0,22705.0
2026-09-01 11:51:00-04:00,326.55999755859375,255.25999450683594,332.8500061035156,581.81982421875,81.01000213623047,326.55999755859375,255.3000030517578,332.95001220703125,581.81982421875,81.01499938964844,326.25,255.1300048828125,332.5950012207031,580.510009765625,80.98999786376953,326.2749938964844,255.1649932861328,332.6499938964844,580.9403076171875,81.01000213623047,167210.0,36217,22450.0,29991.0,209392.0
2026-09-01 11:52:00-04:00,326.67999267578125,255.35000610351562,332.8800048828125,582.6400146484375,81.06999969482422,326.70001220703125,255.36500549316406,332.94500732421875,582.739990234375,81.08000183105469,326.4179992675781,255.24000549316406,332.840087890625,581.510009765625,81.0250015258789,326.55999755859375,255.25,332.8599853515625,581.7994995117188,81.0250015258789,148299.0,39483,12444.0,68359.0,15899.0
2026-09-01 11:53:00-04:00,327.18499755859375,255.4600067138672,332.9100036621094,582.1799926757812,81.07499694824219,327.19000244140625,255.52999877929688,332.9700012207031,582.7999877929688,81.08989715576172,326.6499938964844,255.32009887695312,332.8800048828125,582.0,81.06009674072266,326.69000244140625,255.36000061035156,332.8999938964844,582.6599731445312,81.08000183105469,212271.0,146356,11270.0,33752.0,17668.0
2026-09-01 11:54:00-04:00,326.8800048828125,255.41000366210938,333.0150146484375,582.5800170898438,81.05999755859375,327.226806640625,255.5,333.07000732421875,582.5999755859375,81.07830047607422,326.8500061035156,255.3303985595703,332.8500061035156,582.0,81.02999877929688,327.17498779296875,255.4600067138672,332.9100036621094,582.1799926757812,81.07499694824219,112943.0,67658,17294.0,26346.0,18987.0
2026-09-01 11:55:00-04:00,326.6499938964844,255.33999633789062,333.2049865722656,581.9000244140625,81.0801010131836,326.95001220703125,255.4799041748047,333.25,583.239990234375,81.0801010131836,326.5824890136719,255.22999572753906,333.0,581.9000244140625,81.05999755859375,326.8800048828125,255.40989685058594,333.0299987792969,582.5800170898438,81.05999755859375,115113.0,42357,30329.0,54769.0,14291.0
2026-09-01 11:56:00-04:00,326.67999267578125,255.47999572753906,333.04998779296875,582.405029296875,81.11499786376953,326.7250061035156,255.4949951171875,333.2699890136719,582.5999755859375,81.12999725341797,326.4599914550781,255.30999755859375,333.010009765625,581.4600219726562,81.08000183105469,326.6400146484375,255.34500122070312,333.20001220703125,581.6649780273438,81.09989929199219,122535.0,44019,13943.0,19690.0,19991.0
2026-09-01 11:57:00-04:00,326.6549987792969,255.28500366210938,332.92999267578125,582.0900268554688,81.05000305175781,326.7699890136719,255.44500732421875,333.0751037597656,582.8699951171875,81.12000274658203,326.5299987792969,255.27000427246094,332.92999267578125,582.0900268554688,81.05000305175781,326.67999267578125,255.44000244140625,333.0299987792969,582.35498046875,81.11990356445312,116793.0,24400,15887.0,20743.0,21447.0
2026-09-01 11:58:00-04:00,326.6499938964844,255.42019653320312,332.95001220703125,582.5800170898438,81.0199966430664,326.7149963378906,255.47999572753906,332.989990234375,582.9500122070312,81.05999755859375,326.4599914550781,255.25999450683594,332.9200134277344,582.1500244140625,81.01000213623047,326.6400146484375,255.25999450683594,332.9200134277344,582.1950073242188,81.05000305175781,96741.0,29900,13561.0,21070.0,16325.0
2026-09-01 11:59:00-04:00,326.3599853515625,255.41000366210938,332.92999267578125,582.6950073242188,81.03500366210938,326.6600036621094,255.47999572753906,332.989501953125,582.77001953125,81.05000305175781,326.30999755859375,255.3699951171875,332.7799987792969,582.219970703125,81.0199966430664,326.6400146484375,255.4499969482422,332.9800109863281,582.52001953125,81.0199966430664,69871.0,22573,11880.0,17716.0,10252.0
2026-09-01 12:00:00-04:00,326.3900146484375,255.4199981689453,333.0299987792969,583.389892578125,81.08000183105469,326.42999267578125,255.4499053955078,333.0899963378906,583.4382934570312,81.08039855957031,326.2099914550781,255.38009643554688,332.9200134277344,582.3101196289062,81.04000091552734,326.3800048828125,255.4250030517578,333.04998779296875,582.6950073242188,81.04000091552734,75888.0,18547,11981.0,44084.0,18400.0
2026-09-01 12:01:00-04:00,325.9200134277344,255.36000061035156,333.07000732421875,582.2050170898438,81.0250015258789,326.4100036621094,255.4199981689453,333.1199951171875,583.3350219726562,81.05999755859375,325.8550109863281,255.27999877929688,333.010009765625,582.0001220703125,81.01499938964844,326.3699951171875,255.41700744628906,333.06988525390625,583.25,81.05999755859375,75004.0,36911,12556.0,23029.0,20253.0
2026-09-01 12:02:00-04:00,326.1199951171875,255.3350067138672,333.010009765625,581.35498046875,81.04779815673828,326.1861877441406,255.3699951171875,333.0603942871094,582.27001953125,81.05000305175781,325.8999938964844,255.25,332.92999267578125,581.0700073242188,81.0,325.9200134277344,255.36000061035156,333.0400085449219,582.0977783203125,81.0199966430664,71267.0,36780,15564.0,38785.0,31396.0
2026-09-01 12:03:00-04:00,326.125,255.42300415039062,333.1299133300781,581.219970703125,81.05999755859375,326.2300109863281,255.47000122070312,333.1700134277344,581.52001953125,81.06999969482422,326.07000732421875,255.30999755859375,332.9800109863281,580.9099731445312,81.05500030517578,326.1199951171875,255.3300018310547,332.9801025390625,581.4000244140625,81.05999755859375,39997.0,39016,8781.0,25910.0,10641.0
2026-09-01 12:04:00-04:00,326.1700134277344,255.39500427246094,333.2250061035156,581.0999755859375,81.04000091552734,326.2300109863281,255.4499969482422,333.2699890136719,581.4400024414062,81.06999969482422,326.04998779296875,255.3800048828125,333.1000061035156,580.5399780273438,81.0199966430664,326.1199951171875,255.4199981689453,333.114990234375,581.0501098632812,81.05999755859375,40786.0,29658,10147.0,18556.0,19560.0
2026-09-01 12:05:00-04:00,326.1600036621094,255.40499877929688,333.32000732421875,581.510009765625,81.06410217285156,326.239990234375,255.4600067138672,333.3699951171875,581.5800170898438,81.09989929199219,326.0799865722656,255.3699951171875,333.20001220703125,580.6599731445312,81.02999877929688,326.19000244140625,255.39500427246094,333.2200012207031,580.9849853515625,81.05989837646484,54396.0,30543,11862.0,28137.0,21503.0
2026-09-01 12:06:00-04:00,326.32501220703125,255.08999633789062,333.1400146484375,580.989990234375,81.0199966430664,326.5400085449219,255.40499877929688,333.3299865722656,581.75,81.05010223388672,326.1600036621094,255.0800018310547,333.1400146484375,580.8300170898438,81.01000213623047,326.16009521484375,255.3800048828125,333.3299865722656,581.1701049804688,81.05000305175781,103828.0,35596,10453.0,25987.0,24976.0
2026-09-01 12:07:00-04:00,326.4949951171875,255.1649932861328,333.05999755859375,579.7050170898438,80.97000122070312,326.5,255.2198944091797,333.19000244140625,580.989990234375,81.02999877929688,326.2850036621094,255.0800018310547,333.0,579.5333251953125,80.97000122070312,326.32000732421875,255.09010314941406,333.1400146484375,580.989990234375,81.0199966430664,83888.0,39569,15631.0,28840.0,18553.0
2026-09-01 12:08:00-04:00,326.1000061035156,254.89999389648438,332.9100036621094,580.3099975585938,80.91999816894531,326.5400085449219,255.2100067138672,333.1520080566406,580.4600219726562,80.9800033569336,326.04998779296875,254.89999389648438,332.9100036621094,579.75,80.91500091552734,326.5199890136719,255.1649932861328,333.0,579.8599853515625,80.97000122070312,69318.0,62724,11240.0,15211.0,28827.0
2026-09-01 12:09:00-04:00,326.3900146484375,254.77000427246094,332.8500061035156,579.5900268554688,80.86000061035156,326.4700012207031,254.9669952392578,332.9800109863281,580.2708129882812,80.94000244140625,326.110107421875,254.72000122070312,332.8399963378906,579.5499877929688,80.8550033569336,326.125,254.94259643554688,332.9419860839844,580.1849975585938,80.91999816894531,54773.0,53481,9822.0,16166.0,24911.0
2026-09-01 12:10:00-04:00,326.4200134277344,254.75,332.7699890136719,579.6599731445312,80.86009979248047,326.489990234375,254.7899932861328,332.864990234375,579.85498046875,80.875,326.17999267578125,254.6300048828125,332.7179870605469,579.5349731445312,80.8499984741211,326.4100036621094,254.72999572753906,332.8599853515625,579.5800170898438,80.86000061035156,50634.0,32766,11277.0,13109.0,17037.0
2026-09-01 12:11:00-04:00,326.114990234375,254.69500732421875,332.82989501953125,579.27001953125,80.90499877929688,326.4200134277344,254.7698974609375,332.989990234375,579.669921875,80.9126968383789,326.1000061035156,254.6300048828125,332.7500915527344,579.27001953125,80.86060333251953,326.4200134277344,254.75999450683594,332.7500915527344,579.530029296875,80.86509704589844,47476.0,37432,13987.0,26255.0,43394.0
2026-09-01 12:12:00-04:00,325.9800109863281,254.69000244140625,332.760009765625,579.5999755859375,80.88500213623047,326.15509033203125,254.8199005126953,332.8999938964844,579.7498779296875,80.94499969482422,325.9599914550781,254.6699981689453,332.7300109863281,579.2999877929688,80.875,326.1199951171875,254.69000244140625,332.7970886230469,579.4423217773438,80.90499877929688,58944.0,27882,13022.0,61545.0,23738.0
2026-09-01 12:13:00-04:00,325.75,254.74049377441406,332.6700134277344,579.280029296875,80.87069702148438,326.0,254.8000030517578,332.79998779296875,579.7000122070312,80.90499877929688,325.7300109863281,254.7100067138672,332.6700134277344,579.239990234375,80.87000274658203,325.9700012207031,254.7100067138672,332.7461853027344,579.5999755859375,80.88500213623047,69069.0,18807,12667.0,19482.0,14026.0
2026-09-01 12:14:00-04:00,325.5350036621094,254.60000610351562,332.4599914550781,578.5150146484375,80.85990142822266,325.8399963378906,254.77000427246094,332.739990234375,579.47998046875,80.88500213623047,325.5199890136719,254.60000610351562,332.3900146484375,578.5150146484375,80.8550033569336,325.7550048828125,254.77000427246094,332.68499755859375,579.2999877929688,80.87000274658203,59900.0,29789,30266.0,18147.0,19782.0
2026-09-01 12:15:00-04:00,325.4700012207031,254.3300018310547,332.29998779296875,578.14501953125,80.88999938964844,325.5899963378906,254.60000610351562,332.4599914550781,578.6099853515625,80.88999938964844,325.45001220703125,254.1999969482422,332.2200012207031,578.030029296875,80.81999969482422,325.5350036621094,254.60000610351562,332.4599914550781,578.450927734375,80.8550033569336,53939.0,121909,14084.0,21365.0,28092.0
2026-09-01 12:16:00-04:00,325.7049865722656,254.4250030517578,332.42999267578125,578.4400024414062,80.98989868164062,325.7650146484375,254.49000549316406,332.4599914550781,578.6400146484375,80.98989868164062,325.3599853515625,254.2628936767578,332.2200012207031,578.0499877929688,80.90519714355469,325.4649963378906,254.35000610351562,332.2799987792969,578.0499877929688,80.90519714355469,84133.0,34123,14384.0,16455.0,25273.0
2026-09-01 12:17:00-04:00,325.6099853515625,254.1999969482422,332.0450134277344,578.2449951171875,80.87999725341797,325.8299865722656,254.45989990234375,332.4331970214844,578.4299926757812,80.9800033569336,325.55999755859375,254.1999969482422,332.0450134277344,578.0,80.87999725341797,325.7196044921875,254.4250030517578,332.4331970214844,578.3099975585938,80.9800033569336,65066.0,38235,17786.0,18601.0,23991.0
2026-09-01 12:18:00-04:00,325.4960021972656,254.22999572753906,332.0299987792969,578.5399780273438,80.86499786376953,325.6400146484375,254.32000732421875,332.1698913574219,578.5399780273438,80.87999725341797,325.4700012207031,254.13999938964844,332.0299987792969,578.0700073242188,80.8499984741211,325.6099853515625,254.15499877929688,332.0849914550781,578.1199951171875,80.87999725341797,38501.0,51407,22960.0,23479.0,19010.0
2026-09-01 12:19:00-04:00,325.4849853515625,254.13999938964844,331.95001220703125,578.3599853515625,80.8499984741211,325.5899963378906,254.32000732421875,332.08990478515625,578.5399780273438,80.87000274658203,325.42999267578125,254.13999938964844,331.8999938964844,578.219970703125,80.81999969482422,325.5198974609375,254.25999450683594,332.0299987792969,578.4099731445312,80.86499786376953,47050.0,23537,50430.0,10203.0,22299.0
2026-09-01 12:20:00-04:00,325.6099853515625,254.14999389648438,332.0,578.6799926757812,80.84500122070312,325.739990234375,254.22000122070312,332.1199035644531,578.9963989257812,80.86499786376953,325.4599914550781,254.1199951171875,331.9049987792969,578.3400268554688,80.81999969482422,325.4800109863281,254.1649932861328,331.94500732421875,578.3499755859375,80.86499786376953,55688.0,37203,14562.0,13782.0,30021.0
2026-09-01 12:21:00-04:00,325.5,254.17999267578125,332.1400146484375,578.2700805664062,80.81999969482422,325.6050109863281,254.24000549316406,332.19000244140625,578.7899169921875,80.84500122070312,325.3399963378906,254.0,331.8900146484375,578.0,80.80000305175781,325.6050109863281,254.1199951171875,331.9800109863281,578.5900268554688,80.84500122070312,50611.0,69820,24860.0,18022.0,20992.0
2026-09-01 12:22:00-04:00,326.260009765625,254.24000549316406,332.30999755859375,579.47998046875,80.86000061035156,326.3299865722656,254.4199981689453,332.3800048828125,579.72998046875,80.86910247802734,325.4800109863281,254.17999267578125,332.1199951171875,578.3200073242188,80.81999969482422,325.510009765625,254.19000244140625,332.1400146484375,578.3200073242188,80.81999969482422,97340.0,49156,15556.0,19284.0,19579.0
2026-09-01 12:23:00-04:00,327.1499938964844,254.5850067138672,332.3900146484375,579.8400268554688,80.87799835205078,327.29998779296875,254.72000122070312,332.5150146484375,581.7150268554688,80.9000015258789,326.17999267578125,254.22000122070312,332.239990234375,579.388427734375,80.81990051269531,326.239990234375,254.27000427246094,332.29998779296875,579.4749755859375,80.8550033569336,225749.0,67279,17085.0,75675.0,17306.0
2026-09-01 12:24:00-04:00,326.9599914550781,254.5449981689453,332.4599914550781,579.47998046875,80.8760986328125,327.1465148925781,254.58990478515625,332.6050109863281,580.0399169921875,80.8760986328125,326.91009521484375,254.50999450683594,332.260009765625,579.3099975585938,80.8499984741211,327.1400146484375,254.55999755859375,332.32049560546875,579.8200073242188,80.87000274658203,110156.0,31926,23363.0,19508.0,10593.0
2026-09-01 12:25:00-04:00,326.95001220703125,254.61000061035156,332.32501220703125,579.4500122070312,80.91999816894531,327.1499938964844,254.6300048828125,332.4700012207031,579.7615966796875,80.91999816894531,326.8800048828125,254.5399932861328,332.29998779296875,579.22998046875,80.85009765625,326.9599914550781,254.55999755859375,332.4700012207031,579.47998046875,80.87999725341797,74676.0,32545,16430.0,12118.0,19093.0
2026-09-01 12:26:00-04:00,326.3900146484375,254.3699951171875,332.0400085449219,579.9600219726562,80.86000061035156,326.94500732421875,254.60000610351562,332.42999267578125,580.8400268554688,80.91999816894531,326.3599853515625,254.27999877929688,331.989990234375,579.1599731445312,80.8499984741211,326.9200134277344,254.60000610351562,332.3399963378906,579.3599853515625,80.91999816894531,118792.0,58707,38279.0,37579.0,37773.0
2026-09-01 12:27:00-04:00,326.625,254.2949981689453,332.07501220703125,580.3499145507812,80.88999938964844,326.739990234375,254.43499755859375,332.260009765625,580.3499145507812,80.91999816894531,326.3900146484375,254.25,332.010009765625,579.7100219726562,80.87000274658203,326.4049987792969,254.33999633789062,332.1000061035156,580.0399780273438,80.87000274658203,73971.0,48721,14707.0,12071.0,14793.0
2026-09-01 12:28:00-04:00,326.73590087890625,254.36500549316406,332.239990234375,580.6699829101562,80.91719818115234,326.760009765625,254.4499969482422,332.239990234375,580.6699829101562,80.93000030517578,326.54071044921875,254.25,331.9599914550781,579.8099975585938,80.88999938964844,326.625,254.2899932861328,332.0799865722656,580.2100219726562,80.8949966430664,42589.0,26866,13251.0,27441.0,13688.0
2026-09-01 12:29:00-04:00,326.6600036621094,254.39999389648438,332.2200012207031,580.4000244140625,80.94499969482422,326.79998779296875,254.4398956298828,332.2900085449219,580.75,80.95999908447266,326.45001220703125,254.30999755859375,332.1798095703125,580.0,80.91999816894531,326.7699890136719,254.375,332.25,580.6699829101562,80.93000030517578,73825.0,32127,6608.0,15236.0,17618.0
2026-09-01 12:30:00-04:00,326.6449890136719,254.2274932861328,332.1400146484375,580.280029296875,80.95500183105469,326.75,254.44000244140625,332.32000732421875,580.6046142578125,80.97000122070312,326.55999755859375,254.1999969482422,332.1300048828125,580.0700073242188,80.94499969482422,326.67999267578125,254.38999938964844,332.20001220703125,580.5,80.94999694824219,80312.0,40081,13586.0,12163.0,28046.0
2026-09-01 12:31:00-04:00,326.7300109863281,254.16000366210938,332.2156066894531,580.64501953125,80.93990325927734,326.885009765625,254.22500610351562,332.2699890136719,580.6900024414062,80.9800033569336,326.5799865722656,254.11000061035156,332.1400146484375,580.0499877929688,80.91999816894531,326.6700134277344,254.22500610351562,332.17498779296875,580.280029296875,80.94999694824219,123639.0,45802,7254.0,21047.0,24059.0
2026-09-01 12:32:00-04:00,326.68499755859375,254.36500549316406,332.45001220703125,580.9000244140625,80.94999694824219,326.7749938964844,254.3699951171875,332.45001220703125,581.364990234375,80.96029663085938,326.4901123046875,254.1300048828125,332.2900085449219,580.6400146484375,80.91999816894531,326.7101135253906,254.1750030517578,332.3340148925781,580.6799926757812,80.92500305175781,98944.0,39149,9978.0,32245.0,17904.0
2026-09-01 12:33:00-04:00,326.57501220703125,254.7050018310547,332.3399963378906,580.9600219726562,80.94499969482422,326.739990234375,254.72999572753906,332.5,581.0399780273438,80.94999694824219,326.5,254.30499267578125,332.3299865722656,580.739990234375,80.92009735107422,326.68499755859375,254.33999633789062,332.4200134277344,580.739990234375,80.94000244140625,69323.0,56850,9657.0,28135.0,10080.0
2026-09-01 12:34:00-04:00,326.3900146484375,254.60499572753906,332.32000732421875,580.7150268554688,80.94000244140625,326.6000061035156,254.70849609375,332.3599853515625,580.9400024414062,80.94930267333984,326.3299865722656,254.50999450683594,332.25,580.5599975585938,80.92009735107422,326.5740051269531,254.66259765625,332.3299865722656,580.8900146484375,80.94499969482422,58651.0,32717,6750.0,14546.0,10886.0
2026-09-01 12:35:00-04:00,326.5150146484375,254.69000244140625,332.4700012207031,581.1599731445312,80.96499633789062,326.5199890136719,254.69000244140625,332.55999755859375,581.3099975585938,80.97000122070312,326.29998779296875,254.5399932861328,332.42010498046875,580.5700073242188,80.91999816894531,326.4100036621094,254.57000732421875,332.4476013183594,580.5700073242188,80.94999694824219,68830.0,29568,7476.0,20221.0,32218.0
2026-09-01 12:36:00-04:00,326.3319091796875,254.51499938964844,332.2698059082031,580.77001953125,80.91010284423828,326.6300048828125,254.67999267578125,332.4700012207031,581.4387817382812,80.9800033569336,326.20001220703125,254.47000122070312,332.2300109863281,580.5800170898438,80.88999938964844,326.5299987792969,254.67999267578125,332.4700012207031,581.280029296875,80.97000122070312,56000.0,45095,14963.0,45295.0,20039.0
2026-09-01 12:37:00-04:00,326.1600036621094,254.52000427246094,332.510009765625,580.8099975585938,80.9800033569336,326.34991455078125,254.59019470214844,332.5199890136719,580.9299926757812,80.9800033569336,326.0,254.49000549316406,332.2889099121094,580.5399780273438,80.91000366210938,326.32000732421875,254.51499938964844,332.30999755859375,580.77001953125,80.91000366210938,116231.0,38116,10409.0,14317.0,19100.0
2026-09-01 12:38:00-04:00,326.32501220703125,254.5850067138672,332.4700012207031,581.0499877929688,81.0,326.4100036621094,254.63499450683594,332.54998779296875,581.1900024414062,81.0199966430664,326.1400146484375,254.47999572753906,332.4700012207031,580.72998046875,80.97000122070312,326.1499938964844,254.5500030517578,332.5400085449219,581.0,80.97000122070312,109884.0,51208,7594.0,27808.0,19716.0
2026-09-01 12:39:00-04:00,326.4599914550781,254.77499389648438,332.4949951171875,581.0900268554688,81.0,326.489990234375,254.79910278320312,332.6300048828125,581.1135864257812,81.00499725341797,326.3399963378906,254.60000610351562,332.42999267578125,580.5900268554688,80.97010040283203,326.3500061035156,254.61000061035156,332.510009765625,581.0449829101562,81.00499725341797,85330.0,42641,10951.0,16079.0,30942.0
2026-09-01 12:40:00-04:00,326.06500244140625,254.6199951171875,332.32000732421875,580.239990234375,80.98999786376953,326.489990234375,254.80999755859375,332.5199890136719,581.3300170898438,81.0199966430664,326.010009765625,254.60000610351562,332.32000732421875,580.1699829101562,80.97000122070312,326.489990234375,254.77499389648438,332.4841003417969,581.151123046875,81.00499725341797,61463.0,35146,13641.0,21871.0,15403.0
2026-09-01 12:41:00-04:00,326.17999267578125,254.6750030517578,332.43011474609375,580.3400268554688,81.0,326.3299865722656,254.72999572753906,332.4903869628906,580.52001953125,81.03410339355469,326.0400085449219,254.60000610351562,332.30499267578125,580.0703125,80.98999786376953,326.04998779296875,254.60000610351562,332.3399963378906,580.1900024414062,80.98999786376953,57721.0,46250,8396.0,11860.0,19665.0
2026-09-01 12:42:00-04:00,326.17498779296875,254.5800018310547,332.20001220703125,579.7999877929688,81.03990173339844,326.2900085449219,254.7100067138672,332.4800109863281,580.469970703125,81.05999755859375,326.1600036621094,254.51010131835938,332.20001220703125,579.7999877929688,81.0,326.19830322265625,254.6929931640625,332.4800109863281,580.469970703125,81.0,59145.0,50860,11718.0,20576.0,16880.0
2026-09-01 12:43:00-04:00,326.05999755859375,254.47000122070312,332.17999267578125,579.780029296875,81.03929901123047,326.30999755859375,254.62649536132812,332.2099914550781,580.2000122070312,81.04499816894531,325.8999938964844,254.43499755859375,332.0899963378906,579.5999755859375,81.01499938964844,326.1700134277344,254.5449981689453,332.1600036621094,579.8099975585938,81.04499816894531,95067.0,41775,17243.0,40724.0,13545.0
2026-09-01 12:44:00-04:00,325.5299987792969,254.38499450683594,332.19000244140625,578.9749755859375,81.04550170898438,326.3243103027344,254.52999877929688,332.2900085449219,579.8300170898438,81.08999633789062,325.3999938964844,254.3000030517578,332.19000244140625,578.8599853515625,81.04000091552734,326.0899963378906,254.47999572753906,332.20001220703125,579.6749877929688,81.04000091552734,87336.0,71200,9752.0,20824.0,22497.0
2026-09-01 12:45:00-04:00,325.81500244140625,254.53399658203125,332.1700134277344,579.52001953125,81.02030181884766,325.8299865722656,254.53399658203125,332.2200012207031,579.614990234375,81.04499816894531,325.3599853515625,254.36000061035156,332.1099853515625,578.6212158203125,81.01000213623047,325.489990234375,254.3699951171875,332.17999267578125,578.9920043945312,81.04000091552734,157682.0,36790,10981.0,19901.0,15312.0
2026-09-01 12:46:00-04:00,325.9200134277344,254.4510955810547,332.1600036621094,579.1900024414062,80.99500274658203,325.9200134277344,254.60000610351562,332.2090148925781,579.5335083007812,81.02989959716797,325.6300048828125,254.44000244140625,332.1199951171875,579.1900024414062,80.98500061035156,325.80999755859375,254.53399658203125,332.1700134277344,579.5335083007812,81.02989959716797,86186.0,31364,15182.0,11886.0,10851.0
2026-09-01 12:47:00-04:00,326.07501220703125,254.46600341796875,332.1499938964844,579.330078125,80.95500183105469,326.1050109863281,254.50999450683594,332.23809814453125,579.7349243164062,81.0,325.8699951171875,254.4499969482422,332.1199951171875,579.1300048828125,80.94000244140625,325.9216003417969,254.47500610351562,332.19000244140625,579.239990234375,80.99500274658203,57429.0,40999,17717.0,12055.0,20511.0
2026-09-01 12:48:00-04:00,326.19000244140625,254.5531005859375,332.19500732421875,579.739990234375,80.95999908447266,326.2699890136719,254.5531005859375,332.2099914550781,579.8699951171875,80.95999908447266,326.0350036621094,254.41009521484375,332.1199951171875,579.4299926757812,80.91999816894531,326.05999755859375,254.4600067138672,332.1300048828125,579.4949951171875,80.95500183105469,49381.0,37006,11351.0,5531.0,20286.0
2026-09-01 12:49:00-04:00,325.9125061035156,254.52999877929688,332.2200012207031,580.10498046875,80.9800033569336,326.2298889160156,254.55999755859375,332.2362976074219,580.5,80.9800033569336,325.9125061035156,254.4508056640625,332.1365966796875,579.610107421875,80.92500305175781,326.2099914550781,254.50999450683594,332.20989990234375,579.8699951171875,80.94999694824219,47914.0,24100,12037.0,18637.0,25839.0
2026-09-01 12:50:00-04:00,325.875,254.51499938964844,332.1400146484375,579.6749877929688,80.94999694824219,325.92010498046875,254.5500030517578,332.17999267578125,580.10498046875,80.97000122070312,325.6505126953125,254.44000244140625,332.1000061035156,579.5250244140625,80.94999694824219,325.9200134277344,254.50999450683594,332.17999267578125,580.10498046875,80.95999908447266,35777.0,17384,9309.0,17146.0,12458.0
2026-09-01 12:51:00-04:00,325.6199951171875,254.41000366210938,332.07000732421875,579.97998046875,80.94999694824219,325.8699035644531,254.5399932861328,332.1700134277344,580.9299926757812,80.9800033569336,325.610107421875,254.3800048828125,332.010009765625,579.5850219726562,80.94000244140625,325.8500061035156,254.52999877929688,332.1400146484375,579.6749877929688,80.95999908447266,39119.0,20537,20500.0,23100.0,19121.0
2026-09-01 12:52:00-04:00,325.5574951171875,254.46249389648438,332.1400146484375,579.9451293945312,80.94010162353516,325.6300048828125,254.5,332.1499938964844,580.0700073242188,80.95999908447266,325.45001220703125,254.40499877929688,332.04559326171875,579.6799926757812,80.93499755859375,325.6300048828125,254.42999267578125,332.06500244140625,579.97998046875,80.94499969482422,52649.0,36772,9694.0,7020.0,32809.0
2026-09-01 12:53:00-04:00,325.5526123046875,254.41000366210938,332.2300109863281,580.21240234375,80.87999725341797,325.6650085449219,254.46449279785156,332.25,580.4099731445312,80.93000030517578,325.510009765625,254.34500122070312,332.04998779296875,579.739990234375,80.87999725341797,325.5950012207031,254.4199981689453,332.04998779296875,579.7750244140625,80.93000030517578,32475.0,21005,9671.0,7336.0,18970.0
2026-09-01 12:54:00-04:00,325.3800048828125,254.3000030517578,332.3691101074219,580.010009765625,80.88500213623047,325.6348876953125,254.41000366210938,332.3691101074219,580.8599853515625,80.8949966430664,325.32000732421875,254.2700958251953,332.2300109863281,579.9199829101562,80.87000274658203,325.5621032714844,254.3699951171875,332.2300109863281,580.2529907226562,80.88999938964844,125082.0,24145,9709.0,16770.0,20707.0
2026-09-01 12:55:00-04:00,325.4649963378906,254.2899932861328,332.3299865722656,580.2183837890625,80.83499908447266,325.5899963378906,254.37989807128906,332.45001220703125,580.3900146484375,80.88999938964844,325.4259033203125,254.2700958251953,332.2900085449219,579.9199829101562,80.83000183105469,325.4800109863281,254.3000030517578,332.3800048828125,579.9199829101562,80.88999938964844,34953.0,29188,13373.0,10399.0,16157.0
2026-09-01 12:56:00-04:00,325.5400085449219,254.44000244140625,332.3599853515625,580.0,80.83000183105469,325.54998779296875,254.44000244140625,332.3900146484375,580.1099853515625,80.83799743652344,325.42999267578125,254.27999877929688,332.2908935546875,579.8599853515625,80.81500244140625,325.4599914550781,254.32000732421875,332.3598937988281,580.0399780273438,80.8301010131836,30432.0,26416,4125.0,9819.0,17551.0
2026-09-01 12:57:00-04:00,325.47198486328125,254.52999877929688,332.1499938964844,580.530029296875,80.87000274658203,325.54998779296875,254.5399932861328,332.45001220703125,580.8699951171875,80.88500213623047,325.375,254.4600067138672,332.1499938964844,579.97998046875,80.83999633789062,325.54998779296875,254.4998016357422,332.3699951171875,580.1199951171875,80.83999633789062,79483.0,23023,13588.0,22535.0,15559.0
2026-09-01 12:58:00-04:00,325.60888671875,254.59500122070312,332.25,581.0050048828125,80.88999938964844,325.8999938964844,254.6999053955078,332.2900085449219,581.35498046875,80.8949966430664,325.42999267578125,254.52499389648438,332.1600036621094,580.5999755859375,80.86000061035156,325.4849853515625,254.5500030517578,332.239990234375,580.7296752929688,80.86000061035156,56936.0,27051,7533.0,22339.0,11530.0
2026-09-01 12:59:00-04:00,325.8599853515625,254.648193359375,332.0899963378906,580.7999877929688,80.90139770507812,325.95001220703125,254.6999969482422,332.2799987792969,581.0,80.91000366210938,325.57501220703125,254.5200958251953,332.0899963378906,580.7100219726562,80.875,325.6099853515625,254.61900329589844,332.25,581.0,80.88500213623047,96194.0,18010,7556.0,18388.0,21239.0
2026-09-01 13:00:00-04:00,325.70001220703125,254.35009765625,332.05999755859375,580.6900024414062,80.90499877929688,325.9700012207031,254.6199951171875,332.1300048828125,581.280029296875,80.92120361328125,325.6600036621094,254.33999633789062,332.0,580.1500244140625,80.86499786376953,325.8500061035156,254.6199951171875,332.1300048828125,580.8001098632812,80.89510345458984,120864.0,36298,12545.0,26537.0,22768.0
2026-09-01 13:01:00-04:00,325.6300048828125,254.32989501953125,331.94000244140625,580.6400146484375,80.9000015258789,325.77899169921875,254.40499877929688,332.0450134277344,580.8400268554688,80.91000366210938,325.5400085449219,254.3000030517578,331.9100036621094,580.380126953125,80.8949966430664,325.7049865722656,254.35000610351562,332.0201110839844,580.6950073242188,80.9000015258789,60944.0,35323,15631.0,12630.0,10446.0
2026-09-01 13:02:00-04:00,325.57501220703125,254.30999755859375,331.9700927734375,580.5,80.92500305175781,325.739990234375,254.4199981689453,332.010009765625,580.9000244140625,80.93990325927734,325.45001220703125,254.25,331.9100036621094,580.3699951171875,80.86499786376953,325.614990234375,254.30999755859375,331.94000244140625,580.7100219726562,80.9000015258789,214489.0,82159,8433.0,10829.0,49762.0
2026-09-01 13:03:00-04:00,325.55999755859375,254.2949981689453,332.07000732421875,580.4600219726562,80.91999816894531,325.9100036621094,254.35000610351562,332.1000061035156,580.6199951171875,80.95500183105469,325.5400085449219,254.25999450683594,331.8999938964844,580.1599731445312,80.91999816894531,325.57000732421875,254.30999755859375,331.9599914550781,580.5,80.92500305175781,104729.0,21817,18673.0,7115.0,20731.0
2026-09-01 13:04:00-04:00,325.5199890136719,254.30599975585938,332.114990234375,580.2578125,80.91999816894531,325.6400146484375,254.47000122070312,332.30999755859375,580.8099975585938,80.93499755859375,325.489990234375,254.30599975585938,332.010009765625,580.2050170898438,80.90499877929688,325.57000732421875,254.3249969482422,332.0899963378906,580.27001953125,80.91999816894531,36655.0,22654,15103.0,17904.0,16279.0
2026-09-01 13:05:00-04:00,325.29998779296875,254.52870178222656,332.2799987792969,580.1649780273438,80.96009826660156,325.56500244140625,254.53500366210938,332.2950134277344,580.6500244140625,80.97000122070312,325.2500915527344,254.3300018310547,332.10418701171875,580.0800170898438,80.91000366210938,325.5299987792969,254.3300018310547,332.10418701171875,580.3150024414062,80.91500091552734,78949.0,28613,5527.0,12196.0,45995.0
2026-09-01 13:06:00-04:00,325.2099914550781,254.53500366210938,332.2950134277344,580.3400268554688,80.94000244140625,325.3800048828125,254.55999755859375,332.3299865722656,580.3400268554688,80.96499633789062,325.1300048828125,254.4600067138672,332.17999267578125,579.9000244140625,80.92500305175781,325.29998779296875,254.5500030517578,332.3103942871094,580.1649780273438,80.96499633789062,98076.0,30890,9750.0,14188.0,24474.0
2026-09-01 13:07:00-04:00,325.09130859375,254.4250030517578,332.2699890136719,580.181884765625,80.9800033569336,325.3299865722656,254.5399932861328,332.3550109863281,580.5800170898438,80.9800033569336,325.05999755859375,254.3300018310547,332.25,580.0701293945312,80.93000030517578,325.2101135253906,254.53500366210938,332.347412109375,580.4000244140625,80.94000244140625,53392.0,41404,8625.0,12274.0,38531.0
2026-09-01 13:08:00-04:00,325.05499267578125,254.31500244140625,332.19000244140625,580.0700073242188,80.98040008544922,325.1451110839844,254.41000366210938,332.3699035644531,580.6300048828125,81.00499725341797,324.9599914550781,254.31500244140625,332.19000244140625,580.0,80.98040008544922,325.0950012207031,254.38999938964844,332.260009765625,580.469970703125,80.98999786376953,340617.0,45035,10129.0,14291.0,13997.0
2026-09-01 13:09:00-04:00,325.04998779296875,254.4586944580078,332.25,580.1199951171875,81.01000213623047,325.1099853515625,254.50999450683594,332.2799987792969,580.369873046875,81.01000213623047,325.0201110839844,254.2899932861328,332.1300048828125,580.0700073242188,80.9717025756836,325.0400085449219,254.2899932861328,332.1600036621094,580.0700073242188,80.9800033569336,37735.0,29354,8401.0,8539.0,18939.0
2026-09-01 13:10:00-04:00,324.9949951171875,254.5050048828125,332.3999938964844,580.7750854492188,80.98999786376953,325.07000732421875,254.55999755859375,332.3999938964844,580.8200073242188,81.05999755859375,324.95001220703125,254.4468994140625,332.2699890136719,580.1500244140625,80.98999786376953,325.05499267578125,254.4468994140625,332.2900085449219,580.1500244140625,81.00499725341797,56860.0,41718,7557.0,10832.0,77044.0
2026-09-01 13:11:00-04:00,325.0450134277344,254.5399932861328,332.3399963378906,580.5599975585938,81.00499725341797,325.1199951171875,254.58999633789062,332.42999267578125,580.9349975585938,81.0154037475586,324.97808837890625,254.49000549316406,332.29998779296875,580.3599853515625,80.9800033569336,325.0098876953125,254.49000549316406,332.3900146484375,580.7750854492188,80.99500274658203,49014.0,18308,8335.0,16369.0,20661.0
2026-09-01 13:12:00-04:00,325.2699890136719,254.73500061035156,332.42999267578125,580.7100219726562,80.99500274658203,325.2699890136719,254.75,332.489990234375,580.9400024414062,81.01260375976562,325.0600891113281,254.55999755859375,332.3500061035156,580.610107421875,80.98999786376953,325.07000732421875,254.55999755859375,332.3500061035156,580.739990234375,81.00509643554688,96858.0,28904,17100.0,8243.0,16292.0
2026-09-01 13:13:00-04:00,325.135009765625,254.74000549316406,332.3550109863281,581.1400146484375,81.01000213623047,325.3299865722656,254.8000030517578,332.5,581.3300170898438,81.01629638671875,325.1300048828125,254.6999969482422,332.3500061035156,580.989990234375,81.0,325.2799987792969,254.75,332.4999084472656,580.989990234375,81.0,39788.0,53026,9665.0,26466.0,11506.0
2026-09-01 13:14:00-04:00,325.0639953613281,254.55999755859375,332.364990234375,581.0150146484375,81.0083999633789,325.3500061035156,254.74000549316406,332.42999267578125,581.219970703125,81.02580261230469,325.0400085449219,254.5500030517578,332.340087890625,580.9400024414062,80.99500274658203,325.1300048828125,254.74000549316406,332.3599853515625,581.1300048828125,81.01000213623047,39311.0,30659,8524.0,5444.0,12914.0
2026-09-01 13:15:00-04:00,325.28009033203125,254.65499877929688,332.3406982421875,581.9199829101562,81.01000213623047,325.30999755859375,254.67999267578125,332.4200134277344,582.719970703125,81.0199966430664,325.0,254.55999755859375,332.30999755859375,580.8699951171875,81.0000991821289,325.05499267578125,254.55999755859375,332.364990234375,580.8699951171875,81.00499725341797,55946.0,25184,7451.0,66794.0,12995.0
2026-09-01 13:16:00-04:00,325.04998779296875,254.33999633789062,332.125,580.8300170898438,80.95999908447266,325.2749938964844,254.66000366210938,332.3699951171875,582.0399780273438,81.00990295410156,324.93011474609375,254.33999633789062,332.0700988769531,580.8300170898438,80.95999908447266,325.2749938964844,254.65499877929688,332.3399963378906,581.9199829101562,81.00990295410156,44394.0,23872,13115.0,17811.0,16681.0
2026-09-01 13:17:00-04:00,324.9849853515625,254.3300018310547,332.1199951171875,580.9249877929688,80.95500183105469,325.20001220703125,254.36000061035156,332.139892578125,580.97998046875,80.95500183105469,324.9599914550781,254.2899932861328,332.07000732421875,580.6500244140625,80.94499969482422,325.04998779296875,254.35000610351562,332.1000061035156,580.8300170898438,80.95020294189453,35852.0,29058,7678.0,11930.0,9948.0
2026-09-01 13:18:00-04:00,324.926513671875,254.3699951171875,332.2049865722656,581.8300170898438,80.98989868164062,325.0849914550781,254.4600067138672,332.2672119140625,581.9699096679688,80.98999786376953,324.9259948730469,254.35000610351562,332.07000732421875,580.6500854492188,80.95500183105469,324.9949951171875,254.35000610351562,332.125,580.6500854492188,80.95500183105469,42402.0,41093,8392.0,14456.0,13706.0
2026-09-01 13:19:00-04:00,324.9801025390625,254.43499755859375,332.19000244140625,581.3049926757812,80.97509765625,325.0,254.5500030517578,332.19000244140625,582.1699829101562,80.99320220947266,324.8299865722656,254.35000610351562,332.10009765625,581.010009765625,80.96499633789062,324.92999267578125,254.38499450683594,332.19000244140625,581.8300170898438,80.9800033569336,83759.0,38783,6850.0,22625.0,12793.0
2026-09-01 13:20:00-04:00,325.0,254.35000610351562,332.1619873046875,581.6799926757812,80.96499633789062,325.0350036621094,254.41000366210938,332.260009765625,581.719970703125,80.97720336914062,324.8599853515625,254.35000610351562,332.1400146484375,581.3200073242188,80.95500183105469,325.00799560546875,254.3699951171875,332.2550048828125,581.3900146484375,80.97000122070312,45073.0,19071,6897.0,21227.0,12384.0
2026-09-01 13:21:00-04:00,325.2449951171875,254.3699951171875,332.2300109863281,581.4299926757812,80.9800033569336,325.25,254.42990112304688,332.2539978027344,581.6849975585938,80.98999786376953,324.9800109863281,254.28700256347656,332.07000732421875,581.06298828125,80.96499633789062,325.0249938964844,254.36500549316406,332.1300048828125,581.6799926757812,80.96499633789062,43178.0,25303,9097.0,11541.0,16305.0
2026-09-01 13:22:00-04:00,325.29998779296875,254.35000610351562,332.1700134277344,580.8201293945312,80.96499633789062,325.3500061035156,254.40499877929688,332.27978515625,581.5,80.98500061035156,325.22039794921875,254.3000030517578,332.1650085449219,580.6099853515625,80.95999908447266,325.2449951171875,254.38999938964844,332.2300109863281,581.5,80.9728012084961,52576.0,15047,6316.0,17507.0,19731.0
2026-09-01 13:23:00-04:00,325.0899963378906,254.2550048828125,332.20001220703125,580.719970703125,80.98500061035156,325.2850036621094,254.36000061035156,332.2300109863281,580.8900146484375,80.9854965209961,325.0799865722656,254.22999572753906,332.1700134277344,580.280029296875,80.97000122070312,325.2850036621094,254.3300018310547,332.2149963378906,580.8099975585938,80.97000122070312,32502.0,24024,5380.0,9555.0,9015.0
2026-09-01 13:24:00-04:00,324.8999938964844,254.44500732421875,332.260009765625,580.72998046875,80.94999694824219,325.1099853515625,254.4792022705078,332.3399963378906,580.9400024414062,80.9800033569336,324.8399963378906,254.2100067138672,332.17999267578125,580.6400756835938,80.94999694824219,325.1000061035156,254.22999572753906,332.2099914550781,580.739990234375,80.9800033569336,43188.0,29064,12088.0,9149.0,15327.0
2026-09-01 13:25:00-04:00,324.8349914550781,254.22500610351562,331.940185546875,580.197509765625,80.8781967163086,325.0299987792969,254.4600067138672,332.260009765625,580.9600219726562,80.93000030517578,324.4849853515625,253.9499969482422,331.6700134277344,579.4000244140625,80.8499984741211,324.9200134277344,254.44000244140625,332.25,580.8599853515625,80.93000030517578,99841.0,99328,56853.0,26308.0,30442.0
2026-09-01 13:26:00-04:00,324.9599914550781,254.30999755859375,331.8500061035156,580.4099731445312,80.875,325.2493896484375,254.3300018310547,331.9800109863281,580.4400024414062,80.88999938964844,324.6600036621094,254.17999267578125,331.8214111328125,580.14501953125,80.86000061035156,324.8349914550781,254.21499633789062,331.9549865722656,580.4099731445312,80.87000274658203,131970.0,28762,9965.0,7795.0,11575.0
2026-09-01 13:27:00-04:00,324.8599853515625,254.4499969482422,331.9700927734375,580.8099975585938,80.92500305175781,324.9599914550781,254.47000122070312,331.9700927734375,580.8099975585938,80.93000030517578,324.7112121582031,254.27000427246094,331.82000732421875,580.3200073242188,80.87000274658203,324.9599914550781,254.30499267578125,331.8299865722656,580.364990234375,80.875,55352.0,44530,8009.0,7719.0,19712.0
2026-09-01 13:28:00-04:00,324.739990234375,254.34500122070312,331.8399963378906,580.3900146484375,80.9000015258789,324.9294128417969,254.47999572753906,331.9831848144531,580.8150024414062,80.92500305175781,324.6600036621094,254.32009887695312,331.8299865722656,580.323486328125,80.88999938964844,324.8699951171875,254.4499969482422,331.94000244140625,580.5910034179688,80.92009735107422,50077.0,27406,11392.0,12697.0,12924.0
2026-09-01 13:29:00-04:00,324.6499938964844,254.35499572753906,332.0150146484375,580.3049926757812,80.8949966430664,324.7900085449219,254.44000244140625,332.0199890136719,580.530029296875,80.90499877929688,324.6400146484375,254.3000030517578,331.82000732421875,580.0,80.87999725341797,324.760009765625,254.3699951171875,331.8450012207031,580.3599853515625,80.8949966430664,43768.0,24829,19642.0,16493.0,15597.0
2026-09-01 13:30:00-04:00,324.6700134277344,254.4149932861328,332.0350036621094,580.280029296875,80.90499877929688,324.8500061035156,254.4499969482422,332.0450134277344,580.5900268554688,80.91000366210938,324.6199951171875,254.3000030517578,331.92999267578125,580.1599731445312,80.87000274658203,324.69000244140625,254.38999938964844,332.0299987792969,580.469970703125,80.89510345458984,43819.0,28419,12168.0,8585.0,18500.0
2026-09-01 13:31:00-04:00,324.7135009765625,254.44000244140625,332.1300048828125,580.60498046875,80.93000030517578,324.7799987792969,254.47000122070312,332.1700134277344,580.719970703125,80.94000244140625,324.6300048828125,254.39999389648438,332.0400085449219,580.1436157226562,80.90499877929688,324.6600036621094,254.42999267578125,332.07000732421875,580.280029296875,80.90499877929688,31649.0,20550,35919.0,6849.0,12951.0
2026-09-01 13:32:00-04:00,324.7850036621094,254.38999938964844,332.05999755859375,580.4400024414062,80.95999908447266,324.8800048828125,254.49000549316406,332.17999267578125,580.7100219726562,80.95999908447266,324.65008544921875,254.38999938964844,332.05999755859375,580.3099975585938,80.89769744873047,324.68499755859375,254.43499755859375,332.1300048828125,580.60498046875,80.93499755859375,42896.0,20553,7585.0,7084.0,33019.0
2026-09-01 13:33:00-04:00,324.67498779296875,254.4176025390625,332.0299987792969,580.5599975585938,80.94499969482422,324.7799987792969,254.4499969482422,332.0798034667969,580.5869140625,80.95999908447266,324.6499938964844,254.3000030517578,331.95001220703125,580.2000122070312,80.94010162353516,324.7699890136719,254.3699951171875,332.0400085449219,580.256103515625,80.95999908447266,40700.0,21552,6700.0,6868.0,18396.0
2026-09-01 13:34:00-04:00,324.77099609375,254.52000427246094,332.1000061035156,581.14501953125,80.95999908447266,324.7900085449219,254.52999877929688,332.1400146484375,581.3049926757812,80.9800033569336,324.510009765625,254.4250030517578,332.0,580.5,80.94499969482422,324.6600036621094,254.4250030517578,332.07000732421875,580.6799926757812,80.94499969482422,62247.0,41811,9356.0,20626.0,27379.0
2026-09-01 13:35:00-04:00,324.70001220703125,254.59500122070312,332.3414001464844,581.219970703125,80.98999786376953,324.7860107421875,254.69000244140625,332.364990234375,581.47998046875,80.99500274658203,324.6400146484375,254.5,332.1000061035156,581.02001953125,80.95999908447266,324.7699890136719,254.52000427246094,332.1000061035156,581.14501953125,80.95999908447266,67773.0,42462,10028.0,27172.0,19650.0
2026-09-01 13:36:00-04:00,324.6199951171875,254.5,332.3999938964844,580.9400024414062,80.98690032958984,324.7449951171875,254.5782928466797,332.3999938964844,581.3394775390625,81.0,324.54998779296875,254.44000244140625,332.260009765625,580.8300170898438,80.97000122070312,324.69000244140625,254.57000732421875,332.364990234375,581.2999877929688,80.98999786376953,39845.0,21066,8003.0,8136.0,27084.0
2026-09-01 13:37:00-04:00,324.6400146484375,254.5399932861328,332.3699951171875,581.0700073242188,81.0,324.7799072265625,254.55999755859375,332.4150085449219,581.1300048828125,81.00499725341797,324.58990478515625,254.46099853515625,332.2900085449219,580.7200927734375,80.9800033569336,324.6300048828125,254.5050048828125,332.375,580.885009765625,80.98500061035156,40437.0,16854,12117.0,8453.0,14177.0
2026-09-01 13:38:00-04:00,324.54998779296875,254.44500732421875,332.2699890136719,580.6685791015625,81.02549743652344,324.6449890136719,254.52000427246094,332.3450012207031,581.0399780273438,81.02549743652344,324.5,254.42999267578125,332.260009765625,580.6685791015625,80.99500274658203,324.6400146484375,254.52000427246094,332.3450012207031,581.0250244140625,80.9999008178711,29116.0,14796,10925.0,6031.0,15391.0
2026-09-01 13:39:00-04:00,324.6099853515625,254.41000366210938,332.2799987792969,581.094970703125,81.18000030517578,324.739990234375,254.5,332.30950927734375,581.1599731445312,81.29000091552734,324.5249938964844,254.41000366210938,332.1499938964844,580.7000732421875,80.98999786376953,324.54998779296875,254.42579650878906,332.2749938964844,580.719970703125,81.0199966430664,31243.0,24625,8687.0,8468.0,227410.0
2026-09-01 13:40:00-04:00,324.4700927734375,254.3800048828125,332.1300048828125,581.030029296875,81.08000183105469,324.6099853515625,254.49000549316406,332.3301086425781,581.0999755859375,81.16999816894531,324.4200134277344,254.33999633789062,332.1000061035156,580.7376098632812,81.05999755859375,324.6099853515625,254.46499633789062,332.25,580.989990234375,81.16999816894531,44742.0,18864,8572.0,6126.0,38815.0
2026-09-01 13:41:00-04:00,324.5199890136719,254.47000122070312,332.19000244140625,581.010009765625,81.13939666748047,324.58990478515625,254.5399932861328,332.2200012207031,581.2899780273438,81.13999938964844,324.32000732421875,254.33999633789062,332.0799865722656,580.780029296875,81.04000091552734,324.4700012207031,254.35000610351562,332.1199951171875,580.9000854492188,81.06999969482422,60529.0,14545,10037.0,7360.0,30708.0
2026-09-01 13:42:00-04:00,324.5799865722656,254.48500061035156,332.1499938964844,581.3900146484375,81.15499877929688,324.64990234375,254.48500061035156,332.19500732421875,581.3900146484375,81.16000366210938,324.4200134277344,254.39999389648438,332.0400085449219,580.9810180664062,81.11000061035156,324.52410888671875,254.4499969482422,332.19500732421875,580.9810180664062,81.14119720458984,27875.0,18484,11338.0,8176.0,33419.0
2026-09-01 13:43:00-04:00,324.78009033203125,254.37640380859375,332.0799865722656,581.47998046875,81.0999984741211,324.79998779296875,254.52499389648438,332.1700134277344,582.2999877929688,81.16000366210938,324.5799865722656,254.37640380859375,332.0799865722656,581.3200073242188,81.09200286865234,324.5849914550781,254.48989868164062,332.1300048828125,581.39501953125,81.15499877929688,46227.0,14668,8230.0,30977.0,21018.0
2026-09-01 13:44:00-04:00,324.86199951171875,254.52000427246094,332.07000732421875,582.0800170898438,81.05999755859375,324.9200134277344,254.55999755859375,332.1499938964844,582.260009765625,81.1063003540039,324.7200012207031,254.3699951171875,332.04998779296875,581.3201293945312,81.05000305175781,324.7799987792969,254.38499450683594,332.1299133300781,581.5050048828125,81.1050033569336,35006.0,17022,7276.0,22833.0,17217.0
2026-09-01 13:45:00-04:00,324.8699951171875,254.38499450683594,331.968994140625,581.8099975585938,81.05290222167969,324.9800109863281,254.52000427246094,332.07501220703125,582.260009765625,81.06500244140625,324.7904968261719,254.3699951171875,331.92999267578125,581.8099975585938,81.02230072021484,324.8949890136719,254.51499938964844,332.07000732421875,582.260009765625,81.02999877929688,43745.0,16106,8676.0,11386.0,15885.0
2026-09-01 13:46:00-04:00,324.6700134277344,254.3350067138672,331.82000732421875,581.2100219726562,81.0250015258789,324.8753967285156,254.4398956298828,332.05999755859375,581.8300170898438,81.05000305175781,324.6499938964844,254.3000030517578,331.79998779296875,581.1699829101562,81.01499938964844,324.8753967285156,254.39500427246094,332.0,581.6699829101562,81.05000305175781,32825.0,39428,12064.0,21404.0,27181.0
2026-09-01 13:47:00-04:00,324.79998779296875,254.38499450683594,331.8299865722656,580.989990234375,81.01000213623047,324.8900146484375,254.39999389648438,331.8550109863281,581.47998046875,81.02449798583984,324.6741943359375,254.32000732421875,331.79998779296875,580.7999877929688,81.0,324.6741943359375,254.33999633789062,331.8399963378906,581.2100219726562,81.0199966430664,30275.0,20054,5420.0,17717.0,23455.0
2026-09-01 13:48:00-04:00,324.7049865722656,254.30039978027344,331.79998779296875,580.5,81.04340362548828,324.8299865722656,254.39999389648438,331.8800048828125,581.27001953125,81.04340362548828,324.6300048828125,254.28500366210938,331.7449951171875,580.4105834960938,80.99980163574219,324.79998779296875,254.39999389648438,331.8450012207031,580.8499755859375,81.01499938964844,30228.0,37242,15415.0,7073.0,26051.0
2026-09-01 13:49:00-04:00,324.5849914550781,254.23500061035156,331.6499938964844,580.7000122070312,80.98500061035156,324.7250061035156,254.3300018310547,331.8301086425781,580.8599853515625,81.04000091552734,324.510009765625,254.2100067138672,331.6000061035156,580.4199829101562,80.98500061035156,324.7085876464844,254.3249969482422,331.8299865722656,580.5900268554688,81.04000091552734,32959.0,16139,9911.0,11346.0,12666.0
2026-09-01 13:50:00-04:00,324.60009765625,254.5,331.6600036621094,581.6300048828125,80.98999786376953,324.6299133300781,254.50999450683594,331.7699890136719,581.6300048828125,81.0199966430664,324.5,254.1999969482422,331.54998779296875,580.7000122070312,80.98500061035156,324.5849914550781,254.22999572753906,331.6400146484375,580.7000122070312,80.98500061035156,40026.0,93909,15171.0,11862.0,17957.0
2026-09-01 13:51:00-04:00,324.92999267578125,254.4293975830078,331.6099853515625,581.489990234375,80.9749984741211,324.95001220703125,254.47999572753906,331.7099914550781,581.6400146484375,80.98999786376953,324.614990234375,254.3800048828125,331.54998779296875,581.2429809570312,80.96170043945312,324.614990234375,254.47999572753906,331.7019958496094,581.5499877929688,80.98999786376953,52570.0,30942,11493.0,10866.0,11539.0
2026-09-01 13:52:00-04:00,324.8699035644531,254.57000732421875,331.5799865722656,581.7150268554688,80.96499633789062,324.94000244140625,254.60000610351562,331.7200012207031,581.8298950195312,80.98899841308594,324.75531005859375,254.41409301757812,331.5799865722656,581.2301025390625,80.95500183105469,324.94000244140625,254.42999267578125,331.6199951171875,581.364990234375,80.97000122070312,44517.0,23386,15241.0,8064.0,19378.0
2026-09-01 13:53:00-04:00,324.6549987792969,254.5399932861328,331.514404296875,582.2249755859375,80.92990112304688,324.8999938964844,254.67999267578125,331.5950012207031,582.47998046875,80.97000122070312,324.6549987792969,254.5399932861328,331.510009765625,581.7899780273438,80.92990112304688,324.8500061035156,254.56500244140625,331.57000732421875,581.8300170898438,80.95999908447266,37392.0,30514,17860.0,33629.0,22691.0
2026-09-01 13:54:00-04:00,324.75,254.57000732421875,331.5400085449219,582.6500244140625,80.9000015258789,324.7799072265625,254.60000610351562,331.5400085449219,582.6500244140625,80.92500305175781,324.6499938964844,254.49000549316406,331.3699951171875,581.7000122070312,80.89009857177734,324.6700134277344,254.52000427246094,331.5249938964844,582.1300048828125,80.91999816894531,26060.0,28187,30785.0,26253.0,17865.0
2026-09-01 13:55:00-04:00,324.8399963378906,254.72000122070312,331.510009765625,582.9550170898438,80.95999908447266,324.875,254.72999572753906,331.5801086425781,583.2899780273438,80.98989868164062,324.7300109863281,254.56500244140625,331.45001220703125,582.530029296875,80.90499877929688,324.7799987792969,254.56500244140625,331.5299987792969,582.7000122070312,80.90499877929688,31919.0,15511,20446.0,72506.0,49233.0
2026-09-01 13:56:00-04:00,324.90008544921875,254.51499938964844,331.45001220703125,582.9299926757812,80.93499755859375,324.94000244140625,254.72000122070312,331.5199890136719,583.0599975585938,80.97000122070312,324.79998779296875,254.47999572753906,331.3800048828125,582.469970703125,80.93499755859375,324.8599853515625,254.72000122070312,331.5050048828125,582.9550170898438,80.96499633789062,49939.0,53318,40331.0,27976.0,22191.0
2026-09-01 13:57:00-04:00,325.0050048828125,254.50999450683594,331.6499938964844,582.9099731445312,80.93550109863281,325.0299987792969,254.53500366210938,331.8399963378906,583.1749267578125,80.9489974975586,324.8999938964844,254.47000122070312,331.44000244140625,582.6701049804688,80.93499755859375,324.9200134277344,254.52999877929688,331.45001220703125,582.9199829101562,80.94000244140625,58611.0,16926,32379.0,17088.0,16011.0
2026-09-01 13:58:00-04:00,325.0899963378906,254.60000610351562,331.864990234375,583.6599731445312,80.92500305175781,325.1499938964844,254.61000061035156,331.864990234375,583.8300170898438,80.94999694824219,324.9800109863281,254.52499389648438,331.6099853515625,582.9299926757812,80.91000366210938,325.0199890136719,254.5500030517578,331.6449890136719,582.9949951171875,80.93499755859375,51006.0,16606,12800.0,34695.0,23578.0
2026-09-01 13:59:00-04:00,325.2099914550781,254.6699981689453,331.8374938964844,584.3049926757812,80.93589782714844,325.2200012207031,254.6999969482422,331.95989990234375,584.4000244140625,80.98500061035156,325.0899963378906,254.5800018310547,331.79998779296875,583.5471801757812,80.93000030517578,325.0899963378906,254.60000610351562,331.9200134277344,583.6599731445312,80.93000030517578,50554.0,23129,11621.0,48540.0,33258.0
2026-09-01 14:00:00-04:00,325.32000732421875,254.4550018310547,331.69500732421875,583.5701293945312,80.91500091552734,325.3699951171875,254.75,331.9100036621094,584.9000244140625,80.94969940185547,325.17999267578125,254.38999938964844,331.6600036621094,583.4556884765625,80.91500091552734,325.2200012207031,254.6699981689453,331.8550109863281,584.3900146484375,80.94969940185547,90699.0,55555,13440.0,54120.0,14624.0
2026-09-01 14:01:00-04:00,325.69000244140625,254.53500366210938,331.81500244140625,583.4149780273438,80.875,325.75,254.61500549316406,331.8599853515625,583.9199829101562,80.91000366210938,325.30999755859375,254.1999969482422,331.6499938964844,583.219970703125,80.875,325.30999755859375,254.4550018310547,331.70001220703125,583.6599731445312,80.91000366210938,116455.0,52616,9532.0,21849.0,12187.0
2026-09-01 14:02:00-04:00,325.5299987792969,254.4149932861328,331.80999755859375,584.3900146484375,80.88899993896484,325.7099914550781,254.60000610351562,331.92999267578125,584.47998046875,80.89929962158203,325.4700012207031,254.39999389648438,331.79669189453125,583.3200073242188,80.875,325.70001220703125,254.5399932861328,331.8800048828125,583.4149780273438,80.875,65827.0,35085,8848.0,26803.0,23837.0
2026-09-01 14:03:00-04:00,325.2349853515625,254.49000549316406,331.6199951171875,584.1400146484375,80.8949966430664,325.55999755859375,254.58999633789062,331.9150085449219,584.8599853515625,80.89990234375,325.1499938964844,254.44000244140625,331.5899963378906,583.989990234375,80.87969970703125,325.5249938964844,254.4499969482422,331.8949890136719,584.3150024414062,80.88500213623047,68450.0,20093,15840.0,31595.0,9756.0
2026-09-01 14:04:00-04:00,325.17010498046875,254.42990112304688,331.67999267578125,584.0,80.9000015258789,325.3599853515625,254.47000122070312,331.67999267578125,584.1900024414062,80.90499877929688,325.1449890136719,254.35000610351562,331.489990234375,583.7100219726562,80.8550033569336,325.2300109863281,254.47000122070312,331.6000061035156,584.0999755859375,80.88999938964844,48178.0,27834,18810.0,17141.0,22658.0
2026-09-01 14:05:00-04:00,324.8851013183594,254.27499389648438,331.7300109863281,583.864990234375,80.87999725341797,325.1499938964844,254.40499877929688,331.7749938964844,584.1500244140625,80.9000015258789,324.8599853515625,254.25,331.6600036621094,583.77001953125,80.86000061035156,325.1499938964844,254.40499877929688,331.7699890136719,584.0,80.9000015258789,63203.0,27773,12132.0,14974.0,11856.0
2026-09-01 14:06:00-04:00,324.8900146484375,254.22500610351562,331.5249938964844,583.4650268554688,80.86499786376953,324.95001220703125,254.37989807128906,331.82000732421875,584.0999755859375,80.88999938964844,324.760009765625,254.22000122070312,331.5249938964844,583.4000244140625,80.86000061035156,324.885009765625,254.25999450683594,331.7300109863281,583.864990234375,80.88500213623047,42662.0,31459,14523.0,11318.0,12603.0
2026-09-01 14:07:00-04:00,325.05999755859375,254.30999755859375,331.3450012207031,583.2000122070312,80.83989715576172,325.1300048828125,254.3300018310547,331.510009765625,583.739990234375,80.86000061035156,324.8800048828125,254.1699981689453,331.25,583.2000122070312,80.83989715576172,324.885009765625,254.2100067138672,331.5,583.4650268554688,80.86000061035156,39816.0,55906,20758.0,30376.0,11417.0
2026-09-01 14:08:00-04:00,324.9114990234375,254.4600067138672,331.4200134277344,582.6500244140625,80.83499908447266,325.07000732421875,254.48989868164062,331.43499755859375,583.25,80.83509826660156,324.8699951171875,254.27000427246094,331.3399963378906,582.25,80.81999969482422,325.06689453125,254.3300018310547,331.375,583.1300048828125,80.83000183105469,39341.0,23310,26781.0,31084.0,13203.0
2026-09-01 14:09:00-04:00,325.20001220703125,254.5850067138672,331.3999938964844,582.1400146484375,80.80500030517578,325.2300109863281,254.6300048828125,331.489990234375,582.8400268554688,80.84500122070312,324.8800048828125,254.4199981689453,331.29998779296875,582.0,80.79139709472656,324.9049987792969,254.49000549316406,331.42999267578125,582.6900024414062,80.83499908447266,44028.0,50615,14024.0,27403.0,23137.0
2026-09-01 14:10:00-04:00,325.1050109863281,254.5449981689453,331.29998779296875,581.8800048828125,80.80999755859375,325.2200012207031,254.6199951171875,331.44830322265625,582.3200073242188,80.81500244140625,325.07000732421875,254.52499389648438,331.29998779296875,581.77001953125,80.79000091552734,325.2149963378906,254.58999633789062,331.4049987792969,582.1799926757812,80.80500030517578,43555.0,41165,15902.0,27838.0,45246.0
2026-09-01 14:11:00-04:00,325.0798034667969,254.6107940673828,331.42999267578125,581.8099975585938,80.81999969482422,325.1600036621094,254.6107940673828,331.45001220703125,581.989990234375,80.83000183105469,324.8999938964844,254.5050048828125,331.30999755859375,581.5999755859375,80.80010223388672,325.1050109863281,254.5449981689453,331.3349914550781,581.97998046875,80.80999755859375,44334.0,28805,14796.0,17663.0,13789.0
2026-09-01 14:12:00-04:00,325.17999267578125,254.65499877929688,331.5400085449219,582.2940063476562,80.8499984741211,325.20001220703125,254.67999267578125,331.5899963378906,582.469970703125,80.86499786376953,325.0150146484375,254.61000061035156,331.4100036621094,581.7000122070312,80.82499694824219,325.06500244140625,254.61000061035156,331.42999267578125,581.7000122070312,80.82499694824219,27708.0,18946,23664.0,21329.0,18181.0
2026-09-01 14:13:00-04:00,325.1000061035156,254.82000732421875,331.44000244140625,582.1199951171875,80.83499908447266,325.20001220703125,254.85000610351562,331.5899963378906,582.3499755859375,80.8718032836914,325.0799865722656,254.6300048828125,331.3999938964844,582.0701293945312,80.83499908447266,325.17999267578125,254.6300048828125,331.5400085449219,582.2650146484375,80.8550033569336,27944.0,59903,9181.0,27029.0,12725.0
2026-09-01 14:14:00-04:00,324.92498779296875,254.71499633789062,331.4100036621094,582.3800048828125,80.81999969482422,325.12249755859375,254.81979370117188,331.4599914550781,582.3800048828125,80.83499908447266,324.8800048828125,254.6699981689453,331.3699951171875,581.9000854492188,80.81379699707031,325.1000061035156,254.7899932861328,331.4366149902344,582.1199951171875,80.83499908447266,31585.0,46978,6230.0,11351.0,9754.0
2026-09-01 14:15:00-04:00,324.7200012207031,254.9499969482422,331.3800048828125,582.2750854492188,80.86000061035156,324.92999267578125,254.9499969482422,331.4599914550781,582.6069946289062,80.87000274658203,324.6700134277344,254.6999969482422,331.2900085449219,582.239990234375,80.82499694824219,324.92999267578125,254.6999969482422,331.385009765625,582.2999877929688,80.82499694824219,93361.0,34022,17937.0,22243.0,22067.0
2026-09-01 14:16:00-04:00,324.7850036621094,255.043701171875,331.42498779296875,582.0800170898438,80.87999725341797,324.8699035644531,255.14999389648438,331.4800109863281,582.4500122070312,80.87999725341797,324.70001220703125,254.94000244140625,331.3550109863281,581.9500122070312,80.8499984741211,324.70001220703125,254.94349670410156,331.3999938964844,582.364990234375,80.86000061035156,58267.0,36148,14316.0,18266.0,17884.0
2026-09-01 14:17:00-04:00,324.8500061035156,255.2550048828125,331.6272888183594,582.1199951171875,80.87999725341797,324.8500061035156,255.3000030517578,331.6600036621094,582.280029296875,80.87999725341797,324.6300048828125,255.00999450683594,331.42498779296875,581.9201049804688,80.86499786376953,324.7850036621094,255.00999450683594,331.42498779296875,582.0850219726562,80.87370300292969,55794.0,59182,16436.0,10894.0,15406.0
2026-09-01 14:18:00-04:00,324.94830322265625,255.14999389648438,331.68499755859375,582.5250244140625,80.8655014038086,324.94830322265625,255.2899932861328,331.7200012207031,582.75,80.88999938964844,324.82000732421875,255.11050415039062,331.6400146484375,582.0900268554688,80.86499786376953,324.85430908203125,255.2550048828125,331.69000244140625,582.1199951171875,80.875,40414.0,33694,10792.0,17981.0,14369.0
2026-09-01 14:19:00-04:00,325.114990234375,255.10000610351562,331.5899963378906,582.4600219726562,80.875,325.125,255.24000549316406,331.70001220703125,582.8699951171875,80.8949966430664,324.86968994140625,255.00999450683594,331.54998779296875,582.4500122070312,80.85009765625,324.94000244140625,255.1699981689453,331.6700134277344,582.5999755859375,80.87000274658203,45165.0,26408,16187.0,11795.0,20921.0
2026-09-01 14:20:00-04:00,325.1400146484375,255.05999755859375,331.6499938964844,582.5900268554688,80.86990356445312,325.1400146484375,255.16000366210938,331.6650085449219,582.8800048828125,80.88999938964844,324.9700012207031,255.01499938964844,331.55999755859375,582.4500122070312,80.86000061035156,325.1199951171875,255.10000610351562,331.5899963378906,582.5399780273438,80.875,36622.0,18705,13385.0,28437.0,16522.0
2026-09-01 14:21:00-04:00,325.0920104980469,255.06500244140625,331.6000061035156,582.4387817382812,80.84929656982422,325.2300109863281,255.10000610351562,331.70001220703125,582.8200073242188,80.86499786376953,325.04998779296875,255.0,331.5849914550781,582.4000244140625,80.84500122070312,325.1400146484375,255.0800018310547,331.6499938964844,582.5900268554688,80.86380004882812,51635.0,38129,8183.0,16633.0,8506.0
2026-09-01 14:22:00-04:00,325.05999755859375,255.23500061035156,331.6400146484375,582.5900268554688,80.8550033569336,325.1300048828125,255.25650024414062,331.6600036621094,582.760009765625,80.86499786376953,325.0000915527344,255.0800018310547,331.5400085449219,582.47998046875,80.84500122070312,325.0799865722656,255.08999633789062,331.5950012207031,582.47998046875,80.84500122070312,32597.0,37730,12020.0,13247.0,25867.0
2026-09-01 14:23:00-04:00,324.8500061035156,255.25999450683594,331.57000732421875,582.6799926757812,80.875,325.07501220703125,255.27000427246094,331.625,582.75,80.875,324.75,255.1999969482422,331.489990234375,582.030029296875,80.8499984741211,325.06500244140625,255.22999572753906,331.625,582.510009765625,80.8499984741211,54414.0,45725,15223.0,26242.0,14595.0
2026-09-01 14:24:00-04:00,324.9800109863281,255.33999633789062,331.6499938964844,583.0349731445312,80.91500091552734,325.1199951171875,255.3800048828125,331.70001220703125,583.1500244140625,80.91999816894531,324.80999755859375,255.25999450683594,331.57000732421875,582.4600830078125,80.87249755859375,324.8399963378906,255.25999450683594,331.57000732421875,582.6799926757812,80.875,54996.0,25729,12276.0,17993.0,22496.0
2026-09-01 14:25:00-04:00,325.0198974609375,255.32000732421875,331.55999755859375,581.9500122070312,80.87999725341797,325.0199890136719,255.36300659179688,331.6293029785156,583.1099853515625,80.91500091552734,324.82000732421875,255.24000549316406,331.4114074707031,581.7999877929688,80.87000274658203,324.9599914550781,255.30999755859375,331.6293029785156,583.1099853515625,80.91500091552734,54501.0,29423,14928.0,42463.0,49561.0
2026-09-01 14:26:00-04:00,325.1600036621094,255.13499450683594,331.510009765625,581.7000122070312,80.90499877929688,325.239990234375,255.41000366210938,331.6400146484375,582.1300048828125,80.91000366210938,324.989990234375,255.11000061035156,331.44000244140625,581.5999755859375,80.87999725341797,325.0199890136719,255.3300018310547,331.56500244140625,582.0499877929688,80.88500213623047,51401.0,58612,9613.0,25000.0,14289.0
2026-09-01 14:27:00-04:00,325.43499755859375,255.00999450683594,331.32501220703125,581.476318359375,80.87999725341797,325.5199890136719,255.12989807128906,331.4649963378906,581.7899780273438,80.91500091552734,325.0899963378906,254.9499969482422,331.32000732421875,581.4100952148438,80.86000061035156,325.1300964355469,255.12989807128906,331.4649963378906,581.7899780273438,80.91500091552734,119228.0,38606,15352.0,13651.0,48878.0
2026-09-01 14:28:00-04:00,325.30999755859375,254.82000732421875,331.260009765625,581.1279907226562,80.8550033569336,325.43499755859375,254.9499969482422,331.3599853515625,581.4949951171875,80.87000274658203,325.1400146484375,254.77020263671875,331.17999267578125,580.760009765625,80.83000183105469,325.43499755859375,254.9499969482422,331.29998779296875,581.4949951171875,80.87000274658203,50540.0,27886,33270.0,40228.0,18364.0
2026-09-01 14:29:00-04:00,325.2099914550781,254.90499877929688,331.1600036621094,581.4550170898438,80.8550033569336,325.32000732421875,254.93499755859375,331.30499267578125,581.5850219726562,80.86499786376953,325.17999267578125,254.8300018310547,331.1400146484375,581.0703125,80.84500122070312,325.29998779296875,254.85499572753906,331.30499267578125,581.0999755859375,80.8550033569336,30317.0,30062,10428.0,16788.0,16487.0
2026-09-01 14:30:00-04:00,324.7698974609375,254.93499755859375,330.9800109863281,581.510009765625,80.86499786376953,325.239990234375,255.02499389648438,331.25,581.7999877929688,80.88999938964844,324.7300109863281,254.7899932861328,330.9200134277344,581.3250122070312,80.8550033569336,325.20001220703125,254.90499877929688,331.1600036621094,581.4550170898438,80.8550033569336,53617.0,63446,91953.0,16235.0,26216.0
2026-09-01 14:31:00-04:00,324.6300048828125,254.83990478515625,330.9800109863281,581.2899780273438,80.79000091552734,324.8099060058594,254.9600067138672,330.9999084472656,581.6514892578125,80.86599731445312,324.5899963378906,254.7100067138672,330.8299865722656,581.02099609375,80.79000091552734,324.7449951171875,254.93499755859375,330.9999084472656,581.6514892578125,80.86599731445312,68067.0,50702,34190.0,17674.0,25028.0
2026-09-01 14:32:00-04:00,324.7099914550781,254.97500610351562,331.0350036621094,581.2050170898438,80.81500244140625,324.7799072265625,254.97500610351562,331.05999755859375,581.5399780273438,80.81510162353516,324.5700988769531,254.80999755859375,330.9599914550781,580.780029296875,80.77999877929688,324.625,254.81500244140625,330.9840087890625,581.2999877929688,80.79000091552734,53133.0,69496,21553.0,24153.0,18812.0
2026-09-01 14:33:00-04:00,324.7900085449219,254.80999755859375,330.8800048828125,581.0800170898438,80.82499694824219,324.885009765625,255.0,331.05999755859375,581.3900146484375,80.82499694824219,324.69000244140625,254.80999755859375,330.8800048828125,580.860107421875,80.79000091552734,324.70001220703125,255.0,331.05999755859375,581.3900146484375,80.81500244140625,42133.0,26582,14748.0,12184.0,18482.0
2026-09-01 14:34:00-04:00,324.8599853515625,254.82000732421875,330.864990234375,581.2899780273438,80.86000061035156,324.9200134277344,254.8699951171875,330.95001220703125,581.72998046875,80.86000061035156,324.73199462890625,254.72999572753906,330.8399963378906,581.1099853515625,80.82499694824219,324.7900085449219,254.80999755859375,330.8900146484375,581.1799926757812,80.83000183105469,27981.0,38094,10921.0,27883.0,15995.0
2026-09-01 14:35:00-04:00,324.8800048828125,254.67999267578125,330.8999938964844,579.5999755859375,80.87000274658203,324.989990234375,254.82000732421875,330.94000244140625,581.3200073242188,80.87989807128906,324.79998779296875,254.67999267578125,330.7900085449219,579.5999755859375,80.8550033569336,324.8999938964844,254.8000030517578,330.8500061035156,581.2000122070312,80.86270141601562,57449.0,29766,18784.0,49879.0,24493.0
2026-09-01 14:36:00-04:00,325.0899963378906,254.5800018310547,330.94000244140625,579.3195190429688,80.83499908447266,325.1400146484375,254.72999572753906,331.0150146484375,579.9957275390625,80.87000274658203,324.8966979980469,254.5800018310547,330.8800048828125,579.2100219726562,80.83499908447266,324.8999938964844,254.71499633789062,330.90509033203125,579.7050170898438,80.87000274658203,32311.0,25504,19541.0,35111.0,19981.0
2026-09-01 14:37:00-04:00,325.0150146484375,254.61000061035156,330.8900146484375,579.239990234375,80.84500122070312,325.1199951171875,254.6699981689453,330.9599914550781,579.47998046875,80.84500122070312,324.92999267578125,254.58999633789062,330.8500061035156,579.0800170898438,80.81379699707031,325.07000732421875,254.58999633789062,330.92999267578125,579.2086791992188,80.83499908447266,59076.0,35187,13067.0,25345.0,16789.0
2026-09-01 14:38:00-04:00,324.9100036621094,254.6699981689453,330.7850036621094,579.0900268554688,80.81500244140625,325.1000061035156,254.80499267578125,330.92999267578125,579.4199829101562,80.83999633789062,324.82000732421875,254.5800018310547,330.7500915527344,579.0900268554688,80.81500244140625,325.0249938964844,254.61500549316406,330.8900146484375,579.2899780273438,80.83999633789062,37397.0,35102,14007.0,13246.0,22257.0
2026-09-01 14:39:00-04:00,324.69000244140625,254.7100067138672,330.79998779296875,578.6099853515625,80.80999755859375,324.93780517578125,254.74000549316406,330.8699951171875,579.2100219726562,80.83000183105469,324.66009521484375,254.5950927734375,330.7200012207031,578.510009765625,80.80000305175781,324.9100036621094,254.6699981689453,330.80999755859375,579.0999755859375,80.81829833984375,37049.0,19463,11896.0,20960.0,20891.0
2026-09-01 14:40:00-04:00,324.6820068359375,254.63999938964844,330.80999755859375,578.5,80.80999755859375,324.8299865722656,254.74000549316406,330.8699951171875,578.8853149414062,80.80999755859375,324.66009521484375,254.63999938964844,330.75,578.5,80.79000091552734,324.66009521484375,254.68499755859375,330.75,578.6300048828125,80.80010223388672,39176.0,30178,11014.0,13107.0,32894.0
2026-09-01 14:41:00-04:00,324.6600036621094,254.5,330.8299865722656,577.8499755859375,80.80500030517578,324.739990234375,254.69000244140625,330.92999267578125,578.760009765625,80.80999755859375,324.60009765625,254.5,330.79998779296875,577.8499755859375,80.79010009765625,324.69000244140625,254.66000366210938,330.79998779296875,578.4500122070312,80.80000305175781,28356.0,46101,29849.0,24839.0,24022.0
2026-09-01 14:42:00-04:00,324.7149963378906,254.42999267578125,330.7850036621094,577.7000122070312,80.78500366210938,324.8595886230469,254.54910278320312,330.8800048828125,578.0599975585938,80.80999755859375,324.6600036621094,254.4250030517578,330.7699890136719,577.3400268554688,80.78500366210938,324.6600036621094,254.4987030029297,330.80999755859375,577.8499755859375,80.80999755859375,43173.0,23190,24954.0,35492.0,26203.0
2026-09-01 14:43:00-04:00,324.5600891113281,254.33999633789062,330.7049865722656,577.5750122070312,80.8062973022461,324.7601013183594,254.47000122070312,330.8399963378906,577.7899780273438,80.8062973022461,324.5,254.32000732421875,330.6600036621094,577.5,80.78500366210938,324.7149963378906,254.4499969482422,330.7817077636719,577.52001953125,80.78500366210938,38912.0,26993,21500.0,19117.0,11503.0
2026-09-01 14:44:00-04:00,324.5400085449219,254.32000732421875,330.4700012207031,577.1099853515625,80.76499938964844,324.6499938964844,254.39999389648438,330.7200012207031,577.8499755859375,80.81500244140625,324.3905029296875,254.2899932861328,330.4700012207031,577.0999755859375,80.76499938964844,324.5849914550781,254.3350067138672,330.70001220703125,577.5549926757812,80.80999755859375,46098.0,27468,32118.0,26443.0,20344.0
2026-09-01 14:45:00-04:00,324.4617919921875,254.16009521484375,330.4862976074219,576.8350219726562,80.75499725341797,324.6050109863281,254.3699951171875,330.6000061035156,577.375,80.78510284423828,324.4562072753906,254.13999938964844,330.45001220703125,576.760009765625,80.75,324.5400085449219,254.3300018310547,330.4800109863281,577.14501953125,80.76000213623047,35588.0,61037,18521.0,28025.0,17743.0
2026-09-01 14:46:00-04:00,324.67999267578125,254.27000427246094,330.510009765625,577.0999755859375,80.8550033569336,324.67999267578125,254.30999755859375,330.5400085449219,577.1300048828125,80.86000061035156,324.4599914550781,254.16000366210938,330.45001220703125,576.780029296875,80.75499725341797,324.4599914550781,254.1699981689453,330.5,576.8350219726562,80.7582015991211,42456.0,60519,20318.0,23564.0,52620.0
2026-09-01 14:47:00-04:00,324.79998779296875,254.27000427246094,330.6300048828125,577.0700073242188,80.86630249023438,324.8299865722656,254.30990600585938,330.639892578125,577.2999267578125,80.88500213623047,324.6499938964844,254.11000061035156,330.5143127441406,576.7999877929688,80.86000061035156,324.69000244140625,254.27000427246094,330.5199890136719,577.1799926757812,80.87000274658203,49600.0,50459,21881.0,16519.0,21856.0
2026-09-01 14:48:00-04:00,324.760009765625,254.02000427246094,330.57501220703125,576.4099731445312,80.87999725341797,324.9198913574219,254.27000427246094,330.69000244140625,577.260009765625,80.91500091552734,324.6700134277344,253.9499969482422,330.5299987792969,576.2711791992188,80.86499786376953,324.78009033203125,254.27000427246094,330.6300048828125,577.0750122070312,80.86499786376953,50154.0,102462,15617.0,32939.0,32118.0
2026-09-01 14:49:00-04:00,325.0400085449219,254.1300048828125,330.68499755859375,577.655029296875,80.91000366210938,325.0899963378906,254.14999389648438,330.7699890136719,577.780029296875,80.91999816894531,324.7699890136719,254.00999450683594,330.5799865722656,576.4099731445312,80.88500213623047,324.7699890136719,254.00999450683594,330.5899963378906,576.4099731445312,80.88500213623047,42261.0,46825,20789.0,43419.0,24241.0
2026-09-01 14:50:00-04:00,324.7900085449219,254.0399932861328,330.67999267578125,577.3900146484375,80.91000366210938,325.0400085449219,254.12489318847656,330.739990234375,577.8599853515625,80.91999816894531,324.781005859375,254.0,330.6000061035156,577.3516845703125,80.88999938964844,325.0299987792969,254.07009887695312,330.6684875488281,577.6500244140625,80.91500091552734,45673.0,37183,29977.0,32313.0,17863.0
2026-09-01 14:51:00-04:00,325.06500244140625,254.00999450683594,330.6239929199219,576.4749755859375,80.90499877929688,325.1199951171875,254.1649932861328,330.75,577.469970703125,80.92500305175781,324.7300109863281,253.99000549316406,330.5950012207031,576.4749755859375,80.88999938964844,324.7900085449219,254.0399932861328,330.6700134277344,577.39501953125,80.90499877929688,56025.0,51836,15922.0,42000.0,23721.0
2026-09-01 14:52:00-04:00,325.5950012207031,254.0500030517578,330.76129150390625,576.8599853515625,80.8949966430664,325.7294921875,254.0800018310547,330.76129150390625,577.1779174804688,80.9000015258789,325.0303039550781,253.99000549316406,330.6449890136719,576.52001953125,80.88500213623047,325.07000732421875,254.02000427246094,330.6449890136719,576.5399780273438,80.9000015258789,131833.0,31361,9160.0,24202.0,22542.0
2026-09-01 14:53:00-04:00,325.44000244140625,253.98500061035156,330.7149963378906,576.8599853515625,80.94010162353516,325.5950927734375,254.0800018310547,330.80621337890625,577.155029296875,80.95500183105469,325.3900146484375,253.9499969482422,330.70001220703125,576.72998046875,80.8949966430664,325.5950927734375,254.06500244140625,330.760009765625,576.9099731445312,80.8949966430664,153361.0,32356,11487.0,13883.0,46645.0
2026-09-01 14:54:00-04:00,325.4599914550781,254.00999450683594,330.760009765625,576.8800048828125,80.94999694824219,325.5249938964844,254.05999755859375,330.760009765625,577.0599975585938,80.95999908447266,325.33599853515625,253.9499969482422,330.67999267578125,576.8300170898438,80.93000030517578,325.45001220703125,254.0,330.70050048828125,576.9000244140625,80.94499969482422,50320.0,35891,9536.0,7899.0,29598.0
2026-09-01 14:55:00-04:00,325.3599853515625,254.02999877929688,330.8500061035156,576.9000244140625,81.0,325.5199890136719,254.08999633789062,330.9800109863281,577.2849731445312,81.0199966430664,325.29998779296875,253.9600067138672,330.7200012207031,576.7899780273438,80.93499755859375,325.44000244140625,254.0,330.7449951171875,576.885009765625,80.94000244140625,49179.0,26605,21799.0,12943.0,43721.0
2026-09-01 14:56:00-04:00,325.6899108886719,254.0500030517578,331.0249938964844,577.0499877929688,81.03500366210938,325.7099914550781,254.12969970703125,331.0249938964844,577.3200073242188,81.04000091552734,325.31048583984375,253.9600067138672,330.79010009765625,576.8499755859375,80.98500061035156,325.3500061035156,254.02999877929688,330.8418884277344,576.9000244140625,81.00170135498047,71569.0,28180,16095.0,12949.0,59522.0
2026-09-01 14:57:00-04:00,325.5299987792969,254.07000732421875,331.0199890136719,577.5401000976562,81.03500366210938,325.8299865722656,254.12559509277344,331.1000061035156,578.1699829101562,81.05000305175781,325.4700012207031,254.02000427246094,331.0199890136719,577.1699829101562,81.0199966430664,325.67999267578125,254.0791015625,331.0249938964844,577.1749877929688,81.03630065917969,103150.0,23487,10930.0,27941.0,17097.0
2026-09-01 14:58:00-04:00,325.7449951171875,254.10499572753906,331.1050109863281,577.4550170898438,81.04499816894531,325.8299865722656,254.19000244140625,331.1600036621094,577.9495239257812,81.06999969482422,325.4930114746094,254.0500030517578,331.0,577.4099731445312,81.02999877929688,325.50738525390625,254.0800018310547,331.0187072753906,577.6649780273438,81.02999877929688,66913.0,27298,18401.0,21605.0,27024.0
2026-09-01 14:59:00-04:00,325.5450134277344,254.1300048828125,331.0350036621094,577.6599731445312,81.01499938964844,325.8599853515625,254.19000244140625,331.1650085449219,577.6599731445312,81.04499816894531,325.5404968261719,254.05999755859375,331.0199890136719,577.3900146484375,81.01499938964844,325.7449951171875,254.11000061035156,331.1099853515625,577.510009765625,81.04499816894531,86281.0,41286,10531.0,11676.0,17025.0
2026-09-01 15:00:00-04:00,325.70001220703125,254.1699981689453,331.07000732421875,577.010009765625,81.0199966430664,325.8500061035156,254.2100067138672,331.1000061035156,577.760009765625,81.06999969482422,325.44000244140625,254.0753936767578,330.9599914550781,577.010009765625,80.9800033569336,325.5400085449219,254.13999938964844,331.010009765625,577.5599975585938,81.01000213623047,93673.0,47189,16064.0,22434.0,36090.0
2026-09-01 15:01:00-04:00,325.5350036621094,254.10499572753906,331.1199951171875,576.97998046875,81.01010131835938,325.7449951171875,254.17990112304688,331.1400146484375,577.2100219726562,81.02999877929688,325.4599914550781,254.03500366210938,330.9700012207031,576.8099975585938,81.0,325.7200012207031,254.16000366210938,331.0745849609375,577.1099853515625,81.02999877929688,47772.0,33324,42124.0,12437.0,55553.0
2026-09-01 15:02:00-04:00,325.3380126953125,254.05999755859375,331.260009765625,576.4500122070312,80.99500274658203,325.6000061035156,254.1699981689453,331.30999755859375,577.0399780273438,81.01499938964844,325.29998779296875,254.00999450683594,330.9526062011719,576.22998046875,80.9800033569336,325.5350036621094,254.1199951171875,331.125,576.9600219726562,81.01000213623047,56775.0,24928,58903.0,25429.0,54162.0
2026-09-01 15:03:00-04:00,325.5050048828125,254.1699981689453,331.4100036621094,576.72998046875,80.97989654541016,325.5050048828125,254.17999267578125,331.4200134277344,577.0,80.99500274658203,325.25,254.02000427246094,331.239990234375,576.5250244140625,80.94999694824219,325.3500061035156,254.0749969482422,331.239990234375,576.5900268554688,80.98999786376953,56724.0,25845,31381.0,21348.0,29810.0
2026-09-01 15:04:00-04:00,325.5249938964844,254.18499755859375,331.55999755859375,576.905029296875,80.98999786376953,325.6499938964844,254.27999877929688,331.6195068359375,577.2899780273438,80.99980163574219,325.45001220703125,254.14999389648438,331.3949890136719,576.6300048828125,80.9749984741211,325.5400085449219,254.16000366210938,331.3949890136719,576.6843872070312,80.9749984741211,52521.0,28955,26123.0,10822.0,38896.0
2026-09-01 15:05:00-04:00,325.3450012207031,254.1300048828125,331.4999084472656,577.1500244140625,80.91999816894531,325.5400085449219,254.33999633789062,331.6000061035156,577.3099975585938,80.98999786376953,325.25,254.11000061035156,331.4599914550781,576.8499755859375,80.91999816894531,325.5400085449219,254.19000244140625,331.5899963378906,576.89501953125,80.98500061035156,54103.0,39675,18812.0,10372.0,34573.0
2026-09-01 15:06:00-04:00,325.5950012207031,254.3000030517578,331.4599914550781,577.4616088867188,80.94000244140625,325.6400146484375,254.38999938964844,331.54998779296875,577.6489868164062,80.94499969482422,325.05999755859375,254.10000610351562,331.3999938964844,576.9299926757812,80.9000015258789,325.3349914550781,254.10000610351562,331.42999267578125,577.1500244140625,80.91000366210938,110287.0,45289,25636.0,13851.0,30188.0
2026-09-01 15:07:00-04:00,325.4849853515625,254.19000244140625,331.5400085449219,577.75,80.93499755859375,325.6400146484375,254.3000030517578,331.5840148925781,577.7999877929688,80.93949890136719,325.30999755859375,254.14999389648438,331.3999938964844,577.3400268554688,80.9000015258789,325.57000732421875,254.3000030517578,331.4800109863281,577.5150146484375,80.93000030517578,43929.0,25516,25672.0,14942.0,20330.0
2026-09-01 15:08:00-04:00,325.2749938964844,254.15499877929688,331.44000244140625,577.8699951171875,80.94000244140625,325.5799865722656,254.1999053955078,331.5799865722656,577.97998046875,80.95999908447266,325.2300109863281,254.0749969482422,331.375,577.6199951171875,80.93000030517578,325.5,254.1699981689453,331.5487976074219,577.75,80.93499755859375,47773.0,28777,10894.0,10859.0,19195.0
2026-09-01 15:09:00-04:00,325.2361145019531,254.07000732421875,331.4849853515625,577.6199951171875,80.91500091552734,325.3500061035156,254.14999389648438,331.510009765625,577.864990234375,80.94499969482422,325.20001220703125,254.0399932861328,331.3800048828125,577.5300903320312,80.90499877929688,325.260009765625,254.13999938964844,331.44000244140625,577.864990234375,80.94499969482422,46715.0,45276,13831.0,9598.0,33277.0
2026-09-01 15:10:00-04:00,325.3500061035156,254.17030334472656,331.4534912109375,577.6900024414062,80.91000366210938,325.3699035644531,254.1999969482422,331.5,577.8499755859375,80.94499969482422,325.1199951171875,254.06500244140625,331.3900146484375,577.5001220703125,80.91000366210938,325.2300109863281,254.08999633789062,331.4800109863281,577.7899780273438,80.91999816894531,45825.0,31971,8665.0,8551.0,23266.0
2026-09-01 15:11:00-04:00,325.5849914550781,254.25450134277344,331.5,577.3300170898438,80.86430358886719,325.70001220703125,254.3498992919922,331.6050109863281,577.9000244140625,80.91999816894531,325.3500061035156,254.1699981689453,331.4599914550781,577.2703247070312,80.86000061035156,325.3500061035156,254.18499755859375,331.4700012207031,577.6950073242188,80.91000366210938,76289.0,48225,33949.0,17371.0,35032.0
2026-09-01 15:12:00-04:00,325.6600036621094,254.23269653320312,331.5299987792969,577.3980102539062,80.84500122070312,325.69000244140625,254.2570037841797,331.5299987792969,577.469970703125,80.86499786376953,325.4599914550781,254.110107421875,331.42999267578125,577.010009765625,80.83999633789062,325.5849914550781,254.2449951171875,331.489990234375,577.25,80.86000061035156,50289.0,36643,8869.0,13661.0,23852.0
2026-09-01 15:13:00-04:00,325.5799865722656,254.19500732421875,331.4599914550781,577.4099731445312,80.83999633789062,325.7900085449219,254.25990295410156,331.5299987792969,577.47998046875,80.90499877929688,325.55999755859375,254.17999267578125,331.3599853515625,577.2899780273438,80.83000183105469,325.6600036621094,254.22500610351562,331.510009765625,577.2999877929688,80.84500122070312,51325.0,27265,7753.0,15648.0,53885.0
2026-09-01 15:14:00-04:00,325.7799987792969,254.3000030517578,331.54998779296875,577.739990234375,80.8550033569336,325.82000732421875,254.3000030517578,331.54998779296875,577.739990234375,80.8550033569336,325.5799865722656,254.1699981689453,331.45001220703125,577.1400146484375,80.79000091552734,325.5799865722656,254.19000244140625,331.4599914550781,577.4099731445312,80.84500122070312,67336.0,37397,11801.0,21493.0,67993.0
2026-09-01 15:15:00-04:00,325.67999267578125,254.57000732421875,331.6304016113281,577.81982421875,80.8499984741211,325.92999267578125,254.58999633789062,331.6304016113281,577.8200073242188,80.87989807128906,325.672607421875,254.25,331.5299987792969,577.3800048828125,80.83000183105469,325.7554931640625,254.3300018310547,331.57000732421875,577.760009765625,80.8499984741211,94641.0,94158,15066.0,19706.0,40711.0
2026-09-01 15:16:00-04:00,325.75,254.49000549316406,331.4700012207031,577.905029296875,80.81999969482422,325.8099060058594,254.60000610351562,331.625,577.969970703125,80.83509826660156,325.67999267578125,254.46009826660156,331.4700012207031,577.75,80.81999969482422,325.68499755859375,254.5800018310547,331.6099853515625,577.75,80.83509826660156,46088.0,34354,19076.0,13943.0,31146.0
2026-09-01 15:17:00-04:00,325.6099853515625,254.50999450683594,331.5299987792969,577.780029296875,80.88500213623047,325.760009765625,254.52000427246094,331.5299987792969,577.969970703125,80.8949966430664,325.55999755859375,254.42999267578125,331.4599914550781,577.5869140625,80.81999969482422,325.739990234375,254.5,331.4700012207031,577.905029296875,80.81999969482422,63929.0,32307,13300.0,19527.0,44037.0
2026-09-01 15:18:00-04:00,325.55999755859375,254.50999450683594,331.4884948730469,578.5598754882812,80.8949966430664,325.6199951171875,254.58999633789062,331.5799865722656,578.739990234375,80.9000015258789,325.5000915527344,254.47000122070312,331.4700012207031,577.8099975585938,80.87000274658203,325.6199951171875,254.5,331.5249938964844,577.8400268554688,80.88500213623047,51644.0,44470,9349.0,21420.0,39615.0
2026-09-01 15:19:00-04:00,325.6300048828125,254.47000122070312,331.5400085449219,579.0150146484375,80.81500244140625,325.739990234375,254.61000061035156,331.5400085449219,579.07958984375,80.89550018310547,325.55999755859375,254.38999938964844,331.4800109863281,578.030029296875,80.81500244140625,325.5950012207031,254.47999572753906,331.5150146484375,578.5391845703125,80.8949966430664,62572.0,61967,13974.0,27326.0,33348.0
2026-09-01 15:20:00-04:00,325.385009765625,254.3800048828125,331.55499267578125,579.22998046875,80.9000015258789,325.63970947265625,254.47999572753906,331.5899963378906,579.22998046875,80.94000244140625,325.3757019042969,254.35000610351562,331.4599914550781,578.5700073242188,80.80500030517578,325.625,254.4499969482422,331.5400085449219,579.0150146484375,80.80999755859375,60479.0,25866,19919.0,26103.0,98705.0
2026-09-01 15:21:00-04:00,325.510009765625,254.3300018310547,331.489990234375,578.989990234375,80.8550033569336,325.5199890136719,254.389892578125,331.568115234375,579.3400268554688,80.91000366210938,325.3800048828125,254.2779998779297,331.4599914550781,578.860107421875,80.84500122070312,325.3800048828125,254.36500549316406,331.54998779296875,579.0999755859375,80.9000015258789,28481.0,34444,10793.0,29490.0,30611.0
2026-09-01 15:22:00-04:00,325.70001220703125,254.39999389648438,331.489990234375,580.2650146484375,80.86000061035156,325.7200012207031,254.39999389648438,331.5,580.3699951171875,80.86000061035156,325.45001220703125,254.27000427246094,331.42999267578125,578.8599853515625,80.83000183105469,325.5299987792969,254.3000030517578,331.4700012207031,579.0,80.8550033569336,40501.0,30561,14752.0,45753.0,22015.0
2026-09-01 15:23:00-04:00,325.7099914550781,254.30999755859375,331.4700012207031,580.3499755859375,80.87000274658203,325.79998779296875,254.35000610351562,331.5199890136719,580.469970703125,80.87000274658203,325.65008544921875,254.25,331.42999267578125,579.9000244140625,80.81500244140625,325.69000244140625,254.33999633789062,331.4800109863281,580.2650146484375,80.83999633789062,69474.0,29344,22196.0,26111.0,35422.0
2026-09-01 15:24:00-04:00,325.660400390625,254.22500610351562,331.3900146484375,580.3300170898438,80.81620025634766,325.75,254.33999633789062,331.4700012207031,580.489990234375,80.87000274658203,325.6099853515625,254.22500610351562,331.3800048828125,580.1900024414062,80.81099700927734,325.7120056152344,254.30999755859375,331.4700012207031,580.3499755859375,80.86499786376953,50288.0,30837,11437.0,21471.0,20404.0
2026-09-01 15:25:00-04:00,325.6700134277344,254.21499633789062,331.2950134277344,580.4400024414062,80.83560180664062,325.69000244140625,254.30999755859375,331.42999267578125,580.5700073242188,80.8499984741211,325.55999755859375,254.17999267578125,331.2699890136719,580.25,80.80999755859375,325.67999267578125,254.23399353027344,331.3900146484375,580.3900146484375,80.8114013671875,71768.0,42603,13519.0,24013.0,35688.0
2026-09-01 15:26:00-04:00,325.7300109863281,254.10000610351562,331.25,579.905029296875,80.8499984741211,325.8900146484375,254.24000549316406,331.30999755859375,580.530029296875,80.8550033569336,325.6199951171875,254.0500030517578,331.2250061035156,579.5499877929688,80.83499908447266,325.6700134277344,254.21499633789062,331.30999755859375,580.5,80.83499908447266,77173.0,46186,14510.0,52787.0,22859.0
2026-09-01 15:27:00-04:00,325.75,254.1649932861328,331.32501220703125,580.1900024414062,80.91819763183594,325.79998779296875,254.2100067138672,331.3500061035156,580.3699951171875,80.93000030517578,325.5199890136719,254.0800018310547,331.2405090332031,579.885986328125,80.83999633789062,325.69000244140625,254.1199951171875,331.2598876953125,579.97998046875,80.84500122070312,55323.0,29686,12960.0,11486.0,58103.0
2026-09-01 15:28:00-04:00,325.75,254.0850067138672,331.2099914550781,580.3350219726562,80.8949966430664,325.8399963378906,254.16000366210938,331.3399963378906,580.4099731445312,80.91500091552734,325.70001220703125,254.07000732421875,331.17999267578125,580.0999755859375,80.8949966430664,325.7699890136719,254.16000366210938,331.3399963378906,580.2000122070312,80.91500091552734,55562.0,31120,24099.0,13767.0,16741.0
2026-09-01 15:29:00-04:00,325.57000732421875,254.14999389648438,331.2900085449219,580.77001953125,80.94499969482422,325.8699951171875,254.2100067138672,331.3689880371094,580.9400024414062,80.94999694824219,325.5480041503906,254.0850067138672,331.239990234375,580.3900146484375,80.8949966430664,325.7699890136719,254.0850067138672,331.239990234375,580.3900146484375,80.8949966430664,71798.0,63747,17885.0,31416.0,24712.0
2026-09-01 15:30:00-04:00,325.4599914550781,254.02999877929688,331.1070861816406,580.5599975585938,80.8550033569336,325.7398986816406,254.2550048828125,331.32000732421875,580.9600219726562,80.94950103759766,325.3414001464844,254.0,331.07501220703125,580.5599975585938,80.8499984741211,325.6099853515625,254.1999969482422,331.2699890136719,580.77001953125,80.94950103759766,84107.0,64178,20508.0,27093.0,50166.0
2026-09-01 15:31:00-04:00,325.4700012207031,254.0399932861328,331.0199890136719,579.56298828125,80.8949966430664,325.5400085449219,254.0800018310547,331.1199951171875,580.6900024414062,80.90499877929688,325.3399963378906,253.98060607910156,331.0,579.56298828125,80.8499984741211,325.4849853515625,254.03500366210938,331.1199951171875,580.5599975585938,80.8550033569336,62681.0,62227,25212.0,29382.0,31317.0
2026-09-01 15:32:00-04:00,325.24090576171875,253.89500427246094,330.9800109863281,578.530029296875,80.85900115966797,325.4800109863281,254.07000732421875,331.07000732421875,579.780029296875,80.9000015258789,325.24090576171875,253.8800048828125,330.92999267578125,578.4149780273438,80.8550033569336,325.4700012207031,254.0399932861328,331.04998779296875,579.739990234375,80.9000015258789,59155.0,67488,15545.0,65362.0,25743.0
2026-09-01 15:33:00-04:00,325.4620056152344,254.0399932861328,330.947509765625,578.989990234375,80.83989715576172,325.54998779296875,254.0500030517578,331.07000732421875,579.1099853515625,80.86000061035156,325.260009765625,253.91000366210938,330.9200134277344,578.4500122070312,80.82009887695312,325.3160095214844,253.91000366210938,331.0,578.4500122070312,80.8550033569336,59402.0,38927,12949.0,25832.0,34116.0
2026-09-01 15:34:00-04:00,325.3299865722656,254.11000061035156,331.0799865722656,579.5504760742188,80.91999816894531,325.4630126953125,254.11500549316406,331.0799865722656,579.5535888671875,80.94999694824219,325.17999267578125,254.02999877929688,330.94500732421875,578.9400024414062,80.82240295410156,325.4599914550781,254.0399932861328,330.94500732421875,579.0999755859375,80.83489990234375,68321.0,53092,25336.0,18654.0,85236.0
2026-09-01 15:35:00-04:00,325.4009094238281,254.17999267578125,330.94500732421875,579.8480834960938,80.87999725341797,325.57501220703125,254.17999267578125,331.0799865722656,579.8480834960938,80.95500183105469,325.3699951171875,254.02999877929688,330.92999267578125,579.3900146484375,80.87000274658203,325.3699951171875,254.11000061035156,331.0740051269531,579.52001953125,80.91500091552734,91029.0,151032,13734.0,16573.0,59865.0
2026-09-01 15:36:00-04:00,325.20001220703125,254.14999389648438,330.8699951171875,579.7349853515625,80.8499984741211,325.4200134277344,254.18499755859375,331.0249938964844,579.97998046875,80.875,325.1400146484375,254.11000061035156,330.8599853515625,579.480224609375,80.8499984741211,325.3900146484375,254.1750030517578,330.9599914550781,579.760009765625,80.87000274658203,59403.0,41530,22105.0,14143.0,24485.0
2026-09-01 15:37:00-04:00,325.32000732421875,254.1649932861328,330.82000732421875,579.7849731445312,80.88500213623047,325.364990234375,254.2100067138672,330.8800048828125,579.8295288085938,80.9000015258789,325.20989990234375,254.0850067138672,330.82000732421875,579.5938110351562,80.8499984741211,325.20989990234375,254.1300048828125,330.8699951171875,579.6400146484375,80.8499984741211,69507.0,28736,22476.0,7471.0,31572.0
2026-09-01 15:38:00-04:00,325.3999938964844,254.0301055908203,330.90838623046875,579.9099731445312,80.82499694824219,325.45001220703125,254.16749572753906,330.9200134277344,580.0800170898438,80.88500213623047,325.2900085449219,254.02999877929688,330.82000732421875,579.760009765625,80.79499816894531,325.31170654296875,254.16000366210938,330.8450012207031,579.7850952148438,80.88500213623047,54836.0,43568,10959.0,14442.0,59500.0
2026-09-01 15:39:00-04:00,325.3999938964844,254.11500549316406,330.9403076171875,579.6701049804688,80.87999725341797,325.5400085449219,254.19000244140625,331.0350036621094,580.5399780273438,80.87999725341797,325.3800048828125,254.0395965576172,330.9100036621094,579.6519775390625,80.81999969482422,325.3999938964844,254.0500030517578,330.94000244140625,580.0,80.84500122070312,76846.0,60850,21512.0,25810.0,50140.0
2026-09-01 15:40:00-04:00,325.2300109863281,254.11000061035156,331.1400146484375,579.6400146484375,80.88500213623047,325.42999267578125,254.15499877929688,331.1549987792969,579.75,80.90499877929688,325.1994934082031,254.0780029296875,330.95001220703125,579.1799926757812,80.8499984741211,325.3999938964844,254.11500549316406,330.95001220703125,579.6865234375,80.87999725341797,83278.0,53940,21548.0,18661.0,39092.0
2026-09-01 15:41:00-04:00,325.3299865722656,254.22000122070312,331.1000061035156,579.1950073242188,80.875,325.385009765625,254.24000549316406,331.20989990234375,580.1199951171875,80.91999816894531,325.19500732421875,254.08999633789062,331.0,579.0599975585938,80.875,325.2300109863281,254.08999633789062,331.1109924316406,579.6749877929688,80.88500213623047,71828.0,50478,21310.0,20100.0,32060.0
2026-09-01 15:42:00-04:00,325.30999755859375,254.19500732421875,330.9549865722656,578.7249755859375,80.83000183105469,325.489990234375,254.2899932861328,331.1000061035156,579.1900024414062,80.87999725341797,325.29998779296875,254.1199951171875,330.9429931640625,578.3800048828125,80.81999969482422,325.32000732421875,254.1999969482422,331.1000061035156,579.1900024414062,80.875,81325.0,54082,25866.0,28766.0,28913.0
2026-09-01 15:43:00-04:00,325.2200012207031,254.17999267578125,331.07000732421875,578.8311767578125,80.86000061035156,325.3699951171875,254.2100067138672,331.07000732421875,578.969970703125,80.86000061035156,325.20001220703125,254.1199951171875,330.9200134277344,578.5999755859375,80.82499694824219,325.29998779296875,254.2100067138672,330.9468078613281,578.6500244140625,80.82499694824219,58347.0,37067,18398.0,13844.0,43803.0
2026-09-01 15:44:00-04:00,325.364990234375,254.27000427246094,331.2099914550781,579.0599975585938,80.88999938964844,325.4198913574219,254.3000030517578,331.2200012207031,579.1599731445312,80.88999938964844,325.1839904785156,254.16000366210938,331.05999755859375,578.6799926757812,80.8499984741211,325.25,254.16000366210938,331.05999755859375,578.9600219726562,80.8499984741211,59294.0,58796,23296.0,12998.0,27454.0
2026-09-01 15:45:00-04:00,325.3599853515625,254.22999572753906,331.19500732421875,578.6849975585938,80.88999938964844,325.5,254.30999755859375,331.2900085449219,579.2899780273438,80.8949966430664,325.29998779296875,254.19000244140625,331.1300048828125,578.635009765625,80.86499786376953,325.3800048828125,254.26499938964844,331.2200012207031,579.135009765625,80.8949966430664,100908.0,53467,31320.0,17716.0,49065.0
2026-09-01 15:46:00-04:00,325.6098937988281,254.22999572753906,331.1700134277344,579.0399780273438,80.81500244140625,325.6400146484375,254.34500122070312,331.21990966796875,579.1199951171875,80.87999725341797,325.29998779296875,254.22000122070312,331.1400146484375,578.610107421875,80.80999755859375,325.3500061035156,254.24000549316406,331.2099914550781,578.6799926757812,80.87999725341797,82456.0,59519,25983.0,17610.0,68212.0
2026-09-01 15:47:00-04:00,325.69000244140625,254.3300018310547,331.1600036621094,579.22998046875,80.80010223388672,325.7099914550781,254.3699951171875,331.2099914550781,579.3099975585938,80.81999969482422,325.5299987792969,254.25,331.125,578.780029296875,80.77999877929688,325.6098937988281,254.25,331.1600036621094,578.9400024414062,80.80999755859375,96849.0,37565,24324.0,18328.0,73794.0
2026-09-01 15:48:00-04:00,325.6449890136719,254.44000244140625,331.22540283203125,579.625,80.79499816894531,325.7799987792969,254.4499969482422,331.239990234375,579.6900024414062,80.80500030517578,325.6300048828125,254.32000732421875,331.1199951171875,579.1699829101562,80.77999877929688,325.70001220703125,254.33999633789062,331.1499938964844,579.22998046875,80.80500030517578,95491.0,77113,28228.0,16798.0,32761.0
2026-09-01 15:49:00-04:00,325.7749938964844,254.4792938232422,331.19000244140625,579.6950073242188,80.79499816894531,325.7898864746094,254.5800018310547,331.2900085449219,579.9500122070312,80.80500030517578,325.5050048828125,254.4199981689453,331.1499938964844,579.4650268554688,80.79000091552734,325.6449890136719,254.42999267578125,331.2200012207031,579.625,80.80000305175781,80687.0,65742,45666.0,29814.0,43169.0
2026-09-01 15:50:00-04:00,325.760009765625,254.41990661621094,331.38751220703125,579.47998046875,80.84500122070312,325.88800048828125,254.5800018310547,331.57000732421875,580.52001953125,80.91000366210938,325.5,254.3300018310547,331.0799865722656,579.260009765625,80.79499816894531,325.7699890136719,254.41000366210938,331.1600036621094,579.5700073242188,80.80000305175781,307728.0,89480,82423.0,49031.0,227256.0
2026-09-01 15:51:00-04:00,325.7099914550781,254.3350067138672,331.42999267578125,579.5700073242188,80.80500030517578,325.8349914550781,254.4499969482422,331.5,579.7899780273438,80.84500122070312,325.5801086425781,254.3000030517578,331.32598876953125,579.1900024414062,80.80000305175781,325.7550048828125,254.39999389648438,331.44000244140625,579.47998046875,80.84500122070312,132372.0,73836,74077.0,35324.0,46256.0
2026-09-01 15:52:00-04:00,325.6000061035156,254.39999389648438,331.56500244140625,579.8300170898438,80.83000183105469,325.7900085449219,254.39999389648438,331.57000732421875,579.8699951171875,80.83499908447266,325.5,254.22999572753906,331.3999938964844,579.4901733398438,80.78500366210938,325.7349853515625,254.35000610351562,331.42498779296875,579.5900268554688,80.80999755859375,213450.0,118971,53560.0,32636.0,59109.0
2026-09-01 15:53:00-04:00,324.6600036621094,254.2899932861328,331.5899963378906,579.3900146484375,80.7750015258789,325.57000732421875,254.3699951171875,331.5899963378906,579.8499755859375,80.83999633789062,324.54998779296875,254.24000549316406,331.4200134277344,579.0552978515625,80.7699966430664,325.57000732421875,254.3699951171875,331.55999755859375,579.760009765625,80.83000183105469,304279.0,140418,67895.0,53953.0,77842.0
2026-09-01 15:54:00-04:00,324.92999267578125,254.17999267578125,331.885009765625,579.52001953125,80.86000061035156,325.1400146484375,254.38999938964844,331.95001220703125,579.77001953125,80.91000366210938,324.260009765625,254.13999938964844,331.4700012207031,578.3400268554688,80.76000213623047,324.6600036621094,254.3000030517578,331.55999755859375,579.4199829101562,80.77999877929688,521015.0,133346,79034.0,63958.0,136625.0
2026-09-01 15:55:00-04:00,324.44000244140625,254.64999389648438,331.7799987792969,577.6749877929688,80.73970031738281,325.04998779296875,254.91000366210938,332.1400146484375,579.719970703125,80.91000366210938,324.29998779296875,254.24000549316406,331.7699890136719,577.4000244140625,80.7249984741211,324.9100036621094,254.24000549316406,331.9100036621094,579.5800170898438,80.86000061035156,450019.0,264436,109938.0,80957.0,212273.0
2026-09-01 15:56:00-04:00,324.54998779296875,254.60499572753906,331.6600036621094,577.739990234375,80.7699966430664,324.54998779296875,254.66000366210938,331.7900085449219,577.780029296875,80.78500366210938,324.1000061035156,254.52000427246094,331.5700988769531,577.4000244140625,80.69000244140625,324.44000244140625,254.65499877929688,331.7900085449219,577.7000122070312,80.73500061035156,328493.0,179866,84781.0,60894.0,160201.0
2026-09-01 15:57:00-04:00,324.75,254.58949279785156,331.6400146484375,577.9199829101562,80.73999786376953,324.80499267578125,254.6699981689453,331.7300109863281,578.2899780273438,80.80000305175781,324.3699951171875,254.5,331.5400085449219,577.5900268554688,80.73999786376953,324.54998779296875,254.60499572753906,331.6700134277344,577.72998046875,80.7699966430664,399009.0,185492,120120.0,66177.0,225654.0
2026-09-01 15:58:00-04:00,325.0199890136719,254.6999969482422,331.7300109863281,578.3599853515625,80.74500274658203,325.07501220703125,254.7100067138672,331.7699890136719,578.3599853515625,80.76499938964844,324.6050109863281,254.50999450683594,331.5899963378906,577.8200073242188,80.71499633789062,324.7699890136719,254.58999633789062,331.6700134277344,577.9299926757812,80.73999786376953,521990.0,306868,169674.0,81494.0,238885.0
2026-09-01 15:59:00-04:00,325.1400146484375,254.9199981689453,331.80999755859375,578.530029296875,80.80000305175781,325.260009765625,254.9199981689453,332.07000732421875,578.8400268554688,80.80999755859375,324.8500061035156,254.66000366210938,331.7300109863281,577.9099731445312,80.72000122070312,325.0199890136719,254.6999969482422,331.75,578.260009765625,80.73999786376953,1080857.0,713799,423196.0,207292.0,462838.0
2026-09-02 09:30:00-04:00,327.4460144042969,253.5850067138672,331.30999755859375,583.989990234375,80.34500122070312,328.3999938964844,254.80999755859375,331.42999267578125,584.3599243164062,80.66000366210938,326.75,253.39999389648438,330.0299987792969,577.0,80.31999969482422,326.9700012207031,254.2550048828125,330.6449890136719,579.5499877929688,80.54000091552734,1605102.0,797161,671759.0,348592.0,565931.0
2026-09-02 09:31:00-04:00,326.0050048828125,253.8699951171875,329.9599914550781,587.0,80.63990020751953,328.2499084472656,253.99609375,331.3500061035156,587.1699829101562,80.69000244140625,325.510009765625,253.39999389648438,329.5201110839844,583.8400268554688,80.30000305175781,327.364990234375,253.5,331.3299865722656,583.9979858398438,80.34500122070312,275484.0,68297,114509.0,145519.0,98448.0
2026-09-02 09:32:00-04:00,326.45770263671875,253.92990112304688,330.3550109863281,586.5,80.8499984741211,326.625,254.0,330.4100036621094,587.6500244140625,80.85009765625,325.8299865722656,253.5399932861328,329.7099914550781,585.736572265625,80.55000305175781,325.9700012207031,253.89999389648438,329.97509765625,587.3200073242188,80.66500091552734,155502.0,65960,51659.0,74269.0,106619.0
2026-09-02 09:33:00-04:00,326.5299072265625,254.13999938964844,330.8642883300781,588.2000122070312,81.05000305175781,327.25799560546875,254.24000549316406,331.0,588.3900146484375,81.0999984741211,326.04998779296875,253.83509826660156,330.2799987792969,585.5,80.8499984741211,326.42999267578125,253.89500427246094,330.29998779296875,586.4873046875,80.85099792480469,147809.0,55445,51407.0,103410.0,70579.0
2026-09-02 09:34:00-04:00,325.6300048828125,253.93179321289062,331.3599853515625,588.0999755859375,81.18499755859375,326.60101318359375,254.25,331.48651123046875,588.3995971679688,81.22000122070312,325.6000061035156,253.69000244140625,330.57000732421875,586.5001220703125,80.96499633789062,326.5050048828125,254.24000549316406,330.96990966796875,587.9199829101562,81.04499816894531,131011.0,63279,60886.0,58680.0,59644.0
2026-09-02 09:35:00-04:00,325.2099914550781,254.3800048828125,331.8999938964844,588.1099853515625,81.30999755859375,325.6658020019531,254.43870544433594,332.2900085449219,589.350830078125,81.30999755859375,324.70001220703125,253.61000061035156,331.20001220703125,587.510009765625,81.1050033569336,325.6658020019531,253.88999938964844,331.4200134277344,588.0999755859375,81.16999816894531,273079.0,95876,74229.0,134781.0,76760.0
2026-09-02 09:36:00-04:00,324.2749938964844,254.1999969482422,331.7099914550781,588.3300170898438,81.22010040283203,325.3399963378906,254.50999450683594,332.1199951171875,589.260009765625,81.4000015258789,324.2049865722656,254.10000610351562,331.6170959472656,587.510009765625,81.22010040283203,325.18499755859375,254.4199981689453,331.93499755859375,588.02001953125,81.33799743652344,152837.0,86087,27195.0,137385.0,69764.0
2026-09-02 09:37:00-04:00,324.3900146484375,253.97000122070312,331.760009765625,586.9400024414062,81.22000122070312,324.785888671875,254.27499389648438,331.760009765625,588.6799926757812,81.27010345458984,324.1733093261719,253.86500549316406,331.2799987792969,586.7000122070312,81.18409729003906,324.28900146484375,254.1699981689453,331.67401123046875,588.3300170898438,81.23999786376953,100885.0,51186,39095.0,71337.0,49384.0
2026-09-02 09:38:00-04:00,324.260009765625,254.10499572753906,332.0,586.6154174804688,81.2249984741211,324.3949890136719,254.27000427246094,332.0,587.2269287109375,81.31990051269531,324.07000732421875,253.9409942626953,331.4800109863281,585.4299926757812,81.12010192871094,324.3949890136719,254.01499938964844,331.6549987792969,586.8099975585938,81.19999694824219,112928.0,41551,38385.0,77149.0,38079.0
2026-09-02 09:39:00-04:00,325.010009765625,254.27499389648438,331.75,585.7849731445312,81.18000030517578,325.0899963378906,254.30499267578125,332.0,586.7999877929688,81.2333984375,324.2300109863281,253.98500061035156,331.45001220703125,585.4299926757812,81.08999633789062,324.2349853515625,254.0800018310547,332.0,586.52001953125,81.19999694824219,130059.0,49845,38487.0,41291.0,23549.0
2026-09-02 09:40:00-04:00,324.8599853515625,254.43519592285156,331.3323059082031,587.8579711914062,81.43900299072266,325.0382995605469,254.60000610351562,331.79998779296875,587.9299926757812,81.48999786376953,324.3999938964844,254.19000244140625,331.260009765625,585.7296142578125,81.17900085449219,325.010009765625,254.24420166015625,331.7080993652344,585.77001953125,81.17900085449219,138715.0,63315,30857.0,73559.0,59858.0
2026-09-02 09:41:00-04:00,325.0899963378906,254.41000366210938,331.4200134277344,586.0753173828125,81.39600372314453,325.2900085449219,254.47999572753906,331.6000061035156,587.3300170898438,81.48989868164062,324.80999755859375,254.1649932861328,331.2544860839844,585.780029296875,81.33999633789062,324.8699951171875,254.41000366210938,331.375,587.3300170898438,81.44999694824219,118037.0,42236,29651.0,29485.0,55163.0
2026-09-02 09:42:00-04:00,324.8699951171875,254.3800048828125,331.260009765625,586.5499877929688,81.52999877929688,325.2650146484375,254.4698944091797,331.6994934082031,586.8900146484375,81.52999877929688,324.73748779296875,254.22000122070312,331.1300048828125,585.8599853515625,81.41000366210938,325.125,254.38009643554688,331.5542907714844,586.0,81.42009735107422,111153.0,62252,25962.0,46628.0,50116.0
2026-09-02 09:43:00-04:00,324.8699951171875,254.3925018310547,331.4700012207031,587.4398803710938,81.77799987792969,325.1000061035156,254.6649932861328,331.6099853515625,587.77001953125,81.77999877929688,324.6199951171875,254.33999633789062,331.1700134277344,586.6300048828125,81.51000213623047,324.8699951171875,254.38999938964844,331.2799987792969,586.719970703125,81.51000213623047,120403.0,57101,28694.0,44463.0,81788.0
2026-09-02 09:44:00-04:00,325.45001220703125,254.3000030517578,331.2799987792969,587.1599731445312,81.80000305175781,325.5,254.4600067138672,331.8599853515625,588.2899169921875,81.80500030517578,324.8800048828125,254.22000122070312,331.2650146484375,587.1599731445312,81.73999786376953,324.8868103027344,254.3800048828125,331.4750061035156,587.1600952148438,81.7750015258789,97135.0,68897,25054.0,42398.0,64214.0
2026-09-02 09:45:00-04:00,325.05999755859375,254.26499938964844,331.0799865722656,589.9100952148438,81.88999938964844,325.4800109863281,254.39999389648438,331.5299072265625,590.75,81.95999908447266,324.6600036621094,254.00999450683594,330.989990234375,586.915771484375,81.7699966430664,325.4549865722656,254.22000122070312,331.27801513671875,587.3150024414062,81.79000091552734,170402.0,118556,48150.0,211686.0,99907.0
2026-09-02 09:46:00-04:00,325.25,255.0,331.04998779296875,590.0,81.91999816894531,325.29998779296875,255.05499267578125,331.1499938964844,590.3200073242188,81.94000244140625,324.69000244140625,254.2100067138672,330.6600036621094,588.7899169921875,81.77999877929688,325.05999755859375,254.27000427246094,331.0849914550781,590.094970703125,81.91000366210938,157277.0,113813,33049.0,53724.0,53216.0
2026-09-02 09:47:00-04:00,325.239990234375,254.9700927734375,331.44000244140625,590.3851928710938,82.11000061035156,325.57489013671875,255.2899932861328,331.45001220703125,590.5,82.12999725341797,325.20001220703125,254.8300018310547,331.0400085449219,589.75,81.9000015258789,325.21600341796875,255.00999450683594,331.0450134277344,590.0900268554688,81.91010284423828,81853.0,110431,34225.0,50520.0,146863.0
2026-09-02 09:48:00-04:00,324.79998779296875,254.97000122070312,331.5199890136719,590.85498046875,82.1500015258789,325.3550109863281,255.27999877929688,331.6600036621094,591.2100219726562,82.2300033569336,324.760009765625,254.91000366210938,331.2099914550781,590.0599975585938,82.06999969482422,325.2214050292969,254.97000122070312,331.4100036621094,590.3599853515625,82.12999725341797,101773.0,91793,25805.0,106682.0,70732.0
2026-09-02 09:49:00-04:00,324.5450134277344,254.80999755859375,331.69000244140625,591.1900024414062,82.17040252685547,324.8399963378906,255.14999389648438,331.69500732421875,591.3599853515625,82.20999908447266,324.5199890136719,254.75,331.3500061035156,590.56787109375,82.08999633789062,324.760009765625,254.99000549316406,331.5400085449219,590.969970703125,82.15989685058594,108245.0,52721,34075.0,68574.0,86543.0
2026-09-02 09:50:00-04:00,324.9200134277344,255.08250427246094,331.7200012207031,591.8300170898438,82.20999908447266,325.1340026855469,255.1300048828125,331.9700012207031,592.1799926757812,82.23989868164062,324.4599914550781,254.80999755859375,331.6400146484375,590.9509887695312,82.17009735107422,324.5450134277344,254.86000061035156,331.7099914550781,591.1400146484375,82.18000030517578,115188.0,60391,28525.0,106423.0,52394.0
2026-09-02 09:51:00-04:00,324.65008544921875,254.60000610351562,331.79998779296875,592.5125122070312,82.5,325.06658935546875,255.16470336914062,331.989990234375,592.6795043945312,82.52999877929688,324.6300048828125,254.5,331.6513977050781,591.6599731445312,82.19000244140625,324.95001220703125,255.08999633789062,331.7030029296875,591.6600952148438,82.21499633789062,74316.0,175964,32129.0,80326.0,190193.0
2026-09-02 09:52:00-04:00,325.1199951171875,254.80999755859375,332.0299987792969,592.8099975585938,82.54000091552734,325.17999267578125,255.1199951171875,332.1000061035156,593.1099853515625,82.61000061035156,324.6499938964844,254.5,331.760009765625,591.7999877929688,82.45500183105469,324.65008544921875,254.57049560546875,331.80499267578125,592.5650024414062,82.49500274658203,142315.0,97906,56901.0,139664.0,209784.0
2026-09-02 09:53:00-04:00,325.3299865722656,255.24000549316406,332.7699890136719,593.510986328125,82.6404037475586,325.3599853515625,255.48800659179688,332.79998779296875,593.8800048828125,82.66999816894531,324.9800109863281,254.80999755859375,331.989990234375,592.6182250976562,82.48999786376953,325.114990234375,254.8300018310547,331.989990234375,592.6182250976562,82.52999877929688,68428.0,81593,40104.0,100914.0,112220.0
2026-09-02 09:54:00-04:00,325.0050048828125,255.43499755859375,332.8299865722656,591.125,82.72000122070312,325.3299865722656,255.63999938964844,333.04998779296875,594.1182861328125,82.7300033569336,324.8500061035156,255.24070739746094,332.6700134277344,590.97998046875,82.59010314941406,325.30999755859375,255.27000427246094,332.7250061035156,593.6500244140625,82.63999938964844,97606.0,123289,76551.0,141163.0,116152.0
2026-09-02 09:55:00-04:00,324.70001220703125,255.42999267578125,333.2099914550781,591.6799926757812,82.4800033569336,325.0299987792969,255.5500030517578,333.2799987792969,592.1099853515625,82.8550033569336,324.5199890136719,255.24009704589844,332.8900146484375,590.739990234375,82.44000244140625,325.010009765625,255.41000366210938,332.8900146484375,590.9801025390625,82.72000122070312,102253.0,158758,60368.0,69637.0,193548.0
2026-09-02 09:56:00-04:00,325.05999755859375,255.3800048828125,333.4599914550781,592.5499877929688,82.5999984741211,325.30999755859375,255.5,333.4800109863281,592.6599731445312,82.69000244140625,324.44000244140625,255.24000549316406,333.0411071777344,591.3499755859375,82.41000366210938,324.67999267578125,255.4499969482422,333.2344970703125,591.75,82.45999908447266,106657.0,80516,23979.0,65640.0,110674.0
2026-09-02 09:57:00-04:00,325.3999938964844,255.4149932861328,333.21990966796875,593.7404174804688,82.61000061035156,325.4100036621094,255.60000610351562,333.5799865722656,593.7404174804688,82.62000274658203,325.0408935546875,255.25,333.0899963378906,592.3468017578125,82.5510025024414,325.05999755859375,255.33999633789062,333.4100036621094,592.5599975585938,82.58999633789062,92128.0,90892,83911.0,67827.0,69495.0
2026-09-02 09:58:00-04:00,325.364990234375,255.41000366210938,332.8699951171875,592.02001953125,82.77010345458984,325.54998779296875,255.47999572753906,333.1600036621094,593.6599731445312,82.80000305175781,325.2550048828125,255.2310028076172,332.8500061035156,591.7999877929688,82.6050033569336,325.3800048828125,255.4199981689453,333.1600036621094,593.625,82.61000061035156,93932.0,53796,28743.0,82389.0,122789.0
2026-09-02 09:59:00-04:00,325.19000244140625,255.3000030517578,333.1400146484375,593.7449951171875,83.12000274658203,325.42999267578125,255.36000061035156,333.1700134277344,593.9400024414062,83.12000274658203,325.1000061035156,255.02999877929688,332.6700134277344,592.364990234375,82.75,325.3399963378906,255.35499572753906,332.9230041503906,592.469970703125,82.79000091552734,102090.0,70184,87733.0,71475.0,329683.0
2026-09-02 10:00:00-04:00,324.80999755859375,255.30499267578125,333.1835021972656,593.4500122070312,82.95500183105469,325.18499755859375,255.37989807128906,333.20001220703125,594.6599731445312,83.11100006103516,324.5450134277344,254.9499969482422,332.79998779296875,592.5599975585938,82.87000274658203,325.1600036621094,255.27999877929688,333.135009765625,593.844970703125,83.11000061035156,646387.0,108154,26573.0,159130.0,170333.0
2026-09-02 10:01:00-04:00,324.8999938964844,255.0050048828125,332.989990234375,594.489990234375,82.81800079345703,325.1650085449219,255.3282012939453,333.4599914550781,594.919921875,82.94999694824219,324.7449951171875,254.99000549316406,332.9700012207031,592.9199829101562,82.7301025390625,324.82501220703125,255.30499267578125,333.239990234375,593.3800048828125,82.94999694824219,77078.0,103045,32827.0,107330.0,90720.0
2026-09-02 10:02:00-04:00,324.7900085449219,254.75,333.0,596.0250244140625,82.57550048828125,325.1158142089844,255.0399932861328,333.2200012207031,596.2100219726562,82.81999969482422,324.6700134277344,254.66000366210938,332.6199951171875,594.3900756835938,82.4800033569336,324.8561096191406,255.0050048828125,333.1156921386719,594.5399780273438,82.81999969482422,74728.0,87030,33360.0,168957.0,109266.0
2026-09-02 10:03:00-04:00,324.17999267578125,255.0800018310547,333.5299987792969,597.489990234375,82.79000091552734,324.760009765625,255.11000061035156,333.572509765625,597.8699951171875,82.80999755859375,324.1260070800781,254.72999572753906,332.8999938964844,595.7899780273438,82.57230377197266,324.739990234375,254.75999450683594,332.8999938964844,596.0250244140625,82.57630157470703,126279.0,54361,33361.0,161290.0,77640.0
2026-09-02 10:04:00-04:00,323.9649963378906,255.33999633789062,333.67999267578125,597.125,82.61000061035156,324.3294982910156,255.38999938964844,333.7200012207031,597.77001953125,82.83999633789062,323.94000244140625,255.02999877929688,333.4200134277344,596.657470703125,82.61000061035156,324.1700134277344,255.10000610351562,333.5,597.5,82.79000091552734,104351.0,159242,32895.0,102730.0,81941.0
2026-09-02 10:05:00-04:00,323.6099853515625,255.25999450683594,333.6700134277344,597.25,82.58499908447266,324.05950927734375,255.49000549316406,333.7900085449219,598.3200073242188,82.62000274658203,323.5299987792969,255.2100067138672,333.6099853515625,597.114990234375,82.5,323.94000244140625,255.2899932861328,333.67999267578125,597.114990234375,82.61000061035156,130079.0,99234,43661.0,125441.0,56684.0
2026-09-02 10:06:00-04:00,324.03509521484375,255.39500427246094,333.9200134277344,596.8200073242188,82.5250015258789,324.1499938964844,255.52999877929688,334.29998779296875,597.9000244140625,82.62000274658203,323.5899963378906,255.25999450683594,333.6700134277344,596.739990234375,82.5,323.5899963378906,255.25999450683594,333.7200012207031,597.3800048828125,82.5999984741211,119727.0,78439,79822.0,75489.0,45792.0
2026-09-02 10:07:00-04:00,324.0799865722656,255.60000610351562,333.9549865722656,597.52001953125,82.44499969482422,324.19989013671875,255.6999969482422,334.3699951171875,598.1099853515625,82.53990173339844,323.7099914550781,255.3800048828125,333.8999938964844,596.9500122070312,82.41600036621094,324.0199890136719,255.40899658203125,333.94500732421875,597.1199951171875,82.5250015258789,86720.0,102880,53438.0,87155.0,62218.0
2026-09-02 10:08:00-04:00,324.4299011230469,255.4967041015625,333.9599914550781,598.3300170898438,82.43000030517578,324.49951171875,255.64999389648438,334.1000061035156,598.489990234375,82.5199966430664,324.07000732421875,255.46640014648438,333.7900085449219,596.3699951171875,82.38999938964844,324.1099853515625,255.5800018310547,333.95001220703125,597.5440063476562,82.44499969482422,93587.0,63173,24003.0,114683.0,57248.0
2026-09-02 10:09:00-04:00,324.20001220703125,255.6750030517578,334.0,598.3800048828125,82.29830169677734,324.4200134277344,255.85000610351562,334.2200012207031,599.2899780273438,82.43000030517578,324.1600036621094,255.4949951171875,333.9800109863281,598.1099853515625,82.29000091552734,324.4200134277344,255.53939819335938,333.989990234375,598.3980712890625,82.43000030517578,106216.0,100026,28964.0,151776.0,41251.0
2026-09-02 10:10:00-04:00,323.6600036621094,255.6750030517578,333.80999755859375,597.8250122070312,82.28500366210938,324.3599853515625,255.9499969482422,334.0,598.9287109375,82.35990142822266,323.5369873046875,255.50999450683594,333.7699890136719,597.510009765625,82.19000244140625,324.25,255.72000122070312,333.9501037597656,598.344970703125,82.29039764404297,136534.0,78108,23865.0,66193.0,72756.0
2026-09-02 10:11:00-04:00,323.8026123046875,255.74009704589844,334.0,598.9495239257812,82.23999786376953,324.1000061035156,255.77000427246094,334.20001220703125,598.9500122070312,82.2750015258789,323.625,255.5399932861328,333.75,597.3400268554688,82.18009948730469,323.6400146484375,255.6750030517578,333.79998779296875,597.75,82.2699966430664,78310.0,61822,30415.0,77408.0,47220.0
2026-09-02 10:12:00-04:00,323.75,255.36000061035156,334.8599853515625,599.02001953125,82.23500061035156,323.94989013671875,255.94000244140625,335.1000061035156,599.2100219726562,82.25,323.610107421875,255.16050720214844,333.989990234375,598.260009765625,82.0999984741211,323.7900085449219,255.80499267578125,334.010009765625,598.8900146484375,82.23999786376953,59011.0,85809,141473.0,77249.0,46707.0
2026-09-02 10:13:00-04:00,323.8900146484375,255.57000732421875,336.20001220703125,599.5100708007812,82.27999877929688,324.05999755859375,255.58999633789062,336.20001220703125,600.3800048828125,82.38990020751953,323.6300048828125,255.2572021484375,334.6400146484375,598.75,82.19000244140625,323.739990234375,255.38499450683594,334.8399963378906,599.119873046875,82.2260971069336,68057.0,65867,215552.0,255039.0,58183.0
2026-09-02 10:14:00-04:00,323.989990234375,255.60000610351562,335.8999938964844,599.0999755859375,82.21499633789062,324.1499938964844,255.6300048828125,336.3999938964844,599.9299926757812,82.30000305175781,323.739990234375,255.41000366210938,335.489990234375,598.5,82.19999694824219,323.9100036621094,255.56500244140625,336.20001220703125,599.8599853515625,82.27999877929688,59347.0,44422,159950.0,70824.0,36656.0
2026-09-02 10:15:00-04:00,324.0299987792969,255.5800018310547,335.2784118652344,598.2999877929688,82.26000213623047,324.07000732421875,255.92999267578125,336.510009765625,599.0999755859375,82.30999755859375,323.7099914550781,255.52999877929688,335.20001220703125,597.8099975585938,82.19000244140625,323.9700012207031,255.6156005859375,335.9366149902344,598.9650268554688,82.21499633789062,61620.0,130056,104787.0,82074.0,51627.0
2026-09-02 10:16:00-04:00,324.159912109375,255.74000549316406,335.989990234375,597.864990234375,82.30999755859375,324.17999267578125,255.8000030517578,336.1199951171875,598.5900268554688,82.33719635009766,323.9700012207031,255.4949951171875,335.28009033203125,597.75,82.23500061035156,324.0115051269531,255.63999938964844,335.3999938964844,598.2999877929688,82.26000213623047,44302.0,79085,68775.0,58448.0,54500.0
2026-09-02 10:17:00-04:00,324.0249938964844,255.84500122070312,335.31500244140625,595.280029296875,82.26000213623047,324.29998779296875,255.9149932861328,336.0799865722656,597.8994750976562,82.32499694824219,324.0,255.58999633789062,335.2300109863281,595.260009765625,82.2300033569336,324.1499938964844,255.74000549316406,335.989990234375,597.864990234375,82.30000305175781,85945.0,128157,52946.0,138383.0,49148.0
2026-09-02 10:18:00-04:00,323.93499755859375,255.2949981689453,335.1300048828125,594.1649780273438,82.2750015258789,324.1600036621094,255.97500610351562,335.3500061035156,595.5800170898438,82.36000061035156,323.7300109863281,255.1300048828125,334.8299865722656,593.6199951171875,82.23999786376953,324.0400085449219,255.83999633789062,335.3399963378906,595.3400268554688,82.25499725341797,58508.0,159120,47406.0,111977.0,64439.0
2026-09-02 10:19:00-04:00,323.7847900390625,255.36000061035156,335.5199890136719,593.8699951171875,82.28340148925781,324.2200012207031,255.5449981689453,335.7799987792969,595.2000122070312,82.38999938964844,323.7847900390625,255.21279907226562,334.9599914550781,593.7999877929688,82.2522964477539,323.9599914550781,255.30999755859375,335.1499938964844,594.239990234375,82.30000305175781,50078.0,92460,76293.0,58456.0,53888.0
2026-09-02 10:20:00-04:00,324.08599853515625,255.28500366210938,335.20001220703125,593.6900024414062,82.2699966430664,324.10919189453125,255.42999267578125,335.42999267578125,594.0499877929688,82.30000305175781,323.6000061035156,255.24000549316406,335.1000061035156,592.780029296875,82.22000122070312,323.79998779296875,255.33999633789062,335.42999267578125,594.0,82.29000091552734,64273.0,78015,34949.0,82726.0,49120.0
2026-09-02 10:21:00-04:00,324.0736083984375,255.61000061035156,335.2497863769531,594.8300170898438,82.34500122070312,324.29998779296875,255.64990234375,335.4100036621094,595.0278930664062,82.36000061035156,323.92999267578125,255.27000427246094,334.94000244140625,593.4099731445312,82.26000213623047,324.0799865722656,255.30499267578125,335.20001220703125,593.6400146484375,82.2750015258789,52712.0,61437,23028.0,54230.0,58134.0
2026-09-02 10:22:00-04:00,324.0400085449219,255.86500549316406,335.739990234375,595.4340209960938,82.30000305175781,324.0799865722656,255.9199981689453,335.8599853515625,596.3800048828125,82.35990142822266,323.8299865722656,255.55999755859375,335.1322937011719,594.77001953125,82.26000213623047,324.0101013183594,255.61000061035156,335.25,594.8599853515625,82.33000183105469,50602.0,48673,47523.0,78992.0,38969.0
2026-09-02 10:23:00-04:00,324.1099853515625,255.74009704589844,335.5400085449219,595.4650268554688,82.31999969482422,324.1700134277344,255.91000366210938,335.7699890136719,596.1199951171875,82.31999969482422,323.8399963378906,255.57000732421875,335.5,594.875,82.24500274658203,324.0450134277344,255.85000610351562,335.69000244140625,595.3699951171875,82.29000091552734,63301.0,68468,47362.0,75967.0,22776.0
2026-09-02 10:24:00-04:00,324.07501220703125,255.72360229492188,335.5799865722656,594.8400268554688,82.33999633789062,324.2200012207031,255.97000122070312,335.7900085449219,595.8200073242188,82.36000061035156,324.0350036621094,255.63999938964844,335.239990234375,594.8400268554688,82.27999877929688,324.1300048828125,255.74000549316406,335.5400085449219,595.280029296875,82.30999755859375,31651.0,51605,35187.0,34753.0,26137.0
2026-09-02 10:25:00-04:00,324.1600036621094,255.70010375976562,335.2799987792969,594.3200073242188,82.37000274658203,324.17999267578125,255.7899932861328,335.6899108886719,595.0999755859375,82.37000274658203,324.0299987792969,255.6699981689453,335.2099914550781,594.0701904296875,82.29000091552734,324.0799865722656,255.75,335.54998779296875,594.8400268554688,82.33999633789062,37201.0,34828,30218.0,42012.0,38532.0
2026-09-02 10:26:00-04:00,324.5299987792969,256.05999755859375,335.19000244140625,595.2000122070312,82.3499984741211,324.5400085449219,256.1899108886719,335.5299987792969,595.6900024414062,82.37000274658203,324.17999267578125,255.76499938964844,335.1700134277344,594.1500244140625,82.30000305175781,324.17999267578125,255.7899932861328,335.30999755859375,594.2999877929688,82.36000061035156,90422.0,84222,39017.0,82636.0,32365.0
2026-09-02 10:27:00-04:00,324.57501220703125,256.114990234375,335.17999267578125,594.8900146484375,82.47000122070312,324.6000061035156,256.1199951171875,335.17999267578125,595.47998046875,82.4800033569336,324.32000732421875,255.85000610351562,334.9100036621094,594.739990234375,82.36199951171875,324.5299987792969,256.0400085449219,335.17999267578125,595.239990234375,82.36199951171875,77222.0,55815,41473.0,35610.0,39650.0
2026-09-02 10:28:00-04:00,324.8182067871094,256.114990234375,335.19989013671875,595.5700073242188,82.43000030517578,324.8182067871094,256.20001220703125,335.2799987792969,595.969970703125,82.53970336914062,324.42999267578125,255.8699951171875,335.0700988769531,594.7000122070312,82.38999938964844,324.5899963378906,256.114990234375,335.1424865722656,594.89501953125,82.4800033569336,67782.0,131392,25692.0,38679.0,61503.0
2026-09-02 10:29:00-04:00,324.57000732421875,256.1000061035156,334.9800109863281,595.0800170898438,82.3949966430664,324.95001220703125,256.239990234375,335.2900085449219,595.8200073242188,82.41999816894531,324.5,255.85000610351562,334.94000244140625,594.8499755859375,82.37000274658203,324.81500244140625,256.114990234375,335.1549987792969,595.3900146484375,82.41999816894531,53938.0,83962,40672.0,32252.0,32295.0
2026-09-02 10:30:00-04:00,324.1099853515625,255.72999572753906,334.7181091308594,594.8599853515625,82.3499984741211,324.6000061035156,256.07501220703125,334.9700012207031,595.3300170898438,82.37999725341797,324.0,255.6300048828125,334.635009765625,594.510009765625,82.30999755859375,324.5849914550781,256.05499267578125,334.8999938964844,594.969970703125,82.37999725341797,95873.0,132011,33987.0,49208.0,45771.0
2026-09-02 10:31:00-04:00,324.67498779296875,255.57000732421875,334.7200012207031,595.7249755859375,82.2500991821289,324.71990966796875,255.7969970703125,334.8450012207031,595.8699951171875,82.38999938964844,324.0899963378906,255.52999877929688,334.65740966796875,594.7999877929688,82.22000122070312,324.1300048828125,255.72999572753906,334.68499755859375,594.8599853515625,82.3550033569336,64722.0,62005,29211.0,58995.0,48819.0
2026-09-02 10:32:00-04:00,324.3599853515625,255.3699951171875,334.75,595.6400146484375,82.22000122070312,324.7699890136719,255.75,334.8999938964844,595.780029296875,82.28500366210938,324.3599853515625,255.3699951171875,334.6400146484375,594.5809936523438,82.22000122070312,324.69000244140625,255.5850067138672,334.7522888183594,595.7249755859375,82.26000213623047,54267.0,64141,26994.0,49773.0,32103.0
2026-09-02 10:33:00-04:00,324.2099914550781,255.4053955078125,334.6199951171875,595.7429809570312,82.19999694824219,324.42999267578125,255.54710388183594,334.8393859863281,596.0,82.23799896240234,324.17010498046875,255.23779296875,334.6199951171875,594.9299926757812,82.16000366210938,324.3800048828125,255.37989807128906,334.7200012207031,595.52001953125,82.2249984741211,36308.0,67193,42447.0,39944.0,46323.0
2026-09-02 10:34:00-04:00,324.07000732421875,255.5749969482422,334.7284851074219,596.47998046875,82.19999694824219,324.3699951171875,255.59519958496094,334.8550109863281,596.5250244140625,82.26799774169922,324.04998779296875,255.41000366210938,334.6099853515625,595.7000732421875,82.18000030517578,324.260009765625,255.41000366210938,334.6499938964844,595.7999877929688,82.19999694824219,49514.0,51947,32839.0,58839.0,35456.0
2026-09-02 10:35:00-04:00,324.1600036621094,255.53500366210938,334.69000244140625,596.719970703125,82.29000091552734,324.2398986816406,255.64999389648438,334.7699890136719,597.1900024414062,82.29000091552734,324.0205078125,255.5,334.6099853515625,596.3699951171875,82.18000030517578,324.07000732421875,255.52000427246094,334.67999267578125,596.489990234375,82.19000244140625,52199.0,48516,16554.0,70672.0,34636.0
2026-09-02 10:36:00-04:00,324.07501220703125,255.61500549316406,334.75,597.125,82.3499984741211,324.2300109863281,255.63999938964844,334.95001220703125,597.4600219726562,82.35990142822266,324.0299987792969,255.50999450683594,334.6400146484375,596.7150268554688,82.2750015258789,324.1700134277344,255.5800018310547,334.70001220703125,596.8699951171875,82.28050231933594,40130.0,44584,29884.0,37904.0,41086.0
2026-09-02 10:37:00-04:00,324.4700012207031,255.4199981689453,334.2900085449219,597.6599731445312,82.43939971923828,324.4707946777344,255.6199951171875,334.79998779296875,597.7899780273438,82.43939971923828,324.06201171875,255.36000061035156,334.1600036621094,596.8099975585938,82.32499694824219,324.06201171875,255.61500549316406,334.7449951171875,597.1599731445312,82.3499984741211,42067.0,68488,75150.0,55172.0,40020.0
2026-09-02 10:38:00-04:00,324.5400085449219,255.22000122070312,333.885009765625,596.5050048828125,82.41000366210938,324.6000061035156,255.4114990234375,334.32989501953125,597.7899169921875,82.44000244140625,324.3800048828125,255.1999969482422,333.85089111328125,596.2401123046875,82.37000274658203,324.45001220703125,255.38499450683594,334.2699890136719,597.7899169921875,82.43499755859375,39916.0,61085,37500.0,76540.0,37662.0
2026-09-02 10:39:00-04:00,324.55999755859375,255.00999450683594,334.0199890136719,596.2100219726562,82.41000366210938,324.57000732421875,255.21499633789062,334.07000732421875,596.5700073242188,82.43000030517578,324.3999938964844,254.8699951171875,333.7099914550781,595.3099975585938,82.38999938964844,324.55999755859375,255.1999969482422,333.885009765625,596.510009765625,82.41000366210938,50460.0,218707,60491.0,46349.0,38650.0
2026-09-02 10:40:00-04:00,324.70001220703125,255.31500244140625,334.02508544921875,595.6649780273438,82.41500091552734,324.70001220703125,255.33999633789062,334.1000061035156,596.25,82.41500091552734,324.3900146484375,254.92999267578125,333.95001220703125,595.3201293945312,82.37000274658203,324.57000732421875,255.0,333.989990234375,596.0800170898438,82.41000366210938,63853.0,108601,19698.0,30367.0,32456.0
2026-09-02 10:41:00-04:00,324.6650085449219,255.41009521484375,334.05999755859375,596.1900024414062,82.43000030517578,324.75,255.52000427246094,334.1000061035156,596.6799926757812,82.45999908447266,324.6099853515625,255.28500366210938,333.9649963378906,595.6649780273438,82.37000274658203,324.69000244140625,255.3948974609375,334.1000061035156,595.6699829101562,82.41000366210938,53178.0,47039,28409.0,19225.0,26685.0
2026-09-02 10:42:00-04:00,324.6299133300781,255.3699951171875,334.0849914550781,596.1690063476562,82.52999877929688,324.7650146484375,255.58920288085938,334.2799987792969,596.5900268554688,82.56999969482422,324.6099853515625,255.3300018310547,334.0450134277344,596.0,82.41999816894531,324.69000244140625,255.38499450683594,334.07000732421875,596.1900024414062,82.42510223388672,41027.0,50420,20816.0,27728.0,87057.0
2026-09-02 10:43:00-04:00,324.57000732421875,255.25010681152344,334.0450134277344,597.0250244140625,82.58769989013672,324.67999267578125,255.35499572753906,334.09991455078125,597.5999755859375,82.58999633789062,324.4150085449219,255.1649932861328,333.79998779296875,595.72412109375,82.52040100097656,324.6099853515625,255.35499572753906,334.07000732421875,596.1300048828125,82.54930114746094,51935.0,47335,40556.0,54103.0,40159.0
2026-09-02 10:44:00-04:00,324.7250061035156,255.3300018310547,334.0799865722656,597.2550048828125,82.58000183105469,324.8399963378906,255.38999938964844,334.25,597.5599975585938,82.6500015258789,324.55999755859375,255.25010681152344,334.0199890136719,596.760009765625,82.56999969482422,324.57000732421875,255.27999877929688,334.04998779296875,596.760009765625,82.58999633789062,38463.0,29144,19411.0,36949.0,44809.0
2026-09-02 10:45:00-04:00,324.5799865722656,255.3000030517578,333.75,597.5,82.56500244140625,324.7900085449219,255.39999389648438,334.1600036621094,597.9788818359375,82.58999633789062,324.54998779296875,255.2449951171875,333.75,597.1201171875,82.56490325927734,324.72698974609375,255.35000610351562,334.1099853515625,597.3400268554688,82.58000183105469,46675.0,49573,16418.0,42145.0,40456.0
2026-09-02 10:46:00-04:00,324.8500061035156,255.66000366210938,333.6650085449219,597.7899780273438,82.58499908447266,324.8900146484375,255.69500732421875,333.7764892578125,598.1500244140625,82.5999984741211,324.57000732421875,255.27000427246094,333.4599914550781,597.3699951171875,82.55729675292969,324.614990234375,255.2949981689453,333.75,597.5230102539062,82.58000183105469,83449.0,83957,24830.0,43708.0,42727.0
2026-09-02 10:47:00-04:00,325.0799865722656,255.77999877929688,333.7749938964844,598.5900268554688,82.59500122070312,325.0799865722656,255.81500244140625,333.7799987792969,598.9500122070312,82.5999984741211,324.82000732421875,255.6199951171875,333.510009765625,597.5800170898438,82.53600311279297,324.8399963378906,255.66000366210938,333.67999267578125,597.7999877929688,82.58499908447266,74715.0,55668,19104.0,53903.0,29548.0
2026-09-02 10:48:00-04:00,324.9119873046875,255.6199951171875,333.6339111328125,598.3200073242188,82.66000366210938,325.05999755859375,255.8000030517578,333.80999755859375,598.9000244140625,82.67539978027344,324.6700134277344,255.5601043701172,333.45001220703125,598.0924072265625,82.56500244140625,325.0400085449219,255.77999877929688,333.7699890136719,598.52001953125,82.59500122070312,70268.0,63490,27465.0,48584.0,42897.0
2026-09-02 10:49:00-04:00,324.75,255.6750030517578,333.4700012207031,598.5800170898438,82.65499877929688,324.9150085449219,255.74000549316406,333.67999267578125,598.7598266601562,82.6947021484375,324.5899963378906,255.58999633789062,333.2650146484375,598.1900024414062,82.63999938964844,324.9150085449219,255.63999938964844,333.63299560546875,598.260009765625,82.66000366210938,51017.0,37767,24392.0,34826.0,41463.0
2026-09-02 10:50:00-04:00,324.6199951171875,255.22999572753906,333.0799865722656,598.33349609375,82.62999725341797,324.7699890136719,255.72860717773438,333.639892578125,598.9500122070312,82.69999694824219,324.5205078125,255.22999572753906,333.0799865722656,598.33349609375,82.5999984741211,324.7300109863281,255.6699981689453,333.44000244140625,598.4500122070312,82.66000366210938,43110.0,69531,17503.0,36724.0,33719.0
2026-09-02 10:51:00-04:00,324.6099853515625,255.35000610351562,333.21600341796875,598.030029296875,82.69999694824219,324.7099914550781,255.35499572753906,333.21600341796875,598.4550170898438,82.69999694824219,324.489990234375,255.2100067138672,332.864990234375,597.510009765625,82.625,324.6099853515625,255.25999450683594,333.05340576171875,598.3300170898438,82.62999725341797,58930.0,41992,23120.0,38121.0,23908.0
2026-09-02 10:52:00-04:00,324.6199951171875,255.32000732421875,333.07049560546875,597.3400268554688,82.63999938964844,324.739990234375,255.3800048828125,333.2690124511719,598.25,82.70999908447266,324.5299987792969,255.3000030517578,333.0400085449219,596.5800170898438,82.62039947509766,324.6199951171875,255.36500549316406,333.2300109863281,598.030029296875,82.69999694824219,42007.0,33568,12968.0,61014.0,27447.0
2026-09-02 10:53:00-04:00,324.44000244140625,255.0800018310547,332.9649963378906,596.6900024414062,82.58999633789062,324.6300048828125,255.3300018310547,333.1600036621094,598.0250244140625,82.65339660644531,324.42889404296875,255.05999755859375,332.8500061035156,596.6199951171875,82.56999969482422,324.6199951171875,255.3000030517578,333.07000732421875,597.2785034179688,82.6500015258789,76831.0,63131,22263.0,38226.0,55285.0
2026-09-02 10:54:00-04:00,324.2049865722656,255.25999450683594,332.8399963378906,596.1781005859375,82.61000061035156,324.52740478515625,255.4499969482422,333.010009765625,596.9000244140625,82.66999816894531,324.1499938964844,255.02999877929688,332.82000732421875,595.9099731445312,82.58999633789062,324.4700012207031,255.11500549316406,332.9700927734375,596.8250122070312,82.58999633789062,80011.0,58174,40432.0,58956.0,33274.0
2026-09-02 10:55:00-04:00,324.4800109863281,255.4250030517578,333.1400146484375,596.280029296875,82.55000305175781,324.4800109863281,255.52999877929688,333.1825866699219,596.52001953125,82.5999984741211,324.1755065917969,255.30999755859375,332.8500061035156,595.8599853515625,82.52999877929688,324.2049865722656,255.30999755859375,332.8500061035156,596.1300048828125,82.5999984741211,37877.0,34152,33164.0,30839.0,23012.0
2026-09-02 10:56:00-04:00,324.4700012207031,255.32000732421875,333.1400146484375,596.5449829101562,82.4800033569336,324.6000061035156,255.4949951171875,333.260009765625,596.6298828125,82.55999755859375,324.4425048828125,255.27000427246094,333.04998779296875,596.1400146484375,82.44999694824219,324.4800109863281,255.42999267578125,333.1700134277344,596.219970703125,82.55000305175781,32757.0,34449,19505.0,12896.0,35027.0
2026-09-02 10:57:00-04:00,324.6351013183594,255.4499969482422,333.2699890136719,597.1400146484375,82.54000091552734,324.67999267578125,255.4499969482422,333.30999755859375,597.2799072265625,82.55000305175781,324.43011474609375,255.27999877929688,333.1449890136719,596.47998046875,82.47000122070312,324.4649963378906,255.3249969482422,333.1449890136719,596.5499877929688,82.4800033569336,69448.0,53434,26998.0,20605.0,26138.0
2026-09-02 10:58:00-04:00,324.5899963378906,255.36000061035156,333.26251220703125,596.7449951171875,82.53500366210938,324.75,255.55999755859375,333.55999755859375,597.2999877929688,82.58000183105469,324.489990234375,255.35000610351562,333.25,596.6503295898438,82.5199966430664,324.6400146484375,255.49229431152344,333.25,597.135009765625,82.54630279541016,39813.0,24820,20554.0,19802.0,25220.0
2026-09-02 10:59:00-04:00,324.6191101074219,255.3249969482422,333.1600036621094,596.0,82.65010070800781,324.739990234375,255.4199981689453,333.3099060058594,596.8400268554688,82.68000030517578,324.5716857910156,255.3249969482422,333.1400146484375,596.0,82.52999877929688,324.5950012207031,255.36000061035156,333.3099060058594,596.802490234375,82.52999877929688,37361.0,28144,14375.0,19590.0,62838.0
2026-09-02 11:00:00-04:00,324.6700134277344,255.1300048828125,332.6759948730469,595.0100708007812,82.6449966430664,324.82501220703125,255.35499572753906,333.2099914550781,596.0,82.67350006103516,324.6000061035156,255.09500122070312,332.6200866699219,595.0100708007812,82.6449966430664,324.6499938964844,255.35499572753906,333.2087097167969,595.9099731445312,82.66010284423828,48376.0,63986,18529.0,32813.0,28154.0
2026-09-02 11:01:00-04:00,324.7200012207031,255.27000427246094,332.44000244140625,595.0900268554688,82.6500015258789,324.8949890136719,255.2899932861328,332.760009765625,595.2799072265625,82.66999816894531,324.6600036621094,255.14999389648438,332.364990234375,594.739990234375,82.63999938964844,324.6600036621094,255.14999389648438,332.67498779296875,595.1099853515625,82.6449966430664,35662.0,59274,28807.0,42962.0,22385.0
2026-09-02 11:02:00-04:00,324.8599853515625,255.4499969482422,332.3999938964844,595.1199951171875,82.66549682617188,324.8599853515625,255.5399932861328,332.5151062011719,595.5,82.69950103759766,324.7099914550781,255.25,332.3550109863281,595.0504760742188,82.63500213623047,324.7099914550781,255.27499389648438,332.42999267578125,595.0999755859375,82.6500015258789,26802.0,45436,15004.0,38501.0,41125.0
2026-09-02 11:03:00-04:00,324.8800964355469,255.6999969482422,332.69000244140625,595.5399780273438,82.7300033569336,324.94500732421875,255.72999572753906,332.69000244140625,595.8200073242188,82.75,324.8175048828125,255.5,332.3500061035156,595.2186889648438,82.6624984741211,324.8599853515625,255.52499389648438,332.3699951171875,595.2186889648438,82.6624984741211,35868.0,38226,12719.0,13502.0,64038.0
2026-09-02 11:04:00-04:00,324.40240478515625,255.60000610351562,332.45050048828125,595.3800048828125,82.69000244140625,324.8699951171875,255.73989868164062,332.67999267578125,595.510009765625,82.73999786376953,324.3900146484375,255.55999755859375,332.3999938964844,595.1099853515625,82.6500015258789,324.8699951171875,255.6999969482422,332.67999267578125,595.5,82.73500061035156,50606.0,55587,19462.0,13353.0,34160.0
2026-09-02 11:05:00-04:00,324.3699951171875,255.79409790039062,332.54998779296875,595.7349853515625,82.68499755859375,324.4200134277344,255.79409790039062,332.57000732421875,595.7999267578125,82.72000122070312,324.2699890136719,255.55999755859375,332.3800048828125,595.25,82.68000030517578,324.3999938964844,255.60499572753906,332.45001220703125,595.3800048828125,82.69000244140625,31172.0,9887,14581.0,13400.0,38085.0
2026-09-02 11:06:00-04:00,324.5950012207031,255.6750030517578,332.6499938964844,595.1900024414062,82.6541976928711,324.6199951171875,255.8800048828125,333.0299987792969,596.2999877929688,82.7300033569336,324.3450012207031,255.6300048828125,332.5,595.1683959960938,82.6449966430664,324.364990234375,255.8000030517578,332.5350036621094,595.7999877929688,82.69999694824219,47684.0,53831,40023.0,26719.0,33585.0
2026-09-02 11:07:00-04:00,324.5849914550781,255.44000244140625,332.2900085449219,594.5001220703125,82.63009643554688,324.6650085449219,255.7899932861328,332.6499938964844,595.3699951171875,82.66000366210938,324.4226989746094,255.42999267578125,332.25,594.3099975585938,82.58999633789062,324.6050109863281,255.71009826660156,332.6400146484375,595.1901245117188,82.66000366210938,34252.0,101372,17085.0,36403.0,50963.0
2026-09-02 11:08:00-04:00,324.6700134277344,255.36000061035156,332.20001220703125,594.2000122070312,82.55000305175781,324.6700134277344,255.50990295410156,332.375,594.719970703125,82.6500015258789,324.3900146484375,255.25999450683594,332.1700134277344,594.0650024414062,82.5199966430664,324.57000732421875,255.44000244140625,332.32000732421875,594.5750122070312,82.63999938964844,26403.0,36027,19802.0,21013.0,59472.0
2026-09-02 11:09:00-04:00,324.3900146484375,255.22999572753906,332.25,594.4199829101562,82.55000305175781,324.67999267578125,255.36000061035156,332.3999938964844,594.7119140625,82.58000183105469,324.3550109863281,255.22999572753906,332.20001220703125,594.1099853515625,82.51000213623047,324.6700134277344,255.36000061035156,332.20001220703125,594.1799926757812,82.55999755859375,37887.0,61187,20124.0,21776.0,45812.0
2026-09-02 11:10:00-04:00,324.2200012207031,255.15499877929688,332.2489929199219,593.8400268554688,82.5250015258789,324.4027099609375,255.33999633789062,332.3900146484375,594.3900146484375,82.55000305175781,324.1099853515625,255.10000610351562,332.20001220703125,593.6300048828125,82.5199966430664,324.3999938964844,255.22000122070312,332.20660400390625,594.3900146484375,82.54000091552734,37173.0,81550,31892.0,28149.0,20714.0
2026-09-02 11:11:00-04:00,324.5400085449219,255.4199981689453,332.760009765625,594.7357177734375,82.52999877929688,324.55999755859375,255.4199981689453,332.760009765625,594.8287963867188,82.54000091552734,324.2200012207031,255.10000610351562,332.1700134277344,593.6500854492188,82.46720123291016,324.2200012207031,255.15499877929688,332.2438049316406,593.8400268554688,82.52999877929688,42228.0,38007,15134.0,34853.0,38464.0
2026-09-02 11:12:00-04:00,324.4800109863281,255.13999938964844,332.57000732421875,593.8424072265625,82.4749984741211,324.6000061035156,255.45750427246094,332.7792053222656,594.8300170898438,82.54000091552734,324.44000244140625,255.1199951171875,332.5,593.8250122070312,82.44999694824219,324.5199890136719,255.4149932861328,332.7300109863281,594.780029296875,82.52999877929688,25302.0,47695,17784.0,25273.0,35235.0
2026-09-02 11:13:00-04:00,324.32501220703125,255.0800018310547,332.82501220703125,593.739990234375,82.470703125,324.4649963378906,255.1999969482422,332.8599853515625,593.9000244140625,82.5,324.260009765625,255.0200958251953,332.4700012207031,593.4514770507812,82.45500183105469,324.4649963378906,255.1300048828125,332.5450134277344,593.9000244140625,82.47000122070312,45753.0,47591,32951.0,22558.0,33945.0
2026-09-02 11:14:00-04:00,324.4599914550781,255.13499450683594,332.8887023925781,594.3699951171875,82.45500183105469,324.4599914550781,255.13499450683594,332.8999938964844,594.489990234375,82.4800033569336,324.32000732421875,255.02000427246094,332.7405090332031,593.7899780273438,82.41500091552734,324.3299865722656,255.1199951171875,332.81500244140625,593.7899780273438,82.47000122070312,23980.0,24168,19891.0,17238.0,38619.0
2026-09-02 11:15:00-04:00,324.7200012207031,254.79989624023438,332.8699951171875,593.7000122070312,82.4800033569336,324.75,255.16990661621094,332.8900146484375,594.4400024414062,82.49500274658203,324.4501037597656,254.75999450683594,332.6000061035156,593.280029296875,82.31999969482422,324.4800109863281,255.13499450683594,332.8699951171875,594.2940063476562,82.45500183105469,27728.0,99408,28196.0,24513.0,140987.0
2026-09-02 11:16:00-04:00,324.79998779296875,254.91990661621094,332.9200134277344,593.5499877929688,82.41999816894531,324.82000732421875,254.95989990234375,333.05999755859375,594.0850219726562,82.48999786376953,324.69000244140625,254.77000427246094,332.8399963378906,593.40478515625,82.41999816894531,324.7349853515625,254.77000427246094,332.8800048828125,594.0,82.48500061035156,36586.0,48876,19847.0,23234.0,36521.0
2026-09-02 11:17:00-04:00,324.6611022949219,254.9250030517578,332.95001220703125,594.35498046875,82.46499633789062,324.79998779296875,255.00999450683594,333.0199890136719,594.4600219726562,82.5,324.5799865722656,254.91000366210938,332.82000732421875,593.5,82.44000244140625,324.7950134277344,254.92999267578125,332.9200134277344,593.6599731445312,82.44000244140625,36833.0,42105,24676.0,17934.0,33189.0
2026-09-02 11:18:00-04:00,324.8900146484375,255.16000366210938,333.69000244140625,594.7650146484375,82.5,324.89990234375,255.16000366210938,333.69000244140625,594.8994750976562,82.52989959716797,324.67999267578125,254.8699951171875,332.8900146484375,594.35498046875,82.44999694824219,324.70001220703125,254.92999267578125,332.9599914550781,594.4199829101562,82.45999908447266,28521.0,50935,41080.0,30887.0,37325.0
2026-09-02 11:19:00-04:00,325.2099914550781,255.04220581054688,333.70001220703125,595.3099975585938,82.58499908447266,325.2099914550781,255.1999969482422,333.82989501953125,595.655029296875,82.59100341796875,324.8299865722656,255.02999877929688,333.5000915527344,594.6900024414062,82.5,324.89239501953125,255.17999267578125,333.70001220703125,594.8300170898438,82.50240325927734,119179.0,24657,64886.0,28754.0,36251.0
2026-09-02 11:20:00-04:00,325.05499267578125,255.05999755859375,333.32958984375,594.760009765625,82.54000091552734,325.2099914550781,255.10000610351562,333.75,595.7899780273438,82.58999633789062,324.9800109863281,255.02499389648438,333.26519775390625,594.75,82.54000091552734,325.19000244140625,255.04620361328125,333.67999267578125,595.3099975585938,82.58000183105469,72372.0,32956,29561.0,35792.0,32614.0
2026-09-02 11:21:00-04:00,325.17498779296875,255.0500030517578,333.4200134277344,595.1699829101562,82.61000061035156,325.25,255.0500030517578,333.4599914550781,595.3900146484375,82.6500015258789,324.9599914550781,254.93499755859375,333.2491149902344,594.844970703125,82.53009796142578,325.05499267578125,255.02499389648438,333.3500061035156,594.844970703125,82.54000091552734,42496.0,33182,26080.0,16917.0,22638.0
2026-09-02 11:22:00-04:00,325.19000244140625,255.0850067138672,333.6300048828125,595.7150268554688,82.62999725341797,325.260009765625,255.1199951171875,333.6505126953125,595.7150268554688,82.6449966430664,325.1400146484375,255.0,333.4100036621094,595.0900268554688,82.61000061035156,325.20001220703125,255.00999450683594,333.4200134277344,595.1848754882812,82.61650085449219,55286.0,34466,15371.0,17262.0,17418.0
2026-09-02 11:23:00-04:00,325.2477111816406,254.99000549316406,333.5450134277344,595.5969848632812,82.7300033569336,325.32000732421875,255.11000061035156,333.68121337890625,595.8800048828125,82.73989868164062,325.1549987792969,254.94500732421875,333.45001220703125,595.4500122070312,82.63999938964844,325.17999267578125,255.0850067138672,333.6499938964844,595.6849975585938,82.63999938964844,62076.0,43979,17290.0,25787.0,52012.0
2026-09-02 11:24:00-04:00,325.4800109863281,255.10000610351562,333.32501220703125,595.760009765625,82.74009704589844,325.5849914550781,255.10000610351562,333.5899963378906,595.8049926757812,82.75630187988281,325.2101135253906,254.9949951171875,333.2699890136719,595.219970703125,82.68000030517578,325.2550048828125,254.99899291992188,333.5450134277344,595.3900146484375,82.73999786376953,67422.0,23567,39060.0,13315.0,33352.0
2026-09-02 11:25:00-04:00,325.8599853515625,255.1750030517578,333.4649963378906,596.3499755859375,82.72000122070312,325.8680114746094,255.1999969482422,333.489990234375,596.5,82.76000213623047,325.4700012207031,255.05999755859375,333.19000244140625,595.530029296875,82.71659851074219,325.5,255.0749969482422,333.32501220703125,595.8489990234375,82.75,75802.0,33337,19288.0,33643.0,28357.0
2026-09-02 11:26:00-04:00,325.9100036621094,255.19500732421875,333.70001220703125,596.5599975585938,82.7249984741211,325.9599914550781,255.27999877929688,333.9700012207031,596.6400146484375,82.75,325.8500061035156,255.10000610351562,333.45001220703125,596.1900024414062,82.68900299072266,325.8699951171875,255.14999389648438,333.4599914550781,596.385009765625,82.73999786376953,81626.0,42780,37361.0,20858.0,37216.0
2026-09-02 11:27:00-04:00,325.6700134277344,255.2100067138672,333.69000244140625,596.719970703125,82.69000244140625,325.9150085449219,255.3800048828125,333.86358642578125,596.9896850585938,82.7300033569336,325.55999755859375,255.1999969482422,333.614990234375,596.5399780273438,82.66999816894531,325.9100036621094,255.2100067138672,333.69000244140625,596.6300048828125,82.7249984741211,69918.0,44897,20090.0,14667.0,30399.0
2026-09-02 11:28:00-04:00,325.7900085449219,255.30999755859375,333.75,596.85498046875,82.62000274658203,325.84991455078125,255.3800048828125,333.96929931640625,597.2098999023438,82.69999694824219,325.6607971191406,255.24000549316406,333.7300109863281,596.739990234375,82.62000274658203,325.6607971191406,255.24000549316406,333.7300109863281,596.7999877929688,82.69999694824219,38291.0,33552,36803.0,32809.0,38790.0
2026-09-02 11:29:00-04:00,326.54998779296875,255.27999877929688,333.8550109863281,597.0,82.5999984741211,326.54998779296875,255.36000061035156,333.8900146484375,597.1688842773438,82.65630340576172,325.75,255.24000549316406,333.7099914550781,596.5800170898438,82.56999969482422,325.79449462890625,255.31500244140625,333.7449951171875,596.9199829101562,82.62999725341797,228612.0,49140,13172.0,16913.0,30485.0
2026-09-02 11:30:00-04:00,326.66009521484375,255.31500244140625,333.6199951171875,596.5,82.62000274658203,326.760009765625,255.38999938964844,333.9700012207031,597.0,82.69000244140625,326.4501037597656,255.27999877929688,333.5799865722656,596.4199829101562,82.5999984741211,326.5299987792969,255.30999755859375,333.8450012207031,596.9099731445312,82.5999984741211,144364.0,54760,16473.0,18684.0,28617.0
2026-09-02 11:31:00-04:00,326.95989990234375,255.35000610351562,333.7149963378906,595.916015625,82.56999969482422,326.95989990234375,255.3699951171875,333.8399963378906,596.75,82.62960052490234,326.510009765625,255.27000427246094,333.6400146484375,595.8599853515625,82.56999969482422,326.6650085449219,255.3300018310547,333.6400146484375,596.4849853515625,82.61499786376953,268682.0,35602,19795.0,20285.0,20283.0
2026-09-02 11:32:00-04:00,326.9849853515625,255.33380126953125,333.760009765625,595.9494018554688,82.54000091552734,327.05499267578125,255.34010314941406,333.7900085449219,596.0700073242188,82.57039642333984,326.79998779296875,255.22999572753906,333.65008544921875,595.5194091796875,82.52729797363281,326.9700012207031,255.3354034423828,333.7099914550781,595.9400024414062,82.56999969482422,147388.0,41832,18670.0,16653.0,25344.0
2026-09-02 11:33:00-04:00,326.9100036621094,255.27999877929688,333.7027893066406,595.344970703125,82.51000213623047,327.0050048828125,255.38999938964844,333.7900085449219,595.9550170898438,82.55000305175781,326.7200927734375,255.2100067138672,333.67999267578125,595.010009765625,82.47000122070312,326.9599914550781,255.3350067138672,333.785888671875,595.89501953125,82.53500366210938,87916.0,39031,9175.0,16446.0,20953.0
2026-09-02 11:34:00-04:00,326.71258544921875,255.27000427246094,333.739990234375,595.635009765625,82.47000122070312,326.95001220703125,255.29559326171875,333.840087890625,595.7282104492188,82.51000213623047,326.69000244140625,255.24000549316406,333.67999267578125,595.1400146484375,82.45999908447266,326.9100036621094,255.28500366210938,333.7200012207031,595.35498046875,82.49009704589844,69412.0,17393,18276.0,13025.0,15195.0
2026-09-02 11:35:00-04:00,326.2749938964844,255.27000427246094,333.7200012207031,594.6849975585938,82.41999816894531,326.7650146484375,255.30999755859375,333.739990234375,595.655029296875,82.45999908447266,326.160888671875,255.22000122070312,333.5899963378906,594.6099853515625,82.38999938964844,326.7300109863281,255.27999877929688,333.739990234375,595.5452880859375,82.45999908447266,134502.0,40690,12870.0,17807.0,22702.0
2026-09-02 11:36:00-04:00,326.7349853515625,255.39500427246094,333.6300048828125,594.8798828125,82.44499969482422,326.7799987792969,255.42999267578125,333.760009765625,595.1799926757812,82.44499969482422,326.239990234375,255.24000549316406,333.6300048828125,594.6199951171875,82.38999938964844,326.2550048828125,255.2550048828125,333.70001220703125,594.6849975585938,82.41500091552734,149686.0,27536,10788.0,11942.0,42591.0
2026-09-02 11:37:00-04:00,326.8310852050781,255.24000549316406,333.635009765625,594.2219848632812,82.45999908447266,326.94989013671875,255.42999267578125,333.760009765625,595.3616943359375,82.4800033569336,326.6499938964844,255.22999572753906,333.6000061035156,594.2219848632812,82.43070220947266,326.739990234375,255.40499877929688,333.7099914550781,594.8099975585938,82.44499969482422,82089.0,54398,21398.0,41473.0,35770.0
2026-09-02 11:38:00-04:00,326.8550109863281,255.0,333.40008544921875,593.635009765625,82.44000244140625,326.9599914550781,255.27000427246094,333.6600036621094,594.2449951171875,82.48999786376953,326.6600036621094,255.0,333.3999938964844,593.635009765625,82.41000366210938,326.8399963378906,255.24000549316406,333.60009765625,594.219970703125,82.45999908447266,76771.0,36612,13836.0,32812.0,28419.0
2026-09-02 11:39:00-04:00,326.70001220703125,254.9799041748047,333.3599853515625,593.72998046875,82.41999816894531,326.8800048828125,255.0572967529297,333.4800109863281,593.8275756835938,82.45249938964844,326.51849365234375,254.88499450683594,333.30999755859375,593.5001220703125,82.41000366210938,326.8500061035156,255.0399932861328,333.4551086425781,593.719970703125,82.42500305175781,90478.0,48655,27718.0,14780.0,27885.0
2026-09-02 11:40:00-04:00,326.2900085449219,255.01499938964844,333.37249755859375,593.1599731445312,82.4000015258789,326.7250061035156,255.10000610351562,333.55999755859375,593.8900146484375,82.43000030517578,326.2181091308594,254.89999389648438,333.30999755859375,593.1199951171875,82.37000274658203,326.6962890625,254.9600067138672,333.4064025878906,593.7650146484375,82.41999816894531,63764.0,51158,18032.0,27447.0,20296.0
2026-09-02 11:41:00-04:00,325.6600036621094,255.11000061035156,333.3999938964844,593.7000122070312,82.38999938964844,326.3399963378906,255.11000061035156,333.5199890136719,593.760009765625,82.42500305175781,325.57000732421875,254.97000122070312,333.32000732421875,593.0999755859375,82.375,326.2900085449219,255.01499938964844,333.375,593.155029296875,82.4000015258789,125006.0,27646,14679.0,15876.0,24710.0
2026-09-02 11:42:00-04:00,325.6000061035156,254.89280700683594,333.0104064941406,593.25,82.37000274658203,325.70001220703125,255.11990356445312,333.47900390625,593.7916259765625,82.41200256347656,325.1830139160156,254.85009765625,332.9700012207031,593.0900268554688,82.36399841308594,325.6650085449219,255.08009338378906,333.3900146484375,593.760009765625,82.37999725341797,113522.0,32345,31485.0,24622.0,20985.0
2026-09-02 11:43:00-04:00,325.29998779296875,254.72500610351562,332.9800109863281,593.3759765625,82.34500122070312,325.6099853515625,254.89999389648438,333.1700134277344,593.75,82.38990020751953,325.2200927734375,254.7100067138672,332.9599914550781,593.1400146484375,82.33999633789062,325.6000061035156,254.8791961669922,333.03509521484375,593.2100219726562,82.37000274658203,77168.0,44000,16677.0,17113.0,26908.0
2026-09-02 11:44:00-04:00,325.114990234375,254.78500366210938,333.17999267578125,593.2393798828125,82.31449890136719,325.385009765625,254.8000030517578,333.20001220703125,593.5850219726562,82.3499984741211,324.91009521484375,254.72000122070312,332.9501037597656,593.110107421875,82.30000305175781,325.30999755859375,254.72999572753906,332.9501037597656,593.4199829101562,82.3499984741211,362866.0,26036,11302.0,14460.0,16599.0
2026-09-02 11:45:00-04:00,325.07830810546875,254.5500030517578,332.9100036621094,592.1699829101562,82.30500030517578,325.26708984375,254.76499938964844,333.1629943847656,593.2999877929688,82.31999969482422,325.0199890136719,254.52999877929688,332.8800048828125,592.1199951171875,82.29000091552734,325.0899963378906,254.76499938964844,333.1400146484375,593.2999877929688,82.30999755859375,41910.0,52908,18297.0,32498.0,27181.0
2026-09-02 11:46:00-04:00,325.3900146484375,254.58909606933594,332.7699890136719,592.6400146484375,82.29000091552734,325.4197998046875,254.65499877929688,332.9216003417969,592.786376953125,82.30999755859375,324.989990234375,254.47000122070312,332.760009765625,591.8499755859375,82.2699966430664,325.05499267578125,254.5500030517578,332.9216003417969,592.1300048828125,82.30000305175781,73288.0,46646,17879.0,35488.0,31571.0
2026-09-02 11:47:00-04:00,324.82501220703125,254.51499938964844,332.9200134277344,592.6300048828125,82.23999786376953,325.4898986816406,254.61000061035156,332.9599914550781,592.89990234375,82.29000091552734,324.80010986328125,254.4499969482422,332.739990234375,592.2899780273438,82.2300033569336,325.4198913574219,254.61000061035156,332.7900085449219,592.5999755859375,82.27999877929688,92021.0,41046,13651.0,21020.0,22651.0
2026-09-02 11:48:00-04:00,324.45001220703125,254.59500122070312,332.9750061035156,592.1599731445312,82.26499938964844,324.8500061035156,254.6300048828125,333.04998779296875,592.6900024414062,82.2699966430664,324.3399963378906,254.44000244140625,332.8699951171875,591.9600219726562,82.18000030517578,324.8500061035156,254.47999572753906,332.9200134277344,592.60498046875,82.2301025390625,115478.0,30516,8124.0,21857.0,34570.0
2026-09-02 11:49:00-04:00,324.1400146484375,254.53500366210938,333.06500244140625,592.1599731445312,82.2750015258789,324.4599914550781,254.63999938964844,333.2699890136719,592.530029296875,82.27999877929688,324.0,254.49000549316406,332.8599853515625,592.0,82.21499633789062,324.43011474609375,254.6300048828125,332.989990234375,592.1550903320312,82.26499938964844,91865.0,26458,16773.0,15611.0,21439.0
2026-09-02 11:50:00-04:00,323.9800109863281,254.56500244140625,333.45001220703125,592.4099731445312,82.29000091552734,324.260009765625,254.57000732421875,333.5,592.5800170898438,82.29499816894531,323.95001220703125,254.49000549316406,333.06201171875,592.22998046875,82.25,324.1499938964844,254.50999450683594,333.06201171875,592.22998046875,82.26000213623047,300818.0,24530,16666.0,9905.0,25596.0
2026-09-02 11:51:00-04:00,324.125,254.63999938964844,333.6099853515625,592.5599975585938,82.26000213623047,324.2200012207031,254.70840454101562,333.6700134277344,592.6599731445312,82.29280090332031,323.8949890136719,254.5399932861328,333.3999938964844,592.2420043945312,82.23999786376953,323.9100036621094,254.55999755859375,333.45001220703125,592.4199829101562,82.29280090332031,73131.0,27987,17863.0,11602.0,22933.0
2026-09-02 11:52:00-04:00,324.42999267578125,254.75,333.9100036621094,592.9099731445312,82.23999786376953,324.5249938964844,254.77000427246094,333.9100036621094,593.1099853515625,82.27200317382812,324.0899963378906,254.63999938964844,333.57000732421875,592.4400024414062,82.2300033569336,324.1099853515625,254.63999938964844,333.6300048828125,592.5499877929688,82.26000213623047,80595.0,28925,28067.0,18243.0,20135.0
2026-09-02 11:53:00-04:00,324.489990234375,254.63999938964844,333.7300109863281,592.4749755859375,82.12999725341797,324.5198974609375,254.77999877929688,334.0,593.0076904296875,82.2300033569336,324.32000732421875,254.63999938964844,333.6000061035156,592.25,82.12049865722656,324.42999267578125,254.77000427246094,333.9294128417969,592.9000244140625,82.2249984741211,50677.0,39207,26018.0,13000.0,24624.0
2026-09-02 11:54:00-04:00,324.54998779296875,254.6199951171875,333.8299865722656,592.0549926757812,82.09010314941406,324.6549987792969,254.64999389648438,333.95001220703125,592.9500122070312,82.1395034790039,324.3500061035156,254.56500244140625,333.55999755859375,591.8800048828125,82.06999969482422,324.5,254.625,333.739990234375,592.4749755859375,82.1395034790039,68650.0,12018,12512.0,36411.0,36139.0
2026-09-02 11:55:00-04:00,324.3900146484375,254.52499389648438,334.18499755859375,592.1699829101562,82.05000305175781,324.6600036621094,254.6562957763672,334.21728515625,592.2899780273438,82.0999984741211,324.3299865722656,254.52000427246094,333.8399963378906,591.9249877929688,82.02999877929688,324.57000732421875,254.63999938964844,333.8399963378906,592.0001220703125,82.08999633789062,77210.0,14795,33603.0,14502.0,29721.0
2026-09-02 11:56:00-04:00,324.3949890136719,254.55239868164062,333.9400939941406,592.0999755859375,82.04499816894531,324.489990234375,254.55990600585938,334.20001220703125,592.135009765625,82.05000305175781,324.3599853515625,254.5,333.9049987792969,591.8900146484375,82.02999877929688,324.375,254.52000427246094,334.1499938964844,592.0700073242188,82.05000305175781,37501.0,25057,14822.0,6839.0,10069.0
2026-09-02 11:57:00-04:00,324.4700012207031,254.6909942626953,334.489990234375,592.405029296875,82.1500015258789,324.6099853515625,254.72500610351562,334.64990234375,592.6300048828125,82.1709976196289,324.364990234375,254.5399932861328,333.94000244140625,591.9600219726562,82.04000091552734,324.3900146484375,254.5500030517578,333.94000244140625,592.0999755859375,82.04499816894531,48627.0,32917,30582.0,24416.0,24744.0
2026-09-02 11:58:00-04:00,325.1300048828125,254.8800048828125,334.7900085449219,592.844970703125,82.18000030517578,325.1700134277344,254.93499755859375,334.89990234375,592.989990234375,82.18499755859375,324.4200134277344,254.69009399414062,334.4700012207031,592.4000244140625,82.11499786376953,324.4700012207031,254.6999969482422,334.5,592.4229736328125,82.1449966430664,73739.0,40778,18766.0,18493.0,23139.0
2026-09-02 11:59:00-04:00,325.010009765625,255.0,334.75,592.5250244140625,82.13500213623047,325.125,255.0399932861328,334.8800048828125,593.2000122070312,82.18939971923828,324.79998779296875,254.85009765625,334.6499938964844,592.4299926757812,82.11000061035156,325.125,254.8699951171875,334.75,592.8798217773438,82.18939971923828,58287.0,42354,28237.0,12179.0,18734.0
2026-09-02 12:00:00-04:00,325.3399963378906,255.0449981689453,335.239990234375,592.6900024414062,82.12999725341797,325.3599853515625,255.06500244140625,335.375,592.77001953125,82.13140106201172,324.9549865722656,254.86000061035156,334.6449890136719,592.0700073242188,82.05999755859375,325.010009765625,255.0,334.7699890136719,592.5250244140625,82.12000274658203,58896.0,35914,60809.0,25034.0,20473.0
2026-09-02 12:01:00-04:00,325.29998779296875,255.0500030517578,335.135009765625,592.9199829101562,82.12000274658203,325.4670104980469,255.13999938964844,335.44000244140625,593.2949829101562,82.12999725341797,325.2200012207031,254.99000549316406,335.135009765625,592.5800170898438,82.08000183105469,325.3399963378906,255.0500030517578,335.2200012207031,592.6203002929688,82.12999725341797,116096.0,44242,25388.0,16724.0,15599.0
2026-09-02 12:02:00-04:00,325.6449890136719,255.01499938964844,335.2398986816406,592.9749755859375,82.08999633789062,325.67999267578125,255.07000732421875,335.239990234375,593.1119995117188,82.12999725341797,325.2850036621094,254.92999267578125,334.8800048828125,592.77001953125,82.0833969116211,325.29998779296875,255.05999755859375,335.0799865722656,593.1119995117188,82.12000274658203,95603.0,26741,38198.0,14278.0,24196.0
2026-09-02 12:03:00-04:00,325.6388854980469,255.05999755859375,335.1600036621094,592.9299926757812,82.06999969482422,325.65948486328125,255.0850067138672,335.2699890136719,593.1900024414062,82.12999725341797,325.32501220703125,254.97999572753906,335.0899963378906,592.5999755859375,82.06999969482422,325.635009765625,255.02000427246094,335.1924133300781,592.9780883789062,82.08999633789062,54272.0,33824,15790.0,13795.0,24070.0
2026-09-02 12:04:00-04:00,325.8550109863281,255.12989807128906,335.17999267578125,593.3699951171875,82.0624008178711,325.8599853515625,255.12989807128906,335.32000732421875,593.47998046875,82.06999969482422,325.5826110839844,255.00999450683594,335.0400085449219,592.8099975585938,82.05000305175781,325.6400146484375,255.07000732421875,335.1499938964844,592.989990234375,82.06999969482422,87339.0,28351,22455.0,11733.0,24457.0
2026-09-02 12:05:00-04:00,325.7300109863281,254.9199981689453,334.68499755859375,592.75,82.02999877929688,325.8684997558594,255.10000610351562,335.2699890136719,593.47998046875,82.06999969482422,325.70001220703125,254.86500549316406,334.6709899902344,592.5999755859375,81.98999786376953,325.8550109863281,255.10000610351562,335.2200012207031,593.47998046875,82.05999755859375,87193.0,36617,20393.0,14009.0,40548.0
2026-09-02 12:06:00-04:00,325.94000244140625,254.82000732421875,334.7900085449219,593.0999755859375,82.01499938964844,325.9800109863281,254.92999267578125,334.8599853515625,593.0999755859375,82.02999877929688,325.739990234375,254.7899932861328,334.55999755859375,592.7150268554688,81.98999786376953,325.7449951171875,254.92759704589844,334.68499755859375,592.760009765625,82.0250015258789,68777.0,23866,23852.0,15345.0,28628.0
2026-09-02 12:07:00-04:00,326.04998779296875,254.8699951171875,334.6300048828125,593.094970703125,82.08999633789062,326.0669860839844,254.88999938964844,334.80999755859375,593.2100219726562,82.08999633789062,325.8900146484375,254.7899932861328,334.6000061035156,592.7999877929688,82.01000213623047,325.95050048828125,254.8300018310547,334.80999755859375,593.2000122070312,82.0199966430664,460416.0,25169,13915.0,13317.0,24316.0
2026-09-02 12:08:00-04:00,325.7001037597656,254.72999572753906,334.510009765625,592.8599853515625,82.08830261230469,326.19000244140625,254.88999938964844,334.68499755859375,593.2000122070312,82.1094970703125,325.7001037597656,254.6999969482422,334.4601135253906,592.7822265625,82.08000183105469,326.05999755859375,254.85000610351562,334.5899963378906,593.094970703125,82.08999633789062,80931.0,31749,20802.0,12905.0,16804.0
2026-09-02 12:09:00-04:00,325.760009765625,254.689697265625,334.67999267578125,592.75,82.1176986694336,325.8500061035156,254.77000427246094,334.67999267578125,593.0999755859375,82.13999938964844,325.6700134277344,254.61000061035156,334.3599853515625,592.6500244140625,82.08999633789062,325.7149963378906,254.75,334.510009765625,592.989990234375,82.1050033569336,76101.0,28544,22201.0,27320.0,26795.0
2026-09-02 12:10:00-04:00,325.6885070800781,254.86000061035156,334.6759033203125,592.64501953125,82.08000183105469,325.75,254.8699951171875,334.75,592.9249877929688,82.14250183105469,325.3699951171875,254.6916046142578,334.6199951171875,592.5,82.05999755859375,325.75,254.6999969482422,334.6400146484375,592.75,82.11499786376953,69009.0,21547,11145.0,12973.0,36733.0
2026-09-02 12:11:00-04:00,325.739990234375,254.8300018310547,334.739990234375,593.164306640625,82.12999725341797,325.7699890136719,254.8800048828125,334.875,593.2100219726562,82.12999725341797,325.6199951171875,254.8000030517578,334.7250061035156,592.72998046875,82.08000183105469,325.6700134277344,254.8699951171875,334.7550048828125,592.72998046875,82.08000183105469,31572.0,28444,6303.0,15525.0,22363.0
2026-09-02 12:12:00-04:00,325.82501220703125,254.9250030517578,334.7900085449219,593.530029296875,82.13500213623047,325.9100036621094,254.94500732421875,334.8500061035156,593.5599975585938,82.15989685058594,325.7300109863281,254.77000427246094,334.67999267578125,593.0197143554688,82.125,325.7499084472656,254.83999633789062,334.69000244140625,593.25,82.12999725341797,41335.0,20877,12230.0,13208.0,19043.0
2026-09-02 12:13:00-04:00,325.82000732421875,254.9199981689453,334.739990234375,593.4199829101562,82.125,325.94000244140625,254.9949951171875,334.989990234375,593.4400024414062,82.13500213623047,325.70001220703125,254.86000061035156,334.67999267578125,593.0,82.12000274658203,325.82000732421875,254.89999389648438,334.8299865722656,593.4000244140625,82.13500213623047,68363.0,27783,8883.0,11828.0,13126.0
2026-09-02 12:14:00-04:00,325.29998779296875,254.9550018310547,334.9599914550781,593.77001953125,82.09500122070312,325.80999755859375,254.97000122070312,334.9975891113281,593.9299926757812,82.12989807128906,325.2615966796875,254.8699951171875,334.75970458984375,593.3699951171875,82.08999633789062,325.80499267578125,254.9199981689453,334.75970458984375,593.4199829101562,82.12989807128906,58546.0,27884,15565.0,34565.0,23712.0
2026-09-02 12:15:00-04:00,325.1199951171875,254.8000030517578,334.6300048828125,593.4000244140625,82.04499816894531,325.3299865722656,254.9550018310547,334.95001220703125,593.8200073242188,82.09500122070312,324.9700012207031,254.77000427246094,334.55999755859375,593.2999877929688,82.04000091552734,325.2755126953125,254.9499969482422,334.95001220703125,593.8198852539062,82.09500122070312,72105.0,40010,13104.0,17372.0,9180.0
2026-09-02 12:16:00-04:00,325.2101135253906,254.69500732421875,334.57989501953125,593.6799926757812,82.0552978515625,325.2900085449219,254.81500244140625,334.7200012207031,594.1900024414062,82.11000061035156,325.0906982421875,254.67999267578125,334.55999755859375,593.4099731445312,82.04000091552734,325.1400146484375,254.7949981689453,334.6600036621094,593.489990234375,82.04499816894531,30390.0,25152,7329.0,17365.0,28088.0
2026-09-02 12:17:00-04:00,325.010009765625,254.9600067138672,334.75,593.8499755859375,82.08000183105469,325.2099914550781,255.01519775390625,334.8399963378906,594.0449829101562,82.08000183105469,324.92999267578125,254.6800994873047,334.6199951171875,593.7000122070312,82.05000305175781,325.2099914550781,254.6999969482422,334.6600036621094,593.7750244140625,82.06999969482422,44130.0,35704,16052.0,15870.0,11601.0
2026-09-02 12:18:00-04:00,324.7099914550781,255.0449981689453,334.93499755859375,593.9249877929688,82.05999755859375,325.1099853515625,255.08990478515625,334.94000244140625,594.0469970703125,82.08999633789062,324.7099914550781,254.94000244140625,334.7300109863281,593.7449951171875,82.05999755859375,325.0111083984375,254.94000244140625,334.7699890136719,593.8499755859375,82.08000183105469,92885.0,44050,12173.0,16459.0,18828.0
2026-09-02 12:19:00-04:00,324.8399963378906,254.86000061035156,334.8399963378906,593.8200073242188,82.08999633789062,324.8800048828125,255.0500030517578,335.010009765625,594.0499877929688,82.1050033569336,324.6182861328125,254.8000030517578,334.82000732421875,593.5,82.08000183105469,324.7250061035156,255.0500030517578,334.9100036621094,593.989990234375,82.08000183105469,155681.0,65750,25411.0,18714.0,13954.0
2026-09-02 12:20:00-04:00,325.0899963378906,254.83999633789062,334.739990234375,593.4099731445312,82.11499786376953,325.1199951171875,254.89999389648438,334.8349914550781,594.0,82.12899780273438,324.81500244140625,254.8000030517578,334.67010498046875,593.3099975585938,82.06999969482422,324.8299865722656,254.875,334.8299865722656,593.9450073242188,82.09500122070312,52501.0,28306,7815.0,14850.0,22616.0
2026-09-02 12:21:00-04:00,325.04998779296875,254.75,334.63189697265625,592.6082763671875,82.12999725341797,325.1000061035156,254.86000061035156,334.79998779296875,593.405029296875,82.15339660644531,324.9700012207031,254.6999969482422,334.6300048828125,592.5006713867188,82.08000183105469,325.0917053222656,254.85000610351562,334.7367858886719,593.3800048828125,82.11000061035156,47509.0,43833,5660.0,19391.0,32598.0
2026-09-02 12:22:00-04:00,324.8800048828125,254.77000427246094,334.4200134277344,592.1649780273438,82.1449966430664,325.05999755859375,254.85000610351562,334.6199951171875,592.6170043945312,82.18000030517578,324.8699951171875,254.75,334.4200134277344,592.125,82.12999725341797,325.0299987792969,254.7550048828125,334.6199951171875,592.5,82.12999725341797,32420.0,21968,8931.0,19399.0,16264.0
2026-09-02 12:23:00-04:00,324.5299987792969,254.55499267578125,334.2261047363281,591.6500244140625,82.10990142822266,324.8800048828125,254.7449951171875,334.4800109863281,592.2100219726562,82.16000366210938,324.3999938964844,254.52000427246094,334.2099914550781,591.5501098632812,82.08000183105469,324.8800048828125,254.7449951171875,334.4200134277344,592.1649780273438,82.1500015258789,105202.0,46115,9899.0,26127.0,16082.0
2026-09-02 12:24:00-04:00,324.5851135253906,254.7449951171875,333.818115234375,592.0850219726562,82.11000061035156,324.5863037109375,254.86000061035156,334.2699890136719,592.2999877929688,82.11000061035156,324.114990234375,254.5,333.79998779296875,591.25,82.08000183105469,324.5299987792969,254.5399932861328,334.260009765625,591.6400146484375,82.0999984741211,94158.0,178493,16010.0,24357.0,11839.0
2026-09-02 12:25:00-04:00,324.6700134277344,254.67999267578125,333.9273986816406,592.010009765625,82.08999633789062,324.67999267578125,254.75999450683594,334.010009765625,592.239990234375,82.11000061035156,324.489990234375,254.6699981689453,333.80999755859375,592.0,82.08499908447266,324.5799865722656,254.75,333.8599853515625,592.1500244140625,82.1050033569336,43812.0,32171,11412.0,9405.0,10002.0
2026-09-02 12:26:00-04:00,324.7200012207031,254.7100067138672,333.9100036621094,591.9650268554688,82.05000305175781,324.7799987792969,254.83270263671875,334.05999755859375,592.2000122070312,82.09100341796875,324.6499938964844,254.6649932861328,333.82000732421875,591.9000244140625,82.05000305175781,324.6600036621094,254.6699981689453,333.9649963378906,591.9600219726562,82.09100341796875,45441.0,33035,14377.0,11748.0,24528.0
2026-09-02 12:27:00-04:00,324.69000244140625,254.7550048828125,333.8999938964844,591.8200073242188,82.06999969482422,324.7749938964844,254.8000030517578,333.92999267578125,592.0599975585938,82.07499694824219,324.67010498046875,254.72000122070312,333.80999755859375,591.8200073242188,82.04499816894531,324.7349853515625,254.72999572753906,333.840087890625,591.9650268554688,82.05500030517578,40871.0,16555,10878.0,12338.0,12790.0
2026-09-02 12:28:00-04:00,324.6400146484375,254.72999572753906,333.8399963378906,592.02001953125,82.02999877929688,324.6799011230469,254.80999755859375,333.9299011230469,592.1900024414062,82.07499694824219,324.54010009765625,254.6696014404297,333.82000732421875,591.8300170898438,82.01499938964844,324.672607421875,254.74000549316406,333.8949890136719,591.8300170898438,82.07009887695312,38318.0,31910,11013.0,13007.0,28568.0
2026-09-02 12:29:00-04:00,324.6698913574219,254.8699951171875,334.04998779296875,592.2100830078125,82.0562973022461,324.69000244140625,254.8699951171875,334.07000732421875,592.219970703125,82.0562973022461,324.6300048828125,254.7471923828125,333.8900146484375,591.77001953125,82.02010345458984,324.6449890136719,254.7471923828125,333.8900146484375,592.0250244140625,82.02010345458984,32213.0,24191,9809.0,17681.0,11214.0
2026-09-02 12:30:00-04:00,324.9750061035156,254.80499267578125,334.1099853515625,592.60498046875,82.06500244140625,325.1000061035156,254.8800048828125,334.17999267578125,592.8300170898438,82.06999969482422,324.6199951171875,254.72000122070312,334.04010009765625,592.2849731445312,82.05000305175781,324.6600036621094,254.85000610351562,334.1400146484375,592.3209838867188,82.06999969482422,63240.0,36988,7644.0,19351.0,12779.0
2026-09-02 12:31:00-04:00,325.3500061035156,254.94320678710938,334.3486022949219,593.3400268554688,82.08000183105469,325.3550109863281,254.9499969482422,334.3999938964844,593.36328125,82.08889770507812,324.9700012207031,254.8000030517578,334.1499938964844,592.5,82.06500244140625,324.989990234375,254.80999755859375,334.1499938964844,592.60498046875,82.06500244140625,50755.0,23931,10763.0,15125.0,16912.0
2026-09-02 12:32:00-04:00,325.44000244140625,254.81500244140625,334.25439453125,592.97998046875,82.08999633789062,325.6199951171875,254.97000122070312,334.375,593.3400268554688,82.08999633789062,325.3500061035156,254.7949981689453,334.2300109863281,592.780029296875,82.05999755859375,325.3550109863281,254.9499969482422,334.3399963378906,593.2050170898438,82.08000183105469,69236.0,21490,14437.0,12598.0,13976.0
2026-09-02 12:33:00-04:00,325.3320007324219,254.69500732421875,334.1050109863281,592.5900268554688,82.1050033569336,325.4700012207031,254.83999633789062,334.3800048828125,593.0900268554688,82.1050033569336,325.3299865722656,254.6300048828125,334.1050109863281,592.5900268554688,82.08000183105469,325.4599914550781,254.81500244140625,334.3500061035156,593.0900268554688,82.0999984741211,40569.0,31561,9037.0,11318.0,25317.0
2026-09-02 12:34:00-04:00,325.4599914550781,254.8249969482422,334.2950134277344,592.7100219726562,82.04000091552734,325.69000244140625,254.889892578125,334.45001220703125,592.8699951171875,82.1063003540039,325.3450012207031,254.6699981689453,334.0899963378906,592.5900268554688,82.03510284423828,325.3550109863281,254.69000244140625,334.1099853515625,592.6500244140625,82.1050033569336,95733.0,18655,12551.0,11532.0,26619.0
2026-09-02 12:35:00-04:00,325.4200134277344,254.91299438476562,334.2200012207031,593.0499877929688,82.04000091552734,325.510009765625,254.9250030517578,334.27801513671875,593.0700073242188,82.04499816894531,325.3800048828125,254.8000030517578,334.1852111816406,592.7100219726562,82.0199966430664,325.44500732421875,254.8000030517578,334.2699890136719,592.780029296875,82.04010009765625,35390.0,12283,5534.0,7849.0,17127.0
2026-09-02 12:36:00-04:00,325.32501220703125,254.8800048828125,334.29998779296875,592.5399780273438,82.03500366210938,325.5899963378906,254.91000366210938,334.4100036621094,593.0999145507812,82.04109954833984,325.2900085449219,254.8300018310547,334.19500732421875,592.510009765625,82.03009796142578,325.4100036621094,254.91000366210938,334.19500732421875,593.0999145507812,82.04109954833984,99188.0,14775,18711.0,11000.0,8095.0
2026-09-02 12:37:00-04:00,325.6145935058594,254.8699951171875,334.239990234375,593.1749877929688,82.09500122070312,325.6600036621094,254.88999938964844,334.4100036621094,593.2050170898438,82.09500122070312,325.3103942871094,254.77000427246094,334.1199951171875,592.510009765625,82.04000091552734,325.3299865722656,254.88999938964844,334.36029052734375,592.5999755859375,82.04000091552734,39257.0,18921,13269.0,9483.0,14721.0
2026-09-02 12:38:00-04:00,325.3800048828125,254.9600067138672,334.30499267578125,593.1729125976562,82.12000274658203,325.614990234375,254.9600067138672,334.3299865722656,593.2313232421875,82.12000274658203,325.340087890625,254.85000610351562,334.18499755859375,593.02001953125,82.08000183105469,325.6099853515625,254.85000610351562,334.2699890136719,593.02001953125,82.08999633789062,32990.0,19252,6765.0,5463.0,24934.0
2026-09-02 12:39:00-04:00,325.42999267578125,255.02000427246094,334.2900085449219,593.0499877929688,82.125,325.4599914550781,255.05999755859375,334.3800048828125,593.6900024414062,82.125,325.31500244140625,254.94000244140625,334.239990234375,592.969970703125,82.08999633789062,325.3725891113281,254.97999572753906,334.29998779296875,593.1799926757812,82.11499786376953,52328.0,25064,10967.0,14305.0,17160.0
2026-09-02 12:40:00-04:00,325.3299865722656,254.97999572753906,334.32000732421875,593.0277709960938,82.06999969482422,325.42999267578125,255.06199645996094,334.32000732421875,593.0599975585938,82.125,325.17999267578125,254.97000122070312,334.17999267578125,592.6600952148438,82.06999969482422,325.42999267578125,255.02499389648438,334.2900085449219,593.0499877929688,82.125,35601.0,20240,6045.0,9527.0,109527.0
2026-09-02 12:41:00-04:00,325.3450012207031,255.0399932861328,334.239990234375,592.903076171875,82.08999633789062,325.3500061035156,255.07960510253906,334.30999755859375,593.3800048828125,82.09629821777344,325.25,254.97000122070312,334.2001037597656,592.8699951171875,82.06999969482422,325.3399963378906,255.00999450683594,334.29998779296875,592.9567260742188,82.06999969482422,24461.0,32772,5994.0,7916.0,7045.0
2026-09-02 12:42:00-04:00,325.4800109863281,254.99710083007812,334.20880126953125,592.8499755859375,82.05500030517578,325.5199890136719,255.05999755859375,334.3800048828125,593.109375,82.08989715576172,325.30499267578125,254.91000366210938,334.17999267578125,592.8499755859375,82.0438003540039,325.3450012207031,255.03500366210938,334.239990234375,592.969970703125,82.08000183105469,44880.0,25060,9847.0,9318.0,24767.0
2026-09-02 12:43:00-04:00,325.42999267578125,255.0,334.1571960449219,593.2050170898438,82.08070373535156,325.47711181640625,255.02000427246094,334.2300109863281,593.2213134765625,82.08499908447266,325.3800048828125,254.93099975585938,334.0899963378906,592.5800170898438,82.05010223388672,325.4599914550781,254.9949951171875,334.19000244140625,592.7100219726562,82.05500030517578,18884.0,12809,7601.0,7210.0,11015.0
2026-09-02 12:44:00-04:00,325.385009765625,254.91000366210938,334.089599609375,592.9401245117188,82.08999633789062,325.5299987792969,255.02499389648438,334.1600036621094,593.2385864257812,82.0999984741211,325.3550109863281,254.91000366210938,334.0199890136719,592.89208984375,82.08499908447266,325.42999267578125,255.01499938964844,334.1499938964844,593.2385864257812,82.08499908447266,30111.0,25277,5587.0,7742.0,13512.0
2026-09-02 12:45:00-04:00,325.3900146484375,255.07000732421875,334.20989990234375,593.3599853515625,82.08000183105469,325.4809875488281,255.1999969482422,334.239990234375,593.6300048828125,82.10990142822266,325.3699951171875,254.94000244140625,334.0899963378906,592.9400024414062,82.08000183105469,325.3999938964844,254.94000244140625,334.1000061035156,592.9400024414062,82.08999633789062,37945.0,55081,8630.0,14350.0,20162.0
2026-09-02 12:46:00-04:00,325.4599914550781,254.94000244140625,334.1549987792969,593.5800170898438,82.06999969482422,325.57000732421875,255.07000732421875,334.239990234375,593.719970703125,82.0824966430664,325.364990234375,254.94000244140625,334.1300048828125,593.2899780273438,82.05999755859375,325.4100036621094,255.0500030517578,334.2080078125,593.3599853515625,82.08000183105469,51660.0,31080,5870.0,11991.0,14049.0
2026-09-02 12:47:00-04:00,325.4700012207031,254.9949951171875,334.1499938964844,593.3455200195312,82.08000183105469,325.5,255.02999877929688,334.2900085449219,593.5999755859375,82.08000183105469,325.4100036621094,254.9550018310547,334.1099853515625,593.2999877929688,82.05999755859375,325.4750061035156,254.9550018310547,334.19000244140625,593.45361328125,82.06999969482422,19080.0,12182,5947.0,7651.0,9966.0
2026-09-02 12:48:00-04:00,325.45001220703125,255.13999938964844,334.2550048828125,593.75,82.07019805908203,325.75,255.13999938964844,334.26629638671875,593.8400268554688,82.08000183105469,325.3949890136719,254.97999572753906,334.0899963378906,593.4500122070312,82.05999755859375,325.4700012207031,254.97999572753906,334.1499938964844,593.4600219726562,82.08000183105469,64796.0,12249,7037.0,17769.0,12608.0
2026-09-02 12:49:00-04:00,325.5050048828125,255.0200958251953,334.19500732421875,594.0449829101562,82.08000183105469,325.5249938964844,255.14999389648438,334.29998779296875,594.1099853515625,82.08000183105469,325.4601135253906,254.9199981689453,334.1600036621094,593.630126953125,82.06500244140625,325.4649963378906,255.13999938964844,334.2699890136719,593.7999877929688,82.07499694824219,23403.0,32351,8921.0,17064.0,11707.0
2026-09-02 12:50:00-04:00,325.5899963378906,255.00999450683594,334.239990234375,594.3298950195312,82.11000061035156,325.6000061035156,255.07899475097656,334.2898864746094,594.3480224609375,82.11000061035156,325.45001220703125,255.0,334.1499938964844,593.9299926757812,82.0863037109375,325.510009765625,255.05499267578125,334.2200012207031,593.9299926757812,82.0863037109375,41316.0,13785,7555.0,13576.0,18432.0
2026-09-02 12:51:00-04:00,325.7049865722656,255.19000244140625,334.4200134277344,594.8106079101562,82.16999816894531,325.72601318359375,255.19000244140625,334.45001220703125,594.8720092773438,82.16999816894531,325.5849914550781,254.99000549316406,334.2300109863281,594.2750244140625,82.1050033569336,325.5849914550781,255.01499938964844,334.2300109863281,594.2899780273438,82.11509704589844,61481.0,24010,7485.0,18689.0,21268.0
2026-09-02 12:52:00-04:00,325.92498779296875,255.26499938964844,334.69000244140625,595.219970703125,82.20500183105469,325.95001220703125,255.31500244140625,334.739990234375,595.4000244140625,82.22000122070312,325.7099914550781,255.1999969482422,334.4100036621094,594.760009765625,82.16960144042969,325.7099914550781,255.20840454101562,334.45001220703125,594.760009765625,82.16999816894531,71364.0,37957,19452.0,32761.0,49005.0
2026-09-02 12:53:00-04:00,325.79998779296875,255.5399932861328,334.8999938964844,595.6550903320312,82.2750015258789,325.9200134277344,255.5399932861328,335.0,595.6998901367188,82.2750015258789,325.67999267578125,255.27000427246094,334.6499938964844,595.02001953125,82.19499969482422,325.9150085449219,255.3000030517578,334.7298889160156,595.2650756835938,82.19999694824219,36462.0,57525,18764.0,26930.0,23828.0
2026-09-02 12:54:00-04:00,326.0,255.5399932861328,334.9200134277344,595.1799926757812,82.2699966430664,326.2099914550781,255.60000610351562,335.0,595.8400268554688,82.30000305175781,325.7821960449219,255.41000366210938,334.8299865722656,595.0800170898438,82.26000213623047,325.7821960449219,255.51199340820312,334.91009521484375,595.7999877929688,82.2750015258789,143021.0,50059,24511.0,20534.0,14273.0
2026-09-02 12:55:00-04:00,326.21990966796875,255.44000244140625,334.79998779296875,594.905029296875,82.26000213623047,326.21990966796875,255.58799743652344,334.9700012207031,595.3400268554688,82.30000305175781,325.9599914550781,255.3800048828125,334.7200012207031,594.3800048828125,82.25,326.0050048828125,255.5800018310547,334.9700012207031,595.1749877929688,82.27999877929688,46114.0,39893,11646.0,20702.0,19995.0
2026-09-02 12:56:00-04:00,326.114990234375,255.47000122070312,334.7200012207031,595.3826904296875,82.23999786376953,326.2380065917969,255.47000122070312,334.7699890136719,595.4600219726562,82.26499938964844,326.05999755859375,255.2899932861328,334.6499938964844,594.8099975585938,82.2300033569336,326.20001220703125,255.42999267578125,334.7699890136719,594.9050903320312,82.26499938964844,51592.0,34999,7472.0,12180.0,14369.0
2026-09-02 12:57:00-04:00,326.0000915527344,255.36000061035156,334.6000061035156,595.5571899414062,82.26000213623047,326.2099914550781,255.47000122070312,334.7850036621094,595.6849975585938,82.26000213623047,326.0,255.36000061035156,334.6000061035156,595.25,82.2300033569336,326.1600036621094,255.4499969482422,334.739990234375,595.344970703125,82.23999786376953,37625.0,24013,6371.0,14727.0,15947.0
2026-09-02 12:58:00-04:00,326.0050048828125,255.1300048828125,334.60211181640625,595.260009765625,82.24009704589844,326.1499938964844,255.39999389648438,334.7182922363281,595.5700073242188,82.26000213623047,325.989990234375,255.1300048828125,334.5799865722656,595.2000122070312,82.22730255126953,326.0050048828125,255.36000061035156,334.6300048828125,595.4949951171875,82.26000213623047,35441.0,26845,7440.0,14967.0,17865.0
2026-09-02 12:59:00-04:00,326.1199951171875,255.07000732421875,334.4100036621094,594.864990234375,82.22000122070312,326.1499938964844,255.16000366210938,334.5899963378906,595.3800048828125,82.24500274658203,325.9949951171875,255.02999877929688,334.4100036621094,594.510009765625,82.20999908447266,326.010009765625,255.1300048828125,334.57989501953125,595.3800048828125,82.23999786376953,27513.0,31531,11892.0,11253.0,12903.0
2026-09-02 13:00:00-04:00,326.239990234375,255.19000244140625,334.4700012207031,595.0999755859375,82.24549865722656,326.25,255.25,334.57000732421875,595.47998046875,82.25,326.1199951171875,255.10000610351562,334.43499755859375,594.875,82.20909881591797,326.1300048828125,255.10000610351562,334.43499755859375,594.875,82.20909881591797,28934.0,54527,6816.0,13528.0,20385.0
2026-09-02 13:01:00-04:00,326.29010009765625,255.0800018310547,334.7200012207031,595.1199951171875,82.23999786376953,326.32000732421875,255.1999969482422,334.7699890136719,595.489990234375,82.2699966430664,326.1499938964844,255.0800018310547,334.4800109863281,594.989990234375,82.23999786376953,326.2099914550781,255.1999969482422,334.4800109863281,595.052001953125,82.25,44402.0,44090,11250.0,10250.0,17105.0
2026-09-02 13:02:00-04:00,326.3500061035156,255.1300048828125,334.92999267578125,595.030029296875,82.23999786376953,326.3599853515625,255.16990661621094,334.9599914550781,595.3732299804688,82.25,326.1000061035156,255.0500030517578,334.70001220703125,594.9299926757812,82.19999694824219,326.2950134277344,255.0500030517578,334.70001220703125,595.010009765625,82.24500274658203,68374.0,24879,17321.0,9157.0,23428.0
2026-09-02 13:03:00-04:00,326.385498046875,255.14930725097656,334.8699951171875,594.8604125976562,82.26000213623047,326.409912109375,255.22000122070312,335.0,595.1799926757812,82.26000213623047,326.2950134277344,255.11000061035156,334.8599853515625,594.8604125976562,82.23999786376953,326.3599853515625,255.14500427246094,334.94500732421875,595.1799926757812,82.24500274658203,58483.0,27633,11190.0,13019.0,10747.0
2026-09-02 13:04:00-04:00,326.2749938964844,255.0850067138672,334.8299865722656,594.844970703125,82.25,326.5,255.14999389648438,334.9200134277344,595.0,82.2699966430664,326.25,255.06500244140625,334.82000732421875,594.6400146484375,82.24500274658203,326.3949890136719,255.13999938964844,334.875,594.9400024414062,82.2655029296875,51149.0,25376,5404.0,11229.0,11161.0
2026-09-02 13:05:00-04:00,326.1650085449219,255.0399932861328,334.8399963378906,594.8800048828125,82.23970031738281,326.2799987792969,255.13999938964844,334.95001220703125,595.0,82.25,326.0199890136719,255.0,334.7900085449219,594.52001953125,82.2300033569336,326.25,255.0800018310547,334.87188720703125,594.844970703125,82.25,40349.0,48611,7852.0,11720.0,15163.0
2026-09-02 13:06:00-04:00,326.19000244140625,254.7899932861328,335.0899963378906,594.7100219726562,82.20500183105469,326.2900085449219,255.0800018310547,335.18499755859375,595.1798706054688,82.26000213623047,326.114990234375,254.74000549316406,334.82000732421875,594.510009765625,82.20500183105469,326.1625061035156,255.0399932861328,334.8299865722656,594.9400024414062,82.23999786376953,22820.0,117328,26294.0,8013.0,11727.0
2026-09-02 13:07:00-04:00,326.2349853515625,254.52000427246094,334.849609375,594.0,82.21600341796875,326.32000732421875,254.89999389648438,335.1199951171875,594.7100219726562,82.21600341796875,326.07501220703125,254.4600067138672,334.82000732421875,593.7999877929688,82.18000030517578,326.20001220703125,254.7949981689453,335.0700988769531,594.6099853515625,82.20500183105469,48726.0,146499,13872.0,14616.0,20798.0
2026-09-02 13:08:00-04:00,326.1000061035156,254.2899932861328,334.6400146484375,592.75,82.19999694824219,326.3450012207031,254.61000061035156,334.9012145996094,594.1199951171875,82.21990203857422,325.9700012207031,254.2100067138672,334.5899963378906,592.7000122070312,82.19499969482422,326.25,254.5500030517578,334.8599853515625,593.97998046875,82.21499633789062,60108.0,84546,19218.0,54364.0,19430.0
2026-09-02 13:09:00-04:00,325.75,254.5399932861328,334.5350036621094,592.5,82.04000091552734,326.1099853515625,254.5399932861328,334.6700134277344,592.7949829101562,82.19499969482422,325.7250061035156,254.2899932861328,334.5299987792969,592.280029296875,82.02999877929688,326.0799865722656,254.2899932861328,334.625,592.7949829101562,82.19000244140625,85697.0,77553,9120.0,24457.0,60012.0
2026-09-02 13:10:00-04:00,325.5679931640625,254.44850158691406,334.6400146484375,592.239990234375,82.02999877929688,325.7900085449219,254.5800018310547,334.70001220703125,592.469970703125,82.05999755859375,325.55010986328125,254.39999389648438,334.5,592.1600952148438,82.01000213623047,325.755615234375,254.52000427246094,334.5400085449219,592.469970703125,82.04499816894531,57712.0,28099,18882.0,60249.0,37554.0
2026-09-02 13:11:00-04:00,325.7149963378906,254.55999755859375,334.6099853515625,592.0999755859375,82.0199966430664,325.7598876953125,254.5800018310547,334.6400146484375,592.3200073242188,82.04000091552734,325.44000244140625,254.4051055908203,334.5618896484375,591.8499755859375,81.98999786376953,325.56500244140625,254.42999267578125,334.6400146484375,592.22998046875,82.02999877929688,65773.0,20199,4392.0,30588.0,37753.0
2026-09-02 13:12:00-04:00,325.69000244140625,254.71499633789062,334.53070068359375,592.0675048828125,82.01010131835938,325.7900085449219,254.72999572753906,334.6099853515625,592.2100219726562,82.02200317382812,325.6050109863281,254.55999755859375,334.510009765625,591.864990234375,82.0,325.7200012207031,254.5749969482422,334.6099853515625,592.1199951171875,82.0199966430664,25194.0,23216,16283.0,21301.0,25688.0
2026-09-02 13:13:00-04:00,325.7124938964844,254.6649932861328,334.6700134277344,592.1699829101562,81.9749984741211,325.8500061035156,254.75,334.7898864746094,592.3499755859375,82.02999877929688,325.6199951171875,254.64999389648438,334.5299987792969,591.8699951171875,81.97000122070312,325.69000244140625,254.71499633789062,334.560791015625,592.0800170898438,82.01499938964844,31661.0,20925,10395.0,24636.0,43245.0
2026-09-02 13:14:00-04:00,325.5599060058594,254.6199951171875,334.70001220703125,592.3400268554688,81.9749984741211,325.70001220703125,254.6999969482422,334.739990234375,592.7000122070312,82.0,325.5400085449219,254.60499572753906,334.6000061035156,591.9500122070312,81.97000122070312,325.69000244140625,254.6649932861328,334.664306640625,592.1900024414062,81.9749984741211,18075.0,18001,7371.0,19922.0,41478.0
2026-09-02 13:15:00-04:00,325.68499755859375,254.66000366210938,334.739990234375,592.510009765625,81.93000030517578,325.69000244140625,254.6649932861328,334.79998779296875,592.6199951171875,81.9749984741211,325.5350036621094,254.57020568847656,334.6499938964844,592.2899780273438,81.92500305175781,325.55499267578125,254.61099243164062,334.70001220703125,592.2999877929688,81.9749984741211,25159.0,22146,6040.0,13158.0,102697.0
2026-09-02 13:16:00-04:00,325.80010986328125,254.55999755859375,334.864990234375,592.9450073242188,81.89469909667969,325.9999084472656,254.66000366210938,334.864990234375,592.9824829101562,81.93499755859375,325.68499755859375,254.5,334.7099914550781,592.1799926757812,81.87000274658203,325.70001220703125,254.66000366210938,334.7300109863281,592.5499877929688,81.93499755859375,41794.0,18897,9827.0,13337.0,49755.0
2026-09-02 13:17:00-04:00,325.69000244140625,254.51499938964844,334.75,592.1900024414062,81.91999816894531,325.8500061035156,254.59500122070312,334.8794860839844,593.0800170898438,81.92500305175781,325.67999267578125,254.5,334.75,592.1900024414062,81.88999938964844,325.80999755859375,254.5800018310547,334.8699951171875,592.9000244140625,81.88999938964844,25231.0,13146,6679.0,17958.0,29404.0
2026-09-02 13:18:00-04:00,325.5498046875,254.50999450683594,334.82501220703125,592.5,81.8499984741211,325.6799011230469,254.54989624023438,334.864990234375,592.5750122070312,81.91999816894531,325.5,254.4010009765625,334.7099914550781,592.1400146484375,81.8499984741211,325.6600036621094,254.52999877929688,334.75,592.2349853515625,81.91999816894531,25794.0,36585,9122.0,7489.0,24924.0
2026-09-02 13:19:00-04:00,325.67010498046875,254.69000244140625,334.69500732421875,592.4600219726562,81.84500122070312,325.7300109863281,254.6999969482422,334.8399963378906,592.8798828125,81.86000061035156,325.56500244140625,254.5,334.68499755859375,592.3499755859375,81.80000305175781,325.56500244140625,254.50999450683594,334.8399963378906,592.5009765625,81.8499984741211,43470.0,36768,6658.0,14666.0,113124.0
2026-09-02 13:20:00-04:00,325.715087890625,254.67959594726562,334.5299987792969,592.7144775390625,82.08499908447266,325.7195129394531,254.72000122070312,334.69500732421875,592.8599853515625,82.11499786376953,325.6400146484375,254.5865936279297,334.489990234375,592.3400268554688,81.80239868164062,325.67999267578125,254.72000122070312,334.67999267578125,592.4299926757812,81.8499984741211,33777.0,27473,14223.0,10195.0,209661.0
2026-09-02 13:21:00-04:00,325.6700134277344,254.74000549316406,334.6199951171875,592.9998779296875,82.1449966430664,325.7250061035156,254.77000427246094,334.6199951171875,593.0,82.16000366210938,325.53009033203125,254.66000366210938,334.5299987792969,592.6900024414062,82.08000183105469,325.7160949707031,254.6699981689453,334.55499267578125,592.7849731445312,82.11499786376953,36590.0,17332,20503.0,8670.0,28225.0
2026-09-02 13:22:00-04:00,325.67999267578125,254.77000427246094,334.55499267578125,593.1749877929688,82.19000244140625,325.7998962402344,254.8249969482422,334.7149963378906,593.489990234375,82.20989990234375,325.6400146484375,254.67999267578125,334.44000244140625,593.0401000976562,82.1449966430664,325.6650085449219,254.75999450683594,334.6300048828125,593.2224731445312,82.1449966430664,52656.0,13660,22600.0,10651.0,16662.0
2026-09-02 13:23:00-04:00,325.6697082519531,254.8300018310547,334.6300048828125,593.2476196289062,82.16999816894531,325.6966857910156,254.8300018310547,334.6499938964844,593.3499755859375,82.19000244140625,325.6202087402344,254.69500732421875,334.4100036621094,593.1199951171875,82.13999938964844,325.6600036621094,254.75,334.5400085449219,593.1400146484375,82.18499755859375,18235.0,20764,38788.0,10326.0,14882.0
2026-09-02 13:24:00-04:00,325.6099853515625,254.7899932861328,334.70001220703125,593.3599853515625,82.2490005493164,325.70001220703125,254.8800048828125,334.7300109863281,593.47998046875,82.2490005493164,325.57501220703125,254.75999450683594,334.6091003417969,593.1901245117188,82.16000366210938,325.6700134277344,254.82000732421875,334.6217041015625,593.3499755859375,82.16999816894531,25318.0,17240,7141.0,9290.0,24240.0
2026-09-02 13:25:00-04:00,325.5299987792969,254.88499450683594,334.69000244140625,593.3400268554688,82.2699966430664,325.69000244140625,254.91000366210938,334.7049865722656,593.4998779296875,82.29000091552734,325.5199890136719,254.72000122070312,334.5849914550781,593.0900268554688,82.2300033569336,325.6300048828125,254.77499389648438,334.7049865722656,593.3599853515625,82.23999786376953,29599.0,32817,6900.0,15172.0,64906.0
2026-09-02 13:26:00-04:00,325.2449035644531,254.94500732421875,334.6860046386719,593.3499755859375,82.28350067138672,325.57000732421875,254.9499969482422,334.739990234375,593.5399780273438,82.30999755859375,325.2099914550781,254.8699951171875,334.54998779296875,593.2899780273438,82.2699966430664,325.510009765625,254.89500427246094,334.6600036621094,593.4400024414062,82.2699966430664,54296.0,22090,12138.0,8236.0,29606.0
2026-09-02 13:27:00-04:00,325.2401123046875,254.8300018310547,334.6449890136719,593.1749877929688,82.30999755859375,325.2699890136719,254.94000244140625,334.70001220703125,593.4349975585938,82.31999969482422,325.17999267578125,254.8300018310547,334.6050109863281,593.1199951171875,82.27999877929688,325.2349853515625,254.92999267578125,334.6300964355469,593.376220703125,82.29000091552734,30285.0,16500,10756.0,7888.0,21983.0
2026-09-02 13:28:00-04:00,325.2828063964844,254.83999633789062,334.6199951171875,593.169921875,82.29000091552734,325.2828063964844,254.8623046875,334.6700134277344,593.2000122070312,82.30999755859375,325.0899963378906,254.7100067138672,334.5299987792969,593.010009765625,82.2699966430664,325.25,254.83999633789062,334.6300048828125,593.0999755859375,82.30999755859375,29345.0,20326,9148.0,8082.0,14582.0
2026-09-02 13:29:00-04:00,325.07501220703125,254.77999877929688,334.6099853515625,592.6600952148438,82.28500366210938,325.2699890136719,254.83799743652344,334.67999267578125,592.969970703125,82.30500030517578,325.07000732421875,254.75010681152344,334.54998779296875,592.6077880859375,82.2699966430664,325.2699890136719,254.79010009765625,334.6099853515625,592.969970703125,82.29989624023438,31391.0,24562,13041.0,15385.0,18288.0
2026-09-02 13:30:00-04:00,325.135009765625,254.67999267578125,334.6499938964844,593.1599731445312,82.27999877929688,325.2099914550781,254.79989624023438,334.69000244140625,593.1599731445312,82.28500366210938,325.0640869140625,254.6199951171875,334.57000732421875,592.719970703125,82.23999786376953,325.07501220703125,254.77499389648438,334.5950012207031,592.760009765625,82.28500366210938,22499.0,32468,10550.0,15751.0,26479.0
2026-09-02 13:31:00-04:00,324.94000244140625,254.6750030517578,334.4700012207031,592.9199829101562,82.25499725341797,325.17498779296875,254.7050018310547,334.67999267578125,593.1875,82.27999877929688,324.8900146484375,254.5749969482422,334.4700012207031,592.77001953125,82.23999786376953,325.17498779296875,254.67990112304688,334.67999267578125,593.1875,82.27999877929688,44389.0,29992,13057.0,11984.0,19277.0
2026-09-02 13:32:00-04:00,324.94189453125,254.5749969482422,334.20001220703125,592.510009765625,82.19999694824219,325.0,254.6649932861328,334.510009765625,593.0800170898438,82.25,324.875,254.57000732421875,334.1400146484375,592.510009765625,82.19999694824219,324.95001220703125,254.64999389648438,334.4552917480469,592.9199829101562,82.25,31504.0,10879,11511.0,19459.0,18144.0
2026-09-02 13:33:00-04:00,324.760009765625,254.52000427246094,334.2200012207031,592.5449829101562,82.22000122070312,324.94000244140625,254.60499572753906,334.2900085449219,592.655029296875,82.2300033569336,324.6803894042969,254.5,334.1449890136719,592.2200927734375,82.20989990234375,324.92999267578125,254.60499572753906,334.2250061035156,592.510009765625,82.20999908447266,33878.0,18908,13311.0,14855.0,51370.0
2026-09-02 13:34:00-04:00,324.8699951171875,254.41000366210938,334.03118896484375,592.3674926757812,82.16500091552734,324.8900146484375,254.5,334.2149963378906,592.7149047851562,82.20999908447266,324.70001220703125,254.39999389648438,334.0199890136719,592.239990234375,82.12000274658203,324.7699890136719,254.5,334.2149963378906,592.6300048828125,82.20999908447266,31533.0,23344,20535.0,10102.0,37170.0
2026-09-02 13:35:00-04:00,324.8999938964844,254.54820251464844,333.9700012207031,592.219970703125,82.13069915771484,325.1099853515625,254.54989624023438,334.0899963378906,592.409912109375,82.16000366210938,324.8599853515625,254.39999389648438,333.9549865722656,592.0399780273438,82.11499786376953,324.8599853515625,254.41000366210938,334.0199890136719,592.375,82.16000366210938,41432.0,22630,13327.0,9070.0,20953.0
2026-09-02 13:36:00-04:00,325.06500244140625,254.53500366210938,334.0199890136719,592.22998046875,82.12000274658203,325.0799865722656,254.5850067138672,334.07000732421875,592.5900268554688,82.1500015258789,324.8999938964844,254.47999572753906,333.9800109863281,592.0700073242188,82.12000274658203,324.8999938964844,254.53500366210938,334.0,592.22998046875,82.13510131835938,46518.0,19668,12288.0,12381.0,14528.0
2026-09-02 13:37:00-04:00,325.05999755859375,254.63999938964844,333.9849853515625,592.5050048828125,82.15499877929688,325.1199951171875,254.6699981689453,334.139892578125,592.5050048828125,82.16000366210938,324.9800109863281,254.55999755859375,333.9849853515625,592.2249755859375,82.12000274658203,325.07000732421875,254.55999755859375,334.0400085449219,592.22998046875,82.125,36327.0,19636,21335.0,7768.0,15064.0
2026-09-02 13:38:00-04:00,325.114990234375,254.58999633789062,334.0400085449219,592.5399780273438,82.16000366210938,325.1199951171875,254.66000366210938,334.1272888183594,592.6199951171875,82.17549896240234,324.9849853515625,254.5709991455078,333.9849853515625,592.4000244140625,82.1500015258789,325.06500244140625,254.63800048828125,333.989990234375,592.6199951171875,82.1500015258789,28187.0,16871,15210.0,7098.0,15617.0
2026-09-02 13:39:00-04:00,325.0199890136719,254.5749969482422,334.0299987792969,592.260009765625,82.18499755859375,325.125,254.66079711914062,334.07000732421875,592.6998901367188,82.18499755859375,324.9800109863281,254.5500030517578,333.989990234375,592.260009765625,82.1500015258789,325.114990234375,254.57000732421875,334.0299987792969,592.5900268554688,82.16500091552734,27783.0,23271,6551.0,11737.0,20407.0
2026-09-02 13:40:00-04:00,324.8900146484375,254.55499267578125,333.9693908691406,592.25927734375,82.20500183105469,325.0199890136719,254.58999633789062,334.04998779296875,592.3300170898438,82.22000122070312,324.8900146484375,254.52000427246094,333.9065856933594,592.1599731445312,82.18499755859375,325.0,254.5749969482422,334.0199890136719,592.2550048828125,82.18499755859375,18291.0,16473,14784.0,6860.0,102718.0
2026-09-02 13:41:00-04:00,324.9794921875,254.5,333.9299011230469,592.0640869140625,82.19499969482422,324.9800109863281,254.56500244140625,333.94500732421875,592.1915893554688,82.20500183105469,324.8500061035156,254.5,333.8900146484375,592.010009765625,82.18099975585938,324.8999938964844,254.55499267578125,333.9244079589844,592.1915893554688,82.20500183105469,26209.0,17461,3411.0,7398.0,26472.0
2026-09-02 13:42:00-04:00,325.3450012207031,254.64999389648438,333.8900146484375,592.1599731445312,82.20999908447266,325.3900146484375,254.65989685058594,334.04998779296875,592.469970703125,82.20999908447266,324.94000244140625,254.47999572753906,333.8399963378906,592.0599975585938,82.18000030517578,324.9750061035156,254.47999572753906,333.9150085449219,592.0784912109375,82.19499969482422,62507.0,43128,21100.0,13481.0,26005.0
2026-09-02 13:43:00-04:00,325.3399963378906,254.58999633789062,333.9700012207031,592.3599853515625,82.2249984741211,325.4800109863281,254.7100067138672,334.0199890136719,592.4400024414062,82.2300033569336,325.32000732421875,254.57000732421875,333.8500061035156,592.0599975585938,82.19499969482422,325.3450927734375,254.69000244140625,333.9100036621094,592.1599731445312,82.20999908447266,42381.0,13007,18587.0,7599.0,34833.0
2026-09-02 13:44:00-04:00,325.3301086425781,254.77000427246094,333.9602966308594,592.5499877929688,82.19999694824219,325.45001220703125,254.77000427246094,334.0,592.626220703125,82.2300033569336,325.2799987792969,254.5800018310547,333.8699951171875,592.1400146484375,82.16999816894531,325.3500061035156,254.59500122070312,333.9989929199219,592.4298706054688,82.2249984741211,40092.0,37483,14519.0,9239.0,34324.0
2026-09-02 13:45:00-04:00,325.375,254.86000061035156,333.9100036621094,592.75,82.22000122070312,325.4200134277344,254.88999938964844,334.0,592.77001953125,82.22260284423828,325.31500244140625,254.77000427246094,333.8999938964844,592.4600830078125,82.20999908447266,325.3599853515625,254.77000427246094,333.9750061035156,592.4600830078125,82.20999908447266,28085.0,19251,13891.0,11462.0,14630.0
2026-09-02 13:46:00-04:00,325.4700012207031,254.78500366210938,333.8599853515625,592.75,82.25,325.489990234375,254.86000061035156,334.07000732421875,592.7999877929688,82.26499938964844,325.2701110839844,254.75,333.8500061035156,592.489990234375,82.20500183105469,325.364990234375,254.84410095214844,333.9800109863281,592.6950073242188,82.22000122070312,33634.0,35974,28384.0,12843.0,34772.0
2026-09-02 13:47:00-04:00,325.6000061035156,254.72500610351562,333.8100891113281,592.7050170898438,82.25569915771484,325.6000061035156,254.76499938964844,333.92999267578125,592.7999877929688,82.26000213623047,325.44000244140625,254.69500732421875,333.7900085449219,592.5499877929688,82.23999786376953,325.4649963378906,254.75010681152344,333.875,592.7349853515625,82.25,30751.0,14501,9615.0,9504.0,9658.0
2026-09-02 13:48:00-04:00,325.6650085449219,254.8249969482422,333.8500061035156,592.3699951171875,82.2300033569336,325.7049865722656,254.8300018310547,333.8699951171875,592.7999877929688,82.26499938964844,325.57000732421875,254.67999267578125,333.739990234375,592.2600708007812,82.2300033569336,325.5950012207031,254.72500610351562,333.80999755859375,592.7490234375,82.25559997558594,25145.0,18964,13336.0,7356.0,18189.0
2026-09-02 13:49:00-04:00,325.5,254.86000061035156,333.8500061035156,592.4415283203125,82.24500274658203,325.6900939941406,254.889892578125,333.92999267578125,592.4949951171875,82.2499008178711,325.4800109863281,254.8300018310547,333.80999755859375,592.13671875,82.2300033569336,325.6600036621094,254.8350067138672,333.8599853515625,592.3350219726562,82.23500061035156,28656.0,14523,8249.0,7848.0,7300.0
2026-09-02 13:50:00-04:00,325.4949951171875,254.8699951171875,333.81500244140625,591.8800048828125,82.24500274658203,325.5910949707031,254.9199981689453,333.89990234375,592.5601806640625,82.25499725341797,325.4100036621094,254.8000030517578,333.6700134277344,591.75,82.2300033569336,325.5299987792969,254.86000061035156,333.864990234375,592.4000244140625,82.24500274658203,28583.0,46559,10063.0,18287.0,22582.0
2026-09-02 13:51:00-04:00,325.4949951171875,254.83999633789062,333.8999938964844,591.7949829101562,82.26499938964844,325.5899963378906,254.86000061035156,333.8999938964844,591.989990234375,82.26499938964844,325.4800109863281,254.77000427246094,333.760009765625,591.5900268554688,82.23999786376953,325.5,254.80999755859375,333.81500244140625,591.9000244140625,82.24030303955078,24304.0,18806,15954.0,19487.0,16185.0
2026-09-02 13:52:00-04:00,325.5950012207031,254.84500122070312,333.92999267578125,592.0399169921875,82.31500244140625,325.6000061035156,254.88499450683594,334.0360107421875,592.2064819335938,82.31500244140625,325.45001220703125,254.8350067138672,333.8100891113281,591.7650146484375,82.27059936523438,325.4949951171875,254.85000610351562,333.95001220703125,591.7899780273438,82.2750015258789,121520.0,12736,11274.0,11018.0,16818.0
2026-09-02 13:53:00-04:00,325.6098937988281,254.97500610351562,334.1400146484375,592.4299926757812,82.31500244140625,325.6400146484375,254.97850036621094,334.1600036621094,592.4647827148438,82.31500244140625,325.56500244140625,254.83999633789062,333.92999267578125,591.97998046875,82.26000213623047,325.6000061035156,254.83999633789062,333.94500732421875,592.011474609375,82.31500244140625,23264.0,18286,18703.0,9521.0,52544.0
2026-09-02 13:54:00-04:00,325.8299865722656,254.8695068359375,334.1282958984375,592.197509765625,82.32499694824219,325.9800109863281,254.99000549316406,334.29998779296875,592.3699951171875,82.32499694824219,325.6099853515625,254.83999633789062,334.0899963378906,592.0999755859375,82.30999755859375,325.6199951171875,254.9718017578125,334.1449890136719,592.3699951171875,82.31629943847656,65618.0,16662,23500.0,7990.0,14356.0
2026-09-02 13:55:00-04:00,325.9049987792969,254.99000549316406,334.2099914550781,592.0449829101562,82.32450103759766,325.9800109863281,254.99000549316406,334.2099914550781,592.2550048828125,82.3363037109375,325.760009765625,254.82000732421875,333.92999267578125,591.7100219726562,82.30059814453125,325.8399963378906,254.83999633789062,334.07000732421875,592.2550048828125,82.3363037109375,42300.0,34464,32871.0,11883.0,22646.0
2026-09-02 13:56:00-04:00,325.989990234375,255.02499389648438,334.2699890136719,592.3400268554688,82.37999725341797,326.0050048828125,255.0500030517578,334.2799987792969,592.5499877929688,82.37999725341797,325.8599853515625,254.97500610351562,334.19500732421875,591.6599731445312,82.31999969482422,325.9100036621094,254.99000549316406,334.19500732421875,591.9296875,82.32980346679688,33999.0,29720,8402.0,12637.0,55556.0
2026-09-02 13:57:00-04:00,326.1199951171875,255.0800018310547,334.2546081542969,592.3900146484375,82.41500091552734,326.1400146484375,255.10000610351562,334.2900085449219,592.468994140625,82.41500091552734,325.92010498046875,255.0,334.1600036621094,592.1099853515625,82.37000274658203,325.9800109863281,255.0,334.25,592.364990234375,82.38990020751953,42822.0,25600,11800.0,12027.0,36218.0
2026-09-02 13:58:00-04:00,325.9849853515625,254.98500061035156,334.1549987792969,592.375,82.41000366210938,326.19000244140625,255.0850067138672,334.26800537109375,592.4998779296875,82.41500091552734,325.95001220703125,254.9510040283203,334.1300048828125,592.1300048828125,82.4000015258789,326.1099853515625,255.0800018310547,334.25,592.469970703125,82.41000366210938,65969.0,21171,5258.0,6419.0,14458.0
2026-09-02 13:59:00-04:00,325.9549865722656,255.02749633789062,334.3013000488281,592.4711303710938,82.40499877929688,326.0,255.08999633789062,334.3949890136719,592.6400146484375,82.41000366210938,325.9020080566406,254.9600067138672,334.1514892578125,592.3200073242188,82.4000015258789,325.989990234375,254.98500061035156,334.1514892578125,592.375,82.40499877929688,49492.0,17165,16123.0,10157.0,20595.0
2026-09-02 14:00:00-04:00,325.7900085449219,254.8699951171875,333.9410095214844,592.0399780273438,82.36499786376953,325.9800109863281,255.01499938964844,334.28460693359375,592.52001953125,82.41000366210938,325.760009765625,254.8699951171875,333.9410095214844,592.030029296875,82.36000061035156,325.95001220703125,255.0,334.28009033203125,592.52001953125,82.40989685058594,57075.0,36048,5907.0,13047.0,24477.0
2026-09-02 14:01:00-04:00,326.0299987792969,254.71499633789062,333.8599853515625,591.9749755859375,82.33999633789062,326.0299987792969,254.8699951171875,333.9800109863281,592.1500244140625,82.375,325.7200927734375,254.71499633789062,333.8399963378906,591.8200073242188,82.33999633789062,325.7799987792969,254.82000732421875,333.94000244140625,592.0349731445312,82.36000061035156,62392.0,22702,3810.0,11931.0,14970.0
2026-09-02 14:02:00-04:00,326.1099853515625,254.7899932861328,333.8949890136719,591.6600952148438,82.32990264892578,326.1499938964844,254.82000732421875,334.04278564453125,592.0399780273438,82.3499984741211,325.9508056640625,254.74000549316406,333.8800048828125,591.5499877929688,82.32009887695312,326.05999755859375,254.7534942626953,333.8800048828125,592.0399780273438,82.34500122070312,47904.0,14359,7562.0,14125.0,16991.0
2026-09-02 14:03:00-04:00,326.2950134277344,254.89500427246094,333.92999267578125,591.6348266601562,82.3499984741211,326.30999755859375,254.94000244140625,334.0899963378906,591.9099731445312,82.375,326.1304016113281,254.8000030517578,333.7950134277344,591.5001220703125,82.32499694824219,326.1400146484375,254.80999755859375,333.8900146484375,591.5900268554688,82.32499694824219,69938.0,19637,36646.0,11556.0,23887.0
2026-09-02 14:04:00-04:00,326.30010986328125,254.9199981689453,334.125,591.7100219726562,82.36000061035156,326.32989501953125,254.99000549316406,334.1499938964844,591.8499145507812,82.36990356445312,326.2099914550781,254.85000610351562,333.92999267578125,591.4000244140625,82.33999633789062,326.2900085449219,254.85000610351562,333.92999267578125,591.7069702148438,82.34989929199219,36527.0,33302,63229.0,14121.0,15194.0
2026-09-02 14:05:00-04:00,326.2099914550781,254.86500549316406,334.0799865722656,591.969970703125,82.29499816894531,326.32501220703125,254.9250030517578,334.20001220703125,592.114990234375,82.36000061035156,326.17999267578125,254.85009765625,334.0799865722656,591.5,82.29499816894531,326.32501220703125,254.90499877929688,334.1400146484375,591.655029296875,82.33999633789062,36858.0,14502,9282.0,25993.0,16346.0
2026-09-02 14:06:00-04:00,326.1299133300781,254.9550018310547,334.1499938964844,592.5499877929688,82.30000305175781,326.2049865722656,254.97999572753906,334.19000244140625,592.77001953125,82.31999969482422,326.05999755859375,254.8800048828125,334.0997009277344,592.02001953125,82.29000091552734,326.1907958984375,254.8800048828125,334.114990234375,592.02001953125,82.29000091552734,44832.0,11958,8603.0,36093.0,18962.0
2026-09-02 14:07:00-04:00,326.04998779296875,254.82000732421875,334.0950012207031,592.7363891601562,82.37000274658203,326.1499938964844,254.95989990234375,334.1650085449219,593.0,82.37000274658203,326.0199890136719,254.7899932861328,334.0,592.4000854492188,82.30000305175781,326.1300048828125,254.92010498046875,334.1650085449219,592.64501953125,82.30000305175781,26652.0,18178,20850.0,24072.0,22701.0
2026-09-02 14:08:00-04:00,325.9549865722656,254.80999755859375,334.2044982910156,592.77001953125,82.33499908447266,326.05999755859375,254.88999938964844,334.2900085449219,593.0999755859375,82.37000274658203,325.95001220703125,254.8000030517578,334.0694885253906,592.6849975585938,82.31500244140625,326.0400085449219,254.83999633789062,334.07501220703125,592.7000122070312,82.37000274658203,46715.0,30348,15855.0,16971.0,26396.0
2026-09-02 14:09:00-04:00,325.9700012207031,254.8699951171875,334.17999267578125,593.1300048828125,82.29000091552734,326.0498962402344,254.88999938964844,334.2439880371094,593.22998046875,82.36000061035156,325.8900146484375,254.83059692382812,334.1650085449219,592.8101196289062,82.29000091552734,325.9599914550781,254.8376007080078,334.2099914550781,592.8499755859375,82.33509826660156,43887.0,38297,9530.0,13307.0,20666.0
2026-09-02 14:10:00-04:00,326.0150146484375,254.80499267578125,334.1400146484375,592.719970703125,82.29499816894531,326.0199890136719,254.8800048828125,334.25,593.2999877929688,82.30000305175781,325.9100036621094,254.72999572753906,334.1000061035156,592.5599975585938,82.26000213623047,325.9700012207031,254.8800048828125,334.1600036621094,593.1851196289062,82.29499816894531,38026.0,44199,14321.0,24004.0,31538.0
2026-09-02 14:11:00-04:00,325.92498779296875,254.72999572753906,334.1600036621094,592.5,82.29000091552734,326.0150146484375,254.80999755859375,334.2001953125,592.8280029296875,82.30000305175781,325.9200134277344,254.72000122070312,334.04998779296875,592.4000244140625,82.28500366210938,325.9700012207031,254.8000030517578,334.1400146484375,592.719970703125,82.29000091552734,45340.0,17951,16278.0,7474.0,17900.0
2026-09-02 14:12:00-04:00,325.94000244140625,254.75999450683594,334.2149963378906,592.3800048828125,82.29499816894531,326.0199890136719,254.75999450683594,334.30999755859375,592.640625,82.33000183105469,325.92999267578125,254.64999389648438,334.1400146484375,592.3699951171875,82.29000091552734,325.94000244140625,254.72999572753906,334.19158935546875,592.5399780273438,82.29000091552734,22035.0,27527,14130.0,8787.0,23423.0
2026-09-02 14:13:00-04:00,325.8999938964844,254.8350067138672,334.2799987792969,592.5999145507812,82.30999755859375,326.0398864746094,254.87120056152344,334.28399658203125,592.5999755859375,82.31430053710938,325.8399963378906,254.75,334.17999267578125,592.2999877929688,82.29499816894531,325.9599914550781,254.75999450683594,334.2200012207031,592.3800048828125,82.29499816894531,42030.0,22346,3798.0,3962.0,11052.0
2026-09-02 14:14:00-04:00,326.0,254.77999877929688,334.2149963378906,592.7750244140625,82.29000091552734,326.04998779296875,254.8350067138672,334.25,592.8677978515625,82.33000183105469,325.7900085449219,254.76499938964844,334.1099853515625,592.380126953125,82.29000091552734,325.9200134277344,254.82000732421875,334.25,592.52001953125,82.30000305175781,101172.0,23567,5408.0,7383.0,21701.0
2026-09-02 14:15:00-04:00,326.04998779296875,254.8300018310547,334.15960693359375,592.969970703125,82.33499908447266,326.22601318359375,254.83999633789062,334.19000244140625,593.0399780273438,82.33999633789062,325.9599914550781,254.73500061035156,334.06280517578125,592.75,82.27999877929688,325.989990234375,254.77000427246094,334.19000244140625,592.8800048828125,82.29000091552734,36214.0,26980,5462.0,12150.0,24404.0
2026-09-02 14:16:00-04:00,326.07000732421875,254.76499938964844,334.0820007324219,593.0399780273438,82.30999755859375,326.1600036621094,254.8300018310547,334.1911926269531,593.1649780273438,82.33000183105469,325.9599914550781,254.74000549316406,334.0801086425781,592.8419799804688,82.29000091552734,326.05999755859375,254.8300018310547,334.1499938964844,592.969970703125,82.33000183105469,84693.0,17721,4508.0,8961.0,13888.0
2026-09-02 14:17:00-04:00,326.1000061035156,254.8000030517578,334.2550048828125,593.4000244140625,82.31999969482422,326.16900634765625,254.8300018310547,334.2550048828125,593.4000244140625,82.32009887695312,326.0199890136719,254.73410034179688,334.05169677734375,593.030029296875,82.30999755859375,326.0849914550781,254.75,334.05169677734375,593.1500244140625,82.30999755859375,34999.0,18167,5351.0,11046.0,10311.0
2026-09-02 14:18:00-04:00,326.2200012207031,255.04519653320312,334.5199890136719,594.2301025390625,82.43499755859375,326.4200134277344,255.35000610351562,334.7099914550781,594.7249755859375,82.4800033569336,326.0249938964844,254.77000427246094,334.2301025390625,593.2899780273438,82.30000305175781,326.0799865722656,254.77000427246094,334.2550048828125,593.3699951171875,82.31999969482422,81577.0,88622,51296.0,32357.0,58230.0
2026-09-02 14:19:00-04:00,326.19000244140625,254.97230529785156,334.52508544921875,594.1099853515625,82.43499755859375,326.2298889160156,255.07989501953125,334.5350036621094,594.49951171875,82.44499969482422,326.0400085449219,254.97000122070312,334.4100036621094,593.8599853515625,82.41999816894531,326.2149963378906,255.0500030517578,334.5050048828125,594.3800048828125,82.43499755859375,35534.0,24949,9795.0,48949.0,31409.0
2026-09-02 14:20:00-04:00,326.2449951171875,254.9499969482422,334.5299987792969,593.9400024414062,82.41500091552734,326.2799987792969,255.11990356445312,334.6199951171875,594.39990234375,82.43499755859375,326.17999267578125,254.9499969482422,334.510009765625,593.844970703125,82.41000366210938,326.19000244140625,254.99000549316406,334.51080322265625,594.1400146484375,82.43499755859375,37707.0,21726,14935.0,11754.0,18960.0
2026-09-02 14:21:00-04:00,326.3599853515625,254.9499969482422,334.4200134277344,593.7589721679688,82.36000061035156,326.3800048828125,255.0399932861328,334.5722961425781,594.1699829101562,82.40499877929688,326.2250061035156,254.8300018310547,334.3999938964844,593.5700073242188,82.35009765625,326.2300109863281,254.99000549316406,334.52508544921875,593.9650268554688,82.3949966430664,39448.0,27814,7520.0,9111.0,20259.0
2026-09-02 14:22:00-04:00,326.19000244140625,254.96420288085938,334.5799865722656,593.7100219726562,82.33999633789062,326.385009765625,254.99000549316406,334.5799865722656,593.8599853515625,82.36000061035156,326.1700134277344,254.88999938964844,334.3507080078125,593.510009765625,82.33000183105469,326.3800048828125,254.97000122070312,334.3999938964844,593.8259887695312,82.36000061035156,33920.0,24922,8985.0,6562.0,15989.0
2026-09-02 14:23:00-04:00,326.1650085449219,254.96719360351562,334.44000244140625,593.5999755859375,82.43009948730469,326.2300109863281,255.07989501953125,334.5799865722656,593.9099731445312,82.44029998779297,326.1300048828125,254.94000244140625,334.4200134277344,593.5700073242188,82.34500122070312,326.17999267578125,254.9550018310547,334.5799865722656,593.7999877929688,82.3499984741211,21751.0,16220,21441.0,10248.0,118821.0
2026-09-02 14:24:00-04:00,326.17999267578125,254.87010192871094,334.3399963378906,593.3699951171875,82.41010284423828,326.2099914550781,254.97500610351562,334.4700012207031,593.6799926757812,82.44999694824219,326.1000061035156,254.85009765625,334.3399963378906,593.25,82.41000366210938,326.17999267578125,254.9600067138672,334.4578857421875,593.6699829101562,82.43000030517578,27188.0,18824,6372.0,8619.0,49245.0
2026-09-02 14:25:00-04:00,326.18499755859375,254.8699951171875,334.32000732421875,592.8900146484375,82.38999938964844,326.19500732421875,254.91000366210938,334.3900146484375,593.4199829101562,82.42500305175781,326.1300048828125,254.86000061035156,334.29998779296875,592.8300170898438,82.38500213623047,326.17999267578125,254.89999389648438,334.3399963378906,593.25,82.41999816894531,24092.0,10298,8778.0,14912.0,27342.0
2026-09-02 14:26:00-04:00,326.4599914550781,254.86749267578125,334.1400146484375,592.864990234375,82.36000061035156,326.489990234375,254.92999267578125,334.3799133300781,593.0598754882812,82.41000366210938,326.19000244140625,254.85000610351562,334.1099853515625,592.7600708007812,82.36000061035156,326.1900939941406,254.8800048828125,334.3500061035156,592.8200073242188,82.38999938964844,68268.0,20186,8163.0,6791.0,22970.0
2026-09-02 14:27:00-04:00,326.30499267578125,254.75990295410156,334.07000732421875,592.4149780273438,82.34970092773438,326.4649963378906,254.8699951171875,334.1565856933594,592.9299926757812,82.37000274658203,326.2449951171875,254.7241973876953,334.0400085449219,592.3300170898438,82.33499908447266,326.4599914550781,254.86000061035156,334.1400146484375,592.9299926757812,82.36000061035156,44148.0,20084,24867.0,9339.0,14288.0
2026-09-02 14:28:00-04:00,326.3800048828125,254.6750030517578,334.125,592.5549926757812,82.42630004882812,326.4200134277344,254.7899932861328,334.152099609375,592.5549926757812,82.43000030517578,326.2900085449219,254.6699981689453,333.8599853515625,592.2449951171875,82.27999877929688,326.30999755859375,254.74000549316406,334.05999755859375,592.4000244140625,82.33999633789062,37405.0,40388,45438.0,15372.0,50000.0
2026-09-02 14:29:00-04:00,326.2955017089844,254.78500366210938,334.3100891113281,592.969970703125,82.44000244140625,326.45001220703125,254.7899932861328,334.32000732421875,593.0640869140625,82.44999694824219,326.260009765625,254.64999389648438,334.0899963378906,592.52001953125,82.43000030517578,326.3999938964844,254.68499755859375,334.0899963378906,592.5399780273438,82.43000030517578,39853.0,41262,10274.0,16449.0,50908.0
2026-09-02 14:30:00-04:00,326.4200134277344,254.75,334.4100036621094,593.0576171875,82.41500091552734,326.42999267578125,254.83999633789062,334.510009765625,593.135009765625,82.45500183105469,326.2200927734375,254.72000122070312,334.32598876953125,592.8200073242188,82.41000366210938,326.3099060058594,254.77999877929688,334.32598876953125,592.9650268554688,82.44000244140625,36414.0,20548,12452.0,15512.0,22214.0
2026-09-02 14:31:00-04:00,326.3399963378906,254.86000061035156,334.42999267578125,593.0800170898438,82.44000244140625,326.4200134277344,254.86000061035156,334.5,593.2000122070312,82.44499969482422,326.32000732421875,254.74000549316406,334.3599853515625,592.8800048828125,82.4000015258789,326.3800964355469,254.7550048828125,334.4100036621094,592.97998046875,82.41000366210938,32815.0,28166,14294.0,7298.0,17878.0
2026-09-02 14:32:00-04:00,326.2449951171875,254.67999267578125,334.260009765625,592.989990234375,82.43000030517578,326.3500061035156,254.8699951171875,334.5,593.2000122070312,82.45999908447266,326.2239990234375,254.6750030517578,334.23748779296875,592.9400024414062,82.41999816894531,326.3450012207031,254.85499572753906,334.5,593.1900024414062,82.44000244140625,32263.0,23224,12153.0,8670.0,25909.0
2026-09-02 14:33:00-04:00,326.0899963378906,254.64999389648438,334.2099914550781,592.844970703125,82.40249633789062,326.239990234375,254.7100067138672,334.3299865722656,592.989990234375,82.43499755859375,326.0400085449219,254.6300048828125,334.1199951171875,592.6099853515625,82.37999725341797,326.239990234375,254.67999267578125,334.25,592.989990234375,82.43499755859375,47278.0,17580,37298.0,10411.0,31809.0
2026-09-02 14:34:00-04:00,325.94500732421875,254.6199951171875,334.0400085449219,592.3800048828125,82.38500213623047,326.18499755859375,254.6300048828125,334.2200012207031,592.8499755859375,82.40499877929688,325.92999267578125,254.5531005859375,333.9825134277344,592.3800048828125,82.37999725341797,326.0899963378906,254.6300048828125,334.20001220703125,592.8400268554688,82.40499877929688,41220.0,24563,14769.0,6669.0,15109.0
2026-09-02 14:35:00-04:00,326.0400085449219,254.59170532226562,334.07501220703125,592.5499877929688,82.38999938964844,326.07000732421875,254.63999938964844,334.0899963378906,592.7050170898438,82.40499877929688,325.8599853515625,254.5800018310547,334.0,592.4149780273438,82.38999938964844,325.9599914550781,254.6280059814453,334.03399658203125,592.4149780273438,82.38999938964844,70377.0,26275,14420.0,6505.0,27887.0
2026-09-02 14:36:00-04:00,325.989990234375,254.4600067138672,333.92999267578125,592.1699829101562,82.3949966430664,326.1299133300781,254.5850067138672,334.1449890136719,592.6500244140625,82.40499877929688,325.94500732421875,254.42979431152344,333.9100036621094,592.1099853515625,82.37999725341797,326.04998779296875,254.5850067138672,334.1300048828125,592.4949951171875,82.38999938964844,22805.0,32534,45096.0,7485.0,28129.0
2026-09-02 14:37:00-04:00,325.8500061035156,254.47000122070312,333.9800109863281,591.8151245117188,82.35600280761719,325.9700012207031,254.50990295410156,333.9849853515625,592.239990234375,82.3949966430664,325.7799987792969,254.44000244140625,333.8599853515625,591.719970703125,82.3499984741211,325.9700012207031,254.4600067138672,333.9425048828125,592.1699829101562,82.3949966430664,36063.0,24306,12073.0,13256.0,15988.0
2026-09-02 14:38:00-04:00,325.875,254.58999633789062,333.9549865722656,591.9959106445312,82.30999755859375,325.93499755859375,254.61500549316406,334.0,591.9959106445312,82.36000061035156,325.82000732421875,254.44000244140625,333.92999267578125,591.739990234375,82.30000305175781,325.8599853515625,254.4499969482422,333.9360046386719,591.852783203125,82.3550033569336,23974.0,37621,4372.0,11080.0,33547.0
2026-09-02 14:39:00-04:00,325.80010986328125,254.75,333.8299865722656,591.8699951171875,82.31999969482422,325.94000244140625,254.7899932861328,333.95989990234375,591.907470703125,82.33000183105469,325.80010986328125,254.58999633789062,333.8299865722656,591.739990234375,82.2699966430664,325.8900146484375,254.59500122070312,333.9549865722656,591.8400268554688,82.30500030517578,24473.0,27707,9765.0,7977.0,55523.0
2026-09-02 14:40:00-04:00,325.5950012207031,254.86500549316406,333.8900146484375,591.9650268554688,82.33000183105469,325.8399963378906,254.88999938964844,333.8900146484375,592.169921875,82.33989715576172,325.5799865722656,254.76499938964844,333.777099609375,591.9000244140625,82.29499816894531,325.80999755859375,254.77000427246094,333.8599853515625,591.9000244140625,82.31999969482422,42292.0,32017,8939.0,10056.0,36616.0
2026-09-02 14:41:00-04:00,325.5199890136719,254.8800048828125,333.8299865722656,591.5,82.30000305175781,325.5899963378906,254.88999938964844,333.8999938964844,591.9650268554688,82.33000183105469,325.41009521484375,254.80499267578125,333.7900085449219,591.5,82.27999877929688,325.5899963378906,254.8699951171875,333.8500061035156,591.9650268554688,82.33000183105469,46417.0,46916,10193.0,18368.0,17488.0
2026-09-02 14:42:00-04:00,325.57598876953125,254.89010620117188,333.81500244140625,591.27001953125,82.28500366210938,325.7799987792969,255.00999450683594,333.8699951171875,591.594970703125,82.30000305175781,325.5299987792969,254.8538055419922,333.75,591.1900024414062,82.26499938964844,325.5299987792969,254.86500549316406,333.79998779296875,591.5,82.29499816894531,60153.0,42120,11789.0,14044.0,14347.0
2026-09-02 14:43:00-04:00,325.29998779296875,254.875,333.7550048828125,591.6699829101562,82.30000305175781,325.54998779296875,254.9600067138672,333.8590087890625,591.760009765625,82.30500030517578,325.2900085449219,254.7899932861328,333.7300109863281,591.2550048828125,82.2750015258789,325.510009765625,254.94500732421875,333.82501220703125,591.2550048828125,82.28500366210938,45064.0,19580,7766.0,15442.0,41555.0
2026-09-02 14:44:00-04:00,325.3399963378906,254.9199981689453,333.8900146484375,592.0150146484375,82.2750015258789,325.3599853515625,254.97000122070312,333.8999938964844,592.0150146484375,82.29989624023438,325.18011474609375,254.85000610351562,333.7300109863281,591.7301025390625,82.2699966430664,325.30499267578125,254.89999389648438,333.7900085449219,591.77001953125,82.29989624023438,43008.0,43070,13912.0,7267.0,19722.0
2026-09-02 14:45:00-04:00,325.2449951171875,254.88999938964844,334.0000915527344,591.77001953125,82.2750015258789,325.3949890136719,254.99989318847656,334.04998779296875,592.219970703125,82.28980255126953,325.2300109863281,254.87550354003906,333.8699951171875,591.77001953125,82.2699966430664,325.3500061035156,254.9499969482422,333.8699951171875,592.030029296875,82.2750015258789,38825.0,49133,11612.0,13551.0,14273.0
2026-09-02 14:46:00-04:00,325.125,254.77000427246094,333.8598937988281,591.5100708007812,82.25,325.2699890136719,254.90989685058594,333.9534912109375,591.77001953125,82.2750015258789,325.1199951171875,254.6999969482422,333.82000732421875,591.4149780273438,82.25,325.2449951171875,254.87100219726562,333.92999267578125,591.77001953125,82.2750015258789,33736.0,81250,5054.0,9028.0,13229.0
2026-09-02 14:47:00-04:00,325.2200927734375,254.69500732421875,333.82000732421875,590.9199829101562,82.23500061035156,325.239990234375,254.85000610351562,333.85101318359375,591.6887817382812,82.25,325.04998779296875,254.6699981689453,333.7850036621094,590.840087890625,82.20500183105469,325.125,254.77000427246094,333.80999755859375,591.6599731445312,82.25,36697.0,60575,9153.0,19628.0,24734.0
2026-09-02 14:48:00-04:00,325.260009765625,254.85000610351562,333.8900146484375,591.35498046875,82.2750015258789,325.2850036621094,254.92999267578125,333.9200134277344,591.489990234375,82.27999877929688,325.1549987792969,254.6300048828125,333.8100891113281,590.8800048828125,82.23500061035156,325.2250061035156,254.7050018310547,333.82000732421875,590.9249877929688,82.23500061035156,35964.0,107175,8141.0,15692.0,17275.0
2026-09-02 14:49:00-04:00,325.29998779296875,255.05999755859375,333.8550109863281,591.4000244140625,82.26499938964844,325.3299865722656,255.0800018310547,333.8919982910156,591.594970703125,82.2750015258789,325.20001220703125,254.83999633789062,333.7900085449219,591.1799926757812,82.25499725341797,325.2449951171875,254.85000610351562,333.86199951171875,591.35498046875,82.2699966430664,29066.0,44453,6886.0,15601.0,23733.0
2026-09-02 14:50:00-04:00,325.3399963378906,255.25230407714844,333.80499267578125,591.27001953125,82.29000091552734,325.39990234375,255.26449584960938,333.94000244140625,591.4550170898438,82.2925033569336,325.29998779296875,255.0800018310547,333.79998779296875,591.1099853515625,82.26499938964844,325.29998779296875,255.0800018310547,333.8305969238281,591.4500122070312,82.26499938964844,46149.0,26598,6592.0,11463.0,21833.0
2026-09-02 14:51:00-04:00,325.25,255.3000030517578,333.8299865722656,591.2100219726562,82.2750015258789,325.3500061035156,255.31500244140625,333.8599853515625,591.2800903320312,82.2925033569336,325.239990234375,255.24000549316406,333.7799987792969,591.0999755859375,82.2699966430664,325.3500061035156,255.27000427246094,333.8500061035156,591.22998046875,82.2925033569336,48494.0,47379,18655.0,10747.0,18110.0
2026-09-02 14:52:00-04:00,325.0,255.13999938964844,333.69500732421875,591.239990234375,82.29000091552734,325.260009765625,255.32000732421875,333.80499267578125,591.4298706054688,82.29329681396484,324.989990234375,255.10000610351562,333.5899963378906,591.0050048828125,82.26499938964844,325.2550048828125,255.30999755859375,333.79998779296875,591.1900024414062,82.2750015258789,44262.0,23180,20793.0,29743.0,12815.0
2026-09-02 14:53:00-04:00,325.1700134277344,255.22000122070312,333.8384094238281,591.530029296875,82.31999969482422,325.20001220703125,255.27000427246094,333.8999938964844,591.6300048828125,82.37000274658203,324.96258544921875,255.1199951171875,333.6650085449219,591.0599975585938,82.29499816894531,324.99798583984375,255.17140197753906,333.6700134277344,591.1799926757812,82.29900360107422,44139.0,30174,7845.0,11711.0,94815.0
2026-09-02 14:54:00-04:00,325.17498779296875,255.16000366210938,333.84649658203125,591.260009765625,82.26499938964844,325.17999267578125,255.25999450683594,333.889892578125,591.5800170898438,82.38500213623047,325.1099853515625,255.16000366210938,333.80999755859375,591.2100219726562,82.26000213623047,325.1700134277344,255.25999450683594,333.8299865722656,591.5599975585938,82.32499694824219,22936.0,21647,5232.0,10357.0,112445.0
2026-09-02 14:55:00-04:00,325.1499938964844,255.2303924560547,333.9200134277344,591.3104858398438,82.27559661865234,325.2300109863281,255.25999450683594,333.9200134277344,591.4099731445312,82.31999969482422,325.0899963378906,255.1300048828125,333.8399963378906,591.25,82.26499938964844,325.17999267578125,255.16000366210938,333.8599853515625,591.260009765625,82.26499938964844,55915.0,27494,9808.0,9806.0,25124.0
2026-09-02 14:56:00-04:00,325.139892578125,255.22500610351562,333.9599914550781,591.5050048828125,82.33999633789062,325.1700134277344,255.2449951171875,333.9700012207031,591.5700073242188,82.33999633789062,325.1099853515625,255.1699981689453,333.8349914550781,591.3200073242188,82.26000213623047,325.1528015136719,255.22000122070312,333.9100036621094,591.3200073242188,82.2750015258789,25792.0,29342,22064.0,11838.0,39353.0
2026-09-02 14:57:00-04:00,324.95001220703125,255.07000732421875,333.8299865722656,591.1862182617188,82.31500244140625,325.17999267578125,255.25999450683594,333.9999084472656,591.5999755859375,82.38500213623047,324.95001220703125,255.07000732421875,333.8299865722656,591.1862182617188,82.30999755859375,325.1400146484375,255.23500061035156,333.9999084472656,591.5999755859375,82.33999633789062,32164.0,35253,5273.0,13743.0,27594.0
2026-09-02 14:58:00-04:00,324.9549865722656,255.1199951171875,333.93499755859375,591.2020263671875,82.31999969482422,324.9700012207031,255.125,333.9800109863281,591.27001953125,82.32499694824219,324.8526916503906,254.97999572753906,333.80999755859375,591.1099853515625,82.29000091552734,324.9549865722656,255.05999755859375,333.8356018066406,591.2249755859375,82.31410217285156,49809.0,46278,6743.0,7287.0,27293.0
2026-09-02 14:59:00-04:00,325.0,255.16009521484375,333.9599914550781,591.135009765625,82.32499694824219,325.0198974609375,255.22000122070312,333.9800109863281,591.3699951171875,82.34500122070312,324.9200134277344,255.1199951171875,333.8699951171875,591.0999755859375,82.31449890136719,324.95001220703125,255.1199951171875,333.9200134277344,591.188720703125,82.31500244140625,55886.0,21187,10164.0,12761.0,31212.0
2026-09-02 15:00:00-04:00,324.6499938964844,255.1699981689453,333.8399963378906,592.6599731445312,82.31999969482422,325.0,255.2899932861328,334.0899963378906,595.6699829101562,82.3499984741211,324.6499938964844,255.13999938964844,333.7900085449219,591.1900024414062,82.30000305175781,324.9849853515625,255.19000244140625,333.9750061035156,591.219970703125,82.33000183105469,92773.0,31431,29067.0,225281.0,47387.0
2026-09-02 15:01:00-04:00,324.7460021972656,255.0500030517578,333.9700012207031,594.010009765625,82.33000183105469,324.7850036621094,255.2100067138672,334.0032958984375,594.219970703125,82.33000183105469,324.60009765625,255.00999450683594,333.8599853515625,592.47998046875,82.31500244140625,324.6499938964844,255.14999389648438,333.8900146484375,592.4849853515625,82.31500244140625,34963.0,38157,8401.0,38987.0,14973.0
2026-09-02 15:02:00-04:00,324.82000732421875,255.15499877929688,334.2699890136719,594.35498046875,82.2750015258789,324.8597106933594,255.16029357910156,334.29998779296875,594.469970703125,82.3499984741211,324.67999267578125,255.02000427246094,333.95001220703125,593.3099975585938,82.2300033569336,324.7449951171875,255.1199951171875,333.9800109863281,594.1400146484375,82.33550262451172,47942.0,20700,14388.0,42741.0,47909.0
2026-09-02 15:03:00-04:00,324.9100036621094,255.21499633789062,334.42498779296875,594.1950073242188,82.25,324.9100036621094,255.25,334.5,594.7100219726562,82.2750015258789,324.7300109863281,255.16000366210938,334.260009765625,593.8300170898438,82.24500274658203,324.80999755859375,255.16000366210938,334.2900085449219,594.239990234375,82.2750015258789,38251.0,24269,23404.0,53769.0,18478.0
2026-09-02 15:04:00-04:00,324.97979736328125,255.0850067138672,334.3550109863281,593.8300170898438,82.30500030517578,325.010009765625,255.22999572753906,334.4216003417969,594.3599853515625,82.30999755859375,324.8599853515625,255.0706024169922,334.30999755859375,593.530029296875,82.26499938964844,324.8999938964844,255.21499633789062,334.4216003417969,594.1900024414062,82.27069854736328,45145.0,23901,6671.0,25104.0,27330.0
2026-09-02 15:05:00-04:00,325.1300048828125,255.1750030517578,334.2200012207031,593.3300170898438,82.25,325.14898681640625,255.25,334.4700012207031,594.0900268554688,82.3240966796875,324.9800109863281,255.0948028564453,334.20001220703125,593.3300170898438,82.25,324.9800109863281,255.10000610351562,334.3699951171875,593.7899780273438,82.30500030517578,54990.0,42235,11526.0,26470.0,44263.0
2026-09-02 15:06:00-04:00,325.26239013671875,255.19500732421875,334.2005920410156,593.760009765625,82.23500061035156,325.3399963378906,255.22000122070312,334.2900085449219,593.8400268554688,82.26000213623047,325.1300048828125,255.1300048828125,334.1300048828125,593.3099975585938,82.2300033569336,325.1400146484375,255.16000366210938,334.2149963378906,593.4600219726562,82.24500274658203,61358.0,17616,7117.0,27713.0,16034.0
2026-09-02 15:07:00-04:00,325.1700134277344,255.17999267578125,334.1549987792969,593.219970703125,82.27999877929688,325.260009765625,255.22000122070312,334.2395935058594,593.7901000976562,82.27999877929688,325.1099853515625,255.14999389648438,334.1499938964844,593.010009765625,82.2300033569336,325.260009765625,255.17999267578125,334.2018127441406,593.7899780273438,82.23500061035156,67806.0,30483,4649.0,24028.0,26862.0
2026-09-02 15:08:00-04:00,325.25030517578125,255.17999267578125,334.19000244140625,592.9199829101562,82.28990173339844,325.3299865722656,255.18499755859375,334.2099914550781,593.2470703125,82.28990173339844,325.1600036621094,255.12899780273438,334.1300048828125,592.6599731445312,82.25,325.1600036621094,255.1750030517578,334.1549987792969,593.2064208984375,82.2699966430664,38612.0,18537,8412.0,16427.0,24617.0
2026-09-02 15:09:00-04:00,325.4750061035156,255.32000732421875,334.55499267578125,595.3800048828125,82.31999969482422,325.5,255.3249969482422,334.55499267578125,595.4400024414062,82.33000183105469,325.2699890136719,255.1649932861328,334.17999267578125,592.9249877929688,82.26000213623047,325.2749938964844,255.1649932861328,334.20001220703125,592.9249877929688,82.28990173339844,67435.0,54814,21755.0,49147.0,40882.0
2026-09-02 15:10:00-04:00,325.42059326171875,255.3350067138672,334.614990234375,594.719970703125,82.3499984741211,325.4849853515625,255.375,334.6199951171875,595.4730224609375,82.3499984741211,325.3550109863281,255.2899932861328,334.489990234375,594.4199829101562,82.33000183105469,325.4800109863281,255.36500549316406,334.57501220703125,595.1699829101562,82.34760284423828,38443.0,26119,12988.0,39156.0,41118.0
2026-09-02 15:11:00-04:00,325.6300048828125,255.27000427246094,334.5849914550781,595.0,82.34500122070312,325.6449890136719,255.34500122070312,334.6199951171875,595.0,82.37000274658203,325.4100036621094,255.22000122070312,334.54998779296875,594.6199951171875,82.33499908447266,325.4200134277344,255.33999633789062,334.6099853515625,594.719970703125,82.34500122070312,60933.0,32157,8347.0,22666.0,58863.0
2026-09-02 15:12:00-04:00,325.6778869628906,255.3300018310547,334.5299987792969,594.8400268554688,82.32499694824219,325.7349853515625,255.3300018310547,334.5899963378906,595.0,82.34609985351562,325.6300048828125,255.1992950439453,334.4700012207031,594.260009765625,82.30999755859375,325.6300048828125,255.27499389648438,334.5899963378906,594.9650268554688,82.34500122070312,58114.0,25744,10039.0,42367.0,44626.0
2026-09-02 15:13:00-04:00,325.7149963378906,255.17999267578125,334.59259033203125,595.635009765625,82.36499786376953,325.7257080078125,255.33999633789062,334.59259033203125,595.9000244140625,82.375,325.625,255.17999267578125,334.4700012207031,594.6400146484375,82.31999969482422,325.68499755859375,255.3300018310547,334.5299987792969,594.844970703125,82.32499694824219,37031.0,28152,8780.0,33295.0,33069.0
2026-09-02 15:14:00-04:00,325.5299987792969,255.3000030517578,334.5299987792969,596.3150024414062,82.41000366210938,325.82000732421875,255.3000030517578,334.6300048828125,596.4199829101562,82.41000366210938,325.5285949707031,255.17999267578125,334.4599914550781,595.5399780273438,82.3550033569336,325.7200012207031,255.17999267578125,334.57000732421875,595.635009765625,82.36499786376953,85746.0,46960,10514.0,86098.0,45905.0
2026-09-02 15:15:00-04:00,325.4800109863281,255.36000061035156,334.4988098144531,595.60498046875,82.3949966430664,325.54998779296875,255.5050048828125,334.57000732421875,596.6176147460938,82.41999816894531,325.3999938964844,255.3000030517578,334.3999938964844,595.3300170898438,82.38500213623047,325.5350036621094,255.30999755859375,334.57000732421875,596.4299926757812,82.41999816894531,50478.0,87325,8579.0,43157.0,29016.0
2026-09-02 15:16:00-04:00,325.6700134277344,255.34500122070312,334.614013671875,595.7949829101562,82.41999816894531,325.67999267578125,255.4499969482422,334.6159973144531,595.8900146484375,82.42900085449219,325.4800109863281,255.3000030517578,334.4563903808594,595.375,82.375,325.4800109863281,255.34500122070312,334.47149658203125,595.469970703125,82.37999725341797,59820.0,35830,17431.0,16291.0,46300.0
2026-09-02 15:17:00-04:00,325.5799865722656,255.3800048828125,334.5299987792969,596.0,82.3949966430664,325.739990234375,255.3800048828125,334.6700134277344,596.0,82.41999816894531,325.54998779296875,255.23500061035156,334.510009765625,595.469970703125,82.37999725341797,325.6600036621094,255.33999633789062,334.6700134277344,595.8800048828125,82.41999816894531,54220.0,41654,15052.0,19734.0,29917.0
2026-09-02 15:18:00-04:00,325.489990234375,255.4149932861328,334.5199890136719,596.2100219726562,82.38999938964844,325.6499938964844,255.45989990234375,334.57000732421875,596.2449951171875,82.42970275878906,325.489990234375,255.36000061035156,334.5,595.72998046875,82.38999938964844,325.5899963378906,255.3800048828125,334.5101013183594,596.0,82.3949966430664,37947.0,27128,4315.0,18099.0,31324.0
2026-09-02 15:19:00-04:00,325.6050109863281,255.42999267578125,334.5450134277344,596.1400146484375,82.38999938964844,325.6199951171875,255.4499969482422,334.6099853515625,596.6400146484375,82.41500091552734,325.2799987792969,255.36000061035156,334.5050048828125,595.8406982421875,82.36000061035156,325.5,255.38999938964844,334.57000732421875,596.2000122070312,82.375,70286.0,42549,7847.0,43892.0,30830.0
2026-09-02 15:20:00-04:00,325.4949951171875,255.10699462890625,334.3699951171875,595.5,82.3499984741211,325.6083984375,255.44000244140625,334.5199890136719,596.2470092773438,82.41999816894531,325.4800109863281,255.10000610351562,334.3500061035156,595.4199829101562,82.3499984741211,325.5849914550781,255.43499755859375,334.5199890136719,596.1400146484375,82.39009857177734,41553.0,51376,4484.0,34521.0,78467.0
2026-09-02 15:21:00-04:00,325.55999755859375,255.19000244140625,334.2300109863281,595.4199829101562,82.37000274658203,325.5799865722656,255.2698974609375,334.4200134277344,595.72998046875,82.41000366210938,325.4700012207031,255.00999450683594,334.2300109863281,595.010009765625,82.34500122070312,325.5,255.13999938964844,334.385009765625,595.510009765625,82.3550033569336,28406.0,96656,9791.0,22254.0,24631.0
2026-09-02 15:22:00-04:00,325.5199890136719,255.14999389648438,334.3399963378906,595.2681884765625,82.38999938964844,325.67498779296875,255.2100067138672,334.3500061035156,595.3599853515625,82.3949966430664,325.489990234375,255.0399932861328,334.2047119140625,594.8499755859375,82.36499786376953,325.57000732421875,255.18319702148438,334.2099914550781,595.3599853515625,82.375,50895.0,33100,4927.0,19573.0,28971.0
2026-09-02 15:23:00-04:00,325.57501220703125,255.1199951171875,334.30999755859375,595.2100219726562,82.4198989868164,325.6050109863281,255.1699981689453,334.3800048828125,595.5,82.4198989868164,325.4599914550781,255.05999755859375,334.25,595.0900268554688,82.36499786376953,325.510009765625,255.16029357910156,334.3599853515625,595.5,82.38999938964844,23678.0,28555,7935.0,18540.0,32097.0
2026-09-02 15:24:00-04:00,325.4800109863281,255.22000122070312,334.29998779296875,595.219970703125,82.41500091552734,325.5899963378906,255.23500061035156,334.3399963378906,595.4299926757812,82.43499755859375,325.3800048828125,255.0800018310547,334.25,594.9199829101562,82.41000366210938,325.57501220703125,255.125,334.2814025878906,595.1099853515625,82.41999816894531,40876.0,27513,10368.0,19414.0,42360.0
2026-09-02 15:25:00-04:00,325.5,255.13999938964844,334.30499267578125,594.8300170898438,82.42500305175781,325.57501220703125,255.2100067138672,334.3900146484375,595.3599243164062,82.44000244140625,325.4599914550781,255.1199951171875,334.260009765625,594.6799926757812,82.40499877929688,325.4800109863281,255.19000244140625,334.260009765625,594.9199829101562,82.41500091552734,24831.0,22054,9481.0,20353.0,40113.0
2026-09-02 15:26:00-04:00,325.57000732421875,255.25999450683594,334.30999755859375,595.0,82.47000122070312,325.6099853515625,255.27000427246094,334.30999755859375,595.0,82.47000122070312,325.5,255.14999389648438,334.17010498046875,594.7728271484375,82.42500305175781,325.5199890136719,255.16000366210938,334.2900085449219,594.7728271484375,82.42500305175781,34068.0,34497,11801.0,16826.0,34891.0
2026-09-02 15:27:00-04:00,325.625,255.13999938964844,334.30010986328125,595.6300048828125,82.6050033569336,325.6400146484375,255.25999450683594,334.3800048828125,595.780029296875,82.62000274658203,325.5450134277344,255.1208038330078,334.2900085449219,594.739990234375,82.46499633789062,325.54998779296875,255.25999450683594,334.3699951171875,594.9500122070312,82.46499633789062,40695.0,25263,17244.0,39122.0,105699.0
2026-09-02 15:28:00-04:00,325.56500244140625,255.08999633789062,334.260009765625,594.510009765625,82.59500122070312,325.6400146484375,255.2550048828125,334.3699951171875,595.780029296875,82.61499786376953,325.5299987792969,255.0800018310547,334.25,594.4500732421875,82.58000183105469,325.6199951171875,255.14999389648438,334.3299865722656,595.780029296875,82.6050033569336,88442.0,57859,43055.0,31398.0,43637.0
2026-09-02 15:29:00-04:00,325.6400146484375,255.11000061035156,334.3299865722656,594.3223876953125,82.625,325.6600036621094,255.22999572753906,334.3500061035156,595.6500244140625,82.6449966430664,325.4649963378906,255.10000610351562,334.2405090332031,594.3223876953125,82.5999984741211,325.57769775390625,255.16000366210938,334.2699890136719,594.4816284179688,82.5999984741211,101579.0,44049,16288.0,34640.0,61794.0
2026-09-02 15:30:00-04:00,325.5799865722656,255.1199951171875,334.2699890136719,594.27001953125,82.63500213623047,325.6405029296875,255.1649932861328,334.30999755859375,594.4000244140625,82.66000366210938,325.489990234375,255.0449981689453,334.2200012207031,594.0,82.61499786376953,325.6405029296875,255.14999389648438,334.29998779296875,594.280029296875,82.625,61931.0,47194,10251.0,33174.0,87841.0
2026-09-02 15:31:00-04:00,325.5199890136719,255.0,334.20001220703125,594.02001953125,82.58999633789062,325.70001220703125,255.1199951171875,334.2799987792969,594.3250122070312,82.63680267333984,325.5050048828125,254.91000366210938,334.1499938964844,593.9099731445312,82.58499908447266,325.6199951171875,255.1199951171875,334.2524108886719,594.3099975585938,82.63500213623047,49770.0,36792,16834.0,22756.0,52983.0
2026-09-02 15:32:00-04:00,325.6046142578125,254.88499450683594,334.05999755859375,593.8150024414062,82.5999984741211,325.7200012207031,254.98500061035156,334.260009765625,594.119873046875,82.61499786376953,325.4200134277344,254.8800048828125,334.0299987792969,593.510009765625,82.58499908447266,325.5299987792969,254.98500061035156,334.20001220703125,594.02001953125,82.5906982421875,63504.0,39093,13456.0,29460.0,37837.0
2026-09-02 15:33:00-04:00,325.67498779296875,254.83999633789062,334.010009765625,593.639892578125,82.6050033569336,325.7950134277344,255.0299072265625,334.2099914550781,593.9500122070312,82.66999816894531,325.5899963378906,254.83999633789062,333.989990234375,593.1300048828125,82.5999984741211,325.614990234375,254.9199981689453,334.0801086425781,593.8150024414062,82.61000061035156,45554.0,34371,14096.0,25938.0,44774.0
2026-09-02 15:34:00-04:00,325.9200134277344,254.80999755859375,334.0,593.2246704101562,82.58499908447266,325.92498779296875,254.85000610351562,334.05999755859375,593.52001953125,82.6050033569336,325.6499938964844,254.72999572753906,333.94500732421875,593.1925048828125,82.55999755859375,325.6700134277344,254.82000732421875,334.0150146484375,593.52001953125,82.6050033569336,99954.0,57785,8934.0,15982.0,70123.0
2026-09-02 15:35:00-04:00,325.7900085449219,254.92999267578125,333.95001220703125,593.155029296875,82.65399932861328,325.95001220703125,254.97000122070312,334.0799865722656,593.3399047851562,82.66000366210938,325.6600036621094,254.8249969482422,333.92999267578125,592.8200073242188,82.56999969482422,325.8999938964844,254.85000610351562,334.0,593.219970703125,82.58000183105469,75129.0,73147,19895.0,20416.0,47665.0
2026-09-02 15:36:00-04:00,325.6000061035156,255.13999938964844,333.9599914550781,592.9249877929688,82.66500091552734,325.7900085449219,255.17999267578125,334.04998779296875,593.2399291992188,82.66500091552734,325.5719909667969,254.94000244140625,333.9599914550781,592.8900146484375,82.63500213623047,325.7699890136719,254.94000244140625,333.9700012207031,593.1500244140625,82.6500015258789,55077.0,46811,9490.0,12771.0,51694.0
2026-09-02 15:37:00-04:00,325.3550109863281,254.88999938964844,333.9353942871094,592.97998046875,82.63500213623047,325.5899963378906,255.14999389648438,334.027587890625,593.49951171875,82.68499755859375,325.32501220703125,254.88499450683594,333.8999938964844,592.8300170898438,82.63500213623047,325.57000732421875,255.1199951171875,333.989990234375,592.9249877929688,82.6624984741211,104252.0,38523,17826.0,19441.0,54616.0
2026-09-02 15:38:00-04:00,325.20001220703125,254.89500427246094,334.0199890136719,593.0,82.61499786376953,325.3999938964844,254.9199981689453,334.0199890136719,593.3099975585938,82.6449966430664,325.05621337890625,254.8249969482422,333.8999938964844,592.6599731445312,82.5999984741211,325.3599853515625,254.88999938964844,333.8999938964844,592.8300170898438,82.63500213623047,66683.0,48230,14115.0,16652.0,94343.0
2026-09-02 15:39:00-04:00,325.1099853515625,254.94500732421875,333.9049987792969,592.5974731445312,82.625,325.19500732421875,254.9600067138672,334.0199890136719,593.239990234375,82.625,325.1099853515625,254.8800048828125,333.8999938964844,592.5974731445312,82.5999984741211,325.1700134277344,254.90769958496094,334.0199890136719,593.114990234375,82.61499786376953,50112.0,35781,14211.0,27612.0,49085.0
2026-09-02 15:40:00-04:00,325.20001220703125,255.0,333.95001220703125,592.7750244140625,82.625,325.2699890136719,255.0045928955078,333.95989990234375,592.8054809570312,82.65630340576172,325.0299987792969,254.8699951171875,333.860107421875,592.4550170898438,82.6050033569336,325.1189880371094,254.91000366210938,333.9049987792969,592.549072265625,82.62000274658203,51706.0,35317,15561.0,16840.0,79999.0
2026-09-02 15:41:00-04:00,325.1000061035156,254.97500610351562,333.8960876464844,592.6400146484375,82.67500305175781,325.29998779296875,254.97999572753906,333.9700012207031,592.7849731445312,82.68000030517578,325.0,254.88499450683594,333.8699951171875,592.5999755859375,82.625,325.20001220703125,254.97999572753906,333.94000244140625,592.6900024414062,82.625,63621.0,42745,17090.0,19115.0,48480.0
2026-09-02 15:42:00-04:00,324.989990234375,254.89999389648438,333.5201110839844,592.8400268554688,82.70999908447266,325.2300109863281,254.97500610351562,333.8949890136719,592.9998779296875,82.70999908447266,324.9649963378906,254.8300018310547,333.510009765625,592.530029296875,82.6449966430664,325.114990234375,254.97500610351562,333.885009765625,592.635009765625,82.66999816894531,69542.0,36256,34112.0,19903.0,71708.0
2026-09-02 15:43:00-04:00,325.260009765625,255.17999267578125,333.885009765625,593.1400146484375,82.7249984741211,325.3999938964844,255.1898956298828,333.9100036621094,593.4760131835938,82.7249984741211,324.9599914550781,254.89500427246094,333.489990234375,592.8099975585938,82.68499755859375,324.989990234375,254.89999389648438,333.5199890136719,592.844970703125,82.70999908447266,73323.0,83396,27590.0,23492.0,53487.0
2026-09-02 15:44:00-04:00,325.20001220703125,255.1649932861328,333.7200012207031,593.22998046875,82.67500305175781,325.42498779296875,255.19000244140625,333.8900146484375,593.2493896484375,82.72000122070312,325.1600036621094,255.0800018310547,333.7200012207031,592.8499755859375,82.62000274658203,325.25,255.1750030517578,333.8699951171875,593.0599975585938,82.72000122070312,54898.0,47946,28637.0,33159.0,219041.0
2026-09-02 15:45:00-04:00,325.1700134277344,255.16000366210938,333.69500732421875,593.3250122070312,82.68499755859375,325.3800048828125,255.27000427246094,333.82000732421875,593.489990234375,82.71499633789062,325.1300048828125,255.11500549316406,333.6199951171875,593.02001953125,82.65499877929688,325.2049865722656,255.1649932861328,333.7300109863281,593.1799926757812,82.67970275878906,66733.0,89495,25864.0,54033.0,89903.0
2026-09-02 15:46:00-04:00,325.2550048828125,255.15499877929688,333.74798583984375,593.27001953125,82.71499633789062,325.32000732421875,255.17999267578125,333.760009765625,593.72998046875,82.72000122070312,325.1400146484375,255.11000061035156,333.5249938964844,593.2100219726562,82.66500091552734,325.17999267578125,255.1649932861328,333.7149963378906,593.364990234375,82.68499755859375,49380.0,39921,22322.0,32706.0,67350.0
2026-09-02 15:47:00-04:00,325.3299865722656,255.0850067138672,333.94000244140625,593.0700073242188,82.73500061035156,325.3299865722656,255.2100067138672,334.010009765625,593.4498901367188,82.74500274658203,325.2200012207031,255.07000732421875,333.743896484375,592.9627075195312,82.70999908447266,325.2449951171875,255.16000366210938,333.743896484375,593.3098754882812,82.72000122070312,99156.0,97153,24428.0,22956.0,85781.0
2026-09-02 15:48:00-04:00,325.4200134277344,255.1300048828125,333.989990234375,593.8400268554688,82.75,325.5198974609375,255.139892578125,334.0249938964844,593.969970703125,82.7699966430664,325.3201904296875,255.02000427246094,333.8900146484375,593.0800170898438,82.7249984741211,325.3299865722656,255.07009887695312,333.94000244140625,593.0800170898438,82.73500061035156,72482.0,51233,33507.0,24372.0,82335.0
2026-09-02 15:49:00-04:00,325.2699890136719,255.10499572753906,334.0199890136719,594.02001953125,82.7437973022461,325.4198913574219,255.1999969482422,334.04998779296875,594.3800048828125,82.77999877929688,325.1549987792969,255.06500244140625,333.95001220703125,593.8499755859375,82.70999908447266,325.4150085449219,255.1300048828125,334.0498962402344,593.9199829101562,82.75,52439.0,46516,21990.0,33317.0,80465.0
2026-09-02 15:50:00-04:00,325.1600036621094,255.16000366210938,334.1600036621094,593.4299926757812,82.76499938964844,325.2650146484375,255.28770446777344,334.25,593.9600219726562,82.7750015258789,325.0400085449219,255.07000732421875,333.8900146484375,593.260009765625,82.70999908447266,325.239990234375,255.08999633789062,333.989990234375,593.9600219726562,82.73999786376953,116844.0,114825,39534.0,31554.0,111476.0
2026-09-02 15:51:00-04:00,325.0545959472656,255.07000732421875,333.9700012207031,592.760009765625,82.67500305175781,325.1600036621094,255.1699981689453,334.1400146484375,593.6300048828125,82.76499938964844,324.90008544921875,255.01010131835938,333.94000244140625,592.760009765625,82.66000366210938,325.1600036621094,255.16000366210938,334.1400146484375,593.4149780273438,82.76499938964844,126219.0,66279,23689.0,39821.0,104622.0
2026-09-02 15:52:00-04:00,325.0799865722656,255.06179809570312,333.92498779296875,592.25,82.67500305175781,325.19000244140625,255.1300048828125,333.989990234375,592.89990234375,82.69999694824219,325.0400085449219,255.0399932861328,333.9100036621094,592.22998046875,82.6500015258789,325.05999755859375,255.07000732421875,333.94000244140625,592.8599853515625,82.67500305175781,51039.0,55574,23847.0,39929.0,91400.0
2026-09-02 15:53:00-04:00,325.0299987792969,255.08999633789062,333.94000244140625,592.4099731445312,82.68000030517578,325.1400146484375,255.1999969482422,334.010009765625,592.6099853515625,82.69999694824219,325.0,255.0500030517578,333.8800048828125,592.27001953125,82.66500091552734,325.0799865722656,255.05999755859375,333.9330139160156,592.27001953125,82.67500305175781,65385.0,86665,28395.0,46835.0,94717.0
2026-09-02 15:54:00-04:00,325.2699890136719,254.94000244140625,334.07000732421875,591.7100219726562,82.73500061035156,325.3699951171875,255.22999572753906,334.1199951171875,592.8400268554688,82.75499725341797,324.9700012207031,254.88999938964844,333.8500061035156,591.6304931640625,82.62999725341797,325.0199890136719,255.08999633789062,333.9200134277344,592.4099731445312,82.67500305175781,134679.0,134115,47661.0,56066.0,131723.0
2026-09-02 15:55:00-04:00,324.8550109863281,254.7899932861328,333.5799865722656,592.4000244140625,82.76100158691406,325.2900085449219,255.00999450683594,334.0400085449219,592.4299926757812,82.77999877929688,324.7799987792969,254.75999450683594,333.5,591.5850219726562,82.7300033569336,325.2799987792969,254.94000244140625,334.0400085449219,591.844970703125,82.73999786376953,201593.0,147372,81980.0,79473.0,204845.0
2026-09-02 15:56:00-04:00,324.9800109863281,254.67999267578125,333.7099914550781,592.780029296875,82.7249984741211,325.0,254.8300018310547,333.7699890136719,592.7849731445312,82.7750015258789,324.8399963378906,254.52000427246094,333.54998779296875,592.1099853515625,82.7249984741211,324.8399963378906,254.77499389648438,333.5700988769531,592.4000244140625,82.76499938964844,128714.0,172025,59354.0,83800.0,201938.0
2026-09-02 15:57:00-04:00,324.8699951171875,254.72999572753906,333.75,592.8900146484375,82.75,325.0400085449219,254.78500366210938,333.760009765625,593.1599731445312,82.79000091552734,324.8599853515625,254.64500427246094,333.6300048828125,592.5700073242188,82.71499633789062,324.9700012207031,254.68499755859375,333.7149963378906,592.760009765625,82.7300033569336,160830.0,182137,71820.0,77974.0,241948.0
2026-09-02 15:58:00-04:00,324.8699951171875,254.71499633789062,333.69500732421875,592.6500244140625,82.70999908447266,324.9100036621094,254.77999877929688,333.8500061035156,592.9349975585938,82.75,324.760009765625,254.69000244140625,333.69000244140625,592.6500244140625,82.69000244140625,324.8699951171875,254.72999572753906,333.739990234375,592.9349975585938,82.75,223462.0,211141,68286.0,89952.0,367942.0
2026-09-02 15:59:00-04:00,324.989990234375,254.97000122070312,333.8299865722656,592.9000244140625,82.72000122070312,325.0299987792969,255.02000427246094,333.8299865722656,592.9000244140625,82.7300033569336,324.6700134277344,254.7050018310547,333.6600036621094,592.6500244140625,82.68000030517578,324.8699951171875,254.72000122070312,333.67999267578125,592.6500244140625,82.70500183105469,531192.0,522069,204121.0,184816.0,485049.0
2026-09-03 09:30:00-04:00,324.764404296875,256.45001220703125,337.90509033203125,609.6199951171875,83.01000213623047,325.239990234375,256.8299865722656,338.7799987792969,611.6900024414062,83.18000030517578,324.25,256.0,336.3800048828125,604.4000244140625,82.9000015258789,324.94769287109375,256.32000732421875,336.739990234375,604.489990234375,83.18000030517578,1073739.0,1568027,663562.0,1078013.0,647020.0
2026-09-03 09:31:00-04:00,325.3800048828125,257.2799987792969,338.8999938964844,613.6400146484375,82.93000030517578,326.1000061035156,257.5799865722656,338.9750061035156,614.0599975585938,83.22000122070312,324.7049865722656,256.4599914550781,337.44500732421875,608.0,82.80000305175781,324.7049865722656,256.5400085449219,337.875,610.230224609375,82.94999694824219,177866.0,247589,104948.0,270377.0,134132.0
2026-09-03 09:32:00-04:00,327.3900146484375,256.6000061035156,339.6600036621094,617.0029296875,83.4800033569336,327.44000244140625,257.92999267578125,339.6700134277344,617.239990234375,83.48999786376953,325.25,256.1050109863281,338.6099853515625,612.5700073242188,82.8499984741211,325.35528564453125,257.30999755859375,338.9200134277344,613.4099731445312,82.96499633789062,227910.0,251267,150478.0,239528.0,138609.0
2026-09-03 09:33:00-04:00,326.0766906738281,257.5299987792969,339.5943908691406,618.4550170898438,83.51000213623047,327.5,257.5400085449219,339.8699951171875,618.8800048828125,83.52999877929688,325.8399963378906,256.3349914550781,339.0,616.1007080078125,83.375,327.42999267578125,256.6000061035156,339.6700134277344,617.3001708984375,83.44000244140625,154412.0,152058,70266.0,178998.0,125813.0
2026-09-03 09:34:00-04:00,325.6199951171875,257.8599853515625,338.6597900390625,616.2650146484375,83.48999786376953,326.2300109863281,257.9700012207031,339.6700134277344,618.6799926757812,83.5999984741211,325.3251953125,257.2699890136719,338.6199951171875,615.4099731445312,83.43199920654297,325.989990234375,257.4849853515625,339.5400085449219,618.6799926757812,83.46499633789062,113785.0,161385,71070.0,163421.0,92757.0
2026-09-03 09:35:00-04:00,324.364990234375,257.7799987792969,338.79998779296875,615.2349853515625,83.2300033569336,325.6510009765625,257.875,339.239990234375,616.739990234375,83.4800033569336,324.1400146484375,257.3699951171875,338.1400146484375,614.6026000976562,83.09349822998047,325.5400085449219,257.760009765625,338.75628662109375,616.0250244140625,83.4800033569336,146533.0,158906,74218.0,151333.0,114447.0
2026-09-03 09:36:00-04:00,324.82000732421875,258.6099853515625,339.5400085449219,616.0399780273438,83.0250015258789,324.864990234375,258.8949890136719,339.57000732421875,617.8400268554688,83.25900268554688,324.1099853515625,257.74029541015625,338.45001220703125,615.14501953125,83.0,324.364990234375,257.7900085449219,338.82501220703125,615.3699951171875,83.23999786376953,93197.0,235335,112544.0,217054.0,94953.0
2026-09-03 09:37:00-04:00,325.2799987792969,258.510009765625,339.7799987792969,615.9998779296875,83.01000213623047,325.2799987792969,259.0400085449219,339.8299865722656,617.0,83.11000061035156,324.55999755859375,258.44500732421875,339.4100036621094,615.0,82.95999908447266,324.82659912109375,258.6600036621094,339.6000061035156,616.2050170898438,83.0250015258789,91363.0,205553,67004.0,140448.0,48532.0
2026-09-03 09:38:00-04:00,325.7950134277344,258.1549987792969,339.7900085449219,617.9749755859375,83.12000274658203,325.9049987792969,258.5849914550781,340.2699890136719,619.4199829101562,83.16510009765625,325.20001220703125,258.1549987792969,339.7200012207031,615.4450073242188,83.0,325.2749938964844,258.5849914550781,339.7998962402344,615.72998046875,83.00499725341797,107470.0,150619,142787.0,213637.0,46723.0
2026-09-03 09:39:00-04:00,326.45001220703125,258.7550048828125,340.5299987792969,618.3499755859375,83.02999877929688,326.47100830078125,258.79998779296875,340.67999267578125,618.739990234375,83.19000244140625,325.7799987792969,258.1099853515625,339.7500915527344,617.4000244140625,83.0199966430664,325.7799987792969,258.21240234375,339.760009765625,617.9400024414062,83.1449966430664,105275.0,111149,96038.0,113113.0,51615.0
2026-09-03 09:40:00-04:00,325.5799865722656,258.6683044433594,339.7449951171875,614.655029296875,82.88999938964844,326.6700134277344,259.0,340.70001220703125,618.7899780273438,83.09989929199219,325.42999267578125,258.6300964355469,339.7099914550781,614.510009765625,82.88999938964844,326.45001220703125,258.7709045410156,340.5450134277344,618.3870239257812,83.06999969482422,126365.0,122661,80607.0,130281.0,43389.0
2026-09-03 09:41:00-04:00,325.9200134277344,258.375,340.635009765625,616.0449829101562,82.94499969482422,325.9800109863281,258.8399963378906,340.75,616.8599853515625,82.94499969482422,325.4005126953125,258.3399963378906,339.6099853515625,614.5401000976562,82.79840087890625,325.54998779296875,258.6600036621094,339.7300109863281,614.6799926757812,82.90450286865234,67169.0,86107,57352.0,93769.0,47902.0
2026-09-03 09:42:00-04:00,325.9150085449219,258.6600036621094,340.3349914550781,615.5401000976562,82.95999908447266,326.2799987792969,258.75,340.8500061035156,617.5800170898438,82.97000122070312,325.70001220703125,258.2900085449219,339.8399963378906,615.4099731445312,82.8499984741211,325.95989990234375,258.3599853515625,340.6400146484375,616.0399780273438,82.94000244140625,79245.0,78100,62753.0,71140.0,39033.0
2026-09-03 09:43:00-04:00,326.0299987792969,259.1600036621094,340.1400146484375,617.0137939453125,83.22000122070312,326.25,259.3500061035156,340.67999267578125,617.9099731445312,83.23989868164062,325.8800048828125,258.6000061035156,340.1050109863281,615.4000244140625,82.94129943847656,325.94000244140625,258.6600036621094,340.30999755859375,615.6900024414062,82.94999694824219,72575.0,127500,41360.0,75590.0,55556.0
2026-09-03 09:44:00-04:00,326.4849853515625,259.1099853515625,340.18499755859375,617.6599731445312,83.31999969482422,326.5799865722656,259.4299011230469,340.43499755859375,617.7100219726562,83.33000183105469,325.79998779296875,258.75,340.0299987792969,616.1599731445312,83.10279846191406,326.03009033203125,259.2099914550781,340.1400146484375,617.0449829101562,83.22000122070312,70150.0,161592,36306.0,77118.0,63171.0
2026-09-03 09:45:00-04:00,326.45001220703125,259.090087890625,339.8599853515625,618.4849853515625,83.20500183105469,326.7699890136719,259.25,340.2799987792969,618.77001953125,83.3499984741211,326.19000244140625,258.9100036621094,339.7099914550781,616.6173706054688,83.1449966430664,326.4700012207031,259.1199951171875,340.19000244140625,618.4849853515625,83.33000183105469,119743.0,126976,63999.0,84526.0,58639.0
2026-09-03 09:46:00-04:00,326.3900146484375,258.96990966796875,340.1817932128906,618.4301147460938,83.19999694824219,326.5780029296875,259.16009521484375,340.2300109863281,619.1799926757812,83.29000091552734,326.2200927734375,258.7601013183594,339.69000244140625,617.2700805664062,83.11100006103516,326.4942932128906,259.1300048828125,339.82000732421875,618.4099731445312,83.16500091552734,52983.0,83838,83000.0,99361.0,36977.0
2026-09-03 09:47:00-04:00,326.6000061035156,258.8999938964844,340.4700012207031,617.3800048828125,82.97000122070312,326.9700012207031,259.1099853515625,340.5,618.8900146484375,83.25,326.3949890136719,258.739990234375,340.1000061035156,616.5001220703125,82.97000122070312,326.406005859375,258.95001220703125,340.2099914550781,618.6599731445312,83.19999694824219,117211.0,87616,32121.0,87237.0,72850.0
2026-09-03 09:48:00-04:00,326.4800109863281,258.375,340.3599853515625,617.280029296875,82.91000366210938,326.7850036621094,258.95001220703125,340.6099853515625,618.0050048828125,83.05000305175781,326.4700012207031,258.3208923339844,340.1524963378906,616.7899780273438,82.91000366210938,326.5711975097656,258.92999267578125,340.5,617.22998046875,83.0,47806.0,76146,40843.0,55922.0,40073.0
2026-09-03 09:49:00-04:00,326.5899963378906,258.55999755859375,339.8818054199219,615.5800170898438,82.73999786376953,326.7200012207031,258.6499938964844,340.5400085449219,617.60498046875,82.94989776611328,326.3999938964844,258.30999755859375,339.8349914550781,615.4000244140625,82.69999694824219,326.510009765625,258.3500061035156,340.29998779296875,617.385009765625,82.91000366210938,69315.0,90114,45043.0,104780.0,80948.0
2026-09-03 09:50:00-04:00,326.3999938964844,258.3999938964844,339.67498779296875,615.0900268554688,82.69000244140625,326.9198913574219,258.510009765625,339.8999938964844,616.0,82.77999877929688,326.30999755859375,258.25,339.6416015625,615.0,82.62999725341797,326.55999755859375,258.510009765625,339.82000732421875,615.4000244140625,82.7300033569336,115493.0,144271,39163.0,66734.0,63344.0
2026-09-03 09:51:00-04:00,326.4739990234375,258.7300109863281,340.0329895019531,617.5700073242188,82.68000030517578,326.5450134277344,258.909912109375,340.0329895019531,618.1715698242188,82.7300033569336,326.25,258.42999267578125,339.5199890136719,615.0499877929688,82.58999633789062,326.385009765625,258.44000244140625,339.67999267578125,615.0599975585938,82.63999938964844,98071.0,104247,38876.0,99569.0,70984.0
2026-09-03 09:52:00-04:00,326.260009765625,258.3500061035156,339.5799865722656,616.8505249023438,82.79499816894531,326.5400085449219,258.9200134277344,340.2799987792969,618.0,82.83999633789062,326.0,258.3304138183594,339.5799865722656,616.6300048828125,82.63009643554688,326.489990234375,258.69000244140625,340.0249938964844,617.7849731445312,82.66999816894531,92003.0,72516,38300.0,69104.0,45727.0
2026-09-03 09:53:00-04:00,326.31500244140625,258.18499755859375,339.5498962402344,617.030029296875,82.83000183105469,326.3800048828125,258.5,339.8599853515625,617.8300170898438,82.83190155029297,326.1099853515625,258.0899963378906,339.2731018066406,616.8101196289062,82.75,326.2650146484375,258.3500061035156,339.55999755859375,616.8499755859375,82.79499816894531,49507.0,94716,64471.0,63400.0,55711.0
2026-09-03 09:54:00-04:00,326.2699890136719,258.0400085449219,339.0849914550781,616.625,82.80000305175781,326.489990234375,258.1449890136719,339.4949951171875,617.2899780273438,82.82929992675781,326.2250061035156,257.8399963378906,338.84051513671875,616.280029296875,82.7699966430664,326.29998779296875,258.1449890136719,339.4200134277344,616.9949951171875,82.79000091552734,47299.0,86416,49435.0,52128.0,26553.0
2026-09-03 09:55:00-04:00,326.2099914550781,257.9100036621094,338.7349853515625,614.7899780273438,82.75569915771484,326.3815002441406,258.1600036621094,339.0899963378906,616.8099975585938,82.86000061035156,326.1499938964844,257.8699951171875,338.7349853515625,614.7899780273438,82.71600341796875,326.2900085449219,258.07000732421875,339.0400085449219,616.6799926757812,82.80000305175781,54869.0,53829,34695.0,81803.0,34220.0
2026-09-03 09:56:00-04:00,325.9949951171875,258.0299987792969,338.8399963378906,612.75,82.74009704589844,326.20550537109375,258.135009765625,338.94000244140625,615.389892578125,82.79000091552734,325.94000244140625,257.8699951171875,338.6300048828125,612.6536865234375,82.73999786376953,326.19000244140625,258.0,338.7424011230469,614.760009765625,82.76000213623047,58518.0,75294,35181.0,128464.0,30866.0
2026-09-03 09:57:00-04:00,325.8399963378906,258.07000732421875,339.0094909667969,612.614990234375,82.697998046875,326.1600036621094,258.20001220703125,339.0799865722656,613.9099731445312,82.73999786376953,325.8399963378906,257.92999267578125,338.79998779296875,612.010009765625,82.67160034179688,326.010009765625,258.05999755859375,338.79998779296875,612.8240966796875,82.73999786376953,65107.0,42120,27812.0,108893.0,47744.0
2026-09-03 09:58:00-04:00,325.69000244140625,257.8591003417969,338.8846130371094,614.260009765625,82.62000274658203,325.95001220703125,258.2099914550781,339.176513671875,615.0,82.69999694824219,325.6400146484375,257.7200012207031,338.80999755859375,612.6500244140625,82.58000183105469,325.80999755859375,258.1400146484375,339.1000061035156,612.7000122070312,82.69499969482422,87768.0,82991,27760.0,94739.0,49642.0
2026-09-03 09:59:00-04:00,326.7200012207031,257.8599853515625,339.114990234375,613.7000122070312,82.58999633789062,326.79998779296875,257.8999938964844,339.114990234375,614.989990234375,82.6321029663086,325.6000061035156,257.64080810546875,338.7200012207031,613.469970703125,82.5,325.7200012207031,257.81170654296875,338.875,614.3250122070312,82.61009979248047,110166.0,72880,35102.0,61496.0,55989.0
2026-09-03 10:00:00-04:00,326.1400146484375,257.5199890136719,338.7318115234375,613.405029296875,82.47000122070312,326.7799987792969,257.8299865722656,338.989990234375,614.0499877929688,82.58350372314453,326.09979248046875,257.385009765625,338.6000061035156,612.8099975585938,82.44000244140625,326.6000061035156,257.70001220703125,338.9100036621094,613.489990234375,82.58000183105469,134929.0,96994,36726.0,111525.0,58218.0
2026-09-03 10:01:00-04:00,326.3900146484375,257.510009765625,338.2200012207031,613.6099853515625,82.44499969482422,326.42999267578125,257.6300048828125,338.7200012207031,613.739990234375,82.48999786376953,325.94500732421875,257.41070556640625,338.010009765625,612.7119750976562,82.37000274658203,326.1650085449219,257.55999755859375,338.7200012207031,613.25,82.48500061035156,52085.0,87673,38881.0,46451.0,70057.0
2026-09-03 10:02:00-04:00,326.3599853515625,257.9949951171875,338.6300048828125,612.7401123046875,82.44000244140625,326.4700012207031,258.04998779296875,338.6700134277344,613.7000122070312,82.45999908447266,326.1499938964844,257.260009765625,338.1000061035156,611.75,82.38999938964844,326.3500061035156,257.489990234375,338.2698974609375,613.7000122070312,82.44000244140625,40622.0,106699,32677.0,78052.0,58632.0
2026-09-03 10:03:00-04:00,326.6700134277344,258.2900085449219,338.5299987792969,614.739990234375,82.48999786376953,326.79998779296875,258.2950134277344,338.79998779296875,615.0700073242188,82.54000091552734,326.3815002441406,257.864990234375,338.1099853515625,612.8400268554688,82.41999816894531,326.3999938964844,257.9949951171875,338.635009765625,612.8699951171875,82.43000030517578,60358.0,78642,24039.0,93448.0,42449.0
2026-09-03 10:04:00-04:00,326.0400085449219,257.864990234375,338.1199951171875,612.4398803710938,82.3927993774414,326.70001220703125,258.32989501953125,338.5249938964844,614.7799072265625,82.54000091552734,326.0350036621094,257.8505859375,338.0400085449219,611.9600219726562,82.37999725341797,326.67498779296875,258.2699890136719,338.50048828125,614.510009765625,82.5,42452.0,88033,23199.0,44571.0,37568.0
2026-09-03 10:05:00-04:00,326.3900146484375,257.95001220703125,338.0799865722656,612.7899780273438,82.37999725341797,326.3900146484375,258.2514953613281,338.32000732421875,613.0999755859375,82.44989776611328,326.0299987792969,257.81500244140625,337.9100036621094,612.1900024414062,82.372802734375,326.0400085449219,257.864990234375,338.07000732421875,612.4400024414062,82.4000015258789,51971.0,74265,24394.0,39138.0,50136.0
2026-09-03 10:06:00-04:00,326.69000244140625,258.1000061035156,338.8399963378906,613.6900024414062,82.58499908447266,326.82000732421875,258.239990234375,338.8399963378906,615.0,82.5999984741211,326.3500061035156,257.8999938964844,338.0849914550781,612.7750244140625,82.38999938964844,326.3550109863281,257.94500732421875,338.1355895996094,612.7899780273438,82.38999938964844,95997.0,65378,18149.0,54922.0,78514.0
2026-09-03 10:07:00-04:00,326.7099914550781,257.67999267578125,338.6523132324219,612.5399780273438,82.56069946289062,326.8699951171875,258.1700134277344,338.8981018066406,614.0,82.59500122070312,326.67999267578125,257.6099853515625,338.4800109863281,612.4000244140625,82.51000213623047,326.7200012207031,258.1199951171875,338.8800048828125,613.655029296875,82.58499908447266,56908.0,40653,25903.0,39939.0,44084.0
2026-09-03 10:08:00-04:00,327.0256042480469,257.5299072265625,338.7099914550781,611.3735961914062,82.63999938964844,327.1099853515625,257.760009765625,338.81500244140625,612.8350219726562,82.70999908447266,326.69000244140625,257.42498779296875,338.5199890136719,611.3200073242188,82.55999755859375,326.7250061035156,257.6700134277344,338.6300048828125,612.6599731445312,82.56500244140625,92912.0,77378,30691.0,51699.0,87484.0
2026-09-03 10:09:00-04:00,327.06878662109375,257.3500061035156,338.5849914550781,611.4400024414062,82.66000366210938,327.07598876953125,257.57000732421875,338.69989013671875,611.9400024414062,82.67500305175781,326.79998779296875,257.32000732421875,338.4601135253906,611.22998046875,82.63009643554688,327.02508544921875,257.44830322265625,338.69000244140625,611.4650268554688,82.6500015258789,67291.0,42558,27427.0,38777.0,27821.0
2026-09-03 10:10:00-04:00,326.8299865722656,257.29998779296875,338.5199890136719,610.6375122070312,82.52050018310547,327.1600036621094,257.43499755859375,338.70001220703125,611.6799926757812,82.69000244140625,326.6700134277344,257.0450134277344,338.260009765625,610.0,82.5199966430664,327.0799865722656,257.364990234375,338.6300048828125,611.385009765625,82.66000366210938,54386.0,72962,12847.0,91880.0,40818.0
2026-09-03 10:11:00-04:00,327.0400085449219,257.45001220703125,338.17999267578125,611.02197265625,82.58499908447266,327.05999755859375,257.5263977050781,338.57000732421875,611.2100219726562,82.61990356445312,326.70001220703125,257.19000244140625,338.0025939941406,610.239990234375,82.51000213623047,326.8450927734375,257.260009765625,338.4800109863281,610.760009765625,82.54000091552734,57030.0,63687,19613.0,74224.0,77576.0
2026-09-03 10:12:00-04:00,327.32501220703125,257.3399963378906,337.8125,610.9099731445312,82.58000183105469,327.4100036621094,257.4800109863281,338.19000244140625,611.2100219726562,82.5999984741211,327.0199890136719,257.2699890136719,337.7799987792969,610.4600219726562,82.55490112304688,327.07000732421875,257.3800048828125,338.1700134277344,611.2100219726562,82.58999633789062,75996.0,46619,25538.0,40552.0,28006.0
2026-09-03 10:13:00-04:00,327.5199890136719,257.3800048828125,337.8428955078125,610.8599853515625,82.56999969482422,327.57989501953125,257.3999938964844,338.0,611.4799194335938,82.58599853515625,327.19000244140625,257.17999267578125,337.6449890136719,610.2999877929688,82.5199966430664,327.3399963378906,257.32000732421875,337.8135986328125,610.9249877929688,82.58000183105469,89981.0,81406,19812.0,30164.0,30154.0
2026-09-03 10:14:00-04:00,328.1300048828125,257.4599914550781,338.6000061035156,611.6400146484375,82.58000183105469,328.1300048828125,257.5,338.6000061035156,611.9400024414062,82.58999633789062,327.5350036621094,257.1300048828125,337.8500061035156,610.6799926757812,82.5250015258789,327.5350036621094,257.3399963378906,337.87451171875,610.8599853515625,82.55500030517578,195485.0,60171,32522.0,28443.0,51835.0
2026-09-03 10:15:00-04:00,328.2254943847656,257.6570129394531,338.739990234375,612.1806030273438,82.66000366210938,328.44000244140625,257.7799987792969,338.8800048828125,612.3699951171875,82.73999786376953,328.0,257.4588928222656,338.5,611.1599731445312,82.58999633789062,328.1300048828125,257.4599914550781,338.57000732421875,611.77001953125,82.58999633789062,181083.0,98495,18708.0,46007.0,84213.0
2026-09-03 10:16:00-04:00,328.2755126953125,257.57000732421875,338.4049987792969,611.3099975585938,82.58000183105469,328.539794921875,257.8699951171875,338.7898864746094,612.194580078125,82.66000366210938,328.11871337890625,257.510009765625,338.3800048828125,610.6300048828125,82.55999755859375,328.2300109863281,257.739990234375,338.7898864746094,612.1400146484375,82.66000366210938,123891.0,54603,18171.0,62322.0,40437.0
2026-09-03 10:17:00-04:00,328.260009765625,257.54998779296875,338.5150146484375,611.7899780273438,82.4000015258789,328.30999755859375,257.70001220703125,338.5400085449219,611.9699096679688,82.5999984741211,328.0400085449219,257.4200134277344,338.30999755859375,611.1962280273438,82.3949966430664,328.29541015625,257.5899963378906,338.4049987792969,611.343994140625,82.58000183105469,107921.0,53920,29799.0,21993.0,76599.0
2026-09-03 10:18:00-04:00,328.3077087402344,257.4599914550781,338.55499267578125,610.739990234375,82.36000061035156,328.364990234375,257.6400146484375,338.6499938964844,611.8143920898438,82.41000366210938,328.0801086425781,257.4200134277344,338.4800109863281,610.3699951171875,82.31999969482422,328.239990234375,257.5299987792969,338.5150146484375,611.5601196289062,82.41000366210938,82243.0,43523,24261.0,28495.0,49612.0
2026-09-03 10:19:00-04:00,328.70001220703125,257.2200012207031,338.8800048828125,610.6898803710938,82.34500122070312,328.70220947265625,257.54998779296875,338.9599914550781,611.0,82.38999938964844,328.20001220703125,257.2200012207031,338.44000244140625,610.510009765625,82.30000305175781,328.32000732421875,257.4599914550781,338.5849914550781,610.85498046875,82.34010314941406,101688.0,134886,19205.0,26645.0,36073.0
2026-09-03 10:20:00-04:00,328.6449890136719,257.2699890136719,338.70001220703125,611.1699829101562,82.3499984741211,328.7950134277344,257.5,338.92999267578125,611.7100219726562,82.38999938964844,328.5400085449219,257.1000061035156,338.6499938964844,610.5800170898438,82.26000213623047,328.70001220703125,257.25,338.92999267578125,610.6749877929688,82.33499908447266,119572.0,61895,17948.0,52395.0,62229.0
2026-09-03 10:21:00-04:00,328.82000732421875,257.2430114746094,338.3804931640625,610.9796142578125,82.37999725341797,328.94989013671875,257.45001220703125,338.7900085449219,611.5,82.43499755859375,328.63031005859375,257.18011474609375,338.3299865722656,610.8400268554688,82.3499984741211,328.6499938964844,257.34991455078125,338.7149963378906,611.3699951171875,82.35800170898438,113077.0,48586,24768.0,40782.0,32974.0
2026-09-03 10:22:00-04:00,329.0398864746094,256.9100036621094,338.3699951171875,610.72998046875,82.34500122070312,329.0799865722656,257.3099060058594,338.55999755859375,611.1530151367188,82.39990234375,328.760009765625,256.9100036621094,338.28009033203125,610.6599731445312,82.30500030517578,328.80499267578125,257.20001220703125,338.4150085449219,611.0,82.37999725341797,162753.0,98677,17150.0,25673.0,42723.0
2026-09-03 10:23:00-04:00,329.2401123046875,257.07501220703125,338.489990234375,610.9500122070312,82.28009796142578,329.2799987792969,257.1700134277344,338.5899963378906,611.0999755859375,82.36000061035156,328.9700012207031,256.93060302734375,338.3800048828125,610.7100219726562,82.25,329.0398864746094,256.95001220703125,338.3800048828125,610.97998046875,82.3499984741211,114686.0,63708,17122.0,21445.0,90801.0
2026-09-03 10:24:00-04:00,329.1654052734375,257.1889953613281,338.42608642578125,610.7050170898438,82.30159759521484,329.29998779296875,257.25,338.55999755859375,611.2470092773438,82.34989929199219,329.135009765625,257.07000732421875,338.3599853515625,610.6599731445312,82.27269744873047,329.23260498046875,257.1000061035156,338.510009765625,610.969970703125,82.28690338134766,90398.0,57826,12389.0,21166.0,45049.0
2026-09-03 10:25:00-04:00,329.2099914550781,257.0899963378906,338.2049865722656,610.8701171875,82.36000061035156,329.2300109863281,257.17999267578125,338.435791015625,611.0598754882812,82.41999816894531,328.9200134277344,257.0350036621094,338.20001220703125,610.1500244140625,82.26000213623047,329.1585998535156,257.17999267578125,338.42999267578125,610.7100219726562,82.30500030517578,211742.0,47602,13409.0,39823.0,45547.0
2026-09-03 10:26:00-04:00,329.9049987792969,257.0683898925781,338.45001220703125,610.7000122070312,82.37999725341797,329.94000244140625,257.25,338.6000061035156,611.239990234375,82.41500091552734,329.1462097167969,257.0199890136719,338.1499938964844,610.6099853515625,82.3499984741211,329.18499755859375,257.1199951171875,338.1499938964844,610.969970703125,82.41000366210938,188938.0,72530,12808.0,25342.0,29075.0
2026-09-03 10:27:00-04:00,330.1300048828125,257.010009765625,338.760009765625,611.0999755859375,82.37000274658203,330.2099914550781,257.0950012207031,338.7699890136719,611.1900024414062,82.3917007446289,329.7799987792969,256.91009521484375,338.3699951171875,610.5999755859375,82.3550033569336,329.8900146484375,257.0400085449219,338.4898986816406,610.8200073242188,82.375,524805.0,55870,22421.0,32661.0,23309.0
2026-09-03 10:28:00-04:00,329.9750061035156,257.11968994140625,338.875,611.1400146484375,82.41999816894531,330.30999755859375,257.17498779296875,338.92999267578125,611.3499145507812,82.4561996459961,329.8299865722656,257.010009765625,338.760009765625,610.469970703125,82.36000061035156,330.135009765625,257.010009765625,338.8500061035156,610.9349975585938,82.37000274658203,247649.0,42993,23630.0,39054.0,20959.0
2026-09-03 10:29:00-04:00,329.7149963378906,257.7799987792969,339.0434875488281,612.25,82.37000274658203,330.07049560546875,257.82000732421875,339.0799865722656,612.3800048828125,82.43990325927734,329.70001220703125,257.07501220703125,338.8500061035156,610.9400024414062,82.37000274658203,329.9700012207031,257.07501220703125,338.8699951171875,611.2000122070312,82.41000366210938,139183.0,84179,35580.0,58820.0,23128.0
2026-09-03 10:30:00-04:00,330.30999755859375,257.9599914550781,339.1449890136719,612.844970703125,82.41000366210938,330.3599853515625,257.989990234375,339.20001220703125,613.114990234375,82.44000244140625,329.7099914550781,257.6600036621094,339.0,611.5999755859375,82.375,329.7149963378906,257.6745910644531,339.0400085449219,612.2550048828125,82.37999725341797,152239.0,74569,30276.0,85812.0,34362.0
2026-09-03 10:31:00-04:00,330.45001220703125,257.8349914550781,339.0150146484375,611.6099853515625,82.4000015258789,330.6050109863281,257.989990234375,339.1499938964844,613.0900268554688,82.43009948730469,330.2099914550781,257.6619873046875,338.7799987792969,611.2999877929688,82.38999938964844,330.31500244140625,257.94500732421875,339.1499938964844,612.9400024414062,82.42009735107422,227904.0,63696,23090.0,54029.0,16406.0
2026-09-03 10:32:00-04:00,330.3349914550781,257.9150085449219,339.1700134277344,611.969970703125,82.41010284423828,330.67999267578125,258.04998779296875,339.17138671875,612.0,82.43499755859375,330.1549987792969,257.7814025878906,338.9700012207031,611.3900146484375,82.375,330.45989990234375,257.80999755859375,339.0199890136719,611.4650268554688,82.4000015258789,190679.0,69820,26730.0,18889.0,19408.0
2026-09-03 10:33:00-04:00,329.9400939941406,257.94000244140625,338.7650146484375,611.3400268554688,82.33000183105469,330.44989013671875,258.17999267578125,339.25,612.22998046875,82.44000244140625,329.9400939941406,257.8999938964844,338.7650146484375,611.3099975585938,82.33000183105469,330.3500061035156,257.92999267578125,339.1700134277344,611.9249877929688,82.42009735107422,115675.0,63160,59481.0,26319.0,28054.0
2026-09-03 10:34:00-04:00,329.4200134277344,257.760009765625,338.45001220703125,610.8099975585938,82.22000122070312,330.0,257.93499755859375,338.8399963378906,611.3400268554688,82.33000183105469,329.368896484375,257.6611022949219,338.45001220703125,610.5100708007812,82.20500183105469,329.9400939941406,257.90509033203125,338.7650146484375,611.3400268554688,82.31999969482422,133618.0,45477,11789.0,21817.0,30697.0
2026-09-03 10:35:00-04:00,329.56500244140625,257.9949951171875,338.5950012207031,611.6950073242188,82.2251968383789,329.7049865722656,258.06201171875,338.875,612.0700073242188,82.27999877929688,329.2799987792969,257.6400146484375,338.4549865722656,610.77001953125,82.22000122070312,329.41009521484375,257.7900085449219,338.4549865722656,610.8150024414062,82.22000122070312,140417.0,94614,15867.0,17065.0,29543.0
2026-09-03 10:36:00-04:00,329.44500732421875,257.80999755859375,338.5,611.1119995117188,82.18000030517578,329.92999267578125,258.0,338.7850036621094,611.8200073242188,82.2300033569336,329.44000244140625,257.79998779296875,338.4949951171875,611.010009765625,82.17500305175781,329.54998779296875,257.9599914550781,338.6199951171875,611.7050170898438,82.22000122070312,80834.0,39988,12143.0,15921.0,22187.0
2026-09-03 10:37:00-04:00,329.07000732421875,257.7301025390625,338.20001220703125,610.7000122070312,82.18000030517578,329.489990234375,257.89990234375,338.5140075683594,611.7899780273438,82.19000244140625,329.0,257.67999267578125,338.0899963378906,610.5800170898438,82.0999984741211,329.4200134277344,257.7699890136719,338.4849853515625,611.2000122070312,82.18000030517578,93541.0,40784,19203.0,31575.0,42920.0
2026-09-03 10:38:00-04:00,328.7049865722656,257.57501220703125,338.3999938964844,610.4400024414062,82.16000366210938,329.0899963378906,257.8804016113281,338.67999267578125,610.89990234375,82.20999908447266,328.6300048828125,257.5400085449219,338.16009521484375,610.0900268554688,82.16000366210938,329.0799865722656,257.7300109863281,338.16009521484375,610.7000122070312,82.18009948730469,94736.0,48249,42659.0,66851.0,45424.0
2026-09-03 10:39:00-04:00,328.375,257.3699951171875,338.4200134277344,609.510009765625,82.1050033569336,328.769287109375,257.57501220703125,338.57501220703125,610.5380249023438,82.1500015258789,328.19000244140625,257.3299865722656,338.29998779296875,609.3300170898438,82.0999984741211,328.7200012207031,257.57501220703125,338.45001220703125,610.4400024414062,82.1500015258789,98204.0,53783,36769.0,135480.0,24249.0
2026-09-03 10:40:00-04:00,328.1700134277344,257.2099914550781,338.2550048828125,609.3101196289062,82.06999969482422,328.4200134277344,257.39990234375,338.4100036621094,609.6799926757812,82.1050033569336,327.9200134277344,257.1499938964844,338.1300048828125,608.7005004882812,82.06999969482422,328.375,257.3599853515625,338.4100036621094,609.510009765625,82.1050033569336,192407.0,41603,28121.0,61096.0,68260.0
2026-09-03 10:41:00-04:00,328.17999267578125,257.6199951171875,338.5899963378906,611.0050048828125,82.05000305175781,328.3299865722656,257.6199951171875,338.6000061035156,611.0700073242188,82.06999969482422,328.1000061035156,257.215087890625,338.2449951171875,609.1400146484375,81.93499755859375,328.1600036621094,257.2200012207031,338.2554016113281,609.346923828125,82.05999755859375,116696.0,32613,25769.0,65439.0,125722.0
2026-09-03 10:42:00-04:00,328.4100036621094,257.7550048828125,338.9200134277344,610.7000122070312,82.14510345458984,328.4849853515625,257.8900146484375,339.0400085449219,611.1900024414062,82.16999816894531,328.1000061035156,257.6000061035156,338.6000061035156,610.6500244140625,82.05999755859375,328.17999267578125,257.6000061035156,338.6000061035156,611.0050048828125,82.05999755859375,67631.0,44148,44957.0,27704.0,28324.0
2026-09-03 10:43:00-04:00,328.25,257.5199890136719,338.9100036621094,610.4650268554688,81.99500274658203,328.4750061035156,257.7650146484375,338.95001220703125,610.7899780273438,82.13990020751953,328.2200012207031,257.42999267578125,338.6700134277344,609.9550170898438,81.9800033569336,328.3905944824219,257.760009765625,338.92498779296875,610.5900268554688,82.13990020751953,46814.0,24939,38754.0,42710.0,27580.0
2026-09-03 10:44:00-04:00,328.31500244140625,257.5899963378906,338.9800109863281,611.489990234375,82.06999969482422,328.67498779296875,257.659912109375,339.1700134277344,611.6799926757812,82.08000183105469,328.2449951171875,257.3731994628906,338.8699951171875,610.2600708007812,81.97720336914062,328.2554016113281,257.54998779296875,338.9100036621094,610.469970703125,81.98999786376953,80586.0,24335,30471.0,54048.0,30205.0
2026-09-03 10:45:00-04:00,328.3399963378906,257.5201110839844,338.81500244140625,610.98291015625,82.07080078125,328.4599914550781,257.6400146484375,339.1099853515625,611.6699829101562,82.08000183105469,328.2301025390625,257.44000244140625,338.68499755859375,610.9000244140625,82.05000305175781,328.2900085449219,257.5799865722656,338.989990234375,611.5449829101562,82.06999969482422,58989.0,23690,27393.0,28820.0,19568.0
2026-09-03 10:46:00-04:00,328.5400085449219,257.2300109863281,338.3399963378906,609.9299926757812,82.02999877929688,328.6098937988281,257.5299987792969,338.8299865722656,611.1998901367188,82.06999969482422,328.2900085449219,257.2200012207031,338.3399963378906,609.7999877929688,82.0,328.3399963378906,257.5299987792969,338.79998779296875,610.9550170898438,82.06999969482422,277679.0,26275,23000.0,56352.0,34498.0
2026-09-03 10:47:00-04:00,328.56500244140625,257.3800048828125,338.3699951171875,610.239990234375,82.05500030517578,328.6841125488281,257.4100036621094,338.4473876953125,610.5800170898438,82.06690216064453,328.4599914550781,257.0199890136719,338.1449890136719,609.6400146484375,82.01000213623047,328.5450134277344,257.2200012207031,338.29998779296875,609.9299926757812,82.0250015258789,65710.0,45262,21444.0,25189.0,25327.0
2026-09-03 10:48:00-04:00,328.67999267578125,257.32000732421875,338.510009765625,610.2650146484375,82.05120086669922,328.7499084472656,257.3699951171875,338.5421142578125,610.489990234375,82.08999633789062,328.510009765625,257.2049865722656,338.1499938964844,609.5,82.04000091552734,328.55499267578125,257.3599853515625,338.3099060058594,610.239990234375,82.05500030517578,56846.0,23313,12192.0,27057.0,21450.0
2026-09-03 10:49:00-04:00,328.860107421875,257.4800109863281,338.5600891113281,610.7493286132812,82.1238021850586,328.8999938964844,257.5,338.57501220703125,610.989990234375,82.13279724121094,328.614990234375,257.25,338.214599609375,609.7200927734375,82.05000305175781,328.6600036621094,257.3500061035156,338.4599914550781,610.2650146484375,82.06500244140625,82415.0,33424,15436.0,28380.0,19242.0
2026-09-03 10:50:00-04:00,328.80499267578125,257.1600036621094,338.6499938964844,610.7899780273438,82.05500030517578,328.9200134277344,257.44000244140625,338.6705017089844,610.97998046875,82.12999725341797,328.6199951171875,257.1099853515625,338.3100891113281,610.22998046875,82.04000091552734,328.9100036621094,257.44000244140625,338.5950012207031,610.8250122070312,82.12999725341797,52831.0,28189,30933.0,18179.0,28352.0
2026-09-03 10:51:00-04:00,328.53070068359375,256.885009765625,338.3734130859375,610.5599975585938,81.99500274658203,328.80499267578125,257.1400146484375,338.739990234375,610.9299926757812,82.05000305175781,328.5199890136719,256.81768798828125,338.3387145996094,610.219970703125,81.99500274658203,328.79010009765625,257.1400146484375,338.6400146484375,610.6329956054688,82.05000305175781,41256.0,46205,9083.0,13460.0,19705.0
2026-09-03 10:52:00-04:00,328.1400146484375,256.6499938964844,338.125,608.8699951171875,81.92500305175781,328.5299987792969,256.9200134277344,338.4794006347656,610.4450073242188,81.98999786376953,328.1400146484375,256.6499938964844,338.1050109863281,608.8300170898438,81.91999816894531,328.5299987792969,256.8800048828125,338.4150085449219,610.4099731445312,81.989501953125,58299.0,58575,15625.0,35989.0,23953.0
2026-09-03 10:53:00-04:00,327.7099914550781,256.5398864746094,338.0224914550781,608.2849731445312,81.93000030517578,328.2298889160156,256.7300109863281,338.19500732421875,608.9498901367188,81.94000244140625,327.6600036621094,256.44000244140625,337.94500732421875,608.1199951171875,81.88999938964844,328.1199951171875,256.67999267578125,338.17999267578125,608.8800048828125,81.91999816894531,89147.0,64396,27058.0,83847.0,31745.0
2026-09-03 10:54:00-04:00,328.1300048828125,256.7149963378906,338.57000732421875,609.1799926757812,82.01000213623047,328.1400146484375,256.7340087890625,338.5799865722656,609.4428100585938,82.01000213623047,327.6860046386719,256.4901123046875,337.9018859863281,607.7100219726562,81.93170166015625,327.7051086425781,256.5199890136719,338.0199890136719,608.2269287109375,81.93499755859375,74968.0,55659,22511.0,70923.0,29372.0
2026-09-03 10:55:00-04:00,328.3299865722656,256.67919921875,338.215087890625,609.0599975585938,81.99530029296875,328.3299865722656,256.760009765625,338.57000732421875,609.9099731445312,82.03500366210938,328.0775146484375,256.5150146484375,338.1000061035156,608.9099731445312,81.95500183105469,328.1051940917969,256.7149963378906,338.5199890136719,609.4199829101562,82.01000213623047,68678.0,54227,26897.0,40722.0,26359.0
2026-09-03 10:56:00-04:00,328.17999267578125,256.2799987792969,337.67498779296875,608.1900024414062,82.0250015258789,328.3399963378906,256.7699890136719,338.260009765625,609.219970703125,82.02999877929688,327.6099853515625,256.2099914550781,337.5,607.2000122070312,81.80999755859375,328.3399963378906,256.6499938964844,338.239990234375,609.0601196289062,82.0,145654.0,154427,57940.0,56294.0,146245.0
2026-09-03 10:57:00-04:00,328.135009765625,256.364990234375,337.57000732421875,608.2899780273438,81.97989654541016,328.239990234375,256.3999938964844,337.7950134277344,608.8499755859375,82.02999877929688,327.9700012207031,256.07000732421875,337.3800048828125,608.030029296875,81.97000122070312,328.17999267578125,256.2744140625,337.67498779296875,608.0819702148438,82.02999877929688,62056.0,109873,19686.0,44504.0,18878.0
2026-09-03 10:58:00-04:00,328.1499938964844,256.45001220703125,337.42999267578125,608.760009765625,82.12000274658203,328.3299865722656,256.5,337.78399658203125,609.0712280273438,82.12000274658203,328.1400146484375,256.2699890136719,337.42999267578125,608.2249755859375,81.94499969482422,328.1700134277344,256.3599853515625,337.57000732421875,608.2449951171875,81.97000122070312,47964.0,51020,17036.0,30132.0,64221.0
2026-09-03 10:59:00-04:00,327.9849853515625,256.5721130371094,337.55999755859375,608.9650268554688,82.16500091552734,328.17999267578125,256.6000061035156,337.7300109863281,608.9650268554688,82.16999816894531,327.8688049316406,256.2699890136719,337.4750061035156,608.2100219726562,82.09500122070312,328.1499938964844,256.45001220703125,337.4750061035156,608.760009765625,82.11499786376953,56372.0,128498,13351.0,24049.0,36960.0
2026-09-03 11:00:00-04:00,328.989990234375,256.489990234375,337.54998779296875,609.0599975585938,82.25499725341797,328.989990234375,256.760009765625,337.7300109863281,609.3200073242188,82.38999938964844,328.010009765625,256.4100036621094,337.489990234375,608.8099975585938,82.16500091552734,328.0199890136719,256.5799865722656,337.5400085449219,608.9650268554688,82.16999816894531,117204.0,46770,19929.0,38324.0,181371.0
2026-09-03 11:01:00-04:00,328.875,256.8500061035156,337.4599914550781,608.85498046875,82.375,329.0799865722656,256.94000244140625,337.6549987792969,609.2412719726562,82.37999725341797,328.65008544921875,256.4949951171875,337.3699951171875,608.5999755859375,82.26499938964844,328.9750061035156,256.4949951171875,337.54998779296875,609.0599975585938,82.26499938964844,120461.0,58765,17624.0,24219.0,79327.0
2026-09-03 11:02:00-04:00,328.6199951171875,256.7200012207031,337.489990234375,608.6900024414062,82.37000274658203,328.8800048828125,257.0,337.5950012207031,609.0150146484375,82.41000366210938,328.6000061035156,256.7200012207031,337.4700012207031,608.22998046875,82.37000274658203,328.82000732421875,256.8399963378906,337.510009765625,608.864990234375,82.37999725341797,87451.0,47368,13832.0,22489.0,39325.0
2026-09-03 11:03:00-04:00,328.9200134277344,257.4200134277344,337.8800048828125,609.7999877929688,82.45999908447266,328.9700012207031,257.45001220703125,338.010009765625,609.97998046875,82.47000122070312,328.5299987792969,256.7200012207031,337.489990234375,608.6900024414062,82.3604965209961,328.54998779296875,256.7200012207031,337.510009765625,608.7100219726562,82.37550354003906,58635.0,93784,20968.0,53448.0,26700.0
2026-09-03 11:04:00-04:00,329.20001220703125,257.6499938964844,338.03759765625,609.9600219726562,82.45999908447266,329.2200012207031,257.6600036621094,338.1099853515625,610.0,82.48999786376953,328.8699951171875,257.2601013183594,337.8500061035156,609.0,82.33000183105469,328.8999938964844,257.3900146484375,337.85009765625,609.7999877929688,82.45999908447266,54638.0,75564,19455.0,30968.0,148813.0
2026-09-03 11:05:00-04:00,329.4100036621094,257.9150085449219,337.9200134277344,610.3900146484375,82.46499633789062,329.49749755859375,257.9549865722656,338.1199951171875,610.4299926757812,82.5199966430664,329.2449951171875,257.7099914550781,337.6600036621094,609.6179809570312,82.41010284423828,329.260009765625,257.7099914550781,338.0899963378906,609.8900146484375,82.5,88994.0,70833,20325.0,40858.0,63716.0
2026-09-03 11:06:00-04:00,329.5799865722656,257.6600036621094,337.4599914550781,611.3693237304688,82.51000213623047,329.5799865722656,257.93499755859375,337.9200134277344,611.3693237304688,82.51000213623047,329.364990234375,257.489990234375,337.3500061035156,610.0501098632812,82.4572982788086,329.4043884277344,257.93499755859375,337.9100036621094,610.4998779296875,82.46499633789062,83396.0,66265,81055.0,54810.0,34271.0
2026-09-03 11:07:00-04:00,329.67999267578125,257.6600036621094,337.385009765625,610.5599975585938,82.42500305175781,329.760009765625,257.7699890136719,337.5299987792969,611.3585815429688,82.5,329.5400085449219,257.5350036621094,337.260009765625,610.3300170898438,82.41000366210938,329.5899963378906,257.614990234375,337.42999267578125,611.25,82.5,73488.0,42851,16686.0,23028.0,32833.0
2026-09-03 11:08:00-04:00,329.7950134277344,257.7699890136719,337.8900146484375,611.260009765625,82.45999908447266,329.8349914550781,257.7699890136719,337.9100036621094,611.260009765625,82.47000122070312,329.6199951171875,257.6099853515625,337.3550109863281,610.4600219726562,82.38999938964844,329.67999267578125,257.6883850097656,337.3599853515625,610.5599975585938,82.41999816894531,57795.0,31604,17680.0,23531.0,20767.0
2026-09-03 11:09:00-04:00,330.0450134277344,257.93499755859375,337.9580078125,611.6649780273438,82.44999694824219,330.05999755859375,258.0,338.2699890136719,611.7750244140625,82.4800033569336,329.7461853027344,257.839599609375,337.9100036621094,610.969970703125,82.43000030517578,329.82000732421875,257.864990234375,337.9100036621094,611.27001953125,82.47000122070312,84762.0,43247,24548.0,46416.0,20093.0
2026-09-03 11:10:00-04:00,330.5299987792969,257.8299865722656,338.0249938964844,612.8099975585938,82.44000244140625,330.5799865722656,257.91009521484375,338.04998779296875,612.8900146484375,82.45500183105469,330.0450134277344,257.69000244140625,337.8200988769531,611.5399780273438,82.41000366210938,330.04998779296875,257.91009521484375,337.9800109863281,611.6649780273438,82.44999694824219,114261.0,22023,11400.0,36416.0,16663.0
2026-09-03 11:11:00-04:00,330.5885009765625,257.79998779296875,338.3699951171875,614.0650024414062,82.45500183105469,330.7349853515625,257.989990234375,338.3999938964844,614.219970703125,82.45999908447266,330.4100036621094,257.7701110839844,337.8800048828125,612.5,82.40280151367188,330.52301025390625,257.8399963378906,338.04998779296875,612.8099975585938,82.43000030517578,108488.0,37933,14089.0,69500.0,25013.0
2026-09-03 11:12:00-04:00,330.67999267578125,257.8351135253906,338.510986328125,614.6199951171875,82.4000015258789,330.80999755859375,257.9649963378906,338.6400146484375,614.8499755859375,82.4800033569336,330.510009765625,257.81500244140625,338.3699951171875,613.880126953125,82.4000015258789,330.5950012207031,257.82501220703125,338.3699951171875,614.0700073242188,82.45500183105469,84889.0,35112,19576.0,72395.0,50946.0
2026-09-03 11:13:00-04:00,330.614990234375,257.8500061035156,338.8599853515625,614.6719970703125,82.37999725341797,330.7200012207031,257.8699951171875,338.8800048828125,614.77001953125,82.40499877929688,330.45001220703125,257.739990234375,338.4800109863281,614.3800048828125,82.37000274658203,330.6600036621094,257.8349914550781,338.5350036621094,614.5900268554688,82.3949966430664,96097.0,30072,25259.0,68490.0,24157.0
2026-09-03 11:14:00-04:00,330.4649963378906,257.885009765625,339.0899963378906,615.0549926757812,82.45999908447266,330.6400146484375,257.95001220703125,339.0899963378906,615.1699829101562,82.51000213623047,330.3399963378906,257.7406005859375,338.75,613.780029296875,82.37000274658203,330.614990234375,257.8500061035156,338.8550109863281,614.6300048828125,82.37000274658203,56876.0,29439,49880.0,111937.0,64584.0
2026-09-03 11:15:00-04:00,330.6050109863281,258.0350036621094,339.2499084472656,615.7999877929688,82.44999694824219,330.760009765625,258.125,339.2799987792969,616.5999755859375,82.51000213623047,330.3399963378906,257.8500061035156,338.989990234375,614.8499755859375,82.44000244140625,330.5,257.94000244140625,339.07000732421875,614.8499755859375,82.4800033569336,181277.0,82230,26556.0,84209.0,26816.0
2026-09-03 11:16:00-04:00,330.57000732421875,258.239990234375,339.239990234375,615.5700073242188,82.37999725341797,330.70001220703125,258.29998779296875,339.260009765625,615.8817138671875,82.48500061035156,330.5199890136719,258.0199890136719,339.114990234375,615.2830200195312,82.37999725341797,330.6050109863281,258.0299987792969,339.2250061035156,615.7949829101562,82.44000244140625,59334.0,54197,16380.0,47323.0,21955.0
2026-09-03 11:17:00-04:00,330.360107421875,258.3900146484375,339.5,615.7899169921875,82.47000122070312,330.697998046875,258.3999938964844,339.5,615.7899780273438,82.4800033569336,330.2099914550781,258.1300048828125,339.1199951171875,615.010009765625,82.36000061035156,330.55999755859375,258.2384033203125,339.2900085449219,615.72998046875,82.38610076904297,125886.0,55404,24592.0,37535.0,23659.0
2026-09-03 11:18:00-04:00,330.1600036621094,258.1199951171875,339.43499755859375,616.5150146484375,82.4905014038086,330.4100036621094,258.3800048828125,339.5,616.659912109375,82.51000213623047,330.0400085449219,257.70001220703125,339.3299865722656,615.530029296875,82.4343032836914,330.364990234375,258.3699951171875,339.4599914550781,615.7899169921875,82.45999908447266,125903.0,152939,32012.0,63721.0,47621.0
2026-09-03 11:19:00-04:00,330.05999755859375,258.2699890136719,339.35540771484375,617.3049926757812,82.52999877929688,330.3135070800781,258.32000732421875,339.4800109863281,617.5700073242188,82.52999877929688,329.8699951171875,257.8999938964844,339.1000061035156,616.485107421875,82.48500061035156,330.17999267578125,258.0400085449219,339.3999938964844,616.5399780273438,82.5,75257.0,66764,18554.0,85927.0,22243.0
2026-09-03 11:20:00-04:00,330.05999755859375,258.30999755859375,339.55999755859375,617.6199951171875,82.54000091552734,330.1300048828125,258.3800048828125,339.75,617.6199951171875,82.54000091552734,329.94000244140625,258.0799865722656,339.3605041503906,616.6536865234375,82.51000213623047,330.0783996582031,258.239990234375,339.3999938964844,617.1749877929688,82.5199966430664,63736.0,32741,45709.0,28111.0,27879.0
2026-09-03 11:21:00-04:00,330.2699890136719,258.239990234375,339.2900085449219,617.4099731445312,82.5,330.3299865722656,258.3900146484375,339.6000061035156,618.0900268554688,82.55000305175781,330.0419921875,258.17999267578125,339.2300109863281,617.25,82.44999694824219,330.05999755859375,258.30511474609375,339.5299987792969,617.4600219726562,82.55000305175781,64246.0,39786,18307.0,106170.0,49428.0
2026-09-03 11:22:00-04:00,329.9400939941406,258.5400085449219,339.3699951171875,618.7305297851562,82.53140258789062,330.2799987792969,258.5799865722656,339.4599914550781,618.8499755859375,82.53140258789062,329.9100036621094,258.19500732421875,339.1449890136719,617.0999755859375,82.4800033569336,330.2633056640625,258.2301025390625,339.239990234375,617.5,82.5,70145.0,47135,25738.0,83866.0,25348.0
2026-09-03 11:23:00-04:00,329.82000732421875,258.7650146484375,339.6700134277344,619.4000244140625,82.58000183105469,330.1000061035156,258.8699951171875,339.69000244140625,619.4199829101562,82.5999984741211,329.79998779296875,258.5299987792969,339.3599853515625,618.5900268554688,82.52010345458984,329.9599914550781,258.5299987792969,339.3800048828125,618.77001953125,82.52999877929688,65370.0,57084,46159.0,109029.0,46255.0
2026-09-03 11:24:00-04:00,329.5299072265625,258.6499938964844,339.3900146484375,618.7426147460938,82.51100158691406,329.8500061035156,258.8450012207031,339.69000244140625,619.4400024414062,82.58000183105469,329.52398681640625,258.6199951171875,339.3900146484375,618.719970703125,82.51100158691406,329.8299865722656,258.79998779296875,339.69000244140625,619.364990234375,82.57499694824219,85327.0,60144,26284.0,89831.0,28933.0
2026-09-03 11:25:00-04:00,329.7550048828125,258.4049987792969,339.3299865722656,618.2999877929688,82.44960021972656,329.760009765625,258.7049865722656,339.4849853515625,618.8300170898438,82.51499938964844,329.4800109863281,258.2900085449219,339.2699890136719,617.8900146484375,82.44499969482422,329.5199890136719,258.6700134277344,339.3949890136719,618.739990234375,82.5,54695.0,110088,37884.0,63462.0,31048.0
2026-09-03 11:26:00-04:00,330.2300109863281,258.4150085449219,339.3599853515625,618.4199829101562,82.43499755859375,330.260009765625,258.44989013671875,339.4100036621094,618.7899780273438,82.45999908447266,329.7101135253906,258.29998779296875,339.25,618.0302734375,82.41280364990234,329.7550048828125,258.3800048828125,339.31500244140625,618.25,82.44499969482422,93784.0,39339,24891.0,34666.0,27835.0
2026-09-03 11:27:00-04:00,330.19000244140625,258.489990234375,339.44000244140625,617.5499877929688,82.40010070800781,330.2699890136719,258.5400085449219,339.4599914550781,618.7999877929688,82.44000244140625,330.0400085449219,258.2200012207031,339.29998779296875,617.2000122070312,82.38999938964844,330.2099914550781,258.4049987792969,339.3599853515625,618.4210205078125,82.43000030517578,248704.0,46651,29273.0,61843.0,34968.0
2026-09-03 11:28:00-04:00,329.7900085449219,258.42498779296875,339.4200134277344,617.3599853515625,82.44000244140625,330.17999267578125,258.5,339.4800109863281,617.7999877929688,82.44000244140625,329.7200927734375,258.3599853515625,339.3500061035156,616.75,82.4000015258789,330.17999267578125,258.4700012207031,339.45001220703125,617.4349975585938,82.41000366210938,173379.0,33793,34034.0,67412.0,27379.0
2026-09-03 11:29:00-04:00,329.8299865722656,258.739990234375,339.29998779296875,617.5150146484375,82.4800033569336,329.9800109863281,258.760009765625,339.54998779296875,617.6300048828125,82.51000213623047,329.75,258.4800109863281,339.2799987792969,617.0900268554688,82.42009735107422,329.7799987792969,258.4800109863281,339.3999938964844,617.2999877929688,82.44999694824219,69795.0,49574,49696.0,29943.0,32933.0
2026-09-03 11:30:00-04:00,329.9100036621094,258.7099914550781,339.32000732421875,617.6199951171875,82.47000122070312,329.9700012207031,258.80999755859375,339.3599853515625,618.0,82.51000213623047,329.7200012207031,258.5400085449219,339.1802062988281,617.2999877929688,82.44499969482422,329.8500061035156,258.760009765625,339.3299865722656,617.5150146484375,82.4800033569336,106624.0,78458,19703.0,35762.0,32816.0
2026-09-03 11:31:00-04:00,329.9280090332031,258.7200012207031,339.30999755859375,618.5700073242188,82.48999786376953,330.1300048828125,258.7749938964844,339.4800109863281,618.739990234375,82.54000091552734,329.8999938964844,258.67010498046875,339.2300109863281,617.469970703125,82.45999908447266,329.95001220703125,258.7300109863281,339.30999755859375,617.5499877929688,82.45999908447266,60320.0,40885,23831.0,48979.0,25096.0
2026-09-03 11:32:00-04:00,329.8800048828125,258.9599914550781,339.29998779296875,618.5,82.44999694824219,329.94000244140625,258.9599914550781,339.32000732421875,618.72998046875,82.48999786376953,329.7300109863281,258.7099914550781,339.14599609375,618.2100219726562,82.41999816894531,329.92498779296875,258.739990234375,339.260009765625,618.5700073242188,82.4800033569336,56559.0,99936,17767.0,29404.0,28416.0
2026-09-03 11:33:00-04:00,330.0474853515625,258.9800109863281,339.05010986328125,618.0,82.37999725341797,330.04998779296875,259.0899963378906,339.32000732421875,618.6199951171875,82.44999694824219,329.7438049316406,258.9700012207031,339.05010986328125,617.7459106445312,82.36499786376953,329.875,258.9796142578125,339.2799987792969,618.3499755859375,82.44999694824219,54050.0,75670,26132.0,38560.0,30410.0
2026-09-03 11:34:00-04:00,330.110107421875,259.0799865722656,339.3500061035156,618.6300048828125,82.41000366210938,330.19000244140625,259.1600036621094,339.3500061035156,618.739990234375,82.41999816894531,329.989990234375,258.9649963378906,339.1000061035156,617.7999877929688,82.375,330.0450134277344,258.9849853515625,339.1199951171875,618.0900268554688,82.375,54764.0,58643,13787.0,45350.0,30666.0
2026-09-03 11:35:00-04:00,330.19000244140625,259.1499938964844,339.1700134277344,617.8800048828125,82.41000366210938,330.260009765625,259.1650085449219,339.3299865722656,618.7999877929688,82.42250061035156,330.010009765625,259.01739501953125,339.07000732421875,617.8800048828125,82.36499786376953,330.1400146484375,259.0899963378906,339.3299865722656,618.6300048828125,82.41000366210938,79501.0,36956,16232.0,39506.0,30212.0
2026-09-03 11:36:00-04:00,330.010009765625,259.1549987792969,339.31500244140625,618.4699096679688,82.44000244140625,330.4800109863281,259.224609375,339.4198913574219,618.6300048828125,82.48999786376953,329.9100036621094,259.0950012207031,339.1449890136719,617.8900146484375,82.41000366210938,330.1700134277344,259.1499938964844,339.1700134277344,618.0750122070312,82.41500091552734,83247.0,44883,16808.0,35579.0,46914.0
2026-09-03 11:37:00-04:00,330.1199951171875,259.18499755859375,339.2449951171875,618.8150024414062,82.4800033569336,330.17498779296875,259.2699890136719,339.3999938964844,619.25,82.4800033569336,329.9700927734375,259.1099853515625,339.1700134277344,618.3115234375,82.41000366210938,330.0,259.18951416015625,339.30999755859375,618.3699951171875,82.44000244140625,35029.0,66385,11629.0,58779.0,19216.0
2026-09-03 11:38:00-04:00,330.0199890136719,259.2300109863281,339.30499267578125,619.1500244140625,82.51499938964844,330.1400146484375,259.32501220703125,339.3349914550781,619.3800048828125,82.5199966430664,329.918212890625,259.1199951171875,339.19500732421875,618.7197875976562,82.45999908447266,330.1400146484375,259.2149963378906,339.3099060058594,618.8150024414062,82.45999908447266,45300.0,65588,12564.0,40190.0,19730.0
2026-09-03 11:39:00-04:00,329.8399963378906,259.1400146484375,339.1400146484375,618.2000122070312,82.5,330.0199890136719,259.25,339.3399963378906,619.27001953125,82.5199966430664,329.7699890136719,259.05999755859375,339.0631103515625,618.2000122070312,82.5,330.0150146484375,259.239990234375,339.3399963378906,619.1900024414062,82.51499938964844,56608.0,31514,14116.0,44743.0,21334.0
2026-09-03 11:40:00-04:00,329.68499755859375,259.0199890136719,339.1449890136719,617.6099853515625,82.47000122070312,329.9700012207031,259.2099914550781,339.1964111328125,618.2249755859375,82.54000091552734,329.6600036621094,259.0169982910156,339.0799865722656,617.2901000976562,82.45989990234375,329.82501220703125,259.1099853515625,339.135009765625,618.2000122070312,82.50499725341797,70497.0,44705,10947.0,37868.0,22166.0
2026-09-03 11:41:00-04:00,329.4200134277344,259.04278564453125,339.0,617.9400024414062,82.47000122070312,329.7049865722656,259.0899963378906,339.20001220703125,618.2000122070312,82.47579956054688,329.239990234375,258.94000244140625,338.9599914550781,617.530029296875,82.44999694824219,329.70001220703125,259.0400085449219,339.17999267578125,617.5850219726562,82.47000122070312,62904.0,36233,21167.0,25091.0,17289.0
2026-09-03 11:42:00-04:00,329.4750061035156,259.1400146484375,339.06500244140625,617.8800048828125,82.4749984741211,329.6199951171875,259.1700134277344,339.1499938964844,618.1599731445312,82.4749984741211,329.341796875,258.9700012207031,338.95001220703125,617.2933959960938,82.44999694824219,329.44000244140625,259.0249938964844,338.989990234375,617.9400024414062,82.45999908447266,51728.0,41525,9043.0,26030.0,18785.0
2026-09-03 11:43:00-04:00,329.6199951171875,259.1300048828125,339.07000732421875,617.7999877929688,82.45500183105469,329.639892578125,259.1300048828125,339.1499938964844,617.8900146484375,82.48500061035156,329.45001220703125,259.04998779296875,339.0150146484375,617.6300048828125,82.44999694824219,329.4800109863281,259.1300048828125,339.1000061035156,617.7899780273438,82.47000122070312,32640.0,27655,14086.0,63656.0,14635.0
2026-09-03 11:44:00-04:00,329.67999267578125,258.8699951171875,338.9100036621094,617.239990234375,82.41000366210938,329.82000732421875,259.1499938964844,339.1700134277344,618.0599975585938,82.45999908447266,329.6000061035156,258.8699951171875,338.8800048828125,617.1599731445312,82.4000015258789,329.6000061035156,259.1199951171875,339.1400146484375,617.8599853515625,82.45999908447266,42203.0,33454,20420.0,25662.0,12196.0
2026-09-03 11:45:00-04:00,329.7149963378906,258.9700012207031,339.1300048828125,617.4299926757812,82.41999816894531,329.760009765625,259.03070068359375,339.1400146484375,617.5999755859375,82.44000244140625,329.6300048828125,258.8435974121094,338.91009521484375,617.0599975585938,82.41000366210938,329.69000244140625,258.8800048828125,338.94000244140625,617.1300048828125,82.41500091552734,33015.0,30649,12656.0,9676.0,12425.0
2026-09-03 11:46:00-04:00,329.6180114746094,258.92999267578125,339.27130126953125,617.3800048828125,82.44000244140625,329.8800048828125,258.9999084472656,339.32000732421875,617.7999877929688,82.44000244140625,329.6000061035156,258.8599853515625,339.0444030761719,617.0499877929688,82.4000015258789,329.7398986816406,258.9999084472656,339.1300048828125,617.4299926757812,82.41999816894531,41642.0,35001,26274.0,18096.0,29608.0
2026-09-03 11:47:00-04:00,329.5205078125,259.1449890136719,339.32000732421875,617.47998046875,82.46009826660156,329.6099853515625,259.1700134277344,339.42999267578125,617.9000244140625,82.47930145263672,329.4200134277344,258.93499755859375,339.25,617.2949829101562,82.44000244140625,329.6000061035156,258.93499755859375,339.27801513671875,617.3900146484375,82.44049835205078,30253.0,24407,17723.0,17034.0,22997.0
2026-09-03 11:48:00-04:00,329.7200012207031,259.00439453125,339.0199890136719,617.2100219726562,82.38999938964844,329.7799987792969,259.125,339.3699951171875,617.5698852539062,82.47000122070312,329.5299987792969,259.0039978027344,339.0199890136719,617.1500244140625,82.38999938964844,329.5400085449219,259.1000061035156,339.25,617.4849853515625,82.45500183105469,37491.0,40834,17675.0,21917.0,21414.0
2026-09-03 11:49:00-04:00,329.7300109863281,258.94000244140625,339.06500244140625,616.6900024414062,82.37999725341797,329.8500061035156,259.21820068359375,339.1499938964844,617.2698974609375,82.41000366210938,329.7099914550781,258.94000244140625,339.04998779296875,616.4910888671875,82.37999725341797,329.739990234375,259.0400085449219,339.05999755859375,617.182373046875,82.40630340576172,26484.0,43308,8323.0,21640.0,17005.0
2026-09-03 11:50:00-04:00,329.4100036621094,259.0849914550781,339.1400146484375,616.8150024414062,82.41000366210938,329.760009765625,259.0849914550781,339.20001220703125,616.8599853515625,82.41500091552734,329.3299865722656,258.9200134277344,338.9800109863281,616.5599975585938,82.36000061035156,329.7099914550781,258.94000244140625,339.0150146484375,616.6599731445312,82.37999725341797,46965.0,22243,12405.0,17926.0,26826.0
2026-09-03 11:51:00-04:00,329.45001220703125,259.1050109863281,339.2001037597656,617.3350219726562,82.44000244140625,329.54998779296875,259.239990234375,339.25,617.7999877929688,82.44000244140625,329.2799987792969,259.0299987792969,339.0899963378906,616.5399780273438,82.41000366210938,329.4100036621094,259.0799865722656,339.1799011230469,616.8261108398438,82.41400146484375,40080.0,48594,15908.0,38901.0,24144.0
2026-09-03 11:52:00-04:00,329.3399963378906,258.9700012207031,338.9100036621094,616.9099731445312,82.43000030517578,329.5150146484375,259.1050109863281,339.1600036621094,617.4000244140625,82.44499969482422,329.3299865722656,258.9700012207031,338.9100036621094,616.9099731445312,82.42500305175781,329.44000244140625,259.0899963378906,339.1600036621094,617.25,82.44000244140625,35854.0,39740,11089.0,13533.0,7939.0
2026-09-03 11:53:00-04:00,329.4446105957031,258.8900146484375,339.0,616.72998046875,82.41000366210938,329.4700012207031,259.0299987792969,339.08990478515625,616.9099731445312,82.44000244140625,329.3299865722656,258.8349914550781,338.8900146484375,616.6005249023438,82.41000366210938,329.3299865722656,258.9700012207031,338.9898986816406,616.77001953125,82.43000030517578,30824.0,42389,8862.0,19618.0,11861.0
2026-09-03 11:54:00-04:00,329.5403137207031,258.989990234375,338.9599914550781,616.7999877929688,82.43499755859375,329.55999755859375,258.9999084472656,339.0400085449219,616.97998046875,82.44999694824219,329.44000244140625,258.7699890136719,338.92999267578125,616.4924926757812,82.41999816894531,329.44000244140625,258.8900146484375,338.989990234375,616.7000122070312,82.41999816894531,31373.0,47179,10559.0,15122.0,13559.0
2026-09-03 11:55:00-04:00,329.375,258.82501220703125,339.0299987792969,616.9099731445312,82.44499969482422,329.6000061035156,259.010009765625,339.04998779296875,617.0700073242188,82.44999694824219,329.3700866699219,258.82501220703125,338.94000244140625,616.5,82.41999816894531,329.5400085449219,258.9599914550781,338.95001220703125,616.7000122070312,82.43000030517578,28151.0,49602,9260.0,12394.0,12096.0
2026-09-03 11:56:00-04:00,329.3710021972656,258.7049865722656,339.17999267578125,616.469970703125,82.47000122070312,329.44000244140625,258.8599853515625,339.25,616.89501953125,82.47000122070312,329.29998779296875,258.69000244140625,338.9599914550781,616.469970703125,82.41999816894531,329.389892578125,258.8349914550781,339.010009765625,616.8699951171875,82.44999694824219,30713.0,32055,22672.0,20993.0,12229.0
2026-09-03 11:57:00-04:00,329.5849914550781,258.9800109863281,339.25,616.97998046875,82.52999877929688,329.6099853515625,259.0,339.25,617.0,82.52999877929688,329.3800048828125,258.7099914550781,338.9700012207031,616.0999755859375,82.47000122070312,329.3800048828125,258.7099914550781,339.1700134277344,616.4708251953125,82.4800033569336,27590.0,34228,9000.0,36253.0,14284.0
2026-09-03 11:58:00-04:00,329.614990234375,258.9200134277344,339.17999267578125,616.9000244140625,82.55999755859375,329.70001220703125,258.9599914550781,339.2699890136719,617.219970703125,82.56999969482422,329.5299987792969,258.8299865722656,339.1300048828125,616.72998046875,82.52269744873047,329.5899963378906,258.9599914550781,339.25,616.8599853515625,82.52269744873047,28907.0,28765,22045.0,18587.0,16249.0
2026-09-03 11:59:00-04:00,329.7699890136719,259.07501220703125,339.1600036621094,616.7999877929688,82.58000183105469,329.8399963378906,259.07501220703125,339.2598876953125,617.0,82.58000183105469,329.6134948730469,258.8699951171875,339.1499938964844,616.5399780273438,82.54000091552734,329.614990234375,258.94000244140625,339.2598876953125,616.7689819335938,82.55999755859375,34315.0,34317,8389.0,13116.0,16977.0
2026-09-03 12:00:00-04:00,329.7349853515625,259.0194091796875,339.1499938964844,616.27001953125,82.58000183105469,329.7799987792969,259.19000244140625,339.2449951171875,616.75,82.58999633789062,329.5950012207031,258.98809814453125,339.1000061035156,616.2000122070312,82.53399658203125,329.75,259.0799865722656,339.1099853515625,616.75,82.56999969482422,42338.0,47167,19082.0,14645.0,18298.0
2026-09-03 12:01:00-04:00,329.8550109863281,258.8999938964844,339.239990234375,616.6599731445312,82.5999984741211,329.9798889160156,259.0400085449219,339.3299865722656,616.8350219726562,82.61799621582031,329.75,258.79998779296875,339.20001220703125,616.2100219726562,82.56999969482422,329.75,258.9917907714844,339.20001220703125,616.3400268554688,82.58499908447266,47978.0,47248,14600.0,13136.0,27231.0
2026-09-03 12:02:00-04:00,329.94000244140625,258.9649963378906,339.2838134765625,616.8099975585938,82.55500030517578,329.94000244140625,259.0050048828125,339.29998779296875,616.9500122070312,82.62000274658203,329.8399963378906,258.8301086425781,339.1499938964844,616.5999755859375,82.52999877929688,329.8800048828125,258.9100036621094,339.2900085449219,616.6365966796875,82.5999984741211,32815.0,24255,12100.0,13863.0,23455.0
2026-09-03 12:03:00-04:00,329.92498779296875,259.010009765625,339.32000732421875,617.0545043945312,82.51499938964844,330.0199890136719,259.0199890136719,339.3349914550781,617.1199951171875,82.55999755859375,329.8900146484375,258.94000244140625,339.1400146484375,616.7640991210938,82.50499725341797,329.94000244140625,258.94000244140625,339.260009765625,616.8267211914062,82.55500030517578,72208.0,29664,11999.0,29458.0,19860.0
2026-09-03 12:04:00-04:00,329.9200134277344,258.9516906738281,339.1199951171875,616.8513793945312,82.53500366210938,329.989990234375,259.0299987792969,339.32501220703125,617.1500244140625,82.54499816894531,329.8800048828125,258.92999267578125,339.1099853515625,616.7000122070312,82.5,329.92498779296875,258.9700012207031,339.29998779296875,617.0850219726562,82.51499938964844,42424.0,48048,13189.0,13041.0,24708.0
2026-09-03 12:05:00-04:00,329.6700134277344,259.00189208984375,339.0929870605469,617.2650146484375,82.5,329.9360046386719,259.05999755859375,339.3500061035156,617.8599853515625,82.53510284423828,329.6600036621094,258.8999938964844,339.0799865722656,616.6500244140625,82.4749984741211,329.9200134277344,258.9750061035156,339.1499938964844,616.9299926757812,82.52999877929688,41201.0,112904,30042.0,45204.0,22866.0
2026-09-03 12:06:00-04:00,329.6401062011719,259.04998779296875,339.0,616.7100219726562,82.53500366210938,329.70001220703125,259.125,339.1199951171875,617.5800170898438,82.55000305175781,329.6099853515625,258.9739990234375,339.0,616.6099853515625,82.5,329.6650085449219,258.9849853515625,339.1199951171875,617.2949829101562,82.5,37542.0,22474,15785.0,16576.0,23956.0
2026-09-03 12:07:00-04:00,329.5950012207031,258.9700012207031,338.8399963378906,616.1900024414062,82.54000091552734,329.69000244140625,259.0849914550781,339.068115234375,617.0,82.56999969482422,329.45001220703125,258.95001220703125,338.79998779296875,615.7999877929688,82.53500366210938,329.6400146484375,259.05999755859375,339.0350036621094,616.7050170898438,82.54000091552734,42432.0,23385,16588.0,27887.0,13791.0
2026-09-03 12:08:00-04:00,329.7049865722656,259.0,338.5992126464844,615.6649780273438,82.51000213623047,329.7200012207031,259.07000732421875,338.8299865722656,616.0999755859375,82.54499816894531,329.5799865722656,258.9599914550781,338.510009765625,615.6300048828125,82.51000213623047,329.5950012207031,258.9750061035156,338.79998779296875,616.0,82.54499816894531,53161.0,32737,14196.0,22560.0,11625.0
2026-09-03 12:09:00-04:00,329.57000732421875,258.9859924316406,338.4750061035156,615.614990234375,82.47000122070312,329.75,259.1400146484375,338.7300109863281,615.72998046875,82.51000213623047,329.57000732421875,258.9859924316406,338.4599914550781,615.4265747070312,82.44999694824219,329.7099914550781,259.0350036621094,338.6044006347656,615.6649780273438,82.51000213623047,29991.0,22591,12713.0,15718.0,58174.0
2026-09-03 12:10:00-04:00,329.7300109863281,259.20001220703125,338.52508544921875,615.9349975585938,82.45999908447266,329.760009765625,259.2336120605469,338.55999755859375,616.0,82.47000122070312,329.54998779296875,258.9800109863281,338.2799987792969,615.3049926757812,82.44000244140625,329.55999755859375,258.9800109863281,338.43499755859375,615.5399780273438,82.46499633789062,37636.0,33363,14958.0,19676.0,13360.0
2026-09-03 12:11:00-04:00,329.4504089355469,259.1099853515625,338.3399963378906,616.1099853515625,82.45999908447266,329.7850036621094,259.2049865722656,338.6289978027344,616.2000122070312,82.4749984741211,329.44000244140625,259.0450134277344,338.2900085449219,615.5260009765625,82.44499969482422,329.7300109863281,259.2049865722656,338.55999755859375,615.9349975585938,82.46499633789062,45827.0,23540,21494.0,29475.0,23595.0
2026-09-03 12:12:00-04:00,329.635009765625,259.0400085449219,338.0299987792969,615.9600219726562,82.46499633789062,329.760009765625,259.1000061035156,338.32391357421875,616.0399780273438,82.49500274658203,329.4599914550781,258.9800109863281,338.0299987792969,615.6900024414062,82.44499969482422,329.4800109863281,259.0849914550781,338.32000732421875,616.0,82.46499633789062,58634.0,20910,19432.0,15497.0,19006.0
2026-09-03 12:13:00-04:00,329.7850036621094,259.04010009765625,338.010009765625,615.9959106445312,82.47000122070312,329.95001220703125,259.06988525390625,338.1776123046875,616.1199951171875,82.47000122070312,329.6199951171875,258.9700012207031,337.9341125488281,615.860107421875,82.43000030517578,329.635009765625,259.0299987792969,338.03009033203125,615.9099731445312,82.46499633789062,68628.0,18980,24561.0,11631.0,77549.0
2026-09-03 12:14:00-04:00,330.02020263671875,259.07501220703125,337.885009765625,616.1099853515625,82.375,330.05999755859375,259.1199035644531,338.04998779296875,616.409912109375,82.4749984741211,329.7749938964844,259.0289001464844,337.8699951171875,616.0391845703125,82.36000061035156,329.7749938964844,259.07000732421875,338.0486145019531,616.0399780273438,82.46499633789062,48913.0,27271,18975.0,11122.0,45327.0
2026-09-03 12:15:00-04:00,330.010009765625,259.1499938964844,338.0201110839844,616.1199951171875,82.4000015258789,330.04998779296875,259.1499938964844,338.029296875,616.219970703125,82.41000366210938,329.9599914550781,259.0299987792969,337.79998779296875,615.8300170898438,82.33999633789062,330.0299987792969,259.04998779296875,337.8851013183594,616.02001953125,82.37999725341797,37137.0,17313,18320.0,12517.0,27022.0
2026-09-03 12:16:00-04:00,329.8800048828125,259.09600830078125,338.0199890136719,615.655029296875,82.375,330.04998779296875,259.1650085449219,338.1000061035156,616.1699829101562,82.4000015258789,329.8399963378906,259.0201110839844,337.9599914550781,615.5999755859375,82.33499908447266,330.0101013183594,259.1499938964844,338.0899963378906,616.1102294921875,82.4000015258789,39866.0,19832,14247.0,16244.0,25297.0
2026-09-03 12:17:00-04:00,329.82000732421875,259.0450134277344,338.2099914550781,615.719970703125,82.3550033569336,329.8800048828125,259.1199951171875,338.28399658203125,616.0999755859375,82.37999725341797,329.739990234375,259.0433044433594,338.03009033203125,615.610107421875,82.33999633789062,329.875,259.1000061035156,338.0400085449219,615.64501953125,82.375,30016.0,21759,12449.0,14370.0,20441.0
2026-09-03 12:18:00-04:00,329.7699890136719,258.9750061035156,338.0899963378906,615.4600219726562,82.3324966430664,329.8299865722656,259.05670166015625,338.2200012207031,615.7550048828125,82.37000274658203,329.7250061035156,258.95001220703125,338.0400085449219,615.3499755859375,82.3324966430664,329.82000732421875,259.05670166015625,338.2200012207031,615.7550048828125,82.37000274658203,26662.0,21717,21829.0,11789.0,25982.0
2026-09-03 12:19:00-04:00,329.6400146484375,258.7900085449219,338.2699890136719,615.5999755859375,82.30999755859375,329.82000732421875,259.1000061035156,338.32501220703125,615.8900146484375,82.33999633789062,329.55999755859375,258.7506103515625,338.0979919433594,615.3699951171875,82.30000305175781,329.77508544921875,258.9800109863281,338.0979919433594,615.3831787109375,82.33000183105469,50967.0,72610,16314.0,15316.0,18634.0
2026-09-03 12:20:00-04:00,329.70001220703125,258.9200134277344,338.3699951171875,615.8499755859375,82.34500122070312,329.7250061035156,258.9200134277344,338.4287109375,615.9600219726562,82.3499984741211,329.5199890136719,258.625,338.2300109863281,615.4201049804688,82.30500030517578,329.6499938964844,258.7674865722656,338.30999755859375,615.5999755859375,82.30500030517578,62425.0,40827,12432.0,9614.0,21227.0
2026-09-03 12:21:00-04:00,329.8399963378906,258.7742004394531,338.2250061035156,615.02001953125,82.30500030517578,329.8699951171875,258.92999267578125,338.3695068359375,615.8499755859375,82.3499984741211,329.68011474609375,258.70001220703125,338.19000244140625,615.02001953125,82.29499816894531,329.70001220703125,258.9200134277344,338.3349914550781,615.8499755859375,82.3499984741211,33226.0,41661,11174.0,19527.0,12993.0
2026-09-03 12:22:00-04:00,330.1200866699219,258.57501220703125,338.0249938964844,614.8099975585938,82.17749786376953,330.1499938964844,258.83990478515625,338.2799987792969,615.3900146484375,82.30999755859375,329.8599853515625,258.55999755859375,338.010009765625,614.8099975585938,82.16999816894531,329.8599853515625,258.79998779296875,338.2200012207031,615.030029296875,82.30999755859375,70138.0,37004,14392.0,29368.0,53698.0
2026-09-03 12:23:00-04:00,330.5299987792969,258.5849914550781,337.9200134277344,614.72998046875,82.13500213623047,330.57000732421875,258.6499938964844,338.0400085449219,614.9199829101562,82.17500305175781,330.1199951171875,258.3800048828125,337.885009765625,614.5900268554688,82.13500213623047,330.1400146484375,258.5775146484375,338.0350036621094,614.844970703125,82.17500305175781,100404.0,50100,19261.0,21825.0,36970.0
2026-09-03 12:24:00-04:00,330.385009765625,258.57000732421875,337.9100036621094,615.1199951171875,82.13999938964844,330.57000732421875,258.6199951171875,337.9999084472656,615.2999877929688,82.16000366210938,330.31060791015625,258.5400085449219,337.8599853515625,614.72998046875,82.12000274658203,330.5299987792969,258.5849914550781,337.9523010253906,614.72998046875,82.125,160453.0,23579,12264.0,19765.0,40712.0
2026-09-03 12:25:00-04:00,330.0400085449219,258.42999267578125,337.7149963378906,614.739990234375,82.12860107421875,330.4137878417969,258.56500244140625,337.8999938964844,615.280029296875,82.13999938964844,330.0400085449219,258.30999755859375,337.6400146484375,614.5800170898438,82.11000061035156,330.385009765625,258.56500244140625,337.8599853515625,615.0999755859375,82.13999938964844,88096.0,27811,20669.0,14047.0,21442.0
2026-09-03 12:26:00-04:00,329.9549865722656,258.32000732421875,337.6099853515625,614.6300048828125,82.12999725341797,330.06988525390625,258.4599914550781,337.81988525390625,615.0499877929688,82.1500015258789,329.8399963378906,258.260009765625,337.6099853515625,614.5800170898438,82.11499786376953,330.05499267578125,258.4599914550781,337.7185974121094,614.8599853515625,82.12999725341797,46639.0,26367,19769.0,21784.0,11625.0
2026-09-03 12:27:00-04:00,330.1650085449219,258.3450012207031,337.6000061035156,614.8200073242188,82.08000183105469,330.1650085449219,258.3500061035156,337.639892578125,614.989990234375,82.1272964477539,329.9599914550781,258.20001220703125,337.44000244140625,614.5499877929688,82.052001953125,329.9700012207031,258.30999755859375,337.6099853515625,614.655029296875,82.125,44001.0,42723,18595.0,12738.0,26009.0
2026-09-03 12:28:00-04:00,330.1199951171875,258.4800109863281,337.7699890136719,614.4000854492188,82.09500122070312,330.2200012207031,258.4800109863281,337.7850036621094,615.0800170898438,82.0999984741211,330.05999755859375,258.3399963378906,337.54998779296875,614.3699951171875,82.07499694824219,330.1700134277344,258.3500061035156,337.57000732421875,614.89501953125,82.08000183105469,50901.0,52184,11844.0,22755.0,19986.0
2026-09-03 12:29:00-04:00,330.06988525390625,258.5350036621094,337.8800048828125,614.9949951171875,82.08999633789062,330.1499938964844,258.5719909667969,337.9599914550781,615.5,82.1050033569336,329.9700012207031,258.4700012207031,337.7250061035156,614.260009765625,82.08999633789062,330.1130065917969,258.47760009765625,337.7699890136719,614.47998046875,82.0999984741211,50761.0,33608,19159.0,30792.0,16178.0
2026-09-03 12:30:00-04:00,330.0249938964844,258.5249938964844,337.8800048828125,614.510009765625,82.0459976196289,330.1600036621094,258.5586853027344,337.95989990234375,615.0700073242188,82.09600067138672,329.9841003417969,258.4100036621094,337.760009765625,614.4168701171875,82.0459976196289,330.0400085449219,258.510009765625,337.8299865722656,614.989990234375,82.09500122070312,40445.0,28054,13870.0,42536.0,16592.0
2026-09-03 12:31:00-04:00,329.9849853515625,258.489990234375,337.5,613.75,81.79750061035156,330.0899963378906,258.5852966308594,337.95001220703125,614.5,82.05000305175781,329.8699951171875,258.42999267578125,337.4200134277344,613.6900024414062,81.79000091552734,330.0400085449219,258.5400085449219,337.8800048828125,614.3099975585938,82.05000305175781,60525.0,45970,26121.0,23204.0,70239.0
2026-09-03 12:32:00-04:00,330.0199890136719,258.55999755859375,337.5299987792969,613.6900024414062,81.72599792480469,330.0849914550781,258.5845947265625,337.56988525390625,613.905029296875,81.80000305175781,329.93499755859375,258.44000244140625,337.4700012207031,613.6500244140625,81.69999694824219,329.989990234375,258.5115966796875,337.5,613.809814453125,81.79499816894531,43284.0,21765,7973.0,26265.0,75847.0
2026-09-03 12:33:00-04:00,330.05499267578125,258.5,337.68170166015625,614.1500244140625,81.69999694824219,330.0899963378906,258.54998779296875,337.7699890136719,614.1599731445312,81.7300033569336,329.9599914550781,258.3699951171875,337.4800109863281,613.6500854492188,81.68000030517578,330.02508544921875,258.54998779296875,337.5350036621094,613.6901245117188,81.7249984741211,35774.0,24946,12227.0,12053.0,47476.0
2026-09-03 12:34:00-04:00,330.1099853515625,258.56500244140625,337.69000244140625,614.3150024414062,81.72689819335938,330.239990234375,258.6449890136719,337.7699890136719,614.3668212890625,81.72689819335938,330.0199890136719,258.4761047363281,337.6199951171875,614.0900268554688,81.68499755859375,330.05499267578125,258.4761047363281,337.69500732421875,614.1500244140625,81.70500183105469,43386.0,45925,11794.0,21761.0,32801.0
2026-09-03 12:35:00-04:00,329.7749938964844,258.55999755859375,337.75,614.1900024414062,81.71849822998047,330.114990234375,258.6600036621094,337.8599853515625,614.469970703125,81.74500274658203,329.7099914550781,258.5299987792969,337.68609619140625,614.1900024414062,81.71009826660156,330.114990234375,258.5400085449219,337.7300109863281,614.3150024414062,81.7249984741211,68063.0,33703,10884.0,25376.0,41493.0
2026-09-03 12:36:00-04:00,329.79998779296875,258.4800109863281,337.7550048828125,613.6704711914062,81.63999938964844,329.94000244140625,258.6600036621094,337.80999755859375,614.2150268554688,81.7300033569336,329.7699890136719,258.4800109863281,337.7300109863281,613.6704711914062,81.63500213623047,329.7699890136719,258.5625,337.7749938964844,614.2150268554688,81.72000122070312,39348.0,20326,15872.0,19092.0,38784.0
2026-09-03 12:37:00-04:00,329.8999938964844,258.5,338.0,613.739990234375,81.63140106201172,329.9150085449219,258.5498962402344,338.0,613.969970703125,81.65840148925781,329.7699890136719,258.3800048828125,337.6400146484375,613.5999755859375,81.63140106201172,329.80999755859375,258.4750061035156,337.739990234375,613.7100219726562,81.63999938964844,28195.0,23825,26562.0,15458.0,25500.0
2026-09-03 12:38:00-04:00,329.9649963378906,258.69500732421875,338.3699951171875,614.22998046875,81.69999694824219,330.010009765625,258.70001220703125,338.3800048828125,614.239990234375,81.70500183105469,329.8599853515625,258.5199890136719,337.9700012207031,613.6799926757812,81.62999725341797,329.9049987792969,258.5201110839844,337.9700012207031,613.72998046875,81.63500213623047,64119.0,18905,89460.0,22967.0,34330.0
2026-09-03 12:39:00-04:00,329.8999938964844,258.7900085449219,338.29998779296875,613.97998046875,81.66999816894531,330.0400085449219,258.8799133300781,338.4200134277344,614.2899780273438,81.70989990234375,329.8699951171875,258.6499938964844,338.1701965332031,613.719970703125,81.66999816894531,329.9649963378906,258.66009521484375,338.3924865722656,614.22998046875,81.69499969482422,31897.0,21364,42675.0,14847.0,20987.0
2026-09-03 12:40:00-04:00,329.8550109863281,258.7950134277344,338.3550109863281,613.8099975585938,81.69499969482422,329.9599914550781,258.7994079589844,338.489990234375,613.9998779296875,81.7249984741211,329.783203125,258.7101135253906,338.3500061035156,613.7600708007812,81.66999816894531,329.9100036621094,258.7994079589844,338.4093933105469,613.8300170898438,81.67500305175781,28651.0,10664,16586.0,5976.0,24405.0
2026-09-03 12:41:00-04:00,329.95001220703125,258.7950134277344,338.42498779296875,613.8150024414062,81.66500091552734,329.989990234375,258.8299865722656,338.42999267578125,614.0,81.70999908447266,329.7900085449219,258.7799987792969,338.3299865722656,613.739990234375,81.63999938964844,329.8699951171875,258.7950134277344,338.3599853515625,613.8800048828125,81.70500183105469,29426.0,17131,17821.0,9168.0,34729.0
2026-09-03 12:42:00-04:00,329.8800048828125,258.6221923828125,338.3304138183594,613.7294921875,81.69499969482422,329.9700012207031,258.9010009765625,338.489990234375,613.8900146484375,81.69999694824219,329.8399963378906,258.6214904785156,338.3299865722656,613.6699829101562,81.66000366210938,329.94000244140625,258.79998779296875,338.42498779296875,613.75,81.6697998046875,26596.0,27116,25988.0,7704.0,21851.0
2026-09-03 12:43:00-04:00,329.8599853515625,258.69000244140625,338.3500061035156,613.9500122070312,81.68499755859375,329.8999938964844,258.69000244140625,338.3599853515625,613.9500122070312,81.72000122070312,329.75,258.5199890136719,338.24029541015625,613.5549926757812,81.68009948730469,329.8800048828125,258.6400146484375,338.3349914550781,613.6901245117188,81.69999694824219,27969.0,33700,13633.0,16844.0,25747.0
2026-09-03 12:44:00-04:00,329.8299865722656,258.5,338.11981201171875,613.5599975585938,81.7300033569336,329.9599914550781,258.69000244140625,338.3500061035156,613.989990234375,81.7300033569336,329.81500244140625,258.4601135253906,338.07000732421875,613.4000244140625,81.68000030517578,329.8446044921875,258.67498779296875,338.32000732421875,613.989990234375,81.69000244140625,23529.0,24492,30004.0,22997.0,30231.0
2026-09-03 12:45:00-04:00,329.6400146484375,258.4849853515625,338.2300109863281,613.7949829101562,81.76499938964844,329.8599853515625,258.54998779296875,338.2398986816406,613.7951049804688,81.77999877929688,329.45001220703125,258.43499755859375,338.1199951171875,613.610107421875,81.7300033569336,329.8349914550781,258.54998779296875,338.1799011230469,613.7650146484375,81.74500274658203,57194.0,10915,7441.0,8750.0,38294.0
2026-09-03 12:46:00-04:00,329.6145935058594,258.5,338.3599853515625,614.4000244140625,81.82990264892578,329.7283020019531,258.5198974609375,338.4049987792969,614.489990234375,81.83000183105469,329.42999267578125,258.42999267578125,338.2250061035156,613.77001953125,81.76460266113281,329.6449890136719,258.4849853515625,338.25,613.8150024414062,81.76499938964844,33694.0,15713,7626.0,32717.0,62133.0
2026-09-03 12:47:00-04:00,329.6199951171875,258.5199890136719,338.4150085449219,614.4749755859375,81.8550033569336,329.67999267578125,258.5199890136719,338.4997863769531,614.6099853515625,81.87999725341797,329.5,258.4700012207031,338.3641052246094,614.381103515625,81.83000183105469,329.6050109863281,258.4700012207031,338.4049987792969,614.4000244140625,81.83000183105469,38143.0,24815,6969.0,13865.0,23895.0
2026-09-03 12:48:00-04:00,329.42999267578125,258.5400085449219,338.4649963378906,614.7999877929688,81.8949966430664,329.6400146484375,258.5400085449219,338.5199890136719,614.7999877929688,81.8949966430664,329.3999938964844,258.42999267578125,338.3900146484375,614.2000732421875,81.83000183105469,329.6400146484375,258.5199890136719,338.4150085449219,614.4108276367188,81.8499984741211,33923.0,30680,13384.0,18078.0,25841.0
2026-09-03 12:49:00-04:00,329.4200134277344,258.57501220703125,338.5400085449219,615.2750244140625,81.95500183105469,329.5754089355469,258.6361999511719,338.54998779296875,615.3599853515625,81.95500183105469,329.3299865722656,258.5,338.3999938964844,614.75,81.875,329.42999267578125,258.5450134277344,338.510009765625,614.9201049804688,81.8949966430664,40978.0,47246,8362.0,21412.0,31796.0
2026-09-03 12:50:00-04:00,329.5151062011719,258.3949890136719,338.4949951171875,614.3300170898438,81.93000030517578,329.5151062011719,258.56500244140625,338.5899963378906,615.3171997070312,81.97000122070312,329.3999938964844,258.3949890136719,338.4100036621094,614.27001953125,81.92739868164062,329.3999938964844,258.56500244140625,338.5450134277344,615.2750244140625,81.966796875,20492.0,23590,15698.0,27241.0,53718.0
2026-09-03 12:51:00-04:00,329.364990234375,258.3299865722656,338.3999938964844,614.0850219726562,81.97000122070312,329.5299987792969,258.44500732421875,338.5249938964844,614.4400024414062,81.97000122070312,329.31500244140625,258.29998779296875,338.32000732421875,613.97119140625,81.92009735107422,329.5,258.3949890136719,338.5249938964844,614.385009765625,81.93000030517578,33036.0,19950,9225.0,18946.0,121719.0
2026-09-03 12:52:00-04:00,329.4949951171875,258.2200012207031,338.3299865722656,614.0250244140625,81.98999786376953,329.5,258.3699951171875,338.3999938964844,614.1699829101562,81.99500274658203,329.32269287109375,258.20001220703125,338.2799987792969,613.8499755859375,81.96499633789062,329.3500061035156,258.3399963378906,338.3999938964844,614.10498046875,81.9749984741211,32808.0,30572,13009.0,12188.0,36049.0
2026-09-03 12:53:00-04:00,329.25,258.0,338.2099914550781,613.6950073242188,81.95500183105469,329.489990234375,258.2200012207031,338.32501220703125,613.9650268554688,82.0,329.239990234375,257.9599914550781,338.19000244140625,613.5999755859375,81.94999694824219,329.489990234375,258.2200012207031,338.32501220703125,613.9199829101562,82.0,32480.0,58905,7988.0,10878.0,22630.0
2026-09-03 12:54:00-04:00,329.31500244140625,257.8699951171875,338.2449951171875,613.8994140625,82.03810119628906,329.3800048828125,257.9977111816406,338.2699890136719,613.9000244140625,82.04000091552734,329.25,257.80999755859375,338.19000244140625,613.2545166015625,81.95999908447266,329.25,257.9977111816406,338.2149963378906,613.719970703125,81.95999908447266,32377.0,63395,8902.0,25283.0,36091.0
2026-09-03 12:55:00-04:00,329.1549987792969,257.82000732421875,338.30999755859375,613.9500122070312,82.01499938964844,329.2950134277344,257.8800048828125,338.3500061035156,614.030029296875,82.03500366210938,329.1199951171875,257.75,338.20001220703125,613.7100219726562,81.98999786376953,329.2950134277344,257.8599853515625,338.25,613.844970703125,82.03500366210938,28793.0,36632,4681.0,25382.0,19054.0
2026-09-03 12:56:00-04:00,329.010009765625,257.8599853515625,338.30999755859375,613.77001953125,82.37999725341797,329.19000244140625,257.97149658203125,338.4100036621094,614.0999145507812,82.37999725341797,328.9700012207031,257.7799987792969,338.29998779296875,613.7100219726562,82.00499725341797,329.15509033203125,257.82501220703125,338.32000732421875,614.010009765625,82.01020050048828,40952.0,28786,5978.0,10211.0,83060.0
2026-09-03 12:57:00-04:00,329.1400146484375,258.1499938964844,338.3949890136719,613.832275390625,82.24500274658203,329.1700134277344,258.1499938964844,338.4700012207031,613.8599853515625,82.37999725341797,328.9872131347656,257.7749938964844,338.3299865722656,613.5399780273438,82.24430084228516,329.010009765625,257.8599853515625,338.3299865722656,613.77001953125,82.37999725341797,30554.0,36729,6119.0,14306.0,78331.0
2026-09-03 12:58:00-04:00,329.0199890136719,258.260009765625,338.3399963378906,613.8099975585938,82.23500061035156,329.1759948730469,258.30999755859375,338.4800109863281,613.9400024414062,82.26499938964844,329.0199890136719,258.1600036621094,338.25,613.6900024414062,82.22000122070312,329.12469482421875,258.1600036621094,338.3699951171875,613.8599853515625,82.25,21932.0,33962,21658.0,11959.0,28961.0
2026-09-03 12:59:00-04:00,328.9400939941406,258.3599853515625,338.3500061035156,614.0399780273438,82.31009674072266,329.0599060058594,258.3999938964844,338.4548034667969,614.1900024414062,82.31999969482422,328.8800048828125,258.17999267578125,338.32000732421875,613.8497924804688,82.23049926757812,329.02178955078125,258.24420166015625,338.4198913574219,613.8497924804688,82.23999786376953,42316.0,38930,8735.0,12476.0,36357.0
2026-09-03 13:00:00-04:00,328.9849853515625,258.30999755859375,338.3340148925781,613.885009765625,82.34500122070312,329.0199890136719,258.4200134277344,338.42498779296875,614.2977294921875,82.37999725341797,328.8999938964844,258.2650146484375,338.29998779296875,613.77001953125,82.30999755859375,328.947998046875,258.3800048828125,338.32000732421875,614.0247802734375,82.31500244140625,55825.0,27640,7026.0,13664.0,54294.0
2026-09-03 13:01:00-04:00,328.8320007324219,258.510009765625,338.3299865722656,613.9932250976562,82.34500122070312,328.989990234375,258.5498962402344,338.3599853515625,614.010009765625,82.36000061035156,328.7200012207031,258.2900085449219,338.25,613.75,82.31500244140625,328.9599914550781,258.2900085449219,338.3349914550781,613.8900146484375,82.34500122070312,30948.0,41050,7846.0,11877.0,43067.0
2026-09-03 13:02:00-04:00,328.48028564453125,258.4150085449219,338.3699951171875,613.8400268554688,82.34500122070312,328.8599853515625,258.6400146484375,338.3840026855469,614.0499877929688,82.3550033569336,328.4700012207031,258.4100036621094,338.2101135253906,613.7401123046875,82.30000305175781,328.8450012207031,258.510009765625,338.3500061035156,613.9199829101562,82.34500122070312,34376.0,32266,8785.0,10037.0,30307.0
2026-09-03 13:03:00-04:00,328.614990234375,258.5199890136719,338.4599914550781,613.27001953125,82.2750015258789,328.625,258.5400085449219,338.4599914550781,613.8400268554688,82.3550033569336,328.44000244140625,258.3999938964844,338.3595886230469,613.1099853515625,82.26000213623047,328.50390625,258.4150085449219,338.3595886230469,613.8400268554688,82.34500122070312,33263.0,25274,12866.0,18704.0,35767.0
2026-09-03 13:04:00-04:00,328.69000244140625,258.4649963378906,338.3999938964844,613.1400146484375,82.2300033569336,328.7099914550781,258.55999755859375,338.5400085449219,613.4099731445312,82.28500366210938,328.59820556640625,258.42999267578125,338.3700866699219,613.1203002929688,82.21499633789062,328.59820556640625,258.5,338.4599914550781,613.260009765625,82.2750015258789,34146.0,39576,14011.0,16536.0,43155.0
2026-09-03 13:05:00-04:00,328.7099914550781,258.5350036621094,338.5350036621094,613.469970703125,82.30000305175781,328.7799987792969,258.6199951171875,338.54998779296875,613.559814453125,82.30500030517578,328.6802062988281,258.465087890625,338.45001220703125,613.1799926757812,82.23500061035156,328.7099914550781,258.465087890625,338.45001220703125,613.2100219726562,82.23500061035156,37071.0,22852,10152.0,13800.0,37340.0
2026-09-03 13:06:00-04:00,328.6300048828125,258.4100036621094,338.3399963378906,613.4450073242188,82.29000091552734,328.739990234375,258.53509521484375,338.54559326171875,613.530029296875,82.31500244140625,328.55999755859375,258.3599853515625,338.32000732421875,613.2899780273438,82.28500366210938,328.7099914550781,258.53509521484375,338.5350036621094,613.4600219726562,82.30500030517578,33109.0,23326,16052.0,10790.0,38735.0
2026-09-03 13:07:00-04:00,328.6000061035156,258.3699951171875,338.3599853515625,613.4401245117188,82.33499908447266,328.7200012207031,258.4100036621094,338.3999938964844,613.530029296875,82.33499908447266,328.55999755859375,258.3634948730469,338.32000732421875,613.3265991210938,82.29499816894531,328.62750244140625,258.3800048828125,338.3599853515625,613.4000244140625,82.29499816894531,38188.0,16918,9926.0,6801.0,16946.0
2026-09-03 13:08:00-04:00,328.6050109863281,258.3999938964844,338.44000244140625,613.4400024414062,82.33499908447266,328.6300048828125,258.4100036621094,338.5199890136719,613.5499877929688,82.33999633789062,328.54998779296875,258.3399963378906,338.3450012207031,613.3369140625,82.30999755859375,328.5899963378906,258.3699951171875,338.3450012207031,613.47119140625,82.33000183105469,28445.0,17668,11243.0,10153.0,17861.0
2026-09-03 13:09:00-04:00,328.510009765625,258.2900085449219,338.4750061035156,612.9550170898438,82.30500030517578,328.69000244140625,258.47900390625,338.54998779296875,613.5,82.34500122070312,328.5,258.2300109863281,338.45001220703125,612.8400268554688,82.30500030517578,328.6050109863281,258.42999267578125,338.489990234375,613.4299926757812,82.33499908447266,42165.0,18145,9357.0,15534.0,20851.0
2026-09-03 13:10:00-04:00,328.3399963378906,258.3900146484375,338.510009765625,612.9000244140625,82.31500244140625,328.55499267578125,258.3900146484375,338.5400085449219,613.0549926757812,82.33000183105469,328.30999755859375,258.19000244140625,338.42999267578125,612.60009765625,82.30000305175781,328.5050048828125,258.239990234375,338.4800109863281,612.8699951171875,82.30010223388672,33283.0,25082,7719.0,29623.0,21030.0
2026-09-03 13:11:00-04:00,328.1000061035156,258.375,338.42999267578125,612.6799926757812,82.33619689941406,328.3699035644531,258.45001220703125,338.5199890136719,613.0499877929688,82.3550033569336,328.0600891113281,258.2701110839844,338.3999938964844,612.6599731445312,82.31500244140625,328.33990478515625,258.3699951171875,338.5199890136719,612.7999877929688,82.31500244140625,50469.0,20160,7805.0,14296.0,35263.0
2026-09-03 13:12:00-04:00,328.19500732421875,258.2950134277344,338.4849853515625,612.5399780273438,82.32499694824219,328.20989990234375,258.3800048828125,338.510009765625,612.7999877929688,82.36000061035156,328.0799865722656,258.2900085449219,338.42999267578125,612.4199829101562,82.31999969482422,328.1099853515625,258.3800048828125,338.42999267578125,612.719970703125,82.3499984741211,38923.0,11408,7184.0,17748.0,24518.0
2026-09-03 13:13:00-04:00,328.17999267578125,258.3699951171875,338.54998779296875,612.8150024414062,82.37000274658203,328.2699890136719,258.3699951171875,338.6300048828125,612.8978271484375,82.37000274658203,328.1000061035156,258.2699890136719,338.4599914550781,612.5,82.32499694824219,328.19000244140625,258.2950134277344,338.489990234375,612.5399780273438,82.32499694824219,41339.0,21387,14444.0,15851.0,30558.0
2026-09-03 13:14:00-04:00,328.114990234375,258.3500061035156,338.6050109863281,612.864990234375,82.40550231933594,328.2149963378906,258.44000244140625,338.6253967285156,612.9450073242188,82.41000366210938,328.1099853515625,258.28009033203125,338.5299987792969,612.7000122070312,82.36499786376953,328.1600036621094,258.364990234375,338.5299987792969,612.8150024414062,82.37000274658203,32671.0,17971,9893.0,17692.0,21977.0
2026-09-03 13:15:00-04:00,328.2699890136719,258.42498779296875,338.7749938964844,612.9500122070312,82.41999816894531,328.2799987792969,258.44000244140625,338.7749938964844,613.0900268554688,82.41999816894531,328.0799865722656,258.3500061035156,338.5899963378906,612.8400268554688,82.38500213623047,328.1099853515625,258.3599853515625,338.5899963378906,612.864990234375,82.40499877929688,29065.0,9273,9256.0,16100.0,21585.0
2026-09-03 13:16:00-04:00,328.1300048828125,258.3900146484375,338.7900085449219,613.0499877929688,82.43000030517578,328.32000732421875,258.44000244140625,338.8500061035156,613.2550048828125,82.45999908447266,328.1099853515625,258.375,338.760009765625,612.875,82.41999816894531,328.2799987792969,258.44000244140625,338.7749938964844,612.9500122070312,82.41999816894531,41991.0,16221,11471.0,20758.0,28458.0
2026-09-03 13:17:00-04:00,328.1453857421875,258.4949951171875,338.7550048828125,612.9099731445312,82.36499786376953,328.239990234375,258.5050048828125,338.8299865722656,613.0999755859375,82.43000030517578,328.1099853515625,258.3900146484375,338.6499938964844,612.8699951171875,82.36499786376953,328.1199951171875,258.3949890136719,338.7799987792969,613.0499877929688,82.42500305175781,27035.0,16166,7903.0,10880.0,39181.0
2026-09-03 13:18:00-04:00,328.1400146484375,258.375,338.6700134277344,612.6649780273438,82.35420227050781,328.1700134277344,258.510009765625,338.82000732421875,612.9400024414062,82.375,328.0299987792969,258.340087890625,338.6400146484375,612.5900268554688,82.35420227050781,328.1200866699219,258.4949951171875,338.7300109863281,612.9000244140625,82.36499786376953,32425.0,11936,7525.0,16059.0,16486.0
2026-09-03 13:19:00-04:00,327.9700012207031,258.42498779296875,338.7099914550781,612.110107421875,82.17500305175781,328.1899108886719,258.5,338.7300109863281,612.7399291992188,82.3499984741211,327.9200134277344,258.3800048828125,338.6700134277344,612.110107421875,81.8499984741211,328.1499938964844,258.3800048828125,338.69281005859375,612.6649780273438,82.3499984741211,64584.0,12060,8083.0,14867.0,433450.0
2026-09-03 13:20:00-04:00,327.75,258.510009765625,338.7049865722656,612.239990234375,82.25499725341797,328.0400085449219,258.510009765625,338.79998779296875,612.4099731445312,82.26000213623047,327.7200012207031,258.4150085449219,338.6700134277344,612.1599731445312,82.16999816894531,327.9700012207031,258.44989013671875,338.7300109863281,612.2999877929688,82.17500305175781,99170.0,22487,6553.0,10893.0,24865.0
2026-09-03 13:21:00-04:00,327.6000061035156,258.44000244140625,338.635009765625,612.1400146484375,82.30500030517578,327.7699890136719,258.6099853515625,338.75,612.3200073242188,82.30500030517578,327.57000732421875,258.3700866699219,338.5899963378906,612.0499877929688,82.2500991821289,327.760009765625,258.5199890136719,338.75,612.239990234375,82.26499938964844,43425.0,52320,9677.0,19590.0,20837.0
2026-09-03 13:22:00-04:00,327.625,258.4049987792969,338.7300109863281,612.8049926757812,82.32499694824219,327.6300048828125,258.5,338.7569885253906,612.8049926757812,82.3499984741211,327.4800109863281,258.3800048828125,338.635009765625,611.8900146484375,82.29499816894531,327.6099853515625,258.4501037597656,338.6600036621094,612.0900268554688,82.30500030517578,49444.0,30294,8577.0,30789.0,16018.0
2026-09-03 13:23:00-04:00,327.7225036621094,258.5450134277344,338.8599853515625,613.1965942382812,82.35929870605469,327.8500061035156,258.5450134277344,338.9200134277344,613.239990234375,82.41500091552734,327.5299072265625,258.3699951171875,338.7101135253906,612.780029296875,82.31500244140625,327.6199951171875,258.4551086425781,338.739990234375,612.8049926757812,82.33000183105469,115692.0,17946,16611.0,34420.0,81976.0
2026-09-03 13:24:00-04:00,327.6600036621094,258.4750061035156,338.79998779296875,612.5999755859375,82.33999633789062,327.7799987792969,258.54998779296875,338.9045104980469,613.2340087890625,82.36000061035156,327.6499938964844,258.4649963378906,338.760009765625,612.4199829101562,82.32499694824219,327.6600036621094,258.5199890136719,338.8599853515625,613.2340087890625,82.3550033569336,59636.0,45205,18095.0,28866.0,34580.0
2026-09-03 13:25:00-04:00,327.7300109863281,258.489990234375,338.864990234375,612.901611328125,82.33999633789062,327.739990234375,258.5199890136719,338.92999267578125,613.030029296875,82.3499984741211,327.6000061035156,258.3999938964844,338.82000732421875,612.6199951171875,82.31999969482422,327.67999267578125,258.4993896484375,338.82000732421875,612.6694946289062,82.32499694824219,51119.0,25263,15891.0,12501.0,16386.0
2026-09-03 13:26:00-04:00,327.6600036621094,258.55999755859375,338.90509033203125,613.1199951171875,82.41000366210938,327.75,258.6000061035156,338.90509033203125,613.1599731445312,82.41000366210938,327.6300048828125,258.44500732421875,338.80999755859375,612.82373046875,82.34500122070312,327.75,258.5050048828125,338.864990234375,612.8599853515625,82.34500122070312,36638.0,24997,6849.0,11472.0,37235.0
2026-09-03 13:27:00-04:00,327.5899963378906,258.4800109863281,338.885009765625,612.885009765625,82.53500366210938,327.7900085449219,258.6000061035156,338.9200134277344,613.2000122070312,82.53630065917969,327.5,258.4800109863281,338.79998779296875,612.77001953125,82.41999816894531,327.6700134277344,258.6000061035156,338.885009765625,613.0700073242188,82.41999816894531,69450.0,21395,8803.0,27126.0,97037.0
2026-09-03 13:28:00-04:00,327.510009765625,258.6199951171875,338.8299865722656,613.2050170898438,82.68000030517578,327.6300048828125,258.6499938964844,338.9700012207031,613.4099731445312,82.70999908447266,327.4800109863281,258.5,338.8299865722656,612.77001953125,82.51000213623047,327.5849914550781,258.5199890136719,338.8900146484375,612.885009765625,82.53500366210938,34531.0,29591,11865.0,17363.0,126145.0
2026-09-03 13:29:00-04:00,327.7300109863281,258.6517028808594,338.8900146484375,613.010009765625,82.74369812011719,327.82000732421875,258.69989013671875,338.94000244140625,613.4400024414062,82.74500274658203,327.45001220703125,258.6099853515625,338.7900085449219,613.010009765625,82.66500091552734,327.5000915527344,258.614990234375,338.8399963378906,613.1400146484375,82.67500305175781,58132.0,17999,7156.0,14699.0,49667.0
2026-09-03 13:30:00-04:00,327.7699890136719,258.75,338.9601135253906,613.6599731445312,83.0199966430664,327.8599853515625,258.7900085449219,339.0400085449219,613.6599731445312,83.0199966430664,327.7149963378906,258.67999267578125,338.8999938964844,613.010009765625,82.7249984741211,327.7200012207031,258.67999267578125,338.8999938964844,613.010009765625,82.74500274658203,48102.0,28430,23713.0,13043.0,266607.0
2026-09-03 13:31:00-04:00,327.67999267578125,258.6700134277344,338.9700012207031,613.6799926757812,82.93000030517578,327.7799987792969,258.82000732421875,338.989990234375,613.7349853515625,83.02999877929688,327.6400146484375,258.65008544921875,338.8599853515625,613.3300170898438,82.91000366210938,327.7699890136719,258.82000732421875,338.9601135253906,613.594970703125,83.02999877929688,45357.0,45364,9349.0,16654.0,67842.0
2026-09-03 13:32:00-04:00,327.6600036621094,258.55999755859375,338.9599914550781,613.8798828125,82.98999786376953,327.69000244140625,258.7300109863281,339.0299987792969,614.0,83.07499694824219,327.614990234375,258.55999755859375,338.9200134277344,613.6600952148438,82.9000015258789,327.68499755859375,258.6700134277344,338.9599914550781,613.6799926757812,82.91999816894531,38671.0,23892,6557.0,40718.0,160180.0
2026-09-03 13:33:00-04:00,327.8299865722656,258.5400085449219,338.98870849609375,613.8900146484375,83.0199966430664,328.0400085449219,258.5799865722656,339.010009765625,613.9600219726562,83.08999633789062,327.6600036621094,258.4700927734375,338.9200134277344,613.5900268554688,82.93499755859375,327.6600036621094,258.55499267578125,338.95001220703125,613.8800048828125,82.9749984741211,81343.0,33798,9548.0,28390.0,89594.0
2026-09-03 13:34:00-04:00,327.75,258.3599853515625,339.072509765625,613.97998046875,83.05999755859375,327.8900146484375,258.5150146484375,339.1199951171875,614.094970703125,83.08999633789062,327.7149963378906,258.2799987792969,338.9200134277344,613.6649780273438,83.01010131835938,327.81500244140625,258.5150146484375,339.0,613.89501953125,83.01010131835938,43677.0,28789,12065.0,19610.0,62826.0
2026-09-03 13:35:00-04:00,327.67608642578125,258.4700927734375,339.32000732421875,613.9949951171875,83.05999755859375,327.8099060058594,258.4700927734375,339.32000732421875,614.0900268554688,83.09500122070312,327.61419677734375,258.35009765625,339.0,613.6799926757812,83.0199966430664,327.7900085449219,258.3900146484375,339.0450134277344,613.9949951171875,83.08000183105469,37289.0,27120,12242.0,14176.0,46491.0
2026-09-03 13:36:00-04:00,327.5799865722656,258.510009765625,339.44000244140625,614.8699951171875,83.13500213623047,327.739990234375,258.6199951171875,339.5150146484375,615.1099853515625,83.13999938964844,327.510009765625,258.4800109863281,339.32000732421875,614.0800170898438,83.03500366210938,327.67498779296875,258.5,339.32000732421875,614.0800170898438,83.05500030517578,59669.0,15466,38483.0,38250.0,101034.0
2026-09-03 13:37:00-04:00,327.5400085449219,258.45001220703125,339.4549865722656,614.510009765625,83.16000366210938,327.6099853515625,258.5400085449219,339.5299987792969,614.9600219726562,83.16000366210938,327.4100036621094,258.45001220703125,339.45001220703125,614.3699951171875,83.12000274658203,327.5799865722656,258.5,339.4700012207031,614.8699951171875,83.13500213623047,59980.0,15310,12096.0,19992.0,50547.0
2026-09-03 13:38:00-04:00,327.2703857421875,258.5199890136719,339.2959899902344,614.4000244140625,83.12999725341797,327.54998779296875,258.5799865722656,339.5199890136719,614.6400146484375,83.17500305175781,327.260009765625,258.42120361328125,339.2799987792969,614.3200073242188,83.08999633789062,327.54998779296875,258.4700012207031,339.42999267578125,614.510009765625,83.15499877929688,48853.0,18877,9899.0,20269.0,72266.0
2026-09-03 13:39:00-04:00,327.2149963378906,258.5150146484375,339.4700012207031,614.64501953125,83.12539672851562,327.32000732421875,258.5299987792969,339.489990234375,614.7299194335938,83.13999938964844,327.1300048828125,258.42999267578125,339.2699890136719,614.330322265625,83.1050033569336,327.2900085449219,258.510009765625,339.30999755859375,614.4000244140625,83.12999725341797,65231.0,13865,8792.0,8223.0,34590.0
2026-09-03 13:40:00-04:00,326.7900085449219,258.5143127441406,339.3699951171875,614.7849731445312,83.12000274658203,327.239990234375,258.6499938964844,339.48388671875,614.7899780273438,83.18000030517578,326.739990234375,258.5,339.27099609375,614.5,83.12000274658203,327.2149963378906,258.510009765625,339.4700012207031,614.7000122070312,83.125,96854.0,26271,10887.0,13538.0,58161.0
2026-09-03 13:41:00-04:00,326.8900146484375,258.5,339.37060546875,614.5902099609375,83.06629943847656,326.94000244140625,258.5799865722656,339.4599914550781,614.8900146484375,83.12999725341797,326.7699890136719,258.5,339.29998779296875,614.5,83.05500030517578,326.79998779296875,258.55999755859375,339.3699951171875,614.7849731445312,83.12000274658203,57201.0,12797,8214.0,16552.0,68167.0
2026-09-03 13:42:00-04:00,326.9949951171875,258.45001220703125,339.31500244140625,614.385009765625,83.07499694824219,326.9949951171875,258.514892578125,339.364990234375,614.77001953125,83.08999633789062,326.7510070800781,258.4100036621094,339.2900085449219,614.280029296875,83.05999755859375,326.8800964355469,258.5,339.3500061035156,614.5451049804688,83.06999969482422,46363.0,33710,6809.0,41372.0,58864.0
2026-09-03 13:43:00-04:00,326.8299865722656,258.385009765625,339.30999755859375,614.4099731445312,83.05039978027344,327.010009765625,258.44000244140625,339.3699951171875,614.7208251953125,83.08000183105469,326.79998779296875,258.29998779296875,339.2550048828125,614.1500244140625,83.04499816894531,326.989990234375,258.44000244140625,339.2900085449219,614.2650146484375,83.06999969482422,61709.0,21030,6547.0,20439.0,40709.0
2026-09-03 13:44:00-04:00,326.9200134277344,258.3900146484375,339.2850036621094,614.5150146484375,82.98999786376953,327.04998779296875,258.42999267578125,339.3500061035156,614.669921875,83.05509948730469,326.80999755859375,258.3500061035156,339.1401062011719,614.1500854492188,82.93009948730469,326.8299865722656,258.385009765625,339.3299865722656,614.4099731445312,83.05509948730469,41271.0,15782,15453.0,9428.0,54621.0
2026-09-03 13:45:00-04:00,326.8800048828125,258.29998779296875,339.19000244140625,614.2951049804688,82.93499755859375,326.94000244140625,258.4399108886719,339.32000732421875,614.6699829101562,83.01000213623047,326.8349914550781,258.2900085449219,339.19000244140625,614.1801147460938,82.93499755859375,326.9150085449219,258.3999938964844,339.29998779296875,614.5150146484375,82.9800033569336,40133.0,21037,7463.0,11587.0,43671.0
2026-09-03 13:46:00-04:00,326.7699890136719,258.3349914550781,339.0899963378906,614.4099731445312,82.95999908447266,326.8800048828125,258.3800048828125,339.20721435546875,614.52001953125,82.95999908447266,326.67999267578125,258.2850036621094,339.0299987792969,614.2103881835938,82.8949966430664,326.8800048828125,258.29998779296875,339.20001220703125,614.2949829101562,82.93499755859375,59780.0,14598,18775.0,13957.0,54222.0
2026-09-03 13:47:00-04:00,327.1400146484375,258.25,339.1099853515625,614.260009765625,82.97000122070312,327.1600036621094,258.3599853515625,339.1400146484375,614.5499877929688,82.98999786376953,326.70001220703125,258.19500732421875,338.9599914550781,614.239990234375,82.94110107421875,326.7701110839844,258.32000732421875,339.07000732421875,614.4600219726562,82.95010375976562,47375.0,24270,13649.0,15850.0,34315.0
2026-09-03 13:48:00-04:00,327.1955871582031,258.25,339.1199951171875,614.3599853515625,82.94499969482422,327.32000732421875,258.260009765625,339.1400146484375,614.4400024414062,82.98999786376953,327.1199951171875,258.1706848144531,339.0299987792969,614.260009765625,82.93000030517578,327.1549987792969,258.239990234375,339.0880126953125,614.3499755859375,82.95999908447266,53970.0,21272,8577.0,5587.0,44179.0
2026-09-03 13:49:00-04:00,327.2054138183594,258.3218994140625,339.090087890625,614.5800170898438,82.9800033569336,327.29998779296875,258.3299865722656,339.17999267578125,614.5800170898438,82.9800033569336,327.1000061035156,258.23980712890625,339.0899963378906,614.280029296875,82.86499786376953,327.18951416015625,258.25,339.1260070800781,614.3350219726562,82.94499969482422,40964.0,19035,16822.0,8506.0,44627.0
2026-09-03 13:50:00-04:00,327.0899963378906,258.2300109863281,339.28009033203125,614.469970703125,82.98970031738281,327.2698974609375,258.3299865722656,339.32000732421875,614.719970703125,83.0199966430664,327.0899963378906,258.2213134765625,339.1099853515625,614.3599853515625,82.97000122070312,327.19500732421875,258.2799987792969,339.1400146484375,614.6057739257812,82.98999786376953,50451.0,13707,11987.0,15441.0,52879.0
2026-09-03 13:51:00-04:00,327.1400146484375,258.2898864746094,339.375,614.875,83.04499816894531,327.16400146484375,258.2898864746094,339.3778991699219,614.97998046875,83.06999969482422,327.04010009765625,258.20001220703125,339.25,614.3712768554688,82.98999786376953,327.0899963378906,258.2099914550781,339.2799987792969,614.4299926757812,82.99500274658203,34470.0,21522,7976.0,13566.0,49365.0
2026-09-03 13:52:00-04:00,327.0400085449219,258.2799987792969,339.4200134277344,614.9650268554688,82.96499633789062,327.1600036621094,258.385009765625,339.5,615.1500244140625,83.05500030517578,327.0400085449219,258.25,339.375,614.7899780273438,82.94499969482422,327.1050109863281,258.2900085449219,339.3999938964844,614.7899780273438,83.05000305175781,34401.0,19286,14556.0,27531.0,29952.0
2026-09-03 13:53:00-04:00,327.0799865722656,258.1650085449219,339.3949890136719,614.7899780273438,82.98999786376953,327.20989990234375,258.3399963378906,339.489990234375,615.0,82.98999786376953,327.0350036621094,258.1650085449219,339.3450012207031,614.630126953125,82.93319702148438,327.0350036621094,258.28509521484375,339.4200134277344,614.9650268554688,82.96499633789062,30933.0,26521,10882.0,15364.0,27730.0
2026-09-03 13:54:00-04:00,327.1300048828125,258.2799987792969,339.4100036621094,615.0911865234375,82.98500061035156,327.1874084472656,258.2900085449219,339.44000244140625,615.0911865234375,83.0199966430664,327.03009033203125,258.1700134277344,339.3599853515625,614.7401123046875,82.96499633789062,327.07000732421875,258.17999267578125,339.4100036621094,614.8150024414062,82.9800033569336,42667.0,22176,8728.0,10815.0,35061.0
2026-09-03 13:55:00-04:00,327.1152038574219,258.17999267578125,339.4200134277344,615.0999755859375,82.98500061035156,327.1600036621094,258.2900085449219,339.4700012207031,615.3150024414062,83.0,327.0199890136719,258.15240478515625,339.3399963378906,615.010009765625,82.96499633789062,327.1300048828125,258.2749938964844,339.4150085449219,615.0800170898438,82.98500061035156,43944.0,20264,10064.0,12175.0,18942.0
2026-09-03 13:56:00-04:00,327.1050109863281,258.2760009765625,339.4549865722656,615.2100219726562,82.95999908447266,327.1700134277344,258.3399963378906,339.489990234375,615.2999877929688,82.98999786376953,327.06500244140625,258.1202087402344,339.3800048828125,615.0399780273438,82.94999694824219,327.1199951171875,258.19000244140625,339.3800048828125,615.14599609375,82.98500061035156,49879.0,27675,12696.0,20140.0,19185.0
2026-09-03 13:57:00-04:00,327.19000244140625,258.0899963378906,339.3800048828125,614.75,82.90499877929688,327.20001220703125,258.2900085449219,339.43011474609375,615.25,82.96499633789062,327.0444030761719,258.04998779296875,339.3699951171875,614.5781860351562,82.90499877929688,327.1099853515625,258.239990234375,339.43011474609375,615.2100219726562,82.96009826660156,32213.0,31080,9612.0,23408.0,20542.0
2026-09-03 13:58:00-04:00,327.010009765625,258.114990234375,339.4302062988281,614.8851928710938,82.95500183105469,327.2237854003906,258.17529296875,339.46649169921875,615.2000122070312,82.95500183105469,327.0,258.0851135253906,339.3700866699219,614.7501220703125,82.90499877929688,327.19000244140625,258.0899963378906,339.3800048828125,614.7501220703125,82.90499877929688,31948.0,24248,8557.0,12159.0,23324.0
2026-09-03 13:59:00-04:00,326.8999938964844,258.19000244140625,339.4200134277344,614.875,83.0250015258789,327.0400085449219,258.2149963378906,339.45001220703125,615.0,83.0250015258789,326.8399963378906,258.1199951171875,339.30999755859375,614.77001953125,82.94499969482422,327.010009765625,258.1199951171875,339.43499755859375,614.9299926757812,82.94999694824219,41871.0,19858,23152.0,6801.0,33793.0
2026-09-03 14:00:00-04:00,327.1499938964844,258.5400085449219,339.5299987792969,615.2899780273438,82.94999694824219,327.2598876953125,258.59991455078125,339.6499938964844,615.47998046875,83.05000305175781,326.8800048828125,258.2099914550781,339.42999267578125,614.97998046875,82.93499755859375,326.8999938964844,258.2099914550781,339.42999267578125,614.97998046875,83.0250015258789,82175.0,42408,39691.0,31192.0,58935.0
2026-09-03 14:01:00-04:00,327.1600036621094,258.3500061035156,339.3299865722656,614.89501953125,82.94000244140625,327.20001220703125,258.5799865722656,339.57000732421875,615.3300170898438,82.9749984741211,327.0,258.3500061035156,339.32000732421875,614.780029296875,82.91500091552734,327.1499938964844,258.5400085449219,339.57000732421875,615.2899780273438,82.94999694824219,42518.0,16036,20300.0,30558.0,46397.0
2026-09-03 14:02:00-04:00,327.2349853515625,258.510009765625,339.2950134277344,614.5700073242188,82.93000030517578,327.260009765625,258.5400085449219,339.45001220703125,615.0,82.94000244140625,327.0299987792969,258.3900146484375,339.2950134277344,614.5399780273438,82.87999725341797,327.1700134277344,258.3900146484375,339.3800048828125,614.89501953125,82.93009948730469,56596.0,26589,8102.0,15489.0,48269.0
2026-09-03 14:03:00-04:00,327.2203063964844,258.5249938964844,339.1400146484375,614.510009765625,82.91000366210938,327.3599853515625,258.57501220703125,339.3399963378906,614.8900146484375,82.95500183105469,327.19000244140625,258.4700012207031,339.0199890136719,614.5,82.91000366210938,327.2349853515625,258.5400085449219,339.2799987792969,614.6799926757812,82.94869995117188,81261.0,19812,11322.0,18267.0,35751.0
2026-09-03 14:04:00-04:00,327.135009765625,258.5150146484375,339.0799865722656,614.5499877929688,82.87000274658203,327.2900085449219,258.5299987792969,339.1400146484375,614.5499877929688,82.90499877929688,327.1200866699219,258.5150146484375,339.0799865722656,614.4099731445312,82.86289978027344,327.239990234375,258.5150146484375,339.1400146484375,614.4749755859375,82.90499877929688,14573.0,2116,1918.0,5015.0,10526.0
2026-09-03 14:05:00-04:00,327.2650146484375,258.68499755859375,339.1050109863281,615.1300048828125,82.87000274658203,327.29998779296875,258.6995849609375,339.2200012207031,615.3099975585938,82.875,327.25,258.6700134277344,339.0899963378906,614.9849853515625,82.87000274658203,327.2749938964844,258.67999267578125,339.1542053222656,615.0999755859375,82.875,101654.0,77424,23805.0,57378.0,119536.0
2026-09-03 14:06:00-04:00,327.1700134277344,258.8500061035156,338.9800109863281,615.10498046875,82.90499877929688,327.3450012207031,258.96990966796875,339.1300048828125,615.3099975585938,82.93499755859375,327.1549987792969,258.68499755859375,338.8699951171875,615.0,82.86499786376953,327.2799987792969,258.70001220703125,339.1099853515625,615.0599975585938,82.86599731445312,49402.0,34996,13091.0,10245.0,20984.0
2026-09-03 14:07:00-04:00,327.1091003417969,258.9798889160156,338.9599914550781,615.2100219726562,82.86000061035156,327.2001037597656,258.9798889160156,339.03240966796875,615.280029296875,82.9000015258789,327.0299987792969,258.8399963378906,338.94500732421875,614.9600219726562,82.83999633789062,327.17498779296875,258.864990234375,338.9783020019531,615.10498046875,82.9000015258789,37819.0,20919,9338.0,18617.0,48559.0
2026-09-03 14:08:00-04:00,327.1296081542969,258.9895935058594,338.9200134277344,615.1849975585938,82.8499984741211,327.1296081542969,259.0799865722656,338.9599914550781,615.375,82.8499984741211,327.0950012207031,258.95001220703125,338.9200134277344,615.1849975585938,82.8499984741211,327.1098937988281,258.95001220703125,338.9599914550781,615.22998046875,82.8499984741211,1080.0,30358,1426.0,5201.0,1339.0
2026-09-03 14:09:00-04:00,,259.1451110839844,,,,,259.1451110839844,,,,,259.1451110839844,,,,,259.1451110839844,,,,,76197,,,
2026-09-03 14:10:00-04:00,327.19500732421875,259.3999938964844,339.08050537109375,614.719970703125,82.8550033569336,327.2149963378906,259.44000244140625,339.1300048828125,614.8223266601562,82.86499786376953,327.1700134277344,259.3800048828125,339.0199890136719,614.510009765625,82.83499908447266,327.18499755859375,259.3800048828125,339.0199890136719,614.52001953125,82.83499908447266,135424.0,157727,33911.0,75679.0,138986.0
2026-09-03 14:11:00-04:00,327.2900085449219,259.3949890136719,339.1601867675781,614.89599609375,82.85379791259766,327.3399963378906,259.4200134277344,339.20001220703125,614.9400024414062,82.87999725341797,327.19000244140625,259.2950134277344,339.1000061035156,614.6900024414062,82.8499984741211,327.19000244140625,259.385009765625,339.1400146484375,614.6900024414062,82.86000061035156,25760.0,30606,7120.0,7911.0,20329.0
2026-09-03 14:12:00-04:00,327.364990234375,259.32501220703125,339.2300109863281,614.760009765625,82.83499908447266,327.4399108886719,259.3399963378906,339.2900085449219,614.9500122070312,82.84500122070312,327.29010009765625,259.30999755859375,339.2300109863281,614.6900024414062,82.83499908447266,327.4399108886719,259.31500244140625,339.2799987792969,614.9500122070312,82.84500122070312,63443.0,43875,18693.0,22035.0,34113.0
2026-09-03 14:13:00-04:00,327.3599853515625,259.4049987792969,339.2699890136719,614.7100219726562,82.8240966796875,327.4700012207031,259.4200134277344,339.4100036621094,614.875,82.86000061035156,327.30999755859375,259.29010009765625,339.20001220703125,614.6599731445312,82.81500244140625,327.364990234375,259.30999755859375,339.239990234375,614.760009765625,82.83999633789062,54395.0,26847,12121.0,8312.0,30118.0
2026-09-03 14:14:00-04:00,327.3299865722656,259.2300109863281,339.3399963378906,614.4650268554688,82.79000091552734,327.44000244140625,259.42498779296875,339.4100036621094,614.9000244140625,82.83000183105469,327.2900085449219,259.1700134277344,339.2620849609375,614.3900146484375,82.77999877929688,327.3501892089844,259.4150085449219,339.2699890136719,614.739990234375,82.82499694824219,46385.0,39542,8988.0,12076.0,25809.0
2026-09-03 14:15:00-04:00,327.5199890136719,259.3299865722656,339.55999755859375,614.9794921875,82.7750015258789,327.55999755859375,259.4049987792969,339.5992126464844,614.9794921875,82.81500244140625,327.32501220703125,259.2300109863281,339.32000732421875,614.4400024414062,82.7699966430664,327.32501220703125,259.2300109863281,339.3599853515625,614.4650268554688,82.80999755859375,49116.0,48584,13831.0,8948.0,23898.0
2026-09-03 14:16:00-04:00,327.3500061035156,259.2850036621094,339.4551086425781,614.4149780273438,82.80000305175781,327.54998779296875,259.364990234375,339.56500244140625,615.0,82.80000305175781,327.3399963378906,259.239990234375,339.44000244140625,614.3800048828125,82.77999877929688,327.510009765625,259.3299865722656,339.54998779296875,614.99951171875,82.77999877929688,43125.0,33737,16938.0,20930.0,19170.0
2026-09-03 14:17:00-04:00,327.44000244140625,259.0899963378906,339.44500732421875,614.75,82.77999877929688,327.44000244140625,259.3349914550781,339.4849853515625,614.75,82.80500030517578,327.2799987792969,259.04681396484375,339.3900146484375,614.3400268554688,82.7750015258789,327.3500061035156,259.32000732421875,339.4800109863281,614.340087890625,82.79000091552734,51124.0,35250,22789.0,10902.0,25080.0
2026-09-03 14:18:00-04:00,327.3800048828125,258.9700012207031,339.30499267578125,614.5599975585938,82.76499938964844,327.45001220703125,259.0899963378906,339.41009521484375,614.739990234375,82.78500366210938,327.30010986328125,258.95001220703125,339.30499267578125,614.469970703125,82.75,327.45001220703125,259.0899963378906,339.4100036621094,614.6099853515625,82.78500366210938,33761.0,42157,9653.0,12755.0,21546.0
2026-09-03 14:19:00-04:00,327.2174072265625,258.9849853515625,339.44000244140625,614.4099731445312,82.78500366210938,327.42498779296875,259.00299072265625,339.44000244140625,614.47998046875,82.81500244140625,327.2080078125,258.88360595703125,339.2200012207031,614.1904907226562,82.76000213623047,327.3900146484375,258.9700012207031,339.29998779296875,614.47998046875,82.76219940185547,33752.0,23083,15435.0,20238.0,31611.0
2026-09-03 14:20:00-04:00,327.1549987792969,258.9800109863281,339.3800048828125,614.8150024414062,82.78500366210938,327.239990234375,259.0799865722656,339.5,614.8800048828125,82.80000305175781,327.1199951171875,258.95001220703125,339.3800048828125,614.3200073242188,82.7750015258789,327.2200012207031,259.0050048828125,339.42498779296875,614.4400024414062,82.78500366210938,48693.0,25982,13775.0,23433.0,13867.0
2026-09-03 14:21:00-04:00,327.2099914550781,259.0249938964844,339.4800109863281,614.60498046875,82.70999908447266,327.25,259.114990234375,339.5299987792969,614.9500122070312,82.78500366210938,327.1300048828125,258.9750061035156,339.3800048828125,614.3800048828125,82.70999908447266,327.1400146484375,258.9800109863281,339.3800048828125,614.8150024414062,82.78500366210938,32938.0,27087,15505.0,17063.0,45137.0
2026-09-03 14:22:00-04:00,327.17120361328125,258.989990234375,339.42498779296875,614.3900146484375,82.63500213623047,327.25,259.0199890136719,339.4750061035156,614.6300048828125,82.7300033569336,327.1099853515625,258.9599914550781,339.3399963378906,614.2999877929688,82.62000274658203,327.2200927734375,259.0199890136719,339.45001220703125,614.6300048828125,82.70999908447266,41113.0,23714,12801.0,8570.0,91701.0
2026-09-03 14:23:00-04:00,326.9599914550781,258.95001220703125,339.3800048828125,614.4000244140625,82.49500274658203,327.2200012207031,259.010009765625,339.5,614.4796142578125,82.63500213623047,326.94000244140625,258.8833923339844,339.2099914550781,614.0999755859375,82.46499633789062,327.1759948730469,258.9849853515625,339.44000244140625,614.469970703125,82.63500213623047,45997.0,38113,12494.0,16994.0,71145.0
2026-09-03 14:24:00-04:00,326.9501953125,258.9800109863281,339.54998779296875,614.510009765625,82.5198974609375,327.010009765625,259.0199890136719,339.54998779296875,614.6199951171875,82.52999877929688,326.9200134277344,258.94000244140625,339.3699951171875,614.4099731445312,82.48999786376953,326.9599914550781,258.9599914550781,339.3900146484375,614.4099731445312,82.48999786376953,44083.0,28586,14003.0,14806.0,25021.0
2026-09-03 14:25:00-04:00,327.1401062011719,259.04998779296875,339.739990234375,614.5150146484375,82.5250015258789,327.17999267578125,259.06500244140625,339.75,614.6500244140625,82.54000091552734,326.9750061035156,258.95001220703125,339.510009765625,614.4500122070312,82.5,326.9775085449219,258.9800109863281,339.510009765625,614.5150146484375,82.51000213623047,39769.0,30832,13343.0,18056.0,24112.0
2026-09-03 14:26:00-04:00,327.04998779296875,259.1300048828125,339.7821960449219,614.4000244140625,82.48999786376953,327.1636047363281,259.2200012207031,339.81939697265625,614.5695190429688,82.52999877929688,327.0299987792969,259.03009033203125,339.70001220703125,614.375,82.48999786376953,327.1400146484375,259.04998779296875,339.7250061035156,614.5150146484375,82.5250015258789,30473.0,33863,15051.0,10258.0,19370.0
2026-09-03 14:27:00-04:00,327.0299987792969,259.1199951171875,339.7699890136719,614.469970703125,82.5,327.07000732421875,259.20001220703125,339.8699951171875,614.5499877929688,82.50499725341797,326.9200134277344,259.1000061035156,339.7099914550781,614.3201293945312,82.4800033569336,327.0299987792969,259.1051940917969,339.7900085449219,614.4500122070312,82.48999786376953,39665.0,31759,17637.0,9552.0,26177.0
2026-09-03 14:28:00-04:00,327.05499267578125,259.2250061035156,339.94000244140625,614.385009765625,82.5250015258789,327.06890869140625,259.2699890136719,339.95001220703125,614.4000244140625,82.53500366210938,326.989990234375,259.1346130371094,339.7200012207031,614.1799926757812,82.49500274658203,327.0199890136719,259.1499938964844,339.7300109863281,614.3200073242188,82.50499725341797,41126.0,29467,26470.0,10682.0,20819.0
2026-09-03 14:29:00-04:00,327.1199951171875,259.4700012207031,340.1499938964844,614.4857788085938,82.49500274658203,327.1549987792969,259.4700012207031,340.1600036621094,614.513671875,82.54000091552734,327.0,259.20001220703125,339.89599609375,614.3001098632812,82.49500274658203,327.04998779296875,259.239990234375,339.95001220703125,614.385009765625,82.5250015258789,59660.0,33648,64352.0,23030.0,22942.0
2026-09-03 14:30:00-04:00,327.010009765625,259.2900085449219,340.0799865722656,614.4299926757812,82.40499877929688,327.1700134277344,259.5,340.19000244140625,614.6057739257812,82.4999008178711,327.010009765625,259.2099914550781,340.05999755859375,614.4000244140625,82.40499877929688,327.1449890136719,259.4599914550781,340.1600036621094,614.5499877929688,82.49500274658203,37877.0,42350,19364.0,17355.0,26510.0
2026-09-03 14:31:00-04:00,327.1050109863281,259.2950134277344,339.8699951171875,614.4949951171875,82.29499816894531,327.1300048828125,259.3399963378906,340.114990234375,614.5399780273438,82.43000030517578,326.989990234375,259.239990234375,339.8399963378906,614.2899780273438,82.26499938964844,327.0199890136719,259.30499267578125,340.1000061035156,614.4163818359375,82.40499877929688,41406.0,24400,23761.0,7620.0,93927.0
2026-09-03 14:32:00-04:00,327.1400146484375,259.3450012207031,339.6499938964844,614.4099731445312,82.36280059814453,327.1700134277344,259.4200134277344,339.864990234375,614.5150146484375,82.37999725341797,327.0946044921875,259.32000732421875,339.635009765625,614.260009765625,82.25499725341797,327.1099853515625,259.3351135253906,339.8550109863281,614.4608154296875,82.29000091552734,39969.0,33216,11558.0,10690.0,48315.0
2026-09-03 14:33:00-04:00,327.20001220703125,259.4150085449219,339.6597900390625,614.75,82.52999877929688,327.20001220703125,259.4200134277344,339.6700134277344,614.7550048828125,82.52999877929688,327.135009765625,259.3399963378906,339.5799865722656,614.4284057617188,82.3550033569336,327.135009765625,259.3450012207031,339.6300048828125,614.4500122070312,82.36000061035156,27667.0,21322,6208.0,20309.0,82668.0
2026-09-03 14:34:00-04:00,327.239990234375,259.2799987792969,339.510009765625,614.6599731445312,82.51499938964844,327.25,259.45001220703125,339.6099853515625,614.8099975585938,82.52999877929688,327.17999267578125,259.2699890136719,339.4659118652344,614.5399780273438,82.49449920654297,327.19500732421875,259.4150085449219,339.6000061035156,614.719970703125,82.5199966430664,35573.0,27112,8761.0,17470.0,20406.0
2026-09-03 14:35:00-04:00,327.1499938964844,259.19500732421875,339.54998779296875,615.344970703125,82.53500366210938,327.2900085449219,259.2900085449219,339.54998779296875,615.3699951171875,82.54000091552734,327.1200866699219,259.1499938964844,339.4599914550781,614.6199951171875,82.4800033569336,327.239990234375,259.2799987792969,339.54998779296875,614.6599731445312,82.5103988647461,43330.0,41157,10872.0,42617.0,22855.0
2026-09-03 14:36:00-04:00,327.1589050292969,259.17498779296875,339.3900146484375,615.3099975585938,82.55000305175781,327.20001220703125,259.22210693359375,339.5220031738281,615.5800170898438,82.55549621582031,327.125,259.1499938964844,339.2900085449219,615.25,82.53340148925781,327.1499938964844,259.19500732421875,339.5220031738281,615.4000244140625,82.53500366210938,26668.0,21797,20987.0,35629.0,16581.0
2026-09-03 14:37:00-04:00,327.0299987792969,258.9549865722656,339.3500061035156,615.6400146484375,82.5199966430664,327.159912109375,259.17498779296875,339.510009765625,615.6669921875,82.55000305175781,327.0299987792969,258.9112854003906,339.3500061035156,615.280029296875,82.5199966430664,327.1499938964844,259.17498779296875,339.364990234375,615.3099975585938,82.55000305175781,31698.0,39576,12640.0,25505.0,16107.0
2026-09-03 14:38:00-04:00,327.05499267578125,258.79998779296875,339.39990234375,615.3699951171875,82.50499725341797,327.1700134277344,258.9599914550781,339.45001220703125,616.0,82.53500366210938,327.03009033203125,258.7850036621094,339.3299865722656,615.364990234375,82.50499725341797,327.03009033203125,258.9599914550781,339.3699951171875,615.6400146484375,82.5199966430664,82608.0,40640,9304.0,63128.0,20857.0
2026-09-03 14:39:00-04:00,327.1600036621094,258.8298034667969,339.2650146484375,615.219970703125,82.5,327.239990234375,258.8999938964844,339.3876953125,615.3762817382812,82.5198974609375,327.05499267578125,258.7300109863281,339.2650146484375,615.0650024414062,82.4800033569336,327.05999755859375,258.7799987792969,339.3876953125,615.3699951171875,82.50499725341797,70609.0,35896,7372.0,13907.0,28386.0
2026-09-03 14:40:00-04:00,327.0199890136719,258.79998779296875,339.4360046386719,614.9550170898438,82.54499816894531,327.17999267578125,258.8550109863281,339.4360046386719,615.2449951171875,82.54499816894531,327.0,258.7099914550781,339.1400146484375,614.77001953125,82.49500274658203,327.17999267578125,258.8500061035156,339.2506103515625,615.155029296875,82.49500274658203,37111.0,26423,12649.0,18345.0,76927.0
2026-09-03 14:41:00-04:00,326.989990234375,258.8599853515625,339.5299987792969,615.489990234375,82.6050033569336,327.05999755859375,258.885009765625,339.5400085449219,615.489990234375,82.60820007324219,326.95001220703125,258.7796936035156,339.4200134277344,614.9201049804688,82.5199966430664,327.0350036621094,258.7950134277344,339.4549865722656,614.9550170898438,82.54499816894531,25243.0,19648,9514.0,11372.0,40925.0
2026-09-03 14:42:00-04:00,326.95001220703125,258.6600036621094,339.4599914550781,615.3049926757812,82.55999755859375,327.04998779296875,258.8645935058594,339.5599060058594,615.489990234375,82.62000274658203,326.92999267578125,258.6000061035156,339.4599914550781,615.1599731445312,82.54000091552734,327.0299987792969,258.8645935058594,339.510009765625,615.4500122070312,82.61499786376953,70439.0,42974,6603.0,41891.0,41187.0
2026-09-03 14:43:00-04:00,327.1099853515625,258.6400146484375,339.3299865722656,615.1699829101562,82.52999877929688,327.1600036621094,258.70001220703125,339.489990234375,615.3250122070312,82.55500030517578,326.95001220703125,258.54998779296875,339.2699890136719,615.1699829101562,82.52999877929688,326.95001220703125,258.69000244140625,339.4750061035156,615.3049926757812,82.55500030517578,252866.0,20923,10508.0,12930.0,19446.0
2026-09-03 14:44:00-04:00,326.8951110839844,258.68499755859375,339.3699951171875,614.6300048828125,82.51000213623047,327.17999267578125,258.7167053222656,339.3900146484375,615.25,82.53500366210938,326.864990234375,258.5799865722656,339.2900085449219,614.6199951171875,82.51000213623047,327.1199951171875,258.625,339.32000732421875,615.1799926757812,82.53500366210938,53635.0,27239,11143.0,13764.0,17101.0
2026-09-03 14:45:00-04:00,326.8699951171875,258.6650085449219,339.3900146484375,614.4199829101562,82.51000213623047,326.8999938964844,258.72198486328125,339.44000244140625,614.8099975585938,82.53500366210938,326.7200012207031,258.6000061035156,339.29998779296875,614.3099975585938,82.48999786376953,326.8699951171875,258.68499755859375,339.364013671875,614.6099853515625,82.5198974609375,159335.0,22314,6846.0,12232.0,42625.0
2026-09-03 14:46:00-04:00,326.67999267578125,258.79998779296875,339.3900146484375,614.6649780273438,82.51499938964844,326.9599914550781,258.8699951171875,339.4549865722656,614.7150268554688,82.52999877929688,326.6099853515625,258.6600036621094,339.3900146484375,614.3455200195312,82.49330139160156,326.8999938964844,258.6600036621094,339.4200134277344,614.5198974609375,82.51499938964844,85843.0,47272,8968.0,9059.0,14651.0
2026-09-03 14:47:00-04:00,326.7820129394531,258.7701110839844,339.25,614.1718139648438,82.53500366210938,326.79730224609375,258.8399963378906,339.3800048828125,614.760009765625,82.55000305175781,326.510009765625,258.7699890136719,339.25,614.1718139648438,82.5,326.7049865722656,258.80999755859375,339.3699951171875,614.6099853515625,82.51000213623047,89332.0,28510,11210.0,18732.0,23992.0
2026-09-03 14:48:00-04:00,326.8699951171875,258.7550048828125,339.2099914550781,613.8499755859375,82.56999969482422,326.94000244140625,258.8815002441406,339.32000732421875,614.3499755859375,82.56999969482422,326.760009765625,258.7550048828125,339.2099914550781,613.8400268554688,82.53009796142578,326.7799987792969,258.7850036621094,339.2572937011719,614.1699829101562,82.54000091552734,52179.0,21786,10921.0,20286.0,29993.0
2026-09-03 14:49:00-04:00,326.7900085449219,258.739990234375,339.3500061035156,613.72998046875,82.54499816894531,326.8699951171875,258.8450012207031,339.3550109863281,613.9000244140625,82.56999969482422,326.7300109863281,258.7099914550781,339.05999755859375,613.5,82.54499816894531,326.8699951171875,258.739990234375,339.20001220703125,613.8400268554688,82.55999755859375,42170.0,33379,21789.0,18767.0,77081.0
2026-09-03 14:50:00-04:00,326.69500732421875,258.7950134277344,339.25,613.548828125,82.5551986694336,326.94000244140625,258.8500061035156,339.3599853515625,613.7550048828125,82.59500122070312,326.68499755859375,258.7699890136719,339.2099914550781,613.4500122070312,82.54000091552734,326.7799987792969,258.7699890136719,339.3599853515625,613.7000122070312,82.54499816894531,55103.0,18106,17994.0,11780.0,58492.0
2026-09-03 14:51:00-04:00,326.5950012207031,258.80999755859375,339.1643981933594,613.989990234375,82.55000305175781,326.739990234375,258.80999755859375,339.2550048828125,613.989990234375,82.56500244140625,326.5799865722656,258.739990234375,339.1199951171875,613.4400024414062,82.54499816894531,326.70001220703125,258.7950134277344,339.2550048828125,613.573486328125,82.55999755859375,37620.0,24802,11284.0,23984.0,46194.0
2026-09-03 14:52:00-04:00,326.7300109863281,258.71051025390625,339.11041259765625,613.5349731445312,82.55500030517578,326.7598876953125,258.8399963378906,339.260009765625,614.2000122070312,82.58499908447266,326.57000732421875,258.7005920410156,339.07000732421875,613.52001953125,82.54100036621094,326.6099853515625,258.80999755859375,339.17498779296875,613.7871704101562,82.54499816894531,39295.0,23002,10914.0,418887.0,26989.0
2026-09-03 14:53:00-04:00,326.9849853515625,258.6300048828125,339.2300109863281,613.739990234375,82.56999969482422,327.0,258.7200012207031,339.25,613.91357421875,82.56999969482422,326.7099914550781,258.6000061035156,339.1099853515625,613.530029296875,82.55000305175781,326.7550048828125,258.7099914550781,339.1099853515625,613.5499877929688,82.55500030517578,53541.0,28660,6426.0,8738.0,16024.0
2026-09-03 14:54:00-04:00,326.94500732421875,258.6650085449219,339.19000244140625,613.5999755859375,82.59989929199219,327.0199890136719,258.67498779296875,339.2749938964844,614.0,82.59989929199219,326.8949890136719,258.5899963378906,339.0799865722656,613.530029296875,82.55999755859375,326.9849853515625,258.6400146484375,339.239990234375,613.875,82.56999969482422,54470.0,34733,22484.0,19628.0,16647.0
2026-09-03 14:55:00-04:00,326.760009765625,258.4800109863281,339.0,612.875,82.58499908447266,326.9800109863281,258.69000244140625,339.20001220703125,613.6900024414062,82.5999984741211,326.7300109863281,258.4700012207031,338.95001220703125,612.8099975585938,82.56999969482422,326.9458923339844,258.6700134277344,339.19000244140625,613.5900268554688,82.5999984741211,49218.0,35026,16561.0,23039.0,18724.0
2026-09-03 14:56:00-04:00,326.9093933105469,258.739990234375,339.0400085449219,612.7700805664062,82.6050033569336,326.9700012207031,258.7799987792969,339.05999755859375,612.9600219726562,82.6050033569336,326.75,258.5150146484375,338.9800109863281,612.719970703125,82.56999969482422,326.7698974609375,258.5150146484375,338.9800109863281,612.8499755859375,82.58499908447266,42338.0,51076,10081.0,9447.0,19690.0
2026-09-03 14:57:00-04:00,326.8800048828125,258.7799987792969,339.2250061035156,613.094970703125,82.61499786376953,326.9100036621094,258.80999755859375,339.2250061035156,613.27001953125,82.62000274658203,326.8299865722656,258.6700134277344,339.0400085449219,612.75,82.58499908447266,326.8900146484375,258.760009765625,339.04998779296875,612.875,82.6050033569336,32698.0,23196,15177.0,13181.0,23054.0
2026-09-03 14:58:00-04:00,326.95001220703125,258.92999267578125,339.2900085449219,613.8699951171875,82.62010192871094,326.9549865722656,258.9599914550781,339.29998779296875,613.989990234375,82.625,326.8599853515625,258.78009033203125,339.2099914550781,613.030029296875,82.6050033569336,326.8900146484375,258.78009033203125,339.2200012207031,613.25,82.61499786376953,37313.0,34745,14377.0,29621.0,17256.0
2026-09-03 14:59:00-04:00,327.19000244140625,259.010009765625,339.3999938964844,613.8499755859375,82.6050033569336,327.260009765625,259.1199951171875,339.42999267578125,613.989990234375,82.625,326.94000244140625,258.9150085449219,339.2799987792969,613.8200073242188,82.5999984741211,326.95001220703125,258.92999267578125,339.2799987792969,613.9598999023438,82.625,67004.0,31191,10943.0,8173.0,22883.0
2026-09-03 15:00:00-04:00,327.16009521484375,259.02410888671875,339.4100036621094,613.7849731445312,82.6500015258789,327.2349853515625,259.1099853515625,339.5,614.0,82.6500015258789,327.04998779296875,258.9898986816406,339.3800048828125,613.72998046875,82.58499908447266,327.20001220703125,259.07000732421875,339.4800109863281,613.9600219726562,82.6041030883789,42619.0,24966,12711.0,15701.0,28643.0
2026-09-03 15:01:00-04:00,327.25,258.83990478515625,339.2699890136719,613.60498046875,82.58499908447266,327.2799987792969,259.02508544921875,339.5,613.75,82.6500015258789,327.1199951171875,258.7900085449219,339.2699890136719,613.5800170898438,82.58499908447266,327.1199951171875,259.02508544921875,339.3999938964844,613.72998046875,82.6500015258789,18278.0,35368,16738.0,14603.0,19312.0
2026-09-03 15:02:00-04:00,327.2449951171875,258.8399963378906,339.3901062011719,613.5900268554688,82.55000305175781,327.34991455078125,258.9299011230469,339.42999267578125,613.8400268554688,82.58499908447266,327.2101135253906,258.79998779296875,339.2449951171875,613.52001953125,82.55000305175781,327.27178955078125,258.81500244140625,339.30999755859375,613.6300048828125,82.58000183105469,29682.0,50964,12295.0,12178.0,30985.0
2026-09-03 15:03:00-04:00,327.3399963378906,258.8399963378906,339.42498779296875,613.7650146484375,82.55509948730469,327.3999938964844,258.8699951171875,339.54998779296875,613.8200073242188,82.57499694824219,327.2200012207031,258.6802062988281,339.3599853515625,613.4400024414062,82.54000091552734,327.2449951171875,258.8450012207031,339.3900146484375,613.594970703125,82.54000091552734,66562.0,69010,15211.0,20289.0,21418.0
2026-09-03 15:04:00-04:00,327.2699890136719,258.7550048828125,339.2349853515625,613.780029296875,82.55999755859375,327.32000732421875,258.8399963378906,339.45001220703125,613.8900146484375,82.57499694824219,327.1000061035156,258.6199951171875,339.2200012207031,613.719970703125,82.55500030517578,327.32000732421875,258.8399963378906,339.3900146484375,613.72998046875,82.55500030517578,34220.0,42678,12640.0,9128.0,15761.0
2026-09-03 15:05:00-04:00,327.239990234375,258.8500061035156,339.3800048828125,614.0198974609375,82.51000213623047,327.30999755859375,258.8800048828125,339.3900146484375,614.0798950195312,82.56999969482422,327.20001220703125,258.7200012207031,339.2004089355469,613.8099975585938,82.5031967163086,327.2900085449219,258.7449951171875,339.239990234375,613.9500122070312,82.56999969482422,37484.0,29042,9533.0,17035.0,17518.0
2026-09-03 15:06:00-04:00,327.4100036621094,258.7799987792969,339.46990966796875,614.14501953125,82.53500366210938,327.4200134277344,258.8699951171875,339.5,614.2000122070312,82.53500366210938,327.25,258.7200012207031,339.35009765625,613.9000244140625,82.51499938964844,327.25,258.8450012207031,339.4200134277344,613.9550170898438,82.51499938964844,37544.0,41316,17779.0,16348.0,14593.0
2026-09-03 15:07:00-04:00,327.4700012207031,258.69500732421875,339.6099853515625,613.9000244140625,82.51499938964844,327.4700012207031,258.82989501953125,339.6099853515625,614.1400146484375,82.54499816894531,327.3800048828125,258.6802062988281,339.3299865722656,613.7999877929688,82.51499938964844,327.4049987792969,258.7699890136719,339.4700012207031,614.1400146484375,82.54000091552734,49838.0,24291,34151.0,9363.0,22910.0
2026-09-03 15:08:00-04:00,327.5205078125,258.7699890136719,339.7650146484375,613.8900146484375,82.572998046875,327.54998779296875,258.82000732421875,339.7799987792969,613.8900146484375,82.572998046875,327.42999267578125,258.67999267578125,339.5299987792969,613.6599731445312,82.5250015258789,327.4599914550781,258.69500732421875,339.6000061035156,613.8400268554688,82.5250015258789,48120.0,31095,14948.0,7859.0,27245.0
2026-09-03 15:09:00-04:00,327.4800109863281,258.79998779296875,339.7699890136719,613.9249877929688,82.55500030517578,327.639892578125,258.80999755859375,339.8599853515625,613.9998779296875,82.58000183105469,327.42999267578125,258.7200012207031,339.760009765625,613.8099975585938,82.54499816894531,327.5350036621094,258.7799987792969,339.7677001953125,613.9099731445312,82.57499694824219,72790.0,37816,12317.0,210242.0,47690.0
2026-09-03 15:10:00-04:00,327.4200134277344,258.8299865722656,339.8399963378906,613.8599853515625,82.54499816894531,327.510009765625,258.8299865722656,339.8399963378906,613.9793701171875,82.56500244140625,327.3900146484375,258.7349853515625,339.739990234375,613.72998046875,82.53099822998047,327.4849853515625,258.79998779296875,339.7900085449219,613.9249877929688,82.55500030517578,40945.0,33882,9886.0,12467.0,20824.0
2026-09-03 15:11:00-04:00,327.510009765625,258.8900146484375,339.8949890136719,614.1400146484375,82.57379913330078,327.510009765625,258.8900146484375,339.9200134277344,614.2999877929688,82.57499694824219,327.3999938964844,258.7799987792969,339.7300109863281,613.6400146484375,82.54000091552734,327.4100036621094,258.8399963378906,339.82000732421875,613.8599853515625,82.54499816894531,32607.0,30179,19130.0,29961.0,17450.0
2026-09-03 15:12:00-04:00,327.56500244140625,258.85101318359375,340.010009765625,614.5050048828125,82.61499786376953,327.5799865722656,258.8800048828125,340.0199890136719,614.68798828125,82.61509704589844,327.44000244140625,258.7900085449219,339.8900146484375,614.1400146484375,82.56500244140625,327.5,258.8699951171875,339.8949890136719,614.1400146484375,82.57499694824219,49340.0,40932,36427.0,34934.0,31097.0
2026-09-03 15:13:00-04:00,327.4473876953125,258.75,340.07000732421875,614.4000244140625,82.65499877929688,327.5899963378906,258.84161376953125,340.1099853515625,614.5800170898438,82.66000366210938,327.4100036621094,258.7200012207031,339.9700012207031,614.1500244140625,82.61000061035156,327.5600891113281,258.84161376953125,340.010009765625,614.5798950195312,82.61509704589844,58985.0,42647,22908.0,21457.0,35622.0
2026-09-03 15:14:00-04:00,327.3500061035156,258.6600036621094,339.8800048828125,614.1137084960938,82.61499786376953,327.5,258.7699890136719,340.1099853515625,614.530029296875,82.66999816894531,327.3399963378906,258.6199951171875,339.8699951171875,613.989990234375,82.61499786376953,327.45001220703125,258.7699890136719,340.0801086425781,614.5,82.66999816894531,32145.0,50034,18058.0,23387.0,25558.0
2026-09-03 15:15:00-04:00,327.3399963378906,258.6499938964844,339.9599914550781,613.8399047851562,82.6050033569336,327.3699035644531,258.69000244140625,339.9599914550781,614.1199951171875,82.62989807128906,327.25,258.6099853515625,339.80999755859375,613.6699829101562,82.58999633789062,327.3399963378906,258.6600036621094,339.8608093261719,614.0599975585938,82.625,44443.0,27514,19698.0,27181.0,18826.0
2026-09-03 15:16:00-04:00,327.5260009765625,258.6499938964844,339.54998779296875,612.9199829101562,82.625,327.54998779296875,258.69000244140625,340.0,613.8399047851562,82.625,327.3399963378906,258.6050109863281,339.1199951171875,612.9199829101562,82.59500122070312,327.3399963378906,258.67999267578125,339.9820861816406,613.7550048828125,82.6050033569336,37205.0,23048,92446.0,30451.0,16217.0
2026-09-03 15:17:00-04:00,327.489990234375,258.7099914550781,339.46990966796875,613.5,82.6500015258789,327.5400085449219,258.7200012207031,339.5950012207031,613.77001953125,82.65499877929688,327.489990234375,258.590087890625,339.4200134277344,612.77001953125,82.61499786376953,327.5249938964844,258.6499938964844,339.5450134277344,612.9199829101562,82.62000274658203,39311.0,43539,15001.0,22387.0,18859.0
2026-09-03 15:18:00-04:00,327.5199890136719,258.794189453125,339.79998779296875,613.9000244140625,82.6155014038086,327.55999755859375,258.794189453125,339.79998779296875,613.9000244140625,82.66000366210938,327.4599914550781,258.69000244140625,339.4601135253906,613.2578125,82.6050033569336,327.4849853515625,258.7099914550781,339.55999755859375,613.5750122070312,82.63999938964844,50580.0,29438,14230.0,16685.0,29993.0
2026-09-03 15:19:00-04:00,327.5299987792969,258.8599853515625,339.8699951171875,613.5250244140625,82.62999725341797,327.5899963378906,258.8699951171875,339.8999938964844,613.989990234375,82.63500213623047,327.44500732421875,258.7699890136719,339.7099914550781,613.4099731445312,82.59200286865234,327.510009765625,258.7850036621094,339.7814025878906,613.989990234375,82.61000061035156,51955.0,27834,8174.0,22868.0,20315.0
2026-09-03 15:20:00-04:00,327.5050048828125,258.79998779296875,339.8387145996094,613.4949951171875,82.66999816894531,327.55999755859375,258.8999938964844,339.9200134277344,613.530029296875,82.68000030517578,327.4527893066406,258.7699890136719,339.8200988769531,613.3699951171875,82.62999725341797,327.5299987792969,258.8800048828125,339.875,613.4500122070312,82.63500213623047,47017.0,29880,12673.0,16980.0,25057.0
2026-09-03 15:21:00-04:00,327.55499267578125,258.760009765625,339.77020263671875,613.3699951171875,82.68499755859375,327.55499267578125,258.8450012207031,339.8699951171875,613.489990234375,82.69100189208984,327.4100036621094,258.760009765625,339.75,613.3099975585938,82.66999816894531,327.5,258.80810546875,339.8500061035156,613.47998046875,82.67500305175781,50078.0,23401,10840.0,12861.0,32777.0
2026-09-03 15:22:00-04:00,327.5574951171875,258.6000061035156,339.6000061035156,613.239990234375,82.69499969482422,327.57000732421875,258.7701110839844,339.7850036621094,613.4199829101562,82.7074966430664,327.44000244140625,258.6000061035156,339.5899963378906,613.0700073242188,82.68499755859375,327.5400085449219,258.739990234375,339.7850036621094,613.3699951171875,82.69999694824219,44551.0,39110,17603.0,15461.0,36192.0
2026-09-03 15:23:00-04:00,327.54998779296875,258.5199890136719,339.739990234375,613.4500122070312,82.65249633789062,327.55499267578125,258.6300048828125,339.7699890136719,613.5399780273438,82.70999908447266,327.4375,258.41009521484375,339.5799865722656,613.1400146484375,82.65249633789062,327.54998779296875,258.6050109863281,339.5799865722656,613.1400146484375,82.69000244140625,33386.0,52229,13104.0,13179.0,59005.0
2026-09-03 15:24:00-04:00,327.510009765625,258.4800109863281,339.510009765625,613.2899780273438,82.68499755859375,327.6099853515625,258.5299987792969,339.760009765625,613.75,82.69499969482422,327.4200134277344,258.4200134277344,339.510009765625,613.0,82.65499877929688,327.55999755859375,258.5299987792969,339.7349853515625,613.5700073242188,82.66999816894531,49767.0,35059,21709.0,34788.0,39897.0
2026-09-03 15:25:00-04:00,327.57550048828125,258.5,339.7099914550781,613.375,82.70500183105469,327.6300048828125,258.5,339.7099914550781,613.5599975585938,82.70500183105469,327.5,258.427490234375,339.5400085449219,613.2899780273438,82.66010284423828,327.510009765625,258.4845886230469,339.5400085449219,613.2899780273438,82.68009948730469,54563.0,28128,15060.0,17942.0,24141.0
2026-09-03 15:26:00-04:00,327.7300109863281,258.4599914550781,339.7200012207031,613.0399780273438,82.70500183105469,327.7300109863281,258.5199890136719,339.80499267578125,613.4199829101562,82.70999908447266,327.57501220703125,258.4400939941406,339.67999267578125,612.8701171875,82.69999694824219,327.57501220703125,258.489990234375,339.739990234375,613.3109741210938,82.70500183105469,59142.0,24623,14604.0,21296.0,19907.0
2026-09-03 15:27:00-04:00,327.7699890136719,258.6600036621094,339.79998779296875,612.7999877929688,82.75499725341797,327.7900085449219,258.70001220703125,339.8599853515625,613.1199951171875,82.7699966430664,327.7099914550781,258.4700012207031,339.70001220703125,612.5855102539062,82.70999908447266,327.7300109863281,258.4800109863281,339.7200012207031,612.9949951171875,82.70999908447266,48108.0,39899,11953.0,14575.0,51064.0
2026-09-03 15:28:00-04:00,327.7749938964844,258.57000732421875,339.7749938964844,612.8380126953125,82.73500061035156,327.8399963378906,258.6700134277344,339.80999755859375,613.0,82.79000091552734,327.67999267578125,258.489990234375,339.6448974609375,612.3201293945312,82.7249984741211,327.7749938964844,258.6700134277344,339.7950134277344,612.8400268554688,82.75499725341797,68932.0,31128,12364.0,15170.0,71111.0
2026-09-03 15:29:00-04:00,327.7950134277344,258.6549987792969,339.8299865722656,612.780029296875,82.73999786376953,327.8301086425781,258.739990234375,339.8847961425781,613.0599975585938,82.75499725341797,327.7200012207031,258.5899963378906,339.760009765625,612.7000122070312,82.7249984741211,327.7749938964844,258.5899963378906,339.7850036621094,613.0,82.73999786376953,61952.0,29801,23943.0,21980.0,32336.0
2026-09-03 15:30:00-04:00,327.57501220703125,258.69500732421875,339.8450012207031,612.3831787109375,82.72000122070312,327.7900085449219,258.7099914550781,339.8900146484375,612.72998046875,82.74500274658203,327.5600891113281,258.5899963378906,339.7550048828125,612.1605224609375,82.70500183105469,327.7900085449219,258.6549987792969,339.80999755859375,612.7000122070312,82.73500061035156,81409.0,36345,23278.0,16539.0,73414.0
2026-09-03 15:31:00-04:00,327.6000061035156,258.7650146484375,339.8944091796875,612.9149780273438,82.76010131835938,327.6600036621094,258.81500244140625,339.989990234375,613.1799926757812,82.80000305175781,327.5899963378906,258.7200927734375,339.8399963378906,612.27001953125,82.72000122070312,327.5899963378906,258.7200927734375,339.8699951171875,612.344970703125,82.72000122070312,39858.0,39666,24421.0,22988.0,71494.0
2026-09-03 15:32:00-04:00,327.55999755859375,258.7900085449219,339.989990234375,612.7650146484375,82.81990051269531,327.6199951171875,258.80499267578125,340.0,613.0,82.81999969482422,327.510009765625,258.6708068847656,339.8100891113281,612.526611328125,82.76419830322266,327.6050109863281,258.79229736328125,339.8900146484375,613.0,82.76499938964844,47302.0,32708,35606.0,13673.0,31519.0
2026-09-03 15:33:00-04:00,327.44500732421875,258.5799865722656,339.7799987792969,612.969970703125,82.79000091552734,327.5899963378906,258.7799987792969,339.9800109863281,613.1099853515625,82.81500244140625,327.42999267578125,258.5799865722656,339.760009765625,612.6699829101562,82.75,327.56500244140625,258.7799987792969,339.9700012207031,612.7650146484375,82.81500244140625,60055.0,43777,18783.0,27698.0,67424.0
2026-09-03 15:34:00-04:00,327.5679931640625,258.4849853515625,339.7749938964844,612.9299926757812,82.76000213623047,327.58740234375,258.5899963378906,339.8900146484375,613.1500244140625,82.80000305175781,327.4100036621094,258.4599914550781,339.69000244140625,612.7000122070312,82.73500061035156,327.44500732421875,258.5899963378906,339.82000732421875,612.9400024414062,82.79499816894531,40786.0,34334,15816.0,19698.0,56868.0
2026-09-03 15:35:00-04:00,327.6582946777344,258.44000244140625,339.70001220703125,613.0750122070312,82.77999877929688,327.7099914550781,258.510009765625,339.7900085449219,613.0900268554688,82.80500030517578,327.5389099121094,258.44000244140625,339.6499938964844,612.7000122070312,82.75499725341797,327.57000732421875,258.4849853515625,339.760009765625,612.9299926757812,82.76499938964844,45559.0,36108,11381.0,19570.0,47216.0
2026-09-03 15:36:00-04:00,327.57501220703125,258.5400085449219,339.67999267578125,612.989990234375,82.81999969482422,327.6600036621094,258.55999755859375,339.7699890136719,613.0750122070312,82.83000183105469,327.5199890136719,258.4750061035156,339.6499938964844,612.8499755859375,82.77010345458984,327.6400146484375,258.4750061035156,339.7300109863281,613.0750122070312,82.77999877929688,38281.0,30395,16408.0,24113.0,56594.0
2026-09-03 15:37:00-04:00,327.70001220703125,258.625,339.7699890136719,613.2000122070312,82.81500244140625,327.70001220703125,258.6606140136719,339.7799987792969,613.4199829101562,82.81999969482422,327.55499267578125,258.5400085449219,339.6600036621094,613.0050048828125,82.7750015258789,327.5755920410156,258.5539855957031,339.7149963378906,613.0050048828125,82.81999969482422,58122.0,28960,17167.0,26111.0,28623.0
2026-09-03 15:38:00-04:00,327.635009765625,258.7200012207031,339.9700012207031,613.3400268554688,82.76000213623047,327.7200012207031,258.7200012207031,339.9700012207031,613.4299926757812,82.82499694824219,327.635009765625,258.5849914550781,339.70001220703125,613.1500244140625,82.75499725341797,327.69500732421875,258.625,339.7699890136719,613.3400268554688,82.81999969482422,43452.0,44523,26993.0,33143.0,48697.0
2026-09-03 15:39:00-04:00,327.510009765625,258.80499267578125,339.9750061035156,613.114990234375,82.78500366210938,327.6400146484375,258.82720947265625,340.0,613.3925170898438,82.79000091552734,327.4700012207031,258.6499938964844,339.9100036621094,612.8900146484375,82.73999786376953,327.635009765625,258.7200012207031,339.9549865722656,613.3699951171875,82.76000213623047,53679.0,37582,23691.0,24075.0,84313.0
2026-09-03 15:40:00-04:00,327.489990234375,258.9750061035156,340.1199951171875,613.6300048828125,82.75,327.6499938964844,258.989990234375,340.1700134277344,613.6300048828125,82.79000091552734,327.45001220703125,258.80499267578125,339.9700012207031,613.080078125,82.75,327.5199890136719,258.80499267578125,339.989990234375,613.1174926757812,82.77999877929688,80639.0,47623,49691.0,25555.0,29070.0
2026-09-03 15:41:00-04:00,327.5350036621094,258.92999267578125,340.1199951171875,613.5,82.7300033569336,327.6400146484375,258.9750061035156,340.1499938964844,613.7630004882812,82.75,327.489501953125,258.8900146484375,340.0350036621094,613.3099975585938,82.72000122070312,327.489501953125,258.9750061035156,340.1199951171875,613.739990234375,82.74500274658203,44953.0,49364,17645.0,27017.0,43386.0
2026-09-03 15:42:00-04:00,327.6700134277344,258.9764099121094,340.1650085449219,613.7249755859375,82.7750015258789,327.6700134277344,259.04998779296875,340.1700134277344,613.7799072265625,82.7750015258789,327.489990234375,258.8900146484375,340.0694885253906,613.5,82.72000122070312,327.5199890136719,258.92999267578125,340.0899963378906,613.5800170898438,82.72000122070312,80429.0,60033,16275.0,15769.0,42605.0
2026-09-03 15:43:00-04:00,327.7850036621094,258.9800109863281,340.0400085449219,613.5300903320312,82.7249984741211,327.80999755859375,259.0950012207031,340.20001220703125,613.77001953125,82.79000091552734,327.6400146484375,258.9601135253906,340.010009765625,613.3800048828125,82.71499633789062,327.6549987792969,258.9800109863281,340.17999267578125,613.760009765625,82.77999877929688,77856.0,54918,18779.0,22367.0,66521.0
2026-09-03 15:44:00-04:00,327.7835998535156,258.8699951171875,340.0400085449219,613.2449951171875,82.73500061035156,327.8500061035156,259.0199890136719,340.1549987792969,613.5891723632812,82.75,327.7200012207031,258.8699951171875,340.0150146484375,613.2100219726562,82.69000244140625,327.7799987792969,259.0,340.05999755859375,613.47998046875,82.72000122070312,61455.0,56543,18463.0,22446.0,51061.0
2026-09-03 15:45:00-04:00,327.8699951171875,259.07000732421875,339.8324890136719,613.75,82.7249984741211,328.0299072265625,259.1050109863281,340.0400085449219,613.75,82.73999786376953,327.7900085449219,258.8550109863281,339.7900085449219,613.2100219726562,82.68499755859375,327.79998779296875,258.8800048828125,340.0299987792969,613.239990234375,82.7300033569336,113407.0,80090,28028.0,25981.0,61896.0
2026-09-03 15:46:00-04:00,328.1499938964844,258.9700012207031,339.7799987792969,613.260009765625,82.7249984741211,328.1499938964844,259.1050109863281,339.8799133300781,613.8099975585938,82.73500061035156,327.8599853515625,258.95001220703125,339.69000244140625,613.22998046875,82.70999908447266,327.8599853515625,259.0899963378906,339.80999755859375,613.6950073242188,82.72000122070312,100769.0,57169,23952.0,31593.0,74093.0
2026-09-03 15:47:00-04:00,328.05999755859375,258.75,339.70001220703125,612.3699951171875,82.6500015258789,328.2099914550781,259.04998779296875,339.8153076171875,613.2999877929688,82.7300033569336,327.95001220703125,258.7250061035156,339.6600036621094,612.2849731445312,82.63500213623047,328.1575927734375,258.9599914550781,339.75,613.280029296875,82.7249984741211,55194.0,55312,19534.0,79546.0,73916.0
2026-09-03 15:48:00-04:00,328.1449890136719,258.7950134277344,339.4800109863281,611.760009765625,82.63500213623047,328.1499938964844,258.8299865722656,339.72149658203125,612.3699951171875,82.69000244140625,328.0306091308594,258.7200012207031,339.44000244140625,611.6599731445312,82.625,328.04998779296875,258.7799987792969,339.7099914550781,612.3699951171875,82.66000366210938,62325.0,57908,27149.0,27528.0,70670.0
2026-09-03 15:49:00-04:00,328.0144958496094,258.6913146972656,339.25,612.125,82.69999694824219,328.20001220703125,258.7900085449219,339.4750061035156,612.2100219726562,82.70999908447266,328.010009765625,258.6499938964844,339.2449951171875,611.6199951171875,82.625,328.1449890136719,258.7900085449219,339.4750061035156,611.7000122070312,82.63500213623047,60522.0,63538,37178.0,43060.0,75918.0
2026-09-03 15:50:00-04:00,327.7850036621094,258.67498779296875,339.2099914550781,611.7951049804688,82.54000091552734,328.25,258.82000732421875,339.4200134277344,612.135009765625,82.69000244140625,327.760009765625,258.6099853515625,339.0400085449219,611.510009765625,82.53500366210938,328.0299987792969,258.70001220703125,339.25,612.0700073242188,82.69000244140625,112992.0,79375,57242.0,66754.0,99929.0
2026-09-03 15:51:00-04:00,327.8877868652344,258.8299865722656,339.260009765625,611.8892822265625,82.53500366210938,327.9200134277344,258.8500061035156,339.3500061035156,612.1099853515625,82.55999755859375,327.7200012207031,258.67498779296875,339.1400146484375,611.719970703125,82.49009704589844,327.7699890136719,258.68499755859375,339.19000244140625,611.739990234375,82.54000091552734,63208.0,88333,43743.0,53222.0,83393.0
2026-09-03 15:52:00-04:00,328.1549987792969,258.9150085449219,339.2699890136719,611.489990234375,82.625,328.19000244140625,258.94000244140625,339.3299865722656,612.02001953125,82.66000366210938,327.8699951171875,258.82000732421875,339.20001220703125,611.27001953125,82.51000213623047,327.8800048828125,258.82501220703125,339.2650146484375,611.8900146484375,82.52999877929688,67028.0,65790,21682.0,60549.0,101155.0
2026-09-03 15:53:00-04:00,328.18499755859375,258.875,339.1000061035156,611.4000244140625,82.55500030517578,328.32000732421875,258.9649963378906,339.30999755859375,611.9600219726562,82.625,328.1300048828125,258.8699951171875,339.1000061035156,611.3200073242188,82.55000305175781,328.1499938964844,258.9100036621094,339.2799987792969,611.52001953125,82.625,111418.0,199332,31645.0,47050.0,268962.0
2026-09-03 15:54:00-04:00,328.6199951171875,258.9800109863281,339.4100036621094,611.0399780273438,82.67500305175781,328.8399963378906,259.0299987792969,339.4800109863281,611.6799926757812,82.70500183105469,328.18499755859375,258.8800048828125,339.0899963378906,610.9000244140625,82.55000305175781,328.18499755859375,258.8800048828125,339.0899963378906,611.4000244140625,82.55000305175781,306750.0,110518,71363.0,53499.0,104568.0
2026-09-03 15:55:00-04:00,328.4700012207031,259.1199951171875,338.760009765625,610.1400146484375,82.72000122070312,328.7699890136719,259.1600036621094,339.3800048828125,611.030029296875,82.72000122070312,328.3800048828125,258.8699951171875,338.69000244140625,609.5999755859375,82.45999908447266,328.6300048828125,258.9800109863281,339.3800048828125,611.030029296875,82.67500305175781,225874.0,166874,132452.0,107320.0,396352.0
2026-09-03 15:56:00-04:00,328.0299987792969,258.9800109863281,338.92999267578125,610.3599853515625,82.67500305175781,328.4750061035156,259.1300048828125,338.92999267578125,610.6099853515625,82.71499633789062,328.010009765625,258.8999938964844,338.70001220703125,610.030029296875,82.56500244140625,328.4750061035156,259.1300048828125,338.7550048828125,610.1699829101562,82.71499633789062,184892.0,128552,70488.0,81157.0,210789.0
2026-09-03 15:57:00-04:00,328.1099853515625,259.0299987792969,339.0,610.75,82.67500305175781,328.1700134277344,259.0299987792969,339.0199890136719,611.0999755859375,82.74500274658203,327.9949951171875,258.92999267578125,338.8599853515625,610.3400268554688,82.66500091552734,328.0299987792969,258.9750061035156,338.92999267578125,610.4099731445312,82.68000030517578,257720.0,143907,138916.0,82305.0,244883.0
2026-09-03 15:58:00-04:00,328.0799865722656,258.875,338.98150634765625,610.75,82.63500213623047,328.20001220703125,259.0419006347656,339.0400085449219,610.8800048828125,82.70999908447266,327.989990234375,258.8299865722656,338.8800048828125,610.6099853515625,82.61499786376953,328.1099853515625,259.0299987792969,339.010009765625,610.77001953125,82.66500091552734,383776.0,226652,117873.0,106566.0,358911.0
2026-09-03 15:59:00-04:00,328.2099914550781,258.8999938964844,339.1099853515625,610.6799926757812,82.69000244140625,328.239990234375,259.010009765625,339.19000244140625,610.9400024414062,82.69999694824219,327.989990234375,258.7200012207031,338.9200134277344,610.3900146484375,82.61000061035156,328.07000732421875,258.875,339.0,610.75,82.63500213623047,571525.0,516293,277506.0,199509.0,454517.0
2026-09-04 09:30:00-04:00,328.0199890136719,260.7850036621094,339.70001220703125,614.3099975585938,82.19499969482422,328.8999938964844,260.8299865722656,339.75,615.0,82.4000015258789,327.46258544921875,259.1000061035156,338.42999267578125,610.1099853515625,82.06999969482422,328.30499267578125,259.2149963378906,339.2049865722656,612.4949951171875,82.16999816894531,1105409.0,1370926,573942.0,535090.0,579221.0
2026-09-04 09:31:00-04:00,327.135009765625,260.7449951171875,338.15008544921875,610.1917724609375,81.90010070800781,328.43359375,261.1199951171875,340.17999267578125,616.3300170898438,82.31999969482422,327.07000732421875,260.2900085449219,338.1199951171875,609.7999877929688,81.9000015258789,328.04998779296875,260.7850036621094,339.82000732421875,614.27001953125,82.23999786376953,112565.0,266498,63158.0,90047.0,137036.0
2026-09-04 09:32:00-04:00,328.3399963378906,259.989990234375,338.4700012207031,608.5,82.125,328.92999267578125,260.8599853515625,339.159912109375,611.6588745117188,82.19999694824219,327.1050109863281,259.6007080078125,338.0950927734375,608.25,81.8499984741211,327.1300048828125,260.7650146484375,338.2099914550781,610.4949951171875,81.94000244140625,300204.0,178898,32308.0,45226.0,90001.0
2026-09-04 09:33:00-04:00,327.2900085449219,258.760009765625,337.7699890136719,609.469970703125,82.2300033569336,328.4700012207031,260.489990234375,338.4176940917969,610.760009765625,82.45999908447266,327.2900085449219,258.75,337.7200012207031,608.10009765625,82.12999725341797,328.3999938964844,259.9150085449219,338.3900146484375,608.5499877929688,82.19999694824219,106800.0,162437,46372.0,68182.0,121891.0
2026-09-04 09:34:00-04:00,327.17999267578125,258.82000732421875,337.9049987792969,609.5280151367188,82.48999786376953,327.8500061035156,259.0199890136719,338.0899963378906,611.0599975585938,82.53500366210938,327.0199890136719,258.404296875,337.6499938964844,608.7100219726562,82.22000122070312,327.30999755859375,258.760009765625,337.7850036621094,609.77001953125,82.22000122070312,116988.0,117342,42012.0,40669.0,93716.0
2026-09-04 09:35:00-04:00,326.5450134277344,259.3599853515625,338.4366149902344,610.72998046875,82.44000244140625,327.1499938964844,259.48870849609375,338.4999084472656,611.0899047851562,82.53500366210938,326.2099914550781,258.6700134277344,337.8500061035156,609.0,82.33000183105469,327.1499938964844,258.8500061035156,337.8500061035156,609.489990234375,82.44999694824219,189884.0,115698,62404.0,58104.0,115232.0
2026-09-04 09:36:00-04:00,325.7699890136719,258.8500061035156,338.55499267578125,609.5150146484375,82.6552963256836,326.75,259.5,338.56988525390625,610.969970703125,82.69000244140625,325.54998779296875,258.75,337.9200134277344,608.739990234375,82.36499786376953,326.5400085449219,259.3550109863281,338.3800048828125,610.510009765625,82.47000122070312,201065.0,129049,52637.0,49060.0,80347.0
2026-09-04 09:37:00-04:00,325.6650085449219,258.7749938964844,338.177001953125,607.7349853515625,82.43000030517578,326.2799987792969,258.8599853515625,338.55499267578125,609.7797241210938,82.68000030517578,325.3450012207031,258.385009765625,338.1199951171875,607.5,82.40619659423828,325.739990234375,258.79998779296875,338.55499267578125,609.5700073242188,82.68000030517578,168437.0,66584,40493.0,65328.0,89899.0
2026-09-04 09:38:00-04:00,326.8699951171875,259.3999938964844,338.3450012207031,606.5349731445312,82.37259674072266,326.8699951171875,259.45001220703125,338.57000732421875,608.1500244140625,82.48999786376953,325.6802062988281,258.7099914550781,338.1199951171875,606.1099853515625,82.33999633789062,325.69000244140625,258.739990234375,338.19000244140625,607.6699829101562,82.43000030517578,112324.0,68461,16691.0,75639.0,97216.0
2026-09-04 09:39:00-04:00,326.29998779296875,259.94500732421875,338.5799865722656,607.5391845703125,82.23370361328125,326.8699951171875,260.1300048828125,338.7250061035156,608.22998046875,82.39700317382812,326.1600036621094,259.0,337.85009765625,605.27001953125,82.125,326.8399963378906,259.3900146484375,338.3699951171875,606.1400146484375,82.3499984741211,103719.0,138333,32223.0,70199.0,95650.0
2026-09-04 09:40:00-04:00,325.81500244140625,259.4750061035156,338.4530029296875,605.72998046875,82.05000305175781,326.2300109863281,259.998291015625,338.8982849121094,607.97998046875,82.22000122070312,325.5799865722656,259.4200134277344,338.4200134277344,605.5,82.0,326.2300109863281,259.96209716796875,338.5672912597656,607.6828002929688,82.18800354003906,98736.0,92178,23790.0,47832.0,103599.0
2026-09-04 09:41:00-04:00,325.739990234375,259.6199951171875,338.2099914550781,605.864990234375,81.94000244140625,325.8500061035156,259.7698974609375,338.6300048828125,606.4500122070312,82.06999969482422,325.3800048828125,259.29998779296875,338.2099914550781,605.5,81.91999816894531,325.7900085449219,259.4599914550781,338.4200134277344,605.9951171875,82.05500030517578,102479.0,58977,27841.0,61222.0,67900.0
2026-09-04 09:42:00-04:00,324.5400085449219,258.9750061035156,338.0,606.6300048828125,81.80010223388672,325.6300048828125,259.69989013671875,338.3843078613281,607.1199951171875,81.94879913330078,324.4200134277344,258.79998779296875,337.79998779296875,605.6599731445312,81.79000091552734,325.6300048828125,259.6099853515625,338.20001220703125,606.0,81.94499969482422,253499.0,93082,29191.0,53965.0,67534.0
2026-09-04 09:43:00-04:00,324.760009765625,258.760009765625,337.3999938964844,607.5549926757812,81.80500030517578,324.8800048828125,259.1499938964844,338.0799865722656,607.9400024414062,81.88999938964844,324.2799987792969,258.6700134277344,337.2799987792969,606.6300048828125,81.76000213623047,324.510009765625,258.95001220703125,338.0150146484375,606.6300048828125,81.83000183105469,101048.0,47865,32563.0,36738.0,124135.0
2026-09-04 09:44:00-04:00,324.82000732421875,258.5198974609375,337.7027893066406,608.52001953125,81.79499816894531,325.0400085449219,259.04998779296875,337.7900085449219,608.91748046875,81.8499984741211,324.5299987792969,258.3999938964844,337.2099914550781,607.5549926757812,81.7300033569336,324.7449951171875,258.80999755859375,337.45001220703125,607.5549926757812,81.80509948730469,106433.0,94393,45985.0,52410.0,118842.0
2026-09-04 09:45:00-04:00,324.2200012207031,258.7049865722656,337.80999755859375,606.3250122070312,81.70999908447266,324.8900146484375,258.7698974609375,337.9798889160156,608.458984375,81.80999755859375,324.1300964355469,258.45001220703125,337.5299987792969,606.2000122070312,81.63999938964844,324.8900146484375,258.489990234375,337.760009765625,608.458984375,81.80999755859375,124071.0,93373,42265.0,67714.0,90335.0
2026-09-04 09:46:00-04:00,324.2799987792969,258.364990234375,337.92999267578125,607.0037231445312,81.77999877929688,324.4100036621094,258.7550048828125,337.95001220703125,607.0037231445312,81.88999938964844,323.9200134277344,258.2699890136719,337.3742980957031,605.8800048828125,81.70010375976562,324.2650146484375,258.7149963378906,337.70001220703125,606.3250122070312,81.73999786376953,139275.0,68907,27898.0,33309.0,160265.0
2026-09-04 09:47:00-04:00,323.635009765625,257.6199951171875,337.5212097167969,606.85498046875,81.6001968383789,324.56988525390625,258.3900146484375,337.9800109863281,607.119873046875,81.75,323.57000732421875,257.6199951171875,337.5212097167969,606.4099731445312,81.55999755859375,324.2950134277344,258.3800048828125,337.934814453125,606.875,81.7300033569336,157019.0,172605,16455.0,28487.0,62086.0
2026-09-04 09:48:00-04:00,324.0199890136719,257.4599914550781,337.4150085449219,607.02001953125,81.62010192871094,324.2099914550781,257.739990234375,337.7250061035156,607.530029296875,81.6947021484375,323.4700012207031,257.3705139160156,337.3800048828125,606.4199829101562,81.58499908447266,323.6199951171875,257.6549987792969,337.54998779296875,606.85498046875,81.58999633789062,112867.0,130426,20206.0,166847.0,50608.0
2026-09-04 09:49:00-04:00,323.93499755859375,257.5162048339844,337.1499938964844,607.5,81.62999725341797,324.1600036621094,257.67999267578125,337.3800048828125,607.969970703125,81.6500015258789,323.8765869140625,257.2250061035156,336.9599914550781,606.8676147460938,81.52980041503906,324.0350036621094,257.44000244140625,337.3800048828125,607.02001953125,81.63500213623047,93261.0,86989,51759.0,167120.0,51463.0
2026-09-04 09:50:00-04:00,323.8399963378906,257.1600036621094,336.9800109863281,606.530029296875,81.6719970703125,324.2300109863281,257.45001220703125,337.1000061035156,607.47998046875,81.73500061035156,323.5400085449219,256.80999755859375,336.67999267578125,606.2000122070312,81.55999755859375,323.8819885253906,257.3900146484375,337.1000061035156,607.47998046875,81.62999725341797,224214.0,122834,51247.0,40549.0,160611.0
2026-09-04 09:51:00-04:00,323.4200134277344,257.1300048828125,336.470703125,606.530029296875,81.64440155029297,323.89990234375,257.2799987792969,337.0892028808594,607.1599731445312,81.77999877929688,323.1199951171875,256.91839599609375,336.4049987792969,606.0800170898438,81.61000061035156,323.8399963378906,257.2250061035156,337.0299987792969,606.5050048828125,81.67500305175781,221434.0,97970,62208.0,41372.0,106085.0
2026-09-04 09:52:00-04:00,323.635009765625,257.3500061035156,336.95001220703125,606.7999877929688,81.6449966430664,323.760009765625,257.3999938964844,336.95001220703125,607.0,81.66999816894531,323.05999755859375,257.0400085449219,336.45001220703125,606.47998046875,81.58059692382812,323.4200134277344,257.125,336.5,606.6500244140625,81.66000366210938,133832.0,90626,39326.0,23093.0,46703.0
2026-09-04 09:53:00-04:00,323.5950012207031,257.5799865722656,336.760009765625,606.7799072265625,81.6500015258789,323.989990234375,257.64599609375,336.9100036621094,607.0,81.70999908447266,323.5249938964844,257.32000732421875,336.5450134277344,606.0999755859375,81.5999984741211,323.635009765625,257.3500061035156,336.9100036621094,606.7100219726562,81.6500015258789,141921.0,75570,48221.0,28737.0,63022.0
2026-09-04 09:54:00-04:00,324.20989990234375,257.94000244140625,337.24749755859375,607.8499755859375,81.61000061035156,324.2650146484375,257.989990234375,337.30999755859375,608.25,81.65499877929688,323.57000732421875,257.5799865722656,336.7799987792969,606.5900268554688,81.5999984741211,323.57000732421875,257.6090087890625,336.80499267578125,606.7799072265625,81.6500015258789,128881.0,116478,33036.0,28120.0,43000.0
2026-09-04 09:55:00-04:00,323.42999267578125,258.010009765625,337.05999755859375,608.2550048828125,81.55999755859375,324.18499755859375,258.1099853515625,337.3500061035156,608.3800048828125,81.62999725341797,323.3800048828125,257.8599853515625,337.05029296875,607.5399780273438,81.52999877929688,324.18499755859375,257.9700012207031,337.260009765625,607.6900024414062,81.5999984741211,98344.0,76282,21551.0,33762.0,47513.0
2026-09-04 09:56:00-04:00,323.5950012207031,257.9700012207031,337.4049987792969,607.5150146484375,81.51000213623047,323.8450012207031,258.1650085449219,337.42498779296875,608.3099975585938,81.5999984741211,323.1499938964844,257.8999938964844,337.0,607.3300170898438,81.49500274658203,323.4150085449219,257.95001220703125,337.0450134277344,608.2550048828125,81.55010223388672,120200.0,94522,22206.0,27947.0,66240.0
2026-09-04 09:57:00-04:00,323.7799987792969,257.7749938964844,337.67999267578125,608.1799926757812,81.49500274658203,323.8999938964844,258.0119934082031,337.7300109863281,608.3599853515625,81.58000183105469,323.45001220703125,257.7099914550781,337.3599853515625,607.4921875,81.48280334472656,323.6000061035156,258.0050048828125,337.42999267578125,607.5150146484375,81.51000213623047,62228.0,95977,44414.0,37177.0,37358.0
2026-09-04 09:58:00-04:00,323.57000732421875,257.9549865722656,337.8669128417969,608.489990234375,81.44000244140625,323.8999938964844,258.17999267578125,337.9800109863281,608.6500244140625,81.52999877929688,323.5199890136719,257.7950134277344,337.6000061035156,607.7899780273438,81.41999816894531,323.7900085449219,257.79998779296875,337.6300048828125,608.1799926757812,81.49500274658203,63615.0,87390,31969.0,34419.0,64981.0
2026-09-04 09:59:00-04:00,323.69500732421875,257.9599914550781,338.05999755859375,608.9099731445312,81.22000122070312,323.80999755859375,257.9599914550781,338.20001220703125,608.97998046875,81.44499969482422,323.44500732421875,257.67498779296875,337.78009033203125,608.1500244140625,81.22000122070312,323.55999755859375,257.95001220703125,337.8900146484375,608.3300170898438,81.44499969482422,155051.0,116701,36738.0,47957.0,122369.0
2026-09-04 10:00:00-04:00,322.989990234375,258.1499938964844,338.2200012207031,610.0900268554688,81.18000030517578,323.6600036621094,258.21820068359375,338.2200012207031,610.3099975585938,81.23500061035156,322.92999267578125,257.489990234375,337.8800048828125,608.3800048828125,81.11000061035156,323.6199951171875,257.8800048828125,337.989990234375,608.9039916992188,81.20999908447266,235539.0,181429,49898.0,78956.0,138739.0
2026-09-04 10:01:00-04:00,322.7099914550781,257.489990234375,337.79998779296875,609.9099731445312,81.12000274658203,323.02349853515625,258.1993103027344,338.2200012207031,610.22998046875,81.20999908447266,322.67999267578125,257.4800109863281,337.79998779296875,609.4099731445312,81.12000274658203,322.9800109863281,258.1400146484375,338.17999267578125,609.9600219726562,81.18000030517578,119539.0,86800,31991.0,56672.0,104759.0
2026-09-04 10:02:00-04:00,322.9999084472656,257.614990234375,337.8599853515625,610.0800170898438,81.20999908447266,323.1300048828125,257.67999267578125,337.989990234375,610.5,81.26000213623047,322.67999267578125,257.5166931152344,337.7300109863281,609.6400146484375,81.11499786376953,322.73260498046875,257.5450134277344,337.80999755859375,609.80712890625,81.12000274658203,109873.0,167525,30698.0,50180.0,103714.0
2026-09-04 10:03:00-04:00,322.92498779296875,258.1700134277344,338.0899963378906,611.760009765625,81.20999908447266,323.1600036621094,258.2149963378906,338.17999267578125,611.8300170898438,81.26499938964844,322.8399963378906,257.5,337.7799987792969,609.9193115234375,81.18000030517578,322.9367980957031,257.6050109863281,337.8500061035156,610.0050048828125,81.19999694824219,132732.0,76203,28884.0,69319.0,60919.0
2026-09-04 10:04:00-04:00,323.07000732421875,258.2925109863281,338.1099853515625,611.6500244140625,81.32499694824219,323.1400146484375,258.4800109863281,338.2799987792969,612.1599731445312,81.33999633789062,322.8800048828125,258.1400146484375,337.92999267578125,611.3099975585938,81.2030029296875,322.8800048828125,258.1400146484375,338.0450134277344,611.7005004882812,81.20999908447266,74364.0,89360,66367.0,96187.0,60365.0
2026-09-04 10:05:00-04:00,322.7359924316406,258.45001220703125,338.0899963378906,612.530029296875,81.49500274658203,323.20001220703125,258.5199890136719,338.1499938964844,612.77001953125,81.5,322.6000061035156,258.17999267578125,337.94000244140625,611.280029296875,81.26000213623047,323.0899963378906,258.260009765625,338.05999755859375,611.6500244140625,81.32260131835938,87889.0,61274,16928.0,106499.0,89090.0
2026-09-04 10:06:00-04:00,322.885009765625,258.260009765625,338.1400146484375,612.6199951171875,81.54119873046875,322.93499755859375,258.4800109863281,338.3500061035156,612.864990234375,81.55999755859375,322.67999267578125,258.1050109863281,337.8800048828125,612.1901245117188,81.37000274658203,322.7300109863281,258.4800109863281,338.04998779296875,612.5,81.4800033569336,62754.0,53418,40123.0,79386.0,54353.0
2026-09-04 10:07:00-04:00,322.70001220703125,258.0248107910156,337.79998779296875,611.0700073242188,81.51000213623047,322.92999267578125,258.29998779296875,338.260009765625,612.97998046875,81.63999938964844,322.6300048828125,257.9313049316406,337.79998779296875,610.9000244140625,81.50789642333984,322.8599853515625,258.2699890136719,338.1199951171875,612.5700073242188,81.54000091552734,66953.0,58364,15317.0,83455.0,65977.0
2026-09-04 10:08:00-04:00,322.80499267578125,257.85980224609375,337.6199951171875,610.864990234375,81.36000061035156,322.8479919433594,257.98919677734375,337.9200134277344,611.219970703125,81.51000213623047,322.45001220703125,257.7699890136719,337.6199951171875,610.1099853515625,81.32009887695312,322.6628112792969,257.9800109863281,337.8599853515625,611.0645141601562,81.51000213623047,88582.0,65687,34401.0,62032.0,46607.0
2026-09-04 10:09:00-04:00,322.7008972167969,258.07000732421875,337.8349914550781,611.2449951171875,81.2300033569336,322.8233947753906,258.156494140625,337.8999938964844,611.4567260742188,81.3949966430664,322.6600036621094,257.79998779296875,337.5700988769531,610.8099975585938,81.22000122070312,322.7699890136719,257.8699951171875,337.7099914550781,610.830078125,81.37000274658203,45468.0,72636,18942.0,36360.0,68329.0
2026-09-04 10:10:00-04:00,321.69500732421875,257.8949890136719,337.5801086425781,612.2349853515625,81.25,322.67999267578125,258.2200012207031,337.8599853515625,612.2899169921875,81.27999877929688,321.67999267578125,257.8599853515625,337.5801086425781,611.22998046875,81.2249984741211,322.67999267578125,258.07000732421875,337.8299865722656,611.3499755859375,81.2300033569336,273200.0,80589,31392.0,80164.0,91603.0
2026-09-04 10:11:00-04:00,321.5799865722656,258.19000244140625,337.5799865722656,612.27001953125,81.2699966430664,321.8599853515625,258.3399963378906,337.70001220703125,612.7849731445312,81.29000091552734,321.57000732421875,257.8599853515625,337.3800048828125,611.8499755859375,81.19999694824219,321.7200012207031,257.8949890136719,337.6400146484375,612.22998046875,81.2300033569336,174130.0,51161,20398.0,87303.0,83602.0
2026-09-04 10:12:00-04:00,321.8420104980469,258.1499938964844,337.25,611.9400024414062,81.20999908447266,321.8598937988281,258.20001220703125,337.6099853515625,612.3400268554688,81.29000091552734,321.4800109863281,258.010009765625,337.1000061035156,611.2999877929688,81.16500091552734,321.57000732421875,258.17999267578125,337.5,612.1699829101562,81.26000213623047,171303.0,46978,59756.0,53594.0,57463.0
2026-09-04 10:13:00-04:00,321.44000244140625,257.9800109863281,337.49810791015625,612.8499755859375,81.20999908447266,321.8999938964844,258.2099914550781,337.57000732421875,612.8499755859375,81.27999877929688,321.4049987792969,257.9649963378906,337.1499938964844,611.794189453125,81.19999694824219,321.8399963378906,258.17999267578125,337.2449951171875,612.1199951171875,81.20999908447266,117933.0,57705,45030.0,49117.0,65155.0
2026-09-04 10:14:00-04:00,321.2099914550781,258.04998779296875,337.29998779296875,612.3099975585938,81.16000366210938,321.57501220703125,258.21990966796875,337.57000732421875,612.8800048828125,81.2300033569336,321.2099914550781,257.8949890136719,337.1099853515625,612.1300048828125,81.11499786376953,321.4667053222656,257.9599914550781,337.57000732421875,612.8200073242188,81.22000122070312,164387.0,47350,26241.0,31645.0,83235.0
2026-09-04 10:15:00-04:00,321.760009765625,258.1400146484375,337.125,612.3629760742188,81.2699966430664,321.8900146484375,258.1600036621094,337.3699951171875,613.030029296875,81.27999877929688,321.1000061035156,257.94158935546875,337.0899963378906,612.2750244140625,81.16000366210938,321.2160949707031,258.04998779296875,337.2699890136719,612.280029296875,81.17500305175781,160518.0,53111,24869.0,29864.0,60241.0
2026-09-04 10:16:00-04:00,321.7099914550781,258.05999755859375,337.1449890136719,612.614990234375,81.26000213623047,321.8599853515625,258.1700134277344,337.17999267578125,613.280029296875,81.29499816894531,321.54998779296875,257.9366149902344,336.95001220703125,612.5,81.2300033569336,321.75,258.1400146484375,337.135009765625,612.7999267578125,81.25,113348.0,50676,50895.0,66289.0,80135.0
2026-09-04 10:17:00-04:00,321.55999755859375,257.8800048828125,336.9049987792969,610.64501953125,81.19000244140625,321.70001220703125,258.07000732421875,337.19000244140625,612.5750122070312,81.26000213623047,321.5299987792969,257.8599853515625,336.8699951171875,610.5499877929688,81.1843032836914,321.67999267578125,258.05999755859375,337.1600036621094,612.5,81.25,99945.0,84424,26136.0,46097.0,77415.0
2026-09-04 10:18:00-04:00,321.590087890625,257.6600036621094,336.3800048828125,609.1400756835938,81.19999694824219,321.7196044921875,257.95001220703125,337.010009765625,610.6599731445312,81.27999877929688,321.489990234375,257.6499938964844,336.3800048828125,609.1400756835938,81.18000030517578,321.5450134277344,257.9100036621094,336.8999938964844,610.64501953125,81.19000244140625,112164.0,108450,62257.0,45066.0,107482.0
2026-09-04 10:19:00-04:00,321.5899963378906,257.6499938964844,336.28009033203125,608.780029296875,81.25,321.6400146484375,257.7300109863281,336.6499938964844,609.6099853515625,81.29000091552734,321.4700012207031,257.55999755859375,336.2749938964844,608.780029296875,81.19000244140625,321.6000061035156,257.6600036621094,336.3800048828125,609.4089965820312,81.20500183105469,102849.0,54452,38645.0,40217.0,69849.0
2026-09-04 10:20:00-04:00,321.3599853515625,257.6400146484375,336.25,608.6500244140625,81.19999694824219,321.6600036621094,257.7250061035156,336.69000244140625,609.1599731445312,81.29499816894531,321.32110595703125,257.57000732421875,336.2200012207031,608.530029296875,81.18370056152344,321.5899963378906,257.6199951171875,336.3500061035156,608.89501953125,81.25499725341797,119720.0,59458,58486.0,38079.0,52292.0
2026-09-04 10:21:00-04:00,321.4100036621094,257.6600036621094,336.0,609.25,81.02999877929688,321.5249938964844,257.75,336.2699890136719,609.4000244140625,81.20369720458984,321.3500061035156,257.55999755859375,335.9700012207031,608.52001953125,81.02999877929688,321.397705078125,257.6499938964844,336.2349853515625,608.6400146484375,81.19999694824219,122612.0,58135,76398.0,32487.0,102124.0
2026-09-04 10:22:00-04:00,321.45001220703125,257.6700134277344,335.82000732421875,610.5900268554688,80.95999908447266,321.6000061035156,257.68499755859375,336.0299987792969,610.89990234375,81.06999969482422,321.3500061035156,257.5299987792969,335.70001220703125,609.0,80.94999694824219,321.3999938964844,257.6300048828125,336.010009765625,609.1699829101562,81.05000305175781,171511.0,59075,193715.0,66038.0,138273.0
2026-09-04 10:23:00-04:00,321.4800109863281,257.79998779296875,335.7250061035156,610.2349853515625,80.92009735107422,321.6025085449219,257.869384765625,335.8599853515625,610.5599975585938,80.95999908447266,321.3699951171875,257.5899963378906,335.5199890136719,609.760009765625,80.87000274658203,321.45001220703125,257.6400146484375,335.739990234375,610.489990234375,80.94999694824219,187628.0,40489,47718.0,21054.0,114950.0
2026-09-04 10:24:00-04:00,321.239990234375,257.6600036621094,335.3500061035156,610.1400146484375,80.8550033569336,321.5150146484375,257.8299865722656,335.739990234375,610.243896484375,80.93499755859375,321.19000244140625,257.6099853515625,335.2699890136719,609.476806640625,80.83999633789062,321.4599914550781,257.8299865722656,335.7300109863281,610.2349853515625,80.92500305175781,142371.0,68529,44274.0,20666.0,74953.0
2026-09-04 10:25:00-04:00,321.17999267578125,257.739990234375,335.1400146484375,610.0,80.86000061035156,321.3299865722656,257.8699951171875,335.4200134277344,610.6300048828125,80.8949966430664,321.1000061035156,257.6199951171875,335.1199951171875,609.7901000976562,80.83000183105469,321.25,257.6199951171875,335.2900085449219,610.0,80.8499984741211,116268.0,55663,35905.0,33133.0,76167.0
2026-09-04 10:26:00-04:00,320.93499755859375,257.5799865722656,335.0799865722656,610.489990234375,80.83999633789062,321.20001220703125,257.7449951171875,335.20989990234375,610.6099853515625,80.87999725341797,320.8500061035156,257.489990234375,334.8450012207031,609.6799926757812,80.81999969482422,321.18499755859375,257.7449951171875,335.1499938964844,609.8400268554688,80.85199737548828,172463.0,52918,67581.0,19676.0,84551.0
2026-09-04 10:27:00-04:00,320.6700134277344,257.4700012207031,334.97900390625,609.0900268554688,80.7300033569336,320.9800109863281,257.57000732421875,335.0812072753906,610.5800170898438,80.8499984741211,320.6300048828125,257.4200134277344,334.760009765625,608.7849731445312,80.7300033569336,320.92999267578125,257.57000732421875,335.0299987792969,610.510009765625,80.83999633789062,165173.0,44451,37439.0,39510.0,77909.0
2026-09-04 10:28:00-04:00,320.70001220703125,257.6449890136719,334.9949951171875,609.6599731445312,80.73999786376953,320.7799987792969,257.7699890136719,335.0299987792969,609.7899780273438,80.77999877929688,320.44000244140625,257.4200134277344,334.8133850097656,608.969970703125,80.72000122070312,320.6600036621094,257.4601135253906,334.9200134277344,609.0900268554688,80.7300033569336,211819.0,86835,32598.0,16863.0,64209.0
2026-09-04 10:29:00-04:00,320.7099914550781,257.30999755859375,334.668701171875,609.2999877929688,80.71499633789062,320.9150085449219,257.7250061035156,335.0400085449219,610.189697265625,80.76920318603516,320.6449890136719,257.30999755859375,334.6099853515625,609.2000122070312,80.70999908447266,320.7099914550781,257.6400146484375,335.0199890136719,609.6599731445312,80.75,124228.0,49275,44194.0,19909.0,65404.0
2026-09-04 10:30:00-04:00,320.9800109863281,257.2900085449219,334.635009765625,608.875,80.8499984741211,321.07501220703125,257.4100036621094,334.67999267578125,609.4099731445312,80.8499984741211,320.67498779296875,257.2300109863281,334.3900146484375,608.77001953125,80.72000122070312,320.7099914550781,257.3299865722656,334.67999267578125,609.280029296875,80.72000122070312,153049.0,50600,52229.0,19221.0,71938.0
2026-09-04 10:31:00-04:00,321.0,257.260009765625,335.010009765625,608.6550903320312,80.80999755859375,321.0299987792969,257.5,335.010009765625,609.2000122070312,80.88999938964844,320.760009765625,257.20001220703125,334.5199890136719,608.5819702148438,80.7699966430664,320.94000244140625,257.2699890136719,334.6000061035156,608.875,80.83999633789062,179913.0,70059,52236.0,37484.0,110107.0
2026-09-04 10:32:00-04:00,320.79998779296875,257.2900085449219,335.2850036621094,609.2550048828125,80.73999786376953,320.9750061035156,257.3352966308594,335.3599853515625,609.5399169921875,80.8499984741211,320.7699890136719,257.0799865722656,334.9814147949219,608.6649780273438,80.72000122070312,320.9649963378906,257.2550048828125,334.989990234375,608.6649780273438,80.80000305175781,74199.0,96740,41196.0,19624.0,95853.0
2026-09-04 10:33:00-04:00,320.8699951171875,257.0899963378906,335.2699890136719,609.2000122070312,80.66000366210938,320.92669677734375,257.3999938964844,335.54998779296875,609.760009765625,80.76000213623047,320.760009765625,257.06500244140625,335.2099914550781,609.1932983398438,80.63999938964844,320.7900085449219,257.3172912597656,335.3800048828125,609.2550048828125,80.73930358886719,104481.0,74898,29688.0,13474.0,123595.0
2026-09-04 10:34:00-04:00,320.8800048828125,257.0849914550781,335.3550109863281,608.75,80.6697998046875,320.8999938964844,257.18499755859375,335.4800109863281,609.4130859375,80.69499969482422,320.7200927734375,256.94268798828125,335.20001220703125,608.4500122070312,80.62999725341797,320.89990234375,257.1199951171875,335.2099914550781,609.4130859375,80.65499877929688,79395.0,88020,25842.0,73346.0,82552.0
2026-09-04 10:35:00-04:00,321.02178955078125,256.92498779296875,335.3599853515625,609.7899780273438,80.58999633789062,321.0299987792969,257.2099914550781,335.4599914550781,609.7899780273438,80.70500183105469,320.80999755859375,256.9100036621094,335.20001220703125,608.75,80.58480072021484,320.8800048828125,257.07000732421875,335.3399963378906,608.75,80.66000366210938,90565.0,61678,22496.0,59066.0,119551.0
2026-09-04 10:36:00-04:00,320.9006042480469,256.9700012207031,335.2284851074219,610.4514770507812,80.61000061035156,321.1600036621094,257.0899963378906,335.4599914550781,610.6799926757812,80.63939666748047,320.8699951171875,256.8999938964844,335.2284851074219,609.5499877929688,80.58100128173828,321.0199890136719,256.9200134277344,335.3500061035156,609.5499877929688,80.58100128173828,119874.0,65928,16213.0,37231.0,59708.0
2026-09-04 10:37:00-04:00,321.0249938964844,256.94500732421875,335.54998779296875,611.1320190429688,80.62999725341797,321.0249938964844,256.989990234375,335.57000732421875,611.219970703125,80.6500015258789,320.7950134277344,256.82000732421875,335.1099853515625,610.3724975585938,80.6050033569336,320.9100036621094,256.94830322265625,335.2898864746094,610.4099731445312,80.61000061035156,61383.0,60678,25199.0,35581.0,110920.0
2026-09-04 10:38:00-04:00,320.8800048828125,256.92999267578125,335.6700134277344,612.0,80.58999633789062,321.010009765625,256.9599914550781,335.7200012207031,612.2249755859375,80.63500213623047,320.8399963378906,256.8299865722656,335.5299987792969,611.010009765625,80.55010223388672,321.010009765625,256.92999267578125,335.5299987792969,611.1099853515625,80.62000274658203,80582.0,52677,22282.0,50222.0,71344.0
2026-09-04 10:39:00-04:00,320.67999267578125,257.2300109863281,335.8299865722656,613.4000244140625,80.61000061035156,320.8999938964844,257.239990234375,335.8399963378906,613.4000244140625,80.62999725341797,320.6600036621094,256.94000244140625,335.6050109863281,611.844970703125,80.58000183105469,320.885009765625,256.9418029785156,335.67498779296875,612.0,80.59500122070312,87215.0,48643,20378.0,44347.0,37405.0
2026-09-04 10:40:00-04:00,320.489990234375,257.07000732421875,335.510009765625,612.8300170898438,80.58999633789062,320.6700134277344,257.2799987792969,335.82000732421875,613.3900146484375,80.62000274658203,320.1499938964844,257.0000915527344,335.4849853515625,612.3400268554688,80.5895004272461,320.6700134277344,257.2349853515625,335.82000732421875,613.3900146484375,80.61499786376953,125109.0,44548,24233.0,35338.0,41712.0
2026-09-04 10:41:00-04:00,320.5199890136719,257.1099853515625,335.7846984863281,612.760009765625,80.5,320.6300048828125,257.1799011230469,335.8299865722656,613.1699829101562,80.5999984741211,320.44000244140625,257.0,335.5,612.0800170898438,80.45500183105469,320.4800109863281,257.0880126953125,335.5,612.5499877929688,80.58999633789062,110399.0,28096,20829.0,25852.0,444017.0
2026-09-04 10:42:00-04:00,320.2650146484375,257.0899963378906,335.5299987792969,611.8250122070312,80.36499786376953,320.6300048828125,257.19000244140625,335.9200134277344,612.9000244140625,80.5199966430664,320.2200012207031,257.0,335.5299987792969,611.5001220703125,80.30000305175781,320.489990234375,257.1099853515625,335.75,612.7650146484375,80.5199966430664,73041.0,45839,21055.0,37362.0,275333.0
2026-09-04 10:43:00-04:00,320.0899963378906,256.9750061035156,335.57000732421875,610.7050170898438,80.33999633789062,320.39910888671875,257.2099914550781,335.6400146484375,611.72998046875,80.43000030517578,320.0379943847656,256.94000244140625,335.45001220703125,610.6199951171875,80.31999969482422,320.2799987792969,257.1499938964844,335.57000732421875,611.6599731445312,80.36499786376953,89119.0,26873,22712.0,48134.0,173718.0
2026-09-04 10:44:00-04:00,320.0299987792969,257.010009765625,335.5150146484375,611.135009765625,80.41500091552734,320.1600036621094,257.1499938964844,335.6199951171875,611.6799926757812,80.41999816894531,319.8800048828125,256.9700012207031,335.4700012207031,610.6500244140625,80.33999633789062,320.0899963378906,256.989990234375,335.57501220703125,610.7249755859375,80.34500122070312,237170.0,49898,10364.0,27083.0,77205.0
2026-09-04 10:45:00-04:00,320.0899963378906,257.0299987792969,335.5899963378906,612.4039916992188,80.45500183105469,320.1099853515625,257.18499755859375,335.6400146484375,612.747802734375,80.54000091552734,319.9200134277344,257.0299987792969,335.42999267578125,611.260009765625,80.41500091552734,320.0400085449219,257.0299987792969,335.5150146484375,611.260009765625,80.41500091552734,75451.0,49331,13750.0,31534.0,114548.0
2026-09-04 10:46:00-04:00,320.07000732421875,257.0450134277344,335.6000061035156,612.25,80.31999969482422,320.2300109863281,257.1000061035156,335.6400146484375,612.77001953125,80.45999908447266,319.9750061035156,256.9800109863281,335.5,612.0001220703125,80.31500244140625,320.0950012207031,257.0799865722656,335.5450134277344,612.47998046875,80.45999908447266,80112.0,90775,8879.0,24725.0,100039.0
2026-09-04 10:47:00-04:00,320.04998779296875,256.9443054199219,335.1625061035156,612.3099975585938,80.21320343017578,320.1199951171875,257.07000732421875,335.5899963378906,612.4199829101562,80.3499984741211,319.95001220703125,256.8800048828125,335.1300048828125,611.75,80.18000030517578,320.0799865722656,257.0450134277344,335.5400085449219,612.1749877929688,80.32499694824219,79666.0,74982,22386.0,22338.0,110810.0
2026-09-04 10:48:00-04:00,320.1099853515625,256.86859130859375,334.8450012207031,611.5499877929688,80.26000213623047,320.1199951171875,256.989990234375,335.1700134277344,612.5599975585938,80.30000305175781,319.9599914550781,256.8299865722656,334.8399963378906,611.52001953125,80.19999694824219,320.04998779296875,256.9849853515625,335.1449890136719,612.3450927734375,80.21499633789062,118138.0,57980,50480.0,20709.0,56097.0
2026-09-04 10:49:00-04:00,320.0950012207031,256.67999267578125,334.9700012207031,611.75,80.1897964477539,320.159912109375,256.9599914550781,334.9898986816406,611.8099975585938,80.30999755859375,319.8800048828125,256.6499938964844,334.7099914550781,611.27001953125,80.16000366210938,320.1199951171875,256.8667907714844,334.8799133300781,611.635009765625,80.2699966430664,103995.0,137135,22604.0,16794.0,71432.0
2026-09-04 10:50:00-04:00,319.875,256.5599060058594,335.0299987792969,611.0700073242188,80.20999908447266,320.1000061035156,256.7200012207031,335.135009765625,611.780029296875,80.33000183105469,319.7300109863281,256.5199890136719,334.9700012207031,611.0283203125,80.1603012084961,320.0950012207031,256.67999267578125,335.0,611.75,80.1603012084961,112360.0,80141,23047.0,14726.0,189555.0
2026-09-04 10:51:00-04:00,319.5,256.4100036621094,334.82000732421875,610.6300048828125,80.03500366210938,319.989990234375,256.6199951171875,335.1000061035156,611.1300048828125,80.22000122070312,319.4700012207031,256.385009765625,334.82000732421875,610.5,80.03500366210938,319.8900146484375,256.55999755859375,335.0050048828125,611.010009765625,80.20999908447266,107812.0,70546,14181.0,20119.0,105408.0
2026-09-04 10:52:00-04:00,319.6400146484375,256.5419921875,334.9800109863281,610.75,79.939697265625,319.7261962890625,256.6098937988281,334.9920959472656,610.8400268554688,80.04499816894531,319.5,256.2914123535156,334.8599853515625,610.2100219726562,79.9175033569336,319.510009765625,256.42279052734375,334.8800048828125,610.6300048828125,80.03500366210938,84348.0,77396,13392.0,14976.0,244038.0
2026-09-04 10:53:00-04:00,319.3800048828125,256.5199890136719,334.8450012207031,610.155029296875,79.91500091552734,319.6400146484375,256.6700134277344,335.0050048828125,611.1500244140625,79.95999908447266,319.3599853515625,256.510009765625,334.7900085449219,610.1400146484375,79.90499877929688,319.6300048828125,256.5694885253906,334.92498779296875,610.6472778320312,79.93499755859375,76444.0,35929,14147.0,31291.0,61982.0
2026-09-04 10:54:00-04:00,318.9800109863281,256.56500244140625,334.75,610.0343017578125,79.98739624023438,319.3700866699219,256.6499938964844,334.889892578125,610.469970703125,80.00499725341797,318.9700012207031,256.4599914550781,334.6199951171875,610.0,79.90499877929688,319.3700866699219,256.5199890136719,334.8450012207031,610.0499877929688,79.91999816894531,177352.0,61603,15798.0,17211.0,89898.0
2026-09-04 10:55:00-04:00,318.9254150390625,256.4200134277344,334.5350036621094,609.8101196289062,79.93900299072266,319.07000732421875,256.5,334.69000244140625,610.0899047851562,79.98999786376953,318.8999938964844,256.3500061035156,334.5,609.5399780273438,79.93000030517578,318.9800109863281,256.5,334.69000244140625,610.0,79.98999786376953,101658.0,68608,23594.0,14593.0,47720.0
2026-09-04 10:56:00-04:00,318.739990234375,256.2900085449219,334.45001220703125,608.52001953125,79.83999633789062,318.9700012207031,256.54998779296875,334.614990234375,610.1300048828125,80.01000213623047,318.6099853515625,256.2799987792969,334.3500061035156,608.1599731445312,79.80999755859375,318.9100036621094,256.49951171875,334.55999755859375,609.8599853515625,79.93990325927734,161367.0,53986,22565.0,38030.0,181687.0
2026-09-04 10:57:00-04:00,318.80499267578125,256.44000244140625,334.5537109375,608.7000122070312,79.9000015258789,318.94000244140625,256.44000244140625,334.5705871582031,609.0098876953125,79.93499755859375,318.69000244140625,256.1700134277344,334.4100036621094,608.4000244140625,79.83000183105469,318.739990234375,256.2799987792969,334.4150085449219,608.4849853515625,79.83509826660156,127153.0,94248,21175.0,23608.0,89032.0
2026-09-04 10:58:00-04:00,318.6600036621094,256.4200134277344,334.5249938964844,608.85498046875,79.93499755859375,318.8450012207031,256.489990234375,334.6759033203125,609.0999755859375,79.9800033569336,318.5899963378906,256.29998779296875,334.42230224609375,608.4099731445312,79.8499984741211,318.7799987792969,256.44000244140625,334.55499267578125,608.6099853515625,79.9000015258789,93075.0,41880,30460.0,20225.0,144377.0
2026-09-04 10:59:00-04:00,318.44000244140625,256.5299987792969,334.4100036621094,608.9650268554688,79.93499755859375,318.6700134277344,256.5299987792969,334.5422058105469,609.280029296875,79.95999908447266,318.29998779296875,256.25,334.239990234375,608.5,79.9000015258789,318.6700134277344,256.45001220703125,334.5299987792969,608.9439697265625,79.93000030517578,136514.0,64244,22282.0,22755.0,164405.0
2026-09-04 11:00:00-04:00,318.260009765625,256.20001220703125,334.30999755859375,609.6749877929688,79.86499786376953,318.5899963378906,256.5199890136719,334.4700012207031,609.760009765625,79.97000122070312,318.25,256.1304016113281,334.23590087890625,609.10498046875,79.86499786376953,318.44000244140625,256.4700012207031,334.3949890136719,609.2044067382812,79.94000244140625,127148.0,76543,23866.0,28717.0,145895.0
2026-09-04 11:01:00-04:00,318.2699890136719,256.1099853515625,334.2349853515625,609.3400268554688,79.76499938964844,318.4200134277344,256.2200012207031,334.375,609.78759765625,79.8949966430664,318.2099914550781,256.0400085449219,334.20001220703125,609.0999755859375,79.76000213623047,318.2749938964844,256.17999267578125,334.3349914550781,609.6749877929688,79.86000061035156,126906.0,87743,29323.0,23828.0,131962.0
2026-09-04 11:02:00-04:00,317.94000244140625,255.9199981689453,334.1099853515625,609.8259887695312,79.61499786376953,318.260009765625,256.1300048828125,334.2699890136719,609.9500122070312,79.7699966430664,317.8599853515625,255.7949981689453,333.9599914550781,608.5,79.58000183105469,318.260009765625,256.114990234375,334.23919677734375,609.3099975585938,79.76499938964844,176144.0,144946,59435.0,29939.0,129573.0
2026-09-04 11:03:00-04:00,318.1549987792969,255.97000122070312,334.0299987792969,610.25,79.6050033569336,318.260009765625,256.0299987792969,334.2099914550781,610.6375122070312,79.67990112304688,317.8800048828125,255.8300018310547,333.989990234375,609.7901000976562,79.58999633789062,317.94000244140625,255.9199981689453,334.135009765625,609.7901000976562,79.61499786376953,108808.0,87746,33273.0,35543.0,190811.0
2026-09-04 11:04:00-04:00,318.5899963378906,255.91009521484375,334.3747863769531,610.780029296875,79.63500213623047,318.6400146484375,256.01959228515625,334.4200134277344,610.844970703125,79.6500015258789,318.1549987792969,255.77999877929688,334.0150146484375,610.1080932617188,79.58000183105469,318.1549987792969,255.97000122070312,334.0150146484375,610.3049926757812,79.6050033569336,230118.0,66479,19563.0,24649.0,158898.0
2026-09-04 11:05:00-04:00,318.8800048828125,255.80999755859375,334.3450012207031,611.14501953125,79.66000366210938,318.9100036621094,255.97000122070312,334.4798889160156,611.4299926757812,79.70999908447266,318.45001220703125,255.80999755859375,334.32000732421875,610.77001953125,79.58000183105469,318.57000732421875,255.91000366210938,334.4200134277344,610.77001953125,79.63500213623047,136216.0,54294,13511.0,50446.0,244557.0
2026-09-04 11:06:00-04:00,318.82501220703125,255.55499267578125,334.489990234375,610.780029296875,79.63009643554688,318.8900146484375,255.8699951171875,334.54998779296875,611.4295043945312,79.69999694824219,318.6300048828125,255.5500030517578,334.3500061035156,610.6610107421875,79.61009979248047,318.8500061035156,255.80999755859375,334.3500061035156,611.1239013671875,79.66000366210938,129248.0,74286,10843.0,16721.0,435135.0
2026-09-04 11:07:00-04:00,318.6809997558594,255.60000610351562,334.3900146484375,612.1900024414062,79.71070098876953,318.9200134277344,255.63499450683594,334.54150390625,612.27001953125,79.7249984741211,318.6210021972656,255.2899932861328,334.260009765625,610.5999755859375,79.63500213623047,318.8399963378906,255.55499267578125,334.54150390625,610.72998046875,79.6500015258789,146394.0,114098,24601.0,57851.0,115565.0
2026-09-04 11:08:00-04:00,318.79949951171875,255.5500030517578,334.3599853515625,612.9099731445312,79.78500366210938,318.8550109863281,255.5749969482422,334.3891906738281,613.219970703125,79.79499816894531,318.6449890136719,255.47500610351562,334.2200012207031,612.1199951171875,79.69039916992188,318.7099914550781,255.55999755859375,334.3299865722656,612.1300048828125,79.71499633789062,55226.0,36497,36396.0,91617.0,86187.0
2026-09-04 11:09:00-04:00,318.94000244140625,255.52999877929688,334.5799865722656,612.3385009765625,79.75499725341797,318.97320556640625,255.60000610351562,334.6000061035156,613.1298828125,79.80989837646484,318.7950134277344,255.41000366210938,334.32000732421875,612.0900268554688,79.69999694824219,318.7950134277344,255.52000427246094,334.375,613.1298828125,79.79000091552734,102102.0,63804,30114.0,41943.0,139606.0
2026-09-04 11:10:00-04:00,318.8349914550781,255.57000732421875,334.4700012207031,611.75,79.63999938964844,318.9599914550781,255.6300048828125,334.6300048828125,612.3900146484375,79.75499725341797,318.760009765625,255.36000061035156,334.3900146484375,611.6400146484375,79.61000061035156,318.94000244140625,255.5500030517578,334.5978088378906,612.35498046875,79.75499725341797,91247.0,66743,17691.0,46008.0,85112.0
2026-09-04 11:11:00-04:00,318.9100036621094,255.52999877929688,334.4599914550781,611.1749877929688,79.625,319.0400085449219,255.6300048828125,334.64990234375,612.2899780273438,79.69000244140625,318.80999755859375,255.47999572753906,334.45001220703125,611.0999755859375,79.6050033569336,318.8349914550781,255.60000610351562,334.5150146484375,611.8800048828125,79.63999938964844,114763.0,60892,11766.0,25379.0,99711.0
2026-09-04 11:12:00-04:00,319.1700134277344,255.625,334.5450134277344,611.0700073242188,79.61499786376953,319.17999267578125,255.63999938964844,334.59991455078125,611.2899780273438,79.62000274658203,318.8299865722656,255.47000122070312,334.3500061035156,610.7501220703125,79.54000091552734,318.91070556640625,255.50999450683594,334.45001220703125,611.0399780273438,79.62000274658203,89544.0,40635,13501.0,23549.0,101440.0
2026-09-04 11:13:00-04:00,319.3399963378906,255.67999267578125,334.54998779296875,611.1190185546875,79.61499786376953,319.3999938964844,255.77679443359375,334.5899963378906,611.1749877929688,79.62000274658203,319.1499938964844,255.58999633789062,334.42999267578125,610.6173095703125,79.58000183105469,319.1820983886719,255.625,334.5450134277344,610.8900146484375,79.61730194091797,113555.0,49659,13877.0,12848.0,61702.0
2026-09-04 11:14:00-04:00,319.2850036621094,255.67999267578125,334.4100036621094,611.5,79.50499725341797,319.3999938964844,255.67999267578125,334.54998779296875,611.5692138671875,79.61000061035156,319.1700134277344,255.52999877929688,334.2799987792969,610.989990234375,79.48999786376953,319.3500061035156,255.67999267578125,334.5299987792969,611.22607421875,79.61000061035156,92931.0,44871,29731.0,22273.0,220006.0
2026-09-04 11:15:00-04:00,319.17498779296875,255.625,334.260009765625,611.35498046875,79.69000244140625,319.4100036621094,255.7100067138672,334.4599914550781,611.5800170898438,79.75499725341797,319.16070556640625,255.6199951171875,334.260009765625,611.3200073242188,79.5,319.2850036621094,255.69000244140625,334.3949890136719,611.5,79.5,97492.0,46480,45174.0,12722.0,386495.0
2026-09-04 11:16:00-04:00,319.2099914550781,255.63999938964844,334.3900146484375,611.010009765625,79.69499969482422,319.29998779296875,255.75999450683594,334.44000244140625,611.4199829101562,79.7300033569336,319.07000732421875,255.57000732421875,334.2200012207031,610.7899780273438,79.65499877929688,319.17498779296875,255.60000610351562,334.2749938964844,611.4199829101562,79.69000244140625,70047.0,47507,15993.0,17896.0,125818.0
2026-09-04 11:17:00-04:00,319.0050048828125,255.52000427246094,333.94000244140625,610.72998046875,79.58499908447266,319.2398986816406,255.64500427246094,334.3599853515625,610.9099731445312,79.69000244140625,318.9700927734375,255.41000366210938,333.9200134277344,610.4099731445312,79.55999755859375,319.2099914550781,255.64500427246094,334.3599853515625,610.9099731445312,79.69000244140625,86262.0,79500,46319.0,17607.0,213936.0
2026-09-04 11:18:00-04:00,318.9150085449219,255.52000427246094,333.9649963378906,609.8699951171875,79.53500366210938,319.1400146484375,255.7299041748047,334.1000061035156,610.9614868164062,79.72000122070312,318.8299865722656,255.44000244140625,333.82000732421875,609.8099975585938,79.5199966430664,319.0,255.5399932861328,333.9200134277344,610.72998046875,79.57499694824219,86442.0,55773,37600.0,16889.0,139802.0
2026-09-04 11:19:00-04:00,318.79998779296875,255.50999450683594,333.9100036621094,610.102294921875,79.66000366210938,318.8985900878906,255.60000610351562,333.989990234375,610.6409912109375,79.66069793701172,318.67999267578125,255.42999267578125,333.75,609.969970703125,79.51000213623047,318.8985900878906,255.50999450683594,333.9049987792969,609.969970703125,79.53500366210938,87864.0,45727,33286.0,24724.0,93156.0
2026-09-04 11:20:00-04:00,318.739990234375,255.5399932861328,333.9601135253906,610.4550170898438,79.70999908447266,318.8103942871094,255.5500030517578,334.0199890136719,610.6599731445312,79.76000213623047,318.57000732421875,255.33999633789062,333.8299865722656,610.0975952148438,79.63369750976562,318.8056945800781,255.5,333.9100036621094,610.1599731445312,79.66999816894531,70140.0,47511,24436.0,12225.0,110498.0
2026-09-04 11:21:00-04:00,318.8016052246094,255.66000366210938,333.9549865722656,611.0999755859375,79.66999816894531,318.9100036621094,255.7100067138672,333.989990234375,611.4000244140625,79.72989654541016,318.7200012207031,255.5050048828125,333.79998779296875,610.1701049804688,79.6500015258789,318.7300109863281,255.5500030517578,333.9599914550781,610.3699951171875,79.69999694824219,65466.0,51401,30415.0,35867.0,73554.0
2026-09-04 11:22:00-04:00,319.0,255.97500610351562,334.3949890136719,611.6072998046875,79.61499786376953,319.0400085449219,256.0,334.4100036621094,611.7999877929688,79.68000030517578,318.80999755859375,255.6300048828125,333.9549865722656,611.0700073242188,79.61499786376953,318.8299865722656,255.6649932861328,333.9800109863281,611.239990234375,79.68000030517578,38839.0,105226,29398.0,44864.0,56339.0
2026-09-04 11:23:00-04:00,319.0,255.8350067138672,334.2200012207031,611.864990234375,79.54499816894531,319.0199890136719,256.05999755859375,334.4150085449219,612.3200073242188,79.62999725341797,318.760009765625,255.8300018310547,334.1400146484375,611.510009765625,79.51380157470703,319.0,255.97500610351562,334.3900146484375,611.7050170898438,79.62000274658203,87722.0,66932,41187.0,37214.0,94694.0
2026-09-04 11:24:00-04:00,319.1400146484375,256.010009765625,334.239990234375,612.3200073242188,79.5250015258789,319.1400146484375,256.0400085449219,334.3450012207031,612.3740234375,79.62000274658203,318.9649963378906,255.7700958251953,334.162109375,611.72998046875,79.51010131835938,318.9700012207031,255.82000732421875,334.2149963378906,611.9500122070312,79.53500366210938,53118.0,42066,14231.0,18255.0,91685.0
2026-09-04 11:25:00-04:00,319.0199890136719,255.9199981689453,334.2799987792969,612.6010131835938,79.53500366210938,319.1099853515625,256.0299987792969,334.3999938964844,612.7999877929688,79.54000091552734,318.95001220703125,255.91000366210938,334.1600036621094,612.2000122070312,79.51000213623047,319.1099853515625,256.0,334.2749938964844,612.27001953125,79.5199966430664,59182.0,30187,24754.0,44294.0,66238.0
2026-09-04 11:26:00-04:00,319.0199890136719,255.92999267578125,334.1300048828125,612.52978515625,79.42500305175781,319.1099853515625,255.99000549316406,334.30999755859375,612.8499755859375,79.59500122070312,318.9800109863281,255.875,334.1199951171875,612.4000244140625,79.4000015258789,319.0199890136719,255.9600067138672,334.30999755859375,612.635009765625,79.53500366210938,32612.0,29746,6462.0,29808.0,161275.0
2026-09-04 11:27:00-04:00,319.1449890136719,255.96499633789062,334.4700012207031,613.3800048828125,79.51000213623047,319.20001220703125,255.97999572753906,334.510009765625,613.3800048828125,79.52999877929688,318.9309997558594,255.86000061035156,334.1000061035156,612.4050903320312,79.42500305175781,319.0150146484375,255.93499755859375,334.1400146484375,612.5800170898438,79.42500305175781,84765.0,38123,18360.0,26118.0,84276.0
2026-09-04 11:28:00-04:00,319.25201416015625,256.010009765625,334.5950012207031,612.6400146484375,79.50499725341797,319.32000732421875,256.0450134277344,334.69000244140625,613.2999877929688,79.55000305175781,319.135009765625,255.89999389648438,334.4901123046875,612.4000244140625,79.5,319.1499938964844,255.94009399414062,334.4949951171875,613.2999877929688,79.5,63142.0,35023,22909.0,21678.0,63148.0
2026-09-04 11:29:00-04:00,319.4700012207031,255.9949951171875,334.3900146484375,612.010009765625,79.4749984741211,319.510009765625,256.1000061035156,334.6600036621094,612.760009765625,79.5250015258789,319.20001220703125,255.86000061035156,334.29998779296875,611.9304809570312,79.47000122070312,319.260009765625,256.0000915527344,334.6000061035156,612.760009765625,79.51000213623047,102413.0,158174,25004.0,22503.0,66716.0
2026-09-04 11:30:00-04:00,319.2900085449219,255.75,334.3699951171875,612.3699951171875,79.40499877929688,319.5,256.05999755859375,334.4700012207031,612.4099731445312,79.52010345458984,319.2749938964844,255.72000122070312,334.2699890136719,611.9199829101562,79.3949966430664,319.4700012207031,255.9949951171875,334.4100036621094,612.02001953125,79.4800033569336,78946.0,106160,21748.0,30356.0,90860.0
2026-09-04 11:31:00-04:00,319.260009765625,255.85499572753906,334.2550048828125,612.530029296875,79.31999969482422,319.3699951171875,255.89999389648438,334.3900146484375,612.6400146484375,79.41000366210938,319.2265930175781,255.7310028076172,334.2200012207031,612.239990234375,79.31999969482422,319.29998779296875,255.7310028076172,334.3299865722656,612.2615966796875,79.40080261230469,47284.0,52446,13172.0,16454.0,76301.0
2026-09-04 11:32:00-04:00,319.4700012207031,255.6800994873047,334.25,612.5501098632812,79.31500244140625,319.489990234375,255.86000061035156,334.3500061035156,612.5543823242188,79.37000274658203,319.1099853515625,255.6800994873047,334.1700134277344,612.0300903320312,79.30500030517578,319.2550048828125,255.84500122070312,334.2449951171875,612.4400024414062,79.33000183105469,80897.0,58035,14129.0,13726.0,83085.0
2026-09-04 11:33:00-04:00,319.6199951171875,255.9250030517578,334.7799987792969,612.8098754882812,79.36499786376953,319.6400146484375,255.94000244140625,334.7799987792969,612.8300170898438,79.3949966430664,319.3999938964844,255.6699981689453,334.19000244140625,612.239990234375,79.30500030517578,319.4700012207031,255.69000244140625,334.29998779296875,612.3099975585938,79.31999969482422,87529.0,33233,33406.0,12476.0,96568.0
2026-09-04 11:34:00-04:00,319.6300048828125,255.69219970703125,334.5899963378906,612.1724853515625,79.35900115966797,319.6700134277344,256.0389099121094,334.7550048828125,613.0399780273438,79.38999938964844,319.489990234375,255.6699981689453,334.57269287109375,612.1599731445312,79.3499984741211,319.63140869140625,255.9250030517578,334.7449951171875,612.77001953125,79.37000274658203,115476.0,55469,13616.0,26368.0,54623.0
2026-09-04 11:35:00-04:00,319.70001220703125,255.92999267578125,334.5,612.1699829101562,79.33999633789062,319.8699951171875,256.0050048828125,334.6700134277344,612.3900146484375,79.375,319.6080017089844,255.6699981689453,334.3900146484375,612.0001220703125,79.33999633789062,319.6099853515625,255.67999267578125,334.57000732421875,612.0493774414062,79.3499984741211,94933.0,52380,32323.0,12179.0,87144.0
2026-09-04 11:36:00-04:00,319.8800048828125,255.9550018310547,334.57501220703125,611.8300170898438,79.33769989013672,319.94000244140625,256.1000061035156,334.639892578125,612.14501953125,79.36000061035156,319.70001220703125,255.94500732421875,334.4908142089844,611.7000122070312,79.31999969482422,319.7099914550781,255.94500732421875,334.55499267578125,612.0449829101562,79.33999633789062,62704.0,42308,17301.0,25994.0,65392.0
2026-09-04 11:37:00-04:00,319.9901123046875,255.7628936767578,334.4151916503906,611.8079223632812,79.2249984741211,320.07000732421875,256.010009765625,334.6700134277344,612.0598754882812,79.33999633789062,319.85040283203125,255.7628936767578,334.4151916503906,611.6500244140625,79.2249984741211,319.8900146484375,256.00970458984375,334.6300048828125,611.7249755859375,79.33989715576172,95323.0,30465,9277.0,14530.0,141013.0
2026-09-04 11:38:00-04:00,320.0799865722656,255.9499969482422,334.5299987792969,611.6699829101562,79.04499816894531,320.1300048828125,256.0199890136719,334.55999755859375,612.4000244140625,79.25,319.989990234375,255.72000122070312,334.2749938964844,611.6300048828125,79.04499816894531,319.989990234375,255.75999450683594,334.42498779296875,611.75,79.22799682617188,92763.0,62439,14958.0,16411.0,177711.0
2026-09-04 11:39:00-04:00,319.92498779296875,255.88999938964844,334.3500061035156,611.2662963867188,79.06500244140625,320.0791931152344,255.9499969482422,334.5398864746094,611.5700073242188,79.19000244140625,319.8500061035156,255.83059692382812,334.3299865722656,611.1599731445312,78.97000122070312,320.0791931152344,255.89999389648438,334.5,611.5700073242188,79.03500366210938,74685.0,29375,22630.0,11830.0,446583.0
2026-09-04 11:40:00-04:00,320.0450134277344,255.8699951171875,334.2890930175781,611.4949951171875,79.06639862060547,320.1000061035156,255.94500732421875,334.42498779296875,611.6199951171875,79.12999725341797,319.9100036621094,255.8699951171875,334.2304992675781,611.0947875976562,79.05500030517578,319.9200134277344,255.89500427246094,334.3800048828125,611.219970703125,79.06999969482422,70067.0,21155,15530.0,10646.0,162025.0
2026-09-04 11:41:00-04:00,320.2099914550781,255.9199981689453,334.260009765625,611.6849975585938,79.04000091552734,320.2300109863281,255.9499969482422,334.4100036621094,611.7698974609375,79.11499786376953,319.9599914550781,255.8300018310547,334.25,611.3099975585938,79.0250015258789,320.04010009765625,255.8800048828125,334.30499267578125,611.5,79.05999755859375,96287.0,31974,12299.0,9540.0,186077.0
2026-09-04 11:42:00-04:00,320.42498779296875,256.0299987792969,334.4700012207031,611.5750122070312,79.08499908447266,320.43499755859375,256.0299987792969,334.5,611.77001953125,79.12999725341797,320.1650085449219,255.9199981689453,334.260009765625,611.510009765625,78.99500274658203,320.2101135253906,255.9499969482422,334.260009765625,611.6849975585938,79.04000091552734,59825.0,24979,12906.0,7320.0,351226.0
2026-09-04 11:43:00-04:00,320.56640625,256.0150146484375,334.4949951171875,611.7000122070312,79.14009857177734,320.5799865722656,256.0899963378906,334.57000732421875,611.8599853515625,79.1500015258789,320.32000732421875,255.9777069091797,334.4100036621094,611.5800170898438,79.05000305175781,320.4150085449219,256.0400085449219,334.44000244140625,611.6099853515625,79.08660125732422,95777.0,29648,21541.0,8998.0,300576.0
2026-09-04 11:44:00-04:00,320.3399963378906,255.96389770507812,334.44000244140625,611.4249877929688,79.12000274658203,320.5899963378906,256.05999755859375,334.56988525390625,611.7899780273438,79.16999816894531,320.30999755859375,255.93099975585938,334.4100036621094,611.3400268554688,79.08999633789062,320.54998779296875,256.04998779296875,334.4800109863281,611.7000122070312,79.16000366210938,100918.0,31730,7673.0,7833.0,82647.0
2026-09-04 11:45:00-04:00,320.375,256.04998779296875,334.4800109863281,611.7999877929688,79.15499877929688,320.375,256.04998779296875,334.510009765625,611.7999877929688,79.16000366210938,320.1600036621094,255.8300018310547,334.3399963378906,611.22998046875,79.08000183105469,320.3299865722656,255.9600067138672,334.4657897949219,611.510009765625,79.1155014038086,62738.0,25474,9364.0,10111.0,52470.0
2026-09-04 11:46:00-04:00,320.4200134277344,256.00201416015625,334.4529113769531,611.5399780273438,79.3490982055664,320.45989990234375,256.0661926269531,334.54998779296875,611.8300170898438,79.37999725341797,320.30999755859375,255.9300994873047,334.44000244140625,611.4234008789062,79.1500015258789,320.3599853515625,256.0249938964844,334.4949951171875,611.6799926757812,79.15499877929688,37494.0,18640,8891.0,8900.0,95041.0
2026-09-04 11:47:00-04:00,320.385009765625,255.90499877929688,334.2200012207031,610.2302856445312,79.20999908447266,320.42498779296875,255.97000122070312,334.44000244140625,611.6286010742188,79.3499984741211,320.19000244140625,255.85000610351562,334.20001220703125,610.2100219726562,79.1449966430664,320.3999938964844,255.9600067138672,334.42999267578125,611.6286010742188,79.3499984741211,61438.0,36517,14487.0,17414.0,78457.0
2026-09-04 11:48:00-04:00,320.40130615234375,255.81039428710938,334.19000244140625,609.9000244140625,79.29650115966797,320.4750061035156,255.91000366210938,334.25,610.219970703125,79.30000305175781,320.3500061035156,255.77000427246094,334.1300048828125,609.72998046875,79.16999816894531,320.3900146484375,255.89999389648438,334.2099914550781,610.1400146484375,79.16999816894531,42859.0,33662,20574.0,14658.0,49203.0
2026-09-04 11:49:00-04:00,320.43499755859375,256.0299987792969,334.3999938964844,611.219970703125,79.26499938964844,320.45001220703125,256.04998779296875,334.3999938964844,611.2949829101562,79.31900024414062,320.3500061035156,255.77000427246094,334.20001220703125,609.9099731445312,79.25499725341797,320.4150085449219,255.7949981689453,334.20001220703125,609.969970703125,79.28959655761719,48630.0,43457,12896.0,31320.0,51080.0
2026-09-04 11:50:00-04:00,320.7200012207031,256.05999755859375,334.533203125,611.77001953125,79.38999938964844,320.7799987792969,256.1700134277344,334.69000244140625,611.8900146484375,79.44000244140625,320.4200134277344,256.0050048828125,334.3949890136719,611.3049926757812,79.23999786376953,320.44000244140625,256.04998779296875,334.4100036621094,611.3049926757812,79.26499938964844,87290.0,43506,31856.0,23093.0,76636.0
2026-09-04 11:51:00-04:00,320.8949890136719,256.0899963378906,334.6700134277344,611.719970703125,79.37000274658203,320.9700012207031,256.1000061035156,334.6700134277344,611.97998046875,79.4000015258789,320.72210693359375,256.0299987792969,334.5350036621094,611.52001953125,79.33180236816406,320.7349853515625,256.0799865722656,334.5899963378906,611.8900146484375,79.38999938964844,94728.0,29378,7193.0,20483.0,65762.0
2026-09-04 11:52:00-04:00,321.0199890136719,256.1099853515625,334.6300048828125,611.3150024414062,79.37000274658203,321.04998779296875,256.1499938964844,334.69000244140625,611.9400024414062,79.39330291748047,320.7300109863281,256.05499267578125,334.55999755859375,611.030029296875,79.32499694824219,320.8999938964844,256.0899963378906,334.6000061035156,611.719970703125,79.37989807128906,93876.0,50480,14065.0,14215.0,45114.0
2026-09-04 11:53:00-04:00,321.19000244140625,256.2200012207031,334.80999755859375,611.2150268554688,79.375,321.239990234375,256.25,334.8500061035156,611.760009765625,79.37999725341797,320.9800109863281,256.0299987792969,334.5849914550781,611.0800170898438,79.33000183105469,321.010009765625,256.1449890136719,334.5849914550781,611.52001953125,79.37000274658203,115322.0,42061,39881.0,9371.0,51039.0
2026-09-04 11:54:00-04:00,321.0,256.2149963378906,334.7650146484375,611.5549926757812,79.33989715576172,321.2298889160156,256.2300109863281,334.8500061035156,611.5599975585938,79.3949966430664,320.9800109863281,256.0600891113281,334.6300048828125,611.1799926757812,79.32499694824219,321.17999267578125,256.2200012207031,334.8349914550781,611.3499755859375,79.37799835205078,83886.0,31617,28447.0,8746.0,69037.0
2026-09-04 11:55:00-04:00,321.0899963378906,256.2099914550781,334.92999267578125,611.760009765625,79.48500061035156,321.19000244140625,256.32000732421875,334.92999267578125,611.760009765625,79.52999877929688,320.9800109863281,256.17999267578125,334.6600036621094,611.47998046875,79.33000183105469,321.010009765625,256.19500732421875,334.760009765625,611.5999755859375,79.33000183105469,52575.0,30864,12800.0,4259.0,77682.0
2026-09-04 11:56:00-04:00,320.9800109863281,256.114990234375,334.75,611.4299926757812,79.45999908447266,321.0849914550781,256.210205078125,334.9150085449219,611.8099975585938,79.48999786376953,320.82000732421875,256.110107421875,334.7300109863281,611.3250122070312,79.4437026977539,321.0799865722656,256.210205078125,334.9150085449219,611.6500244140625,79.4800033569336,82456.0,30018,12146.0,7408.0,52083.0
2026-09-04 11:57:00-04:00,321.1449890136719,256.17999267578125,334.82000732421875,611.3699951171875,79.41999816894531,321.20989990234375,256.20001220703125,334.82000732421875,611.5,79.47000122070312,320.8999938964844,256.0195007324219,334.6400146484375,611.1801147460938,79.37999725341797,320.9700927734375,256.1199951171875,334.7200012207031,611.3150024414062,79.47000122070312,64382.0,28083,10382.0,11130.0,57480.0
2026-09-04 11:58:00-04:00,321.0799865722656,255.9949951171875,334.9049987792969,611.5,79.20999908447266,321.17999267578125,256.19000244140625,334.9599914550781,611.5800170898438,79.41999816894531,320.8900146484375,255.96499633789062,334.8500061035156,611.2899780273438,79.19200134277344,321.1400146484375,256.16900634765625,334.8599853515625,611.419677734375,79.41999816894531,69097.0,47115,9904.0,19207.0,68429.0
2026-09-04 11:59:00-04:00,321.010009765625,256.0299987792969,334.8900146484375,611.6735229492188,79.19000244140625,321.2799987792969,256.07000732421875,335.0299072265625,611.8200073242188,79.2300033569336,320.93829345703125,255.97999572753906,334.8699951171875,611.4299926757812,79.1449966430664,321.0899963378906,256.010009765625,334.9049987792969,611.5900268554688,79.20999908447266,105345.0,22911,19018.0,8057.0,135195.0
2026-09-04 12:00:00-04:00,320.93109130859375,255.9949951171875,334.8450012207031,611.9500122070312,79.11499786376953,321.0400085449219,256.09991455078125,334.92999267578125,612.1119995117188,79.26000213623047,320.7099914550781,255.94000244140625,334.79998779296875,611.7055053710938,79.09500122070312,321.0249938964844,256.0299987792969,334.92999267578125,611.7055053710938,79.19499969482422,83003.0,35807,11435.0,12171.0,125731.0
2026-09-04 12:01:00-04:00,320.8599853515625,255.83999633789062,334.7900085449219,611.5900268554688,78.9823989868164,320.9599914550781,255.98500061035156,334.8599853515625,612.0900268554688,79.11499786376953,320.7099914550781,255.80999755859375,334.76739501953125,611.489990234375,78.95999908447266,320.9309997558594,255.98500061035156,334.8599853515625,611.97998046875,79.11499786376953,52953.0,34525,6667.0,7732.0,220624.0
2026-09-04 12:02:00-04:00,320.9800109863281,255.9199981689453,334.768310546875,611.5800170898438,79.03500366210938,320.989990234375,255.9600067138672,334.8399963378906,611.75,79.03929901123047,320.80999755859375,255.86000061035156,334.7300109863281,611.4299926757812,78.95500183105469,320.8800048828125,255.86000061035156,334.79998779296875,611.5800170898438,78.9800033569336,49855.0,30558,10685.0,8978.0,195871.0
2026-09-04 12:03:00-04:00,320.989990234375,255.97999572753906,334.6300048828125,611.635009765625,78.96499633789062,321.0400085449219,256.0198974609375,334.79998779296875,611.7100219726562,79.06500244140625,320.8599853515625,255.9066925048828,334.6199951171875,611.5800170898438,78.96499633789062,320.9800109863281,255.9250030517578,334.7799072265625,611.64501953125,79.03500366210938,41489.0,38695,16918.0,8816.0,115173.0
2026-09-04 12:04:00-04:00,321.0,256.0849914550781,334.6199951171875,611.780029296875,78.9749984741211,321.125,256.1300048828125,334.739990234375,611.8200073242188,79.01000213623047,320.9291076660156,255.97999572753906,334.6199951171875,611.655029296875,78.91010284423828,320.989990234375,255.97999572753906,334.6600036621094,611.655029296875,78.96499633789062,59790.0,42863,7557.0,7269.0,244994.0
2026-09-04 12:05:00-04:00,320.92999267578125,255.99000549316406,334.6000061035156,611.9299926757812,79.04000091552734,321.1199951171875,256.1600036621094,334.7799987792969,612.0,79.05480194091797,320.9100036621094,255.99000549316406,334.6000061035156,611.7550048828125,78.94999694824219,321.0,256.0799865722656,334.6536865234375,611.760009765625,78.9749984741211,49142.0,39907,12875.0,8314.0,121922.0
2026-09-04 12:06:00-04:00,320.7149963378906,255.97000122070312,334.5199890136719,611.7849731445312,79.00499725341797,320.9700012207031,256.0799865722656,334.6300048828125,611.8599853515625,79.05999755859375,320.6600036621094,255.91000366210938,334.4800109863281,611.6400146484375,79.00499725341797,320.94000244140625,255.97869873046875,334.60198974609375,611.74658203125,79.04499816894531,86912.0,52610,12888.0,7159.0,73706.0
2026-09-04 12:07:00-04:00,320.9100036621094,256.20001220703125,334.79998779296875,611.6699829101562,79.05049896240234,320.9299011230469,256.20001220703125,334.8399963378906,611.8200073242188,79.05999755859375,320.6600036621094,255.97000122070312,334.5400085449219,611.4600219726562,79.0,320.7250061035156,255.99000549316406,334.5400085449219,611.780029296875,79.00499725341797,39675.0,26955,10292.0,20413.0,48433.0
2026-09-04 12:08:00-04:00,321.05999755859375,256.18798828125,334.739990234375,612.0850219726562,79.13999938964844,321.1300048828125,256.32000732421875,334.8999938964844,612.22998046875,79.1500015258789,320.8900146484375,256.1199951171875,334.739990234375,611.6649780273438,79.04000091552734,320.9049987792969,256.2200012207031,334.7749938964844,611.6649780273438,79.05500030517578,52239.0,31927,7924.0,21878.0,49098.0
2026-09-04 12:09:00-04:00,321.0299072265625,256.17999267578125,334.6700134277344,612.1901245117188,79.18000030517578,321.0950012207031,256.2900085449219,334.75,612.280029296875,79.18499755859375,320.9700012207031,256.1401062011719,334.6300048828125,611.7999877929688,79.11000061035156,321.07000732421875,256.2298889160156,334.75,612.1082153320312,79.13999938964844,41575.0,32656,11380.0,15558.0,83236.0
2026-09-04 12:10:00-04:00,321.06500244140625,256.135986328125,334.739990234375,612.0999755859375,79.26000213623047,321.1000061035156,256.2200012207031,334.7900085449219,612.3909912109375,79.2698974609375,320.9549865722656,256.0400085449219,334.6650085449219,611.797119140625,79.16999816894531,321.0199890136719,256.1549987792969,334.67999267578125,612.280029296875,79.18499755859375,23397.0,37996,9601.0,18041.0,68879.0
2026-09-04 12:11:00-04:00,321.1199035644531,256.25970458984375,334.8999938964844,612.6500244140625,79.25,321.1199951171875,256.25970458984375,334.9299011230469,612.7752075195312,79.25990295410156,321.0199890136719,256.07501220703125,334.72088623046875,612.010009765625,79.22010040283203,321.0799865722656,256.1401062011719,334.739990234375,612.0286254882812,79.25,99439.0,24513,14174.0,32890.0,32175.0
2026-09-04 12:12:00-04:00,321.1065979003906,256.2699890136719,334.8949890136719,612.44873046875,79.29000091552734,321.19000244140625,256.29998779296875,334.989990234375,612.760009765625,79.31500244140625,321.07000732421875,256.17999267578125,334.8500061035156,612.1699829101562,79.23500061035156,321.114990234375,256.2250061035156,334.8999938964844,612.760009765625,79.24500274658203,53083.0,23528,11481.0,16706.0,64004.0
2026-09-04 12:13:00-04:00,321.20001220703125,256.5,335.0400085449219,612.3599853515625,79.37000274658203,321.2690124511719,256.5299987792969,335.0799865722656,612.5700073242188,79.375,321.114990234375,256.2799987792969,334.8944091796875,612.25,79.29000091552734,321.114990234375,256.2799987792969,334.8944091796875,612.405029296875,79.29000091552734,73263.0,41155,14040.0,6773.0,56186.0
2026-09-04 12:14:00-04:00,321.0498962402344,256.5889892578125,335.0163879394531,612.1849975585938,79.37999725341797,321.2099914550781,256.623291015625,335.07501220703125,612.5,79.44499969482422,320.94000244140625,256.5,334.8900146484375,612.0399780273438,79.33000183105469,321.20001220703125,256.5,335.014892578125,612.3599853515625,79.36930084228516,52780.0,37687,14560.0,13726.0,71915.0
2026-09-04 12:15:00-04:00,321.05499267578125,256.5350036621094,334.8450012207031,612.5050048828125,79.24500274658203,321.07000732421875,256.70001220703125,334.9849853515625,612.718017578125,79.38500213623047,321.0,256.4700012207031,334.82000732421875,612.097412109375,79.24140167236328,321.0400085449219,256.58099365234375,334.9649963378906,612.1849975585938,79.36499786376953,36217.0,49326,9609.0,14291.0,67351.0
2026-09-04 12:16:00-04:00,320.9053039550781,256.4891052246094,334.7699890136719,612.5999755859375,79.2300033569336,321.06500244140625,256.55999755859375,334.95001220703125,612.8800048828125,79.28500366210938,320.6300048828125,256.45001220703125,334.7699890136719,612.4500122070312,79.2300033569336,321.05999755859375,256.54998779296875,334.82501220703125,612.6599731445312,79.24500274658203,69815.0,36200,10121.0,22864.0,48436.0
2026-09-04 12:17:00-04:00,321.0899963378906,256.68218994140625,334.9200134277344,613.1699829101562,79.26499938964844,321.1499938964844,256.70001220703125,334.9800109863281,613.260009765625,79.27999877929688,320.8699951171875,256.4700012207031,334.7550048828125,612.5599975585938,79.2300033569336,320.885009765625,256.4700012207031,334.7550048828125,612.6400146484375,79.23500061035156,36487.0,35460,9174.0,36773.0,35443.0
2026-09-04 12:18:00-04:00,321.18499755859375,256.7250061035156,335.3399963378906,613.5300903320312,79.29000091552734,321.2699890136719,256.7449951171875,335.45001220703125,613.5999755859375,79.31999969482422,321.04998779296875,256.6000061035156,334.93011474609375,613.1799926757812,79.26499938964844,321.1199951171875,256.6929016113281,334.93011474609375,613.1799926757812,79.26499938964844,65609.0,45336,29321.0,53730.0,32769.0
2026-09-04 12:19:00-04:00,321.2699890136719,256.75,335.2749938964844,613.5599975585938,79.32499694824219,321.32000732421875,256.94000244140625,335.3999938964844,613.6799926757812,79.33000183105469,321.1534118652344,256.6604919433594,335.17999267578125,613.2100219726562,79.2699966430664,321.1700134277344,256.739990234375,335.3900146484375,613.530029296875,79.30000305175781,67830.0,77401,20136.0,37886.0,37324.0
2026-09-04 12:20:00-04:00,320.9599914550781,256.9200134277344,335.19000244140625,613.719970703125,79.33999633789062,321.3291931152344,256.95001220703125,335.3299865722656,613.902587890625,79.34010314941406,320.9400939941406,256.7650146484375,335.1600036621094,613.52001953125,79.2699966430664,321.2506103515625,256.7650146484375,335.2749938964844,613.5599975585938,79.31999969482422,76057.0,35102,12182.0,22923.0,61163.0
2026-09-04 12:21:00-04:00,320.8800048828125,256.92999267578125,335.3550109863281,613.75,79.41999816894531,320.9549865722656,257.0400085449219,335.3999938964844,614.2999877929688,79.41999816894531,320.75,256.8999938964844,335.20001220703125,613.719970703125,79.33999633789062,320.9549865722656,256.9200134277344,335.20001220703125,613.72998046875,79.33999633789062,47991.0,65742,10615.0,43189.0,60527.0
2026-09-04 12:22:00-04:00,321.0199890136719,256.8800048828125,335.32000732421875,613.7849731445312,79.48500061035156,321.0199890136719,256.8999938964844,335.3799133300781,613.9019775390625,79.49500274658203,320.85009765625,256.8500061035156,335.2699890136719,613.47998046875,79.41500091552734,320.8699951171875,256.8999938964844,335.340087890625,613.6898193359375,79.42990112304688,39056.0,28904,12720.0,15212.0,63714.0
2026-09-04 12:23:00-04:00,321.2099914550781,256.9599914550781,335.3900146484375,614.27001953125,79.4800033569336,321.25,256.9599914550781,335.4100036621094,614.3399047851562,79.49500274658203,320.97100830078125,256.7850036621094,335.2699890136719,613.5800170898438,79.45999908447266,321.0150146484375,256.8599853515625,335.3399963378906,613.7849731445312,79.4884033203125,44350.0,39265,20076.0,35345.0,42515.0
2026-09-04 12:24:00-04:00,320.9700012207031,256.95001220703125,335.3023986816406,613.8350219726562,79.52459716796875,321.25,257.0299072265625,335.3900146484375,614.3099975585938,79.56999969482422,320.92999267578125,256.9200134277344,335.2699890136719,613.8099975585938,79.4749984741211,321.2099914550781,256.94500732421875,335.385009765625,614.2999877929688,79.4800033569336,43019.0,38148,10810.0,18966.0,67374.0
2026-09-04 12:25:00-04:00,320.8399963378906,257.0199890136719,335.3299865722656,613.7000122070312,79.58000183105469,320.9700012207031,257.0799865722656,335.3800048828125,613.8599243164062,79.58190155029297,320.75,256.9200134277344,335.20001220703125,613.5479736328125,79.5199966430664,320.9649963378906,256.9599914550781,335.2900085449219,613.8350219726562,79.52999877929688,39551.0,30223,14477.0,12884.0,33468.0
2026-09-04 12:26:00-04:00,320.9700012207031,257.0,335.30999755859375,613.3095092773438,79.44000244140625,320.9700012207031,257.1199035644531,335.42999267578125,613.6500244140625,79.59030151367188,320.79998779296875,256.94000244140625,335.2322998046875,613.1699829101562,79.4000015258789,320.8450012207031,257.0,335.3100891113281,613.6199951171875,79.57499694824219,48038.0,39002,9784.0,163490.0,206925.0
2026-09-04 12:27:00-04:00,320.8699951171875,257.0599060058594,335.5,613.3599853515625,79.44000244140625,320.989990234375,257.05999755859375,335.523193359375,613.4299926757812,79.44000244140625,320.7900085449219,256.8800048828125,335.3399963378906,612.9400024414062,79.3499984741211,320.9649963378906,257.0050048828125,335.3800048828125,613.25,79.43499755859375,47754.0,38732,9728.0,25109.0,55153.0
2026-09-04 12:28:00-04:00,320.6199951171875,257.0450134277344,335.3900146484375,613.0015258789062,79.40499877929688,320.8699951171875,257.1000061035156,335.5,613.4299926757812,79.44000244140625,320.5400085449219,257.0199890136719,335.32000732421875,613.0015258789062,79.4000015258789,320.8699951171875,257.0465087890625,335.5,613.4299926757812,79.44000244140625,60488.0,28339,12905.0,14096.0,47437.0
2026-09-04 12:29:00-04:00,320.5,257.0400085449219,335.2900085449219,612.885009765625,79.33999633789062,320.7099914550781,257.07501220703125,335.3800048828125,613.5499267578125,79.42500305175781,320.4200134277344,256.9700012207031,335.260009765625,612.8300170898438,79.31999969482422,320.6199951171875,257.0249938964844,335.3550109863281,612.9199829101562,79.41000366210938,71841.0,33896,19521.0,12152.0,38990.0
2026-09-04 12:30:00-04:00,320.7099914550781,257.1700134277344,335.25,613.2949829101562,79.31999969482422,320.7099914550781,257.1700134277344,335.30999755859375,613.2949829101562,79.3499984741211,320.41009521484375,256.9599914550781,335.19000244140625,612.7301025390625,79.28009796142578,320.51739501953125,257.0400085449219,335.260009765625,612.9000244140625,79.33000183105469,51479.0,42528,19386.0,32329.0,36792.0
2026-09-04 12:31:00-04:00,320.7900085449219,257.1424865722656,335.1499938964844,612.760009765625,79.28500366210938,320.7900085449219,257.239990234375,335.3699951171875,613.34130859375,79.33999633789062,320.6099853515625,257.12799072265625,335.1499938964844,612.6300048828125,79.27999877929688,320.7099914550781,257.1700134277344,335.25,613.34130859375,79.30999755859375,46070.0,52631,16632.0,11932.0,44704.0
2026-09-04 12:32:00-04:00,320.989990234375,257.2149963378906,335.20001220703125,612.864990234375,79.31999969482422,321.0249938964844,257.29998779296875,335.239990234375,612.9279174804688,79.33989715576172,320.7900085449219,257.14208984375,335.1199951171875,612.5805053710938,79.2750015258789,320.80499267578125,257.1600036621094,335.20001220703125,612.7750244140625,79.27999877929688,40648.0,37582,12431.0,6896.0,30717.0
2026-09-04 12:33:00-04:00,321.04998779296875,257.17498779296875,335.2099914550781,612.5800170898438,79.32499694824219,321.1300048828125,257.2300109863281,335.2300109863281,612.864990234375,79.34500122070312,320.9700012207031,257.17498779296875,335.1199951171875,612.5800170898438,79.30049896240234,320.989990234375,257.2099914550781,335.19000244140625,612.8599853515625,79.31999969482422,40421.0,43323,14577.0,5251.0,29349.0
2026-09-04 12:34:00-04:00,321.10009765625,257.3349914550781,335.2200012207031,612.8472290039062,79.32499694824219,321.1300048828125,257.3450012207031,335.239990234375,612.8800048828125,79.33000183105469,321.0299987792969,257.17999267578125,335.1600036621094,612.5499877929688,79.30500030517578,321.05499267578125,257.17999267578125,335.20001220703125,612.5750122070312,79.32499694824219,34678.0,30485,9566.0,4292.0,25155.0
2026-09-04 12:35:00-04:00,321.08551025390625,257.30499267578125,335.2850036621094,612.75,79.27010345458984,321.1400146484375,257.3900146484375,335.30999755859375,612.9638061523438,79.31999969482422,320.9580078125,257.28009033203125,335.1499938964844,612.6799926757812,79.2699966430664,321.1000061035156,257.32000732421875,335.2149963378906,612.844970703125,79.31999969482422,50867.0,50931,13813.0,7683.0,28878.0
2026-09-04 12:36:00-04:00,320.9200134277344,257.2748107910156,335.2799987792969,612.5800170898438,79.31999969482422,321.10009765625,257.3699951171875,335.3299865722656,612.9099731445312,79.31999969482422,320.8999938964844,257.2300109863281,335.20001220703125,612.5599975585938,79.26000213623047,321.090087890625,257.29998779296875,335.2900085449219,612.6849975585938,79.2750015258789,30983.0,67448,16137.0,9176.0,30646.0
2026-09-04 12:37:00-04:00,320.9049987792969,257.114990234375,335.2900085449219,612.1849975585938,79.31999969482422,321.010009765625,257.2699890136719,335.29998779296875,612.739990234375,79.33989715576172,320.8299865722656,257.0849914550781,335.1499938964844,612.0999755859375,79.30010223388672,320.94000244140625,257.25,335.25,612.6920166015625,79.31500244140625,32682.0,38797,11623.0,8275.0,26172.0
2026-09-04 12:38:00-04:00,320.79998779296875,257.1700134277344,335.1600036621094,611.9650268554688,79.36000061035156,320.9049987792969,257.19000244140625,335.2950134277344,612.2799072265625,79.36000061035156,320.7300109863281,257.1099853515625,335.1199951171875,611.8699951171875,79.31500244140625,320.9049987792969,257.1159973144531,335.2900085449219,612.27001953125,79.32499694824219,33526.0,28492,19215.0,11645.0,31221.0
2026-09-04 12:39:00-04:00,320.8949890136719,257.17999267578125,335.30499267578125,612.280029296875,79.33000183105469,320.9100036621094,257.239990234375,335.3471984863281,612.3900146484375,79.37000274658203,320.79998779296875,257.1400146484375,335.1099853515625,611.9201049804688,79.33000183105469,320.80010986328125,257.19000244140625,335.17999267578125,611.989990234375,79.3550033569336,35873.0,33290,12219.0,15998.0,44000.0
2026-09-04 12:40:00-04:00,321.04998779296875,257.1099853515625,335.231689453125,611.8150024414062,79.31999969482422,321.05499267578125,257.2300109863281,335.2950134277344,612.2849731445312,79.34989929199219,320.8605041503906,257.0978088378906,335.07000732421875,611.7999877929688,79.30999755859375,320.8800048828125,257.12908935546875,335.2950134277344,612.260009765625,79.33999633789062,30532.0,23988,15875.0,11025.0,23315.0
2026-09-04 12:41:00-04:00,320.7699890136719,257.010009765625,335.1499938964844,611.9299926757812,79.30000305175781,321.05999755859375,257.1400146484375,335.239990234375,611.9691162109375,79.33000183105469,320.75,256.9801940917969,335.1099853515625,611.8300170898438,79.28800201416016,321.05499267578125,257.1099853515625,335.239990234375,611.8400268554688,79.33000183105469,38727.0,39265,7559.0,6385.0,29549.0
2026-09-04 12:42:00-04:00,320.7850036621094,257.0849914550781,335.2099914550781,611.80322265625,79.31500244140625,320.8214111328125,257.1000061035156,335.239990234375,611.989990234375,79.32499694824219,320.7300109863281,256.9849853515625,335.1400146484375,611.6900024414062,79.29000091552734,320.7900085449219,257.0199890136719,335.1499938964844,611.9650268554688,79.30000305175781,40524.0,39864,12430.0,9651.0,30975.0
2026-09-04 12:43:00-04:00,320.7799987792969,257.1700134277344,335.2799987792969,611.9904174804688,79.33999633789062,320.8800048828125,257.1700134277344,335.29998779296875,612.0050048828125,79.34269714355469,320.7001037597656,257.07000732421875,335.10009765625,611.77001953125,79.26000213623047,320.79998779296875,257.0899963378906,335.1700134277344,611.8499755859375,79.31500244140625,37298.0,39852,16401.0,6387.0,42893.0
2026-09-04 12:44:00-04:00,320.8399963378906,257.1000061035156,335.3399963378906,611.7000122070312,79.31829833984375,320.94000244140625,257.2101135253906,335.3900146484375,611.989990234375,79.33000183105469,320.75,257.07000732421875,335.30999755859375,611.6400756835938,79.29049682617188,320.7900085449219,257.1700134277344,335.32000732421875,611.989990234375,79.33000183105469,42471.0,33105,10851.0,12852.0,35308.0
2026-09-04 12:45:00-04:00,320.8699951171875,257.20001220703125,335.3500061035156,611.6199951171875,79.27999877929688,321.0199890136719,257.20001220703125,335.3999938964844,611.8101196289062,79.33999633789062,320.8500061035156,257.0899963378906,335.29998779296875,611.6199951171875,79.27999877929688,320.8500061035156,257.1600036621094,335.32501220703125,611.8101196289062,79.31809997558594,42189.0,29296,10404.0,16274.0,42133.0
2026-09-04 12:46:00-04:00,320.8450012207031,257.17999267578125,335.3800048828125,611.7203979492188,79.23500061035156,320.94989013671875,257.25,335.4200134277344,611.7990112304688,79.2699966430664,320.7701110839844,257.1700134277344,335.3299865722656,611.5150146484375,79.2249984741211,320.8800048828125,257.17999267578125,335.3500061035156,611.530029296875,79.26499938964844,34653.0,22435,8994.0,7671.0,83974.0
2026-09-04 12:47:00-04:00,321.0450134277344,257.20001220703125,335.4800109863281,611.9000244140625,79.23999786376953,321.04998779296875,257.28900146484375,335.54998779296875,612.0700073242188,79.30000305175781,320.8399963378906,257.17498779296875,335.3299865722656,611.6326293945312,79.22000122070312,320.8399963378906,257.17498779296875,335.375,611.7000122070312,79.23999786376953,40127.0,34178,31975.0,12296.0,41059.0
2026-09-04 12:48:00-04:00,321.0,257.1600036621094,335.45001220703125,611.864990234375,79.24500274658203,321.04998779296875,257.16180419921875,335.489501953125,611.9000244140625,79.26000213623047,320.9800109863281,257.0799865722656,335.3599853515625,611.5449829101562,79.20999908447266,321.03009033203125,257.16180419921875,335.4849853515625,611.8280029296875,79.2300033569336,33893.0,15322,18396.0,25326.0,42342.0
2026-09-04 12:49:00-04:00,320.9800109863281,257.1099853515625,335.43798828125,611.760009765625,79.20500183105469,321.0199890136719,257.19000244140625,335.5,611.8800048828125,79.23999786376953,320.9159851074219,257.0799865722656,335.3800048828125,611.72998046875,79.20500183105469,321.010009765625,257.1600036621094,335.4800109863281,611.77001953125,79.23999786376953,44508.0,25153,9423.0,12247.0,38182.0
2026-09-04 12:50:00-04:00,320.92498779296875,257.1549987792969,335.5000915527344,611.8607177734375,79.19999694824219,321.07000732421875,257.1799011230469,335.5199890136719,611.9298706054688,79.22000122070312,320.82000732421875,257.04998779296875,335.4017028808594,611.52001953125,79.18099975585938,320.989990234375,257.1000061035156,335.4549865722656,611.655029296875,79.22000122070312,36071.0,19502,12005.0,8834.0,42857.0
2026-09-04 12:51:00-04:00,321.010009765625,257.1310119628906,335.5,611.911376953125,79.26499938964844,321.0350036621094,257.2300109863281,335.5400085449219,611.9500122070312,79.2699966430664,320.9150085449219,257.1310119628906,335.44000244140625,611.7999877929688,79.19000244140625,320.92999267578125,257.1600036621094,335.5199890136719,611.844970703125,79.19999694824219,50564.0,19970,8663.0,7274.0,67826.0
2026-09-04 12:52:00-04:00,321.05499267578125,257.20989990234375,335.4590148925781,611.97998046875,79.25499725341797,321.1000061035156,257.2099914550781,335.5199890136719,612.0,79.2699966430664,320.9599914550781,257.1307067871094,335.44000244140625,611.7999877929688,79.24500274658203,321.0,257.1307067871094,335.4999084472656,611.875,79.26499938964844,45587.0,16641,10611.0,10180.0,23008.0
2026-09-04 12:53:00-04:00,321.1050109863281,257.2699890136719,335.45001220703125,611.8372802734375,79.22750091552734,321.20001220703125,257.32000732421875,335.54998779296875,612.0499877929688,79.2699966430664,321.0400085449219,257.2099914550781,335.4132995605469,611.7960205078125,79.22000122070312,321.05999755859375,257.2099914550781,335.42999267578125,612.0499877929688,79.25830078125,43835.0,43928,12961.0,4425.0,21219.0
2026-09-04 12:54:00-04:00,321.07501220703125,257.2008056640625,335.30999755859375,611.22998046875,79.17500305175781,321.239990234375,257.32000732421875,335.4425964355469,611.7550048828125,79.22000122070312,321.05999755859375,257.2008056640625,335.2699890136719,611.1300048828125,79.17500305175781,321.1099853515625,257.2699890136719,335.4425964355469,611.719970703125,79.22000122070312,34963.0,32260,75062.0,10160.0,34471.0
2026-09-04 12:55:00-04:00,321.177490234375,257.2744140625,335.3299865722656,611.1099853515625,79.16000366210938,321.17999267578125,257.2744140625,335.3500061035156,611.2399291992188,79.1792984008789,320.9599914550781,257.19000244140625,335.2799987792969,610.8200073242188,79.1500015258789,321.07501220703125,257.20989990234375,335.32501220703125,611.1199951171875,79.17500305175781,41298.0,13360,5698.0,10908.0,37189.0
2026-09-04 12:56:00-04:00,321.10699462890625,257.2349853515625,335.2838134765625,611.1799926757812,79.13999938964844,321.20001220703125,257.2799987792969,335.3800048828125,611.3300170898438,79.18000030517578,321.0920104980469,257.2099914550781,335.260009765625,611.030029296875,79.13999938964844,321.19000244140625,257.2799987792969,335.3301086425781,611.239990234375,79.15499877929688,43184.0,24788,12713.0,11001.0,41408.0
2026-09-04 12:57:00-04:00,321.0799865722656,257.2699890136719,335.3500061035156,611.0800170898438,79.11499786376953,321.2099914550781,257.29998779296875,335.3999938964844,611.260009765625,79.1500015258789,321.0404052734375,257.2349853515625,335.2900085449219,611.0750122070312,79.11000061035156,321.1400146484375,257.2349853515625,335.32000732421875,611.0999755859375,79.13500213623047,34208.0,18551,7426.0,6774.0,32876.0
2026-09-04 12:58:00-04:00,321.1499938964844,257.2398986816406,335.25201416015625,610.7100219726562,79.1238021850586,321.18499755859375,257.31201171875,335.3924865722656,611.114990234375,79.12999725341797,321.07501220703125,257.2099914550781,335.25201416015625,610.590087890625,79.11000061035156,321.07501220703125,257.2699890136719,335.3349914550781,611.114990234375,79.11499786376953,35895.0,19586,31348.0,20305.0,31752.0
2026-09-04 12:59:00-04:00,321.0299987792969,257.25,335.2099914550781,610.5850219726562,79.12000274658203,321.17498779296875,257.2699890136719,335.2799987792969,610.6749877929688,79.125,321.010009765625,257.20001220703125,335.110107421875,610.4000244140625,79.0999984741211,321.1600036621094,257.2300109863281,335.2492980957031,610.6400146484375,79.125,25144.0,19737,13977.0,16535.0,36408.0
2026-09-04 13:00:00-04:00,321.1700134277344,257.2200012207031,335.17999267578125,610.469970703125,79.13999938964844,321.2200927734375,257.2799987792969,335.260009765625,610.7669067382812,79.1449966430664,321.0450134277344,257.1650085449219,335.0849914550781,610.010009765625,79.11499786376953,321.0450134277344,257.260009765625,335.2099914550781,610.60498046875,79.12000274658203,34859.0,26971,12716.0,15298.0,32359.0
2026-09-04 13:01:00-04:00,321.17999267578125,257.05499267578125,335.23748779296875,610.2301025390625,79.125,321.20001220703125,257.2107849121094,335.23748779296875,610.4400024414062,79.1449966430664,321.0799865722656,257.04998779296875,335.1300048828125,610.2000122070312,79.11990356445312,321.1600036621094,257.2013854980469,335.17999267578125,610.3350219726562,79.13500213623047,29362.0,27346,7930.0,10243.0,20762.0
2026-09-04 13:02:00-04:00,321.04998779296875,256.9507141113281,335.2200012207031,610.0999755859375,79.06500244140625,321.17999267578125,257.09991455078125,335.32000732421875,610.344970703125,79.125,320.9849853515625,256.95001220703125,335.17999267578125,609.8200073242188,79.05999755859375,321.17498779296875,257.0400085449219,335.2449951171875,610.344970703125,79.1227035522461,32231.0,45131,14534.0,13986.0,45314.0
2026-09-04 13:03:00-04:00,321.05499267578125,257.0299987792969,335.2799987792969,609.905029296875,79.04499816894531,321.07000732421875,257.0400085449219,335.3255920410156,610.0800170898438,79.06500244140625,320.9700012207031,256.8299865722656,335.20001220703125,609.7401123046875,79.0199966430664,321.04998779296875,256.95001220703125,335.2200012207031,610.0399780273438,79.06320190429688,26720.0,40043,8747.0,28719.0,35726.0
2026-09-04 13:04:00-04:00,320.9601135253906,257.0199890136719,335.3500061035156,610.1306762695312,79.05000305175781,321.05999755859375,257.0347900390625,335.3500061035156,610.1881713867188,79.05999755859375,320.9601135253906,256.92999267578125,335.2200012207031,609.9099731445312,79.04010009765625,321.05999755859375,257.0299987792969,335.2799987792969,609.9099731445312,79.04499816894531,27046.0,17427,4896.0,10076.0,22291.0
2026-09-04 13:05:00-04:00,320.9849853515625,257.1300048828125,335.30999755859375,609.9299926757812,79.05010223388672,321.0799865722656,257.1300048828125,335.3599853515625,610.219970703125,79.05599975585938,320.92999267578125,257.0,335.2300109863281,609.8150024414062,79.0199966430664,320.9949951171875,257.0150146484375,335.32000732421875,610.1300048828125,79.05000305175781,36825.0,41832,8760.0,8815.0,55809.0
2026-09-04 13:06:00-04:00,321.0050048828125,257.1499938964844,335.42999267578125,610.2125244140625,79.05500030517578,321.0199890136719,257.19500732421875,335.4700012207031,610.5499877929688,79.06999969482422,320.92999267578125,257.090087890625,335.29010009765625,610.0750122070312,79.04010009765625,320.989990234375,257.1099853515625,335.32000732421875,610.0900268554688,79.05500030517578,18323.0,15594,8293.0,12273.0,45969.0
2026-09-04 13:07:00-04:00,321.2789001464844,257.1600036621094,335.5,610.1201171875,79.06999969482422,321.3399963378906,257.2699890136719,335.625,610.530029296875,79.06999969482422,321.0039978027344,257.1600036621094,335.3999938964844,610.1201171875,79.02999877929688,321.0039978027344,257.1600036621094,335.3999938964844,610.3200073242188,79.05010223388672,66208.0,23954,12693.0,7000.0,25035.0
2026-09-04 13:08:00-04:00,321.360107421875,257.06500244140625,335.3800048828125,610.2330932617188,79.06500244140625,321.42999267578125,257.25,335.6000061035156,610.4879150390625,79.11000061035156,321.2799987792969,257.0199890136719,335.3800048828125,609.9949951171875,79.05999755859375,321.2799987792969,257.17999267578125,335.5400085449219,610.22509765625,79.06500244140625,58541.0,44333,18403.0,13677.0,71679.0
2026-09-04 13:09:00-04:00,321.3799133300781,257.1000061035156,335.25,610.1599731445312,79.04930114746094,321.5899963378906,257.1700134277344,335.3999938964844,610.239990234375,79.07499694824219,321.22601318359375,257.04998779296875,335.25,609.93310546875,79.04000091552734,321.3800048828125,257.06500244140625,335.3999938964844,610.155029296875,79.06500244140625,87691.0,21313,18239.0,12844.0,37585.0
2026-09-04 13:10:00-04:00,321.4197998046875,257.125,335.3699951171875,610.0650024414062,79.0250015258789,321.510009765625,257.1700134277344,335.4200134277344,610.219970703125,79.05000305175781,321.31500244140625,257.0899963378906,335.2799987792969,610.010009765625,79.0199966430664,321.3599853515625,257.1000061035156,335.3096008300781,610.1599731445312,79.04499816894531,112295.0,28123,15733.0,19761.0,35318.0
2026-09-04 13:11:00-04:00,321.3599853515625,257.1199951171875,335.260009765625,610.0,79.05010223388672,321.510009765625,257.17999267578125,335.44000244140625,610.2100219726562,79.06500244140625,321.3599853515625,257.1000061035156,335.260009765625,610.0,79.0199966430664,321.42498779296875,257.1400146484375,335.3800048828125,610.1199951171875,79.0250015258789,45279.0,26329,15686.0,5931.0,28562.0
2026-09-04 13:12:00-04:00,321.54998779296875,257.0899963378906,335.3099060058594,609.8900146484375,79.05500030517578,321.54998779296875,257.1300048828125,335.30999755859375,610.0150146484375,79.06500244140625,321.3500061035156,257.05999755859375,335.17999267578125,609.7100830078125,79.01000213623047,321.3599853515625,257.1199951171875,335.260009765625,610.0150146484375,79.05000305175781,41623.0,16830,38413.0,15312.0,30781.0
2026-09-04 13:13:00-04:00,321.4849853515625,257.1099853515625,335.3299865722656,609.969970703125,79.01000213623047,321.57049560546875,257.1099853515625,335.3299865722656,610.0443115234375,79.05500030517578,321.42999267578125,257.0199890136719,335.2372131347656,609.7650146484375,78.97000122070312,321.54998779296875,257.0899963378906,335.2950134277344,609.9400024414062,79.05500030517578,53186.0,18542,9321.0,6787.0,132868.0
2026-09-04 13:14:00-04:00,321.2091979980469,257.1300048828125,335.3245849609375,610.0,79.00499725341797,321.5,257.2099914550781,335.5,610.1799926757812,79.01499938964844,321.17498779296875,257.0950012207031,335.2799987792969,609.7999877929688,78.98999786376953,321.4849853515625,257.1272888183594,335.3299865722656,610.1425170898438,79.01499938964844,69148.0,22444,63791.0,11166.0,70539.0
2026-09-04 13:15:00-04:00,321.2998962402344,257.0249938964844,335.3399963378906,609.6649780273438,78.98999786376953,321.3699951171875,257.1300048828125,335.3399963378906,610.1400146484375,79.0250015258789,321.1900939941406,257.0150146484375,335.260009765625,609.5900268554688,78.97000122070312,321.20050048828125,257.1199951171875,335.32000732421875,610.0549926757812,79.00499725341797,26817.0,15322,10090.0,7332.0,62171.0
2026-09-04 13:16:00-04:00,321.44500732421875,257.07000732421875,335.3500061035156,609.5,79.01499938964844,321.4599914550781,257.0799865722656,335.4609069824219,609.7650146484375,79.0199966430664,321.2300109863281,256.9700012207031,335.2099914550781,609.4049072265625,78.96499633789062,321.2799987792969,257.0400085449219,335.3349914550781,609.655029296875,78.98999786376953,42632.0,35771,13778.0,17482.0,78996.0
2026-09-04 13:17:00-04:00,321.6000061035156,257.07000732421875,335.3999938964844,609.1799926757812,78.9800033569336,321.6099853515625,257.1000061035156,335.4800109863281,609.6599731445312,79.02999877929688,321.3699951171875,257.05999755859375,335.3599853515625,609.1300048828125,78.96499633789062,321.44000244140625,257.07000732421875,335.3900146484375,609.510009765625,79.01499938964844,50674.0,21776,9025.0,23416.0,65195.0
2026-09-04 13:18:00-04:00,321.6099853515625,257.1099853515625,335.4100036621094,609.0999755859375,78.95500183105469,321.6400146484375,257.1393127441406,335.5,609.4600219726562,78.98999786376953,321.56500244140625,257.0799865722656,335.3900146484375,609.0599975585938,78.93990325927734,321.6000061035156,257.0899963378906,335.4800109863281,609.3200073242188,78.97429656982422,33088.0,18597,10504.0,8012.0,72934.0
2026-09-04 13:19:00-04:00,321.5679931640625,257.0950012207031,335.375,608.9249877929688,78.93000030517578,321.6499938964844,257.12969970703125,335.44000244140625,609.0800170898438,78.95999908447266,321.4800109863281,257.03009033203125,335.3399963378906,608.8200073242188,78.91999816894531,321.6000061035156,257.1050109863281,335.4150085449219,609.0800170898438,78.95500183105469,39187.0,39293,7788.0,21463.0,56975.0
2026-09-04 13:20:00-04:00,321.8800964355469,257.1600036621094,335.5199890136719,609.125,78.9749984741211,321.8999938964844,257.1700134277344,335.54998779296875,609.1500244140625,78.9800033569336,321.5199890136719,257.07049560546875,335.3599853515625,608.880126953125,78.92500305175781,321.55999755859375,257.0950012207031,335.3699951171875,609.010009765625,78.93000030517578,114443.0,24248,25902.0,9989.0,71588.0
2026-09-04 13:21:00-04:00,321.739990234375,257.04998779296875,335.42999267578125,608.89501953125,78.94499969482422,321.8840026855469,257.15789794921875,335.5,609.1798706054688,78.9800033569336,321.6199951171875,257.0400085449219,335.3299865722656,608.719970703125,78.94000244140625,321.8800048828125,257.15789794921875,335.5,609.17431640625,78.9800033569336,62353.0,22358,15518.0,22977.0,52392.0
2026-09-04 13:22:00-04:00,321.8450012207031,257.0899963378906,335.4599914550781,609.2369995117188,78.93499755859375,321.8599853515625,257.1099853515625,335.4700012207031,609.3599853515625,78.94979858398438,321.67999267578125,257.04998779296875,335.4106140136719,608.880126953125,78.91999816894531,321.7200012207031,257.0516052246094,335.4200134277344,608.89501953125,78.94499969482422,72846.0,18587,12065.0,17107.0,56651.0
2026-09-04 13:23:00-04:00,321.8949890136719,256.9200134277344,335.3299865722656,609.2999877929688,78.91999816894531,321.8999938964844,257.05999755859375,335.42999267578125,609.47998046875,78.94000244140625,321.7799987792969,256.9100036621094,335.3299865722656,609.1599731445312,78.91500091552734,321.8399963378906,257.05999755859375,335.42999267578125,609.2750244140625,78.93499755859375,52195.0,23467,15274.0,18126.0,70305.0
2026-09-04 13:24:00-04:00,321.7699890136719,257.0199890136719,335.2677917480469,609.0999755859375,78.88999938964844,321.8999938964844,257.0199890136719,335.3399963378906,609.2150268554688,78.91560363769531,321.760009765625,256.94000244140625,335.25,609.056396484375,78.8499984741211,321.8902893066406,256.95001220703125,335.30999755859375,609.10009765625,78.91500091552734,36432.0,29202,7731.0,7774.0,144026.0
2026-09-04 13:25:00-04:00,321.6499938964844,257.1449890136719,335.3399963378906,609.1900024414062,78.91500091552734,321.7900085449219,257.1588134765625,335.3800048828125,609.2670288085938,78.91929626464844,321.54998779296875,256.989990234375,335.25,609.0499877929688,78.8499984741211,321.7900085449219,257.0299987792969,335.2900085449219,609.1500244140625,78.8949966430664,77287.0,37221,13309.0,9994.0,93408.0
2026-09-04 13:26:00-04:00,321.6700134277344,257.0050048828125,335.3399963378906,609.5399780273438,78.97000122070312,321.68499755859375,257.1451110839844,335.3900146484375,609.5999755859375,78.9800033569336,321.58099365234375,257.0050048828125,335.2799987792969,609.2050170898438,78.91500091552734,321.6400146484375,257.1449890136719,335.3349914550781,609.219970703125,78.91500091552734,36905.0,21524,9614.0,12063.0,55735.0
2026-09-04 13:27:00-04:00,321.7200012207031,257.0199890136719,335.3735046386719,609.9249877929688,78.99500274658203,321.7900085449219,257.0299987792969,335.3735046386719,609.9301147460938,78.9999008178711,321.614990234375,256.92999267578125,335.2699890136719,609.3300170898438,78.93000030517578,321.6600036621094,257.0,335.32000732421875,609.5349731445312,78.96499633789062,30111.0,29999,21359.0,13856.0,48509.0
2026-09-04 13:28:00-04:00,321.739990234375,256.9200134277344,335.33990478515625,609.7849731445312,79.03500366210938,321.80999755859375,257.0400085449219,335.44000244140625,610.0,79.04000091552734,321.67999267578125,256.9200134277344,335.29998779296875,609.6799926757812,78.99500274658203,321.7300109863281,257.0299987792969,335.3800048828125,609.93798828125,78.99500274658203,35232.0,27865,10598.0,10588.0,42556.0
2026-09-04 13:29:00-04:00,321.68499755859375,256.8800048828125,335.4200134277344,609.5,78.9800033569336,321.7598876953125,256.906005859375,335.4200134277344,609.8093872070312,79.03500366210938,321.55999755859375,256.82000732421875,335.25,609.2100830078125,78.9800033569336,321.739990234375,256.8599853515625,335.30999755859375,609.739990234375,79.03500366210938,31700.0,23602,9894.0,14871.0,46595.0
2026-09-04 13:30:00-04:00,321.4490051269531,256.885009765625,335.25,609.1799926757812,78.94000244140625,321.67999267578125,256.8987121582031,335.3999938964844,609.5264282226562,79.01000213623047,321.3500061035156,256.82000732421875,335.2300109863281,609.1699829101562,78.93000030517578,321.67999267578125,256.8399963378906,335.3599853515625,609.5,78.98999786376953,64660.0,54314,22225.0,11181.0,47721.0
2026-09-04 13:31:00-04:00,321.3500061035156,256.94000244140625,335.2699890136719,609.5750122070312,78.95500183105469,321.4599914550781,257.0150146484375,335.3299865722656,609.7899780273438,78.9749984741211,321.3399963378906,256.8999938964844,335.17999267578125,609.1199951171875,78.91000366210938,321.44500732421875,256.909912109375,335.25,609.1799926757812,78.94049835205078,41799.0,22754,16866.0,5372.0,61666.0
2026-09-04 13:32:00-04:00,321.34100341796875,256.8550109863281,335.1899108886719,609.22998046875,78.95999908447266,321.4049987792969,256.9299011230469,335.30999755859375,609.5750122070312,78.97000122070312,321.2900085449219,256.85009765625,335.1400146484375,609.2000122070312,78.93499755859375,321.3500061035156,256.9150085449219,335.29998779296875,609.5750122070312,78.94999694824219,39566.0,12513,11100.0,17303.0,29303.0
2026-09-04 13:33:00-04:00,321.2088928222656,256.82000732421875,335.2799987792969,609.0599975585938,78.92500305175781,321.42999267578125,256.9200134277344,335.30999755859375,609.369873046875,78.9800033569336,321.1900939941406,256.80999755859375,335.1199951171875,609.0399780273438,78.91999816894531,321.3450012207031,256.8900146484375,335.1687927246094,609.2999267578125,78.97000122070312,38146.0,33934,13252.0,16365.0,25648.0
2026-09-04 13:34:00-04:00,321.1499938964844,256.81500244140625,335.239990234375,608.8099975585938,78.94499969482422,321.20001220703125,256.8299865722656,335.28021240234375,609.0800170898438,78.94999694824219,321.05499267578125,256.7200012207031,335.1549987792969,608.780029296875,78.91000366210938,321.19000244140625,256.82000732421875,335.25,609.0399780273438,78.92310333251953,40106.0,34328,13954.0,7826.0,20843.0
2026-09-04 13:35:00-04:00,321.2699890136719,256.79998779296875,335.1499938964844,609.094970703125,78.93820190429688,321.2799987792969,256.82000732421875,335.2843933105469,609.1962280273438,78.95999908447266,321.0199890136719,256.68499755859375,335.0199890136719,608.7899780273438,78.92500305175781,321.1700134277344,256.81500244140625,335.2699890136719,608.8400268554688,78.94499969482422,43484.0,29955,13175.0,9946.0,33199.0
2026-09-04 13:36:00-04:00,321.1700134277344,256.7850036621094,334.9700012207031,609.0999755859375,78.875,321.2699890136719,256.8500061035156,335.13079833984375,609.2498779296875,78.93499755859375,321.1499938964844,256.7699890136719,334.9700012207031,608.97998046875,78.875,321.2300109863281,256.7799987792969,335.1099853515625,609.0001220703125,78.93000030517578,29829.0,19123,17977.0,12137.0,40498.0
2026-09-04 13:37:00-04:00,321.1000061035156,256.739990234375,334.989990234375,609.0001220703125,78.86000061035156,321.2200012207031,256.82000732421875,335.07000732421875,609.1599731445312,78.88030242919922,321.1000061035156,256.739990234375,334.94000244140625,608.9500122070312,78.841796875,321.1698913574219,256.760009765625,334.95001220703125,609.0499877929688,78.87000274658203,22425.0,24273,14248.0,10804.0,55308.0
2026-09-04 13:38:00-04:00,320.92498779296875,256.8924865722656,335.1199951171875,609.2050170898438,78.86499786376953,321.1600036621094,256.8924865722656,335.1199951171875,609.260009765625,78.9000015258789,320.8999938964844,256.75,335.0,609.0449829101562,78.86000061035156,321.0950012207031,256.75,335.0,609.0921020507812,78.86499786376953,42732.0,20810,17572.0,7169.0,43048.0
2026-09-04 13:39:00-04:00,320.989990234375,256.8900146484375,335.1000061035156,609.3250122070312,78.94499969482422,321.0098876953125,256.9200134277344,335.1400146484375,609.3400268554688,78.95999908447266,320.8800048828125,256.8450012207031,335.07000732421875,609.125,78.86000061035156,320.92498779296875,256.8999938964844,335.1400146484375,609.219970703125,78.86250305175781,34102.0,18507,6801.0,9495.0,54621.0
2026-09-04 13:40:00-04:00,320.95001220703125,256.8299865722656,334.9599914550781,609.2150268554688,78.94499969482422,320.989990234375,256.8800048828125,335.1300048828125,609.469970703125,78.94499969482422,320.8299865722656,256.7550048828125,334.8901062011719,608.9605712890625,78.91000366210938,320.989990234375,256.8800048828125,335.1000061035156,609.3200073242188,78.94499969482422,29187.0,19056,9422.0,15695.0,44246.0
2026-09-04 13:41:00-04:00,320.8349914550781,256.7799987792969,334.8900146484375,609.1300048828125,78.94999694824219,320.9573974609375,256.8399963378906,334.989990234375,609.3673706054688,78.97000122070312,320.7799987792969,256.7699890136719,334.8699951171875,609.0800170898438,78.94000244140625,320.95001220703125,256.82000732421875,334.9700012207031,609.3673706054688,78.94999694824219,46305.0,15175,7466.0,5424.0,40081.0
2026-09-04 13:42:00-04:00,320.8399963378906,256.7650146484375,334.94500732421875,609.5449829101562,78.98500061035156,320.8699951171875,256.8500061035156,335.0,609.6998901367188,79.00499725341797,320.739990234375,256.760009765625,334.8900146484375,609.1500244140625,78.94999694824219,320.8500061035156,256.7900085449219,334.9100036621094,609.1500244140625,78.95500183105469,26610.0,12761,12153.0,22556.0,55904.0
2026-09-04 13:43:00-04:00,320.90460205078125,256.8935852050781,335.07000732421875,609.6500244140625,78.99500274658203,320.9150085449219,256.8999938964844,335.1400146484375,609.9600219726562,79.01000213623047,320.82501220703125,256.7601013183594,334.94000244140625,609.5850219726562,78.98999786376953,320.8399963378906,256.7699890136719,334.95001220703125,609.5850219726562,78.98999786376953,22775.0,21704,11934.0,35316.0,19146.0
2026-09-04 13:44:00-04:00,320.9649963378906,256.8699951171875,335.0400085449219,609.4099731445312,78.97000122070312,321.04998779296875,256.9299011230469,335.1099853515625,609.7999877929688,78.98999786376953,320.875,256.85009765625,335.0199890136719,609.4099731445312,78.96369934082031,320.9049987792969,256.8699951171875,335.04998779296875,609.6500244140625,78.98999786376953,41207.0,32921,13540.0,10334.0,32918.0
2026-09-04 13:45:00-04:00,321.0899963378906,256.8349914550781,335.0150146484375,609.469970703125,79.05989837646484,321.1199951171875,256.8900146484375,335.05999755859375,609.6099853515625,79.05989837646484,320.92999267578125,256.760009765625,334.92010498046875,609.2501220703125,78.9800033569336,320.9599914550781,256.8800048828125,335.01611328125,609.5549926757812,78.9800033569336,34970.0,48351,10641.0,13792.0,49056.0
2026-09-04 13:46:00-04:00,321.2300109863281,256.82000732421875,334.95001220703125,609.7100219726562,78.99009704589844,321.25201416015625,256.8900146484375,335.0516052246094,609.9600219726562,79.0593032836914,321.1099853515625,256.80999755859375,334.95001220703125,609.4459838867188,78.99009704589844,321.11199951171875,256.8500061035156,335.0050048828125,609.4459838867188,79.05500030517578,50294.0,27584,15895.0,23243.0,39906.0
2026-09-04 13:47:00-04:00,321.125,256.92999267578125,335.0199890136719,609.780029296875,78.98500061035156,321.44000244140625,256.95001220703125,335.1000061035156,609.9998779296875,79.0,321.1199951171875,256.79998779296875,334.95001220703125,609.530029296875,78.97000122070312,321.23028564453125,256.80999755859375,334.95001220703125,609.7899780273438,78.9999008178711,71672.0,15252,12487.0,9019.0,30196.0
2026-09-04 13:48:00-04:00,321.0899963378906,257.010009765625,335.1099853515625,609.7050170898438,78.97989654541016,321.2699890136719,257.04998779296875,335.1805114746094,610.0,78.98999786376953,321.03070068359375,256.92999267578125,335.010009765625,609.6500244140625,78.97000122070312,321.1700134277344,256.92999267578125,335.0249938964844,609.77001953125,78.98500061035156,62038.0,24431,24007.0,14975.0,18871.0
2026-09-04 13:49:00-04:00,321.07000732421875,257.0400085449219,335.1600036621094,609.8800048828125,78.98999786376953,321.1700134277344,257.1099853515625,335.239990234375,609.89990234375,78.99500274658203,321.04010009765625,256.9700927734375,335.04998779296875,609.5999755859375,78.97000122070312,321.0899963378906,257.010009765625,335.0899963378906,609.77001953125,78.9800033569336,23279.0,26802,10610.0,5708.0,26369.0
2026-09-04 13:50:00-04:00,321.07000732421875,257.0799865722656,335.1600036621094,609.7999877929688,78.9999008178711,321.1600036621094,257.1000061035156,335.19000244140625,609.9600219726562,79.0199966430664,321.0450134277344,257.0400085449219,335.0799865722656,609.6500854492188,78.9800033569336,321.05999755859375,257.04998779296875,335.1700134277344,609.8900146484375,78.99500274658203,29317.0,17301,10010.0,9464.0,34468.0
2026-09-04 13:51:00-04:00,320.9800109863281,257.04998779296875,335.1099853515625,609.280029296875,78.97000122070312,321.0799865722656,257.0799865722656,335.1700134277344,609.7349853515625,78.99620056152344,320.9100036621094,256.9750061035156,335.010009765625,609.0855712890625,78.94999694824219,321.06500244140625,257.05499267578125,335.1300048828125,609.7349853515625,78.99500274658203,24165.0,19061,11821.0,11560.0,27077.0
2026-09-04 13:52:00-04:00,321.0450134277344,257.114990234375,335.2090148925781,609.388916015625,78.9749984741211,321.1099853515625,257.1300048828125,335.25,609.52001953125,79.0,320.9700012207031,257.04998779296875,335.1000061035156,609.344970703125,78.97000122070312,320.9800109863281,257.04998779296875,335.1000061035156,609.4099731445312,78.9749984741211,22791.0,22152,19513.0,8290.0,21453.0
2026-09-04 13:53:00-04:00,321.0350036621094,257.20001220703125,335.1300048828125,609.5650024414062,78.96009826660156,321.0799865722656,257.24951171875,335.2099914550781,609.6199951171875,78.98500061035156,320.989990234375,257.1099853515625,335.07000732421875,609.4000244140625,78.95999908447266,321.04998779296875,257.1099853515625,335.2099914550781,609.52001953125,78.9800033569336,21797.0,47299,14747.0,8306.0,21665.0
2026-09-04 13:54:00-04:00,320.9649963378906,257.1700134277344,335.135009765625,609.3400268554688,78.97000122070312,321.0599060058594,257.22149658203125,335.17999267578125,609.6199951171875,78.98999786376953,320.93011474609375,257.1199951171875,335.1000061035156,609.3400268554688,78.95999908447266,321.0400085449219,257.2200012207031,335.1300048828125,609.6199951171875,78.96499633789062,26656.0,23242,12996.0,8054.0,30700.0
2026-09-04 13:55:00-04:00,321.0299987792969,257.1300048828125,335.1499938964844,609.1699829101562,78.93499755859375,321.04998779296875,257.1700134277344,335.1700134277344,609.3400268554688,78.9749984741211,320.9100036621094,257.0801086425781,335.0199890136719,609.0499877929688,78.9301986694336,320.9649963378906,257.1549987792969,335.1700134277344,609.3400268554688,78.97000122070312,27375.0,16224,20958.0,7223.0,18545.0
2026-09-04 13:56:00-04:00,320.97821044921875,257.0899963378906,335.07000732421875,608.9304809570312,78.91500091552734,321.0400085449219,257.19000244140625,335.1221008300781,609.2999877929688,78.93990325927734,320.97821044921875,257.0899963378906,335.0400085449219,608.9000244140625,78.91500091552734,321.03009033203125,257.1400146484375,335.1199951171875,609.1950073242188,78.93499755859375,14915.0,13462,13061.0,11473.0,18487.0
2026-09-04 13:57:00-04:00,320.95001220703125,257.0799865722656,335.07000732421875,608.635498046875,78.90499877929688,320.989990234375,257.1199951171875,335.1000061035156,608.95947265625,78.92500305175781,320.8800048828125,257.0456848144531,335.0299987792969,608.6300048828125,78.90499877929688,320.9849853515625,257.0899963378906,335.0799865722656,608.9249877929688,78.91999816894531,23069.0,21400,8282.0,20552.0,29527.0
2026-09-04 13:58:00-04:00,321.0400085449219,257.19500732421875,335.2300109863281,609.0,78.92500305175781,321.1000061035156,257.239990234375,335.25,609.0399780273438,78.92990112304688,320.94000244140625,257.0700988769531,335.0596008300781,608.5999755859375,78.9000015258789,320.9525146484375,257.1000061035156,335.07000732421875,608.6849975585938,78.90989685058594,35143.0,30433,15419.0,11903.0,26699.0
2026-09-04 13:59:00-04:00,321.0150146484375,257.1499938964844,335.2449951171875,609.0,78.91500091552734,321.05999755859375,257.2200012207031,335.29998779296875,609.0383911132812,78.93000030517578,320.9501037597656,257.1400146484375,335.2200012207031,608.8800048828125,78.91000366210938,321.0249938964844,257.19000244140625,335.25,609.0383911132812,78.92500305175781,25445.0,15403,8576.0,22961.0,36923.0
2026-09-04 14:00:00-04:00,321.1698913574219,257.2699890136719,335.2749938964844,609.3150024414062,78.97000122070312,321.1700134277344,257.32000732421875,335.29998779296875,609.3150024414062,78.97000122070312,320.9800109863281,257.1499938964844,335.2200012207031,608.9700927734375,78.90499877929688,321.0199890136719,257.1499938964844,335.239990234375,608.97998046875,78.91010284423828,26950.0,38134,7527.0,4872.0,41168.0
2026-09-04 14:01:00-04:00,321.0199890136719,257.1451110839844,335.2341003417969,609.2550048828125,78.93000030517578,321.1650085449219,257.2981872558594,335.2900085449219,609.4199829101562,78.99009704589844,320.92999267578125,257.1099853515625,335.1400146484375,608.8499755859375,78.93000030517578,321.1650085449219,257.2699890136719,335.2850036621094,609.4199829101562,78.9749984741211,48629.0,16630,8852.0,23294.0,24636.0
2026-09-04 14:02:00-04:00,321.07501220703125,257.25,335.2200012207031,609.0582885742188,78.95800018310547,321.125,257.25,335.3500061035156,609.2999877929688,78.95999908447266,321.0,257.1300048828125,335.19000244140625,608.6849975585938,78.91999816894531,321.0299987792969,257.1449890136719,335.239990234375,609.2999877929688,78.93000030517578,28681.0,20594,12245.0,13850.0,32445.0
2026-09-04 14:03:00-04:00,321.1700134277344,257.2300109863281,335.20001220703125,608.9550170898438,78.96499633789062,321.1700134277344,257.4305114746094,335.29998779296875,609.2000122070312,78.99500274658203,321.010009765625,257.2300109863281,335.17999267578125,608.9550170898438,78.95500183105469,321.0799865722656,257.2449951171875,335.2300109863281,609.0700073242188,78.95929718017578,22596.0,44894,12720.0,6991.0,19673.0
2026-09-04 14:04:00-04:00,321.1549987792969,257.2950134277344,335.1700134277344,608.8099975585938,78.98500061035156,321.17999267578125,257.29998779296875,335.1919860839844,608.9550170898438,78.98999786376953,321.05499267578125,257.19000244140625,335.1300048828125,608.7501220703125,78.95500183105469,321.17498779296875,257.2300109863281,335.1763916015625,608.8800048828125,78.96499633789062,28141.0,24177,9040.0,9887.0,36194.0
2026-09-04 14:05:00-04:00,321.0775146484375,257.2900085449219,335.1300048828125,608.8099975585938,78.98999786376953,321.1600036621094,257.30999755859375,335.17999267578125,608.9199829101562,78.99500274658203,321.04998779296875,257.2200012207031,335.07000732421875,608.7100219726562,78.97000122070312,321.1600036621094,257.30999755859375,335.1700134277344,608.9099731445312,78.98500061035156,34898.0,25415,11550.0,9182.0,27334.0
2026-09-04 14:06:00-04:00,321.1000061035156,257.25,335.0,608.4849853515625,79.03500366210938,321.1600036621094,257.29998779296875,335.1199951171875,608.969970703125,79.04000091552734,321.0199890136719,257.19500732421875,334.8999938964844,608.3200073242188,78.97000122070312,321.07501220703125,257.28619384765625,335.1000061035156,608.85498046875,78.99500274658203,29229.0,21763,36062.0,18805.0,67413.0
2026-09-04 14:07:00-04:00,321.1400146484375,257.2200012207031,334.9700012207031,608.3399047851562,78.99500274658203,321.1600036621094,257.2900085449219,335.0400085449219,608.510009765625,79.03500366210938,321.0899963378906,257.1499938964844,334.95001220703125,608.1599731445312,78.98370361328125,321.1072082519531,257.2799987792969,335.0,608.510009765625,79.03500366210938,17943.0,38130,10958.0,11810.0,26990.0
2026-09-04 14:08:00-04:00,321.18499755859375,257.3398132324219,334.94000244140625,608.219970703125,78.97720336914062,321.20001220703125,257.3398132324219,335.00189208984375,608.489990234375,79.01000213623047,321.0820007324219,257.2250061035156,334.8900146484375,608.1199951171875,78.9749984741211,321.135009765625,257.2250061035156,334.9700012207031,608.280029296875,79.0,39253.0,26494,15657.0,16203.0,24244.0
2026-09-04 14:09:00-04:00,321.1423034667969,257.3599853515625,334.7799987792969,608.1400146484375,78.9800033569336,321.2250061035156,257.3599853515625,334.94500732421875,608.5499267578125,78.98999786376953,321.1300048828125,257.19000244140625,334.7349853515625,608.1400146484375,78.95500183105469,321.19000244140625,257.32501220703125,334.94500732421875,608.219970703125,78.9749984741211,30877.0,37517,26122.0,13141.0,21298.0
2026-09-04 14:10:00-04:00,321.2200927734375,257.42999267578125,334.82000732421875,608.8800048828125,79.0250015258789,321.239990234375,257.4849853515625,334.84991455078125,609.0704956054688,79.04000091552734,321.1400146484375,257.3299865722656,334.71978759765625,608.1024169921875,78.9800033569336,321.14990234375,257.340087890625,334.75,608.1500244140625,78.9800033569336,20225.0,40495,12549.0,16494.0,28183.0
2026-09-04 14:11:00-04:00,321.2149963378906,257.30999755859375,334.625,608.669921875,79.01000213623047,321.2398986816406,257.4446105957031,334.79998779296875,608.9149780273438,79.0250015258789,321.1600036621094,257.260009765625,334.5899963378906,608.6099853515625,78.98999786376953,321.2200012207031,257.4446105957031,334.7900085449219,608.8510131835938,79.0250015258789,42497.0,47746,16847.0,16366.0,28824.0
2026-09-04 14:12:00-04:00,321.25,257.3399963378906,334.5899963378906,608.7999877929688,79.03500366210938,321.2799987792969,257.3999938964844,334.7099914550781,608.7999877929688,79.03500366210938,321.1600036621094,257.30999755859375,334.5899963378906,608.492919921875,78.99500274658203,321.2099914550781,257.30999755859375,334.6300048828125,608.7000122070312,79.0,30785.0,27363,15409.0,9093.0,32505.0
2026-09-04 14:13:00-04:00,321.260009765625,257.45001220703125,334.6099853515625,609.0900268554688,79.09500122070312,321.2650146484375,257.4800109863281,334.7300109863281,609.1621704101562,79.0999984741211,321.2099914550781,257.3299865722656,334.5660095214844,608.75,79.03500366210938,321.239990234375,257.3399963378906,334.6099853515625,608.7849731445312,79.03500366210938,25291.0,31778,12466.0,16420.0,48096.0
2026-09-04 14:14:00-04:00,321.2699890136719,257.4100036621094,334.5299987792969,608.9949951171875,79.12000274658203,321.30999755859375,257.45001220703125,334.6300048828125,609.3300170898438,79.12999725341797,321.2200012207031,257.3901062011719,334.45001220703125,608.8099975585938,79.09249877929688,321.25,257.42999267578125,334.6099853515625,609.0900268554688,79.09500122070312,26008.0,27273,19342.0,11246.0,34557.0
2026-09-04 14:15:00-04:00,321.10009765625,257.31500244140625,334.5950012207031,609.1300048828125,79.11499786376953,321.30999755859375,257.4999084472656,334.6499938964844,609.2899169921875,79.16000366210938,321.0799865722656,257.30999755859375,334.5400085449219,608.9650268554688,79.1072998046875,321.2699890136719,257.4200134277344,334.54998779296875,609.0750122070312,79.11000061035156,41826.0,77837,20197.0,11116.0,59179.0
2026-09-04 14:16:00-04:00,321.0,257.4092102050781,334.7699890136719,609.6400146484375,79.06009674072266,321.1560974121094,257.42999267578125,334.7699890136719,609.75,79.12999725341797,321.0,257.2749938964844,334.57000732421875,609.1300048828125,79.06009674072266,321.1099853515625,257.32000732421875,334.5950012207031,609.1300048828125,79.11799621582031,26381.0,43097,12085.0,12695.0,22852.0
2026-09-04 14:17:00-04:00,321.0299987792969,257.44500732421875,334.7799987792969,610.1799926757812,79.08999633789062,321.1300048828125,257.489990234375,334.8399963378906,610.2000122070312,79.08999633789062,320.9599914550781,257.41009521484375,334.75,609.35009765625,79.06999969482422,321.0199890136719,257.41009521484375,334.7900085449219,609.6900024414062,79.06999969482422,26603.0,17241,14668.0,85455.0,32277.0
2026-09-04 14:18:00-04:00,320.9789123535156,257.3399963378906,334.7950134277344,611.0,79.125,321.05999755859375,257.4200134277344,334.94000244140625,611.4000244140625,79.16500091552734,320.9100036621094,257.3299865722656,334.75,609.9882202148438,79.07499694824219,321.0350036621094,257.4200134277344,334.7699890136719,610.0999755859375,79.07499694824219,27555.0,29736,9583.0,47092.0,74856.0
2026-09-04 14:19:00-04:00,320.9700012207031,257.2900085449219,334.84991455078125,610.8200073242188,79.1500015258789,321.0199890136719,257.3924865722656,334.968994140625,611.1300048828125,79.15499877929688,320.94000244140625,257.2850036621094,334.7799987792969,610.8200073242188,79.12000274658203,320.9599914550781,257.3399963378906,334.79998779296875,610.9600219726562,79.125,23812.0,48555,12518.0,11334.0,28141.0
2026-09-04 14:20:00-04:00,321.0299987792969,257.3507995605469,335.1099853515625,612.218017578125,79.16500091552734,321.0299987792969,257.3800048828125,335.1300048828125,612.4400024414062,79.17500305175781,320.8800048828125,257.19000244140625,334.79998779296875,610.9000244140625,79.11000061035156,320.9599914550781,257.31500244140625,334.8399963378906,610.9000244140625,79.16000366210938,34025.0,101538,16600.0,49187.0,63616.0
2026-09-04 14:21:00-04:00,321.0450134277344,257.30999755859375,335.1199951171875,612.52001953125,79.125,321.07000732421875,257.3399963378906,335.1700134277344,612.5850219726562,79.16000366210938,321.0,257.25,335.0199890136719,611.6099853515625,79.12000274658203,321.0201110839844,257.3399963378906,335.1099853515625,612.1400146484375,79.16000366210938,18933.0,44905,9424.0,43478.0,20157.0
2026-09-04 14:22:00-04:00,321.17498779296875,257.3500061035156,335.17498779296875,612.4299926757812,79.11710357666016,321.2300109863281,257.3550109863281,335.20001220703125,612.6300048828125,79.125,321.0150146484375,257.2349853515625,335.1099853515625,611.9600830078125,79.0999984741211,321.0400085449219,257.2799987792969,335.1099853515625,612.530029296875,79.12000274658203,37031.0,51682,17718.0,27800.0,40916.0
2026-09-04 14:23:00-04:00,321.19000244140625,257.2900085449219,335.18609619140625,612.0850219726562,79.10369873046875,321.25,257.3699951171875,335.25,612.530029296875,79.125,321.1600036621094,257.260009765625,335.1400146484375,612.0399780273438,79.08000183105469,321.17498779296875,257.3699951171875,335.1875,612.4299926757812,79.11499786376953,47105.0,25246,15157.0,20034.0,40467.0
2026-09-04 14:24:00-04:00,321.2049865722656,257.2449951171875,335.17498779296875,611.9299926757812,79.08499908447266,321.260009765625,257.30999755859375,335.20001220703125,612.219970703125,79.10990142822266,321.17999267578125,257.1400146484375,335.135009765625,611.8400268554688,79.07499694824219,321.19500732421875,257.2900085449219,335.1499938964844,612.0599975585938,79.10540008544922,24706.0,51121,7099.0,20921.0,29856.0
2026-09-04 14:25:00-04:00,321.19500732421875,257.4100036621094,335.2049865722656,612.0390014648438,79.13500213623047,321.29998779296875,257.44000244140625,335.239990234375,612.4697875976562,79.13500213623047,321.17498779296875,257.260009765625,335.1600036621094,611.853515625,79.06999969482422,321.20001220703125,257.260009765625,335.1969909667969,611.8800048828125,79.08499908447266,29758.0,20560,20377.0,20145.0,43374.0
2026-09-04 14:26:00-04:00,321.1299133300781,257.3999938964844,335.1400146484375,611.6199951171875,79.13500213623047,321.2200012207031,257.4200134277344,335.239990234375,612.1740112304688,79.1500015258789,321.0799865722656,257.3800048828125,335.1000061035156,611.5599975585938,79.125,321.2001037597656,257.4200134277344,335.2149963378906,612.0,79.13179779052734,27483.0,35993,18124.0,29762.0,43448.0
2026-09-04 14:27:00-04:00,321.0199890136719,257.4198913574219,335.15008544921875,611.2720947265625,79.125,321.1300048828125,257.42999267578125,335.2099914550781,611.719970703125,79.1449966430664,320.9700012207031,257.3599853515625,335.04998779296875,611.206787109375,79.12000274658203,321.125,257.4100036621094,335.1600036621094,611.7100219726562,79.13500213623047,37083.0,20872,9066.0,16600.0,27971.0
2026-09-04 14:28:00-04:00,320.9700012207031,257.3070068359375,335.1700134277344,611.1199951171875,79.0250015258789,321.04998779296875,257.4200134277344,335.19000244140625,611.7999877929688,79.12999725341797,320.9700012207031,257.260009765625,335.1000061035156,611.0,78.9800033569336,321.0199890136719,257.4200134277344,335.1499938964844,611.2999877929688,79.12999725341797,21558.0,57414,11326.0,31575.0,143484.0
2026-09-04 14:29:00-04:00,320.8800048828125,257.32501220703125,335.1000061035156,610.864990234375,79.00499725341797,320.9700012207031,257.3800048828125,335.19000244140625,611.25,79.03919982910156,320.8699951171875,257.07000732421875,335.06500244140625,610.8292846679688,79.0,320.9599914550781,257.2900085449219,335.1700134277344,611.2100219726562,79.0250015258789,25883.0,84733,9725.0,15274.0,46086.0
2026-09-04 14:30:00-04:00,320.989990234375,257.44500732421875,335.2099914550781,611.0599975585938,79.01000213623047,321.0299987792969,257.4599914550781,335.2799072265625,611.260009765625,79.04000091552734,320.8599853515625,257.3399963378906,335.05999755859375,610.8599853515625,79.0,320.8800048828125,257.3399963378906,335.1099853515625,610.8599853515625,79.00499725341797,24240.0,19872,10994.0,20299.0,46431.0
2026-09-04 14:31:00-04:00,321.05010986328125,257.364990234375,335.06500244140625,610.9500122070312,79.08000183105469,321.07000732421875,257.4599914550781,335.239990234375,611.1099853515625,79.08499908447266,320.9849853515625,257.364990234375,335.04998779296875,610.8800048828125,79.0,321.0,257.44500732421875,335.2099914550781,610.9949951171875,79.00499725341797,24020.0,22393,12910.0,11587.0,59656.0
2026-09-04 14:32:00-04:00,321.0849914550781,257.32000732421875,335.0849914550781,610.8784790039062,79.07379913330078,321.0950012207031,257.3599853515625,335.1300048828125,611.0399780273438,79.08000183105469,320.9800109863281,257.30999755859375,335.06500244140625,610.7999877929688,79.05500030517578,321.05999755859375,257.3500061035156,335.06500244140625,610.9600219726562,79.07009887695312,28496.0,17787,9890.0,9418.0,27069.0
2026-09-04 14:33:00-04:00,321.1499938964844,257.3550109863281,335.1499938964844,610.7650146484375,79.07499694824219,321.20001220703125,257.3699951171875,335.19000244140625,611.0800170898438,79.11000061035156,321.0899963378906,257.31500244140625,335.04998779296875,610.614990234375,79.06999969482422,321.0899963378906,257.3299865722656,335.1199951171875,610.9000244140625,79.08000183105469,48042.0,18337,12528.0,16453.0,41197.0
2026-09-04 14:34:00-04:00,321.06500244140625,257.32000732421875,335.1449890136719,610.2835083007812,79.08000183105469,321.1773986816406,257.3599853515625,335.1700134277344,610.7249755859375,79.0999984741211,320.9700012207031,257.30999755859375,335.1000061035156,610.2401123046875,79.06500244140625,321.1499938964844,257.3550109863281,335.1600036621094,610.6500854492188,79.08000183105469,37657.0,32058,5995.0,8046.0,27691.0
2026-09-04 14:35:00-04:00,321.0299987792969,257.45001220703125,335.1199951171875,610.5549926757812,79.05999755859375,321.0849914550781,257.4549865722656,335.2200012207031,610.5599975585938,79.07499694824219,321.0,257.3299865722656,335.1000061035156,610.2100830078125,79.05500030517578,321.05999755859375,257.3349914550781,335.1499938964844,610.3151245117188,79.07499694824219,24293.0,33460,16545.0,7588.0,31308.0
2026-09-04 14:36:00-04:00,321.05999755859375,257.510009765625,335.0574951171875,610.0405883789062,79.06009674072266,321.0799865722656,257.55889892578125,335.1000061035156,610.5250244140625,79.06999969482422,321.0,257.44000244140625,335.010009765625,610.0401000976562,79.05000305175781,321.0199890136719,257.44000244140625,335.0899963378906,610.52001953125,79.06999969482422,16869.0,52933,18805.0,11092.0,31772.0
2026-09-04 14:37:00-04:00,321.1000061035156,257.66900634765625,335.1700134277344,610.6199951171875,79.05390167236328,321.1000061035156,257.67498779296875,335.20001220703125,610.6900024414062,79.06729888916016,320.9800109863281,257.4800109863281,335.0350036621094,610.0750122070312,79.05390167236328,321.05999755859375,257.5,335.05499267578125,610.0750122070312,79.06500244140625,27346.0,67051,13978.0,9591.0,27350.0
2026-09-04 14:38:00-04:00,321.114990234375,257.614990234375,335.239990234375,610.5999755859375,78.99500274658203,321.1499938964844,257.697998046875,335.243408203125,610.8699951171875,79.05999755859375,321.03009033203125,257.614990234375,335.1499938964844,610.5399780273438,78.9800033569336,321.1000061035156,257.6700134277344,335.1700134277344,610.7050170898438,79.05000305175781,20278.0,33218,9188.0,14767.0,72249.0
2026-09-04 14:39:00-04:00,321.2250061035156,257.6698913574219,335.3999938964844,610.989990234375,78.97000122070312,321.2300109863281,257.6700134277344,335.3999938964844,610.99951171875,79.0,321.04998779296875,257.5899963378906,335.1474914550781,610.469970703125,78.97000122070312,321.1199951171875,257.6242980957031,335.239990234375,610.5449829101562,78.99500274658203,26755.0,29157,32208.0,9845.0,27111.0
2026-09-04 14:40:00-04:00,321.28509521484375,257.635009765625,335.3800048828125,611.1799926757812,78.9749984741211,321.29998779296875,257.69000244140625,335.44000244140625,611.2698974609375,78.98999786376953,321.19000244140625,257.6099853515625,335.32000732421875,610.9299926757812,78.96499633789062,321.2250061035156,257.6499938964844,335.3900146484375,611.010009765625,78.96499633789062,47444.0,36581,15441.0,27085.0,24770.0
2026-09-04 14:41:00-04:00,321.2049865722656,257.6300048828125,335.44000244140625,611.0900268554688,78.9800033569336,321.3299865722656,257.6700134277344,335.44000244140625,611.2899780273438,78.9801025390625,321.0799865722656,257.5199890136719,335.25,610.9400024414062,78.93000030517578,321.2799987792969,257.6499938964844,335.3800048828125,611.2100219726562,78.97000122070312,41965.0,42200,10581.0,15727.0,60725.0
2026-09-04 14:42:00-04:00,321.30999755859375,257.5799865722656,335.55999755859375,611.3699951171875,79.03500366210938,321.3299865722656,257.6499938964844,335.5799865722656,611.489990234375,79.04000091552734,321.2099914550781,257.5799865722656,335.43499755859375,611.0200805664062,78.9749984741211,321.2099914550781,257.6400146484375,335.43499755859375,611.0639038085938,78.9749984741211,32573.0,82861,12430.0,16602.0,20912.0
2026-09-04 14:43:00-04:00,321.30999755859375,257.6300048828125,335.6449890136719,611.72998046875,79.06999969482422,321.3399963378906,257.6449890136719,335.6499938964844,611.72998046875,79.06999969482422,321.260009765625,257.55999755859375,335.44000244140625,611.239990234375,79.03019714355469,321.3100891113281,257.5849914550781,335.55999755859375,611.3699951171875,79.03500366210938,17433.0,23635,11349.0,10705.0,31771.0
2026-09-04 14:44:00-04:00,321.3500061035156,257.6099853515625,335.57000732421875,611.5800170898438,79.04000091552734,321.3612976074219,257.67999267578125,335.739990234375,612.02001953125,79.06999969482422,321.24749755859375,257.6000061035156,335.5450134277344,611.5800170898438,79.03500366210938,321.31500244140625,257.6449890136719,335.6199951171875,611.780029296875,79.06500244140625,50679.0,25432,16882.0,25970.0,30323.0
2026-09-04 14:45:00-04:00,321.4346923828125,257.67999267578125,335.5899963378906,611.6749877929688,79.00499725341797,321.5050048828125,257.760009765625,335.6899108886719,611.739990234375,79.04499816894531,321.3299865722656,257.6099853515625,335.5400085449219,611.35009765625,79.00499725341797,321.3550109863281,257.6199951171875,335.5799865722656,611.6300048828125,79.03379821777344,36614.0,44033,11042.0,5854.0,43048.0
2026-09-04 14:46:00-04:00,321.4549865722656,257.57501220703125,335.5090026855469,611.4600219726562,78.9800033569336,321.510009765625,257.70001220703125,335.6000061035156,611.739990234375,79.00499725341797,321.4100036621094,257.55999755859375,335.44000244140625,611.4099731445312,78.95999908447266,321.44000244140625,257.67498779296875,335.59991455078125,611.6749877929688,79.0,49920.0,37993,10797.0,10749.0,29903.0
2026-09-04 14:47:00-04:00,321.54998779296875,257.6463928222656,335.3900146484375,611.6649780273438,78.9749984741211,321.5799865722656,257.6600036621094,335.54998779296875,611.6649780273438,78.9800033569336,321.4482116699219,257.54180908203125,335.29998779296875,611.4700927734375,78.95999908447266,321.4549865722656,257.6000061035156,335.510009765625,611.5499877929688,78.97000122070312,45207.0,97947,13926.0,9858.0,24840.0
2026-09-04 14:48:00-04:00,321.67999267578125,257.6650085449219,335.3550109863281,612.1599731445312,78.97090148925781,321.7099914550781,257.67999267578125,335.4399108886719,612.52001953125,78.9800033569336,321.55010986328125,257.62530517578125,335.3360900878906,611.6799926757812,78.97000122070312,321.56500244140625,257.6600036621094,335.4100036621094,611.6799926757812,78.97709655761719,79453.0,20106,7920.0,28059.0,14504.0
2026-09-04 14:49:00-04:00,321.6579895019531,257.6700134277344,335.4100036621094,612.3200073242188,78.97000122070312,321.70001220703125,257.7099914550781,335.45001220703125,612.47998046875,78.9800033569336,321.6199951171875,257.6499938964844,335.30999755859375,612.0700073242188,78.96499633789062,321.68011474609375,257.6698913574219,335.3407897949219,612.1624755859375,78.97000122070312,47941.0,30616,6391.0,18083.0,29678.0
2026-09-04 14:50:00-04:00,321.4750061035156,257.701904296875,335.4599914550781,612.0850219726562,78.95999908447266,321.6689147949219,257.7398986816406,335.4599914550781,612.6300048828125,78.96499633789062,321.3800048828125,257.6199951171875,335.375,611.969970703125,78.93199920654297,321.6689147949219,257.6600036621094,335.45001220703125,612.3499755859375,78.96499633789062,50103.0,18880,5213.0,36099.0,48336.0
2026-09-04 14:51:00-04:00,321.5350036621094,257.760009765625,335.4549865722656,611.9180297851562,78.96499633789062,321.5653991699219,257.7699890136719,335.5150146484375,612.2000122070312,78.9761962890625,321.4700012207031,257.6946105957031,335.44000244140625,611.7899780273438,78.93000030517578,321.4898986816406,257.739990234375,335.44000244140625,612.2000122070312,78.95079803466797,26477.0,28073,6995.0,29197.0,59538.0
2026-09-04 14:52:00-04:00,321.55010986328125,257.82000732421875,335.57000732421875,612.6300048828125,78.9749984741211,321.55499267578125,257.83990478515625,335.57000732421875,612.6300048828125,78.9800033569336,321.4800109863281,257.739990234375,335.4549865722656,611.8599853515625,78.95999908447266,321.5350036621094,257.760009765625,335.4549865722656,611.8920288085938,78.96499633789062,28586.0,24651,15082.0,37839.0,16008.0
2026-09-04 14:53:00-04:00,321.614990234375,257.92999267578125,335.56988525390625,613.4500122070312,79.04000091552734,321.6400146484375,257.92999267578125,335.5899963378906,613.600830078125,79.04010009765625,321.5450134277344,257.8200988769531,335.4801025390625,612.6900024414062,78.97000122070312,321.56500244140625,257.8200988769531,335.5799865722656,612.739990234375,78.97000122070312,23742.0,23588,9809.0,47581.0,54486.0
2026-09-04 14:54:00-04:00,321.6449890136719,257.9200134277344,335.6000061035156,613.5850219726562,79.05500030517578,321.69000244140625,257.95001220703125,335.6000061035156,613.6900024414062,79.05950164794922,321.5700988769531,257.8800048828125,335.53009033203125,613.239990234375,79.04000091552734,321.614990234375,257.92999267578125,335.57000732421875,613.5,79.04399871826172,33157.0,27136,9287.0,33443.0,34055.0
2026-09-04 14:55:00-04:00,321.7850036621094,257.9200134277344,335.6300048828125,613.7100219726562,79.05999755859375,321.8299865722656,257.9599914550781,335.6600036621094,613.7999877929688,79.07499694824219,321.6449890136719,257.8900146484375,335.55999755859375,613.32470703125,79.0354995727539,321.6449890136719,257.94500732421875,335.5950012207031,613.6400146484375,79.05500030517578,104722.0,27383,12826.0,32036.0,51255.0
2026-09-04 14:56:00-04:00,321.6700134277344,258.04998779296875,335.7200012207031,614.2100219726562,79.08499908447266,321.82000732421875,258.05999755859375,335.760009765625,614.25,79.10559844970703,321.6600036621094,257.9150085449219,335.6199951171875,613.510009765625,79.06500244140625,321.80999755859375,257.9200134277344,335.6400146484375,613.7199096679688,79.06500244140625,68642.0,61591,13801.0,46724.0,31794.0
2026-09-04 14:57:00-04:00,321.6600036621094,258.07000732421875,335.8500061035156,614.1146240234375,79.09500122070312,321.7099914550781,258.0799865722656,335.8500061035156,614.2550048828125,79.0999984741211,321.6401062011719,258.010009765625,335.6900939941406,613.8400268554688,79.06999969482422,321.67498779296875,258.0400085449219,335.7099914550781,614.2100219726562,79.08000183105469,40859.0,33947,16621.0,14690.0,41093.0
2026-09-04 14:58:00-04:00,321.614990234375,258.1700134277344,335.8349914550781,614.7000122070312,79.13500213623047,321.7049865722656,258.1700134277344,335.8699951171875,614.8298950195312,79.13999938964844,321.5799865722656,258.0690002441406,335.760009765625,614.1599731445312,79.08930206298828,321.6700134277344,258.0899963378906,335.864990234375,614.1599731445312,79.08999633789062,25332.0,57848,13253.0,31746.0,68626.0
2026-09-04 14:59:00-04:00,321.6650085449219,258.2149963378906,335.8450012207031,614.8800048828125,79.13500213623047,321.6700134277344,258.2799987792969,335.8900146484375,614.989990234375,79.17500305175781,321.5502014160156,258.1700134277344,335.80499267578125,614.75,79.12000274658203,321.6199951171875,258.1700134277344,335.8349914550781,614.75,79.13999938964844,20546.0,37969,12368.0,33766.0,59566.0
2026-09-04 15:00:00-04:00,321.6698913574219,258.1600036621094,335.83990478515625,614.5590209960938,79.19000244140625,321.8299865722656,258.2300109863281,335.8900146484375,614.98876953125,79.19999694824219,321.625,258.1099853515625,335.7900085449219,614.510009765625,79.13999938964844,321.6600036621094,258.2200012207031,335.8500061035156,614.8800048828125,79.13999938964844,45040.0,48008,14906.0,63515.0,64382.0
2026-09-04 15:01:00-04:00,321.6650085449219,258.1600036621094,335.82000732421875,614.2020263671875,79.15499877929688,321.7099914550781,258.2200012207031,335.8500061035156,614.8900146484375,79.19000244140625,321.6099853515625,258.0450134277344,335.7200012207031,613.780029296875,79.13289642333984,321.66009521484375,258.1600036621094,335.82000732421875,614.7100219726562,79.19000244140625,30660.0,269459,12232.0,39888.0,60411.0
2026-09-04 15:02:00-04:00,321.6050109863281,258.1199951171875,335.79998779296875,614.2449951171875,79.17749786376953,321.6700134277344,258.1700134277344,335.8999938964844,614.4190063476562,79.18499755859375,321.5799865722656,257.989990234375,335.7799987792969,614.030029296875,79.09010314941406,321.6650085449219,258.1600036621094,335.81500244140625,614.4190063476562,79.16000366210938,28682.0,25003,8313.0,17511.0,64190.0
2026-09-04 15:03:00-04:00,321.4049987792969,258.0199890136719,335.7300109863281,613.6900024414062,79.13500213623047,321.6199951171875,258.1000061035156,335.80999755859375,614.239990234375,79.18000030517578,321.3800048828125,257.9800109863281,335.6199951171875,613.6900024414062,79.125,321.6050109863281,258.1000061035156,335.79998779296875,614.239990234375,79.16999816894531,43090.0,44831,28811.0,14934.0,32281.0
2026-09-04 15:04:00-04:00,321.5,258.0895080566406,335.6700134277344,613.6300048828125,79.1449966430664,321.57000732421875,258.1127014160156,335.739990234375,613.8900146484375,79.16500091552734,321.3900146484375,257.989990234375,335.6095886230469,613.4600219726562,79.125,321.3999938964844,258.0249938964844,335.7300109863281,613.780029296875,79.13500213623047,29139.0,45749,21433.0,16782.0,48074.0
2026-09-04 15:05:00-04:00,321.69000244140625,258.0400085449219,335.75,613.9791870117188,79.12840270996094,321.69000244140625,258.1099853515625,335.75,613.97998046875,79.14990234375,321.510009765625,258.0150146484375,335.6099853515625,613.510009765625,79.12000274658203,321.510009765625,258.0799865722656,335.67999267578125,613.625,79.1449966430664,26330.0,30343,9604.0,16597.0,48378.0
2026-09-04 15:06:00-04:00,321.6400146484375,257.9700012207031,335.69000244140625,614.3499755859375,79.07499694824219,321.69000244140625,258.0899963378906,335.75,614.469970703125,79.12999725341797,321.5849914550781,257.95001220703125,335.67010498046875,613.8499755859375,79.06999969482422,321.69000244140625,258.04998779296875,335.75,613.8499755859375,79.125,25878.0,51950,13768.0,20873.0,55035.0
2026-09-04 15:07:00-04:00,321.6199951171875,258.04998779296875,335.7200012207031,614.7150268554688,79.03500366210938,321.69500732421875,258.1400146484375,335.80999755859375,614.9298706054688,79.08000183105469,321.57000732421875,257.989990234375,335.6700134277344,614.3599853515625,79.02999877929688,321.635009765625,257.989990234375,335.7049865722656,614.3599853515625,79.07499694824219,28580.0,24912,10495.0,30864.0,36767.0
2026-09-04 15:08:00-04:00,321.8399963378906,258.1199951171875,335.7799987792969,615.1699829101562,79.06500244140625,321.8500061035156,258.1400146484375,335.7799987792969,615.2999877929688,79.08000183105469,321.6199951171875,258.0299987792969,335.70001220703125,614.760009765625,79.02999877929688,321.6400146484375,258.0299987792969,335.7398986816406,614.760009765625,79.03500366210938,71746.0,37573,8925.0,51663.0,52511.0
2026-09-04 15:09:00-04:00,321.8800048828125,258.07501220703125,335.7749938964844,615.135009765625,79.04010009765625,321.8999938964844,258.1600036621094,335.8299865722656,615.3400268554688,79.07749938964844,321.7699890136719,258.04998779296875,335.7250061035156,614.8900756835938,79.0199966430664,321.8299865722656,258.1199951171875,335.760009765625,615.1199951171875,79.06500244140625,60091.0,46182,22600.0,21869.0,142645.0
2026-09-04 15:10:00-04:00,321.8434143066406,258.19000244140625,335.95001220703125,616.3049926757812,79.00499725341797,321.8900146484375,258.19000244140625,335.95001220703125,616.3599853515625,79.04499816894531,321.6700134277344,258.0899963378906,335.760009765625,615.135009765625,79.00499725341797,321.8699951171875,258.0899963378906,335.7699890136719,615.135009765625,79.04499816894531,73033.0,41848,11169.0,63508.0,33681.0
2026-09-04 15:11:00-04:00,321.79998779296875,258.05999755859375,335.9949951171875,616.3400268554688,79.02239990234375,321.8900146484375,258.17498779296875,336.07000732421875,616.8400268554688,79.05000305175781,321.70001220703125,258.05999755859375,335.92999267578125,616.1400146484375,78.95999908447266,321.8500061035156,258.17498779296875,335.9700012207031,616.3599853515625,79.00499725341797,78923.0,42878,23231.0,72183.0,139778.0
2026-09-04 15:12:00-04:00,322.0450134277344,258.17498779296875,335.9750061035156,616.3800048828125,79.02999877929688,322.1000061035156,258.19000244140625,336.0398864746094,616.47998046875,79.03500366210938,321.80499267578125,258.0299987792969,335.92999267578125,616.02001953125,79.0199966430664,321.80499267578125,258.07501220703125,336.0,616.25,79.0250015258789,97697.0,55046,20045.0,63235.0,51359.0
2026-09-04 15:13:00-04:00,322.0400085449219,258.1600036621094,335.92999267578125,616.1500244140625,78.98999786376953,322.07000732421875,258.2099914550781,336.0,616.419921875,79.03990173339844,321.8800964355469,258.05499267578125,335.9100036621094,615.7100219726562,78.95999908447266,322.0400085449219,258.18499755859375,335.9750061035156,616.3148803710938,79.03500366210938,60931.0,43310,16171.0,31846.0,68289.0
2026-09-04 15:14:00-04:00,321.989990234375,258.1600036621094,336.0,616.1701049804688,79.00499725341797,322.0799865722656,258.2300109863281,336.0299987792969,616.614990234375,79.00499725341797,321.80499267578125,258.0899963378906,335.7699890136719,616.10498046875,78.9800033569336,322.04998779296875,258.1400146484375,335.94500732421875,616.2000122070312,79.0,42289.0,34583,41650.0,32547.0,29820.0
2026-09-04 15:15:00-04:00,321.8999938964844,258.19000244140625,336.0400085449219,616.3200073242188,78.99500274658203,322.0198974609375,258.19000244140625,336.1000061035156,616.6950073242188,79.00499725341797,321.87969970703125,258.1000061035156,335.9200134277344,616.0001220703125,78.98049926757812,322.0,258.1600036621094,335.9800109863281,616.2899780273438,79.00499725341797,40556.0,26338,34834.0,35354.0,46532.0
2026-09-04 15:16:00-04:00,321.8103942871094,258.1700134277344,335.9700012207031,616.4600219726562,79.01499938964844,321.92999267578125,258.2200012207031,336.20001220703125,616.4600219726562,79.01499938964844,321.80999755859375,258.114990234375,335.95001220703125,616.1201171875,78.98999786376953,321.8999938964844,258.1499938964844,336.05999755859375,616.3599853515625,78.98999786376953,24977.0,37924,46493.0,26938.0,25885.0
2026-09-04 15:17:00-04:00,321.80999755859375,258.17999267578125,335.9100036621094,616.5599975585938,79.01010131835938,321.8500061035156,258.2300109863281,336.0299987792969,616.7000122070312,79.03500366210938,321.7699890136719,258.114990234375,335.8999938964844,616.2999877929688,79.01000213623047,321.80999755859375,258.177001953125,335.94000244140625,616.4299926757812,79.01499938964844,27158.0,280848,7096.0,45773.0,36069.0
2026-09-04 15:18:00-04:00,321.76800537109375,258.20001220703125,335.9079895019531,616.4749755859375,79.0459976196289,321.8699951171875,258.2099914550781,336.0,616.7100219726562,79.05500030517578,321.7099914550781,258.16009521484375,335.8800964355469,616.2100830078125,79.01010131835938,321.81500244140625,258.17999267578125,335.9100036621094,616.6199951171875,79.01010131835938,58537.0,27711,11599.0,29951.0,49381.0
2026-09-04 15:19:00-04:00,321.7550048828125,258.1199951171875,335.9700012207031,616.155029296875,79.04499816894531,321.79998779296875,258.19500732421875,335.989990234375,616.7000122070312,79.05000305175781,321.6449890136719,258.0899963378906,335.8599853515625,616.0800170898438,79.03250122070312,321.760009765625,258.1883850097656,335.9100036621094,616.469970703125,79.04499816894531,88139.0,37856,14163.0,25914.0,34139.0
2026-09-04 15:20:00-04:00,321.9150085449219,258.17498779296875,336.0119934082031,616.239990234375,79.04499816894531,321.92999267578125,258.19000244140625,336.04998779296875,616.4149780273438,79.05500030517578,321.7524108886719,258.1000061035156,335.94000244140625,615.969970703125,79.04000091552734,321.7524108886719,258.1400146484375,335.9700012207031,616.155029296875,79.05000305175781,86311.0,32574,10554.0,31478.0,38274.0
2026-09-04 15:21:00-04:00,321.8599853515625,258.1600036621094,336.0299987792969,616.02001953125,79.06999969482422,321.92999267578125,258.20001220703125,336.1000061035156,616.2100219726562,79.06999969482422,321.840087890625,258.125,335.9800109863281,615.8001098632812,79.04000091552734,321.9150085449219,258.19000244140625,336.0195007324219,616.2100219726562,79.04000091552734,82376.0,24789,18830.0,19837.0,64312.0
2026-09-04 15:22:00-04:00,321.9200134277344,258.1300048828125,335.9129943847656,615.4299926757812,79.04000091552734,321.95989990234375,258.20001220703125,336.05999755859375,616.1500244140625,79.08499908447266,321.80999755859375,258.1099853515625,335.9129943847656,615.2650146484375,79.01499938964844,321.8699951171875,258.17999267578125,336.0299987792969,616.1500244140625,79.08000183105469,78244.0,48926,13847.0,29337.0,86985.0
2026-09-04 15:23:00-04:00,321.94000244140625,258.1400146484375,336.010009765625,615.89501953125,78.95500183105469,322.0400085449219,258.14898681640625,336.010009765625,616.0,79.03500366210938,321.9049987792969,258.0899963378906,335.8999938964844,615.2650146484375,78.95500183105469,321.9200134277344,258.1099853515625,335.92999267578125,615.2650146484375,79.03500366210938,66008.0,32549,14965.0,23292.0,69175.0
2026-09-04 15:24:00-04:00,321.8800048828125,258.19000244140625,336.010009765625,615.47998046875,78.92500305175781,321.9800109863281,258.2250061035156,336.1199035644531,616.0999755859375,78.96549987792969,321.8326110839844,258.1449890136719,336.0,615.1069946289062,78.91500091552734,321.94500732421875,258.1499938964844,336.0,615.8560180664062,78.95500183105469,37553.0,35832,16765.0,27126.0,98299.0
2026-09-04 15:25:00-04:00,321.9200134277344,258.260009765625,336.0899963378906,615.2849731445312,78.80000305175781,321.92999267578125,258.260009765625,336.1099853515625,615.5399780273438,78.93000030517578,321.8500061035156,258.19000244140625,336.0,615.25,78.80000305175781,321.860107421875,258.19000244140625,336.0,615.3300170898438,78.92500305175781,33193.0,33536,24957.0,26134.0,168058.0
2026-09-04 15:26:00-04:00,321.864990234375,258.2550048828125,336.1400146484375,615.260009765625,78.75499725341797,321.95001220703125,258.2799987792969,336.1600036621094,615.530029296875,78.83000183105469,321.8500061035156,258.239990234375,336.0404968261719,615.030029296875,78.75,321.9150085449219,258.25,336.0950012207031,615.3472900390625,78.80999755859375,46387.0,35300,25109.0,21279.0,157633.0
2026-09-04 15:27:00-04:00,321.82000732421875,258.30499267578125,336.1300048828125,616.4290771484375,78.71499633789062,321.9200134277344,258.3500061035156,336.2099914550781,616.52001953125,78.76499938964844,321.7699890136719,258.2550048828125,336.1099853515625,615.14501953125,78.70500183105469,321.8699951171875,258.260009765625,336.1199951171875,615.14501953125,78.75499725341797,51776.0,39784,29826.0,42749.0,72183.0
2026-09-04 15:28:00-04:00,321.8100891113281,258.42999267578125,336.25,616.7650146484375,78.72000122070312,321.9053039550781,258.5,336.29400634765625,616.7999877929688,78.75499725341797,321.7900085449219,258.2950134277344,336.1300048828125,616.2000122070312,78.70999908447266,321.82000732421875,258.30499267578125,336.1400146484375,616.3599853515625,78.71499633789062,29599.0,88191,30349.0,25575.0,91378.0
2026-09-04 15:29:00-04:00,321.7850036621094,258.44500732421875,336.3500061035156,617.0183715820312,78.68499755859375,321.8800048828125,258.4700012207031,336.3500061035156,617.25,78.7300033569336,321.7799987792969,258.3699951171875,336.2349853515625,616.4600219726562,78.66999816894531,321.810791015625,258.42999267578125,336.2349853515625,616.7650146484375,78.72000122070312,40523.0,116884,32138.0,43313.0,150219.0
2026-09-04 15:30:00-04:00,321.55499267578125,258.32000732421875,336.2699890136719,616.6099853515625,78.66500091552734,321.7699890136719,258.45001220703125,336.3900146484375,617.0897216796875,78.68000030517578,321.510009765625,258.2900085449219,336.2200012207031,616.5700073242188,78.6500015258789,321.7699890136719,258.4049987792969,336.3349914550781,617.0700073242188,78.67500305175781,69978.0,66973,55213.0,39844.0,84286.0
2026-09-04 15:31:00-04:00,321.68499755859375,258.260009765625,336.06500244140625,616.4400024414062,78.56500244140625,321.7099914550781,258.3699951171875,336.2900085449219,616.8200073242188,78.68000030517578,321.510009765625,258.25,336.0299987792969,616.360107421875,78.55999755859375,321.5400085449219,258.29998779296875,336.2799987792969,616.5,78.66500091552734,59373.0,56488,53076.0,26544.0,144446.0
2026-09-04 15:32:00-04:00,321.6400146484375,258.385009765625,336.07501220703125,616.8900146484375,78.58499908447266,321.67999267578125,258.3999938964844,336.1499938964844,617.0,78.60929870605469,321.5799865722656,258.2699890136719,336.0299987792969,616.3300170898438,78.4749984741211,321.67999267578125,258.2699890136719,336.06500244140625,616.489990234375,78.55999755859375,53975.0,29489,26327.0,22564.0,205428.0
2026-09-04 15:33:00-04:00,321.7049865722656,258.4549865722656,336.0199890136719,616.6900024414062,78.61499786376953,321.7300109863281,258.4590148925781,336.04998779296875,616.9149780273438,78.63999938964844,321.6499938964844,258.3699951171875,335.8500061035156,616.4400024414062,78.58000183105469,321.6499938964844,258.3900146484375,336.010009765625,616.9099731445312,78.5802993774414,40850.0,35943,41334.0,19727.0,73200.0
2026-09-04 15:34:00-04:00,321.6400146484375,258.55999755859375,335.8800048828125,616.35498046875,78.65499877929688,321.7099914550781,258.57000732421875,336.0400085449219,616.780029296875,78.69499969482422,321.6000061035156,258.4599914550781,335.8500061035156,616.2000122070312,78.61000061035156,321.70001220703125,258.4700012207031,336.0199890136719,616.75,78.61499786376953,31877.0,58520,51340.0,25212.0,136191.0
2026-09-04 15:35:00-04:00,321.6401062011719,258.3900146484375,335.8500061035156,615.89501953125,78.57559967041016,321.7300109863281,258.59991455078125,335.94000244140625,616.4099731445312,78.69499969482422,321.5799865722656,258.3900146484375,335.82000732421875,615.5762939453125,78.56999969482422,321.635009765625,258.55999755859375,335.8699951171875,616.3400268554688,78.6500015258789,60239.0,52407,35963.0,26760.0,174222.0
2026-09-04 15:36:00-04:00,321.67999267578125,258.4700012207031,335.94000244140625,615.97998046875,78.62000274658203,321.8091125488281,258.5198974609375,335.9599914550781,616.1500244140625,78.64990234375,321.6400146484375,258.4139099121094,335.8299865722656,615.822021484375,78.56999969482422,321.6449890136719,258.42999267578125,335.8800048828125,615.9600219726562,78.57499694824219,57341.0,37043,26648.0,15947.0,92724.0
2026-09-04 15:37:00-04:00,321.3900146484375,258.4049987792969,335.8900146484375,615.6199951171875,78.5250015258789,321.6874084472656,258.5,335.9599914550781,616.0599975585938,78.62000274658203,321.3599853515625,258.4049987792969,335.7500915527344,615.5999755859375,78.5250015258789,321.6874084472656,258.4849853515625,335.94000244140625,616.02001953125,78.62000274658203,76040.0,49111,65456.0,16338.0,85503.0
2026-09-04 15:38:00-04:00,321.2499084472656,258.4375,335.8699951171875,615.5850219726562,78.57499694824219,321.4299011230469,258.4375,335.9200134277344,615.7000122070312,78.58000183105469,321.2200927734375,258.3399963378906,335.7699890136719,615.4000244140625,78.45999908447266,321.3699951171875,258.3900146484375,335.9200134277344,615.6951904296875,78.5250015258789,50291.0,64857,42468.0,16012.0,179609.0
2026-09-04 15:39:00-04:00,321.010009765625,258.4100036621094,335.8699951171875,615.6400146484375,78.52999877929688,321.260009765625,258.5,335.9700012207031,615.8800048828125,78.58000183105469,320.9800109863281,258.4100036621094,335.8599853515625,615.4099731445312,78.5250015258789,321.2349853515625,258.43499755859375,335.885009765625,615.5850219726562,78.57499694824219,90043.0,45700,29784.0,13648.0,82586.0
2026-09-04 15:40:00-04:00,320.9999084472656,258.45001220703125,335.760009765625,615.7000122070312,78.54499816894531,321.0299987792969,258.4700012207031,335.8699951171875,615.7899780273438,78.56500244140625,320.8949890136719,258.30999755859375,335.7200012207031,615.530029296875,78.5199966430664,321.010009765625,258.3999938964844,335.8699951171875,615.5999755859375,78.5250015258789,58096.0,58064,51298.0,16941.0,99836.0
2026-09-04 15:41:00-04:00,321.0,258.489990234375,335.55999755859375,615.822021484375,78.57499694824219,321.0398864746094,258.5,335.8900146484375,616.0438842773438,78.57749938964844,320.8800048828125,258.3900146484375,335.5450134277344,615.6199951171875,78.51000213623047,320.9849853515625,258.4700012207031,335.760009765625,615.6900024414062,78.54499816894531,65778.0,58186,35186.0,30341.0,126407.0
2026-09-04 15:42:00-04:00,320.8450012207031,258.4700012207031,335.6900939941406,615.5700073242188,78.54000091552734,321.0299987792969,258.5,335.8450012207031,615.7949829101562,78.57499694824219,320.8399963378906,258.4100036621094,335.55999755859375,615.4550170898438,78.53500366210938,320.9849853515625,258.4750061035156,335.55999755859375,615.7949829101562,78.57499694824219,52020.0,123425,51453.0,19806.0,90227.0
2026-09-04 15:43:00-04:00,320.6766052246094,258.489990234375,335.92999267578125,616.5,78.5199966430664,320.8599853515625,258.5799865722656,335.92999267578125,616.584716796875,78.55000305175781,320.6745910644531,258.4599914550781,335.6549987792969,615.6799926757812,78.5199966430664,320.8450012207031,258.4999084472656,335.7099914550781,615.6799926757812,78.53500366210938,66377.0,97189,47890.0,31377.0,63364.0
2026-09-04 15:44:00-04:00,320.67999267578125,258.44500732421875,335.8599853515625,616.5150146484375,78.56900024414062,320.7650146484375,258.5799865722656,336.0400085449219,616.5999755859375,78.58000183105469,320.6400146484375,258.4159851074219,335.8299865722656,616.2999877929688,78.51010131835938,320.67999267578125,258.5,335.9150085449219,616.552001953125,78.5199966430664,53098.0,60091,37178.0,18042.0,152626.0
2026-09-04 15:45:00-04:00,320.6199951171875,258.7200012207031,335.69000244140625,615.9099731445312,78.51499938964844,320.7200012207031,258.7950134277344,335.8800048828125,616.739990234375,78.58000183105469,320.5299987792969,258.42999267578125,335.6300048828125,615.9099731445312,78.51000213623047,320.6600036621094,258.45001220703125,335.8699951171875,616.5150146484375,78.55999755859375,71912.0,99276,76384.0,36689.0,129015.0
2026-09-04 15:46:00-04:00,320.6199951171875,258.7654113769531,335.80999755859375,615.9400024414062,78.52980041503906,320.6499938964844,258.95831298828125,335.80999755859375,616.2161254882812,78.55000305175781,320.53009033203125,258.739990234375,335.6199951171875,615.7000732421875,78.5,320.6059875488281,258.75,335.7101135253906,616.0,78.51499938964844,51678.0,107236,40192.0,30850.0,158175.0
2026-09-04 15:47:00-04:00,320.69000244140625,258.9800109863281,335.78009033203125,616.27001953125,78.51010131835938,320.7200012207031,259.0299987792969,335.8800048828125,616.4600219726562,78.54989624023438,320.6000061035156,258.80999755859375,335.7099914550781,616.0399780273438,78.50499725341797,320.6300048828125,258.80999755859375,335.8193054199219,616.0399780273438,78.51499938964844,49234.0,165494,34929.0,30374.0,104744.0
2026-09-04 15:48:00-04:00,320.4949951171875,259.010009765625,335.8299865722656,616.719970703125,78.48500061035156,320.69000244140625,259.0393981933594,335.8900146484375,616.8099975585938,78.51499938964844,320.4700012207031,258.864990234375,335.739990234375,616.010009765625,78.47010040283203,320.68341064453125,258.9700012207031,335.7900085449219,616.1900024414062,78.51499938964844,145472.0,67667,43296.0,28097.0,111625.0
2026-09-04 15:49:00-04:00,320.5,259.0050048828125,335.8699951171875,616.9099731445312,78.44000244140625,320.63861083984375,259.04998779296875,335.8900146484375,617.0999755859375,78.4800033569336,320.4801025390625,258.92010498046875,335.6700134277344,616.52001953125,78.43000030517578,320.4949951171875,259.010009765625,335.81500244140625,616.72998046875,78.4800033569336,81907.0,79722,44002.0,26721.0,164447.0
2026-09-04 15:50:00-04:00,320.3500061035156,258.8699951171875,335.6700134277344,616.3350219726562,78.44499969482422,320.8399963378906,259.2799987792969,336.20001220703125,617.1300048828125,78.56999969482422,320.3399963378906,258.8699951171875,335.6600036621094,615.9500122070312,78.44000244140625,320.510009765625,259.0299987792969,335.92999267578125,616.989990234375,78.44000244140625,176531.0,159684,104691.0,79376.0,345973.0
2026-09-04 15:51:00-04:00,320.3999938964844,258.760009765625,335.44000244140625,616.3800048828125,78.46499633789062,320.3999938964844,258.9100036621094,335.68499755859375,616.6900024414062,78.47000122070312,320.2200012207031,258.69500732421875,335.42999267578125,616.3350219726562,78.43000030517578,320.3500061035156,258.8800048828125,335.6650085449219,616.389892578125,78.44499969482422,133979.0,94007,45805.0,46822.0,126183.0
2026-09-04 15:52:00-04:00,320.57000732421875,258.8800048828125,335.54998779296875,616.580078125,78.38500213623047,320.6400146484375,258.8800048828125,335.55999755859375,616.7100219726562,78.4800033569336,320.360107421875,258.739990234375,335.3999938964844,616.3300170898438,78.37999725341797,320.4100036621094,258.7799987792969,335.4895935058594,616.3800048828125,78.46990203857422,142893.0,71034,31600.0,34009.0,176087.0
2026-09-04 15:53:00-04:00,320.5506896972656,258.9100036621094,335.42999267578125,616.364990234375,78.4010009765625,320.6300048828125,258.9100036621094,335.5899963378906,616.7999877929688,78.43000030517578,320.4200134277344,258.80999755859375,335.3800048828125,616.364990234375,78.36499786376953,320.55999755859375,258.8699951171875,335.5400085449219,616.5700073242188,78.38500213623047,152539.0,112798,27148.0,38693.0,176537.0
2026-09-04 15:54:00-04:00,320.7200012207031,259.0049133300781,335.57000732421875,616.8800048828125,78.3949966430664,320.8299865722656,259.0799865722656,335.8399963378906,617.1099853515625,78.45989990234375,320.54998779296875,258.8800048828125,335.4200134277344,616.280029296875,78.34500122070312,320.55999755859375,258.9100036621094,335.4599914550781,616.4199829101562,78.3949966430664,192072.0,150959,74562.0,53276.0,289433.0
2026-09-04 15:55:00-04:00,320.6000061035156,258.69000244140625,335.25,616.9600219726562,78.30000305175781,320.7200012207031,259.05999755859375,335.5799865722656,617.3800048828125,78.44999694824219,320.29998779296875,258.69000244140625,335.1300048828125,616.77001953125,78.26000213623047,320.7099914550781,259.010009765625,335.5799865722656,616.8599853515625,78.4000015258789,214589.0,212912,78924.0,96103.0,528014.0
2026-09-04 15:56:00-04:00,320.3301086425781,258.7550048828125,335.2305908203125,617.2650146484375,78.23500061035156,320.6199951171875,258.7699890136719,335.3999938964844,617.39599609375,78.30999755859375,320.3299865722656,258.5249938964844,335.2200012207031,616.8200073242188,78.2300033569336,320.6000061035156,258.6700134277344,335.2349853515625,616.9364013671875,78.30500030517578,186734.0,172852,59011.0,86670.0,309403.0
2026-09-04 15:57:00-04:00,320.2699890136719,258.6300048828125,335.3500061035156,617.0499877929688,78.375,320.4100036621094,258.75,335.4200134277344,617.4600219726562,78.4000015258789,320.20001220703125,258.54998779296875,335.2200012207031,617.0,78.23500061035156,320.3500061035156,258.739990234375,335.2449951171875,617.2650146484375,78.23500061035156,212644.0,173861,85878.0,82220.0,558235.0
2026-09-04 15:58:00-04:00,319.8299865722656,258.4599914550781,335.2699890136719,616.8599853515625,78.29000091552734,320.30999755859375,258.68499755859375,335.4100036621094,617.1900024414062,78.38999938964844,319.82501220703125,258.4200134277344,335.239990234375,616.8400268554688,78.27999877929688,320.260009765625,258.6400146484375,335.3550109863281,617.1300048828125,78.37999725341797,562401.0,261485,107385.0,126445.0,440784.0
2026-09-04 15:59:00-04:00,319.989990234375,258.510009765625,335.2699890136719,616.75,78.23999786376953,319.989990234375,258.55999755859375,335.3370056152344,616.989990234375,78.30000305175781,319.6510009765625,258.260009765625,335.1600036621094,616.5900268554688,78.2300033569336,319.82000732421875,258.45001220703125,335.260009765625,616.8599853515625,78.29000091552734,1035726.0,709186,333758.0,257238.0,1284270.0
