Price,Close,Close,Close,Close,Close,High,High,High,High,High,Low,Low,Low,Low,Low,Open,Open,Open,Open,Open,Volume,Volume,Volume,Volume,Volume
Ticker,AAPL,AMZN,GOOG,META,NFLX,AAPL,AMZN,GOOG,META,NFLX,AAPL,AMZN,GOOG,META,NFLX,AAPL,AMZN,GOOG,META,NFLX,AAPL,AMZN,GOOG,META,NFLX
Datetime,,,,,,,,,,,,,,,,,,,,,,,,,
2026-08-10 09:30:00-04:00,306.9949951171875,276.0299987792969,353.7250061035156,598.4600219726562,74.02999877929688,307.239990234375,276.7799987792969,355.7200012207031,602.4500122070312,74.08000183105469,306.1199951171875,274.1239013671875,353.67999267578125,597.0,73.66000366210938,306.8299865722656,274.20001220703125,354.239990234375,599.010009765625,73.72200012207031,4448363,1120235,1032266,1396318,750463
2026-08-10 09:31:00-04:00,305.42999267578125,275.38629150390625,353.55499267578125,603.2750244140625,74.04499816894531,307.3103942871094,276.1700134277344,353.9800109863281,603.9899291992188,74.20999908447266,305.1400146484375,275.3699951171875,353.1199951171875,598.4600219726562,74.01499938964844,306.9750061035156,275.92999267578125,353.80999755859375,598.4600219726562,74.08999633789062,546302,116622,90848,107761,117033
2026-08-10 09:32:00-04:00,305.17999267578125,275.3399963378906,353.3599853515625,602.0700073242188,73.92790222167969,305.7200012207031,275.8399963378906,353.80499267578125,604.4699096679688,74.12999725341797,304.6300048828125,275.1099853515625,352.8800048828125,600.8983764648438,73.9000015258789,305.4100036621094,275.385009765625,353.55499267578125,603.6099853515625,74.04499816894531,453792,98948,77519,79582,85232
2026-08-10 09:33:00-04:00,306.0060119628906,274.7749938964844,354.1744079589844,600.5349731445312,73.86499786376953,306.25,275.45001220703125,354.2099914550781,602.5599975585938,73.94000244140625,304.67999267578125,274.5,353.13079833984375,600.3201293945312,73.6500015258789,305.2200012207031,275.4414978027344,353.2900085449219,602.0700073242188,73.91999816894531,388842,84745,61435,55788,129366
2026-08-10 09:34:00-04:00,306.6300048828125,274.29998779296875,354.6669006347656,598.9149780273438,73.95500183105469,307.0050048828125,275.389892578125,354.7900085449219,602.0,74.06999969482422,305.9549865722656,274.25,354.1499938964844,598.25,73.86000061035156,306.0050048828125,274.80999755859375,354.19000244140625,600.5349731445312,73.88999938964844,274073,80189,42258,93995,95039
2026-08-10 09:35:00-04:00,306.1650085449219,273.7349853515625,354.45001220703125,596.0,74.27999877929688,306.72900390625,274.5199890136719,355.0199890136719,598.7000122070312,74.2969970703125,306.07000732421875,273.60009765625,354.1275939941406,595.5,73.95500183105469,306.67498779296875,274.2850036621094,354.55010986328125,598.7000122070312,73.95500183105469,175142,111251,44897,75835,160254
2026-08-10 09:36:00-04:00,305.42498779296875,274.0801086425781,354.1203918457031,598.2000122070312,74.36499786376953,306.30999755859375,274.29559326171875,354.6050109863281,598.3800048828125,74.37000274658203,305.29998779296875,273.6300048828125,354.1199951171875,595.2999877929688,74.15080261230469,306.1499938964844,273.70001220703125,354.3699951171875,595.3200073242188,74.2699966430664,237252,64562,37540,91614,106727
2026-08-10 09:37:00-04:00,305.30999755859375,274.7300109863281,353.8299865722656,598.4099731445312,74.2699966430664,305.54998779296875,274.7699890136719,354.2300109863281,598.9849853515625,74.45500183105469,304.8999938964844,274.1499938964844,353.7101135253906,597.3201293945312,74.20050048828125,305.44989013671875,274.1499938964844,354.1099853515625,598.2000122070312,74.38999938964844,298632,91031,33089,63359,91881
2026-08-10 09:38:00-04:00,305.6000061035156,274.8699951171875,353.2699890136719,597.875,74.22000122070312,305.6400146484375,275.1000061035156,353.760009765625,598.5599975585938,74.29000091552734,305.0,274.5350036621094,353.20001220703125,597.0800170898438,74.16500091552734,305.3599853515625,274.7300109863281,353.739990234375,598.5599975585938,74.2699966430664,227713,71556,28099,52262,102097
2026-08-10 09:39:00-04:00,305.9049987792969,275.0199890136719,353.32501220703125,598.3499755859375,74.3550033569336,306.0799865722656,275.42999267578125,353.7550048828125,598.8599853515625,74.4000015258789,305.3999938964844,274.80999755859375,353.2560119628906,597.530029296875,74.22000122070312,305.6199951171875,274.8900146484375,353.2958068847656,597.7935180664062,74.22000122070312,192647,82122,29030,31742,79477
2026-08-10 09:40:00-04:00,305.92999267578125,275.8949890136719,354.17999267578125,599.6400146484375,74.32420349121094,306.1098937988281,276.1050109863281,354.3116149902344,599.6400146484375,74.38999938964844,305.7099914550781,274.9150085449219,353.1200866699219,597.239990234375,74.30000305175781,305.9525146484375,275.0400085449219,353.33331298828125,598.2017822265625,74.36000061035156,168578,143558,51842,47251,135585
2026-08-10 09:41:00-04:00,306.3999938964844,275.69500732421875,353.45001220703125,598.3499755859375,74.2699966430664,306.5,276.1000061035156,354.125,599.614990234375,74.31999969482422,305.893798828125,275.590087890625,353.3399963378906,598.2000122070312,74.19999694824219,305.92999267578125,275.8900146484375,354.1199951171875,599.2000122070312,74.31999969482422,148416,108853,32628,32492,63203
2026-08-10 09:42:00-04:00,306.2598876953125,275.57000732421875,353.2799987792969,597.8099975585938,74.26000213623047,306.5,275.8550109863281,353.3800048828125,598.72998046875,74.28700256347656,306.1199951171875,275.5350036621094,352.9200134277344,597.7000122070312,74.19999694824219,306.4800109863281,275.68499755859375,353.3800048828125,598.3699951171875,74.25499725341797,174761,100446,38704,34261,55859
2026-08-10 09:43:00-04:00,306.05499267578125,275.44000244140625,352.3500061035156,596.114990234375,74.19499969482422,306.42999267578125,275.5950012207031,353.4751892089844,598.0850219726562,74.26000213623047,305.8800048828125,275.1300048828125,352.2221984863281,595.719970703125,74.1688003540039,306.239990234375,275.5849914550781,353.2500915527344,598.0549926757812,74.25,202407,68074,51626,46892,51107
2026-08-10 09:44:00-04:00,305.864990234375,275.8949890136719,352.2099914550781,596.5449829101562,73.87999725341797,306.0899963378906,275.9898986816406,352.43499755859375,597.3699951171875,74.18000030517578,305.625,275.29998779296875,352.07000732421875,596.0399780273438,73.87000274658203,306.0400085449219,275.4150085449219,352.2799987792969,596.1799926757812,74.16999816894531,323713,110002,42580,40275,81596
2026-08-10 09:45:00-04:00,306.04998779296875,275.75799560546875,352.44500732421875,595.3400268554688,73.81999969482422,306.189697265625,276.260009765625,352.5299987792969,597.7000122070312,73.9124984741211,305.7701110839844,275.7049865722656,352.114990234375,594.8499755859375,73.80000305175781,305.8500061035156,275.86749267578125,352.1300048828125,596.5349731445312,73.86000061035156,249724,115769,45864,79604,75910
2026-08-10 09:46:00-04:00,306.07501220703125,275.9800109863281,352.1199951171875,595.1849975585938,73.73999786376953,306.1700134277344,276.010009765625,352.5,595.3599853515625,73.81999969482422,305.8944091796875,275.6300048828125,352.1000061035156,594.2100219726562,73.68000030517578,306.0299987792969,275.7986145019531,352.4100036621094,595.3400268554688,73.79000091552734,197184,99622,50203,58647,82049
2026-08-10 09:47:00-04:00,305.875,275.3999938964844,351.8299865722656,595.4149780273438,73.61000061035156,306.07501220703125,276.0,352.1300048828125,595.5399169921875,73.76000213623047,305.6600036621094,275.35009765625,351.54998779296875,594.6265258789062,73.56999969482422,306.05999755859375,275.92999267578125,352.1199951171875,595.030029296875,73.72010040283203,242121,77612,96772,34831,143405
2026-08-10 09:48:00-04:00,306.57000732421875,275.2301025390625,352.05499267578125,594.3432006835938,73.62999725341797,306.67999267578125,275.56500244140625,352.260009765625,595.760009765625,73.69999694824219,305.7300109863281,275.2054138183594,351.70001220703125,594.3432006835938,73.56999969482422,305.8599853515625,275.4599914550781,351.864990234375,595.4149780273438,73.61499786376953,232133,51718,72652,50481,80193
2026-08-10 09:49:00-04:00,306.8900146484375,275.3800048828125,352.2550048828125,594.3900146484375,73.66000366210938,306.8999938964844,275.5,352.29998779296875,594.8798828125,73.67500305175781,306.5,275.2200012207031,351.79998779296875,594.0800170898438,73.58000183105469,306.56500244140625,275.3299865722656,352.07000732421875,594.3900146484375,73.62999725341797,164469,221204,43751,36797,85407
2026-08-10 09:50:00-04:00,306.7049865722656,275.04998779296875,351.7449951171875,594.6099853515625,73.75,307.4200134277344,275.4049987792969,352.3598937988281,595.1900024414062,73.7699966430664,306.3999938964844,274.8900146484375,351.67999267578125,593.6500854492188,73.62999725341797,306.8550109863281,275.3949890136719,352.2200012207031,594.47998046875,73.64080047607422,298943,100309,79584,46342,88871
2026-08-10 09:51:00-04:00,306.1449890136719,275.260009765625,351.8299865722656,594.9199829101562,73.86000061035156,306.7987060546875,275.4049987792969,351.9299011230469,595.031982421875,73.86000061035156,306.1180114746094,275.05999755859375,351.5899963378906,594.2929077148438,73.68499755859375,306.6600036621094,275.1400146484375,351.723388671875,594.4299926757812,73.7300033569336,165278,42213,38540,38977,80556
2026-08-10 09:52:00-04:00,306.25,275.5450134277344,352.0400085449219,595.0,73.92919921875,306.4599914550781,275.5675048828125,352.0899963378906,595.1998901367188,73.95030212402344,306.1199951171875,275.2049865722656,351.4700012207031,594.2249755859375,73.84490203857422,306.158203125,275.2850036621094,351.7799987792969,594.9199829101562,73.84490203857422,133990,62417,69027,25934,50527
2026-08-10 09:53:00-04:00,306.3500061035156,275.5299987792969,352.2250061035156,595.1199951171875,73.91000366210938,306.4599914550781,275.64990234375,352.3699951171875,595.6900024414062,73.94999694824219,306.1415100097656,275.3450012207031,351.8680114746094,594.780029296875,73.86000061035156,306.2900085449219,275.54998779296875,352.0,594.87939453125,73.93000030517578,152363,70360,36900,36259,62970
2026-08-10 09:54:00-04:00,306.6000061035156,275.37860107421875,352.6300048828125,596.2999877929688,73.94000244140625,306.6600036621094,275.5398864746094,352.67999267578125,596.2999877929688,73.9800033569336,306.2200012207031,275.0409851074219,352.04998779296875,594.969970703125,73.81500244140625,306.3399963378906,275.4800109863281,352.1700134277344,595.1099853515625,73.90899658203125,168164,50483,39360,73444,48938
2026-08-10 09:55:00-04:00,306.7049865722656,275.2200012207031,352.4800109863281,596.280029296875,73.94499969482422,306.79998779296875,275.4750061035156,352.760009765625,596.7899780273438,73.97000122070312,306.4800109863281,274.989990234375,352.4100036621094,595.9500122070312,73.91500091552734,306.5400085449219,275.44000244140625,352.69000244140625,596.39697265625,73.94000244140625,137491,49363,42554,41688,34538
2026-08-10 09:56:00-04:00,307.1300048828125,275.17999267578125,352.29998779296875,596.2999877929688,73.87999725341797,307.1499938964844,275.3299865722656,352.45001220703125,597.25,73.94000244140625,306.71319580078125,275.1000061035156,352.20001220703125,596.0,73.87000274658203,306.7200012207031,275.2850036621094,352.45001220703125,596.280029296875,73.93000030517578,89775,34638,27078,49665,44550
2026-08-10 09:57:00-04:00,307.12811279296875,275.3500061035156,352.2616882324219,596.780029296875,73.8949966430664,307.2200012207031,275.364990234375,352.3599853515625,596.780029296875,73.9000015258789,307.04998779296875,275.1099853515625,352.1700134277344,595.5499877929688,73.8499984741211,307.1300048828125,275.2698974609375,352.2650146484375,596.2999877929688,73.87999725341797,110555,26199,22715,43933,34410
2026-08-10 09:58:00-04:00,306.82000732421875,275.5249938964844,352.82000732421875,596.9050903320312,73.94999694824219,307.1400146484375,275.70001220703125,352.8800048828125,597.8800048828125,73.9800033569336,306.6700134277344,275.30999755859375,352.1000061035156,596.6400146484375,73.87999725341797,307.1300048828125,275.3699951171875,352.2749938964844,596.6900024414062,73.87999725341797,114981,53311,40573,35538,38167
2026-08-10 09:59:00-04:00,307.04998779296875,275.80499267578125,352.70001220703125,596.8300170898438,73.91500091552734,307.04998779296875,275.8299865722656,353.1600036621094,597.5,73.95500183105469,306.6000061035156,275.4150085449219,352.6499938964844,596.6400146484375,73.9000015258789,306.82501220703125,275.5150146484375,352.8800048828125,596.8546142578125,73.95500183105469,127698,64478,51698,28931,41733
2026-08-10 10:00:00-04:00,306.7298889160156,275.489990234375,352.41558837890625,596.2999877929688,73.91000366210938,307.3500061035156,276.04998779296875,353.07000732421875,597.780029296875,73.97000122070312,306.6402893066406,275.489990234375,352.2850036621094,596.260009765625,73.91000366210938,307.0400085449219,275.7799987792969,352.75,597.0,73.91999816894531,245373,204860,51244,39514,73150
2026-08-10 10:01:00-04:00,306.80999755859375,275.1199951171875,352.110107421875,595.6400146484375,73.94000244140625,306.989990234375,275.5450134277344,352.427490234375,596.2899780273438,73.98500061035156,306.67999267578125,275.0799865722656,352.0899963378906,595.2100219726562,73.88999938964844,306.7149963378906,275.4200134277344,352.427490234375,596.239990234375,73.9000015258789,67118,58098,19782,66602,50093
2026-08-10 10:02:00-04:00,307.1300048828125,275.18011474609375,352.44000244140625,596.8400268554688,74.11000061035156,307.159912109375,275.239990234375,352.4637145996094,596.989990234375,74.16000366210938,306.7300109863281,274.94000244140625,352.0849914550781,595.5,73.94000244140625,306.80999755859375,275.1199951171875,352.1600036621094,595.780029296875,73.94000244140625,100144,46231,42014,28636,116014
2026-08-10 10:03:00-04:00,307.17498779296875,275.239990234375,352.4750061035156,596.9349975585938,74.12000274658203,307.2300109863281,275.3500061035156,352.54998779296875,597.3900146484375,74.14990234375,307.0,275.0899963378906,352.2699890136719,596.7000122070312,74.07499694824219,307.1400146484375,275.1600036621094,352.4101867675781,596.8400268554688,74.12000274658203,102450,57526,30374,38198,35806
2026-08-10 10:04:00-04:00,307.32501220703125,275.1099853515625,352.42999267578125,596.7899780273438,74.11499786376953,307.4200134277344,275.3114013671875,352.57000732421875,597.5499877929688,74.16999816894531,307.1300048828125,275.04998779296875,352.3299865722656,596.7899780273438,74.11000061035156,307.17999267578125,275.17999267578125,352.4100036621094,597.0999145507812,74.12439727783203,110563,56919,40263,19163,35672
2026-08-10 10:05:00-04:00,307.2349853515625,275.29998779296875,352.635009765625,597.239990234375,74.12999725341797,307.389892578125,275.3699951171875,352.7099914550781,597.4500122070312,74.1500015258789,307.18548583984375,275.07000732421875,352.3800048828125,596.9400024414062,74.1050033569336,307.3399963378906,275.1899108886719,352.44000244140625,596.969970703125,74.13089752197266,111037,90850,25214,19885,40904
2026-08-10 10:06:00-04:00,306.87200927734375,275.67498779296875,352.3450012207031,597.1799926757812,74.12000274658203,307.32000732421875,275.67498779296875,352.6700134277344,597.9000244140625,74.18000030517578,306.8699951171875,275.2101135253906,352.2701110839844,597.0999755859375,74.11000061035156,307.2349853515625,275.260009765625,352.635009765625,597.260009765625,74.12999725341797,140786,52245,30989,43384,45144
2026-08-10 10:07:00-04:00,306.5487060546875,275.5,352.1449890136719,596.5800170898438,74.09919738769531,306.92999267578125,275.95001220703125,352.54998779296875,597.4500122070312,74.18000030517578,306.5335998535156,275.4599914550781,352.1300048828125,596.3699951171875,74.06999969482422,306.87249755859375,275.6700134277344,352.3450012207031,597.1019897460938,74.12999725341797,115026,111906,32084,26325,43298
2026-08-10 10:08:00-04:00,306.4541931152344,275.81500244140625,353.010009765625,597.4400024414062,74.16999816894531,306.6600036621094,275.95001220703125,353.0899963378906,597.6649780273438,74.22000122070312,306.42999267578125,275.5199890136719,352.1449890136719,596.453125,74.08999633789062,306.5400085449219,275.5199890136719,352.1449890136719,596.530029296875,74.09500122070312,120719,69965,31153,25801,52736
2026-08-10 10:09:00-04:00,306.4100036621094,276.010009765625,353.3550109863281,598.4500122070312,74.2029037475586,306.5199890136719,276.010009765625,353.4299011230469,598.5800170898438,74.22000122070312,306.25,275.7500915527344,353.04998779296875,597.3416748046875,74.12999725341797,306.44500732421875,275.760009765625,353.04998779296875,597.3416748046875,74.16000366210938,148174,125172,32255,38048,52115
2026-08-10 10:10:00-04:00,306.2900085449219,275.7749938964844,353.5672912597656,598.489990234375,74.19999694824219,306.42999267578125,276.125,353.68109130859375,598.8499755859375,74.20999908447266,306.2539978027344,275.7349853515625,353.3299865722656,598.1801147460938,74.15499877929688,306.39080810546875,276.0249938964844,353.3299865722656,598.4500122070312,74.20999908447266,142444,42734,45421,41626,34824
2026-08-10 10:11:00-04:00,306.4021911621094,275.6600036621094,353.1300048828125,597.9000244140625,74.20999908447266,306.5400085449219,275.968994140625,353.5299987792969,598.5,74.22560119628906,306.260009765625,275.6600036621094,352.989990234375,597.1500244140625,74.12000274658203,306.29998779296875,275.7699890136719,353.4700927734375,598.4182739257812,74.19999694824219,103049,42638,26847,27283,49942
2026-08-10 10:12:00-04:00,306.17999267578125,275.6400146484375,352.9999084472656,598.280029296875,74.18000030517578,306.4399108886719,275.7200012207031,353.05999755859375,598.5700073242188,74.20999908447266,306.010009765625,275.42010498046875,352.7200012207031,597.4202270507812,74.08999633789062,306.4150085449219,275.6700134277344,353.05999755859375,597.989990234375,74.20010375976562,104959,55198,13311,21460,39270
2026-08-10 10:13:00-04:00,306.17999267578125,276.489990234375,353.1499938964844,598.7755737304688,74.2300033569336,306.3349914550781,276.5566101074219,353.2279968261719,598.89990234375,74.2300033569336,305.95001220703125,275.5849914550781,352.93060302734375,598.1749877929688,74.14009857177734,306.19500732421875,275.6199951171875,352.989990234375,598.4000244140625,74.18009948730469,182097,100299,26693,25745,37631
2026-08-10 10:14:00-04:00,306.5299987792969,276.9385070800781,353.1199951171875,598.89501953125,74.1500015258789,306.55999755859375,277.0,353.2134094238281,599.4299926757812,74.23999786376953,306.17999267578125,276.489990234375,352.92999267578125,598.280029296875,74.1500015258789,306.1940002441406,276.510009765625,353.2134094238281,598.7130126953125,74.23500061035156,102011,128975,14407,32899,35764
2026-08-10 10:15:00-04:00,306.3800048828125,276.7099914550781,353.2099914550781,598.489990234375,74.19999694824219,306.5400085449219,277.1400146484375,353.3800048828125,599.7750244140625,74.24500274658203,306.2900085449219,276.5299987792969,353.04998779296875,598.2999877929688,74.16000366210938,306.510009765625,276.94000244140625,353.1499938964844,598.9099731445312,74.18000030517578,92557,274092,41041,75215,40945
2026-08-10 10:16:00-04:00,306.4316101074219,276.9700012207031,353.4049987792969,597.4000244140625,74.27940368652344,306.5899963378906,277.0198974609375,353.45001220703125,598.4849853515625,74.31999969482422,306.3500061035156,276.70001220703125,353.110107421875,597.3599853515625,74.19999694824219,306.3800048828125,276.74920654296875,353.18499755859375,598.4849853515625,74.19999694824219,79613,67352,111679,21239,98666
2026-08-10 10:17:00-04:00,306.67999267578125,276.8901062011719,353.8500061035156,597.635009765625,74.19999694824219,306.7300109863281,277.1199951171875,353.8800048828125,597.7000122070312,74.29000091552734,306.44000244140625,276.7699890136719,353.3599853515625,596.7100219726562,74.19999694824219,306.45001220703125,276.97369384765625,353.3999938964844,597.3703002929688,74.2699966430664,97562,65469,50990,50740,40494
2026-08-10 10:18:00-04:00,306.6340026855469,276.989990234375,354.0249938964844,598.9998779296875,74.2699966430664,306.760009765625,277.1050109863281,354.05999755859375,599.0,74.27999877929688,306.5799865722656,276.8500061035156,353.6805114746094,597.27001953125,74.15499877929688,306.67999267578125,276.93499755859375,353.8500061035156,597.5999145507812,74.18000030517578,77390,66092,60348,22403,29363
2026-08-10 10:19:00-04:00,307.05999755859375,277.45001220703125,354.625,600.5601196289062,74.32499694824219,307.0799865722656,277.6000061035156,354.6600036621094,600.9299926757812,74.36990356445312,306.61090087890625,276.9700012207031,353.94000244140625,598.5599975585938,74.27999877929688,306.6400146484375,277.0150146484375,353.989990234375,598.830810546875,74.29000091552734,294236,130128,32155,56202,51776
2026-08-10 10:20:00-04:00,307.04998779296875,276.8349914550781,354.875,601.7999877929688,74.45999908447266,307.19989013671875,277.79998779296875,355.1000061035156,602.0989990234375,74.4800033569336,307.0201110839844,276.8349914550781,354.55999755859375,600.6300048828125,74.29499816894531,307.0400085449219,277.4100036621094,354.6499938964844,600.6849975585938,74.32499694824219,85152,148077,108799,58617,74554
2026-08-10 10:21:00-04:00,307.3204040527344,276.70001220703125,354.6700134277344,602.010009765625,74.44000244140625,307.4559020996094,276.8774108886719,355.0,602.5999755859375,74.4800033569336,307.0400085449219,276.54998779296875,354.6210021972656,601.7362060546875,74.4000015258789,307.04998779296875,276.8550109863281,354.875,601.760009765625,74.44999694824219,118926,63642,30705,54809,41889
2026-08-10 10:22:00-04:00,307.07501220703125,276.7799987792969,354.8399963378906,602.1400146484375,74.41500091552734,307.4549865722656,276.9700012207031,355.0050048828125,602.3499755859375,74.47000122070312,307.04998779296875,276.5299987792969,354.5400085449219,601.5999755859375,74.38999938964844,307.3599853515625,276.67999267578125,354.6549987792969,602.0850219726562,74.44000244140625,112944,51449,57171,33593,46458
2026-08-10 10:23:00-04:00,307.114990234375,277.06500244140625,354.9100036621094,603.090087890625,74.62000274658203,307.19000244140625,277.1099853515625,355.1600036621094,603.3499755859375,74.63809967041016,306.8599853515625,276.59991455078125,354.739990234375,601.8939819335938,74.37999725341797,307.0899963378906,276.7550048828125,354.80499267578125,602.1204223632812,74.41500091552734,62044,62956,84734,49750,104150
2026-08-10 10:24:00-04:00,306.78009033203125,276.92999267578125,354.6611022949219,602.4000244140625,74.72000122070312,307.1299133300781,277.1679992675781,354.95001220703125,603.3200073242188,74.75,306.7200012207031,276.85009765625,354.6611022949219,602.4000244140625,74.62000274658203,307.114990234375,277.0299987792969,354.9100036621094,603.2979125976562,74.625,94894,67332,22205,49311,60704
2026-08-10 10:25:00-04:00,306.739990234375,277.22198486328125,354.8299865722656,602.3499755859375,74.69999694824219,306.9150085449219,277.22198486328125,354.88299560546875,602.6378784179688,74.7750015258789,306.6600036621094,276.94000244140625,354.69000244140625,601.739990234375,74.68499755859375,306.7950134277344,276.95001220703125,354.739990234375,602.4349975585938,74.71499633789062,100136,81784,20521,35006,60770
2026-08-10 10:26:00-04:00,306.75,277.3500061035156,354.864990234375,602.0700073242188,74.62020111083984,306.8399963378906,277.5400085449219,355.0,602.4899291992188,74.70169830322266,306.6400146484375,277.2099914550781,354.68499755859375,601.5599975585938,74.5999984741211,306.75,277.24951171875,354.8800048828125,602.3499755859375,74.68000030517578,56093,100303,33554,29369,44608
2026-08-10 10:27:00-04:00,306.81500244140625,277.18499755859375,354.875,602.72998046875,74.62999725341797,306.8699951171875,277.3399963378906,354.9100036621094,602.7899169921875,74.65499877929688,306.6600036621094,277.0350036621094,354.68011474609375,602.02001953125,74.58999633789062,306.7300109863281,277.3399963378906,354.82000732421875,602.0800170898438,74.62000274658203,51962,52331,28108,28998,47819
2026-08-10 10:28:00-04:00,307.1199951171875,277.12249755859375,354.9100036621094,603.2449951171875,74.69999694824219,307.25,277.260009765625,354.9898986816406,603.5800170898438,74.71649932861328,306.79998779296875,277.1099853515625,354.79998779296875,602.5800170898438,74.62010192871094,306.83990478515625,277.1700134277344,354.885986328125,602.6599731445312,74.62999725341797,85730,38913,44018,52312,57301
2026-08-10 10:29:00-04:00,306.8800048828125,277.6600036621094,355.30999755859375,603.6199951171875,74.7249984741211,307.1300048828125,277.75,355.30999755859375,603.77001953125,74.73999786376953,306.8299865722656,277.1099853515625,354.80999755859375,603.0,74.68000030517578,307.0899963378906,277.1099853515625,354.92498779296875,603.22998046875,74.70989990234375,58031,75741,59587,38237,45651
2026-08-10 10:30:00-04:00,307.0950012207031,277.86029052734375,355.3900146484375,603.5399780273438,74.76000213623047,307.19000244140625,277.93951416015625,355.57000732421875,604.0,74.79000091552734,306.8970947265625,277.6549987792969,355.0400085449219,603.2000732421875,74.70999908447266,306.8970947265625,277.6549987792969,355.3299865722656,603.6199951171875,74.72000122070312,93978,89213,32408,66103,67943
2026-08-10 10:31:00-04:00,307.1099853515625,278.0950012207031,355.2850036621094,603.7000122070312,74.73999786376953,307.20001220703125,278.3999938964844,355.4800109863281,604.0,74.79989624023438,307.05609130859375,277.8399963378906,355.1379089355469,603.3900756835938,74.73500061035156,307.0950012207031,277.864990234375,355.3918151855469,603.4299926757812,74.75430297851562,74897,205330,26625,45194,69392
2026-08-10 10:32:00-04:00,306.94000244140625,277.9200134277344,355.3299865722656,603.8699951171875,74.68990325927734,307.17999267578125,278.3299865722656,355.5299987792969,604.0,74.7499008178711,306.92010498046875,277.9150085449219,355.2799987792969,603.3099975585938,74.68499755859375,307.1177062988281,278.0899963378906,355.2850036621094,603.47998046875,74.73999786376953,62715,103031,40243,49535,50583
2026-08-10 10:33:00-04:00,306.8299865722656,278.31719970703125,355.1700134277344,604.2949829101562,74.70610046386719,306.989990234375,278.3699951171875,355.3699951171875,604.3599853515625,74.70610046386719,306.706787109375,277.8900146484375,355.010009765625,603.2750244140625,74.65499877929688,306.9200134277344,277.9200134277344,355.3699951171875,603.8289794921875,74.68990325927734,90480,82530,31486,42155,46636
2026-08-10 10:34:00-04:00,306.9100036621094,277.8900146484375,354.67401123046875,603.1320190429688,74.72000122070312,306.94000244140625,278.3299865722656,355.1650085449219,604.3599853515625,74.75,306.75,277.83758544921875,354.67401123046875,602.469970703125,74.69000244140625,306.80999755859375,278.2950134277344,355.1400146484375,604.3560791015625,74.70999908447266,60556,71943,24606,52850,54080
2026-08-10 10:35:00-04:00,306.8702087402344,278.010009765625,354.7699890136719,604.6500244140625,74.68990325927734,306.93499755859375,278.1400146484375,354.8500061035156,604.9299926757812,74.73999786376953,306.7300109863281,277.7640075683594,354.560302734375,603.030029296875,74.6698989868164,306.93499755859375,277.8599853515625,354.6700134277344,603.3300170898438,74.71499633789062,56062,62157,20591,65341,34441
2026-08-10 10:36:00-04:00,306.7799987792969,277.7250061035156,354.8699951171875,603.6857299804688,74.69000244140625,306.9599914550781,278.12701416015625,355.0249938964844,604.9299926757812,74.72000122070312,306.760009765625,277.6300048828125,354.760009765625,603.6251831054688,74.66999816894531,306.8599853515625,278.0150146484375,354.79998779296875,604.6500244140625,74.68000030517578,52318,181986,20404,37254,26716
2026-08-10 10:37:00-04:00,306.6300048828125,277.9800109863281,354.8290100097656,603.7100219726562,74.70500183105469,306.82000732421875,277.9800109863281,355.0,604.0999755859375,74.7300033569336,306.510009765625,277.6400146484375,354.7650146484375,603.2100219726562,74.66000366210938,306.7900085449219,277.70001220703125,354.864990234375,603.7150268554688,74.68990325927734,89478,56566,21637,21989,36055
2026-08-10 10:38:00-04:00,306.7250061035156,277.7593994140625,354.364990234375,603.4700927734375,74.7499008178711,306.7499084472656,278.010009765625,354.8398132324219,603.97998046875,74.75,306.5299987792969,277.7200012207031,354.2699890136719,602.989990234375,74.70010375976562,306.6400146484375,277.9800109863281,354.8349914550781,603.8499755859375,74.73999786376953,50363,38765,22613,26693,31798
2026-08-10 10:39:00-04:00,306.6077880859375,278.23980712890625,354.4599914550781,604.4976806640625,74.7300033569336,306.7699890136719,278.23980712890625,354.4800109863281,604.6231079101562,74.7750015258789,306.5299987792969,277.7200927734375,354.2001037597656,603.52001953125,74.69999694824219,306.7200012207031,277.739990234375,354.32000732421875,603.52001953125,74.73999786376953,64234,49382,19061,34652,57836
2026-08-10 10:40:00-04:00,306.5899963378906,278.17999267578125,354.7300109863281,604.119873046875,74.75499725341797,306.64678955078125,278.2900085449219,354.8599853515625,604.8599853515625,74.76000213623047,306.5,278.0979919433594,354.43701171875,603.72998046875,74.67500305175781,306.5899963378906,278.2149963378906,354.45001220703125,604.5150146484375,74.72599792480469,73196,69778,26658,55867,24316
2026-08-10 10:41:00-04:00,306.5856018066406,278.0,354.6400146484375,604.4249877929688,74.75,306.6600036621094,278.2929992675781,354.8999938964844,604.5999755859375,74.80999755859375,306.5,278.0,354.5790100097656,603.786376953125,74.74009704589844,306.55999755859375,278.19000244140625,354.70001220703125,603.8159790039062,74.75499725341797,61283,47265,18191,32579,51088
2026-08-10 10:42:00-04:00,306.5848083496094,278.07000732421875,354.67999267578125,606.260009765625,74.76300048828125,306.5899963378906,278.0920104980469,354.69000244140625,606.469970703125,74.76499938964844,306.4599914550781,277.95001220703125,354.4649963378906,604.4500732421875,74.7300033569336,306.55999755859375,278.0,354.6400146484375,604.5900268554688,74.73999786376953,51260,34827,15990,104713,31389
2026-08-10 10:43:00-04:00,306.760009765625,277.9700012207031,354.6199951171875,606.655029296875,74.84989929199219,306.7900085449219,278.1449890136719,354.75,606.9998779296875,74.84989929199219,306.56500244140625,277.9341125488281,354.57000732421875,606.219970703125,74.75,306.57000732421875,278.0899963378906,354.6400146484375,606.260009765625,74.75,57313,42654,22635,108350,44538
2026-08-10 10:44:00-04:00,306.7449951171875,278.04998779296875,354.3999938964844,607.739990234375,74.82499694824219,306.760009765625,278.04998779296875,354.6700134277344,607.889892578125,74.85980224609375,306.6400146484375,277.8900146484375,354.3900146484375,606.7150268554688,74.80000305175781,306.75,278.0,354.6116027832031,606.7150268554688,74.8499984741211,38802,31195,18460,84261,30316
2026-08-10 10:45:00-04:00,306.7898864746094,278.13519287109375,354.25,607.77001953125,74.87000274658203,306.8800048828125,278.1600036621094,354.45001220703125,608.2100219726562,74.87999725341797,306.6300048828125,277.9359130859375,354.2099914550781,607.2501220703125,74.81999969482422,306.7449951171875,278.0899963378906,354.375,607.7899169921875,74.82990264892578,69520,40116,12517,76661,27846
2026-08-10 10:46:00-04:00,306.5201110839844,277.8900146484375,354.0799865722656,606.2301025390625,74.88829803466797,306.8399963378906,278.20001220703125,354.30999755859375,607.9000244140625,74.9209976196289,306.4849853515625,277.8699951171875,354.05999755859375,606.1099853515625,74.8739013671875,306.7650146484375,278.0899963378906,354.26849365234375,607.77001953125,74.8739013671875,61265,42494,10443,57812,79357
2026-08-10 10:47:00-04:00,306.2900085449219,277.6000061035156,353.9599914550781,606.5650024414062,74.83000183105469,306.6400146484375,277.93798828125,354.0849914550781,606.77001953125,74.91999816894531,306.2799987792969,277.56048583984375,353.79998779296875,605.6599731445312,74.83000183105469,306.5299987792969,277.8949890136719,354.04998779296875,606.35498046875,74.88500213623047,134365,70524,26486,51339,58715
2026-08-10 10:48:00-04:00,306.3699951171875,277.3599853515625,353.8599853515625,606.5150146484375,74.77999877929688,306.5400085449219,277.6700134277344,354.052490234375,607.0798950195312,74.8499984741211,306.2250061035156,277.3500061035156,353.81878662109375,606.375,74.7699966430664,306.2699890136719,277.6000061035156,354.0,606.5900268554688,74.82499694824219,82270,46848,21183,32099,57886
2026-08-10 10:49:00-04:00,306.4549865722656,277.7300109863281,353.80999755859375,605.8983764648438,74.81500244140625,306.572509765625,277.885009765625,354.1400146484375,607.9199829101562,74.83000183105469,306.3550109863281,277.3609924316406,353.7900085449219,605.8599853515625,74.76000213623047,306.3699951171875,277.3699951171875,353.864990234375,606.469970703125,74.7699966430664,98737,48543,29470,73982,43504
2026-08-10 10:50:00-04:00,306.4800109863281,277.69000244140625,353.94000244140625,605.4199829101562,74.88999938964844,306.55499267578125,277.7349853515625,354.05999755859375,606.1799926757812,74.88999938964844,306.3500061035156,277.56500244140625,353.70001220703125,605.29638671875,74.79000091552734,306.448486328125,277.7300109863281,353.7699890136719,606.030029296875,74.81500244140625,66895,44573,14511,31234,66232
2026-08-10 10:51:00-04:00,306.4849853515625,277.385009765625,353.6893005371094,605.4500122070312,74.875,306.510009765625,277.7349853515625,353.94000244140625,606.3400268554688,74.92500305175781,306.3999938964844,277.3599853515625,353.6221923828125,605.27001953125,74.8499984741211,306.476806640625,277.7099914550781,353.94000244140625,605.4500122070312,74.88839721679688,60997,50714,18562,29720,81924
2026-08-10 10:52:00-04:00,306.55499267578125,277.5,353.69000244140625,605.885009765625,74.875,306.6676025390625,277.69500732421875,353.839111328125,605.9500122070312,74.92990112304688,306.42999267578125,277.4100036621094,353.58099365234375,605.4099731445312,74.86799621582031,306.4849853515625,277.4100036621094,353.7200012207031,605.4600219726562,74.875,58197,48592,16024,28703,37851
2026-08-10 10:53:00-04:00,306.635009765625,277.17999267578125,353.3299865722656,603.6599731445312,74.75499725341797,306.67999267578125,277.5899963378906,353.7900085449219,606.260009765625,74.89209747314453,306.510009765625,277.1700134277344,353.32000732421875,603.6201171875,74.75499725341797,306.54998779296875,277.5,353.6650085449219,605.9500122070312,74.87989807128906,110096,77030,28569,73083,89734
2026-08-10 10:54:00-04:00,306.8465881347656,277.18499755859375,352.8800048828125,603.9650268554688,74.86499786376953,306.8500061035156,277.3299865722656,353.4100036621094,604.1669921875,74.87999725341797,306.6300048828125,277.1400146484375,352.7900085449219,603.469970703125,74.75499725341797,306.6499938964844,277.1802062988281,353.32501220703125,603.8200073242188,74.76000213623047,77089,47117,38114,19381,65509
2026-08-10 10:55:00-04:00,306.7900085449219,277.3599853515625,352.6700134277344,604.0599975585938,74.9000015258789,306.8999938964844,277.4700012207031,352.9049987792969,604.6799926757812,74.9000015258789,306.739013671875,277.19000244140625,352.6000061035156,603.9600219726562,74.83989715576172,306.8299865722656,277.1910095214844,352.8550109863281,603.969970703125,74.86509704589844,54074,35700,23407,34720,41555
2026-08-10 10:56:00-04:00,306.80999755859375,277.3550109863281,352.6799011230469,603.2949829101562,74.91999816894531,306.82000732421875,277.5199890136719,352.8599853515625,604.2999877929688,74.94999694824219,306.6401062011719,277.25,352.5799865722656,603.1500244140625,74.86499786376953,306.7650146484375,277.3900146484375,352.6400146484375,604.1699829101562,74.89299774169922,53294,46742,23595,35170,58635
2026-08-10 10:57:00-04:00,306.79998779296875,277.4100036621094,352.5299987792969,602.6290283203125,74.97000122070312,306.8500061035156,277.4200134277344,352.82000732421875,603.31787109375,74.9749984741211,306.7101135253906,277.2900085449219,352.4353942871094,602.530029296875,74.91999816894531,306.80999755859375,277.3399963378906,352.7099914550781,603.2899780273438,74.91999816894531,70490,31396,30778,35396,62075
2026-08-10 10:58:00-04:00,306.82000732421875,277.82501220703125,352.44000244140625,603.4000244140625,74.93000030517578,306.8999938964844,277.8599853515625,352.6300048828125,603.4500122070312,74.97000122070312,306.7699890136719,277.385009765625,352.3501892089844,602.4299926757812,74.91999816894531,306.79998779296875,277.4150085449219,352.57000732421875,602.6199951171875,74.96499633789062,58916,60717,19740,57528,50989
2026-08-10 10:59:00-04:00,307.125,277.70001220703125,352.57000732421875,602.9000244140625,74.99500274658203,307.20989990234375,277.7850036621094,352.6899108886719,603.4099731445312,75.02999877929688,306.7650146484375,277.6199951171875,352.3699951171875,602.9000244140625,74.91500091552734,306.8299865722656,277.760009765625,352.42999267578125,603.4000244140625,74.93000030517578,84669,54968,21535,24527,147460
2026-08-10 11:00:00-04:00,306.9451904296875,277.6700134277344,352.6099853515625,602.39501953125,74.92279815673828,307.1400146484375,277.7349853515625,352.7200012207031,603.0900268554688,75.01499938964844,306.8399963378906,277.6099853515625,352.5199890136719,602.3499755859375,74.91010284423828,307.125,277.7149963378906,352.57501220703125,602.9000244140625,75.0,94230,48677,25508,39160,86602
2026-08-10 11:01:00-04:00,306.92999267578125,277.7950134277344,352.82489013671875,602.5700073242188,74.96499633789062,307.0299987792969,277.9200134277344,352.8299865722656,602.8900146484375,74.98999786376953,306.9200134277344,277.67999267578125,352.57000732421875,602.3499755859375,74.94000244140625,306.94000244140625,277.67999267578125,352.6050109863281,602.4400024414062,74.94000244140625,37905,41366,16324,31284,29235
2026-08-10 11:02:00-04:00,306.8299865722656,277.92999267578125,352.9450988769531,602.7100219726562,74.92500305175781,307.0,277.9700012207031,353.0,602.8900146484375,74.9800033569336,306.7705078125,277.739990234375,352.8089904785156,602.3499755859375,74.92500305175781,306.9200134277344,277.7699890136719,352.8089904785156,602.52001953125,74.95999908447266,40494,42202,19629,16464,33087
2026-08-10 11:03:00-04:00,306.67999267578125,278.3634948730469,353.0270080566406,602.3499755859375,74.93000030517578,306.95001220703125,278.3999938964844,353.1300048828125,603.0,74.9800033569336,306.6499938964844,277.8800048828125,352.8599853515625,602.3255004882812,74.91999816894531,306.8299865722656,277.9200134277344,352.9100036621094,602.7949829101562,74.92500305175781,61239,155581,27122,25389,47571
2026-08-10 11:04:00-04:00,306.70001220703125,278.6549987792969,352.69989013671875,601.6599731445312,74.91500091552734,306.9200134277344,278.9200134277344,353.05999755859375,602.3800048828125,74.92500305175781,306.6600036621094,278.29888916015625,352.62249755859375,601.5599975585938,74.87000274658203,306.67999267578125,278.3800048828125,353.04998779296875,602.3800048828125,74.91999816894531,61570,196301,35076,37892,49186
2026-08-10 11:05:00-04:00,306.6700134277344,279.0465087890625,352.5450134277344,602.156494140625,74.95500183105469,306.7250061035156,279.1499938964844,352.69000244140625,602.5499877929688,74.99500274658203,306.6499938964844,278.510009765625,352.4713134765625,601.5449829101562,74.87999725341797,306.69500732421875,278.635009765625,352.6499938964844,601.6049194335938,74.91000366210938,35103,173206,18533,44813,44264
2026-08-10 11:06:00-04:00,306.6099853515625,278.9241027832031,352.5509948730469,602.1950073242188,74.95500183105469,306.760009765625,279.29998779296875,352.70001220703125,602.4249877929688,75.0,306.5899963378906,278.9241027832031,352.43499755859375,601.9199829101562,74.94999694824219,306.67498779296875,279.0473937988281,352.5450134277344,602.1799926757812,74.95500183105469,46610,136377,20101,38394,25727
2026-08-10 11:07:00-04:00,306.5,278.80999755859375,352.400390625,602.1099853515625,75.0250015258789,306.6199951171875,279.07989501953125,352.6000061035156,602.3200073242188,75.02989959716797,306.45001220703125,278.70001220703125,352.3900146484375,601.89501953125,74.95999908447266,306.6000061035156,278.9700012207031,352.5199890136719,602.2050170898438,74.95999908447266,60121,83931,16707,18839,52703
2026-08-10 11:08:00-04:00,306.489990234375,278.9150085449219,352.4399108886719,602.1849975585938,75.04000091552734,306.5799865722656,279.0199890136719,352.55999755859375,602.22998046875,75.05000305175781,306.4599914550781,278.8005065917969,352.3299865722656,601.9199829101562,74.98500061035156,306.5,278.82000732421875,352.4200134277344,602.1099853515625,75.0199966430664,40618,50568,27405,20749,64425
2026-08-10 11:09:00-04:00,306.6400146484375,278.8699951171875,352.4100036621094,601.719970703125,75.08499908447266,306.739990234375,278.9779968261719,352.5400085449219,602.5,75.11499786376953,306.5032043457031,278.7799987792969,352.3399963378906,601.719970703125,75.0199966430664,306.5299987792969,278.9200134277344,352.3800048828125,602.1400146484375,75.02999877929688,92494,80239,11353,15696,93651
2026-08-10 11:10:00-04:00,306.7699890136719,278.8175964355469,352.75,601.22998046875,75.06990051269531,306.7799987792969,279.010009765625,352.8599853515625,601.719970703125,75.0999984741211,306.57000732421875,278.7799987792969,352.30120849609375,601.0900268554688,75.05999755859375,306.6499938964844,278.82501220703125,352.4100036621094,601.719970703125,75.08499908447266,57515,71843,36380,23793,40669
2026-08-10 11:11:00-04:00,306.7958984375,278.864990234375,352.8800048828125,601.489990234375,75.0250015258789,306.8900146484375,279.0,352.95001220703125,601.8200073242188,75.0999984741211,306.7099914550781,278.7300109863281,352.75,601.0999755859375,75.00499725341797,306.7699890136719,278.7699890136719,352.7900085449219,601.3099975585938,75.06999969482422,78119,63024,14723,21080,44353
2026-08-10 11:12:00-04:00,306.6050109863281,278.7749938964844,352.57000732421875,600.5999755859375,75.0199966430664,306.8399963378906,278.95001220703125,352.8999938964844,601.635009765625,75.02999877929688,306.5799865722656,278.739990234375,352.55010986328125,600.5999755859375,74.9800033569336,306.80499267578125,278.864990234375,352.82000732421875,601.4949951171875,75.0250015258789,60834,60735,28513,32337,43803
2026-08-10 11:13:00-04:00,306.43499755859375,278.8999938964844,352.5799865722656,600.6699829101562,75.08000183105469,306.6099853515625,278.9200134277344,352.6499938964844,601.6300048828125,75.0999984741211,306.4100036621094,278.7300109863281,352.5,600.5399780273438,75.01000213623047,306.6000061035156,278.760009765625,352.6000061035156,600.6900024414062,75.0199966430664,79667,72392,12428,31299,122814
2026-08-10 11:14:00-04:00,306.3900146484375,279.07000732421875,352.79998779296875,600.2100219726562,75.10540008544922,306.5299987792969,279.1698913574219,352.8299865722656,600.77001953125,75.10540008544922,306.3900146484375,278.8599853515625,352.55999755859375,600.0499877929688,75.05879974365234,306.44000244140625,278.9150085449219,352.5751037597656,600.75,75.07499694824219,46675,47911,19663,49533,45180
2026-08-10 11:15:00-04:00,306.5617980957031,278.92999267578125,352.67999267578125,599.7550048828125,74.9800033569336,306.6600036621094,279.05499267578125,352.7799987792969,600.1799926757812,75.11000061035156,306.281005859375,278.7799987792969,352.6600036621094,599.5001220703125,74.93000030517578,306.4049987792969,279.05499267578125,352.7650146484375,600.0900268554688,75.1050033569336,67624,70650,12431,41396,74048
2026-08-10 11:16:00-04:00,306.739990234375,278.9599914550781,352.7149963378906,599.72998046875,74.95999908447266,306.7900085449219,279.0799865722656,352.75,600.0,74.98989868164062,306.50579833984375,278.90008544921875,352.6400146484375,599.6500244140625,74.95999908447266,306.57000732421875,278.9100036621094,352.69891357421875,599.7000122070312,74.9800033569336,39273,56840,12320,22819,54133
2026-08-10 11:17:00-04:00,306.7200012207031,278.8999938964844,352.81500244140625,599.2894897460938,74.93000030517578,306.760009765625,279.1098937988281,352.8599853515625,599.9000244140625,74.96499633789062,306.6199951171875,278.7650146484375,352.6600036621094,599.0599975585938,74.9000015258789,306.7149963378906,279.0050048828125,352.7149963378906,599.8099975585938,74.93879699707031,33658,71855,13954,32118,57246
2026-08-10 11:18:00-04:00,306.79998779296875,279.1700134277344,353.07000732421875,598.7650146484375,74.91010284423828,306.8703918457031,279.20001220703125,353.1099853515625,599.25,74.94020080566406,306.739990234375,278.9100036621094,352.7793884277344,598.7650146484375,74.90499877929688,306.739990234375,278.9100036621094,352.8299865722656,599.2349853515625,74.94000244140625,50383,88508,38118,26701,58892
2026-08-10 11:19:00-04:00,306.6499938964844,279.19000244140625,353.43560791015625,598.7999877929688,74.94000244140625,306.80999755859375,279.3900146484375,353.43560791015625,599.030029296875,74.95680236816406,306.6099853515625,279.1650085449219,353.04998779296875,598.6500244140625,74.88999938964844,306.7919921875,279.1824951171875,353.07501220703125,598.7750244140625,74.91000366210938,29535,83572,15753,22200,43969
2026-08-10 11:20:00-04:00,306.5899963378906,279.3599853515625,353.4800109863281,598.9400024414062,74.94979858398438,306.7300109863281,279.42999267578125,353.6000061035156,599.0700073242188,74.96800231933594,306.5899963378906,279.1700134277344,353.3429870605469,598.719970703125,74.93499755859375,306.6499938964844,279.17999267578125,353.3999938964844,598.7999877929688,74.93499755859375,37786,69267,35395,31451,62820
2026-08-10 11:21:00-04:00,306.67999267578125,279.42999267578125,353.19000244140625,599.375,74.94499969482422,306.7200012207031,279.5400085449219,353.5498962402344,599.7520141601562,74.96900177001953,306.57000732421875,279.364990234375,353.18011474609375,598.9199829101562,74.93000030517578,306.5899963378906,279.364990234375,353.5498962402344,598.989990234375,74.94499969482422,48210,83732,22419,29948,41369
2026-08-10 11:22:00-04:00,306.67999267578125,279.4649963378906,353.07501220703125,599.4849853515625,74.93499755859375,306.69219970703125,279.7300109863281,353.2200012207031,599.4849853515625,74.95500183105469,306.6199951171875,279.3699951171875,352.9599914550781,599.148193359375,74.91999816894531,306.6600036621094,279.4200134277344,353.2200012207031,599.375,74.94000244140625,18714,126251,16348,24906,46519
2026-08-10 11:23:00-04:00,306.70001220703125,279.2950134277344,352.92498779296875,599.4849853515625,74.92500305175781,306.73541259765625,279.4898986816406,353.20001220703125,599.7000122070312,74.94499969482422,306.6099853515625,279.2300109863281,352.80999755859375,599.239990234375,74.88999938964844,306.70001220703125,279.45001220703125,353.07501220703125,599.5700073242188,74.93000030517578,38908,65591,23547,24900,57661
2026-08-10 11:24:00-04:00,306.625,279.3999938964844,352.7900085449219,599.47998046875,74.95999908447266,306.6968078613281,279.3999938964844,352.9599914550781,599.6400146484375,74.9800033569336,306.54998779296875,279.1300048828125,352.76580810546875,599.25,74.87999725341797,306.6921081542969,279.30999755859375,352.92498779296875,599.5,74.91999816894531,33822,61917,9501,16057,106661
2026-08-10 11:25:00-04:00,306.4700012207031,279.2650146484375,352.6300048828125,599.0599975585938,74.91000366210938,306.6300048828125,279.5199890136719,352.8900146484375,599.5274047851562,74.95999908447266,306.4599914550781,279.20001220703125,352.6199951171875,599.0,74.91000366210938,306.6300048828125,279.41119384765625,352.739990234375,599.4600219726562,74.95500183105469,47548,93707,14017,13403,30155
2026-08-10 11:26:00-04:00,306.5350036621094,279.3865051269531,352.6099853515625,598.9500122070312,74.88999938964844,306.54559326171875,279.3865051269531,352.69000244140625,599.2587890625,74.94000244140625,306.42999267578125,279.239990234375,352.4200134277344,598.72998046875,74.86000061035156,306.45989990234375,279.2695007324219,352.6700134277344,599.0599975585938,74.91000366210938,36053,55214,30034,20888,48934
2026-08-10 11:27:00-04:00,306.67999267578125,279.3299865722656,352.614990234375,598.3599853515625,74.84239959716797,306.69000244140625,279.42999267578125,352.70001220703125,598.989990234375,74.89990234375,306.5150146484375,279.2699890136719,352.5799865722656,598.2999877929688,74.83999633789062,306.5400085449219,279.3999938964844,352.6099853515625,598.989990234375,74.88030242919922,39730,77904,8791,31380,34036
2026-08-10 11:28:00-04:00,306.57000732421875,279.6600036621094,352.75,598.9119873046875,74.9000015258789,306.69000244140625,279.7799987792969,352.7799987792969,599.1500244140625,74.91999816894531,306.5,279.2799987792969,352.5299987792969,598.3599853515625,74.83999633789062,306.67999267578125,279.3299865722656,352.57000732421875,598.3599853515625,74.8405990600586,94308,154142,23341,40271,39631
2026-08-10 11:29:00-04:00,306.5585021972656,279.8799133300781,353.0,599.3400268554688,74.97000122070312,306.6098937988281,279.8800048828125,353.0400085449219,599.3800048828125,74.9800033569336,306.44000244140625,279.5570068359375,352.68011474609375,598.8499755859375,74.89009857177734,306.56768798828125,279.6400146484375,352.7699890136719,598.8900146484375,74.9000015258789,46096,141450,12032,18265,36895
2026-08-10 11:30:00-04:00,306.502685546875,279.5199890136719,353.0331115722656,599.2750244140625,74.97489929199219,306.5703125,279.9200134277344,353.17999267578125,599.3800048828125,74.98500061035156,306.4700927734375,279.3399963378906,352.95001220703125,599.0900268554688,74.94999694824219,306.5205078125,279.8450012207031,352.9800109863281,599.260009765625,74.9800033569336,35908,115050,12012,11284,30529
2026-08-10 11:31:00-04:00,306.6098937988281,279.2799987792969,353.25,599.6749877929688,74.94999694824219,306.6099853515625,279.5199890136719,353.2799987792969,599.8800048828125,74.98500061035156,306.4200134277344,279.2699890136719,353.0199890136719,599.1599731445312,74.94989776611328,306.5299987792969,279.4800109863281,353.03271484375,599.221923828125,74.9749984741211,96796,62638,9809,58700,27698
2026-08-10 11:32:00-04:00,306.4200134277344,279.2314147949219,353.3279113769531,599.4849853515625,74.98999786376953,306.6000061035156,279.3599853515625,353.38580322265625,599.8099975585938,74.98999786376953,306.4200134277344,279.0799865722656,353.1549987792969,599.239990234375,74.94000244140625,306.59600830078125,279.25,353.2300109863281,599.7344970703125,74.94499969482422,43765,96002,14400,33418,34512
2026-08-10 11:33:00-04:00,306.45001220703125,278.93499755859375,352.7900085449219,598.6900024414062,74.93499755859375,306.489990234375,279.2300109863281,353.375,599.625,74.98999786376953,306.4175109863281,278.9100036621094,352.7900085449219,598.6199951171875,74.93499755859375,306.43499755859375,279.2300109863281,353.3500061035156,599.4849853515625,74.98500061035156,33252,75507,22546,20108,40426
2026-08-10 11:34:00-04:00,306.4049987792969,278.7749938964844,352.75,598.9990844726562,74.94999694824219,306.5,278.9700012207031,352.9700012207031,599.2554931640625,74.95500183105469,306.3999938964844,278.6169128417969,352.7099914550781,598.4849853515625,74.91000366210938,306.44500732421875,278.95001220703125,352.7900085449219,598.780029296875,74.93000030517578,41175,75353,11421,23115,32735
2026-08-10 11:35:00-04:00,306.364990234375,279.19000244140625,352.7250061035156,599.0349731445312,74.97000122070312,306.42999267578125,279.2900085449219,352.80999755859375,599.1455078125,74.98989868164062,306.32000732421875,278.760009765625,352.610107421875,598.9008178710938,74.91500091552734,306.409912109375,278.78021240234375,352.718505859375,599.0051879882812,74.94499969482422,49927,118473,7890,15464,25948
2026-08-10 11:36:00-04:00,306.3653869628906,279.489990234375,352.79998779296875,599.155029296875,74.9749984741211,306.3900146484375,279.57000732421875,352.8999938964844,599.3599243164062,74.9749984741211,306.3299865722656,279.2099914550781,352.6300048828125,598.9099731445312,74.94999694824219,306.364990234375,279.25,352.7698974609375,599.0349731445312,74.96499633789062,50988,111927,12348,13172,31676
2026-08-10 11:37:00-04:00,306.44000244140625,279.6619873046875,352.5775146484375,599.3049926757812,74.98500061035156,306.489990234375,279.70001220703125,352.8399963378906,599.4349975585938,75.0,306.3800048828125,279.42059326171875,352.5199890136719,598.8900146484375,74.9749984741211,306.3800048828125,279.5299987792969,352.7950134277344,599.219970703125,74.9800033569336,45582,93286,11108,16899,26821
2026-08-10 11:38:00-04:00,306.42498779296875,279.57000732421875,352.3949890136719,599.4149780273438,74.9749984741211,306.44000244140625,279.6650085449219,352.5899963378906,599.5499877929688,74.98999786376953,306.3789978027344,279.40008544921875,352.2200012207031,599.010009765625,74.94999694824219,306.4208984375,279.6600036621094,352.552001953125,599.2786254882812,74.9800033569336,39408,101205,24987,17452,28363
2026-08-10 11:39:00-04:00,306.5199890136719,279.1499938964844,352.44000244140625,599.4224853515625,74.96499633789062,306.6400146484375,279.68499755859375,352.6199951171875,599.6300048828125,74.98619842529297,306.3900146484375,279.1499938964844,352.3399963378906,599.219970703125,74.94999694824219,306.4150085449219,279.5350036621094,352.3399963378906,599.4149780273438,74.97000122070312,58774,108685,11043,11437,30422
2026-08-10 11:40:00-04:00,306.5899963378906,279.2099914550781,352.44000244140625,599.5700073242188,74.9800033569336,306.6199951171875,279.3599853515625,352.4800109863281,599.5700073242188,74.98500061035156,306.4700012207031,279.06500244140625,352.3800048828125,599.1500244140625,74.95500183105469,306.5199890136719,279.17999267578125,352.3999938964844,599.3250122070312,74.96499633789062,32487,72586,8714,15263,22656
2026-08-10 11:41:00-04:00,306.6499938964844,279.3450012207031,352.53009033203125,599.7349853515625,74.96499633789062,306.7900085449219,279.3800048828125,352.60400390625,599.969970703125,75.018798828125,306.57000732421875,279.25,352.3999938964844,599.4099731445312,74.96499633789062,306.614990234375,279.25,352.42999267578125,599.489990234375,74.9749984741211,77470,33974,13833,11010,45411
2026-08-10 11:42:00-04:00,306.55499267578125,279.3550109863281,352.3699035644531,599.360107421875,74.9800033569336,306.6700134277344,279.43499755859375,352.56988525390625,599.7813720703125,74.98999786376953,306.54998779296875,279.2900085449219,352.27288818359375,599.360107421875,74.97000122070312,306.6400146484375,279.3599853515625,352.56988525390625,599.7813720703125,74.9800033569336,44720,38263,28497,33601,17790
2026-08-10 11:43:00-04:00,306.510009765625,279.20001220703125,352.2650146484375,599.3258056640625,75.0,306.57000732421875,279.32000732421875,352.30999755859375,599.5599975585938,75.02999877929688,306.510009765625,279.20001220703125,352.2200012207031,599.0999755859375,74.97000122070312,306.55499267578125,279.32000732421875,352.29998779296875,599.4650268554688,74.9800033569336,26535,34274,10545,20642,31636
2026-08-10 11:44:00-04:00,306.5450134277344,279.3550109863281,352.3799133300781,599.6749877929688,74.99500274658203,306.6000061035156,279.4649963378906,352.3799133300781,600.0900268554688,75.01000213623047,306.5,279.2200012207031,352.1400146484375,599.25,74.98999786376953,306.5199890136719,279.2200012207031,352.2449951171875,599.2750244140625,75.0,36129,38055,12336,22317,17548
2026-08-10 11:45:00-04:00,306.6199951171875,279.32000732421875,352.2832946777344,599.6699829101562,74.98880004882812,306.6600036621094,279.3999938964844,352.3599853515625,599.9703979492188,75.01499938964844,306.5400085449219,279.2850036621094,352.2300109863281,599.6699829101562,74.96499633789062,306.54998779296875,279.32000732421875,352.3450012207031,599.8300170898438,75.0,29598,36668,9229,12708,51372
2026-08-10 11:46:00-04:00,306.635009765625,279.2701110839844,352.15869140625,599.6749877929688,75.01499938964844,306.67999267578125,279.32000732421875,352.2900085449219,599.6799926757812,75.0250015258789,306.5744934082031,279.20001220703125,352.1300048828125,599.4299926757812,74.97000122070312,306.625,279.30999755859375,352.2900085449219,599.6651000976562,74.9800033569336,23475,50635,10462,9160,38233
2026-08-10 11:47:00-04:00,306.5899963378906,279.1700134277344,352.0199890136719,599.9099731445312,75.0250015258789,306.6499938964844,279.32000732421875,352.20001220703125,600.0499877929688,75.05000305175781,306.55999755859375,279.1700134277344,352.0199890136719,599.5900268554688,75.0199966430664,306.6210021972656,279.29998779296875,352.17999267578125,599.6749877929688,75.0199966430664,31720,29969,15758,9157,27313
2026-08-10 11:48:00-04:00,306.54998779296875,279.1499938964844,352.1199951171875,599.9550170898438,74.98999786376953,306.6600036621094,279.2699890136719,352.239990234375,600.0999755859375,75.02999877929688,306.5400085449219,279.1199951171875,352.0199890136719,599.75,74.9749984741211,306.59228515625,279.1700134277344,352.0350036621094,599.875,75.01499938964844,43469,41269,18479,21535,44675
2026-08-10 11:49:00-04:00,306.6400146484375,279.45001220703125,352.2699890136719,599.6950073242188,75.00499725341797,306.6700134277344,279.6199951171875,352.489990234375,599.9193115234375,75.01000213623047,306.510009765625,279.0799865722656,352.1117858886719,599.5401000976562,74.94999694824219,306.55499267578125,279.1300048828125,352.1199951171875,599.8400268554688,74.98500061035156,31694,147301,13514,8169,28419
2026-08-10 11:50:00-04:00,306.67999267578125,279.3699951171875,352.3450012207031,599.9400024414062,75.03500366210938,306.70001220703125,279.510009765625,352.42999267578125,600.0,75.04010009765625,306.54010009765625,279.29168701171875,352.30999755859375,599.6900024414062,75.0,306.6400146484375,279.45001220703125,352.3399963378906,599.7000122070312,75.00499725341797,43345,69251,9276,9362,41996
2026-08-10 11:51:00-04:00,306.69000244140625,279.4100036621094,352.5,599.875,75.02999877929688,306.7300109863281,279.42498779296875,352.54901123046875,599.9299926757812,75.05000305175781,306.6300964355469,279.2449951171875,352.2388916015625,599.780029296875,75.01499938964844,306.68499755859375,279.34039306640625,352.30999755859375,599.885009765625,75.04000091552734,39386,66209,18877,6826,25313
2026-08-10 11:52:00-04:00,306.9150085449219,279.869384765625,352.54071044921875,600.2689819335938,75.07230377197266,306.92950439453125,279.869384765625,352.58990478515625,600.280029296875,75.08000183105469,306.6700134277344,279.385009765625,352.43011474609375,599.8499755859375,75.01000213623047,306.70001220703125,279.385009765625,352.4601135253906,599.9135131835938,75.01499938964844,46542,71565,8895,13401,27026
2026-08-10 11:53:00-04:00,306.8599853515625,279.7699890136719,352.4100036621094,599.4500122070312,75.08509826660156,306.9490051269531,279.9700012207031,352.5400085449219,600.2545166015625,75.08979797363281,306.7900085449219,279.7699890136719,352.4100036621094,599.35498046875,75.05000305175781,306.9200134277344,279.8601989746094,352.5299987792969,600.2545166015625,75.07499694824219,36762,76032,7350,37565,31377
2026-08-10 11:54:00-04:00,306.8949890136719,279.80999755859375,352.4649963378906,599.8300170898438,75.1050033569336,306.9200134277344,279.92498779296875,352.6000061035156,600.0,75.11499786376953,306.82000732421875,279.75299072265625,352.3399963378906,599.4450073242188,75.08499908447266,306.864990234375,279.760009765625,352.43499755859375,599.5198974609375,75.08499908447266,35611,42204,10454,29424,38661
2026-08-10 11:55:00-04:00,306.9389953613281,279.9849853515625,352.5690002441406,599.7650146484375,75.1050033569336,306.9389953613281,280.0199890136719,352.5690002441406,599.8222045898438,75.12999725341797,306.8299865722656,279.760009765625,352.42999267578125,599.3499755859375,75.09500122070312,306.8700866699219,279.839599609375,352.44000244140625,599.7899780273438,75.1050033569336,45580,277422,10803,33768,43209
2026-08-10 11:56:00-04:00,307.1099853515625,279.8299865722656,352.6499938964844,599.7650146484375,75.08499908447266,307.1195068359375,280.0,352.6700134277344,599.8499755859375,75.0999984741211,306.9110107421875,279.739990234375,352.53009033203125,599.4400024414062,75.07499694824219,306.94000244140625,280.0,352.53009033203125,599.7650146484375,75.0999984741211,68082,84686,10178,15089,23698
2026-08-10 11:57:00-04:00,307.2149963378906,279.8876953125,352.9100036621094,599.8701171875,75.07499694824219,307.2250061035156,279.9599914550781,352.9100036621094,600.1934814453125,75.0999984741211,307.04229736328125,279.82000732421875,352.6499938964844,599.719970703125,75.07009887695312,307.10198974609375,279.8299865722656,352.6499938964844,599.719970703125,75.08499908447266,64545,46113,18010,21703,28095
2026-08-10 11:58:00-04:00,307.20001220703125,279.8229064941406,353.0,600.1400146484375,75.13500213623047,307.2300109863281,280.1400146484375,353.1000061035156,600.3148803710938,75.13500213623047,307.0802917480469,279.7799987792969,352.8349914550781,599.6599731445312,75.06009674072266,307.2294921875,279.8999938964844,352.9100036621094,599.8699951171875,75.07499694824219,61776,118608,39432,11430,38519
2026-08-10 11:59:00-04:00,307.17999267578125,279.739990234375,353.0799865722656,599.5999755859375,75.13500213623047,307.20001220703125,279.8900146484375,353.1300048828125,600.1945190429688,75.1449966430664,307.05010986328125,279.68011474609375,352.989990234375,599.5999755859375,75.125,307.19000244140625,279.8500061035156,353.0205078125,600.135009765625,75.13500213623047,53903,46009,25057,19050,29502
2026-08-10 12:00:00-04:00,307.0400085449219,279.465087890625,353.1000061035156,599.47998046875,75.11009979248047,307.2471923828125,279.7560119628906,353.2300109863281,599.7517700195312,75.16000366210938,307.0299987792969,279.45001220703125,352.9800109863281,599.3699951171875,75.11000061035156,307.1099853515625,279.7149963378906,353.07000732421875,599.719970703125,75.13500213623047,57278,36910,20647,10980,51077
2026-08-10 12:01:00-04:00,307.07000732421875,279.3500061035156,353.17999267578125,599.0150146484375,75.44499969482422,307.1300048828125,279.56781005859375,353.19500732421875,600.0599975585938,75.46499633789062,307.0,279.3299865722656,353.0669860839844,598.3309936523438,75.11000061035156,307.0498046875,279.468994140625,353.1000061035156,599.4299926757812,75.11499786376953,34944,44077,19965,41701,407031
2026-08-10 12:02:00-04:00,306.8699951171875,279.4800109863281,353.20001220703125,599.2249755859375,75.37999725341797,307.1499938964844,279.6000061035156,353.32989501953125,599.7000122070312,75.48500061035156,306.8699951171875,279.3500061035156,353.1427917480469,599.02001953125,75.29000091552734,307.0690002441406,279.3500061035156,353.1972961425781,599.1300048828125,75.44000244140625,67438,49361,22274,16699,234930
2026-08-10 12:03:00-04:00,306.7550048828125,279.6099853515625,353.2449951171875,600.0700073242188,75.51499938964844,306.8691101074219,279.6199951171875,353.4100036621094,600.1898803710938,75.55500030517578,306.7200012207031,279.33489990234375,353.10009765625,599.3280029296875,75.36000061035156,306.8606872558594,279.4599914550781,353.20001220703125,599.3280029296875,75.36009979248047,51424,59844,24194,31545,180756
2026-08-10 12:04:00-04:00,306.4949951171875,279.9049987792969,353.2099914550781,599.9450073242188,75.53500366210938,306.760009765625,279.9049987792969,353.3699951171875,600.3599853515625,75.55220031738281,306.4700012207031,279.614990234375,353.0899963378906,599.7630004882812,75.4800033569336,306.75,279.6300964355469,353.2950134277344,600.25,75.51499938964844,92182,86914,10826,9014,84643
2026-08-10 12:05:00-04:00,306.3800964355469,279.510009765625,353.0799865722656,599.5549926757812,75.5,306.54998779296875,279.92999267578125,353.2300109863281,600.0,75.55999755859375,306.3800048828125,279.4989929199219,353.07501220703125,599.4500122070312,75.48999786376953,306.4800109863281,279.9100036621094,353.2200012207031,599.9199829101562,75.53050231933594,57787,59312,19620,21475,101865
2026-08-10 12:06:00-04:00,306.0950927734375,279.4100036621094,353.239990234375,599.4199829101562,75.5250015258789,306.46990966796875,279.54998779296875,353.2698974609375,599.8400268554688,75.53500366210938,306.07000732421875,279.3634948730469,353.0199890136719,599.3400268554688,75.48030090332031,306.3900146484375,279.510009765625,353.04998779296875,599.5549926757812,75.48999786376953,108155,59534,13630,19579,69352
2026-08-10 12:07:00-04:00,306.3450012207031,279.3599853515625,353.5799865722656,599.7000122070312,75.64990234375,306.3598937988281,279.3999938964844,353.6000061035156,599.7100219726562,75.69000244140625,306.07501220703125,279.20001220703125,353.20001220703125,599.130126953125,75.5248031616211,306.0985107421875,279.3999938964844,353.2735900878906,599.130126953125,75.5248031616211,98405,52447,29419,7246,149656
2026-08-10 12:08:00-04:00,306.06500244140625,279.25,353.2699890136719,599.75,75.65899658203125,306.3500061035156,279.3941955566406,353.5799865722656,599.8900146484375,75.66000366210938,306.0400085449219,279.25,353.2113037109375,599.5999755859375,75.6050033569336,306.34991455078125,279.3599853515625,353.5799865722656,599.7000122070312,75.64240264892578,127584,40665,18924,11273,83709
2026-08-10 12:09:00-04:00,306.037109375,279.2799987792969,353.2204895019531,599.9500122070312,75.66500091552734,306.2200012207031,279.3500061035156,353.3299865722656,600.0,75.69499969482422,306.0199890136719,279.25,353.2204895019531,599.719970703125,75.62000274658203,306.05999755859375,279.2749938964844,353.2749938964844,599.8599853515625,75.6500015258789,89048,36979,13864,12991,75209
2026-08-10 12:10:00-04:00,305.9700927734375,279.5199890136719,353.42999267578125,599.9450073242188,75.70500183105469,306.1099853515625,279.5729064941406,353.45001220703125,600.0,75.75,305.9100036621094,279.2699890136719,353.239990234375,599.7200927734375,75.6698989868164,306.04998779296875,279.2950134277344,353.239990234375,599.8099975585938,75.6698989868164,226492,61486,15024,19423,115363
2026-08-10 12:11:00-04:00,305.81988525390625,279.4800109863281,353.2099914550781,599.9229736328125,75.73999786376953,306.0899963378906,279.54998779296875,353.55999755859375,600.1300048828125,75.779296875,305.7200012207031,279.4700012207031,353.2099914550781,599.8200073242188,75.69999694824219,305.989990234375,279.54840087890625,353.3999938964844,599.9099731445312,75.70999908447266,155501,46564,22489,9685,98470
2026-08-10 12:12:00-04:00,305.5199890136719,279.2449951171875,353.2749938964844,599.7000122070312,75.73049926757812,305.8399963378906,279.5199890136719,353.3699951171875,600.0130004882812,75.7699966430664,305.4200134277344,279.2300109863281,353.2099914550781,599.6500244140625,75.7300033569336,305.80999755859375,279.4649963378906,353.2200012207031,599.9600219726562,75.73999786376953,157548,73589,10247,9410,61068
2026-08-10 12:13:00-04:00,305.6780090332031,279.1549987792969,353.17999267578125,599.6199951171875,75.84500122070312,305.7300109863281,279.2850036621094,353.29998779296875,599.760009765625,75.86499786376953,305.510009765625,279.0899963378906,353.1300048828125,599.4600219726562,75.7249984741211,305.510009765625,279.239990234375,353.2771911621094,599.5700073242188,75.7300033569336,132354,34079,9918,14673,126146
2026-08-10 12:14:00-04:00,305.5450134277344,279.0299987792969,352.885009765625,599.6179809570312,75.875,305.69000244140625,279.1600036621094,353.1600036621094,599.7000122070312,75.87989807128906,305.3901062011719,279.010009765625,352.885009765625,599.510009765625,75.80000305175781,305.67999267578125,279.1300048828125,353.1600036621094,599.6799926757812,75.8499984741211,132346,27381,16366,9573,72005
2026-08-10 12:15:00-04:00,305.3402099609375,278.8399963378906,352.7049865722656,598.739990234375,75.76000213623047,305.55999755859375,279.05999755859375,352.9599914550781,599.6500244140625,75.88999938964844,305.2278137207031,278.75,352.510009765625,598.6699829101562,75.7300033569336,305.5450134277344,279.0299987792969,352.9200134277344,599.5100708007812,75.87020111083984,156407,64196,7855,10417,135121
2026-08-10 12:16:00-04:00,305.2037048339844,278.68499755859375,352.60009765625,599.3049926757812,75.82990264892578,305.54998779296875,278.8901062011719,352.7549133300781,599.3400268554688,75.9198989868164,305.1900939941406,278.6600036621094,352.54998779296875,598.7451171875,75.73999786376953,305.3500061035156,278.82000732421875,352.7099914550781,598.8400268554688,75.76000213623047,105555,33206,12482,209141,137598
2026-08-10 12:17:00-04:00,305.1600036621094,278.6499938964844,352.6799011230469,599.1649780273438,75.92980194091797,305.20989990234375,278.7300109863281,352.70001220703125,599.5700073242188,75.9800033569336,305.1000061035156,278.6199951171875,352.55999755859375,599.1649780273438,75.82499694824219,305.2049865722656,278.67498779296875,352.614990234375,599.27001953125,75.82499694824219,75307,44840,10163,21108,113835
2026-08-10 12:18:00-04:00,305.135009765625,278.4599914550781,352.54998779296875,598.77001953125,75.78150177001953,305.1600036621094,278.6400146484375,352.6899108886719,599.2299194335938,75.93000030517578,305.04998779296875,278.4599914550781,352.54998779296875,598.5809936523438,75.7750015258789,305.1449890136719,278.6300048828125,352.6499938964844,599.2299194335938,75.92500305175781,73577,58710,13494,18694,93464
2026-08-10 12:19:00-04:00,305.6700134277344,278.4100036621094,352.7349853515625,598.6900024414062,75.79499816894531,305.69989013671875,278.56500244140625,352.7499084472656,598.7949829101562,75.80999755859375,305.1300048828125,278.3900146484375,352.5599060058594,598.5999755859375,75.75,305.135009765625,278.4798889160156,352.5599060058594,598.77001953125,75.77999877929688,123196,36102,17364,15030,87473
2026-08-10 12:20:00-04:00,305.9342041015625,278.260009765625,352.7099914550781,598.75,75.79499816894531,305.9912109375,278.489990234375,352.7898864746094,598.97998046875,75.84500122070312,305.6549987792969,278.260009765625,352.6499938964844,598.5999755859375,75.75,305.67498779296875,278.409912109375,352.7699890136719,598.6900024414062,75.79499816894531,116906,56769,20199,19392,89146
2026-08-10 12:21:00-04:00,305.6449890136719,278.17498779296875,352.7499084472656,598.5399780273438,75.70999908447266,305.92498779296875,278.3599853515625,352.7799987792969,598.9099731445312,75.80000305175781,305.57501220703125,278.1600036621094,352.6900939941406,598.1300048828125,75.6500015258789,305.92498779296875,278.2900085449219,352.7699890136719,598.75048828125,75.79000091552734,136135,31692,13473,37600,97061
2026-08-10 12:22:00-04:00,305.6549987792969,278.07000732421875,352.70001220703125,598.1599731445312,75.69960021972656,305.68560791015625,278.25,352.7799072265625,598.4298706054688,75.72000122070312,305.57000732421875,277.9800109863281,352.6499938964844,598.0999755859375,75.66999816894531,305.6449890136719,278.17498779296875,352.7149963378906,598.4199829101562,75.7041015625,54462,57628,15559,12538,37313
2026-08-10 12:23:00-04:00,305.5827941894531,278.04998779296875,352.6960144042969,597.9696044921875,75.68000030517578,305.7200012207031,278.1300048828125,352.760009765625,598.280029296875,75.7300033569336,305.5299987792969,277.9601135253906,352.6400146484375,597.7999877929688,75.66000366210938,305.6575012207031,278.0791931152344,352.70989990234375,598.1900024414062,75.68499755859375,50015,39734,7513,30116,45968
2026-08-10 12:24:00-04:00,305.6300048828125,278.1099853515625,352.67999267578125,597.6141967773438,75.69000244140625,305.69000244140625,278.1499938964844,352.760009765625,598.1900024414062,75.71009826660156,305.5950012207031,278.0299987792969,352.5950012207031,597.6141967773438,75.66000366210938,305.5950012207031,278.0668029785156,352.71319580078125,598.0499877929688,75.66000366210938,44359,34183,11240,19162,32155
2026-08-10 12:25:00-04:00,305.5899963378906,278.32501220703125,352.8900146484375,597.2000122070312,75.69000244140625,305.6499938964844,278.5260009765625,353.04998779296875,597.8099975585938,75.70999908447266,305.55999755859375,278.1099853515625,352.6650085449219,597.2000122070312,75.66999816894531,305.6300048828125,278.1099853515625,352.6650085449219,597.5999755859375,75.69000244140625,60035,109923,20208,26458,32216
2026-08-10 12:26:00-04:00,305.5299987792969,278.32000732421875,352.889892578125,597.4199829101562,75.68499755859375,305.6400146484375,278.3533020019531,352.8999938964844,597.530029296875,75.70500183105469,305.5,278.2500915527344,352.79998779296875,597.1900024414062,75.67500305175781,305.5899963378906,278.32000732421875,352.8999938964844,597.27001953125,75.6885986328125,46941,23562,8734,13750,38648
2026-08-10 12:27:00-04:00,305.4800109863281,278.2749938964844,352.8900146484375,596.7999877929688,75.69000244140625,305.57000732421875,278.3680114746094,352.9800109863281,597.3900146484375,75.7300033569336,305.45001220703125,278.25048828125,352.79998779296875,596.6099853515625,75.68499755859375,305.5398864746094,278.2900085449219,352.82000732421875,597.219970703125,75.68499755859375,62437,27695,7824,30247,50440
2026-08-10 12:28:00-04:00,305.64788818359375,278.3500061035156,352.864990234375,597.5192260742188,75.70999908447266,305.6737976074219,278.3763122558594,352.9150085449219,597.5255126953125,75.72000122070312,305.4800109863281,278.260009765625,352.8299865722656,596.73291015625,75.68499755859375,305.4800109863281,278.260009765625,352.8599853515625,596.7999877929688,75.68499755859375,49861,27082,5288,20751,34943
2026-08-10 12:29:00-04:00,305.5299987792969,278.260009765625,353.05499267578125,597.3499755859375,75.74500274658203,305.6499938964844,278.3800048828125,353.05999755859375,597.5988159179688,75.74500274658203,305.5,278.260009765625,352.864990234375,597.239990234375,75.71499633789062,305.6499938964844,278.340087890625,352.864990234375,597.530029296875,75.71499633789062,38238,22038,17511,21845,32441
2026-08-10 12:30:00-04:00,305.5299987792969,278.3699951171875,353.1000061035156,597.02001953125,75.7249984741211,305.6199951171875,278.42449951171875,353.18890380859375,597.4600219726562,75.74500274658203,305.4800109863281,278.2900085449219,353.05120849609375,596.9199829101562,75.70999908447266,305.54998779296875,278.30999755859375,353.05499267578125,597.344970703125,75.73999786376953,39480,22632,8599,17604,40727
2026-08-10 12:31:00-04:00,305.3299865722656,277.8999938964844,352.4599914550781,595.8599853515625,75.66999816894531,305.69000244140625,278.44000244140625,353.1600036621094,597.3300170898438,75.76499938964844,305.20001220703125,277.79998779296875,352.30999755859375,595.7999877929688,75.63999938964844,305.5400085449219,278.35931396484375,353.1099853515625,596.9550170898438,75.7249984741211,140164,127833,47207,99796,77734
2026-08-10 12:32:00-04:00,305.4599914550781,278.260009765625,352.7349853515625,596.2498779296875,75.69020080566406,305.5150146484375,278.30999755859375,352.7699890136719,596.5900268554688,75.70999908447266,305.2950134277344,277.8699951171875,352.3900146484375,595.6099853515625,75.6500015258789,305.30999755859375,277.8699951171875,352.4800109863281,595.8800048828125,75.66000366210938,90740,126637,18713,37329,112723
2026-08-10 12:33:00-04:00,305.2699890136719,277.9599914550781,352.7099914550781,596.3099975585938,75.68000030517578,305.4898986816406,278.25,352.7300109863281,596.3599853515625,75.72000122070312,305.20001220703125,277.8999938964844,352.5799865722656,596.052001953125,75.66999816894531,305.4599914550781,278.25,352.70001220703125,596.125,75.69000244140625,46507,78131,12772,12141,33630
2026-08-10 12:34:00-04:00,305.25,278.0199890136719,352.9200134277344,596.119873046875,75.67990112304688,305.30560302734375,278.0400085449219,352.94000244140625,596.4099731445312,75.69000244140625,305.1700134277344,277.90618896484375,352.7300109863281,596.0599975585938,75.62000274658203,305.25,277.90618896484375,352.7300109863281,596.2949829101562,75.67500305175781,53589,33958,11676,13317,41053
2026-08-10 12:35:00-04:00,305.4949951171875,278.0299987792969,352.98431396484375,595.719970703125,75.6449966430664,305.57000732421875,278.07000732421875,353.010009765625,596.0899047851562,75.68000030517578,305.239990234375,277.9547119140625,352.8900146484375,595.3099975585938,75.64340209960938,305.27740478515625,278.02301025390625,352.9200134277344,596.0899047851562,75.67500305175781,78618,21173,8333,26689,39563
2026-08-10 12:36:00-04:00,305.5299987792969,278.0400085449219,353.1499938964844,596.0,75.68000030517578,305.5799865722656,278.0899963378906,353.1499938964844,596.1400146484375,75.68000030517578,305.4800109863281,278.0198974609375,352.9800109863281,595.5700073242188,75.62000274658203,305.489990234375,278.04998779296875,352.9800109863281,595.7100219726562,75.64459991455078,42054,36103,5858,17673,51067
2026-08-10 12:37:00-04:00,305.45001220703125,277.9800109863281,353.13580322265625,595.760009765625,75.58499908447266,305.54998779296875,278.0350036621094,353.239990234375,596.1199951171875,75.68000030517578,305.44000244140625,277.9309997558594,353.0600891113281,595.6749877929688,75.58000183105469,305.5350036621094,278.0350036621094,353.1700134277344,595.9949951171875,75.67500305175781,37839,22717,10723,17201,42467
2026-08-10 12:38:00-04:00,305.3500061035156,277.7550048828125,353.031494140625,595.1099853515625,75.6050033569336,305.4798889160156,277.9599914550781,353.1499938964844,595.760009765625,75.6500015258789,305.19000244140625,277.7305908203125,353.0199890136719,595.1099853515625,75.58000183105469,305.4399108886719,277.94500732421875,353.1199951171875,595.760009765625,75.58000183105469,68939,44112,9478,29934,46613
2026-08-10 12:39:00-04:00,305.4750061035156,277.69500732421875,353.05731201171875,595.409912109375,75.66500091552734,305.6700134277344,277.80499267578125,353.07000732421875,595.5,75.67070007324219,305.3500061035156,277.6650085449219,352.9200134277344,595.0700073242188,75.60009765625,305.3500061035156,277.7300109863281,353.04998779296875,595.0999755859375,75.6050033569336,74930,35216,12686,17259,39742
2026-08-10 12:40:00-04:00,305.5950012207031,277.6944885253906,353.2099914550781,595.260009765625,75.6050033569336,305.760009765625,277.79998779296875,353.2598876953125,595.4478759765625,75.66999816894531,305.4700012207031,277.6099853515625,353.0050048828125,594.8599853515625,75.5999984741211,305.4750061035156,277.69000244140625,353.0050048828125,595.2899780273438,75.66000366210938,59026,38854,9988,37771,29132
2026-08-10 12:41:00-04:00,305.5600891113281,277.66009521484375,353.2699890136719,594.53857421875,75.61499786376953,305.6000061035156,277.739990234375,353.2900085449219,595.0999755859375,75.62000274658203,305.4200134277344,277.56610107421875,353.0700988769531,593.8300170898438,75.58000183105469,305.54998779296875,277.7200012207031,353.2119140625,595.0999755859375,75.5999984741211,39944,25989,8622,33401,42412
2026-08-10 12:42:00-04:00,305.6700134277344,277.5299987792969,353.1199951171875,593.889892578125,75.61000061035156,305.6700134277344,277.6575927734375,353.3500061035156,594.5798950195312,75.61969757080078,305.44000244140625,277.5299987792969,353.1199951171875,593.5999755859375,75.55000305175781,305.5799865722656,277.6499938964844,353.2799987792969,594.4099731445312,75.61000061035156,52717,19558,8522,18044,85180
2026-08-10 12:43:00-04:00,305.6000061035156,277.4750061035156,352.9400939941406,593.0900268554688,75.51499938964844,305.7499084472656,277.6700134277344,353.114990234375,593.8599853515625,75.61360168457031,305.5150146484375,277.4700012207031,352.9400939941406,592.8900146484375,75.5,305.67999267578125,277.5299987792969,353.114990234375,593.8453979492188,75.61360168457031,41294,53546,7330,35024,65864
2026-08-10 12:44:00-04:00,305.6357116699219,277.29998779296875,352.79998779296875,592.9299926757812,75.43499755859375,305.6499938964844,277.5,352.9800109863281,593.469970703125,75.5199966430664,305.4700012207031,277.260009765625,352.739990234375,592.5999755859375,75.40499877929688,305.6000061035156,277.45001220703125,352.9800109863281,593.0850219726562,75.5199966430664,48228,41723,5429,41582,93456
2026-08-10 12:45:00-04:00,305.6300048828125,277.25,352.7099914550781,592.5999755859375,75.44999694824219,305.74591064453125,277.3399963378906,352.7650146484375,593.0,75.45999908447266,305.6099853515625,277.1600036621094,352.6000061035156,592.3300170898438,75.4000015258789,305.6449890136719,277.30999755859375,352.739990234375,592.9299926757812,75.43499755859375,56198,39610,12098,28127,35135
2026-08-10 12:46:00-04:00,305.70001220703125,277.31500244140625,352.94500732421875,592.8499755859375,75.44999694824219,305.7099914550781,277.409912109375,352.9800109863281,593.1763916015625,75.46769714355469,305.625,277.2200012207031,352.7300109863281,592.5399780273438,75.42659759521484,305.6300048828125,277.2699890136719,352.7300109863281,592.6199951171875,75.44499969482422,52501,40634,8610,18223,36188
2026-08-10 12:47:00-04:00,305.8299865722656,277.2799987792969,352.9200134277344,592.9849853515625,75.37000274658203,305.8800048828125,277.32000732421875,352.9800109863281,593.0900268554688,75.45999908447266,305.6499938964844,277.2099914550781,352.8901062011719,592.7999877929688,75.3499984741211,305.7099914550781,277.31500244140625,352.97900390625,592.8400268554688,75.44499969482422,67014,22126,8258,15769,39128
2026-08-10 12:48:00-04:00,305.8200988769531,277.2300109863281,352.8349914550781,593.0399169921875,75.38500213623047,305.8399963378906,277.32000732421875,352.95001220703125,593.0599975585938,75.3865966796875,305.7650146484375,277.19000244140625,352.8175048828125,592.8599853515625,75.36499786376953,305.8299865722656,277.2900085449219,352.9150085449219,593.0,75.37999725341797,35881,20908,5536,33183,29427
2026-08-10 12:49:00-04:00,305.8800048828125,277.3597106933594,353.0954895019531,593.530029296875,75.41010284423828,305.9599914550781,277.3599853515625,353.0979919433594,593.6298828125,75.41010284423828,305.80999755859375,277.2099914550781,352.79998779296875,592.8585205078125,75.38500213623047,305.8251037597656,277.2149963378906,352.79998779296875,592.9149780273438,75.38999938964844,57867,26535,8882,25755,16857
2026-08-10 12:50:00-04:00,305.8399963378906,277.2340087890625,353.06988525390625,593.25,75.45500183105469,305.8999938964844,277.375,353.2200012207031,593.6300048828125,75.45500183105469,305.8299865722656,277.2340087890625,353.0199890136719,593.080078125,75.41000366210938,305.875,277.34039306640625,353.0849914550781,593.469970703125,75.41529846191406,36518,21824,9379,25420,34742
2026-08-10 12:51:00-04:00,305.9049987792969,277.2701110839844,352.9209899902344,593.4359741210938,75.48500061035156,305.9100036621094,277.31500244140625,353.0799865722656,593.510009765625,75.5,305.80499267578125,277.19500732421875,352.9200134277344,593.219970703125,75.43000030517578,305.8399963378906,277.2250061035156,353.0400085449219,593.280029296875,75.44999694824219,30589,26867,9851,13524,45619
2026-08-10 12:52:00-04:00,305.8800048828125,277.2699890136719,352.9549865722656,593.3499755859375,75.51499938964844,305.9599914550781,277.3399963378906,353.010009765625,593.5595092773438,75.52989959716797,305.8599853515625,277.125,352.8999938964844,593.3499755859375,75.4749984741211,305.8949890136719,277.2701110839844,352.94000244140625,593.47998046875,75.48500061035156,36517,40411,6471,15192,24485
2026-08-10 12:53:00-04:00,305.8949890136719,277.19000244140625,352.8949890136719,593.5150146484375,75.5250015258789,305.9700012207031,277.29998779296875,352.9599914550781,593.5499877929688,75.52999877929688,305.8500061035156,277.1700134277344,352.8800048828125,593.1220703125,75.50499725341797,305.8742980957031,277.2699890136719,352.9049072265625,593.3499755859375,75.51499938964844,35104,28817,4039,14086,30653
2026-08-10 12:54:00-04:00,306.0685119628906,277.30999755859375,352.9100036621094,593.64501953125,75.53500366210938,306.0791015625,277.3399963378906,352.93499755859375,593.719970703125,75.54000091552734,305.8901062011719,277.1199951171875,352.8399963378906,593.3001098632812,75.51000213623047,305.8901062011719,277.19000244140625,352.8500061035156,593.4400024414062,75.5250015258789,68362,31676,6257,12708,24948
2026-08-10 12:55:00-04:00,306.1001892089844,277.30999755859375,353.0299987792969,593.7999877929688,75.58000183105469,306.1300048828125,277.364990234375,353.07000732421875,594.1199951171875,75.6050033569336,306.010009765625,277.2300109863281,352.93499755859375,593.717529296875,75.5250015258789,306.05999755859375,277.3299865722656,352.9599914550781,593.719970703125,75.53500366210938,53792,34252,6530,19328,55566
2026-08-10 12:56:00-04:00,306.0801086425781,277.260009765625,353.03448486328125,593.6950073242188,75.58390045166016,306.1076965332031,277.30999755859375,353.0899963378906,593.9852294921875,75.58999633789062,306.0450134277344,277.2300109863281,353.0,593.5800170898438,75.58000183105469,306.1050109863281,277.29998779296875,353.010009765625,593.7449951171875,75.58499908447266,36699,27791,7325,14801,24940
2026-08-10 12:57:00-04:00,306.1300964355469,277.239990234375,352.9200134277344,593.77001953125,75.58989715576172,306.2900085449219,277.3301086425781,353.0690002441406,593.8499755859375,75.59989929199219,306.0799865722656,277.2300109863281,352.9049987792969,593.5700073242188,75.57019805908203,306.09320068359375,277.2608947753906,353.0249938964844,593.6900024414062,75.58499908447266,54528,29612,11682,12060,36896
2026-08-10 12:58:00-04:00,306.21990966796875,277.4299011230469,352.97198486328125,593.8699951171875,75.62879943847656,306.25,277.5,352.9989929199219,594.0598754882812,75.62879943847656,306.1199951171875,277.2900085449219,352.8500061035156,593.6099853515625,75.58999633789062,306.1600036621094,277.2900085449219,352.8680114746094,593.6099853515625,75.58999633789062,38523,33724,6036,15980,21628
2026-08-10 12:59:00-04:00,306.2699890136719,277.375,352.9750061035156,593.94970703125,75.60900115966797,306.2821960449219,277.4849853515625,353.010009765625,594.0599975585938,75.625,306.18499755859375,277.3699951171875,352.9158020019531,593.8400268554688,75.6050033569336,306.2099914550781,277.42999267578125,352.95001220703125,593.89501953125,75.625,50198,43127,7905,14228,20442
2026-08-10 13:00:00-04:00,306.2699890136719,277.4700012207031,353.0899963378906,594.010009765625,75.63999938964844,306.3500061035156,277.5,353.0899963378906,594.0399780273438,75.64949798583984,306.2200012207031,277.3450012207031,352.9100036621094,593.7999877929688,75.5999984741211,306.2699890136719,277.3599853515625,352.9750061035156,593.9600219726562,75.6050033569336,93126,40205,5589,14176,23098
2026-08-10 13:01:00-04:00,306.2900085449219,277.1600036621094,352.95050048828125,593.4550170898438,75.63999938964844,306.31500244140625,277.4599914550781,353.17999267578125,593.9600219726562,75.6500015258789,306.25,277.1600036621094,352.95050048828125,593.3200073242188,75.62999725341797,306.2699890136719,277.4599914550781,353.1189880371094,593.9299926757812,75.6449966430664,40210,26262,12282,31922,18505
2026-08-10 13:02:00-04:00,306.2850036621094,277.2300109863281,352.79998779296875,593.3900146484375,75.63760375976562,306.314208984375,277.30999755859375,352.9989929199219,593.6099853515625,75.68000030517578,306.239990234375,277.1600036621094,352.7799987792969,593.3699951171875,75.62000274658203,306.2944030761719,277.19000244140625,352.9750061035156,593.3900146484375,75.63999938964844,49505,23462,5704,12741,115739
2026-08-10 13:03:00-04:00,306.32000732421875,277.1000061035156,352.79998779296875,593.1201171875,75.6500015258789,306.3789978027344,277.25,352.8500061035156,593.530029296875,75.6500015258789,306.2900085449219,277.0799865722656,352.77288818359375,593.1201171875,75.5999984741211,306.2900085449219,277.2200012207031,352.82000732421875,593.3900146484375,75.62999725341797,40785,31231,5007,26749,33734
2026-08-10 13:04:00-04:00,306.4901123046875,277.239990234375,352.7149963378906,593.3175048828125,75.68499755859375,306.5299987792969,277.29998779296875,352.7699890136719,593.6082763671875,75.70500183105469,306.32000732421875,277.1099853515625,352.7049865722656,593.2050170898438,75.63500213623047,306.32000732421875,277.1099853515625,352.7699890136719,593.27001953125,75.6500015258789,81599,34773,6697,18925,46455
2026-08-10 13:05:00-04:00,306.4049987792969,277.2799987792969,352.7449951171875,593.0,75.69499969482422,306.497802734375,277.32501220703125,352.7799987792969,593.4500122070312,75.69999694824219,306.30999755859375,277.1499938964844,352.67498779296875,592.8699951171875,75.66999816894531,306.497802734375,277.2250061035156,352.7049865722656,593.25,75.68499755859375,49295,43598,9198,18010,34491
2026-08-10 13:06:00-04:00,306.30999755859375,277.5899963378906,352.69000244140625,592.909912109375,75.69499969482422,306.4100036621094,277.7699890136719,352.7998962402344,593.2396240234375,75.72989654541016,306.25,277.239990234375,352.69000244140625,592.8400268554688,75.69000244140625,306.4049987792969,277.239990234375,352.7449951171875,593.0150146484375,75.69999694824219,49477,182952,10874,15011,32449
2026-08-10 13:07:00-04:00,306.4649963378906,277.5899963378906,352.6449890136719,593.0549926757812,75.67500305175781,306.489990234375,277.6300048828125,352.69000244140625,593.1135864257812,75.69979858398438,306.2508850097656,277.4599914550781,352.57501220703125,592.5599975585938,75.67500305175781,306.30499267578125,277.54998779296875,352.69000244140625,592.7999877929688,75.69499969482422,54339,114401,12418,14284,18925
2026-08-10 13:08:00-04:00,306.46661376953125,277.75,352.80999755859375,593.4849853515625,75.71499633789062,306.489990234375,277.7699890136719,352.80999755859375,593.538818359375,75.7300033569336,306.3800048828125,277.5799865722656,352.6200866699219,593.0667724609375,75.67009735107422,306.4599914550781,277.5899963378906,352.6700134277344,593.0900268554688,75.67990112304688,29882,26046,8039,10983,31186
2026-08-10 13:09:00-04:00,306.614990234375,277.6825866699219,352.94000244140625,593.489990234375,75.68499755859375,306.6300048828125,277.79998779296875,352.95001220703125,593.5999755859375,75.7249984741211,306.44500732421875,277.635009765625,352.79998779296875,593.364990234375,75.68499755859375,306.45001220703125,277.75,352.79998779296875,593.47998046875,75.71499633789062,53863,100270,13225,6406,27121
2026-08-10 13:10:00-04:00,306.50048828125,277.7001037597656,352.92999267578125,593.47998046875,75.66999816894531,306.614990234375,277.739990234375,352.9700012207031,593.7199096679688,75.6897964477539,306.485107421875,277.57000732421875,352.8399963378906,593.4201049804688,75.64409637451172,306.614990234375,277.67999267578125,352.95001220703125,593.5599975585938,75.6897964477539,64735,80169,8021,7056,22173
2026-08-10 13:11:00-04:00,306.3699951171875,277.5799865722656,352.7749938964844,593.3499145507812,75.63500213623047,306.5299987792969,277.75,352.94000244140625,593.5020141601562,75.66999816894531,306.3299865722656,277.5450134277344,352.69000244140625,593.219970703125,75.625,306.5050048828125,277.69500732421875,352.92999267578125,593.5020141601562,75.66999816894531,30551,42964,7909,12572,15337
2026-08-10 13:12:00-04:00,306.3599853515625,277.5799865722656,352.7099914550781,593.3699951171875,75.65499877929688,306.4100036621094,277.6199035644531,352.79901123046875,593.3699951171875,75.65499877929688,306.3102111816406,277.5350036621094,352.70001220703125,593.2000122070312,75.62999725341797,306.3699951171875,277.5799865722656,352.79901123046875,593.2999877929688,75.63500213623047,32683,23593,6308,7225,22193
2026-08-10 13:13:00-04:00,306.4649963378906,277.55999755859375,352.79998779296875,593.3900146484375,75.66500091552734,306.489990234375,277.6499938964844,352.8399963378906,593.4998779296875,75.66999816894531,306.3900146484375,277.5450134277344,352.7300109863281,593.3599853515625,75.63999938964844,306.4100036621094,277.5450134277344,352.7300109863281,593.3699951171875,75.66000366210938,42169,40674,10965,8554,31446
2026-08-10 13:14:00-04:00,306.4549865722656,277.5799865722656,352.8599853515625,593.72998046875,75.65499877929688,306.5,277.6300048828125,352.8799133300781,593.760009765625,75.66000366210938,306.4100036621094,277.4849853515625,352.7699890136719,593.2849731445312,75.63500213623047,306.4800109863281,277.57501220703125,352.7900085449219,593.3599853515625,75.66000366210938,25393,54193,9864,9576,23189
2026-08-10 13:15:00-04:00,306.531005859375,277.5950012207031,352.989990234375,593.7899169921875,75.65499877929688,306.6000061035156,277.6600036621094,353.04998779296875,593.969970703125,75.6698989868164,306.4549865722656,277.56500244140625,352.8699951171875,593.6115112304688,75.6521987915039,306.4599914550781,277.56500244140625,352.8699951171875,593.64501953125,75.65499877929688,41816,22917,12982,12730,19676
2026-08-10 13:16:00-04:00,306.5350036621094,277.5400085449219,353.010009765625,593.8900146484375,75.63500213623047,306.56500244140625,277.6300048828125,353.04998779296875,593.9099731445312,75.66000366210938,306.4700012207031,277.5299987792969,352.9501037597656,593.6624755859375,75.63500213623047,306.5299987792969,277.5899963378906,353.0087890625,593.780029296875,75.65979766845703,35088,49877,6983,10101,13144
2026-08-10 13:17:00-04:00,306.7699890136719,277.4901123046875,353.0199890136719,593.6199951171875,75.62000274658203,306.7900085449219,277.5498962402344,353.0199890136719,593.8300170898438,75.6449966430664,306.5400085449219,277.4700012207031,352.92999267578125,593.4000854492188,75.62000274658203,306.5400085449219,277.5150146484375,352.9800109863281,593.8250122070312,75.62999725341797,51429,20851,7245,11185,22185
2026-08-10 13:18:00-04:00,306.44781494140625,277.4200134277344,353.1400146484375,593.510009765625,75.65499877929688,306.760009765625,277.5199890136719,353.1400146484375,593.6300048828125,75.65499877929688,306.42999267578125,277.3949890136719,352.95001220703125,593.4000854492188,75.62000274658203,306.760009765625,277.5,352.989990234375,593.6099853515625,75.62999725341797,54815,31992,28511,7554,25072
2026-08-10 13:19:00-04:00,306.4150085449219,277.44000244140625,353.3299865722656,593.5200805664062,75.625,306.4999084472656,277.4798889160156,353.3594970703125,593.6300048828125,75.65979766845703,306.4100036621094,277.3999938964844,353.1199951171875,593.4000244140625,75.62000274658203,306.4399108886719,277.4150085449219,353.1199951171875,593.4849853515625,75.6500015258789,49785,30133,15460,16331,22221
2026-08-10 13:20:00-04:00,306.3900146484375,277.7550048828125,353.32000732421875,593.6099853515625,75.64510345458984,306.45001220703125,277.8299865722656,353.3599853515625,593.6950073242188,75.6500015258789,306.3301086425781,277.44500732421875,353.25,593.5599975585938,75.62000274658203,306.4100036621094,277.5,353.3299865722656,593.5999755859375,75.625,36881,58464,20393,8973,33664
2026-08-10 13:21:00-04:00,306.3876953125,277.92999267578125,353.1499938964844,593.7000122070312,75.63999938964844,306.4231872558594,278.0350036621094,353.29998779296875,593.780029296875,75.66999816894531,306.3599853515625,277.70001220703125,353.1499938964844,593.4600219726562,75.625,306.3900146484375,277.75,353.2900085449219,593.489990234375,75.63999938964844,32542,43895,8595,12075,40452
2026-08-10 13:22:00-04:00,306.33050537109375,277.92999267578125,353.1199951171875,593.4500122070312,75.58000183105469,306.4200134277344,278.0299987792969,353.20001220703125,593.609375,75.63999938964844,306.28070068359375,277.9010009765625,353.09051513671875,593.4500122070312,75.58000183105469,306.3800048828125,277.9100036621094,353.1099853515625,593.5999755859375,75.63999938964844,45656,31918,6727,7748,38674
2026-08-10 13:23:00-04:00,306.4700012207031,277.7900085449219,353.135009765625,593.5250244140625,75.59500122070312,306.4700012207031,278.0,353.1600036621094,593.6599731445312,75.59500122070312,306.3067932128906,277.75,352.94000244140625,593.2999877929688,75.57499694824219,306.3349914550781,277.9200134277344,353.1000061035156,593.4500122070312,75.58499908447266,48074,48413,11083,11833,15623
2026-08-10 13:24:00-04:00,306.6080017089844,277.82000732421875,353.1708068847656,593.9299926757812,75.58000183105469,306.6400146484375,277.82501220703125,353.2091064453125,593.9299926757812,75.6050033569336,306.4599914550781,277.75,353.1206970214844,593.6199951171875,75.58000183105469,306.4599914550781,277.80499267578125,353.20001220703125,593.6199951171875,75.59140014648438,28260,14007,5093,8788,31777
2026-08-10 13:25:00-04:00,306.3822937011719,277.6499938964844,353.159912109375,594.2949829101562,75.55989837646484,306.6050109863281,277.8500061035156,353.20001220703125,594.469970703125,75.58999633789062,306.3822937011719,277.6499938964844,353.1199951171875,593.8375244140625,75.55000305175781,306.6050109863281,277.8299865722656,353.20001220703125,593.8375244140625,75.58000183105469,36722,14238,3615,26831,14765
2026-08-10 13:26:00-04:00,306.31500244140625,277.7049865722656,353.110107421875,594.3099975585938,75.5199966430664,306.3900146484375,277.7417907714844,353.1597900390625,594.5,75.55999755859375,306.2500915527344,277.6300048828125,353.05999755859375,594.0999755859375,75.5199966430664,306.3900146484375,277.6700134277344,353.1099853515625,594.2301025390625,75.55989837646484,71533,80992,7065,16836,26835
2026-08-10 13:27:00-04:00,306.3681945800781,277.5299987792969,353.1499938964844,594.25,75.52269744873047,306.393310546875,277.7300109863281,353.2090148925781,594.4600219726562,75.53500366210938,306.30999755859375,277.5299987792969,353.1400146484375,594.1900024414062,75.51010131835938,306.31500244140625,277.69000244140625,353.1499938964844,594.2949829101562,75.5199966430664,23175,27609,3602,9832,33373
2026-08-10 13:28:00-04:00,306.4941101074219,277.7749938964844,353.2200012207031,594.5299072265625,75.5250015258789,306.4941101074219,277.7749938964844,353.2449951171875,594.5299072265625,75.54000091552734,306.3399963378906,277.5299987792969,353.1499938964844,594.1799926757812,75.518798828125,306.364990234375,277.55999755859375,353.1636962890625,594.2750244140625,75.5250015258789,21109,53480,7889,22394,29013
2026-08-10 13:29:00-04:00,306.4700012207031,277.6549987792969,353.0799865722656,594.5800170898438,75.57499694824219,306.4999084472656,277.76739501953125,353.2300109863281,594.6599731445312,75.58999633789062,306.4184875488281,277.5799865722656,353.0799865722656,594.4099731445312,75.48999786376953,306.4999084472656,277.76739501953125,353.2300109863281,594.5399780273438,75.5250015258789,34705,33840,13623,15321,98134
2026-08-10 13:30:00-04:00,306.4200134277344,277.5892028808594,353.114990234375,594.3001098632812,75.510498046875,306.5,277.67498779296875,353.1199951171875,594.760009765625,75.57499694824219,306.3500061035156,277.5199890136719,353.0299987792969,594.3001098632812,75.5,306.4700012207031,277.6474914550781,353.0799865722656,594.60498046875,75.56999969482422,39690,46243,17440,33591,62790
2026-08-10 13:31:00-04:00,306.5150146484375,277.5050048828125,353.1400146484375,594.3889770507812,75.42500305175781,306.5150146484375,277.625,353.260009765625,594.4099731445312,75.51000213623047,306.3608093261719,277.40899658203125,353.1099853515625,594.1851196289062,75.41000366210938,306.4150085449219,277.625,353.1400146484375,594.3099975585938,75.51000213623047,33598,119076,12011,8483,41402
2026-08-10 13:32:00-04:00,306.44000244140625,277.5899963378906,353.15301513671875,594.6500244140625,75.375,306.5780029296875,277.5899963378906,353.17999267578125,594.8499145507812,75.4219970703125,306.42999267578125,277.3900146484375,353.0350036621094,594.2249755859375,75.37000274658203,306.5032958984375,277.5,353.1300048828125,594.27001953125,75.4219970703125,47541,33439,12788,13618,42397
2026-08-10 13:33:00-04:00,306.489990234375,277.4800109863281,353.0899963378906,594.7000122070312,75.37000274658203,306.489990234375,277.67999267578125,353.20001220703125,594.8499755859375,75.3949966430664,306.3999938964844,277.4800109863281,353.0799865722656,594.635009765625,75.36000061035156,306.45001220703125,277.56500244140625,353.1499938964844,594.6500244140625,75.375,37085,45261,13370,17510,40343
2026-08-10 13:34:00-04:00,306.5,277.2699890136719,352.9700012207031,594.5599975585938,75.41000366210938,306.5400085449219,277.4750061035156,353.0690002441406,594.7999877929688,75.41000366210938,306.4750061035156,277.239990234375,352.94000244140625,594.3665771484375,75.37000274658203,306.489990234375,277.4750061035156,353.04998779296875,594.7000122070312,75.37000274658203,34285,46398,7117,26697,22461
2026-08-10 13:35:00-04:00,306.6000061035156,277.32000732421875,353.04998779296875,594.6099853515625,75.46499633789062,306.6499938964844,277.32000732421875,353.04998779296875,594.6817016601562,75.47000122070312,306.42999267578125,277.1000061035156,352.94000244140625,594.5067138671875,75.4000015258789,306.4750061035156,277.2699890136719,352.97509765625,594.619873046875,75.41000366210938,33055,25701,7682,11959,27949
2026-08-10 13:36:00-04:00,306.6549987792969,277.2049865722656,353.0799865722656,594.5800170898438,75.43499755859375,306.6700134277344,277.3299865722656,353.19000244140625,594.77001953125,75.48999786376953,306.5899963378906,277.2049865722656,353.0299987792969,594.5800170898438,75.43499755859375,306.6000061035156,277.3299865722656,353.05999755859375,594.6099853515625,75.47000122070312,34991,16715,18038,9644,32063
2026-08-10 13:37:00-04:00,306.7200012207031,277.2300109863281,353.1449890136719,594.4340209960938,75.42500305175781,306.7900085449219,277.2950134277344,353.1600036621094,594.739990234375,75.44499969482422,306.6400146484375,277.19500732421875,353.0718078613281,594.4102783203125,75.41999816894531,306.6400146484375,277.239990234375,353.0990905761719,594.5899047851562,75.44000244140625,41888,21203,12140,14435,29397
2026-08-10 13:38:00-04:00,306.67999267578125,277.1549987792969,353.0513000488281,594.3400268554688,75.42859649658203,306.75,277.2300109863281,353.19000244140625,594.489990234375,75.43499755859375,306.67999267578125,277.1400146484375,353.0513000488281,594.2000122070312,75.38999938964844,306.7298889160156,277.2099914550781,353.1199951171875,594.489990234375,75.41999816894531,35711,17109,7985,11715,41969
2026-08-10 13:39:00-04:00,306.5799865722656,277.1405944824219,353.07000732421875,594.3800048828125,75.44499969482422,306.69000244140625,277.2699890136719,353.0899963378906,594.3800048828125,75.44999694824219,306.54998779296875,277.125,352.9800109863281,594.1500244140625,75.41500091552734,306.6700134277344,277.1499938964844,353.05999755859375,594.280029296875,75.43000030517578,25060,28685,12184,6732,32934
2026-08-10 13:40:00-04:00,306.57000732421875,277.0899963378906,352.7947998046875,594.27001953125,75.41999816894531,306.625,277.3450012207031,353.06988525390625,594.4000244140625,75.44499969482422,306.54010009765625,277.0504150390625,352.7850036621094,594.1900024414062,75.41999816894531,306.5849914550781,277.1424865722656,353.0400085449219,594.3350219726562,75.44499969482422,25813,51679,11884,7729,29978
2026-08-10 13:41:00-04:00,306.6499938964844,277.2699890136719,352.6802978515625,593.8900146484375,75.40499877929688,306.69000244140625,277.2699890136719,352.8399963378906,594.3400268554688,75.43000030517578,306.57000732421875,277.1106872558594,352.6650085449219,593.6099853515625,75.3949966430664,306.57000732421875,277.1199951171875,352.7806091308594,594.3400268554688,75.42500305175781,24653,30896,7994,13520,24814
2026-08-10 13:42:00-04:00,306.7300109863281,277.24951171875,352.8125915527344,594.155029296875,75.44499969482422,306.7799987792969,277.30999755859375,352.8599853515625,594.2769775390625,75.47000122070312,306.6600036621094,277.24951171875,352.7049865722656,593.9199829101562,75.40499877929688,306.6600036621094,277.2799987792969,352.7200012207031,593.99658203125,75.40499877929688,27242,17191,11432,6334,26706
2026-08-10 13:43:00-04:00,306.8349914550781,277.2149963378906,352.94000244140625,594.1799926757812,75.47000122070312,306.8349914550781,277.3399963378906,352.9800109863281,594.3400268554688,75.4749984741211,306.7300109863281,277.2149963378906,352.7768859863281,594.0599975585938,75.44000244140625,306.75,277.2449951171875,352.8599853515625,594.0701293945312,75.44499969482422,32673,24213,7871,13498,15999
2026-08-10 13:44:00-04:00,306.7099914550781,276.9200134277344,352.7605895996094,593.885009765625,75.43000030517578,306.8399963378906,277.2398986816406,352.9490051269531,594.2031860351562,75.4749984741211,306.7099914550781,276.8999938964844,352.7300109863281,593.6799926757812,75.43000030517578,306.8399963378906,277.2300109863281,352.9200134277344,594.1950073242188,75.47000122070312,32970,38136,5886,9598,19888
2026-08-10 13:45:00-04:00,306.7200012207031,276.7799987792969,352.7650146484375,593.8200073242188,75.37999725341797,306.7799987792969,276.9200134277344,352.8299865722656,593.9298706054688,75.43000030517578,306.6659851074219,276.7799987792969,352.7300109863281,593.6300048828125,75.36000061035156,306.7099914550781,276.9200134277344,352.7749938964844,593.885009765625,75.43000030517578,146918,31989,8172,9996,25390
2026-08-10 13:46:00-04:00,306.260009765625,276.9700012207031,352.885009765625,593.8599853515625,75.41500091552734,306.7200012207031,277.0,352.9100036621094,593.9130249023438,75.43499755859375,306.0,276.7099914550781,352.739990234375,593.5,75.37999725341797,306.7200012207031,276.760009765625,352.760009765625,593.9130249023438,75.38999938964844,237408,81018,13911,18998,28949
2026-08-10 13:47:00-04:00,306.2200012207031,276.92999267578125,352.8599853515625,593.8699951171875,75.41500091552734,306.29998779296875,277.0,352.9599914550781,594.1550903320312,75.44000244140625,306.1000061035156,276.8699951171875,352.8558044433594,593.8699951171875,75.41500091552734,306.260009765625,276.9700012207031,352.885009765625,593.9400024414062,75.41500091552734,124214,12295,7894,8511,26170
2026-08-10 13:48:00-04:00,306.30999755859375,276.92999267578125,352.8500061035156,593.8599853515625,75.41500091552734,306.32000732421875,276.94989013671875,352.8900146484375,593.9500122070312,75.43499755859375,306.1499938964844,276.8699951171875,352.7799987792969,593.77099609375,75.41020202636719,306.2099914550781,276.9200134277344,352.8900146484375,593.9299926757812,75.43000030517578,37582,24160,5411,9988,16407
2026-08-10 13:49:00-04:00,306.3576965332031,276.9599914550781,352.81500244140625,593.8400268554688,75.42019653320312,306.3599853515625,276.9599914550781,352.8500061035156,593.8800048828125,75.43000030517578,306.2250061035156,276.8901062011719,352.7601013183594,593.6799926757812,75.41000366210938,306.29998779296875,276.9200134277344,352.8500061035156,593.864990234375,75.41500091552734,39002,21010,4803,7156,21478
2026-08-10 13:50:00-04:00,306.260009765625,276.95001220703125,352.6050109863281,593.25,75.43000030517578,306.3800048828125,277.0400085449219,352.7900085449219,593.8200073242188,75.44499969482422,306.260009765625,276.95001220703125,352.6000061035156,593.2100219726562,75.41999816894531,306.3399963378906,276.9800109863281,352.7900085449219,593.7849731445312,75.42990112304688,45714,30009,9329,17175,31427
2026-08-10 13:51:00-04:00,306.2200012207031,276.8900146484375,352.55999755859375,593.0001220703125,75.41500091552734,306.260009765625,276.9549865722656,352.6690979003906,593.280029296875,75.48500061035156,306.2099914550781,276.8800048828125,352.54998779296875,592.9105224609375,75.41500091552734,306.260009765625,276.95001220703125,352.6299133300781,593.239990234375,75.43000030517578,32764,17530,11205,28852,95271
2026-08-10 13:52:00-04:00,306.3500061035156,276.9599914550781,352.5150146484375,593.3699951171875,75.41500091552734,306.3599853515625,276.9798889160156,352.6098937988281,593.39990234375,75.42500305175781,306.2200012207031,276.8699951171875,352.470703125,593.0,75.41500091552734,306.2200012207031,276.8900146484375,352.569091796875,593.0,75.41500091552734,25142,24080,11202,15448,16123
2026-08-10 13:53:00-04:00,306.28509521484375,276.9800109863281,352.5,592.9199829101562,75.41500091552734,306.3500061035156,276.9849853515625,352.53851318359375,593.3900146484375,75.43499755859375,306.239990234375,276.8399963378906,352.41009521484375,592.9099731445312,75.41000366210938,306.3500061035156,276.9549865722656,352.5150146484375,593.3900146484375,75.41000366210938,21550,31106,13540,37772,21296
2026-08-10 13:54:00-04:00,306.260009765625,276.9599914550781,352.489990234375,593.0,75.41000366210938,306.3299865722656,277.0400085449219,352.53900146484375,593.618896484375,75.41999816894531,306.2300109863281,276.91009521484375,352.45001220703125,592.780029296875,75.3949966430664,306.2650146484375,276.93011474609375,352.4700012207031,592.9099731445312,75.41500091552734,34513,22586,9987,32673,22260
2026-08-10 13:55:00-04:00,306.5350036621094,276.92999267578125,352.43499755859375,593.1329956054688,75.40499877929688,306.5589904785156,277.0199890136719,352.54998779296875,593.239990234375,75.41000366210938,306.2777099609375,276.8999938964844,352.3999938964844,592.9000244140625,75.38009643554688,306.2799987792969,276.989990234375,352.5150146484375,593.0999755859375,75.4000015258789,48263,17458,11445,9437,24931
2026-08-10 13:56:00-04:00,306.5199890136719,276.9200134277344,352.4447937011719,593.0388793945312,75.40499877929688,306.55999755859375,276.95001220703125,352.4800109863281,593.2299194335938,75.40989685058594,306.4700927734375,276.82000732421875,352.402587890625,593.010009765625,75.3949966430664,306.5400085449219,276.92999267578125,352.45001220703125,593.1204833984375,75.4000015258789,36775,36892,8503,11058,15364
2026-08-10 13:57:00-04:00,306.60150146484375,276.92999267578125,352.3901062011719,593.3099975585938,75.5199966430664,306.60150146484375,276.94500732421875,352.4754943847656,593.3699951171875,75.55999755859375,306.489990234375,276.8699951171875,352.3399963378906,593.0499877929688,75.4000015258789,306.510009765625,276.8800048828125,352.4754943847656,593.125,75.404296875,35765,15716,9919,5614,69560
2026-08-10 13:58:00-04:00,306.7349853515625,276.9299011230469,352.57501220703125,593.6649780273438,75.51619720458984,306.7900085449219,276.9399108886719,352.5799865722656,593.6699829101562,75.5250015258789,306.5700988769531,276.860107421875,352.3900146484375,593.280029296875,75.5,306.5899963378906,276.92498779296875,352.3999938964844,593.3400268554688,75.51820373535156,42969,15944,11648,11747,19125
2026-08-10 13:59:00-04:00,306.7276916503906,276.9195861816406,352.6099853515625,593.5999755859375,75.54340362548828,306.7900085449219,276.92999267578125,352.6099853515625,593.8699951171875,75.55999755859375,306.6805114746094,276.8800048828125,352.5,593.5750122070312,75.5,306.739990234375,276.8900146484375,352.54998779296875,593.7186889648438,75.51499938964844,42829,20130,4511,11689,25977
2026-08-10 14:00:00-04:00,306.95001220703125,276.760009765625,352.6300048828125,593.6879272460938,75.57499694824219,306.95001220703125,276.9200134277344,352.6499938964844,593.8599853515625,75.58499908447266,306.7200012207031,276.7300109863281,352.5600891113281,593.6500244140625,75.54000091552734,306.7300109863281,276.9100036621094,352.6099853515625,593.7000122070312,75.54499816894531,44992,29492,13514,8635,46029
2026-08-10 14:01:00-04:00,306.83770751953125,276.7300109863281,352.6600036621094,593.3499755859375,75.56990051269531,306.989990234375,276.80999755859375,352.6650085449219,593.7000122070312,75.58999633789062,306.8299865722656,276.68011474609375,352.5899963378906,593.3084716796875,75.55000305175781,306.9598083496094,276.739990234375,352.6260986328125,593.5900268554688,75.58000183105469,54370,27305,10272,13476,62193
2026-08-10 14:02:00-04:00,306.7799987792969,276.69000244140625,352.6000061035156,593.1500244140625,75.5250015258789,306.9150085449219,276.7550048828125,352.7806091308594,593.489990234375,75.57990264892578,306.75,276.6300048828125,352.5754089355469,593.0499877929688,75.5250015258789,306.8294982910156,276.739990234375,352.6499938964844,593.35498046875,75.56500244140625,41011,39073,10035,20851,22767
2026-08-10 14:03:00-04:00,306.67498779296875,276.6199951171875,352.5950012207031,593.0850219726562,75.55500030517578,306.7876892089844,276.7300109863281,352.6289978027344,593.3400268554688,75.55999755859375,306.67498779296875,276.55999755859375,352.5199890136719,593.0,75.5199966430664,306.7850036621094,276.6700134277344,352.6000061035156,593.1594848632812,75.52999877929688,43781,30093,11037,12195,42515
2026-08-10 14:04:00-04:00,306.67999267578125,276.6300048828125,352.6000061035156,593.0999755859375,75.54000091552734,306.69000244140625,276.70989990234375,352.6199951171875,593.22998046875,75.55000305175781,306.6400146484375,276.625,352.54998779296875,593.0,75.5250015258789,306.6758117675781,276.6400146484375,352.6159973144531,593.0800170898438,75.55000305175781,29576,20411,5337,12324,26856
2026-08-10 14:05:00-04:00,306.67999267578125,276.57000732421875,352.5799865722656,593.0,75.52999877929688,306.739990234375,276.68499755859375,352.6199951171875,593.2098999023438,75.55000305175781,306.6499938964844,276.54998779296875,352.510009765625,592.8699951171875,75.5199966430664,306.67999267578125,276.6449890136719,352.5849914550781,593.0800170898438,75.54499816894531,33076,24710,9300,9480,56158
2026-08-10 14:06:00-04:00,306.6679992675781,276.5899963378906,352.80999755859375,593.22998046875,75.54000091552734,306.69000244140625,276.6300048828125,352.8500061035156,593.3099975585938,75.55999755859375,306.6199951171875,276.54998779296875,352.56500244140625,592.9600219726562,75.53500366210938,306.69000244140625,276.57000732421875,352.5851135253906,592.97998046875,75.54000091552734,30841,46801,14078,10799,43507
2026-08-10 14:07:00-04:00,306.6499938964844,276.6400146484375,352.67999267578125,593.25,75.53500366210938,306.7099914550781,276.6400146484375,352.8500061035156,593.3499755859375,75.55999755859375,306.6300048828125,276.3900146484375,352.6549987792969,593.136474609375,75.5199966430664,306.6700134277344,276.5849914550781,352.8500061035156,593.3300170898438,75.55000305175781,26346,57562,6735,11122,27843
2026-08-10 14:08:00-04:00,306.6099853515625,276.69500732421875,352.71258544921875,593.3099975585938,75.59500122070312,306.69500732421875,276.7950134277344,352.760009765625,593.72998046875,75.61000061035156,306.6099853515625,276.57000732421875,352.67999267578125,593.1799926757812,75.5250015258789,306.6400146484375,276.6400146484375,352.69000244140625,593.2100219726562,75.52999877929688,44308,63930,9350,14136,37627
2026-08-10 14:09:00-04:00,306.70001220703125,276.69000244140625,352.7539978027344,593.5850219726562,75.56999969482422,306.75,276.8500061035156,352.7900085449219,593.739990234375,75.5999984741211,306.6099853515625,276.6300048828125,352.70001220703125,593.2625122070312,75.56950378417969,306.6199951171875,276.7398986816406,352.7300109863281,593.3074951171875,75.58999633789062,28959,54447,8338,16478,28941
2026-08-10 14:10:00-04:00,306.7349853515625,276.6499938964844,352.6400146484375,593.3699951171875,75.55500030517578,306.793212890625,276.7099914550781,352.74951171875,593.5999755859375,75.58499908447266,306.6700134277344,276.6400146484375,352.6300048828125,593.3099975585938,75.55500030517578,306.70001220703125,276.67999267578125,352.74951171875,593.5850219726562,75.56999969482422,45808,37703,9547,11445,40692
2026-08-10 14:11:00-04:00,306.7087097167969,276.7650146484375,352.7749938964844,593.260009765625,75.59500122070312,306.7998962402344,276.7650146484375,352.7749938964844,593.39990234375,75.5999984741211,306.69000244140625,276.6400146484375,352.6401062011719,593.1500244140625,75.55000305175781,306.739990234375,276.6499938964844,352.6401062011719,593.3599853515625,75.55500030517578,34067,58252,12976,12219,27723
2026-08-10 14:12:00-04:00,306.6700134277344,276.6650085449219,352.82281494140625,593.2698974609375,75.58499908447266,306.71990966796875,276.75,352.8399963378906,593.3400268554688,75.59500122070312,306.6600036621094,276.6400146484375,352.7300109863281,593.1119995117188,75.55999755859375,306.7099914550781,276.739990234375,352.7850036621094,593.2698974609375,75.58999633789062,31484,44420,18953,10088,39171
2026-08-10 14:13:00-04:00,306.6700134277344,276.6449890136719,352.69000244140625,593.260009765625,75.60990142822266,306.73980712890625,276.7099914550781,352.7900085449219,593.3699951171875,75.61000061035156,306.6499938964844,276.6200866699219,352.6600036621094,593.0999755859375,75.58999633789062,306.6700134277344,276.6300048828125,352.7900085449219,593.114990234375,75.58999633789062,34003,37881,9453,8644,23331
2026-08-10 14:14:00-04:00,306.6300048828125,276.6300048828125,352.7099914550781,593.6500244140625,75.5864028930664,306.6600036621094,276.6600036621094,352.7298889160156,593.6500244140625,75.6050033569336,306.55999755859375,276.6000061035156,352.6499938964844,593.25,75.56500244140625,306.6600036621094,276.6600036621094,352.69000244140625,593.2999877929688,75.6050033569336,44743,20340,6700,10700,29204
2026-08-10 14:15:00-04:00,306.69000244140625,276.56500244140625,352.6499938964844,593.405029296875,75.55010223388672,306.75,276.6400146484375,352.7298889160156,593.719970703125,75.58499908447266,306.5400085449219,276.54998779296875,352.6499938964844,593.405029296875,75.55000305175781,306.6199951171875,276.6199951171875,352.7099914550781,593.64501953125,75.58499908447266,56244,57024,6143,17238,24209
2026-08-10 14:16:00-04:00,306.69000244140625,276.5849914550781,352.610595703125,593.530029296875,75.55500030517578,306.7049865722656,276.6199951171875,352.70001220703125,593.5466918945312,75.55999755859375,306.6549987792969,276.54998779296875,352.6099853515625,593.3699951171875,75.55000305175781,306.69769287109375,276.5799865722656,352.6600036621094,593.4299926757812,75.55500030517578,24841,29384,6149,7203,12961
2026-08-10 14:17:00-04:00,306.6700134277344,276.6099853515625,352.5249938964844,593.389892578125,75.52999877929688,306.760009765625,276.6300048828125,352.6499938964844,593.6099853515625,75.55999755859375,306.6650085449219,276.54998779296875,352.510009765625,593.3558959960938,75.52010345458984,306.69000244140625,276.5899963378906,352.6199951171875,593.510009765625,75.55500030517578,37044,27271,9695,9009,24122
2026-08-10 14:18:00-04:00,306.5899963378906,276.6000061035156,352.489990234375,593.3200073242188,75.53500366210938,306.67999267578125,276.6700134277344,352.55999755859375,593.5800170898438,75.55000305175781,306.5799865722656,276.6000061035156,352.44000244140625,593.2899780273438,75.52999877929688,306.6799011230469,276.6199951171875,352.52508544921875,593.3400268554688,75.53500366210938,25864,22209,11482,9634,23474
2026-08-10 14:19:00-04:00,306.6099853515625,276.6400146484375,352.46990966796875,593.4199829101562,75.56990051269531,306.614990234375,276.6499938964844,352.510009765625,593.469970703125,75.57499694824219,306.5201110839844,276.5799865722656,352.42999267578125,593.35498046875,75.52999877929688,306.5899963378906,276.6000061035156,352.43011474609375,593.3900146484375,75.53500366210938,41266,14289,8976,5573,28735
2026-08-10 14:20:00-04:00,306.6300048828125,276.6449890136719,352.4750061035156,593.3300170898438,75.62000274658203,306.6549987792969,276.6549987792969,352.5299987792969,593.4721069335938,75.62000274658203,306.6199951171875,276.5899963378906,352.4374084472656,593.280029296875,75.56500244140625,306.6199951171875,276.6099853515625,352.46990966796875,593.4199829101562,75.56999969482422,27868,15722,12163,11899,28311
2026-08-10 14:21:00-04:00,306.69000244140625,276.7300109863281,352.55938720703125,593.5999755859375,75.5999984741211,306.69000244140625,276.760009765625,352.55999755859375,593.5999755859375,75.62999725341797,306.6108093261719,276.6600036621094,352.45001220703125,593.3300170898438,75.5999984741211,306.6300048828125,276.6600036621094,352.4999084472656,593.3350219726562,75.61499786376953,33183,27281,13132,11347,37072
2026-08-10 14:22:00-04:00,306.67498779296875,276.7149963378906,352.6199951171875,593.4793090820312,75.57499694824219,306.739990234375,276.7499084472656,352.67999267578125,593.6500244140625,75.5999984741211,306.6499938964844,276.68011474609375,352.5574035644531,593.3699951171875,75.57499694824219,306.69000244140625,276.7499084472656,352.5799865722656,593.6500244140625,75.59500122070312,44252,15670,15499,10516,21105
2026-08-10 14:23:00-04:00,306.6549987792969,276.67498779296875,352.7049865722656,593.1425170898438,75.53949737548828,306.71929931640625,276.70001220703125,352.7099914550781,593.482421875,75.57499694824219,306.6099853515625,276.5299987792969,352.5703125,593.075927734375,75.53500366210938,306.67498779296875,276.70001220703125,352.625,593.482421875,75.57499694824219,29496,2378592,13516,7504,23590
2026-08-10 14:24:00-04:00,306.6000061035156,276.69500732421875,352.5899963378906,592.9400024414062,75.54499816894531,306.6676940917969,276.7300109863281,352.7200012207031,593.2199096679688,75.55970001220703,306.5849914550781,276.6199951171875,352.5899963378906,592.9000244140625,75.51270294189453,306.6499938964844,276.6650085449219,352.67999267578125,593.2199096679688,75.53500366210938,31093,40975,19744,20347,44934
2026-08-10 14:25:00-04:00,306.70001220703125,276.7550048828125,352.7099914550781,593.13818359375,75.5199966430664,306.7200012207031,276.7749938964844,352.71929931640625,593.219970703125,75.54000091552734,306.6000061035156,276.69500732421875,352.5799865722656,592.9500122070312,75.51499938964844,306.6000061035156,276.69500732421875,352.5799865722656,592.9500122070312,75.54000091552734,39591,27925,24123,15840,22538
2026-08-10 14:26:00-04:00,306.7250061035156,276.739990234375,352.6997985839844,592.8699951171875,75.5250015258789,306.7749938964844,276.8699951171875,352.760009765625,593.25,75.55000305175781,306.6700134277344,276.7200012207031,352.6600036621094,592.7999877929688,75.51499938964844,306.70989990234375,276.7799987792969,352.7300109863281,593.25,75.53500366210938,44177,48044,5939,7293,30946
2026-08-10 14:27:00-04:00,306.7300109863281,276.6650085449219,352.864990234375,592.6900024414062,75.53500366210938,306.7349853515625,276.7349853515625,352.8699951171875,592.905029296875,75.53990173339844,306.69000244140625,276.6400146484375,352.6600036621094,592.6900024414062,75.51000213623047,306.7250061035156,276.7200012207031,352.67999267578125,592.7999877929688,75.5250015258789,34725,30189,11454,21286,23997
2026-08-10 14:28:00-04:00,306.7200012207031,276.5150146484375,352.8399963378906,592.9299926757812,75.5250015258789,306.7377014160156,276.6549987792969,352.89990234375,592.9500122070312,75.53510284423828,306.6400146484375,276.4800109863281,352.7820129394531,592.77001953125,75.5199966430664,306.7300109863281,276.6549987792969,352.89990234375,592.7999877929688,75.52999877929688,25697,30031,5643,9048,15025
2026-08-10 14:29:00-04:00,306.7149963378906,276.5199890136719,352.760009765625,592.8699951171875,75.52020263671875,306.779296875,276.5498962402344,352.82000732421875,592.9199829101562,75.52999877929688,306.7149963378906,276.5098876953125,352.7200012207031,592.75,75.51499938964844,306.7290954589844,276.5299987792969,352.79998779296875,592.8699951171875,75.52880096435547,34394,13758,7854,19371,23250
2026-08-10 14:30:00-04:00,306.8900146484375,276.32501220703125,352.7325134277344,592.9000244140625,75.46800231933594,306.8999938964844,276.5199890136719,352.760009765625,592.9400024414062,75.5250015258789,306.6199951171875,276.30999755859375,352.5799865722656,592.5499877929688,75.46009826660156,306.71990966796875,276.5199890136719,352.739990234375,592.6099853515625,75.5199966430664,48017,50012,34066,14823,59243
2026-08-10 14:31:00-04:00,306.91229248046875,276.3800048828125,352.8399963378906,592.875,75.45999908447266,306.9700012207031,276.3800048828125,352.8999938964844,592.9998779296875,75.47000122070312,306.8399963378906,276.239990234375,352.7099914550781,592.719970703125,75.43000030517578,306.8999938964844,276.3299865722656,352.7099914550781,592.8599853515625,75.46119689941406,74107,78295,11871,9396,35063
2026-08-10 14:32:00-04:00,306.8800048828125,276.55999755859375,352.9049987792969,593.385009765625,75.48500061035156,306.95001220703125,276.6199951171875,352.92498779296875,593.4400024414062,75.48500061035156,306.8500061035156,276.3411865234375,352.7900085449219,592.780029296875,75.44999694824219,306.92999267578125,276.385009765625,352.8800048828125,592.875,75.45500183105469,54488,36252,17794,13658,14030
2026-08-10 14:33:00-04:00,306.82000732421875,276.57989501953125,352.79119873046875,593.5999755859375,75.48999786376953,306.9176940917969,276.7099914550781,352.92999267578125,593.5999755859375,75.49980163574219,306.79998779296875,276.5338134765625,352.760009765625,593.2901000976562,75.45999908447266,306.8800048828125,276.6000061035156,352.92999267578125,593.330078125,75.4800033569336,28897,46352,6358,8865,41419
2026-08-10 14:34:00-04:00,306.8299865722656,276.45001220703125,352.8299865722656,593.4949951171875,75.48500061035156,306.8900146484375,276.5950012207031,352.864013671875,593.6849975585938,75.5,306.7950134277344,276.45001220703125,352.7449951171875,593.4304809570312,75.45999908447266,306.82000732421875,276.5799865722656,352.80499267578125,593.5800170898438,75.5,39527,24459,8647,9314,54053
2026-08-10 14:35:00-04:00,306.8500061035156,276.430908203125,352.9200134277344,593.52001953125,75.51000213623047,306.8900146484375,276.54998779296875,352.9700012207031,593.8499755859375,75.51000213623047,306.80999755859375,276.3949890136719,352.8200988769531,593.4600219726562,75.47350311279297,306.82501220703125,276.465087890625,352.8299865722656,593.5599975585938,75.48500061035156,34267,70614,8359,15867,26574
2026-08-10 14:36:00-04:00,306.7900085449219,276.4280090332031,353.04998779296875,593.469970703125,75.51000213623047,306.8599853515625,276.45001220703125,353.07000732421875,593.5650024414062,75.51499938964844,306.7699890136719,276.30999755859375,352.82000732421875,593.3800048828125,75.49500274658203,306.8576965332031,276.45001220703125,352.8999938964844,593.4400024414062,75.50499725341797,42452,15951,18086,10695,33190
2026-08-10 14:37:00-04:00,306.6700134277344,276.4952087402344,353.0,593.2999877929688,75.49500274658203,306.7998962402344,276.6000061035156,353.06500244140625,593.47998046875,75.5,306.6449890136719,276.4100036621094,352.9700012207031,593.239990234375,75.48999786376953,306.7904968261719,276.4100036621094,353.0400085449219,593.4204711914062,75.5,59122,42921,10438,5783,20065
2026-08-10 14:38:00-04:00,306.6650085449219,276.5400085449219,352.93719482421875,593.4400024414062,75.5,306.70001220703125,276.6199951171875,353.0299987792969,593.489990234375,75.51000213623047,306.6400146484375,276.5299987792969,352.9200134277344,593.3049926757812,75.48030090332031,306.6700134277344,276.54998779296875,352.989990234375,593.3372802734375,75.49500274658203,50003,49234,42047,5017,21738
2026-08-10 14:39:00-04:00,306.6700134277344,276.3800048828125,353.010009765625,593.2550048828125,75.46499633789062,306.7001037597656,276.5400085449219,353.1400146484375,593.4000244140625,75.49500274658203,306.6400146484375,276.32000732421875,352.885009765625,593.0,75.45999908447266,306.6700134277344,276.5299987792969,352.92498779296875,593.3900146484375,75.48999786376953,50409,36124,36418,12414,54098
2026-08-10 14:40:00-04:00,306.7200012207031,276.54998779296875,353.2900085449219,593.5999755859375,75.54000091552734,306.7300109863281,276.55999755859375,353.3500061035156,593.635009765625,75.55999755859375,306.6499938964844,276.385009765625,353.0400085449219,593.1900024414062,75.46499633789062,306.67999267578125,276.44000244140625,353.04998779296875,593.239990234375,75.46499633789062,64709,34568,27546,8802,62144
2026-08-10 14:41:00-04:00,306.7200012207031,276.57989501953125,353.34100341796875,593.719970703125,75.52999877929688,306.739990234375,276.5799865722656,353.4200134277344,593.80078125,75.54979705810547,306.6499938964844,276.5199890136719,353.25,593.5599975585938,75.52999877929688,306.7149963378906,276.54998779296875,353.32000732421875,593.635009765625,75.54499816894531,32676,22527,27748,9563,30921
2026-08-10 14:42:00-04:00,306.7349853515625,276.71990966796875,353.7799987792969,594.3289794921875,75.59500122070312,306.739990234375,276.7200012207031,353.7799987792969,594.3300170898438,75.59500122070312,306.6000061035156,276.55999755859375,353.3500061035156,593.7100219726562,75.52999877929688,306.7099914550781,276.57989501953125,353.3629150390625,593.7100219726562,75.53500366210938,39841,32481,22528,12061,71508
2026-08-10 14:43:00-04:00,306.75,276.67999267578125,353.8299865722656,594.125,75.6050033569336,306.79998779296875,276.7699890136719,353.8786926269531,594.3300170898438,75.61499786376953,306.69500732421875,276.6700134277344,353.7593078613281,594.10498046875,75.58499908447266,306.7345886230469,276.70001220703125,353.82000732421875,594.25,75.59989929199219,33480,24951,31896,27028,31760
2026-08-10 14:44:00-04:00,306.8299865722656,276.760009765625,354.1127014160156,594.1749877929688,75.60980224609375,306.8399963378906,276.7699890136719,354.1400146484375,594.2100219726562,75.60980224609375,306.7099914550781,276.5950012207031,353.8299865722656,593.8900146484375,75.55999755859375,306.760009765625,276.6600036621094,353.8299865722656,594.125,75.6050033569336,32554,35314,22967,10216,22833
2026-08-10 14:45:00-04:00,306.7799987792969,276.7850036621094,354.31500244140625,594.1500244140625,75.5801010131836,306.83709716796875,276.82000732421875,354.32000732421875,594.2899780273438,75.6050033569336,306.7099914550781,276.7699890136719,354.1300048828125,594.0499877929688,75.56999969482422,306.8299865722656,276.8039855957031,354.1300048828125,594.1749877929688,75.6050033569336,40859,33476,19916,8638,35047
2026-08-10 14:46:00-04:00,306.7900085449219,276.7995910644531,354.4649963378906,594.3499755859375,75.6050033569336,306.7950134277344,276.8500061035156,354.6600036621094,594.5800170898438,75.6050033569336,306.739990234375,276.7699890136719,354.32000732421875,594.1500244140625,75.58899688720703,306.7803955078125,276.7850036621094,354.32000732421875,594.1500244140625,75.58899688720703,35644,21006,37977,15140,38652
2026-08-10 14:47:00-04:00,306.79998779296875,276.7900085449219,354.3349914550781,594.3399047851562,75.58999633789062,306.8500061035156,276.8500061035156,354.6600036621094,594.47998046875,75.6050033569336,306.7699890136719,276.760986328125,354.30718994140625,594.219970703125,75.58499908447266,306.7900085449219,276.7699890136719,354.4700012207031,594.4464111328125,75.6050033569336,35794,24142,10649,12331,26121
2026-08-10 14:48:00-04:00,306.7900085449219,276.739990234375,354.3699951171875,593.9600219726562,75.55500030517578,306.80999755859375,276.7799987792969,354.3800048828125,594.22998046875,75.58000183105469,306.760009765625,276.7200927734375,354.20001220703125,593.9600219726562,75.55500030517578,306.79998779296875,276.7799987792969,354.3349914550781,594.22998046875,75.58000183105469,27033,19184,12376,9201,22802
2026-08-10 14:49:00-04:00,306.82501220703125,276.75,354.1700134277344,594.25,75.55500030517578,306.8599853515625,276.7900085449219,354.32000732421875,594.25,75.55999755859375,306.7601013183594,276.6499938964844,354.1300048828125,593.969970703125,75.55000305175781,306.7601013183594,276.760009765625,354.30999755859375,594.0,75.55999755859375,41436,27492,10429,7304,11672
2026-08-10 14:50:00-04:00,306.82000732421875,276.9299011230469,354.30999755859375,594.4500122070312,75.58999633789062,306.8299865722656,276.9590148925781,354.33990478515625,594.469970703125,75.58999633789062,306.7699890136719,276.739990234375,354.1300048828125,594.16552734375,75.54499816894531,306.82501220703125,276.739990234375,354.2099914550781,594.22998046875,75.55000305175781,30328,28027,10378,11143,26415
2026-08-10 14:51:00-04:00,306.9200134277344,276.8550109863281,354.4100036621094,594.52001953125,75.58499908447266,306.95001220703125,277.0299987792969,354.45001220703125,594.6199951171875,75.59500122070312,306.8302001953125,276.8200988769531,354.251708984375,594.3800048828125,75.57949829101562,306.83050537109375,276.92498779296875,354.28509521484375,594.3800048828125,75.58499908447266,27289,31970,18859,12669,36503
2026-08-10 14:52:00-04:00,306.97100830078125,276.92999267578125,354.5849914550781,594.5599975585938,75.57559967041016,306.989990234375,276.95001220703125,354.6400146484375,594.6199951171875,75.58599853515625,306.9100036621094,276.80999755859375,354.4100036621094,594.489990234375,75.55999755859375,306.9200134277344,276.864990234375,354.4100036621094,594.5599975585938,75.58000183105469,43895,51874,9957,8122,27192
2026-08-10 14:53:00-04:00,307.0849914550781,276.965087890625,354.4913024902344,594.5307006835938,75.5802993774414,307.0899963378906,277.0,354.57000732421875,594.5599975585938,75.58999633789062,306.9523010253906,276.8999938964844,354.4667053222656,594.4000244140625,75.56500244140625,306.9750061035156,276.94000244140625,354.54998779296875,594.5599975585938,75.56999969482422,70576,23264,7842,5148,22761
2026-08-10 14:54:00-04:00,307.18499755859375,277.04998779296875,354.6099853515625,594.5999755859375,75.60710144042969,307.260009765625,277.0801086425781,354.69500732421875,594.6795043945312,75.61000061035156,307.05999755859375,276.965087890625,354.489990234375,594.4600219726562,75.57499694824219,307.0799865722656,276.965087890625,354.4901123046875,594.4949951171875,75.58499908447266,84305,39090,16532,8615,21027
2026-08-10 14:55:00-04:00,307.17999267578125,277.0350036621094,354.6200866699219,594.780029296875,75.625,307.2099914550781,277.0860900878906,354.6300048828125,594.8800048828125,75.62989807128906,307.1600036621094,277.0140075683594,354.5400085449219,594.6199951171875,75.59500122070312,307.1702880859375,277.0690002441406,354.5799865722656,594.6799926757812,75.5999984741211,34663,28776,11770,11563,22631
2026-08-10 14:56:00-04:00,307.07000732421875,277.20989990234375,354.6499938964844,594.8900146484375,75.61979675292969,307.19000244140625,277.2200012207031,354.6499938964844,594.9500122070312,75.62999725341797,307.0400085449219,277.04998779296875,354.5199890136719,594.780029296875,75.61000061035156,307.17999267578125,277.04998779296875,354.614990234375,594.780029296875,75.62000274658203,39992,49914,11751,8167,33905
2026-08-10 14:57:00-04:00,307.1000061035156,277.239990234375,354.6300048828125,594.885009765625,75.6449966430664,307.20001220703125,277.239990234375,354.6600036621094,595.0,75.6449966430664,307.0509948730469,277.17041015625,354.5899963378906,594.7100219726562,75.61000061035156,307.07000732421875,277.17041015625,354.614990234375,594.8900146484375,75.61499786376953,31046,30333,7269,12343,51047
2026-08-10 14:58:00-04:00,307.1300048828125,277.17999267578125,354.6300048828125,594.9500122070312,75.62010192871094,307.17999267578125,277.2699890136719,354.7699890136719,595.1900024414062,75.6500015258789,307.0950012207031,277.1700134277344,354.55999755859375,594.8900146484375,75.62000274658203,307.1199951171875,277.239990234375,354.6300048828125,594.9199829101562,75.6449966430664,33743,34164,24922,16275,38749
2026-08-10 14:59:00-04:00,307.0400085449219,277.05499267578125,354.5199890136719,594.7899780273438,75.61499786376953,307.1300048828125,277.17498779296875,354.6700134277344,595.0900268554688,75.65499877929688,307.0199890136719,277.03118896484375,354.489990234375,594.6900024414062,75.61219787597656,307.1199951171875,277.1700134277344,354.6300048828125,594.9199829101562,75.625,44736,37183,18124,11856,43600
2026-08-10 15:00:00-04:00,307.1099853515625,277.07000732421875,354.54998779296875,594.7402954101562,75.57630157470703,307.1300048828125,277.0799865722656,354.6299133300781,594.989990234375,75.63999938964844,307.0400085449219,276.95001220703125,354.4219970703125,594.7139892578125,75.55500030517578,307.04998779296875,277.0299987792969,354.5299987792969,594.8300170898438,75.61499786376953,41315,41927,13048,14443,49574
2026-08-10 15:01:00-04:00,307.1700134277344,277.2900085449219,354.6449890136719,594.7324829101562,75.5801010131836,307.1899108886719,277.30950927734375,354.6700134277344,594.8400268554688,75.58619689941406,307.0799865722656,277.05999755859375,354.54901123046875,594.56640625,75.55999755859375,307.1099853515625,277.05999755859375,354.5899963378906,594.7999877929688,75.57499694824219,41351,39839,10855,5739,37883
2026-08-10 15:02:00-04:00,307.1449890136719,277.3299865722656,354.54998779296875,595.0900268554688,75.57499694824219,307.20001220703125,277.3599853515625,354.6700134277344,595.1090087890625,75.58999633789062,307.1400146484375,277.25,354.5,594.6199951171875,75.56999969482422,307.17999267578125,277.2799987792969,354.6449890136719,594.6900024414062,75.58499908447266,37975,43528,8562,10578,24636
2026-08-10 15:03:00-04:00,307.1606140136719,277.2699890136719,354.6199951171875,595.0700073242188,75.58499908447266,307.20001220703125,277.3349914550781,354.6400146484375,595.2000122070312,75.5999984741211,307.1400146484375,277.2300109863281,354.54998779296875,595.0001220703125,75.57499694824219,307.1549987792969,277.3299865722656,354.5801086425781,595.1199951171875,75.57499694824219,74548,27311,7042,9170,39365
2026-08-10 15:04:00-04:00,307.21240234375,277.2149963378906,354.5199890136719,594.780029296875,75.55500030517578,307.2240905761719,277.2699890136719,354.6199951171875,595.0700073242188,75.58999633789062,307.1099853515625,277.2149963378906,354.510009765625,594.610107421875,75.55500030517578,307.1600036621094,277.260009765625,354.6199951171875,595.0700073242188,75.58000183105469,51017,21729,8366,13471,25388
2026-08-10 15:05:00-04:00,307.19000244140625,276.9949951171875,354.44000244140625,593.8599853515625,75.5250015258789,307.2298889160156,277.2300109863281,354.5398864746094,594.7999877929688,75.56500244140625,307.1700134277344,276.9750061035156,354.44000244140625,593.8499755859375,75.5199966430664,307.2099914550781,277.2099914550781,354.5199890136719,594.7050170898438,75.55999755859375,52544,45119,9928,26089,31430
2026-08-10 15:06:00-04:00,307.1400146484375,276.97149658203125,354.5150146484375,593.9749755859375,75.54499816894531,307.2300109863281,277.0400085449219,354.5150146484375,594.0499877929688,75.54499816894531,307.1300048828125,276.95001220703125,354.3677062988281,593.8499755859375,75.5199966430664,307.20001220703125,276.989990234375,354.42999267578125,593.9299926757812,75.52999877929688,49123,25846,8726,13547,38391
2026-08-10 15:07:00-04:00,307.2799987792969,277.05999755859375,354.53009033203125,594.1400146484375,75.55000305175781,307.2900085449219,277.1098937988281,354.6499938964844,594.3200073242188,75.58769989013672,307.1300048828125,276.9700012207031,354.4599914550781,593.9600219726562,75.54499816894531,307.1300048828125,276.9750061035156,354.4700012207031,594.0150146484375,75.54499816894531,47639,23740,8277,10416,28871
2026-08-10 15:08:00-04:00,307.2850036621094,277.0899963378906,354.6650085449219,594.1500244140625,75.58499908447266,307.34991455078125,277.1099853515625,354.70001220703125,594.22998046875,75.58989715576172,307.260009765625,277.0400085449219,354.5299987792969,594.010009765625,75.54000091552734,307.2850036621094,277.0400085449219,354.55999755859375,594.1300048828125,75.55000305175781,78063,25639,13722,10943,38209
2026-08-10 15:09:00-04:00,307.2250061035156,277.04998779296875,354.6199951171875,594.1300048828125,75.55500030517578,307.3299865722656,277.1099853515625,354.6300048828125,594.169921875,75.58999633789062,307.20001220703125,276.9684143066406,354.5299987792969,593.760009765625,75.54000091552734,307.2699890136719,277.0799865722656,354.6300048828125,594.0750122070312,75.58499908447266,55266,23935,7707,17473,42677
2026-08-10 15:10:00-04:00,307.30999755859375,276.989990234375,354.4700012207031,593.5399780273438,75.50279998779297,307.3299865722656,277.05999755859375,354.5899963378906,594.0399780273438,75.55000305175781,307.1700134277344,276.9800109863281,354.4200134277344,593.4000854492188,75.48999786376953,307.2200012207031,277.05999755859375,354.5899963378906,594.0399780273438,75.55000305175781,46772,23537,17779,27336,41914
2026-08-10 15:11:00-04:00,307.3500061035156,276.95001220703125,354.25,593.6799926757812,75.50499725341797,307.43499755859375,277.04998779296875,354.4820861816406,593.72998046875,75.52999877929688,307.2969970703125,276.95001220703125,354.2300109863281,593.4099731445312,75.5,307.2969970703125,277.0249938964844,354.4820861816406,593.4099731445312,75.50499725341797,74581,22467,14971,9294,42882
2026-08-10 15:12:00-04:00,307.30999755859375,276.9100036621094,354.1499938964844,593.6599731445312,75.51499938964844,307.4078063964844,276.95001220703125,354.2699890136719,593.77001953125,75.5250015258789,307.2900085449219,276.8699951171875,354.1300048828125,593.4533081054688,75.5,307.375,276.95001220703125,354.239990234375,593.72998046875,75.5,54297,28286,13633,13508,35122
2026-08-10 15:13:00-04:00,307.3800048828125,276.94500732421875,354.1700134277344,593.1901245117188,75.51000213623047,307.3999938964844,276.989990234375,354.3299865722656,593.75,75.55500030517578,307.29998779296875,276.8900146484375,354.1476135253906,593.1901245117188,75.50499725341797,307.30999755859375,276.92999267578125,354.1499938964844,593.7100219726562,75.51000213623047,70230,54571,10841,13086,66300
2026-08-10 15:14:00-04:00,307.43670654296875,276.92999267578125,354.1499938964844,593.2224731445312,75.52999877929688,307.4599914550781,276.97650146484375,354.239990234375,593.27001953125,75.52999877929688,307.3500061035156,276.91009521484375,354.1199951171875,593.0499877929688,75.50499725341797,307.3800048828125,276.95001220703125,354.2377014160156,593.27001953125,75.50499725341797,73026,36054,15996,12122,26639
2026-08-10 15:15:00-04:00,307.30999755859375,276.9100036621094,354.0950012207031,592.905517578125,75.51000213623047,307.44000244140625,276.989990234375,354.2099914550781,593.3800048828125,75.55999755859375,307.2799987792969,276.8800048828125,354.0350036621094,592.8491821289062,75.50499725341797,307.44000244140625,276.94000244140625,354.1600036621094,593.239990234375,75.52999877929688,67806,22545,12195,18282,45382
2026-08-10 15:16:00-04:00,307.3450012207031,276.94000244140625,354.05999755859375,593.3200073242188,75.53500366210938,307.3500061035156,276.9750061035156,354.1549987792969,593.3200073242188,75.54499816894531,307.2900085449219,276.9200134277344,354.0567932128906,592.989990234375,75.51499938964844,307.32000732421875,276.9200134277344,354.0950012207031,592.989990234375,75.51499938964844,49838,30192,12622,16167,19614
2026-08-10 15:17:00-04:00,307.30499267578125,276.95001220703125,353.80999755859375,593.10498046875,75.52989959716797,307.4150085449219,277.0299987792969,354.04998779296875,593.3250122070312,75.55500030517578,307.2900085449219,276.9200134277344,353.67999267578125,593.0499877929688,75.52989959716797,307.3500061035156,276.9230041503906,354.04998779296875,593.2249755859375,75.53500366210938,77733,31604,16113,11368,36308
2026-08-10 15:18:00-04:00,307.4849853515625,277.1000061035156,353.8599853515625,593.0800170898438,75.50499725341797,307.5199890136719,277.1000061035156,353.8999938964844,593.219970703125,75.54550170898438,307.30999755859375,276.9599914550781,353.80499267578125,593.0280151367188,75.49500274658203,307.30999755859375,276.9599914550781,353.82000732421875,593.094970703125,75.52999877929688,95544,33815,21551,23877,47907
2026-08-10 15:19:00-04:00,307.510009765625,277.1099853515625,353.70001220703125,592.719970703125,75.5250015258789,307.5199890136719,277.1394958496094,353.8999938964844,593.1898803710938,75.52989959716797,307.4200134277344,277.0899963378906,353.69000244140625,592.510009765625,75.5,307.4700012207031,277.0899963378906,353.8699951171875,593.0999755859375,75.50499725341797,53922,34612,15916,22936,38764
2026-08-10 15:20:00-04:00,307.340087890625,277.17999267578125,353.7900085449219,592.8800048828125,75.5199966430664,307.5199890136719,277.260009765625,353.8299865722656,593.0700073242188,75.54000091552734,307.3398132324219,277.1099853515625,353.70001220703125,592.5399780273438,75.5199966430664,307.5150146484375,277.1099853515625,353.7099914550781,592.6998901367188,75.5250015258789,59154,48262,16233,23628,31681
2026-08-10 15:21:00-04:00,307.44989013671875,277.25,353.83990478515625,593.0800170898438,75.51000213623047,307.45001220703125,277.3398132324219,353.8590087890625,593.1599731445312,75.52999877929688,307.32000732421875,277.1499938964844,353.70001220703125,592.8101196289062,75.5,307.3399963378906,277.1700134277344,353.7200012207031,592.8699951171875,75.5199966430664,53550,46348,654342,9752,48856
2026-08-10 15:22:00-04:00,307.4849853515625,277.2041015625,353.79998779296875,593.1199951171875,75.51499938964844,307.5199890136719,277.3399963378906,353.8399963378906,593.1901245117188,75.54000091552734,307.4100036621094,277.2041015625,353.739990234375,592.8900146484375,75.5,307.44000244140625,277.2349853515625,353.80999755859375,593.0399780273438,75.5199966430664,53533,55135,27657,10736,33023
2026-08-10 15:23:00-04:00,307.6199951171875,277.2099914550781,353.9049987792969,592.97998046875,75.50499725341797,307.6513977050781,277.2900085449219,353.9190979003906,593.1199951171875,75.52989959716797,307.4700012207031,277.1754150390625,353.7950134277344,592.9199829101562,75.50499725341797,307.4800109863281,277.2298889160156,353.7950134277344,593.0499877929688,75.5199966430664,79747,38160,27267,11500,38894
2026-08-10 15:24:00-04:00,307.54998779296875,277.07000732421875,353.9700012207031,592.9000244140625,75.50499725341797,307.625,277.2300109863281,354.0315856933594,593.0150146484375,75.5250015258789,307.510009765625,276.46099853515625,353.8500061035156,592.6209716796875,75.49500274658203,307.625,277.1799011230469,353.89581298828125,593.010009765625,75.50499725341797,54272,195835,14292,10130,44679
2026-08-10 15:25:00-04:00,307.6004943847656,277.0199890136719,353.8500061035156,592.885009765625,75.49500274658203,307.6199035644531,277.0899963378906,353.9826965332031,592.97998046875,75.51750183105469,307.5400085449219,276.9700012207031,353.8299865722656,592.739990234375,75.48999786376953,307.56500244140625,277.05999755859375,353.9599914550781,592.9000244140625,75.5,62808,59273,10755,13328,27623
2026-08-10 15:26:00-04:00,307.5799865722656,276.9800109863281,353.8500061035156,592.6900024414062,75.45500183105469,307.6698913574219,277.0400085449219,353.8800048828125,593.010009765625,75.49500274658203,307.5400085449219,276.8800048828125,353.760009765625,592.5,75.45500183105469,307.6000061035156,277.0,353.8500061035156,592.9500122070312,75.48999786376953,72828,52209,18510,26380,35265
2026-08-10 15:27:00-04:00,307.4649963378906,276.860107421875,353.8299865722656,592.5150146484375,75.44000244140625,307.5799865722656,277.0899963378906,353.92999267578125,592.8099975585938,75.48999786376953,307.4544982910156,276.860107421875,353.79998779296875,592.4600219726562,75.44000244140625,307.5799865722656,276.9800109863281,353.8500061035156,592.6199951171875,75.45500183105469,52745,53269,11740,12229,58294
2026-08-10 15:28:00-04:00,307.3599853515625,277.0398864746094,353.7449951171875,592.3400268554688,75.43499755859375,307.489990234375,277.1099853515625,353.8299865722656,592.47998046875,75.44499969482422,307.2799987792969,276.8399963378906,353.7300109863281,592.0300903320312,75.43000030517578,307.4649963378906,276.8699951171875,353.79998779296875,592.4450073242188,75.44000244140625,91055,43815,10146,46373,33523
2026-08-10 15:29:00-04:00,307.2300109863281,276.7349853515625,353.7106018066406,592.3823852539062,75.4352035522461,307.3599853515625,277.0450134277344,353.8599853515625,592.4299926757812,75.44000244140625,307.2001037597656,276.7349853515625,353.70001220703125,592.1904907226562,75.41000366210938,307.3599853515625,277.0400085449219,353.760009765625,592.3400268554688,75.43499755859375,65262,30293,14974,11605,36115
2026-08-10 15:30:00-04:00,307.0899963378906,276.7749938964844,353.6199951171875,592.8150024414062,75.45500183105469,307.2200012207031,276.9200134277344,353.7900085449219,592.8900146484375,75.46499633789062,307.07000732421875,276.70001220703125,353.6099853515625,592.25,75.43000030517578,307.2200012207031,276.7749938964844,353.739990234375,592.3400268554688,75.44000244140625,98720,44490,22484,20323,55108
2026-08-10 15:31:00-04:00,307.1499938964844,276.82000732421875,353.760009765625,593.1799926757812,75.54499816894531,307.18499755859375,276.9100036621094,353.760009765625,593.25,75.54499816894531,307.07000732421875,276.75,353.57501220703125,592.8099975585938,75.45999908447266,307.0899963378906,276.75,353.5799865722656,592.8150024414062,75.45999908447266,79137,28668,24321,19626,56654
2026-08-10 15:32:00-04:00,307.1000061035156,276.9285888671875,353.54998779296875,593.0599975585938,75.50499725341797,307.239501953125,276.9700012207031,353.7699890136719,593.47998046875,75.55999755859375,307.1000061035156,276.80999755859375,353.5400085449219,592.9299926757812,75.49500274658203,307.1499938964844,276.80999755859375,353.75,593.2100219726562,75.55509948730469,58749,38033,11956,38691,37845
2026-08-10 15:33:00-04:00,307.0849914550781,277.0199890136719,353.6549987792969,593.0850219726562,75.50499725341797,307.1099853515625,277.0400085449219,353.69000244140625,593.1799926757812,75.5199966430664,307.0400085449219,276.8800964355469,353.4700012207031,592.8800048828125,75.4800033569336,307.10369873046875,276.93499755859375,353.57000732421875,593.0599975585938,75.51000213623047,86636,36609,19419,14380,55699
2026-08-10 15:34:00-04:00,307.010009765625,277.20001220703125,353.54071044921875,592.9000244140625,75.57499694824219,307.0899963378906,277.2359924316406,353.6600036621094,593.10498046875,75.58499908447266,306.9800109863281,277.0199890136719,353.510009765625,592.9000244140625,75.5,307.0799865722656,277.0199890136719,353.6449890136719,593.094970703125,75.50969696044922,78268,42234,17095,14375,44292
2026-08-10 15:35:00-04:00,307.1499938964844,277.2650146484375,353.4100036621094,592.7100219726562,75.59619903564453,307.2099914550781,277.2749938964844,353.57000732421875,593.0098876953125,75.60990142822266,307.010009765625,277.1830139160156,353.385009765625,592.5200805664062,75.54989624023438,307.010009765625,277.1839904785156,353.5050048828125,592.9000244140625,75.57499694824219,95889,33482,12675,14588,73577
2026-08-10 15:36:00-04:00,307.1600036621094,277.30999755859375,353.4700012207031,592.54248046875,75.56999969482422,307.19000244140625,277.4200134277344,353.5299987792969,592.9699096679688,75.6050033569336,307.1199951171875,277.2598876953125,353.3999938964844,592.5250244140625,75.56999969482422,307.1499938964844,277.260009765625,353.4179992675781,592.780029296875,75.5999984741211,52235,57031,16988,17201,34574
2026-08-10 15:37:00-04:00,307.0950012207031,277.3399963378906,353.3800048828125,592.3499755859375,75.59500122070312,307.1650085449219,277.3500061035156,353.489990234375,592.6799926757812,75.5999984741211,307.0799865722656,277.2701110839844,353.3399963378906,592.2122192382812,75.56999969482422,307.1499938964844,277.32000732421875,353.4649963378906,592.5999755859375,75.57499694824219,54311,38077,13638,20545,19399
2026-08-10 15:38:00-04:00,307.21990966796875,277.3299865722656,353.6300048828125,592.64990234375,75.61499786376953,307.2200012207031,277.4200134277344,353.66290283203125,592.64990234375,75.62000274658203,307.07000732421875,277.29998779296875,353.3728942871094,592.27001953125,75.59619903564453,307.1000061035156,277.3399963378906,353.3728942871094,592.3099975585938,75.59619903564453,51410,31329,15739,16592,44689
2026-08-10 15:39:00-04:00,307.3399963378906,277.57000732421875,353.8160095214844,593.1799926757812,75.66999816894531,307.3500061035156,277.7200012207031,353.9200134277344,593.1900024414062,75.68499755859375,307.1499938964844,277.29998779296875,353.6099853515625,592.530029296875,75.61000061035156,307.2099914550781,277.29998779296875,353.6499938964844,592.64990234375,75.61499786376953,124772,674326,37572,23355,48681
2026-08-10 15:40:00-04:00,307.3900146484375,277.43798828125,353.864990234375,593.0850219726562,75.68000030517578,307.3900146484375,277.68499755859375,353.864990234375,593.3200073242188,75.68000030517578,307.239990234375,277.42010498046875,353.7471008300781,592.9849853515625,75.6500015258789,307.3299865722656,277.6000061035156,353.8299865722656,593.22998046875,75.66500091552734,70744,58116,21253,23806,51919
2026-08-10 15:41:00-04:00,307.2900085449219,277.4750061035156,353.9381103515625,593.3699951171875,75.66500091552734,307.4049987792969,277.5400085449219,353.9599914550781,593.469970703125,75.68499755859375,307.2900085449219,277.4200134277344,353.82000732421875,593.0399780273438,75.6449966430664,307.3900146484375,277.4599914550781,353.83050537109375,593.0900268554688,75.67500305175781,71377,39315,17374,14894,55501
2026-08-10 15:42:00-04:00,307.3999938964844,277.4750061035156,353.94000244140625,593.5800170898438,75.67500305175781,307.42999267578125,277.54998779296875,354.0,593.6500244140625,75.68000030517578,307.2300109863281,277.3908996582031,353.8900146484375,593.3300170898438,75.65499877929688,307.2900085449219,277.4779968261719,353.9100036621094,593.4199829101562,75.66500091552734,59186,43875,21248,12258,32259
2026-08-10 15:43:00-04:00,307.3500061035156,277.4800109863281,354.0849914550781,593.7449951171875,75.69499969482422,307.4200134277344,277.54998779296875,354.1799011230469,593.77001953125,75.69999694824219,307.3399963378906,277.4800109863281,353.92999267578125,593.3900146484375,75.66500091552734,307.3900146484375,277.4800109863281,353.95001220703125,593.4901123046875,75.66999816894531,55665,34282,21457,24075,70135
2026-08-10 15:44:00-04:00,307.2565002441406,277.5050048828125,354.0950012207031,593.9743041992188,75.69499969482422,307.3699951171875,277.6199951171875,354.1199951171875,594.0,75.70980072021484,307.2300109863281,277.4700012207031,354.0150146484375,593.6900024414062,75.68000030517578,307.3699951171875,277.4849853515625,354.0799865722656,593.780029296875,75.69989776611328,50825,57658,19677,19942,37980
2026-08-10 15:45:00-04:00,307.239990234375,277.489990234375,354.0249938964844,594.0599975585938,75.72000122070312,307.3299865722656,277.57000732421875,354.17999267578125,594.2000122070312,75.73999786376953,307.17999267578125,277.43109130859375,353.8999938964844,593.8699951171875,75.69000244140625,307.25,277.5,354.0899963378906,593.8699951171875,75.69499969482422,81088,51098,39581,28247,79184
2026-08-10 15:46:00-04:00,307.25,277.32000732421875,354.2699890136719,593.77001953125,75.66000366210938,307.2821960449219,277.5450134277344,354.2699890136719,594.1300048828125,75.7249984741211,307.2099914550781,277.29010009765625,354.0249938964844,593.5800170898438,75.66000366210938,307.25,277.4939880371094,354.0249938964844,594.0599975585938,75.72000122070312,57246,52015,19682,18917,43680
2026-08-10 15:47:00-04:00,307.25,277.3349914550781,354.32000732421875,593.9000244140625,75.69499969482422,307.32501220703125,277.39990234375,354.369384765625,593.969970703125,75.70999908447266,307.2200012207031,277.2900085449219,354.20111083984375,593.780029296875,75.66500091552734,307.239990234375,277.30999755859375,354.260009765625,593.7899169921875,75.66999816894531,59213,43649,21656,12096,60452
2026-08-10 15:48:00-04:00,307.2349853515625,277.3999938964844,354.3550109863281,594.02001953125,75.7322006225586,307.260009765625,277.4200134277344,354.44000244140625,594.1300048828125,75.73989868164062,307.2023010253906,277.3349914550781,354.30999755859375,593.8499755859375,75.69000244140625,307.2550048828125,277.3500061035156,354.30999755859375,593.9400024414062,75.69499969482422,44068,452563,24540,22506,56783
2026-08-10 15:49:00-04:00,307.54730224609375,277.55999755859375,354.3550109863281,594.0150146484375,75.75,307.614990234375,277.6199951171875,354.42999267578125,594.1900024414062,75.76499938964844,307.2250061035156,277.3800048828125,354.3207092285156,593.8900146484375,75.7300033569336,307.2349853515625,277.4100036621094,354.3550109863281,594.0599975585938,75.73500061035156,86955,56244,31086,17415,85668
2026-08-10 15:50:00-04:00,306.9750061035156,277.3450012207031,354.0199890136719,593.7999877929688,75.74500274658203,307.5,277.54998779296875,354.3299865722656,594.010009765625,75.76000213623047,306.9100036621094,277.0799865722656,353.8599853515625,593.22998046875,75.69999694824219,307.5,277.54998779296875,354.3299865722656,594.010009765625,75.75,148164,122310,58337,42799,124987
2026-08-10 15:51:00-04:00,306.9100036621094,277.3900146484375,354.04998779296875,593.77001953125,75.82499694824219,307.04998779296875,277.489990234375,354.20001220703125,594.0250244140625,75.83000183105469,306.8699951171875,277.3299865722656,354.0350036621094,593.6900024414062,75.74919891357422,306.9599914550781,277.3800048828125,354.0350036621094,593.8300170898438,75.75,145374,91661,33711,25471,100820
2026-08-10 15:52:00-04:00,306.989990234375,277.45001220703125,354.25,594.0150146484375,75.83000183105469,307.1549987792969,277.489990234375,354.2799987792969,594.0650024414062,75.84500122070312,306.8999938964844,277.3900146484375,354.0400085449219,593.6699829101562,75.80000305175781,306.9100036621094,277.4200134277344,354.0400085449219,593.6900024414062,75.82499694824219,120509,65665,32996,22714,105517
2026-08-10 15:53:00-04:00,307.0899963378906,277.5799865722656,354.3900146484375,594.02001953125,75.8550033569336,307.1600036621094,277.58990478515625,354.42999267578125,594.1500244140625,75.86000061035156,306.9599914550781,277.44000244140625,354.2099914550781,593.9299926757812,75.83000183105469,306.9949951171875,277.4599914550781,354.2300109863281,594.0150146484375,75.83499908447266,130335,77090,34409,35683,106340
2026-08-10 15:54:00-04:00,306.9750061035156,277.6499938964844,354.489990234375,593.97998046875,75.83499908447266,307.30999755859375,277.7063903808594,354.5799865722656,594.4000244140625,75.8949966430664,306.92999267578125,277.5199890136719,354.30999755859375,593.72998046875,75.80999755859375,307.1000061035156,277.5899963378906,354.4200134277344,594.0700073242188,75.8550033569336,176819,821832,50280,56661,175127
2026-08-10 15:55:00-04:00,307.8949890136719,278.3599853515625,355.44000244140625,595.1599731445312,76.08000183105469,308.04998779296875,278.3699951171875,355.44000244140625,595.3499755859375,76.08999633789062,306.989990234375,277.6499938964844,354.5,594.010009765625,75.83999633789062,307.010009765625,277.6499938964844,354.5,594.010009765625,75.83999633789062,381493,259047,122440,89466,372513
2026-08-10 15:56:00-04:00,307.93499755859375,278.0199890136719,355.30499267578125,594.6500244140625,76.11499786376953,307.94000244140625,278.364990234375,355.4700012207031,595.2000122070312,76.12000274658203,307.739990234375,277.9700012207031,355.29998779296875,594.5999755859375,76.05999755859375,307.9100036621094,278.364990234375,355.4200134277344,595.2000122070312,76.08879852294922,239156,191078,59436,59816,202001
2026-08-10 15:57:00-04:00,307.8500061035156,277.9100036621094,355.489990234375,594.5399780273438,76.17500305175781,307.94000244140625,278.0849914550781,355.6700134277344,595.0,76.18930053710938,307.5199890136719,277.8800048828125,355.2799987792969,594.4500122070312,76.11000061035156,307.93499755859375,278.0199890136719,355.29998779296875,594.6300048828125,76.12000274658203,372083,250131,81025,60297,229834
2026-08-10 15:58:00-04:00,307.8550109863281,277.8800048828125,355.4599914550781,594.530029296875,76.2249984741211,307.864990234375,277.94000244140625,355.5299987792969,594.6599731445312,76.2300033569336,307.6700134277344,277.8399963378906,355.3599853515625,594.1900024414062,76.16010284423828,307.8500061035156,277.8999938964844,355.4953918457031,594.5599975585938,76.1720962524414,377755,285553,123711,102964,356495
2026-08-10 15:59:00-04:00,308.19000244140625,278.0799865722656,355.8999938964844,594.9199829101562,76.30000305175781,308.2300109863281,278.1000061035156,355.92999267578125,595.0900268554688,76.30999755859375,307.8299865722656,277.8349914550781,355.3900146484375,594.2999877929688,76.20999908447266,307.8555908203125,277.8999938964844,355.4599914550781,594.6500244140625,76.22000122070312,995542,640924,279072,2920349,784738
2026-08-11 09:30:00-04:00,309.34368896484375,276.7300109863281,352.92999267578125,595.635009765625,76.07499694824219,309.9700012207031,278.7250061035156,355.0,599.7100219726562,76.41999816894531,307.4100036621094,276.07000732421875,352.760009765625,595.0,76.01000213623047,307.75,278.3999938964844,354.2200012207031,597.72998046875,76.09200286865234,3522946,904128,448787,573222,1140788
2026-08-11 09:31:00-04:00,308.2049865722656,275.9100036621094,352.4100036621094,594.3400268554688,75.86000061035156,309.82000732421875,276.9700012207031,353.5498962402344,596.669921875,76.125,308.2049865722656,275.8599853515625,352.3301086425781,594.0399780273438,75.6094970703125,309.3500061035156,276.6000061035156,352.80999755859375,595.9000244140625,76.0999984741211,164250,125045,81407,46072,172962
2026-08-11 09:32:00-04:00,308.1099853515625,275.43499755859375,352.3900146484375,594.5050048828125,75.9561996459961,308.7900085449219,276.20001220703125,352.989990234375,595.2673950195312,76.04000091552734,307.9305114746094,275.4049987792969,352.1499938964844,593.4000244140625,75.77999877929688,308.18798828125,275.8500061035156,352.44000244140625,594.239990234375,75.9000015258789,131908,158262,65260,50833,84493
2026-08-11 09:33:00-04:00,308.42999267578125,275.07000732421875,351.75,594.5250244140625,75.98500061035156,308.4549865722656,275.6300048828125,352.6099853515625,595.0,76.08989715576172,307.875,275.0299987792969,351.67999267578125,593.9400024414062,75.94999694824219,308.0799865722656,275.3599853515625,352.3399963378906,594.5850219726562,75.97000122070312,97995,113065,72992,20945,63619
2026-08-11 09:34:00-04:00,308.2388000488281,274.8550109863281,352.7950134277344,596.239990234375,75.80010223388672,308.6300048828125,275.2200012207031,352.8299865722656,596.27001953125,75.95999908447266,308.20001220703125,274.510009765625,351.7900085449219,594.2100219726562,75.77069854736328,308.44000244140625,275.07000732421875,351.8800048828125,594.5999755859375,75.95010375976562,79264,151404,43242,30013,102257
2026-08-11 09:35:00-04:00,307.364990234375,273.9849853515625,351.82000732421875,594.8250122070312,75.90499877929688,308.239990234375,274.8550109863281,352.7749938964844,597.5900268554688,75.9800033569336,307.2831115722656,273.8699951171875,351.67999267578125,594.780029296875,75.79000091552734,308.239990234375,274.8550109863281,352.7749938964844,596.3330078125,75.8009033203125,162682,176661,57562,35836,75265
2026-08-11 09:36:00-04:00,307.17999267578125,274.5299987792969,351.6650085449219,594.0499877929688,75.91999816894531,307.5199890136719,274.6400146484375,352.0,595.0,76.04000091552734,307.07958984375,273.9696044921875,351.5,593.8099975585938,75.86000061035156,307.343505859375,274.0400085449219,351.7850036621094,594.6832885742188,75.93000030517578,117351,117251,77578,26060,126240
2026-08-11 09:37:00-04:00,306.8599853515625,274.4519958496094,351.8998107910156,594.7100219726562,75.91510009765625,307.2344055175781,274.9800109863281,351.9169921875,594.9990234375,75.94000244140625,306.7149963378906,274.3599853515625,351.6199951171875,594.1099853515625,75.73999786376953,307.2344055175781,274.6099853515625,351.70001220703125,594.1400146484375,75.93000030517578,104619,102882,30645,20500,81309
2026-08-11 09:38:00-04:00,306.6860046386719,274.3550109863281,351.07000732421875,595.0,75.9749984741211,306.94500732421875,274.54998779296875,351.8550109863281,595.2299194335938,76.0199966430664,306.4200134277344,274.25,350.9100036621094,594.0,75.86000061035156,306.8349914550781,274.4480895996094,351.8550109863281,594.85498046875,75.86990356445312,91513,69798,87804,12410,57389
2026-08-11 09:39:00-04:00,306.7200012207031,275.037109375,351.29998779296875,597.2100219726562,76.19999694824219,306.9873046875,275.0950012207031,351.5199890136719,597.4299926757812,76.26000213623047,306.6099853515625,274.3900146484375,350.8699951171875,595.010009765625,75.96499633789062,306.6700134277344,274.3900146484375,351.0899963378906,595.1300048828125,75.98999786376953,80022,97151,50594,34106,66238
2026-08-11 09:40:00-04:00,306.4700012207031,275.0299987792969,350.9200134277344,597.75,76.17539978027344,306.7200012207031,275.24200439453125,351.3800048828125,598.5750122070312,76.19000244140625,306.260009765625,274.9100036621094,350.8800048828125,597.068603515625,76.05999755859375,306.70001220703125,275.0400085449219,351.29998779296875,597.068603515625,76.18000030517578,121728,90052,44655,53774,86551
2026-08-11 09:41:00-04:00,306.62689208984375,274.94500732421875,350.4049987792969,596.4650268554688,76.25,306.6300048828125,275.15869140625,351.1400146484375,598.4401245117188,76.25499725341797,306.29998779296875,274.81500244140625,350.0899963378906,596.0700073242188,76.13999938964844,306.5,275.0299987792969,350.9800109863281,597.785400390625,76.15499877929688,82506,83300,86127,32998,73395
2026-08-11 09:42:00-04:00,306.7200012207031,274.6264953613281,350.0985107421875,596.75,76.43499755859375,306.79998779296875,275.0299987792969,350.6600036621094,596.989990234375,76.44000244140625,306.41009521484375,274.54998779296875,349.760009765625,596.1635131835938,76.25,306.6099853515625,274.95001220703125,350.4989929199219,596.3599853515625,76.25,74713,61253,156051,15482,91592
2026-08-11 09:43:00-04:00,306.8399963378906,274.32000732421875,349.8197937011719,595.1599731445312,76.3311996459961,306.8999938964844,274.739990234375,350.4100036621094,596.9299926757812,76.45999908447266,306.625,274.29998779296875,349.7200012207031,595.1599731445312,76.32499694824219,306.67999267578125,274.6700134277344,350.0400085449219,596.7349853515625,76.44000244140625,72246,84749,62165,21663,90718
2026-08-11 09:44:00-04:00,306.4599914550781,274.20001220703125,349.7300109863281,595.3300170898438,76.36509704589844,306.92999267578125,274.4800109863281,350.0799865722656,595.8200073242188,76.4800033569336,306.25,274.07000732421875,349.54998779296875,594.635009765625,76.33999633789062,306.8500061035156,274.25,349.8399963378906,595.0,76.33999633789062,182419,135636,60254,21922,83910
2026-08-11 09:45:00-04:00,306.30499267578125,274.0299987792969,349.4100036621094,594.5650024414062,76.16999816894531,306.5899963378906,274.3699951171875,349.7799072265625,595.3250122070312,76.40989685058594,306.2699890136719,273.8100891113281,349.1000061035156,594.280029296875,76.0999984741211,306.4599914550781,274.1600036621094,349.6400146484375,595.219970703125,76.37999725341797,99633,114788,89920,25186,104629
2026-08-11 09:46:00-04:00,306.4849853515625,274.0899963378906,349.1650085449219,595.4949951171875,76.19999694824219,306.6199951171875,274.1000061035156,349.4100036621094,595.8098754882812,76.19999694824219,306.1400146484375,273.6199951171875,348.79998779296875,593.8400268554688,76.06500244140625,306.30999755859375,274.0199890136719,349.4100036621094,594.7000122070312,76.16999816894531,141910,94775,116912,25554,89475
2026-08-11 09:47:00-04:00,306.135009765625,273.67999267578125,348.7550048828125,595.3804931640625,76.23650360107422,306.54998779296875,274.0899963378906,349.29998779296875,595.5050048828125,76.2750015258789,306.1000061035156,273.260009765625,348.3949890136719,594.2100219726562,76.1449966430664,306.489990234375,274.06500244140625,349.17999267578125,595.4500122070312,76.20999908447266,101372,117533,87814,12280,48168
2026-08-11 09:48:00-04:00,306.0050048828125,273.7850036621094,348.69500732421875,595.635009765625,76.05400085449219,306.1400146484375,273.8299865722656,348.79730224609375,595.635009765625,76.25,305.8699951171875,273.3999938964844,348.3800048828125,594.5,75.97000122070312,306.1400146484375,273.67999267578125,348.760009765625,595.27001953125,76.23500061035156,170615,69131,49806,12219,157567
2026-08-11 09:49:00-04:00,305.8919982910156,273.81500244140625,348.7149963378906,595.25,76.08999633789062,306.0400085449219,273.9599914550781,348.79998779296875,596.0,76.13999938964844,305.8500061035156,273.56500244140625,348.4700012207031,595.010009765625,76.05999755859375,306.010009765625,273.7850036621094,348.7489929199219,595.5833740234375,76.05999755859375,129396,64179,53535,14348,106211
2026-08-11 09:50:00-04:00,305.75,273.6700134277344,348.4549865722656,595.260009765625,76.25,306.07000732421875,273.9700012207031,349.0350036621094,595.8400268554688,76.2699966430664,305.7004089355469,273.6700134277344,348.4200134277344,595.0999755859375,76.0999984741211,305.9049987792969,273.81500244140625,348.7149963378906,595.375,76.0999984741211,93057,64766,71623,14172,78711
2026-08-11 09:51:00-04:00,305.94000244140625,273.8999938964844,348.6400146484375,594.9749755859375,76.40499877929688,305.9549865722656,273.9599914550781,348.69000244140625,595.3812255859375,76.44999694824219,305.6700134277344,273.6199951171875,348.3500061035156,594.530029296875,76.19000244140625,305.7550048828125,273.6400146484375,348.489501953125,595.1300048828125,76.24500274658203,88710,62873,52002,24144,53941
2026-08-11 09:52:00-04:00,306.19000244140625,274.0899963378906,349.385009765625,596.6500244140625,76.55899810791016,306.20001220703125,274.2124938964844,349.4100036621094,596.73779296875,76.5999984741211,305.8301086425781,273.8900146484375,348.6099853515625,594.7999877929688,76.37999725341797,305.93499755859375,273.9150085449219,348.6499938964844,595.1701049804688,76.41000366210938,73479,74347,62396,17298,151060
2026-08-11 09:53:00-04:00,306.0450134277344,274.11590576171875,349.1099853515625,598.0,76.5791015625,306.2699890136719,274.19989013671875,349.38250732421875,598.0360107421875,76.63009643554688,306.0199890136719,274.0199890136719,348.92999267578125,596.3599853515625,76.54000091552734,306.1700134277344,274.1199951171875,349.38250732421875,596.3699951171875,76.55999755859375,67843,68281,38667,29494,65326
2026-08-11 09:54:00-04:00,306.1614990234375,273.8900146484375,348.8399963378906,598.469970703125,76.68939971923828,306.30999755859375,274.07000732421875,349.1600036621094,598.6500244140625,76.69979858398438,305.9750061035156,273.7218017578125,348.7799987792969,597.5700073242188,76.54000091552734,306.0299987792969,274.07000732421875,349.1000061035156,598.0599975585938,76.58000183105469,64662,69709,47032,25740,81861
2026-08-11 09:55:00-04:00,306.29998779296875,274.04998779296875,348.8500061035156,599.6400146484375,76.69999694824219,306.3299865722656,274.04998779296875,348.9200134277344,599.7999877929688,76.7249984741211,306.1400146484375,273.5299987792969,348.3500061035156,598.2100219726562,76.64289855957031,306.1499938964844,273.80999755859375,348.8450012207031,598.4199829101562,76.66510009765625,47827,67852,51662,66349,99494
2026-08-11 09:56:00-04:00,306.45001220703125,274.2149963378906,349.3599853515625,600.3099975585938,76.81590270996094,306.489990234375,274.3869934082031,349.45001220703125,600.8400268554688,76.88999938964844,306.2200012207031,273.9549865722656,348.82489013671875,599.6030883789062,76.70999908447266,306.2850036621094,274.0799865722656,348.8829040527344,599.7050170898438,76.70999908447266,57494,77570,34009,81045,137023
2026-08-11 09:57:00-04:00,306.4750061035156,274.42999267578125,349.97869873046875,600.9000244140625,76.75,306.5299072265625,274.489990234375,350.0899963378906,600.9000244140625,76.83000183105469,306.3901062011719,274.17999267578125,349.4884033203125,599.9500122070312,76.7300033569336,306.4599914550781,274.2300109863281,349.4884033203125,600.1699829101562,76.80989837646484,55024,58909,50935,42909,61950
2026-08-11 09:58:00-04:00,306.2449951171875,274.5,350.17999267578125,602.9349975585938,76.7699966430664,306.489990234375,274.5400085449219,350.3599853515625,603.469970703125,76.81999969482422,306.2099914550781,274.2799987792969,349.989990234375,600.8599853515625,76.76000213623047,306.4800109863281,274.4200134277344,349.989990234375,600.9899291992188,76.76000213623047,48550,53930,60555,98419,63811
2026-08-11 09:59:00-04:00,306.2900085449219,274.489990234375,349.89801025390625,602.6699829101562,76.77999877929688,306.3450927734375,274.5799865722656,350.3399963378906,603.2999877929688,76.80000305175781,306.1199951171875,274.3500061035156,349.82000732421875,602.2000122070312,76.69999694824219,306.2300109863281,274.489990234375,350.20001220703125,602.9099731445312,76.7699966430664,60048,37320,56350,35781,78902
2026-08-11 10:00:00-04:00,306.32000732421875,274.9049987792969,350.11151123046875,604.8300170898438,76.58000183105469,306.45001220703125,274.95001220703125,350.13720703125,604.9899291992188,76.7699966430664,306.2099914550781,274.3900146484375,349.5138854980469,602.6699829101562,76.55999755859375,306.29998779296875,274.4700012207031,349.8800048828125,602.6699829101562,76.7699966430664,79617,90952,49995,76596,81392
2026-08-11 10:01:00-04:00,306.2550048828125,274.635009765625,350.1300048828125,605.1849975585938,76.62999725341797,306.30999755859375,274.94000244140625,350.2300109863281,605.47998046875,76.63279724121094,306.05999755859375,274.635009765625,349.80999755859375,604.3800048828125,76.4800033569336,306.260009765625,274.92999267578125,350.135009765625,604.7650146484375,76.6094970703125,50322,55346,43686,82158,85948
2026-08-11 10:02:00-04:00,306.44000244140625,274.95001220703125,349.864990234375,606.2249755859375,76.58979797363281,306.46990966796875,275.0398864746094,350.3399963378906,606.8900146484375,76.69000244140625,306.2149963378906,274.5000915527344,349.7900085449219,604.6900024414062,76.56999969482422,306.2550048828125,274.6000061035156,350.20001220703125,605.2899780273438,76.61499786376953,46789,101469,37609,85625,99135
2026-08-11 10:03:00-04:00,306.3299865722656,275.2149963378906,349.8699951171875,606.8200073242188,76.58000183105469,306.510009765625,275.2699890136719,350.1099853515625,607.4000244140625,76.62000274658203,306.2799987792969,274.8999938964844,349.8699951171875,606.0,76.51000213623047,306.44500732421875,274.9800109863281,349.92498779296875,606.1099853515625,76.58499908447266,48340,108834,53168,100509,111804
2026-08-11 10:04:00-04:00,306.510009765625,275.2300109863281,349.80999755859375,607.5,76.51000213623047,306.510009765625,275.3299865722656,349.94000244140625,607.5,76.62000274658203,306.2300109863281,275.0799865722656,349.6199951171875,606.3499755859375,76.5,306.31500244140625,275.2149963378906,349.80999755859375,606.8150024414062,76.58999633789062,44517,53875,21428,87418,88256
2026-08-11 10:05:00-04:00,306.3500061035156,275.0199890136719,350.1499938964844,607.3900146484375,76.40840148925781,306.5823974609375,275.2900085449219,350.20001220703125,607.885009765625,76.52999877929688,306.29998779296875,274.8505859375,349.7300109863281,606.7200927734375,76.37000274658203,306.5199890136719,275.2900085449219,349.80499267578125,607.469970703125,76.52999877929688,81099,43500,30079,99621,88472
2026-08-11 10:06:00-04:00,306.4200134277344,275.3399963378906,349.989990234375,607.9400024414062,76.41999816894531,306.489990234375,275.3699951171875,350.1600036621094,608.5999755859375,76.53500366210938,306.2950134277344,274.8999938964844,349.8999938964844,607.39501953125,76.4000015258789,306.3500061035156,274.989990234375,350.1549987792969,607.70751953125,76.4000015258789,63393,38989,40200,100730,56936
2026-08-11 10:07:00-04:00,306.3500061035156,275.3599853515625,349.9667053222656,609.2899780273438,76.3499984741211,306.5249938964844,275.4200134277344,350.0,609.4299926757812,76.43000030517578,306.2900085449219,275.239990234375,349.71051025390625,607.989990234375,76.33000183105469,306.4150085449219,275.3550109863281,350.0,608.2150268554688,76.41000366210938,52285,47188,17418,101973,95057
2026-08-11 10:08:00-04:00,306.4400939941406,275.3299865722656,349.7950134277344,608.5850219726562,76.41999816894531,306.4700012207031,275.3699951171875,349.9800109863281,609.5900268554688,76.41999816894531,306.2950134277344,275.15008544921875,349.69000244140625,608.27001953125,76.30999755859375,306.375,275.3399963378906,349.8949890136719,609.4299926757812,76.33999633789062,66284,31230,29729,109754,70688
2026-08-11 10:09:00-04:00,306.5400085449219,275.3500061035156,349.9599914550781,609.25,76.43499755859375,306.656005859375,275.4800109863281,349.9750061035156,609.5599975585938,76.47989654541016,306.4200134277344,275.2308044433594,349.7099914550781,607.5,76.37999725341797,306.4639892578125,275.3500061035156,349.83990478515625,608.72998046875,76.41999816894531,88424,44284,22834,86494,39370
2026-08-11 10:10:00-04:00,306.3800048828125,275.42999267578125,350.25,609.1400146484375,76.33000183105469,306.5398864746094,275.5292053222656,350.2900085449219,609.8798828125,76.44000244140625,306.3699951171875,275.3599853515625,349.92999267578125,608.8200073242188,76.31999969482422,306.5199890136719,275.3599853515625,349.92999267578125,609.1599731445312,76.43499755859375,50242,49189,62122,104029,44321
2026-08-11 10:11:00-04:00,306.65948486328125,275.2250061035156,350.0801086425781,608.030029296875,76.36499786376953,306.6650085449219,275.4798889160156,350.2699890136719,609.3298950195312,76.4000015258789,306.3500061035156,275.1700134277344,350.0,607.6500244140625,76.30000305175781,306.3599853515625,275.3999938964844,350.2699890136719,609.0399780273438,76.30999755859375,48171,41919,18637,69288,42085
2026-08-11 10:12:00-04:00,306.4100036621094,275.44061279296875,350.2950134277344,607.7100219726562,76.36000061035156,306.69000244140625,275.5299987792969,350.31500244140625,608.3699951171875,76.4000015258789,306.3800048828125,275.1700134277344,350.0415954589844,607.3699951171875,76.30000305175781,306.6400146484375,275.2250061035156,350.07000732421875,608.030029296875,76.36000061035156,45587,47937,21482,54529,104571
2026-08-11 10:13:00-04:00,306.05999755859375,275.5,350.44000244140625,609.0250854492188,76.27999877929688,306.42999267578125,275.57000732421875,350.5199890136719,609.39990234375,76.375,306.0299987792969,275.3500061035156,350.260009765625,607.5999755859375,76.2699966430664,306.4100036621094,275.4700012207031,350.260009765625,607.6112060546875,76.3499984741211,105392,65679,34743,62813,158112
2026-08-11 10:14:00-04:00,306.3599853515625,275.42999267578125,350.31500244140625,609.5,76.2750015258789,306.4049987792969,275.5950012207031,350.6199951171875,610.1099853515625,76.30999755859375,306.04998779296875,275.3299865722656,350.2099914550781,608.8800048828125,76.13050079345703,306.05999755859375,275.5050048828125,350.4649963378906,609.0250244140625,76.26000213623047,46066,58301,32746,128620,114504
2026-08-11 10:15:00-04:00,306.2300109863281,275.3684997558594,350.3599853515625,611.7949829101562,76.08999633789062,306.3999938964844,275.54998779296875,350.44000244140625,611.89990234375,76.29000091552734,306.2049865722656,275.3500061035156,350.2831115722656,609.2501220703125,76.08999633789062,306.3797912597656,275.42999267578125,350.29998779296875,609.5,76.27999877929688,40550,41821,16948,107398,86494
2026-08-11 10:16:00-04:00,306.2749938964844,275.18499755859375,350.1499938964844,611.5800170898438,75.93000030517578,306.3500061035156,275.4800109863281,350.489990234375,612.1900024414062,76.09989929199219,306.1700134277344,275.17999267578125,350.1499938964844,611.25,75.93000030517578,306.222412109375,275.364990234375,350.3299865722656,611.75,76.09989929199219,40131,37498,30658,149109,162322
2026-08-11 10:17:00-04:00,306.2200012207031,274.9649963378906,350.04998779296875,610.2849731445312,75.94999694824219,306.29998779296875,275.3299865722656,350.20989990234375,611.659912109375,75.95999908447266,306.1268005371094,274.95001220703125,349.9200134277344,610.1981811523438,75.8550033569336,306.2749938964844,275.20001220703125,350.17999267578125,611.5800170898438,75.93009948730469,61065,93530,30727,89922,111000
2026-08-11 10:18:00-04:00,306.3450012207031,275.05999755859375,350.0909118652344,611.6300048828125,76.01010131835938,306.4399108886719,275.0899963378906,350.2099914550781,612.4199829101562,76.02999877929688,306.20001220703125,274.8500061035156,350.0,609.6400146484375,75.93499755859375,306.2250061035156,274.95001220703125,350.0400085449219,610.1950073242188,75.94000244140625,40662,77241,16119,169267,57293
2026-08-11 10:19:00-04:00,306.4599914550781,274.7300109863281,350.54998779296875,611.969970703125,76.08499908447266,306.54998779296875,275.1300048828125,350.6499938964844,612.1798706054688,76.12000274658203,306.239990234375,274.67999267578125,350.0799865722656,610.8099975585938,76.010498046875,306.32000732421875,275.05499267578125,350.125,611.6199951171875,76.0199966430664,42620,118325,42877,79780,46458
2026-08-11 10:20:00-04:00,306.510009765625,274.7699890136719,350.8299865722656,611.6867065429688,76.02999877929688,306.6600036621094,274.82000732421875,350.9200134277344,612.3699951171875,76.0999984741211,306.3999938964844,274.6499938964844,350.55999755859375,611.1799926757812,76.0199966430664,306.44000244140625,274.70001220703125,350.5899963378906,611.5900268554688,76.08000183105469,63675,57262,41933,59083,49649
2026-08-11 10:21:00-04:00,306.4100036621094,274.67999267578125,350.5299987792969,611.0800170898438,76.05999755859375,306.6600036621094,274.82000732421875,350.8500061035156,611.8400268554688,76.08000183105469,306.3599853515625,274.6000061035156,350.489990234375,610.8300170898438,76.0199966430664,306.4849853515625,274.7749938964844,350.80999755859375,611.6400146484375,76.0250015258789,50586,54400,26486,55765,42183
2026-08-11 10:22:00-04:00,306.54998779296875,274.5299987792969,350.32000732421875,609.60498046875,76.04000091552734,306.6300048828125,274.7349853515625,350.6000061035156,611.1799926757812,76.07499694824219,306.4100036621094,274.4200134277344,350.32000732421875,609.5999755859375,76.01000213623047,306.4150085449219,274.6400146484375,350.4949951171875,611.114990234375,76.05999755859375,37803,96386,9941,55015,60770
2026-08-11 10:23:00-04:00,306.4150085449219,274.3299865722656,350.1600036621094,609.239990234375,76.02680206298828,306.69000244140625,274.6820068359375,350.3999938964844,610.1900024414062,76.10009765625,306.4150085449219,274.3299865722656,350.1199951171875,608.3900146484375,76.0250015258789,306.54998779296875,274.5,350.30999755859375,609.6599731445312,76.04000091552734,41896,77486,18613,85852,54939
2026-08-11 10:24:00-04:00,306.3800048828125,274.30999755859375,350.1600036621094,608.530029296875,76.05999755859375,306.5,274.489990234375,350.3800048828125,609.6699829101562,76.08499908447266,306.3699951171875,274.2799987792969,350.1199951171875,608.5,76.01499938964844,306.4150085449219,274.3420104980469,350.1781921386719,609.239990234375,76.0250015258789,44999,71025,21112,53257,53443
2026-08-11 10:25:00-04:00,306.0732116699219,274.32501220703125,350.31500244140625,609.364990234375,76.06500244140625,306.3828125,274.5,350.4100036621094,609.4298706054688,76.08000183105469,306.0400085449219,274.2969055175781,350.1300048828125,608.4000244140625,76.00499725341797,306.3500061035156,274.30499267578125,350.1600036621094,608.6500244140625,76.0562973022461,48331,66368,18797,46530,53519
2026-08-11 10:26:00-04:00,306.1099853515625,274.19000244140625,350.1499938964844,608.6599731445312,76.0,306.1499938964844,274.4200134277344,350.3349914550781,610.1900024414062,76.08999633789062,305.9800109863281,274.1780090332031,349.92999267578125,608.5701293945312,76.0,306.0799865722656,274.3299865722656,350.31500244140625,609.3699951171875,76.05999755859375,91944,57934,36149,59863,41568
2026-08-11 10:27:00-04:00,305.9849853515625,274.19000244140625,350.3800048828125,608.99951171875,76.07990264892578,306.1099853515625,274.2200012207031,350.39898681640625,609.4400024414062,76.07990264892578,305.8900146484375,273.9100036621094,350.18499755859375,608.6500244140625,75.9800033569336,306.07501220703125,274.1600036621094,350.18499755859375,608.6699829101562,76.00499725341797,71396,133106,24167,46894,37878
2026-08-11 10:28:00-04:00,306.1199951171875,274.552490234375,350.7300109863281,609.3200073242188,76.15080261230469,306.17498779296875,274.6199951171875,350.7300109863281,609.5,76.15080261230469,305.9599914550781,274.20001220703125,350.3999938964844,608.6599731445312,76.08000183105469,305.9750061035156,274.20001220703125,350.3999938964844,609.0,76.08000183105469,57764,81093,26610,30324,68146
2026-08-11 10:29:00-04:00,306.19000244140625,274.739990234375,350.6549987792969,609.2100219726562,76.13500213623047,306.2799987792969,274.8500061035156,350.7200012207031,609.5999755859375,76.16999816894531,306.0799865722656,274.45001220703125,350.55999755859375,608.5,76.0999984741211,306.1099853515625,274.54998779296875,350.70001220703125,609.52001953125,76.16000366210938,44306,55041,14988,29212,60947
2026-08-11 10:30:00-04:00,306.30499267578125,274.69000244140625,350.6000061035156,609.8400268554688,76.08499908447266,306.385009765625,274.80999755859375,350.6600036621094,610.1900024414062,76.13999938964844,306.1199951171875,274.4200134277344,350.4804992675781,608.905029296875,76.05999755859375,306.19000244140625,274.69000244140625,350.6300048828125,609.2999877929688,76.12999725341797,45284,50941,23181,67102,54380
2026-08-11 10:31:00-04:00,306.3999938964844,274.6199951171875,350.739990234375,609.4400024414062,76.12000274658203,306.4798889160156,274.83990478515625,350.75,609.8200073242188,76.1500015258789,306.260009765625,274.5614929199219,350.44000244140625,609.0303955078125,76.04499816894531,306.30999755859375,274.69000244140625,350.55999755859375,609.739990234375,76.0801010131836,39277,39622,19303,26959,43602
2026-08-11 10:32:00-04:00,306.5950012207031,274.6300048828125,350.57000732421875,608.7999877929688,76.06990051269531,306.614990234375,274.7300109863281,350.79998779296875,609.760009765625,76.12999725341797,306.3900146484375,274.57000732421875,350.54998779296875,608.7000122070312,76.02999877929688,306.39068603515625,274.625,350.739990234375,609.5800170898438,76.12999725341797,53814,29164,15904,23996,37323
2026-08-11 10:33:00-04:00,306.5199890136719,274.43499755859375,350.5805969238281,609.4249877929688,76.09989929199219,306.6300048828125,274.70001220703125,350.6300048828125,609.4249877929688,76.12000274658203,306.4800109863281,274.4200134277344,350.4599914550781,608.489990234375,76.05000305175781,306.5950012207031,274.625,350.54998779296875,608.7100219726562,76.05999755859375,58099,29756,28177,25019,44345
2026-08-11 10:34:00-04:00,306.7049865722656,274.2974853515625,350.510009765625,609.239990234375,76.0999984741211,306.7099914550781,274.42999267578125,350.70001220703125,609.7498779296875,76.10769653320312,306.4649963378906,274.19000244140625,350.510009765625,609.2100219726562,76.05500030517578,306.5199890136719,274.42999267578125,350.6000061035156,609.5999755859375,76.0999984741211,64791,66446,13425,24022,46276
2026-08-11 10:35:00-04:00,306.54998779296875,274.360595703125,350.7650146484375,608.7349853515625,76.1050033569336,306.7200012207031,274.4599914550781,350.7900085449219,609.3200073242188,76.13999938964844,306.5400085449219,274.239990234375,350.32000732421875,608.6849975585938,76.0999984741211,306.70001220703125,274.29998779296875,350.489990234375,609.3200073242188,76.0999984741211,43509,44768,20796,18156,54255
2026-08-11 10:36:00-04:00,306.6199951171875,274.20989990234375,350.54998779296875,609.1900024414062,76.08000183105469,306.6199951171875,274.4100036621094,350.7900085449219,609.5999755859375,76.12000274658203,306.5199890136719,274.19500732421875,350.5159912109375,608.6702880859375,76.07499694824219,306.57000732421875,274.3900146484375,350.7650146484375,608.6702880859375,76.0999984741211,32182,28984,11393,30738,40177
2026-08-11 10:37:00-04:00,306.6449890136719,274.2200012207031,350.5899963378906,609.114990234375,76.23500061035156,306.6700134277344,274.32000732421875,350.6499938964844,609.5700073242188,76.2699966430664,306.489990234375,274.17999267578125,350.4200134277344,608.7999877929688,76.08499908447266,306.5899963378906,274.20001220703125,350.6000061035156,609.1300048828125,76.08999633789062,36068,35294,18109,37726,230288
2026-08-11 10:38:00-04:00,306.7099914550781,273.93890380859375,350.6199951171875,609.0401000976562,76.25869750976562,306.7200012207031,274.31500244140625,350.7900085449219,609.3400268554688,76.2750015258789,306.5909118652344,273.93890380859375,350.510009765625,608.9600219726562,76.23500061035156,306.6409912109375,274.239990234375,350.5899963378906,609.0463256835938,76.23500061035156,43279,70540,19261,21376,43945
2026-08-11 10:39:00-04:00,306.79998779296875,274.2300109863281,350.7200012207031,609.125,76.15499877929688,306.8349914550781,274.2499084472656,350.75,609.2999877929688,76.27999877929688,306.7179870605469,273.9700012207031,350.5899963378906,608.8200073242188,76.13099670410156,306.739990234375,273.9700012207031,350.6199951171875,609.0401000976562,76.26830291748047,75361,34733,17224,24467,527425
2026-08-11 10:40:00-04:00,306.6700134277344,274.1600036621094,350.55999755859375,608.8054809570312,76.125,306.82000732421875,274.3299865722656,350.7799987792969,609.9500122070312,76.19000244140625,306.6400146484375,274.07000732421875,350.54998779296875,608.760009765625,76.11019897460938,306.7950134277344,274.2300109863281,350.7300109863281,609.2000122070312,76.13999938964844,44855,55097,13511,46796,49802
2026-08-11 10:41:00-04:00,306.7799987792969,274.32501220703125,350.6600036621094,608.635009765625,76.08000183105469,306.7950134277344,274.3399963378906,350.6700134277344,608.9600219726562,76.1500015258789,306.6499938964844,274.07501220703125,350.4599914550781,608.4000244140625,76.06009674072266,306.6700134277344,274.135009765625,350.5899963378906,608.8250122070312,76.125,33386,44998,16876,40456,47455
2026-08-11 10:42:00-04:00,306.7650146484375,274.42999267578125,350.6600036621094,609.0549926757812,76.16000366210938,306.7900085449219,274.4399108886719,350.7200012207031,609.0999755859375,76.16999816894531,306.6199951171875,274.27398681640625,350.5199890136719,608.4099731445312,76.05999755859375,306.7900085449219,274.3599853515625,350.6499938964844,608.635009765625,76.08000183105469,33102,25810,13652,28582,46089
2026-08-11 10:43:00-04:00,306.8299865722656,274.5400085449219,350.6000061035156,608.8986206054688,76.19000244140625,306.94000244140625,274.635009765625,350.8900146484375,609.3699951171875,76.22989654541016,306.7799987792969,274.44500732421875,350.6000061035156,608.760009765625,76.13999938964844,306.7799987792969,274.45001220703125,350.6600036621094,609.0549926757812,76.16500091552734,42882,41380,19838,22302,81713
2026-08-11 10:44:00-04:00,306.6700134277344,274.4999084472656,350.0799865722656,608.4299926757812,76.16000366210938,306.849609375,274.5799865722656,350.6499938964844,609.1300048828125,76.18499755859375,306.6449890136719,274.3500061035156,350.0799865722656,608.4299926757812,76.15499877929688,306.8299865722656,274.55999755859375,350.6499938964844,608.9349975585938,76.17500305175781,28397,36032,57782,29470,35982
2026-08-11 10:45:00-04:00,306.7101135253906,274.510009765625,350.2099914550781,609.8400268554688,76.19979858398438,306.7398986816406,274.55999755859375,350.404296875,609.989990234375,76.24500274658203,306.5849914550781,274.4800109863281,350.07000732421875,608.6500244140625,76.16500091552734,306.6700134277344,274.4800109863281,350.0849914550781,608.6500244140625,76.16500091552734,31138,21869,25620,20586,69398
2026-08-11 10:46:00-04:00,306.82000732421875,274.6099853515625,350.385009765625,610.6799926757812,76.20999908447266,306.94000244140625,274.7799987792969,350.635009765625,610.8499755859375,76.26499938964844,306.7200012207031,274.5199890136719,350.2349853515625,609.77001953125,76.19999694824219,306.7200012207031,274.5199890136719,350.2349853515625,609.77001953125,76.19999694824219,51467,79359,23435,43811,26784
2026-08-11 10:47:00-04:00,306.6600036621094,274.7300109863281,350.2652893066406,610.8300170898438,76.16000366210938,306.81500244140625,274.7699890136719,350.4200134277344,611.2899780273438,76.22000122070312,306.6400146484375,274.5199890136719,350.160400390625,610.1729736328125,76.15910339355469,306.80999755859375,274.5899963378906,350.4100036621094,610.7498779296875,76.22000122070312,35147,82277,21561,53600,39036
2026-08-11 10:48:00-04:00,306.7200012207031,274.9100036621094,350.66009521484375,610.8599853515625,76.21050262451172,306.7699890136719,274.9599914550781,350.6700134277344,611.4199829101562,76.22000122070312,306.6205139160156,274.70001220703125,350.2550048828125,610.6267700195312,76.15989685058594,306.6600036621094,274.7250061035156,350.2799987792969,610.739990234375,76.16000366210938,26970,60487,32851,64111,36240
2026-08-11 10:49:00-04:00,306.55999755859375,274.6199951171875,350.65008544921875,610.4000244140625,76.13999938964844,306.7200012207031,274.9599914550781,350.69989013671875,611.4299926757812,76.22000122070312,306.5150146484375,274.55499267578125,350.3999938964844,610.094482421875,76.12999725341797,306.7200012207031,274.9200134277344,350.67999267578125,610.952392578125,76.22000122070312,35648,35607,27992,43343,32977
2026-08-11 10:50:00-04:00,306.6099853515625,274.5299987792969,350.77508544921875,610.364990234375,76.1449966430664,306.66229248046875,274.67498779296875,350.80999755859375,610.5800170898438,76.17369842529297,306.552001953125,274.44000244140625,350.4700012207031,609.6599731445312,76.13200378417969,306.55999755859375,274.6199951171875,350.6400146484375,610.4000244140625,76.13500213623047,80705,42760,17501,27861,87197
2026-08-11 10:51:00-04:00,306.57000732421875,274.5400085449219,350.7099914550781,610.4149780273438,76.125,306.66229248046875,274.57000732421875,350.79998779296875,610.5599975585938,76.1500015258789,306.54229736328125,274.42999267578125,350.68499755859375,609.8400268554688,76.0999984741211,306.6199951171875,274.5,350.7980041503906,610.364990234375,76.1500015258789,28754,26839,14421,31266,39637
2026-08-11 10:52:00-04:00,306.68499755859375,274.5350036621094,350.7799987792969,610.3837280273438,76.15499877929688,306.72900390625,274.5950012207031,350.79998779296875,610.5173950195312,76.16000366210938,306.57000732421875,274.4599914550781,350.6300048828125,610.1400146484375,76.12030029296875,306.5799865722656,274.5400085449219,350.6914978027344,610.4149780273438,76.12999725341797,31036,30356,17028,21148,24718
2026-08-11 10:53:00-04:00,306.7449951171875,274.45001220703125,350.6099853515625,610.1599731445312,76.13999938964844,306.75,274.6050109863281,350.82000732421875,610.6699829101562,76.20500183105469,306.6004943847656,274.42999267578125,350.5899963378906,610.1400146484375,76.12999725341797,306.70001220703125,274.5199890136719,350.7650146484375,610.291015625,76.1500015258789,32112,34480,23241,27843,40400
2026-08-11 10:54:00-04:00,306.70001220703125,274.47900390625,350.5150146484375,609.8800048828125,76.13999938964844,306.79998779296875,274.5198974609375,350.7200012207031,610.280029296875,76.18000030517578,306.6499938964844,274.3316955566406,350.4100036621094,609.2200927734375,76.11000061035156,306.75,274.4200134277344,350.6000061035156,610.280029296875,76.13500213623047,32723,25997,20103,21957,39195
2026-08-11 10:55:00-04:00,306.69000244140625,274.4100036621094,350.7699890136719,610.4915161132812,76.15499877929688,306.7799987792969,274.547607421875,350.8599853515625,610.669921875,76.15499877929688,306.6600036621094,274.4100036621094,350.5150146484375,609.7623901367188,76.12000274658203,306.7049865722656,274.4750061035156,350.5150146484375,609.8499145507812,76.13009643554688,20907,21178,26071,53721,26480
2026-08-11 10:56:00-04:00,306.6549987792969,274.2950134277344,350.6700134277344,609.8906860351562,76.07990264892578,306.7250061035156,274.45989990234375,350.79998779296875,610.8499755859375,76.15499877929688,306.5899963378906,274.2300109863281,350.57501220703125,609.7999877929688,76.07019805908203,306.6600036621094,274.4360046386719,350.7550048828125,610.6099853515625,76.1500015258789,35291,45557,66533,35174,31520
2026-08-11 10:57:00-04:00,306.6199951171875,274.3399963378906,350.7799987792969,609.760009765625,75.97000122070312,306.69000244140625,274.3399963378906,350.7799987792969,610.0396118164062,76.07499694824219,306.5899963378906,274.2300109863281,350.5400085449219,609.27587890625,75.96790313720703,306.6700134277344,274.2950134277344,350.6300048828125,609.9199829101562,76.07499694824219,25070,22004,18982,14692,70446
2026-08-11 10:58:00-04:00,306.6700134277344,274.6000061035156,350.57501220703125,609.6699829101562,76.01499938964844,306.7200012207031,274.6199951171875,350.82000732421875,610.1699829101562,76.01499938964844,306.614990234375,274.3605041503906,350.489990234375,609.5,75.95500183105469,306.614990234375,274.3605041503906,350.7799987792969,609.552978515625,75.97000122070312,23983,46857,28854,26922,45880
2026-08-11 10:59:00-04:00,306.5899963378906,274.5450134277344,350.56500244140625,609.6400146484375,75.95999908447266,306.739990234375,274.6499938964844,350.6600036621094,609.7999267578125,76.0199966430664,306.54998779296875,274.44000244140625,350.510498046875,609.530029296875,75.94000244140625,306.67498779296875,274.6000061035156,350.57501220703125,609.739990234375,76.01499938964844,43292,47825,12797,18812,42299
2026-08-11 11:00:00-04:00,306.6300048828125,274.4993896484375,350.5404052734375,610.2999877929688,75.87000274658203,306.68499755859375,274.5799865722656,350.75,610.4998779296875,75.99500274658203,306.5799865722656,274.4700012207031,350.4800109863281,609.510009765625,75.87000274658203,306.6000061035156,274.5299987792969,350.56500244140625,609.64501953125,75.95999908447266,48052,27331,26400,31896,52714
2026-08-11 11:01:00-04:00,306.625,274.7349853515625,350.6499938964844,610.6300048828125,75.79989624023438,306.69000244140625,274.80999755859375,350.6499938964844,610.734619140625,75.87989807128906,306.6012878417969,274.5,350.4649963378906,609.9849853515625,75.76000213623047,306.6199951171875,274.510009765625,350.57000732421875,610.3499755859375,75.87989807128906,32077,53220,20004,28671,106214
2026-08-11 11:02:00-04:00,306.5799865722656,274.6400146484375,350.6000061035156,609.953125,75.76499938964844,306.67999267578125,274.8500061035156,350.7699890136719,610.7399291992188,75.79499816894531,306.55999755859375,274.55499267578125,350.5199890136719,609.751220703125,75.73999786376953,306.625,274.70001220703125,350.6549987792969,610.614990234375,75.79399871826172,30240,49834,20640,29631,44955
2026-08-11 11:03:00-04:00,306.3999938964844,274.57000732421875,350.7349853515625,609.8800048828125,75.73500061035156,306.5799865722656,274.69500732421875,350.760009765625,610.1500244140625,75.7699966430664,306.3699951171875,274.5411071777344,350.57000732421875,609.8350219726562,75.72010040283203,306.5799865722656,274.5989990234375,350.6099853515625,609.9500122070312,75.76499938964844,40234,36041,11894,28941,49551
2026-08-11 11:04:00-04:00,306.447998046875,274.2900085449219,350.66900634765625,608.280029296875,75.74400329589844,306.4578857421875,274.55499267578125,350.80999755859375,609.9598999023438,75.76000213623047,306.3301086425781,274.2099914550781,350.5299987792969,608.1400146484375,75.70999908447266,306.3949890136719,274.53070068359375,350.760009765625,609.9000244140625,75.7300033569336,39597,54253,19646,39748,74324
2026-08-11 11:05:00-04:00,306.3399963378906,273.8559875488281,350.40008544921875,608.9149780273438,75.82119750976562,306.4849853515625,274.260009765625,350.6099853515625,609.2199096679688,75.82119750976562,306.3304138183594,273.8550109863281,350.3500061035156,608.2055053710938,75.74019622802734,306.4599914550781,274.260009765625,350.6099853515625,608.219970703125,75.74019622802734,36002,56047,13461,31388,64660
2026-08-11 11:06:00-04:00,306.135009765625,273.5400085449219,350.3570861816406,607.5999755859375,75.78500366210938,306.3699951171875,273.9117126464844,350.4700012207031,608.9199829101562,75.82589721679688,306.1199951171875,273.5199890136719,350.3299865722656,607.5,75.76000213623047,306.3399963378906,273.8550109863281,350.3900146484375,608.9199829101562,75.81999969482422,49738,93299,11210,57910,48358
2026-08-11 11:07:00-04:00,306.19000244140625,273.5,350.489990234375,607.2650146484375,75.77999877929688,306.212890625,273.69000244140625,350.5445861816406,607.9400024414062,75.78500366210938,306.04998779296875,273.4150085449219,350.29998779296875,607.02001953125,75.73999786376953,306.1300048828125,273.5400085449219,350.29998779296875,607.60498046875,75.78500366210938,48932,66939,22719,69255,40973
2026-08-11 11:08:00-04:00,306.1300048828125,273.3999938964844,350.510009765625,607.7249755859375,75.72000122070312,306.2900085449219,273.5400085449219,350.5199890136719,607.8350219726562,75.77999877929688,306.04998779296875,273.1300048828125,350.29998779296875,607.1400146484375,75.66999816894531,306.19000244140625,273.5,350.489990234375,607.2650146484375,75.77999877929688,48890,105802,12299,24374,73907
2026-08-11 11:09:00-04:00,306.135009765625,273.18670654296875,350.5899963378906,607.3599853515625,75.80000305175781,306.2300109863281,273.44000244140625,350.70001220703125,607.8099975585938,75.80000305175781,306.1300048828125,273.1300964355469,350.5199890136719,607.3599853515625,75.72000122070312,306.1368103027344,273.3999938964844,350.5249938964844,607.7249755859375,75.72000122070312,17558,45071,12380,17840,29120
2026-08-11 11:10:00-04:00,306.28729248046875,272.69000244140625,350.4700012207031,606.7650146484375,75.77999877929688,306.3299865722656,273.1700134277344,350.55999755859375,607.375,75.79000091552734,306.12200927734375,272.6499938964844,350.3500061035156,606.6500244140625,75.760498046875,306.135009765625,273.1700134277344,350.55999755859375,607.3300170898438,75.79000091552734,31948,210706,16305,27079,39337
2026-08-11 11:11:00-04:00,306.260009765625,272.57000732421875,350.54998779296875,606.9949951171875,75.73500061035156,306.3699951171875,272.7200012207031,350.6000061035156,607.2498779296875,75.79499816894531,306.2099914550781,272.32000732421875,350.3999938964844,606.1599731445312,75.72509765625,306.29998779296875,272.68060302734375,350.5,606.7750244140625,75.78500366210938,33635,150897,16425,43545,64163
2026-08-11 11:12:00-04:00,306.2449951171875,272.81500244140625,350.66009521484375,606.77001953125,75.71499633789062,306.3500061035156,272.92999267578125,350.739990234375,607.5599975585938,75.76000213623047,306.2315979003906,272.4800109863281,350.57000732421875,606.5399780273438,75.69999694824219,306.25,272.54010009765625,350.5950012207031,606.9949951171875,75.73500061035156,36635,146836,9456,33605,36262
2026-08-11 11:13:00-04:00,306.1000061035156,272.7650146484375,350.2298889160156,606.8300170898438,75.67009735107422,306.260009765625,273.04998779296875,350.6549987792969,607.3049926757812,75.7300033569336,306.1000061035156,272.75,350.1619873046875,606.6799926757812,75.66999816894531,306.2550048828125,272.80499267578125,350.6549987792969,606.7000122070312,75.71499633789062,24761,67651,18009,24435,58973
2026-08-11 11:14:00-04:00,306.2149963378906,272.95001220703125,350.05999755859375,606.5900268554688,75.70999908447266,306.2200012207031,272.9800109863281,350.2799987792969,606.9099731445312,75.72000122070312,306.1000061035156,272.70001220703125,349.8399963378906,606.4099731445312,75.66010284423828,306.1199951171875,272.7101135253906,350.19000244140625,606.8300170898438,75.66020202636719,31741,42407,42856,25003,37192
2026-08-11 11:15:00-04:00,306.32000732421875,273.05499267578125,350.05999755859375,606.9000244140625,75.75499725341797,306.32000732421875,273.06988525390625,350.1400146484375,607.0499877929688,75.76000213623047,306.17999267578125,272.8900146484375,349.989990234375,606.3701171875,75.70999908447266,306.2200012207031,272.94000244140625,350.0799865722656,606.6099853515625,75.70999908447266,31400,49414,11959,30937,14892
2026-08-11 11:16:00-04:00,306.239990234375,273.0400085449219,350.2099914550781,607.4749755859375,75.70999908447266,306.4049987792969,273.1650085449219,350.2347106933594,607.5449829101562,75.7699966430664,306.2200012207031,272.95001220703125,350.0400085449219,606.9099731445312,75.68499755859375,306.31500244140625,273.05499267578125,350.07501220703125,606.989990234375,75.76499938964844,48147,63291,18727,24415,83970
2026-08-11 11:17:00-04:00,306.2900085449219,272.9849853515625,349.95001220703125,607.364990234375,75.69000244140625,306.32000732421875,273.1000061035156,350.32501220703125,607.4500122070312,75.73999786376953,306.2300109863281,272.9750061035156,349.8699951171875,606.8900146484375,75.69000244140625,306.2349853515625,273.0199890136719,350.17498779296875,607.3599853515625,75.69999694824219,25555,32244,20376,22125,35052
2026-08-11 11:18:00-04:00,306.3399963378906,272.8450012207031,349.8450012207031,607.7899780273438,75.68499755859375,306.3399963378906,272.989990234375,349.9599914550781,608.0,75.70999908447266,306.2200012207031,272.80999755859375,349.80999755859375,607.364990234375,75.66999816894531,306.2799987792969,272.989990234375,349.8999938964844,607.364990234375,75.68000030517578,32774,50400,15269,26278,38290
2026-08-11 11:19:00-04:00,306.3089904785156,273.1199951171875,350.0899963378906,608.2100219726562,75.7249984741211,306.44000244140625,273.1199951171875,350.0899963378906,608.3400268554688,75.73500061035156,306.2900085449219,272.8299865722656,349.79998779296875,607.4813842773438,75.68000030517578,306.3500061035156,272.8500061035156,349.8800048828125,607.8150024414062,75.68499755859375,49046,52995,22505,19880,33056
2026-08-11 11:20:00-04:00,306.4801025390625,273.28009033203125,350.0400085449219,608.9600219726562,75.76969909667969,306.5199890136719,273.3399963378906,350.05999755859375,609.0599975585938,75.77030181884766,306.28009033203125,273.1300048828125,349.9303894042969,608.1900024414062,75.72000122070312,306.30999755859375,273.1300048828125,350.05999755859375,608.2100219726562,75.7249984741211,37782,69979,10740,24951,31983
2026-08-11 11:21:00-04:00,306.4599914550781,273.2300109863281,350.13531494140625,609.8300170898438,75.73999786376953,306.5299072265625,273.30999755859375,350.13531494140625,609.8599853515625,75.7699966430664,306.44000244140625,273.1470031738281,349.9200134277344,608.9749755859375,75.7300033569336,306.4999084472656,273.2799987792969,350.0400085449219,608.9749755859375,75.76499938964844,41354,32308,10801,28267,33590
2026-08-11 11:22:00-04:00,306.3949890136719,273.17999267578125,350.1300048828125,610.0700073242188,75.77999877929688,306.4800109863281,273.2799987792969,350.2699890136719,610.5800170898438,75.77999877929688,306.3500061035156,273.1065979003906,350.05499267578125,609.719970703125,75.7249984741211,306.45001220703125,273.239990234375,350.0950012207031,609.8599853515625,75.73999786376953,186902,27661,9365,58274,28102
2026-08-11 11:23:00-04:00,306.44000244140625,273.32000732421875,350.07501220703125,610.4843139648438,75.75,306.45001220703125,273.3900146484375,350.19500732421875,610.5700073242188,75.7750015258789,306.3699951171875,273.1099853515625,350.05999755859375,609.6799926757812,75.73500061035156,306.3999938964844,273.1700134277344,350.1400146484375,610.1124877929688,75.7750015258789,21832,37682,37743,42937,29389
2026-08-11 11:24:00-04:00,306.5899963378906,273.2650146484375,350.1400146484375,610.094970703125,75.73999786376953,306.6099853515625,273.32000732421875,350.1600036621094,610.739990234375,75.76000213623047,306.43499755859375,273.20001220703125,350.0,609.75,75.72000122070312,306.43499755859375,273.30999755859375,350.0899963378906,610.5900268554688,75.75430297851562,39962,28145,6766,25441,39650
2026-08-11 11:25:00-04:00,306.6099853515625,273.2699890136719,350.20001220703125,610.5474853515625,75.68499755859375,306.6099853515625,273.3500061035156,350.29998779296875,610.5999755859375,75.73999786376953,306.5,273.2304992675781,350.0799865722656,609.969970703125,75.68000030517578,306.5899963378906,273.29998779296875,350.1300048828125,610.1599731445312,75.73999786376953,38001,35384,8533,27298,24420
2026-08-11 11:26:00-04:00,306.6549987792969,273.239990234375,350.2799987792969,610.7650146484375,75.6500015258789,306.6789855957031,273.30999755859375,350.3900146484375,610.9199829101562,75.68499755859375,306.5668029785156,273.1610107421875,350.2250061035156,610.1810913085938,75.6500015258789,306.6199951171875,273.29998779296875,350.2481994628906,610.5449829101562,75.68499755859375,105194,40327,9363,21579,44629
2026-08-11 11:27:00-04:00,306.6199951171875,273.2099914550781,350.0400085449219,610.1472778320312,75.59500122070312,306.7699890136719,273.29998779296875,350.2950134277344,610.969970703125,75.66000366210938,306.6099853515625,273.17999267578125,350.0400085449219,610.1300048828125,75.54000091552734,306.6700134277344,273.19000244140625,350.260009765625,610.7000122070312,75.6500015258789,33031,30752,10832,20068,99004
2026-08-11 11:28:00-04:00,306.70001220703125,273.260009765625,350.0249938964844,610.2999877929688,75.51010131835938,306.7250061035156,273.2799987792969,350.1499938964844,610.52001953125,75.61499786376953,306.614990234375,273.1780090332031,350.0199890136719,609.9201049804688,75.48999786376953,306.6199951171875,273.215087890625,350.0799865722656,610.2050170898438,75.5999984741211,41287,47118,13826,24395,98137
2026-08-11 11:29:00-04:00,306.7049865722656,273.2749938964844,349.8900146484375,609.4949951171875,75.49009704589844,306.760009765625,273.3399963378906,350.0400085449219,610.5,75.51010131835938,306.6600036621094,273.239990234375,349.8699951171875,609.4949951171875,75.45999908447266,306.70001220703125,273.260009765625,350.0199890136719,610.364990234375,75.51000213623047,41427,63156,14617,38120,67027
2026-08-11 11:30:00-04:00,306.6700134277344,273.32000732421875,349.75,608.97998046875,75.45500183105469,306.7200012207031,273.4100036621094,349.94000244140625,609.6900024414062,75.52010345458984,306.635009765625,273.260009765625,349.7019958496094,608.9099731445312,75.43000030517578,306.70001220703125,273.260009765625,349.8699951171875,609.4949951171875,75.48999786376953,41711,96138,19257,25369,44648
2026-08-11 11:31:00-04:00,306.6700134277344,273.1499938964844,349.54998779296875,609.0750122070312,75.46499633789062,306.739990234375,273.30999755859375,349.760009765625,609.2899169921875,75.46499633789062,306.625,273.0993957519531,349.5199890136719,608.8800048828125,75.44000244140625,306.67999267578125,273.30999755859375,349.7253112792969,609.0050048828125,75.45999908447266,44325,43126,24604,16080,23725
2026-08-11 11:32:00-04:00,306.70001220703125,273.20001220703125,349.6099853515625,608.9299926757812,75.37999725341797,306.70001220703125,273.2099914550781,349.6099853515625,609.0499267578125,75.46499633789062,306.6199951171875,273.0805969238281,349.1900939941406,608.0,75.3499984741211,306.6650085449219,273.1700134277344,349.5400085449219,609.0,75.46499633789062,30194,29565,22190,76873,66333
2026-08-11 11:33:00-04:00,306.80999755859375,273.07000732421875,349.3399963378906,608.625,75.36000061035156,306.8699951171875,273.2298889160156,349.6400146484375,609.1500244140625,75.38520050048828,306.6600036621094,273.07000732421875,349.3399963378906,608.5,75.3499984741211,306.69500732421875,273.20001220703125,349.6400146484375,609.0399780273438,75.38200378417969,98375,38458,18883,28605,40835
2026-08-11 11:34:00-04:00,306.6499938964844,272.6109924316406,349.1199951171875,607.6749877929688,75.3949966430664,306.8299865722656,273.04998779296875,349.3800048828125,608.6300048828125,75.3949966430664,306.5799865722656,272.5931091308594,348.9599914550781,607.5999755859375,75.31999969482422,306.8299865722656,273.04998779296875,349.3299865722656,608.6300048828125,75.36499786376953,43776,63075,48139,45526,57729
2026-08-11 11:35:00-04:00,306.5450134277344,272.7550048828125,349.04998779296875,606.375,75.37999725341797,306.75,272.7550048828125,349.18499755859375,607.9299926757812,75.41000366210938,306.5,272.6000061035156,349.0187072753906,606.3699951171875,75.33999633789062,306.6499938964844,272.6099853515625,349.1199951171875,607.6749877929688,75.38999938964844,57479,58433,27174,54533,55667
2026-08-11 11:36:00-04:00,306.5899963378906,272.7149963378906,349.1400146484375,606.2100219726562,75.34259796142578,306.6099853515625,272.7860107421875,349.17999267578125,606.7999877929688,75.37999725341797,306.5072021484375,272.6600036621094,349.0199890136719,606.0999755859375,75.30010223388672,306.5400085449219,272.7305908203125,349.0199890136719,606.2000122070312,75.375,39469,36689,20437,33633,94860
2026-08-11 11:37:00-04:00,306.6099853515625,272.75,349.1000061035156,606.5700073242188,75.35240173339844,306.6099853515625,272.7650146484375,349.1427001953125,606.889892578125,75.36019897460938,306.49090576171875,272.635009765625,348.9599914550781,605.5700073242188,75.31999969482422,306.6000061035156,272.7027893066406,349.1300048828125,606.3200073242188,75.33999633789062,31605,45356,24553,28185,38202
2026-08-11 11:38:00-04:00,306.6650085449219,272.7099914550781,349.0,606.719970703125,75.3053970336914,306.70001220703125,272.79998779296875,349.1099853515625,607.0,75.35990142822266,306.6000061035156,272.6809997558594,348.8599853515625,606.38037109375,75.2699966430664,306.6099853515625,272.760009765625,349.1000061035156,606.669921875,75.3550033569336,41514,51778,19500,13694,52523
2026-08-11 11:39:00-04:00,306.69000244140625,272.5799865722656,348.8299865722656,606.6300048828125,75.2699966430664,306.7300109863281,272.75,349.05999755859375,606.9998779296875,75.3499984741211,306.55999755859375,272.5799865722656,348.78009033203125,606.4099731445312,75.26280212402344,306.6600036621094,272.7099914550781,349.010009765625,606.719970703125,75.31500244140625,44654,43159,27644,18152,72988
2026-08-11 11:40:00-04:00,306.75,272.6650085449219,348.6650085449219,606.3099975585938,75.31999969482422,306.75,272.6700134277344,348.8861999511719,606.77001953125,75.32990264892578,306.622314453125,272.4800109863281,348.6000061035156,606.2048950195312,75.2699966430664,306.67999267578125,272.56500244140625,348.8399963378906,606.6199951171875,75.27999877929688,26196,59460,56026,17112,28376
2026-08-11 11:41:00-04:00,306.6650085449219,272.67999267578125,348.79998779296875,606.3200073242188,75.2249984741211,306.79998779296875,272.7950134277344,348.82000732421875,606.4998779296875,75.32990264892578,306.6300048828125,272.5899963378906,348.5799865722656,606.1799926757812,75.20999908447266,306.7550048828125,272.6650085449219,348.6400146484375,606.4251098632812,75.32990264892578,23977,49616,23154,19525,63937
2026-08-11 11:42:00-04:00,306.9800109863281,272.6700134277344,348.7049865722656,605.9199829101562,75.2699966430664,306.9800109863281,272.7300109863281,348.7699890136719,606.375,75.29000091552734,306.6499938964844,272.625,348.69000244140625,605.9199829101562,75.22509765625,306.6650085449219,272.660400390625,348.7699890136719,606.3200073242188,75.22509765625,58301,29864,14162,13218,59151
2026-08-11 11:43:00-04:00,307.3102111816406,272.6400146484375,348.69000244140625,605.6500244140625,75.25,307.3599853515625,272.739990234375,348.7699890136719,606.2598876953125,75.29000091552734,306.9700012207031,272.57000732421875,348.5710144042969,605.25,75.23999786376953,306.9849853515625,272.70001220703125,348.6925964355469,606.0050048828125,75.2699966430664,126656,43680,15561,62034,47988
2026-08-11 11:44:00-04:00,307.2349853515625,272.55999755859375,348.6400146484375,606.010009765625,75.20349884033203,307.3500061035156,272.6549987792969,348.7099914550781,606.010009765625,75.24500274658203,307.1600036621094,272.42999267578125,348.52099609375,605.5399780273438,75.19000244140625,307.3299865722656,272.6549987792969,348.69000244140625,605.6500244140625,75.23999786376953,45840,50606,23389,15691,48321
2026-08-11 11:45:00-04:00,307.2799987792969,272.5400085449219,348.70001220703125,605.8682861328125,75.29000091552734,307.30999755859375,272.58990478515625,348.79998779296875,606.0731201171875,75.30000305175781,307.17999267578125,272.5,348.6099853515625,605.6199951171875,75.19999694824219,307.2300109863281,272.56500244140625,348.635009765625,606.0,75.20500183105469,41606,34406,21717,20902,33997
2026-08-11 11:46:00-04:00,307.260009765625,272.3900146484375,348.6499938964844,605.3900756835938,75.24500274658203,307.2900085449219,272.5400085449219,348.82000732421875,605.9580078125,75.29720306396484,307.17999267578125,272.3900146484375,348.6300048828125,605.3900756835938,75.24500274658203,307.25,272.5274963378906,348.6400146484375,605.9580078125,75.29000091552734,38830,34005,23549,15943,38756
2026-08-11 11:47:00-04:00,307.2099914550781,272.2099914550781,348.4849853515625,605.4600219726562,75.19999694824219,307.3299865722656,272.43499755859375,348.67999267578125,605.8192749023438,75.25499725341797,307.19000244140625,272.2099914550781,348.4750061035156,605.4099731445312,75.19000244140625,307.2550048828125,272.40008544921875,348.6400146484375,605.6699829101562,75.23999786376953,22395,33934,26125,16740,50000
2026-08-11 11:48:00-04:00,307.2699890136719,272.260009765625,348.2601013183594,605.760009765625,75.21009826660156,307.29998779296875,272.2900085449219,348.55999755859375,605.7899780273438,75.22000122070312,307.1900939941406,272.1700134277344,348.260009765625,605.2899780273438,75.18499755859375,307.20001220703125,272.2099914550781,348.4849853515625,605.4600219726562,75.19999694824219,32121,46479,30751,17363,54981
2026-08-11 11:49:00-04:00,307.4700012207031,272.2300109863281,348.2900085449219,605.6799926757812,75.19989776611328,307.4800109863281,272.260009765625,348.2900085449219,605.7000122070312,75.21499633789062,307.19000244140625,272.0813903808594,348.04998779296875,605.3350219726562,75.16000366210938,307.2650146484375,272.239990234375,348.2799987792969,605.5499877929688,75.21499633789062,54272,45827,34706,11680,30732
2026-08-11 11:50:00-04:00,307.4949951171875,272.2799987792969,348.3699951171875,605.77001953125,75.125,307.6099853515625,272.2799987792969,348.4100036621094,605.7899780273438,75.19999694824219,307.44000244140625,272.18499755859375,348.2900085449219,605.3499755859375,75.12000274658203,307.4700012207031,272.2149963378906,348.2900085449219,605.5499877929688,75.19999694824219,76659,30652,32838,16254,46861
2026-08-11 11:51:00-04:00,307.4400939941406,272.1099853515625,348.1300048828125,605.8499755859375,75.18000030517578,307.5450134277344,272.2749938964844,348.3699951171875,605.8900146484375,75.19999694824219,307.4305114746094,272.04998779296875,347.8999938964844,605.5601196289062,75.12010192871094,307.5,272.2681884765625,348.3450012207031,605.6699829101562,75.12999725341797,30465,45761,78597,8361,62080
2026-08-11 11:52:00-04:00,307.260009765625,272.08441162109375,348.17999267578125,605.77001953125,75.12999725341797,307.45001220703125,272.1210021972656,348.17999267578125,605.8099975585938,75.18000030517578,307.2200927734375,272.0400085449219,348.0199890136719,605.6199951171875,75.12000274658203,307.4200134277344,272.0849914550781,348.1000061035156,605.760009765625,75.17500305175781,34516,45553,25290,9957,27190
2026-08-11 11:53:00-04:00,307.2449951171875,272.06500244140625,348.29998779296875,605.5549926757812,75.125,307.30999755859375,272.20001220703125,348.3500061035156,605.8599853515625,75.13500213623047,307.2300109863281,272.0350036621094,348.1600036621094,605.469970703125,75.0999984741211,307.239990234375,272.07501220703125,348.19500732421875,605.778076171875,75.13500213623047,26465,51570,42590,12994,63742
2026-08-11 11:54:00-04:00,307.2550048828125,272.0899963378906,348.2799987792969,605.0650024414062,75.12000274658203,307.30999755859375,272.1600036621094,348.3900146484375,605.5499267578125,75.13999938964844,307.2200012207031,272.05999755859375,348.2099914550781,604.8200073242188,75.11000061035156,307.2449951171875,272.07000732421875,348.30841064453125,605.469970703125,75.125,40882,23324,32690,23459,62479
2026-08-11 11:55:00-04:00,307.1300964355469,272.0400085449219,348.3399963378906,605.39501953125,75.09500122070312,307.2950134277344,272.1700134277344,348.4800109863281,605.5,75.12920379638672,307.1300048828125,272.0400085449219,348.25,605.0,75.09500122070312,307.2699890136719,272.0899963378906,348.2799987792969,605.0650024414062,75.12000274658203,45862,35845,17136,10071,43595
2026-08-11 11:56:00-04:00,307.0249938964844,272.0400085449219,348.3299865722656,605.3900146484375,75.1500015258789,307.1600036621094,272.1099853515625,348.3299865722656,605.5,75.18000030517578,307.0,271.95001220703125,348.2250061035156,604.8200073242188,75.09500122070312,307.1499938964844,272.05999755859375,348.2900085449219,605.39501953125,75.09500122070312,42840,100376,16997,38089,62572
2026-08-11 11:57:00-04:00,307.17498779296875,272.0799865722656,348.5190124511719,605.3699951171875,75.18000030517578,307.20001220703125,272.20001220703125,348.57000732421875,605.5,75.18499755859375,307.0,272.0299987792969,348.3008117675781,605.280029296875,75.1500015258789,307.02081298828125,272.03009033203125,348.31500244140625,605.4500122070312,75.16500091552734,35025,36941,20743,17770,42655
2026-08-11 11:58:00-04:00,307.30499267578125,272.1200866699219,348.5368957519531,605.2550048828125,75.17169952392578,307.30999755859375,272.17999267578125,348.6199951171875,605.3400268554688,75.19000244140625,307.16009521484375,272.05010986328125,348.45001220703125,605.0800170898438,75.16500091552734,307.17999267578125,272.0799865722656,348.510009765625,605.219970703125,75.16999816894531,32988,30267,22466,35766,40209
2026-08-11 11:59:00-04:00,307.25,272.260009765625,348.6700134277344,605.35009765625,75.15989685058594,307.3699951171875,272.2799987792969,348.7200012207031,605.7100219726562,75.17900085449219,307.2200012207031,272.1650085449219,348.4800109863281,605.2550048828125,75.13999938964844,307.30499267578125,272.1700134277344,348.54998779296875,605.2550048828125,75.17900085449219,36040,31371,19825,9681,24879
2026-08-11 12:00:00-04:00,307.28948974609375,272.44000244140625,348.9100036621094,606.030029296875,75.18000030517578,307.32501220703125,272.5199890136719,348.9599914550781,606.0900268554688,75.20999908447266,307.2200012207031,272.2300109863281,348.70001220703125,605.5800170898438,75.12010192871094,307.2300109863281,272.2300109863281,348.70001220703125,605.594970703125,75.15049743652344,26122,62196,13799,17798,33818
2026-08-11 12:01:00-04:00,307.260009765625,272.0799865722656,348.6650085449219,605.47998046875,75.16500091552734,307.32989501953125,272.3299865722656,348.8949890136719,605.9500122070312,75.17990112304688,307.2300109863281,272.05499267578125,348.5400085449219,605.3300170898438,75.125,307.2799987792969,272.30999755859375,348.8949890136719,605.9500122070312,75.17569732666016,23662,32468,29643,9443,24410
2026-08-11 12:02:00-04:00,307.32000732421875,272.1600036621094,348.2500915527344,605.27001953125,75.13990020751953,307.3699951171875,272.2449951171875,348.7099914550781,605.72998046875,75.18000030517578,307.2401123046875,272.1000061035156,348.2200012207031,604.9000244140625,75.09500122070312,307.2749938964844,272.1000061035156,348.6650085449219,605.47998046875,75.16999816894531,57465,31523,18482,13866,58540
2026-08-11 12:03:00-04:00,307.239990234375,272.17999267578125,348.19989013671875,605.7949829101562,75.16000366210938,307.30999755859375,272.2099914550781,348.39990234375,606.1099853515625,75.18000030517578,307.2300109863281,272.1099853515625,348.1600036621094,605.0200805664062,75.11000061035156,307.30999755859375,272.17999267578125,348.2749938964844,605.14501953125,75.12999725341797,35571,35074,42060,35424,39994
2026-08-11 12:04:00-04:00,307.07989501953125,272.125,348.3599853515625,605.9199829101562,75.12999725341797,307.2349853515625,272.260009765625,348.3800048828125,606.4099731445312,75.18900299072266,307.0400085449219,272.125,348.1099853515625,605.7899780273438,75.12999725341797,307.2200012207031,272.20001220703125,348.1700134277344,605.7911987304688,75.16000366210938,71915,71234,20132,18674,53665
2026-08-11 12:05:00-04:00,307.17999267578125,272.25,348.5899963378906,605.760009765625,75.12999725341797,307.2193908691406,272.25,348.5899963378906,606.1895141601562,75.12999725341797,307.07000732421875,272.0799865722656,348.3500061035156,605.760009765625,75.10399627685547,307.07000732421875,272.1400146484375,348.3500061035156,606.0549926757812,75.12000274658203,31093,40952,28897,17973,34678
2026-08-11 12:06:00-04:00,307.1700134277344,272.25,348.6199951171875,605.6400146484375,75.19000244140625,307.2300109863281,272.2900085449219,348.6600036621094,605.760009765625,75.19000244140625,307.135009765625,272.2300109863281,348.44000244140625,605.5050048828125,75.11430358886719,307.17999267578125,272.25,348.6099853515625,605.760009765625,75.13809967041016,23068,18419,12215,8047,73593
2026-08-11 12:07:00-04:00,307.1650085449219,272.3399963378906,348.70269775390625,606.6500854492188,75.25499725341797,307.19000244140625,272.44000244140625,348.760009765625,606.7698974609375,75.26000213623047,307.0899963378906,272.2699890136719,348.57000732421875,605.655029296875,75.19000244140625,307.1700134277344,272.2699890136719,348.6000061035156,605.655029296875,75.19999694824219,30356,40844,13689,14972,62243
2026-08-11 12:08:00-04:00,307.0799865722656,272.29998779296875,348.6400146484375,606.489990234375,75.2750015258789,307.1700134277344,272.4100036621094,348.70001220703125,606.75,75.27999877929688,307.07000732421875,272.2799987792969,348.6000061035156,606.35009765625,75.23999786376953,307.1650085449219,272.3399963378906,348.70001220703125,606.6500244140625,75.25360107421875,20561,29265,12294,14517,45448
2026-08-11 12:09:00-04:00,307.06500244140625,272.44500732421875,348.760009765625,606.6599731445312,75.30000305175781,307.1300048828125,272.4700012207031,348.9100036621094,606.8499755859375,75.30000305175781,306.9599914550781,272.260009765625,348.69000244140625,606.4201049804688,75.23999786376953,307.0799865722656,272.29998779296875,348.69000244140625,606.5050048828125,75.2699966430664,47164,44752,13780,16704,49576
2026-08-11 12:10:00-04:00,306.8900146484375,272.3999938964844,348.80499267578125,606.030029296875,75.32499694824219,307.07000732421875,272.4700012207031,348.80999755859375,606.7100219726562,75.3499984741211,306.8550109863281,272.375,348.7099914550781,606.030029296875,75.29499816894531,307.06500244140625,272.44500732421875,348.739990234375,606.7050170898438,75.30000305175781,59788,47675,16895,10894,46085
2026-08-11 12:11:00-04:00,306.7799987792969,272.2200012207031,348.6300048828125,605.780029296875,75.23500061035156,306.8800048828125,272.43499755859375,348.785400390625,606.0499267578125,75.32499694824219,306.70001220703125,272.2099914550781,348.57049560546875,605.719970703125,75.22000122070312,306.8299865722656,272.3800048828125,348.7799987792969,606.0449829101562,75.32009887695312,43734,61315,19502,11457,52395
2026-08-11 12:12:00-04:00,306.7650146484375,272.3500061035156,348.77801513671875,605.7849731445312,75.25,306.7950134277344,272.3800048828125,348.7900085449219,606.0499267578125,75.26499938964844,306.6910095214844,272.2300109863281,348.6099853515625,605.6599731445312,75.2249984741211,306.7749938964844,272.2300109863281,348.6199951171875,605.739990234375,75.23030090332031,39749,23328,14597,8688,28404
2026-08-11 12:13:00-04:00,306.7850036621094,272.4200134277344,348.90789794921875,605.5969848632812,75.25499725341797,306.82000732421875,272.489990234375,348.95001220703125,606.0499877929688,75.26499938964844,306.6700134277344,272.3599853515625,348.739990234375,605.52001953125,75.19999694824219,306.7650146484375,272.3599853515625,348.739990234375,605.6871948242188,75.247802734375,147233,27789,27101,13263,83080
2026-08-11 12:14:00-04:00,306.8099060058594,272.3699951171875,348.7851867675781,605.6199951171875,75.26000213623047,306.9399108886719,272.4599914550781,348.95001220703125,605.7022705078125,75.30999755859375,306.739990234375,272.32501220703125,348.7349853515625,605.4199829101562,75.23999786376953,306.7850036621094,272.42999267578125,348.9100036621094,605.6300048828125,75.26499938964844,30311,23602,18676,12534,48930
2026-08-11 12:15:00-04:00,306.760009765625,272.44000244140625,348.8800048828125,605.7249755859375,75.2699966430664,306.92999267578125,272.5400085449219,348.88800048828125,605.7899169921875,75.28900146484375,306.75,272.3299865722656,348.7650146484375,605.4299926757812,75.25499725341797,306.81500244140625,272.3699951171875,348.7699890136719,605.6019287109375,75.25499725341797,30831,42729,15124,7278,29661
2026-08-11 12:16:00-04:00,306.8949890136719,272.45001220703125,348.8999938964844,605.5750122070312,75.12000274658203,306.9198913574219,272.5249938964844,348.9200134277344,605.8200073242188,75.27999877929688,306.7300109863281,272.3599853515625,348.8299865722656,605.5599975585938,75.12000274658203,306.760009765625,272.44000244140625,348.885009765625,605.8200073242188,75.27999877929688,56647,56648,11612,5808,91551
2026-08-11 12:17:00-04:00,306.885009765625,272.239990234375,348.9800109863281,605.4708862304688,75.06999969482422,306.9999084472656,272.510009765625,349.0199890136719,605.7799072265625,75.13999938964844,306.8699951171875,272.20001220703125,348.8599853515625,605.4349975585938,75.06999969482422,306.8900146484375,272.4549865722656,348.8599853515625,605.4600219726562,75.12999725341797,39632,55728,19044,7776,45877
2026-08-11 12:18:00-04:00,306.8900146484375,272.04998779296875,348.864990234375,605.2999877929688,75.06999969482422,306.92999267578125,272.239990234375,349.07989501953125,605.5549926757812,75.07879638671875,306.80010986328125,272.04998779296875,348.7799987792969,605.1300048828125,75.04000091552734,306.8900146484375,272.2200012207031,348.94000244140625,605.5549926757812,75.06500244140625,45361,41508,19373,20190,39029
2026-08-11 12:19:00-04:00,306.9949951171875,271.80499267578125,348.864990234375,605.1199951171875,75.03500366210938,306.9949951171875,272.01409912109375,348.8999938964844,605.1950073242188,75.05999755859375,306.8599853515625,271.739990234375,348.80999755859375,604.8499755859375,74.97229766845703,306.8999938964844,272.01409912109375,348.8500061035156,605.1950073242188,75.05999755859375,36661,69122,7841,17205,134907
2026-08-11 12:20:00-04:00,307.0249938964844,271.57000732421875,348.8699951171875,605.010009765625,74.99019622802734,307.07000732421875,271.80999755859375,348.95001220703125,605.5900268554688,75.05999755859375,306.989990234375,271.55999755859375,348.8450012207031,604.9299926757812,74.9800033569336,307.0,271.7900085449219,348.864990234375,605.1199951171875,75.03500366210938,26589,47756,9606,15198,53575
2026-08-11 12:21:00-04:00,307.07000732421875,271.6000061035156,348.8699951171875,605.030029296875,75.01229858398438,307.1300048828125,271.6499938964844,348.9540100097656,605.1099853515625,75.01920318603516,307.0,271.5150146484375,348.8500061035156,604.9000244140625,74.9800033569336,307.0400085449219,271.5799865722656,348.8756103515625,604.9000244140625,74.98999786376953,41628,37151,11994,6335,22863
2026-08-11 12:22:00-04:00,306.9049987792969,271.6300048828125,348.8800048828125,605.22998046875,74.97000122070312,307.114990234375,271.70001220703125,348.9200134277344,605.2899780273438,75.0199966430664,306.8900146484375,271.5799865722656,348.831298828125,605.0401000976562,74.97000122070312,307.0799865722656,271.6000061035156,348.885009765625,605.1099853515625,75.01399993896484,44327,47743,10642,10534,31438
2026-08-11 12:23:00-04:00,306.8299865722656,271.6300048828125,348.68499755859375,605.0599975585938,74.94000244140625,306.94000244140625,271.75,348.864990234375,605.25,74.9655990600586,306.8299865722656,271.5799865722656,348.67999267578125,605.0399780273438,74.91500091552734,306.9049987792969,271.6300048828125,348.8399963378906,605.2374877929688,74.96499633789062,22715,36170,10501,5979,37252
2026-08-11 12:24:00-04:00,306.8599853515625,271.5,348.7149963378906,604.7999877929688,74.98500061035156,306.9200134277344,271.6358947753906,348.7265930175781,605.030029296875,75.0,306.80499267578125,271.4200134277344,348.6499938964844,604.5800170898438,74.93499755859375,306.8299865722656,271.6227111816406,348.69000244140625,605.0,74.93499755859375,49687,66407,15083,18125,17807
2026-08-11 12:25:00-04:00,306.739990234375,271.5707092285156,348.6099853515625,604.1950073242188,75.0250015258789,306.8699951171875,271.5799865722656,348.7300109863281,604.77001953125,75.03500366210938,306.6600036621094,271.42999267578125,348.5899963378906,604.0399780273438,74.95999908447266,306.85009765625,271.4849853515625,348.7300109863281,604.77001953125,74.9800033569336,61745,33443,12890,18400,120138
2026-08-11 12:26:00-04:00,306.79998779296875,271.6300048828125,348.7550048828125,604.3049926757812,75.02989959716797,306.80999755859375,271.6700134277344,348.760009765625,604.3499145507812,75.06999969482422,306.6700134277344,271.4988098144531,348.6000061035156,604.0,75.01000213623047,306.739990234375,271.54998779296875,348.635009765625,604.1900024414062,75.0199966430664,39252,43662,11778,30377,46745
2026-08-11 12:27:00-04:00,306.7300109863281,271.67999267578125,348.9068908691406,604.1849975585938,75.02200317382812,306.8299865722656,271.69000244140625,348.9118957519531,604.3499755859375,75.02999877929688,306.7250061035156,271.6231994628906,348.7550048828125,604.1849975585938,75.01000213623047,306.80499267578125,271.6300048828125,348.7550048828125,604.239990234375,75.02989959716797,35843,42836,11963,6657,30797
2026-08-11 12:28:00-04:00,306.5400085449219,271.7099914550781,348.9800109863281,604.1950073242188,74.9749984741211,306.739990234375,271.7099914550781,349.1099853515625,604.2999877929688,75.0199966430664,306.5199890136719,271.57000732421875,348.8399963378906,604.0,74.95999908447266,306.739990234375,271.6600036621094,348.8800048828125,604.0001220703125,75.0199966430664,38373,33673,12576,20720,32752
2026-08-11 12:29:00-04:00,306.55499267578125,271.82000732421875,349.1300048828125,604.6500244140625,74.98999786376953,306.56500244140625,271.8450012207031,349.1600036621094,604.780029296875,75.0,306.45001220703125,271.70001220703125,348.95001220703125,604.0800170898438,74.95500183105469,306.5400085449219,271.71990966796875,349.0,604.0800170898438,74.97000122070312,55509,27174,14528,7168,24429
2026-08-11 12:30:00-04:00,306.5299987792969,271.82501220703125,349.1099853515625,604.4450073242188,74.98500061035156,306.5899963378906,271.8500061035156,349.1300048828125,604.7579956054688,74.9999008178711,306.4800109863281,271.7012939453125,349.04998779296875,604.2600708007812,74.95999908447266,306.57000732421875,271.7900085449219,349.1099853515625,604.7579956054688,74.98979949951172,48009,26855,8488,13210,50779
2026-08-11 12:31:00-04:00,306.5000915527344,271.70001220703125,348.875,603.8300170898438,74.98999786376953,306.5799865722656,271.80999755859375,349.1181945800781,604.52001953125,74.99500274658203,306.45001220703125,271.6400146484375,348.8299865722656,603.5913696289062,74.97000122070312,306.5299987792969,271.80999755859375,349.1181945800781,604.52001953125,74.9800033569336,49045,26287,8563,22852,25203
2026-08-11 12:32:00-04:00,306.510009765625,271.5907897949219,348.8599853515625,603.6950073242188,74.97000122070312,306.54998779296875,271.760009765625,349.0,604.01171875,74.9801025390625,306.5,271.5799865722656,348.8500061035156,603.5900268554688,74.94999694824219,306.510009765625,271.7099914550781,348.8900146484375,603.72998046875,74.9801025390625,27564,32198,13031,19690,37448
2026-08-11 12:33:00-04:00,306.46051025390625,271.6199951171875,348.79998779296875,603.6099853515625,74.9613037109375,306.5400085449219,271.6258850097656,348.8999938964844,603.7100219726562,74.97000122070312,306.42999267578125,271.5292053222656,348.75,603.29052734375,74.94000244140625,306.5150146484375,271.5799865722656,348.8599853515625,603.6950073242188,74.97000122070312,57067,27074,11958,11094,33845
2026-08-11 12:34:00-04:00,306.260009765625,271.68499755859375,348.9049987792969,603.9349975585938,74.93499755859375,306.510009765625,271.7099914550781,348.94000244140625,604.0900268554688,74.96759796142578,306.25,271.6199951171875,348.7699890136719,603.6599731445312,74.91999816894531,306.4700012207031,271.6199951171875,348.7699890136719,603.6649780273438,74.96759796142578,58790,20258,8169,14598,33553
2026-08-11 12:35:00-04:00,306.3699951171875,271.6600036621094,348.94000244140625,604.1102905273438,74.91000366210938,306.375,271.75,348.989990234375,604.1102905273438,74.95500183105469,306.239990234375,271.6499938964844,348.8450012207031,603.75,74.9000015258789,306.260009765625,271.68499755859375,348.8800048828125,603.9199829101562,74.93499755859375,77623,46853,9938,11588,38835
2026-08-11 12:36:00-04:00,306.510009765625,271.518798828125,348.9200134277344,603.97998046875,74.9749984741211,306.54998779296875,271.6700134277344,348.9726867675781,604.0089721679688,74.98999786376953,306.3800048828125,271.5150146484375,348.8999938964844,603.6400146484375,74.8949966430664,306.3800048828125,271.6499938964844,348.9049987792969,604.0,74.91500091552734,58138,54505,8111,8686,74233
2026-08-11 12:37:00-04:00,306.3999938964844,271.5950012207031,348.8799133300781,604.0499877929688,74.9749984741211,306.54998779296875,271.6199951171875,348.9700012207031,604.1699829101562,75.01000213623047,306.3949890136719,271.5150146484375,348.8399963378906,603.9000244140625,74.96499633789062,306.5,271.5150146484375,348.9599914550781,604.0900268554688,74.9749984741211,41503,35482,14340,14558,47969
2026-08-11 12:38:00-04:00,306.44500732421875,271.80999755859375,348.8599853515625,603.9998779296875,74.9749984741211,306.45001220703125,271.80999755859375,348.9800109863281,604.1099853515625,74.9800033569336,306.3800048828125,271.6099853515625,348.7994079589844,603.7803955078125,74.96499633789062,306.3900146484375,271.6099853515625,348.8699951171875,603.9299926757812,74.97450256347656,25630,23826,8877,9962,28293
2026-08-11 12:39:00-04:00,306.4700012207031,271.7799987792969,348.82000732421875,603.905029296875,74.94499969482422,306.5199890136719,271.8500061035156,348.8800048828125,603.9998779296875,74.97509765625,306.4049987792969,271.7250061035156,348.75,603.6799926757812,74.94000244140625,306.43499755859375,271.8399963378906,348.864990234375,603.9099731445312,74.9749984741211,57135,21955,11654,6867,31124
2026-08-11 12:40:00-04:00,306.2001037597656,271.6499938964844,348.747314453125,603.8099975585938,74.97329711914062,306.4700012207031,271.83990478515625,348.8409118652344,604.1500244140625,74.98989868164062,306.20001220703125,271.5199890136719,348.67999267578125,603.7550048828125,74.93000030517578,306.4700012207031,271.7900085449219,348.82501220703125,603.8200073242188,74.94499969482422,45960,74414,12756,15428,39901
2026-08-11 12:41:00-04:00,306.20001220703125,271.6199951171875,348.6285095214844,603.8599853515625,74.94999694824219,306.2300109863281,271.739990234375,348.7650146484375,604.0900268554688,74.9749984741211,306.04998779296875,271.6099853515625,348.625,603.75,74.94000244140625,306.2099914550781,271.6499938964844,348.7650146484375,603.8759765625,74.9749984741211,66322,43613,9041,15870,29655
2026-08-11 12:42:00-04:00,306.1000061035156,271.6099853515625,348.5198974609375,603.9199829101562,74.95500183105469,306.25,271.6300048828125,348.6199951171875,603.9199829101562,74.95999908447266,306.1000061035156,271.54998779296875,348.5,603.75,74.93499755859375,306.19000244140625,271.5899963378906,348.6000061035156,603.8966064453125,74.95500183105469,34677,27288,16750,3898,22952
2026-08-11 12:43:00-04:00,306.07000732421875,271.6199951171875,348.19500732421875,603.780029296875,74.94000244140625,306.135009765625,271.6449890136719,348.5199890136719,603.97998046875,74.98500061035156,306.05999755859375,271.54998779296875,348.17999267578125,603.75,74.92500305175781,306.1000061035156,271.614990234375,348.5199890136719,603.8524780273438,74.95500183105469,27940,21536,36848,11515,44373
2026-08-11 12:44:00-04:00,305.8500061035156,271.67999267578125,348.1499938964844,603.7949829101562,74.94499969482422,306.1300048828125,271.7099914550781,348.260009765625,603.8499755859375,74.94989776611328,305.79998779296875,271.6099853515625,348.1199951171875,603.52001953125,74.91500091552734,306.07000732421875,271.6300048828125,348.2149963378906,603.780029296875,74.94000244140625,98246,23932,15105,18909,79683
2026-08-11 12:45:00-04:00,306.0791931152344,271.9200134277344,347.9700012207031,603.6077880859375,74.9800033569336,306.1000061035156,271.92999267578125,348.1600036621094,603.8800048828125,74.98500061035156,305.6986999511719,271.69500732421875,347.9200134277344,603.3699951171875,74.94770050048828,305.8500061035156,271.69500732421875,348.1099853515625,603.7949829101562,74.94770050048828,109259,37205,34376,11290,51063
2026-08-11 12:46:00-04:00,306.010009765625,271.95001220703125,347.8299865722656,603.4000244140625,74.95500183105469,306.1300048828125,272.0,347.9999084472656,603.72998046875,74.98989868164062,305.9049987792969,271.8500061035156,347.72900390625,603.3699951171875,74.94499969482422,306.07000732421875,271.9200134277344,347.95001220703125,603.6099853515625,74.98979949951172,45135,71863,39441,11133,22605
2026-08-11 12:47:00-04:00,306.135009765625,271.840087890625,347.8699951171875,603.327392578125,74.93499755859375,306.17498779296875,271.95001220703125,347.909912109375,603.489990234375,74.95999908447266,305.9949951171875,271.79998779296875,347.7099914550781,603.30908203125,74.91999816894531,306.0,271.94500732421875,347.8345031738281,603.4500122070312,74.95500183105469,36180,21034,16291,10249,27826
2026-08-11 12:48:00-04:00,306.1700134277344,271.80999755859375,347.739990234375,603.590087890625,74.94499969482422,306.20001220703125,271.8699951171875,347.8500061035156,603.590087890625,74.95999908447266,306.05999755859375,271.715087890625,347.70001220703125,603.0999755859375,74.92500305175781,306.1441955566406,271.8699951171875,347.8349914550781,603.3400268554688,74.93499755859375,29424,21614,33118,18093,213883
2026-08-11 12:49:00-04:00,306.125,271.8995056152344,347.715087890625,603.8250122070312,74.94999694824219,306.20001220703125,271.9100036621094,347.7695007324219,603.8474731445312,74.94999694824219,306.125,271.7799987792969,347.6499938964844,603.4644165039062,74.91500091552734,306.1600036621094,271.7799987792969,347.7449951171875,603.8300170898438,74.94499969482422,60739,46821,25755,29152,19526
2026-08-11 12:50:00-04:00,306.0899963378906,271.8999938964844,347.6300048828125,603.9005737304688,74.94000244140625,306.2099914550781,271.9599914550781,347.81500244140625,604.163330078125,74.94499969482422,306.0299987792969,271.8500061035156,347.6000061035156,603.8099975585938,74.93000030517578,306.1199951171875,271.9100036621094,347.739990234375,603.8250122070312,74.93000030517578,47221,32614,26009,17605,25123
2026-08-11 12:51:00-04:00,306.19000244140625,272.1600036621094,347.82501220703125,603.8800048828125,74.93000030517578,306.2099914550781,272.17999267578125,347.8399963378906,603.9558715820312,74.94989776611328,306.0799865722656,271.8999938964844,347.54998779296875,603.739990234375,74.90180206298828,306.1000061035156,271.9100036621094,347.6600036621094,603.9558715820312,74.94989776611328,41095,47733,50390,15026,30906
2026-08-11 12:52:00-04:00,306.1499938964844,272.1300048828125,347.9949951171875,603.97998046875,74.94499969482422,306.2099914550781,272.19000244140625,348.19000244140625,604.1500244140625,74.94969940185547,306.1449890136719,272.1199951171875,347.7900085449219,603.7949829101562,74.92500305175781,306.1650085449219,272.1400146484375,347.80999755859375,603.7949829101562,74.93009948730469,23454,29968,27030,14788,21810
2026-08-11 12:53:00-04:00,306.2550048828125,271.9949951171875,347.9150085449219,604.1950073242188,74.94499969482422,306.260009765625,272.1099853515625,348.0,604.4400024414062,74.94999694824219,306.1199951171875,271.95001220703125,347.8800048828125,603.9099731445312,74.93000030517578,306.1199951171875,272.1099853515625,348.0,604.0150146484375,74.94499969482422,46260,28185,17091,23889,21774
2026-08-11 12:54:00-04:00,306.3500061035156,271.94000244140625,347.85931396484375,603.9600219726562,74.94499969482422,306.3599853515625,272.010009765625,347.96990966796875,604.27001953125,74.94999694824219,306.2300109863281,271.9200134277344,347.7699890136719,603.7899780273438,74.91500091552734,306.2550048828125,271.9949951171875,347.8999938964844,604.177978515625,74.94000244140625,32552,43575,15341,14315,69531
2026-08-11 12:55:00-04:00,306.2799987792969,272.0950012207031,347.5950012207031,603.780029296875,74.9000015258789,306.3699951171875,272.1300048828125,347.89520263671875,604.0,74.94999694824219,306.2701110839844,271.94000244140625,347.5805969238281,603.7550048828125,74.88999938964844,306.3599853515625,271.94000244140625,347.8450012207031,603.9749755859375,74.94139862060547,32326,74266,16145,6655,52002
2026-08-11 12:56:00-04:00,306.2099914550781,272.010009765625,347.447998046875,603.8900146484375,74.92980194091797,306.28009033203125,272.0849914550781,347.6199035644531,603.9500122070312,74.94000244140625,306.1600036621094,271.9330139160156,347.40008544921875,603.780029296875,74.8949966430664,306.2699890136719,272.0849914550781,347.5840148925781,603.7999877929688,74.8949966430664,42719,37407,29854,4782,39566
2026-08-11 12:57:00-04:00,306.17010498046875,272.0400085449219,347.4200134277344,603.9349975585938,74.93499755859375,306.2049865722656,272.05499267578125,347.4999084472656,603.9349975585938,74.9397964477539,306.1300048828125,271.989990234375,347.3919982910156,603.7999877929688,74.92500305175781,306.2049865722656,271.9949951171875,347.4599914550781,603.8900146484375,74.93499755859375,23304,27906,14472,6937,17391
2026-08-11 12:58:00-04:00,306.2149963378906,272.04998779296875,347.2799987792969,603.8400268554688,74.91999816894531,306.2300109863281,272.1499938964844,347.5,604.0800170898438,74.94999694824219,306.1600036621094,272.0400085449219,347.260009765625,603.8101196289062,74.91999816894531,306.1700134277344,272.05999755859375,347.44500732421875,603.9400024414062,74.93499755859375,22266,22588,31550,10282,25977
2026-08-11 12:59:00-04:00,306.2391052246094,271.9801025390625,347.2950134277344,603.9190063476562,74.9198989868164,306.2699890136719,272.10809326171875,347.3598937988281,604.010009765625,74.93499755859375,306.2099914550781,271.9800109863281,347.2149963378906,603.77001953125,74.90499877929688,306.2149963378906,272.04998779296875,347.2699890136719,603.8099975585938,74.91500091552734,34867,38643,25219,10101,28812
2026-08-11 13:00:00-04:00,306.1499938964844,272.0198974609375,347.06500244140625,603.77001953125,75.00499725341797,306.2799987792969,272.1199951171875,347.3774108886719,603.9349975585938,75.0199966430664,306.1099853515625,271.9750061035156,347.0400085449219,603.77001953125,74.91500091552734,306.239990234375,272.0199890136719,347.32000732421875,603.8776245117188,74.91500091552734,40695,33357,39277,8302,72438
2026-08-11 13:01:00-04:00,306.122802734375,271.9549865722656,346.75,603.6849975585938,75.01000213623047,306.1700134277344,272.0400085449219,347.0899963378906,603.8599853515625,75.02469635009766,306.114990234375,271.91070556640625,346.5799865722656,603.5999755859375,74.98500061035156,306.1600036621094,272.0,347.06500244140625,603.77001953125,75.00520324707031,28415,42796,105479,17912,34897
2026-08-11 13:02:00-04:00,306.1199951171875,271.79998779296875,346.8680114746094,603.6649780273438,74.94499969482422,306.215087890625,271.9800109863281,346.95001220703125,603.9169921875,75.00990295410156,306.1099853515625,271.79998779296875,346.7200012207031,603.6649780273438,74.94499969482422,306.125,271.96990966796875,346.7200012207031,603.719970703125,75.0,26987,36520,34873,7490,23310
2026-08-11 13:03:00-04:00,306.0350036621094,271.8399963378906,346.80999755859375,603.8300170898438,74.95500183105469,306.159912109375,271.8500061035156,346.8800048828125,603.8300170898438,74.9800033569336,306.0201110839844,271.760009765625,346.7099914550781,603.5999755859375,74.94049835205078,306.1199951171875,271.80999755859375,346.8599853515625,603.6002807617188,74.94499969482422,36033,22662,27098,7817,15099
2026-08-11 13:04:00-04:00,306.110107421875,271.6451110839844,346.4599914550781,603.0800170898438,74.8949966430664,306.110107421875,271.8699951171875,346.7900085449219,603.9199829101562,74.95999908447266,306.0350036621094,271.6400146484375,346.42999267578125,603.0800170898438,74.88999938964844,306.0350036621094,271.8500061035156,346.7900085449219,603.8300170898438,74.95999908447266,24970,30896,66196,26231,34351
2026-08-11 13:05:00-04:00,306.159912109375,271.81500244140625,346.57000732421875,603.1300048828125,74.88009643554688,306.2099914550781,271.81500244140625,346.5799865722656,603.2999877929688,74.9000015258789,306.1000061035156,271.6326904296875,346.3599853515625,603.1199951171875,74.88009643554688,306.1000061035156,271.6326904296875,346.4549865722656,603.1400146484375,74.89230346679688,42165,30769,47497,5579,24193
2026-08-11 13:06:00-04:00,306.17999267578125,271.9100036621094,346.5950012207031,603.5599975585938,74.8949966430664,306.2300109863281,271.9400939941406,346.7300109863281,603.5999755859375,74.91510009765625,306.1099853515625,271.79998779296875,346.5400085449219,603.0,74.87000274658203,306.1499938964844,271.79998779296875,346.5899963378906,603.080078125,74.87999725341797,23355,24731,22877,8841,54234
2026-08-11 13:07:00-04:00,306.2699890136719,271.8349914550781,346.5050048828125,603.5,74.84500122070312,306.30999755859375,271.9100036621094,346.6199951171875,603.6300048828125,74.8949966430664,306.1199951171875,271.70001220703125,346.4599914550781,603.3200073242188,74.83399963378906,306.17999267578125,271.9100036621094,346.5950012207031,603.460693359375,74.8949966430664,36660,41052,24381,6704,56390
2026-08-11 13:08:00-04:00,306.260009765625,271.8599853515625,346.3599853515625,603.5549926757812,74.8550033569336,306.2900085449219,271.92498779296875,346.57000732421875,603.7149047851562,74.86000061035156,306.2449951171875,271.79998779296875,346.3500061035156,603.4099731445312,74.83999633789062,306.2699890136719,271.84100341796875,346.5,603.489990234375,74.84500122070312,17396,29176,23119,8864,22671
2026-08-11 13:09:00-04:00,306.239990234375,271.92999267578125,346.75,603.6900024414062,74.8550033569336,306.2850036621094,271.9599914550781,346.8299865722656,603.8400268554688,74.86509704589844,306.2099914550781,271.80999755859375,346.260009765625,603.3099975585938,74.8499984741211,306.260009765625,271.8599853515625,346.3299865722656,603.5700073242188,74.8550033569336,18023,26011,38660,17546,22269
2026-08-11 13:10:00-04:00,306.2099914550781,271.8800048828125,346.69000244140625,603.625,74.91000366210938,306.2799987792969,271.9599914550781,346.8529052734375,603.760009765625,74.91000366210938,306.2099914550781,271.8800048828125,346.6700134277344,603.52001953125,74.81999969482422,306.25,271.91009521484375,346.7712097167969,603.6400146484375,74.8499984741211,25943,24402,26193,5439,67383
2026-08-11 13:11:00-04:00,306.05999755859375,271.82000732421875,346.4743957519531,603.5299072265625,74.8499984741211,306.239990234375,271.92999267578125,346.739990234375,603.6392211914062,74.90499877929688,306.05999755859375,271.7900085449219,346.4743957519531,603.375,74.8499984741211,306.2200012207031,271.8999938964844,346.70001220703125,603.6392211914062,74.90499877929688,36076,214894,23595,6699,19069
2026-08-11 13:12:00-04:00,306.0299987792969,271.7900085449219,346.3900146484375,603.25,74.81990051269531,306.0799865722656,271.82000732421875,346.57110595703125,603.4000244140625,74.84500122070312,306.0199890136719,271.75,346.3900146484375,603.2000732421875,74.80999755859375,306.0450134277344,271.7900085449219,346.4750061035156,603.3200073242188,74.84500122070312,39731,20378,16593,5492,80725
2026-08-11 13:13:00-04:00,306.05999755859375,271.7749938964844,346.44000244140625,603.3350219726562,74.79499816894531,306.0799865722656,271.7850036621094,346.4599914550781,603.3350219726562,74.81999969482422,306.03009033203125,271.7200012207031,346.260009765625,603.0,74.79000091552734,306.04998779296875,271.7699890136719,346.3500061035156,603.2000122070312,74.80999755859375,60733,24797,21234,36971,24089
2026-08-11 13:14:00-04:00,306.0,271.5400085449219,346.1400146484375,603.0,74.7750015258789,306.0899963378906,271.7749938964844,346.4515075683594,603.5,74.80000305175781,305.9649963378906,271.5400085449219,346.1000061035156,603.0,74.75499725341797,306.05010986328125,271.7749938964844,346.4515075683594,603.4249877929688,74.80000305175781,39658,58521,19523,37453,53462
2026-08-11 13:15:00-04:00,306.0849914550781,271.54998779296875,345.92498779296875,603.3150024414062,74.80989837646484,306.0950012207031,271.6549987792969,346.2090148925781,603.41357421875,74.80989837646484,305.989990234375,271.5199890136719,345.8999938964844,603.0,74.77999877929688,306.0,271.57000732421875,346.1400146484375,603.0272827148438,74.77999877929688,34381,39932,37788,18756,24048
2026-08-11 13:16:00-04:00,306.06500244140625,271.55499267578125,345.7950134277344,603.7589721679688,74.78500366210938,306.1400146484375,271.5799865722656,346.0,603.7589721679688,74.80989837646484,306.0122985839844,271.489990234375,345.7200012207031,603.1300048828125,74.7699966430664,306.0799865722656,271.5199890136719,345.9599914550781,603.3150024414062,74.80989837646484,40343,44213,43172,10005,25230
2026-08-11 13:17:00-04:00,305.9800109863281,271.6099853515625,345.9100036621094,603.782470703125,74.77999877929688,306.1000061035156,271.69000244140625,345.9599914550781,603.9998779296875,74.79000091552734,305.9750061035156,271.55999755859375,345.67999267578125,603.5999755859375,74.75,306.06500244140625,271.55999755859375,345.79998779296875,603.719970703125,74.78500366210938,27822,38893,60258,19022,66411
2026-08-11 13:18:00-04:00,306.05999755859375,271.5400085449219,345.91009521484375,604.0942993164062,74.75499725341797,306.0950012207031,271.614990234375,345.989990234375,604.239990234375,74.7699966430664,305.9800109863281,271.5299987792969,345.8599853515625,603.8300170898438,74.74500274658203,305.989990234375,271.5899963378906,345.93499755859375,603.8300170898438,74.7699966430664,15327,17814,38051,7598,26811
2026-08-11 13:19:00-04:00,306.125,271.610107421875,346.07000732421875,603.4500122070312,74.7417984008789,306.1451110839844,271.7099914550781,346.15301513671875,604.1998901367188,74.76000213623047,306.0450134277344,271.5199890136719,345.8800048828125,603.239990234375,74.73500061035156,306.05499267578125,271.5199890136719,345.8900146484375,604.1500244140625,74.75599670410156,28178,36013,30941,12751,27933
2026-08-11 13:20:00-04:00,306.1683044433594,271.6499938964844,345.84100341796875,603.4500122070312,74.74500274658203,306.17999267578125,271.69000244140625,346.05499267578125,603.6589965820312,74.75499725341797,306.1000061035156,271.5199890136719,345.8399963378906,603.2324829101562,74.71499633789062,306.1300048828125,271.6199951171875,346.0299987792969,603.4500122070312,74.74009704589844,27394,44828,27602,7090,67947
2026-08-11 13:21:00-04:00,306.2250061035156,271.7799987792969,345.79998779296875,603.760009765625,74.7750015258789,306.239990234375,271.7799987792969,345.989990234375,603.9788208007812,74.79000091552734,306.125,271.5799865722656,345.7300109863281,603.280029296875,74.73500061035156,306.1700134277344,271.6449890136719,345.8500061035156,603.530029296875,74.7437973022461,26348,53175,43690,8497,30918
2026-08-11 13:22:00-04:00,306.2250061035156,271.6400146484375,345.9599914550781,603.4600219726562,74.74500274658203,306.2650146484375,271.80950927734375,345.9599914550781,603.8400268554688,74.76499938964844,306.1700134277344,271.6400146484375,345.7699890136719,603.4047241210938,74.7249984741211,306.2200012207031,271.80499267578125,345.79998779296875,603.7999877929688,74.76499938964844,24689,37282,156402,5822,36644
2026-08-11 13:23:00-04:00,306.21990966796875,271.5450134277344,346.0711975097656,603.5800170898438,74.77999877929688,306.25,271.7049865722656,346.1199951171875,603.719970703125,74.77999877929688,306.1700134277344,271.5299987792969,345.94000244140625,603.4500122070312,74.7300033569336,306.2300109863281,271.6112060546875,345.9549865722656,603.5098266601562,74.74099731445312,32252,28822,18314,4748,32156
2026-08-11 13:24:00-04:00,306.2950134277344,271.6099853515625,346.17999267578125,603.8049926757812,74.7750015258789,306.29998779296875,271.6099853515625,346.231689453125,603.8300170898438,74.79000091552734,306.2099914550781,271.5299987792969,346.0249938964844,603.404296875,74.7750015258789,306.2200012207031,271.57989501953125,346.03009033203125,603.6300048828125,74.7750015258789,38658,42608,20829,9320,22121
2026-08-11 13:25:00-04:00,306.2200012207031,271.6400146484375,346.2099914550781,603.8699951171875,74.7699966430664,306.2950134277344,271.7300109863281,346.2699890136719,604.092529296875,74.79000091552734,306.2099914550781,271.6099853515625,346.1000061035156,603.760009765625,74.7500991821289,306.2950134277344,271.625,346.17999267578125,603.7999877929688,74.77999877929688,38983,30544,19385,7050,27545
2026-08-11 13:26:00-04:00,306.25,271.67498779296875,346.2049865722656,603.8699951171875,74.79499816894531,306.25750732421875,271.67498779296875,346.2785949707031,603.9299926757812,74.79499816894531,306.17999267578125,271.54998779296875,346.1318054199219,603.75,74.7699966430664,306.2200012207031,271.6600036621094,346.2349853515625,603.8200073242188,74.7750015258789,26679,34565,15963,6355,17688
2026-08-11 13:27:00-04:00,306.2650146484375,271.7799987792969,346.0201110839844,603.969970703125,74.80000305175781,306.2699890136719,271.8385009765625,346.2200012207031,604.0548706054688,74.80999755859375,306.2001037597656,271.6600036621094,346.0,603.8099975585938,74.79000091552734,306.25,271.6650085449219,346.2049865722656,603.9299926757812,74.79010009765625,22611,44618,24545,13071,20749
2026-08-11 13:28:00-04:00,306.2099914550781,271.80999755859375,345.989990234375,603.97998046875,74.76119995117188,306.2699890136719,271.94000244140625,346.0899963378906,604.111083984375,74.79499816894531,306.2099914550781,271.760009765625,345.989990234375,603.9000244140625,74.76000213623047,306.2665100097656,271.7900085449219,346.0299987792969,603.969970703125,74.79499816894531,19733,34242,29583,16908,23469
2026-08-11 13:29:00-04:00,306.19000244140625,272.0398864746094,346.0299987792969,604.6185302734375,74.77999877929688,306.239990234375,272.07000732421875,346.1099853515625,604.6185302734375,74.77999877929688,306.19000244140625,271.80999755859375,345.9800109863281,604.0499877929688,74.76499938964844,306.2149963378906,271.80999755859375,345.9800109863281,604.0499877929688,74.76499938964844,17328,47214,22602,13516,28857
2026-08-11 13:30:00-04:00,306.17999267578125,272.0400085449219,346.20001220703125,604.7650146484375,74.7844009399414,306.2250061035156,272.1300048828125,346.20001220703125,604.7999877929688,74.79499816894531,306.1499938964844,271.9501037597656,345.8999938964844,604.5,74.7750015258789,306.1650085449219,272.010009765625,346.0299987792969,604.5650024414062,74.7750015258789,21143,56450,23990,8823,20894
2026-08-11 13:31:00-04:00,306.1600036621094,272.0199890136719,345.9599914550781,604.6500244140625,74.7750015258789,306.20001220703125,272.1650085449219,346.2200012207031,604.8300170898438,74.79499816894531,306.1499938964844,272.0,345.8999938964844,604.47998046875,74.75499725341797,306.17999267578125,272.05499267578125,346.20001220703125,604.7650146484375,74.78500366210938,22663,41895,26295,9786,39206
2026-08-11 13:32:00-04:00,306.239990234375,271.9649963378906,345.7749938964844,604.364990234375,74.75,306.2900085449219,272.07000732421875,345.9599914550781,604.8298950195312,74.7750015258789,306.1499938964844,271.9599914550781,345.75,604.364990234375,74.73500061035156,306.1499938964844,272.0150146484375,345.94000244140625,604.5,74.7750015258789,39024,21725,14987,5516,24328
2026-08-11 13:33:00-04:00,306.2550048828125,272.0299987792969,345.7900085449219,604.655029296875,74.76000213623047,306.2699890136719,272.06500244140625,345.8099060058594,604.655029296875,74.76499938964844,306.2250061035156,271.95001220703125,345.6099853515625,604.3383178710938,74.7437973022461,306.2300109863281,271.9649963378906,345.79998779296875,604.3599853515625,74.74500274658203,25032,19136,35663,4230,45441
2026-08-11 13:34:00-04:00,306.260009765625,272.1400146484375,346.239990234375,604.9000244140625,74.7300033569336,306.2799987792969,272.1499938964844,346.2550048828125,605.0,74.76000213623047,306.2300109863281,272.0199890136719,345.7300109863281,604.530029296875,74.7249984741211,306.2550048828125,272.0400085449219,345.7300109863281,604.6649780273438,74.76000213623047,34277,20405,18030,7875,28740
2026-08-11 13:35:00-04:00,306.3351135253906,272.1300048828125,346.2449951171875,605.260009765625,74.69499969482422,306.3699951171875,272.19000244140625,346.409912109375,605.3800048828125,74.72989654541016,306.2099914550781,272.1300048828125,346.2099914550781,604.8101196289062,74.67500305175781,306.260009765625,272.1700134277344,346.2200012207031,604.8499145507812,74.7249984741211,53282,37235,17740,18609,73187
2026-08-11 13:36:00-04:00,306.2950134277344,272.2550048828125,346.3599853515625,605.5700073242188,74.70999908447266,306.3500061035156,272.3299865722656,346.4700012207031,605.7100219726562,74.74500274658203,306.26849365234375,272.1300048828125,346.2149963378906,605.1500244140625,74.69499969482422,306.3349914550781,272.1300048828125,346.2300109863281,605.260009765625,74.69999694824219,31387,48994,24341,14721,46538
2026-08-11 13:37:00-04:00,306.239990234375,272.260009765625,346.3500061035156,604.7249755859375,74.68000030517578,306.3399963378906,272.2799072265625,346.3800048828125,605.6300048828125,74.71499633789062,306.239990234375,272.1400146484375,346.2699890136719,604.4500122070312,74.66999816894531,306.2909851074219,272.2550048828125,346.3505859375,605.5700073242188,74.7074966430664,31547,23076,13466,17349,22665
2026-08-11 13:38:00-04:00,306.3020935058594,272.29998779296875,346.4049987792969,604.5,74.68000030517578,306.3699951171875,272.375,346.4700012207031,604.739990234375,74.69499969482422,306.2149963378906,272.25,346.30718994140625,604.4600219726562,74.66000366210938,306.239990234375,272.260009765625,346.3500061035156,604.5599975585938,74.68009948730469,45380,28791,16472,5850,39898
2026-08-11 13:39:00-04:00,306.4100036621094,272.2300109863281,346.30999755859375,604.97998046875,74.71499633789062,306.42999267578125,272.3399963378906,346.5379943847656,605.239990234375,74.71499633789062,306.30999755859375,272.2200012207031,346.2349853515625,604.4299926757812,74.68000030517578,306.31500244140625,272.29998779296875,346.42498779296875,604.4500122070312,74.68009948730469,27399,22293,35772,28893,34022
2026-08-11 13:40:00-04:00,306.4100036621094,272.19500732421875,346.30999755859375,604.8001098632812,74.71499633789062,306.4200134277344,272.2300109863281,346.4093933105469,605.0650024414062,74.72000122070312,306.29998779296875,272.1600036621094,346.25,604.7717895507812,74.69999694824219,306.4100036621094,272.2099914550781,346.32000732421875,604.989990234375,74.70999908447266,39049,47024,15651,7401,18769
2026-08-11 13:41:00-04:00,306.489990234375,272.2799987792969,346.2099914550781,605.260009765625,74.71499633789062,306.5,272.3301086425781,346.510009765625,605.489990234375,74.72979736328125,306.3800048828125,272.1700134277344,346.17498779296875,604.7999877929688,74.68499755859375,306.39581298828125,272.17999267578125,346.2900085449219,604.7999877929688,74.70999908447266,37045,34756,18974,7962,24533
2026-08-11 13:42:00-04:00,306.47210693359375,272.4200134277344,346.68499755859375,605.22998046875,74.79000091552734,306.5199890136719,272.44000244140625,346.68499755859375,605.77001953125,74.79000091552734,306.45001220703125,272.29998779296875,346.20001220703125,605.219970703125,74.71440124511719,306.4908142089844,272.29998779296875,346.20001220703125,605.260009765625,74.71499633789062,51021,65813,28178,16532,59352
2026-08-11 13:43:00-04:00,306.44000244140625,272.4949951171875,346.7200012207031,605.1500244140625,74.82499694824219,306.489990234375,272.510009765625,346.8385009765625,605.2999877929688,74.83000183105469,306.42999267578125,272.3900146484375,346.6199951171875,605.0800170898438,74.79000091552734,306.4750061035156,272.4150085449219,346.6300048828125,605.22998046875,74.79029846191406,15948,31183,17655,4971,48088
2026-08-11 13:44:00-04:00,306.4049987792969,272.5199890136719,346.7594909667969,605.3309936523438,74.86650085449219,306.510009765625,272.55999755859375,346.8299865722656,605.530029296875,74.87000274658203,306.29998779296875,272.4700012207031,346.7200012207031,605.060302734375,74.82250213623047,306.44000244140625,272.489990234375,346.739990234375,605.060302734375,74.82499694824219,79027,45506,13219,15088,39707
2026-08-11 13:45:00-04:00,306.44000244140625,272.489990234375,346.44000244140625,605.155029296875,74.84500122070312,306.489990234375,272.5299987792969,346.7019958496094,605.4810180664062,74.875,306.3999938964844,272.39599609375,346.3999938964844,605.10009765625,74.84010314941406,306.3999938964844,272.5199890136719,346.70001220703125,605.385009765625,74.87000274658203,30077,40887,23571,10188,25926
2026-08-11 13:46:00-04:00,306.3550109863281,272.55999755859375,346.4549865722656,605.3099975585938,74.83999633789062,306.44000244140625,272.5664978027344,346.489990234375,605.3499145507812,74.8499984741211,306.20001220703125,272.4200134277344,346.3900146484375,605.0,74.83000183105469,306.44000244140625,272.42999267578125,346.44500732421875,605.2100219726562,74.84500122070312,184173,436484,15588,13047,22221
2026-08-11 13:47:00-04:00,306.2900085449219,272.659912109375,346.3900146484375,605.3099975585938,74.81999969482422,306.3599853515625,272.70001220703125,346.4700012207031,605.3400268554688,74.83989715576172,306.2699890136719,272.5101013183594,346.3210144042969,605.1400146484375,74.81999969482422,306.3500061035156,272.5400085449219,346.45001220703125,605.2449951171875,74.83470153808594,21977,35252,22724,6661,25609
2026-08-11 13:48:00-04:00,306.07000732421875,272.739990234375,346.4150085449219,605.22998046875,74.84500122070312,306.364990234375,272.7900085449219,346.4800109863281,605.3200073242188,74.85189819335938,305.9209899902344,272.6400146484375,346.3915100097656,605.1400146484375,74.80449676513672,306.2900085449219,272.6549987792969,346.3949890136719,605.22998046875,74.82990264892578,150682,45733,23770,7099,29477
2026-08-11 13:49:00-04:00,306.0,272.75,346.3999938964844,604.75,74.86000061035156,306.1099853515625,272.7900085449219,346.45989990234375,605.2349853515625,74.87000274658203,305.9700012207031,272.6449890136719,346.35009765625,604.739990234375,74.8499984741211,306.07220458984375,272.75,346.4399108886719,605.22998046875,74.8499984741211,40262,25996,18058,10721,25204
2026-08-11 13:50:00-04:00,306.0,272.6300048828125,346.29998779296875,604.739990234375,74.87000274658203,306.0799865722656,272.7900085449219,346.4200134277344,604.9500122070312,74.875,305.760009765625,272.6099853515625,346.2099914550781,604.739990234375,74.8550033569336,306.010009765625,272.7300109863281,346.3949890136719,604.8699951171875,74.86000061035156,68339,39994,17834,6174,34353
2026-08-11 13:51:00-04:00,306.1000061035156,272.6499938964844,346.2650146484375,604.7899780273438,74.88500213623047,306.1300048828125,272.6499938964844,346.32000732421875,604.8099975585938,74.88999938964844,305.9999084472656,272.55999755859375,346.2200012207031,604.510009765625,74.87000274658203,306.0,272.6211853027344,346.2900085449219,604.7050170898438,74.875,29714,28163,14724,7981,35880
2026-08-11 13:52:00-04:00,306.1199951171875,272.6549987792969,346.2799987792969,605.0399780273438,74.8949966430664,306.1499938964844,272.6700134277344,346.3395080566406,605.0499877929688,74.9000015258789,306.0899963378906,272.6199951171875,346.2149963378906,604.7999877929688,74.88500213623047,306.0899963378906,272.6570129394531,346.2650146484375,604.7999877929688,74.88500213623047,23927,22363,17505,9127,21856
2026-08-11 13:53:00-04:00,306.0899963378906,272.7300109863281,346.260009765625,605.0350952148438,74.88500213623047,306.1099853515625,272.7398986816406,346.29180908203125,605.0499877929688,74.8949966430664,306.0299987792969,272.625,346.20001220703125,604.8161010742188,74.87000274658203,306.1099853515625,272.6400146484375,346.2799987792969,604.9600219726562,74.8949966430664,26939,22202,13211,5687,34109
2026-08-11 13:54:00-04:00,306.1700134277344,272.739990234375,346.2309875488281,604.8599853515625,74.8499984741211,306.2099914550781,272.79998779296875,346.33990478515625,605.0399780273438,74.88500213623047,306.0899963378906,272.7200012207031,346.2309875488281,604.7700805664062,74.8499984741211,306.0899963378906,272.7300109863281,346.260009765625,605.0349731445312,74.88500213623047,26897,28186,20045,5560,33586
2026-08-11 13:55:00-04:00,306.17999267578125,272.5841064453125,346.2300109863281,604.8350219726562,74.83499908447266,306.2099914550781,272.7449951171875,346.2900085449219,604.9086303710938,74.83999633789062,306.1099853515625,272.5799865722656,346.20001220703125,604.77001953125,74.82499694824219,306.17999267578125,272.7349853515625,346.2699890136719,604.85498046875,74.83999633789062,33729,23543,17477,5230,18909
2026-08-11 13:56:00-04:00,306.17999267578125,272.6099853515625,346.19000244140625,604.6500244140625,74.81500244140625,306.18499755859375,272.6108093261719,346.2799987792969,604.8394775390625,74.85099792480469,306.0899963378906,272.5400085449219,346.17999267578125,604.5,74.77999877929688,306.1700134277344,272.5799865722656,346.2398986816406,604.7579956054688,74.83390045166016,24223,21225,19339,8394,50777
2026-08-11 13:57:00-04:00,306.1650085449219,272.6449890136719,346.2300109863281,604.35498046875,74.80000305175781,306.2200012207031,272.6499938964844,346.239990234375,604.5750122070312,74.80999755859375,306.1510009765625,272.5899963378906,346.14739990234375,604.2100219726562,74.80000305175781,306.17999267578125,272.6000061035156,346.19000244140625,604.4199829101562,74.80999755859375,23448,18853,19587,7539,17140
2026-08-11 13:58:00-04:00,306.1700134277344,272.6600036621094,346.1099853515625,604.2000122070312,74.80500030517578,306.25,272.67999267578125,346.2799987792969,604.4099731445312,74.80999755859375,306.1600036621094,272.614990234375,346.1000061035156,604.1199951171875,74.79000091552734,306.1650085449219,272.6449890136719,346.2200012207031,604.3051147460938,74.80000305175781,28327,22491,16080,5532,27998
2026-08-11 13:59:00-04:00,306.0249938964844,272.6099853515625,346.2099914550781,604.2100830078125,74.83000183105469,306.1700134277344,272.6400146484375,346.2250061035156,604.4000244140625,74.83999633789062,306.010009765625,272.57000732421875,346.05999755859375,604.1400146484375,74.80000305175781,306.1700134277344,272.6400146484375,346.0801086425781,604.2000122070312,74.80500030517578,31989,21309,20576,7125,24800
2026-08-11 14:00:00-04:00,305.9800109863281,272.4100036621094,346.125,603.864990234375,74.80999755859375,306.0249938964844,272.5899963378906,346.20001220703125,604.3150024414062,74.83999633789062,305.8500061035156,272.35009765625,346.04998779296875,603.75,74.80999755859375,306.0249938964844,272.5801086425781,346.1700134277344,604.3150024414062,74.83999633789062,46681,41713,14606,21236,14840
2026-08-11 14:01:00-04:00,305.8349914550781,272.4649963378906,346.17999267578125,604.1749877929688,74.81500244140625,305.9800109863281,272.4798889160156,346.19000244140625,604.1799926757812,74.83999633789062,305.80999755859375,272.3699951171875,346.0799865722656,603.6900024414062,74.80010223388672,305.9800109863281,272.3999938964844,346.1300048828125,603.8400268554688,74.80500030517578,34858,41807,14347,9064,29834
2026-08-11 14:02:00-04:00,305.92999267578125,272.4591979980469,346.2200012207031,604.1699829101562,74.79989624023438,305.9388122558594,272.510009765625,346.260009765625,604.4199829101562,74.83499908447266,305.8399963378906,272.42498779296875,346.1700134277344,603.9019775390625,74.79499816894531,305.8500061035156,272.489990234375,346.20001220703125,604.0700073242188,74.81500244140625,29593,22806,31656,4532,17466
2026-08-11 14:03:00-04:00,305.885009765625,272.3999938964844,345.9849853515625,604.114990234375,74.7750015258789,306.0,272.4700012207031,346.19000244140625,604.219970703125,74.81990051269531,305.8800048828125,272.3999938964844,345.8800048828125,603.989990234375,74.7750015258789,305.92999267578125,272.44000244140625,346.1600036621094,604.1723022460938,74.79000091552734,21033,22923,58209,6639,31727
2026-08-11 14:04:00-04:00,305.7699890136719,272.375,346.1300048828125,604.1199951171875,74.76499938964844,305.875,272.4200134277344,346.1499938964844,604.22998046875,74.77989959716797,305.75,272.3299865722656,345.8999938964844,603.8800048828125,74.7300033569336,305.875,272.3699951171875,345.9849853515625,604.0,74.76000213623047,134488,16949,21673,4446,33988
2026-08-11 14:05:00-04:00,305.4599914550781,272.30999755859375,346.3215026855469,603.9998779296875,74.76499938964844,305.82000732421875,272.375,346.3999938964844,604.1199951171875,74.7750015258789,305.4200134277344,272.3005065917969,346.04168701171875,603.864990234375,74.76380157470703,305.7601013183594,272.375,346.1000061035156,604.1199951171875,74.76499938964844,91195,22174,19353,4962,19294
2026-08-11 14:06:00-04:00,305.2200012207031,272.0299987792969,346.2449951171875,603.4149780273438,74.7249984741211,305.44500732421875,272.3351135253906,346.3800048828125,603.9525146484375,74.77999877929688,305.20001220703125,271.9800109863281,346.239990234375,603.4149780273438,74.72049713134766,305.44000244140625,272.32000732421875,346.3599853515625,603.9525146484375,74.768798828125,95374,55804,14229,11605,30979
2026-08-11 14:07:00-04:00,305.1300048828125,272.1300048828125,345.81988525390625,603.2490234375,74.72000122070312,305.239990234375,272.19500732421875,346.3299865722656,603.6470947265625,74.7499008178711,305.04998779296875,272.0400085449219,345.79998779296875,603.2150268554688,74.69999694824219,305.2250061035156,272.0400085449219,346.2449951171875,603.4400024414062,74.7249984741211,104373,38526,32673,10187,62773
2026-08-11 14:08:00-04:00,305.2200927734375,272.17999267578125,345.760009765625,603.14501953125,74.76499938964844,305.2799987792969,272.20001220703125,345.8399963378906,603.3200073242188,74.7699966430664,305.05999755859375,272.10009765625,345.70001220703125,603.0200805664062,74.7240982055664,305.114990234375,272.114990234375,345.8299865722656,603.22998046875,74.72509765625,68307,22785,21932,8154,20511
2026-08-11 14:09:00-04:00,305.2749938964844,272.3500061035156,345.7900085449219,603.219970703125,74.80500030517578,305.34991455078125,272.3599853515625,345.8799133300781,603.3201293945312,74.80500030517578,305.2200012207031,272.1700134277344,345.739990234375,602.7999877929688,74.75499725341797,305.2300109863281,272.17498779296875,345.760009765625,603.1849975585938,74.76499938964844,59795,37311,20668,26853,28450
2026-08-11 14:10:00-04:00,304.9049987792969,272.3800048828125,345.67999267578125,604.2150268554688,74.82499694824219,305.2749938964844,272.3999938964844,345.80999755859375,604.27001953125,74.82499694824219,304.8949890136719,272.32000732421875,345.6400146484375,603.280029296875,74.80000305175781,305.2749938964844,272.3500061035156,345.75,603.2899780273438,74.80500030517578,150499,31392,24003,22145,13087
2026-08-11 14:11:00-04:00,304.8999938964844,272.4599914550781,345.67498779296875,604.2449951171875,74.80500030517578,305.03570556640625,272.4700012207031,345.739990234375,604.260009765625,74.83989715576172,304.7900085449219,272.32501220703125,345.6300048828125,603.969970703125,74.80500030517578,304.9150085449219,272.375,345.6899108886719,604.2150268554688,74.82499694824219,99249,29723,26811,7786,33079
2026-08-11 14:12:00-04:00,305.0,272.3800048828125,345.6499938964844,604.4600219726562,74.78500366210938,305.0400085449219,272.4599914550781,345.69000244140625,604.4600219726562,74.80500030517578,304.8299865722656,272.3200988769531,345.6000061035156,604.1699829101562,74.7698974609375,304.8599853515625,272.4599914550781,345.6700134277344,604.1699829101562,74.80000305175781,96550,27302,28734,4083,29882
2026-08-11 14:13:00-04:00,304.9800109863281,272.3999938964844,345.69000244140625,604.6500244140625,74.78500366210938,305.0799865722656,272.4800109863281,345.7300109863281,604.739990234375,74.79499816894531,304.92999267578125,272.375,345.6099853515625,604.3499755859375,74.76499938964844,304.989990234375,272.4100036621094,345.6499938964844,604.4749755859375,74.78500366210938,62566,31975,29665,15115,18946
2026-08-11 14:14:00-04:00,304.9599914550781,272.3800048828125,345.6700134277344,604.5714721679688,74.80500030517578,305.0050048828125,272.4601135253906,345.760009765625,604.9799194335938,74.80500030517578,304.94000244140625,272.3800048828125,345.6199951171875,604.5404052734375,74.79000091552734,304.989013671875,272.3999938964844,345.6700134277344,604.7899780273438,74.79000091552734,38501,29008,28002,5172,15562
2026-08-11 14:15:00-04:00,304.9800109863281,272.3599853515625,345.6600036621094,604.4249877929688,74.74500274658203,305.0,272.44000244140625,345.7200012207031,604.6950073242188,74.80500030517578,304.9100036621094,272.3599853515625,345.6199951171875,604.297119140625,74.73999786376953,304.9599914550781,272.3949890136719,345.6700134277344,604.5800170898438,74.80500030517578,38737,29847,33008,6380,45582
2026-08-11 14:16:00-04:00,304.82000732421875,272.3100891113281,345.6700134277344,604.4249877929688,74.79000091552734,304.9800109863281,272.3500061035156,345.7099914550781,604.510009765625,74.79000091552734,304.7699890136719,272.25,345.5899963378906,604.291015625,74.73500061035156,304.9700012207031,272.3500061035156,345.6600036621094,604.4249877929688,74.74500274658203,41850,24334,29949,7176,28788
2026-08-11 14:17:00-04:00,304.760009765625,272.3599853515625,345.6600036621094,604.4099731445312,74.7699966430664,304.8599853515625,272.4092102050781,345.7699890136719,604.530029296875,74.78990173339844,304.7550048828125,272.3299865722656,345.6600036621094,604.4099731445312,74.7699966430664,304.81500244140625,272.3399963378906,345.6700134277344,604.489990234375,74.78780364990234,37590,26511,19706,3829,35020
2026-08-11 14:18:00-04:00,304.80999755859375,272.2799987792969,345.67999267578125,604.39501953125,74.80979919433594,304.8299865722656,272.3699951171875,345.70001220703125,604.668701171875,74.80999755859375,304.7149963378906,272.2300109863281,345.6199951171875,604.3099975585938,74.7699966430664,304.7677001953125,272.3599853515625,345.67999267578125,604.489990234375,74.7699966430664,67411,25031,14191,6725,37399
2026-08-11 14:19:00-04:00,304.8599853515625,272.3299865722656,345.70001220703125,604.530029296875,74.83989715576172,304.8800048828125,272.3349914550781,345.739990234375,604.6099853515625,74.83999633789062,304.7900085449219,272.2300109863281,345.6400146484375,604.4099731445312,74.80000305175781,304.81109619140625,272.2799987792969,345.6700134277344,604.4099731445312,74.80500030517578,32150,34994,19963,5049,19577
2026-08-11 14:20:00-04:00,304.50048828125,272.32000732421875,345.6400146484375,604.0499877929688,74.84989929199219,304.8699951171875,272.3623962402344,345.70001220703125,604.5234985351562,74.84989929199219,304.50048828125,272.25,345.55999755859375,604.010009765625,74.81999969482422,304.8550109863281,272.32501220703125,345.69000244140625,604.4299926757812,74.83000183105469,94271,33764,36514,10767,20833
2026-08-11 14:21:00-04:00,304.2950134277344,272.44000244140625,345.55999755859375,603.9000244140625,74.84500122070312,304.5299987792969,272.44000244140625,345.6799011230469,604.1799926757812,74.8499984741211,304.2799987792969,272.2983093261719,345.55999755859375,603.6799926757812,74.83999633789062,304.5199890136719,272.3450012207031,345.6600036621094,604.114990234375,74.84500122070312,94311,24386,13499,11137,16435
2026-08-11 14:22:00-04:00,304.1394958496094,272.489990234375,345.360595703125,603.6849975585938,74.83499908447266,304.32000732421875,272.5299987792969,345.59698486328125,603.8599853515625,74.8550033569336,304.1199951171875,272.44000244140625,345.360595703125,603.4600219726562,74.83499908447266,304.2900085449219,272.44000244140625,345.5600891113281,603.7849731445312,74.84980010986328,102493,40424,31818,10728,22150
2026-08-11 14:23:00-04:00,304.0,272.4800109863281,345.43499755859375,603.780029296875,74.8550033569336,304.2300109863281,272.5199890136719,345.5299987792969,603.889892578125,74.85990142822266,303.95001220703125,272.4100036621094,345.3699951171875,603.7000122070312,74.83499908447266,304.135009765625,272.4800109863281,345.3699951171875,603.7005004882812,74.83499908447266,168286,40304,23125,7554,24925
2026-08-11 14:24:00-04:00,303.9800109863281,272.5350036621094,345.5450134277344,603.1900024414062,74.8550033569336,304.0400085449219,272.54998779296875,345.57000732421875,603.7999877929688,74.86000061035156,303.94000244140625,272.489990234375,345.45001220703125,602.9099731445312,74.83999633789062,303.9800109863281,272.489990234375,345.45001220703125,603.6904907226562,74.85009765625,69905,25272,25684,29010,28481
2026-08-11 14:25:00-04:00,303.8550109863281,272.5199890136719,345.5400085449219,603.5499877929688,74.88999938964844,303.989990234375,272.54998779296875,345.59100341796875,603.5499877929688,74.88999938964844,303.8201904296875,272.4800109863281,345.5000915527344,603.1400756835938,74.8501968383789,303.9800109863281,272.54998779296875,345.5450134277344,603.239990234375,74.8550033569336,83271,34104,21405,17940,42742
2026-08-11 14:26:00-04:00,303.114990234375,272.3857116699219,345.4700012207031,603.490478515625,74.875,304.0,272.5199890136719,345.54998779296875,603.6300048828125,74.9000015258789,303.0899963378906,272.2943115234375,345.44000244140625,603.4299926757812,74.87000274658203,303.8599853515625,272.510009765625,345.5199890136719,603.5260009765625,74.88999938964844,352048,25816,20276,11044,19602
2026-08-11 14:27:00-04:00,303.0,272.1700134277344,345.4399108886719,603.125,74.84500122070312,303.2699890136719,272.375,345.5199890136719,603.53271484375,74.88500213623047,302.7900085449219,272.114990234375,345.4100036621094,603.125,74.81999969482422,303.114990234375,272.3699951171875,345.4800109863281,603.53271484375,74.875,325715,61111,23769,18185,50577
2026-08-11 14:28:00-04:00,303.1099853515625,272.19000244140625,345.3399963378906,603.239990234375,74.82499694824219,303.1499938964844,272.2699890136719,345.45001220703125,603.2999877929688,74.83999633789062,302.9200134277344,272.1300048828125,345.3399963378906,603.0999755859375,74.80999755859375,302.989990234375,272.1650085449219,345.42999267578125,603.125,74.83999633789062,95543,28514,21520,11712,27854
2026-08-11 14:29:00-04:00,303.29998779296875,272.0249938964844,345.1000061035156,602.5999755859375,74.77999877929688,303.3599853515625,272.2200012207031,345.3999938964844,603.2799072265625,74.82499694824219,303.07000732421875,271.989990234375,345.0015869140625,602.52001953125,74.7699966430664,303.0950012207031,272.2099914550781,345.37908935546875,603.239990234375,74.82499694824219,136721,47401,564729,27895,41272
2026-08-11 14:30:00-04:00,303.1243896484375,271.95001220703125,345.17999267578125,602.653076171875,74.77999877929688,303.32000732421875,272.1000061035156,345.2799072265625,602.8300170898438,74.80999755859375,302.9700012207031,271.9200134277344,345.05999755859375,602.5501098632812,74.77780151367188,303.27569580078125,272.0299987792969,345.1400146484375,602.760009765625,74.79000091552734,238697,53025,39739,8242,21933
2026-08-11 14:31:00-04:00,303.27801513671875,271.94500732421875,345.1099853515625,602.7999877929688,74.79499816894531,303.3500061035156,271.95001220703125,345.2699890136719,602.9099731445312,74.79499816894531,303.1099853515625,271.8299865722656,345.04010009765625,602.5952758789062,74.7699966430664,303.1199951171875,271.8999938964844,345.2300109863281,602.7698974609375,74.7750015258789,91773,28797,44743,13952,20890
2026-08-11 14:32:00-04:00,303.510009765625,271.9599914550781,345.19000244140625,602.7849731445312,74.793701171875,303.5199890136719,272.0400085449219,345.2449951171875,602.9849853515625,74.79499816894531,303.2762145996094,271.92010498046875,345.0899963378906,602.7849731445312,74.77269744873047,303.2799987792969,271.94000244140625,345.1000061035156,602.8300170898438,74.79000091552734,64607,50465,29101,9447,21704
2026-08-11 14:33:00-04:00,303.614990234375,271.8500061035156,345.1300048828125,602.7949829101562,74.75499725341797,303.67999267578125,271.989990234375,345.20001220703125,603.0,74.78500366210938,303.5,271.8500061035156,345.05999755859375,602.6901245117188,74.75499725341797,303.5,271.9346923828125,345.18499755859375,602.760009765625,74.78500366210938,57993,30979,31289,6898,28335
2026-08-11 14:34:00-04:00,303.614990234375,271.7799987792969,345.0799865722656,602.7800903320312,74.75499725341797,303.67999267578125,271.8999938964844,345.1499938964844,602.889892578125,74.76000213623047,303.57000732421875,271.7799987792969,345.0299987792969,602.6649780273438,74.73999786376953,303.6099853515625,271.8399963378906,345.135009765625,602.7899780273438,74.76000213623047,62953,41270,17428,6699,16019
2026-08-11 14:35:00-04:00,303.6820983886719,271.7900085449219,345.01800537109375,602.989990234375,74.72000122070312,303.7799987792969,271.9049987792969,345.1000061035156,603.0599975585938,74.77999877929688,303.6099853515625,271.7850036621094,344.94000244140625,602.72998046875,74.68000030517578,303.614990234375,271.7950134277344,345.1000061035156,602.72998046875,74.75499725341797,76673,37686,85156,10326,70692
2026-08-11 14:36:00-04:00,303.6499938964844,271.739990234375,345.0732116699219,602.885009765625,74.68000030517578,303.7200012207031,271.80999755859375,345.0899963378906,602.9600219726562,74.70999908447266,303.6000061035156,271.67999267578125,345.0,602.6400146484375,74.62329864501953,303.67999267578125,271.7950134277344,345.0299987792969,602.9600219726562,74.70999908447266,57804,44806,24659,7168,55183
2026-08-11 14:37:00-04:00,303.17138671875,271.7349853515625,345.0,603.1199951171875,74.70020294189453,303.6499938964844,271.8099060058594,345.1098937988281,603.2650146484375,74.70999908447266,303.1300964355469,271.7099914550781,344.95001220703125,602.878173828125,74.68479919433594,303.6400146484375,271.739990234375,345.0484924316406,602.885009765625,74.68499755859375,154540,38460,37116,8512,12946
2026-08-11 14:38:00-04:00,303.04998779296875,271.57000732421875,345.0011901855469,603.0150146484375,74.73999786376953,303.2300109863281,271.8299865722656,345.04998779296875,603.239990234375,74.74500274658203,303.04998779296875,271.5299987792969,344.94000244140625,602.989990234375,74.70500183105469,303.1600036621094,271.75,345.0,603.1199951171875,74.70500183105469,58378,56846,27218,6405,25560
2026-08-11 14:39:00-04:00,303.2099914550781,271.3999938964844,344.95001220703125,602.7550048828125,74.7218017578125,303.3044128417969,271.5799865722656,345.04998779296875,603.0999145507812,74.7499008178711,303.0299987792969,271.3599853515625,344.8999938964844,602.5800170898438,74.70999908447266,303.04998779296875,271.55999755859375,345.010009765625,603.0150146484375,74.7499008178711,71535,81747,37576,11898,38221
2026-08-11 14:40:00-04:00,303.32000732421875,271.6199951171875,344.79998779296875,602.8049926757812,74.73999786376953,303.32000732421875,271.6199951171875,345.0,602.89501953125,74.73999786376953,303.135009765625,271.4200134277344,344.79998779296875,602.6400146484375,74.70999908447266,303.23919677734375,271.4200134277344,344.95001220703125,602.7000122070312,74.72380065917969,75247,62868,43126,5417,27939
2026-08-11 14:41:00-04:00,303.5531921386719,271.82000732421875,344.68499755859375,602.6749877929688,74.75,303.5799865722656,271.9200134277344,344.8399963378906,602.822021484375,74.76000213623047,303.3399963378906,271.6199951171875,344.6499938964844,602.552001953125,74.73500061035156,303.3399963378906,271.6199951171875,344.82501220703125,602.8099975585938,74.73500061035156,112574,121968,44144,6483,18076
2026-08-11 14:42:00-04:00,303.42498779296875,272.010009765625,344.5799865722656,602.8594970703125,74.7300033569336,303.57501220703125,272.0199890136719,344.7300109863281,602.8599853515625,74.76000213623047,303.3999938964844,271.79998779296875,344.5400085449219,602.6300048828125,74.7300033569336,303.56719970703125,271.79998779296875,344.6700134277344,602.6749877929688,74.75,72316,40555,51712,7092,21714
2026-08-11 14:43:00-04:00,303.4590148925781,272.1300048828125,344.30499267578125,602.9500122070312,74.70999908447266,303.5299987792969,272.1300048828125,344.6499938964844,602.9500122070312,74.7300033569336,303.4100036621094,271.95001220703125,344.2699890136719,602.77001953125,74.70999908447266,303.42498779296875,272.0,344.5799865722656,602.85498046875,74.7300033569336,60360,48956,61288,4813,15220
2026-08-11 14:44:00-04:00,303.4601135253906,272.2601013183594,344.06500244140625,602.8699951171875,74.71499633789062,303.6199951171875,272.28009033203125,344.30499267578125,602.989990234375,74.72000122070312,303.42999267578125,272.0799865722656,343.8800048828125,602.8699951171875,74.70999908447266,303.4599914550781,272.1199951171875,344.30499267578125,602.9500122070312,74.72000122070312,100107,68227,83751,5255,24416
2026-08-11 14:45:00-04:00,303.5400085449219,272.3900146484375,343.9700012207031,602.885009765625,74.68499755859375,303.57000732421875,272.4200134277344,344.1899108886719,603.0050048828125,74.7249984741211,303.1199951171875,272.30999755859375,343.92999267578125,602.7999877929688,74.67500305175781,303.4800109863281,272.30999755859375,344.05999755859375,602.969970703125,74.72000122070312,105720,55292,36731,12075,30269
2026-08-11 14:46:00-04:00,303.5849914550781,272.385009765625,344.05938720703125,602.8699951171875,74.69499969482422,303.5899963378906,272.4200134277344,344.1300048828125,602.97998046875,74.69999694824219,303.4700012207031,272.32000732421875,343.9549865722656,602.72998046875,74.68499755859375,303.5400085449219,272.3800048828125,343.9649963378906,602.8200073242188,74.68499755859375,30710,24971,22100,9005,17912
2026-08-11 14:47:00-04:00,303.4599914550781,272.3500061035156,343.94000244140625,602.989990234375,74.67500305175781,303.5899963378906,272.4700012207031,344.07000732421875,603.0449829101562,74.69509887695312,303.3399963378906,272.2900085449219,343.92999267578125,602.9179077148438,74.67500305175781,303.58990478515625,272.385009765625,344.0627136230469,602.989990234375,74.69499969482422,58499,48688,28718,8088,35336
2026-08-11 14:48:00-04:00,303.4200134277344,272.4750061035156,343.9700012207031,603.0,74.68219757080078,303.5299987792969,272.4750061035156,344.0,603.0900268554688,74.68499755859375,303.3999938964844,272.2950134277344,343.8299865722656,602.78271484375,74.66500091552734,303.4800109863281,272.364990234375,343.92999267578125,602.989990234375,74.67500305175781,35205,31191,39775,7676,20835
2026-08-11 14:49:00-04:00,303.56500244140625,272.6000061035156,344.19000244140625,603.2100219726562,74.70500183105469,303.6300048828125,272.659912109375,344.239990234375,603.2999877929688,74.71499633789062,303.4100036621094,272.4700927734375,343.8999938964844,602.9299926757812,74.67500305175781,303.42498779296875,272.4750061035156,343.92999267578125,603.0750122070312,74.68499755859375,69925,35225,52787,4453,33245
2026-08-11 14:50:00-04:00,303.614990234375,272.62298583984375,344.0400085449219,603.27001953125,74.69499969482422,303.6300048828125,272.7349853515625,344.2200012207031,603.3070068359375,74.70999908447266,303.5400085449219,272.56500244140625,344.0244140625,602.97998046875,74.68000030517578,303.56500244140625,272.6000061035156,344.1689147949219,603.1900024414062,74.69999694824219,48739,30171,36513,9720,22176
2026-08-11 14:51:00-04:00,304.0050048828125,272.70001220703125,344.05499267578125,603.3250122070312,74.72000122070312,304.010009765625,272.7099914550781,344.1499938964844,603.4298706054688,74.72000122070312,303.6109924316406,272.6000061035156,343.9849853515625,603.1400146484375,74.69000244140625,303.614990234375,272.6300048828125,344.0400085449219,603.219970703125,74.69499969482422,74957,31145,29312,7987,15362
2026-08-11 14:52:00-04:00,304.3500061035156,272.7099914550781,344.0,603.3200073242188,74.72000122070312,304.3599853515625,272.7598876953125,344.0762939453125,603.38037109375,74.7300033569336,304.0010070800781,272.6600036621094,343.92999267578125,603.0700073242188,74.72000122070312,304.0010070800781,272.7099914550781,344.0299987792969,603.38037109375,74.7249984741211,87731,30926,25374,11276,13063
2026-08-11 14:53:00-04:00,304.2900085449219,272.6600036621094,343.9849853515625,603.2849731445312,74.70500183105469,304.4200134277344,272.7898864746094,344.09649658203125,603.3975219726562,74.7249984741211,304.25,272.6000061035156,343.92498779296875,603.1500244140625,74.70010375976562,304.3450012207031,272.7099914550781,344.0400085449219,603.3499755859375,74.7249984741211,54955,30218,22390,7950,29028
2026-08-11 14:54:00-04:00,304.4049987792969,272.7699890136719,344.0400085449219,603.5499267578125,74.69000244140625,304.42730712890625,272.80999755859375,344.1300048828125,603.5999755859375,74.70500183105469,304.25,272.6600036621094,343.9849853515625,603.1849975585938,74.69000244140625,304.2900085449219,272.6763000488281,343.9849853515625,603.1849975585938,74.69999694824219,37013,49944,23010,9805,15353
2026-08-11 14:55:00-04:00,304.4700012207031,272.8349914550781,343.9408874511719,603.1799926757812,74.67250061035156,304.4700012207031,272.8699951171875,344.0799865722656,603.5,74.69509887695312,304.29998779296875,272.7699890136719,343.92999267578125,603.010009765625,74.66500091552734,304.3999938964844,272.7799987792969,344.07000732421875,603.4550170898438,74.69499969482422,42152,60518,26486,9932,28644
2026-08-11 14:56:00-04:00,304.5223083496094,272.8299865722656,343.9425048828125,603.2249755859375,74.70989990234375,304.5899963378906,272.9049987792969,343.9999084472656,603.2899780273438,74.70999908447266,304.4649963378906,272.7950134277344,343.8999938964844,603.0999755859375,74.67500305175781,304.4649963378906,272.8349914550781,343.9649963378906,603.1950073242188,74.67500305175781,44759,80547,21880,9227,29910
2026-08-11 14:57:00-04:00,304.55010986328125,272.635009765625,343.9800109863281,603.3800048828125,74.68000030517578,304.57000732421875,272.8200988769531,344.0,603.4799194335938,74.72989654541016,304.4800109863281,272.6000061035156,343.8999938964844,603.0900268554688,74.68000030517578,304.5199890136719,272.8200988769531,343.94000244140625,603.2899780273438,74.70500183105469,42639,51311,27133,6135,40417
2026-08-11 14:58:00-04:00,304.4599914550781,272.54998779296875,343.840087890625,603.0599975585938,74.63500213623047,304.56500244140625,272.6499938964844,344.1099853515625,603.3350219726562,74.68000030517578,304.44500732421875,272.5299987792969,343.7900085449219,603.0599975585938,74.62999725341797,304.55999755859375,272.6260986328125,344.0,603.3350219726562,74.68000030517578,48949,26963,54701,5960,28044
2026-08-11 14:59:00-04:00,304.3450012207031,272.57000732421875,343.8949890136719,602.8200073242188,74.57990264892578,304.489990234375,272.59991455078125,343.93951416015625,603.0599975585938,74.63999938964844,304.29998779296875,272.5299987792969,343.739990234375,602.6799926757812,74.56500244140625,304.4649963378906,272.55999755859375,343.8699951171875,603.0599975585938,74.63999938964844,63507,30289,34354,13404,94250
2026-08-11 15:00:00-04:00,304.3500061035156,272.4750061035156,343.9200134277344,601.7255859375,74.58999633789062,304.45001220703125,272.64520263671875,344.05499267578125,602.8051147460938,74.59989929199219,304.3200988769531,272.4599914550781,343.8599853515625,601.6400756835938,74.56500244140625,304.3500061035156,272.55999755859375,343.8599853515625,602.75,74.56999969482422,46129,43476,27720,118239,72225
2026-08-11 15:01:00-04:00,304.32000732421875,272.3299865722656,343.9100036621094,601.8900756835938,74.5999984741211,304.489990234375,272.5799865722656,343.9999084472656,602.1099853515625,74.62000274658203,304.32000732421875,272.30999755859375,343.8500061035156,601.6500244140625,74.58499908447266,304.3550109863281,272.489990234375,343.9200134277344,601.6500244140625,74.58999633789062,42474,53692,18334,13827,41039
2026-08-11 15:02:00-04:00,304.1499938964844,272.44000244140625,343.8494873046875,601.9500122070312,74.54029846191406,304.3599853515625,272.4599914550781,343.9678955078125,602.239990234375,74.5999984741211,304.1000061035156,272.29998779296875,343.7799987792969,601.901123046875,74.54000091552734,304.3168029785156,272.3299865722656,343.8999938964844,602.0650024414062,74.59030151367188,59810,80690,16803,16168,69976
2026-08-11 15:03:00-04:00,304.2099914550781,272.3699951171875,343.989990234375,601.9849853515625,74.58000183105469,304.2099914550781,272.4599914550781,344.06500244140625,602.0499877929688,74.58999633789062,304.0,272.3500061035156,343.7799987792969,601.6699829101562,74.481201171875,304.1600036621094,272.4599914550781,343.8399963378906,601.9500122070312,74.54499816894531,86231,45971,28104,12274,145363
2026-08-11 15:04:00-04:00,304.2099914550781,272.6828918457031,344.07000732421875,602.3300170898438,74.59500122070312,304.3265075683594,272.739990234375,344.1099853515625,602.3300170898438,74.59500122070312,304.17999267578125,272.3500061035156,343.9150085449219,601.8350219726562,74.56999969482422,304.2200012207031,272.375,343.96099853515625,601.9849853515625,74.57499694824219,43861,123535,21107,9788,49512
2026-08-11 15:05:00-04:00,304.32000732421875,272.625,344.1000061035156,602.385009765625,74.5999984741211,304.32000732421875,272.7950134277344,344.2099914550781,602.4298706054688,74.6050033569336,304.1300048828125,272.6099853515625,344.07000732421875,602.3300170898438,74.55999755859375,304.2101135253906,272.6759948730469,344.0950927734375,602.3499755859375,74.58999633789062,54529,59955,26258,5678,85435
2026-08-11 15:06:00-04:00,304.30499267578125,272.6300048828125,344.3450012207031,602.2550048828125,74.61000061035156,304.3399963378906,272.6400146484375,344.4200134277344,602.52001953125,74.625,304.2300109863281,272.5199890136719,344.114990234375,602.2050170898438,74.5999984741211,304.30999755859375,272.6199951171875,344.114990234375,602.4400024414062,74.6050033569336,51141,39002,106494,11092,59141
2026-08-11 15:07:00-04:00,304.2799987792969,272.4700012207031,344.125,601.6165161132812,74.6050033569336,304.3299865722656,272.6499938964844,344.3999938964844,602.3599853515625,74.61949920654297,304.25,272.4599914550781,344.1099853515625,601.4600219726562,74.58999633789062,304.2900085449219,272.6400146484375,344.3450927734375,602.2550048828125,74.61499786376953,38914,41907,31249,64895,22871
2026-08-11 15:08:00-04:00,304.5,272.6122131347656,344.2749938964844,602.0399780273438,74.66999816894531,304.5,272.6199951171875,344.3699951171875,602.2050170898438,74.69999694824219,304.2699890136719,272.4700012207031,344.1000061035156,601.52001953125,74.5999984741211,304.2699890136719,272.4700012207031,344.125,601.6599731445312,74.6050033569336,64057,31478,27023,12872,91084
2026-08-11 15:09:00-04:00,304.489990234375,272.8900146484375,344.239990234375,602.1699829101562,74.69499969482422,304.510009765625,272.9200134277344,344.3367004394531,602.2385864257812,74.69499969482422,304.430908203125,272.6099853515625,344.1600036621094,601.7000122070312,74.6698989868164,304.5,272.6099853515625,344.29998779296875,601.9749755859375,74.6698989868164,52878,35860,18673,14544,33632
2026-08-11 15:10:00-04:00,304.5899963378906,272.8450012207031,344.2099914550781,602.0700073242188,74.70500183105469,304.6099853515625,272.885009765625,344.3299865722656,602.2523803710938,74.72000122070312,304.4800109863281,272.8161926269531,344.1000061035156,601.9000854492188,74.69010162353516,304.5,272.8788146972656,344.2699890136719,602.1799926757812,74.69499969482422,92922,40205,24207,10568,40191
2026-08-11 15:11:00-04:00,304.7349853515625,272.9549865722656,344.10260009765625,602.135009765625,74.74500274658203,304.739990234375,272.9800109863281,344.2825012207031,602.22998046875,74.75,304.5799865722656,272.82000732421875,344.05999755859375,601.9600219726562,74.68000030517578,304.5849914550781,272.8500061035156,344.2099914550781,601.9849853515625,74.69999694824219,59141,53846,17251,14452,42169
2026-08-11 15:12:00-04:00,304.6449890136719,272.7850036621094,344.0616149902344,601.9201049804688,74.7249984741211,304.7377014160156,272.95001220703125,344.139892578125,602.2197265625,74.74500274658203,304.6199951171875,272.7560119628906,343.9100036621094,601.9201049804688,74.72010040283203,304.7300109863281,272.95001220703125,344.139892578125,602.135009765625,74.74500274658203,58772,47641,30221,15197,26678
2026-08-11 15:13:00-04:00,304.7900085449219,272.8999938964844,344.17498779296875,602.10498046875,74.69999694824219,304.79998779296875,272.8999938964844,344.17498779296875,602.1099853515625,74.7249984741211,304.6449890136719,272.7200012207031,343.9114990234375,601.7750244140625,74.69499969482422,304.6449890136719,272.7898864746094,344.0299987792969,602.0449829101562,74.7249984741211,61007,40562,22905,18316,32107
2026-08-11 15:14:00-04:00,304.7449951171875,272.81500244140625,344.3450012207031,602.1599731445312,74.71009826660156,304.7950134277344,272.8800048828125,344.3500061035156,602.2670288085938,74.72509765625,304.70001220703125,272.760009765625,344.0799865722656,602.02001953125,74.70999908447266,304.7950134277344,272.8800048828125,344.1650085449219,602.219970703125,74.72000122070312,33433,29722,45325,6419,24532
2026-08-11 15:15:00-04:00,304.9599914550781,272.67999267578125,344.3999938964844,601.7999877929688,74.72989654541016,304.9800109863281,272.82000732421875,344.4599914550781,602.1599731445312,74.75499725341797,304.739990234375,272.67999267578125,344.2699890136719,601.6849975585938,74.70999908447266,304.739990234375,272.82000732421875,344.3299865722656,602.1599731445312,74.71499633789062,64527,34505,28669,11178,31524
2026-08-11 15:16:00-04:00,304.9801025390625,272.6099853515625,344.1199951171875,601.6400146484375,74.75,304.989990234375,272.7200012207031,344.4599914550781,601.8800048828125,74.75,304.8999938964844,272.57000732421875,344.060791015625,601.5499877929688,74.72000122070312,304.9551086425781,272.67999267578125,344.4150085449219,601.7999877929688,74.7300033569336,63150,45217,27452,13217,34258
2026-08-11 15:17:00-04:00,304.91009521484375,272.5,343.95001220703125,601.3400268554688,74.69999694824219,304.989990234375,272.6199951171875,344.1199951171875,601.77001953125,74.76000213623047,304.9100036621094,272.44891357421875,343.95001220703125,601.2009887695312,74.69499969482422,304.9800109863281,272.6099853515625,344.1000061035156,601.5999755859375,74.75,38804,40050,28487,15160,34720
2026-08-11 15:18:00-04:00,304.8800048828125,272.5150146484375,343.94000244140625,601.219970703125,74.66999816894531,304.95001220703125,272.5299987792969,344.0400085449219,601.3499755859375,74.69999694824219,304.8299865722656,272.4700012207031,343.8500061035156,601.0650024414062,74.66500091552734,304.9200134277344,272.489990234375,343.9635925292969,601.3400268554688,74.69020080566406,52810,31329,37649,14131,25387
2026-08-11 15:19:00-04:00,304.8689880371094,272.2749938964844,343.8500061035156,600.8900146484375,74.67500305175781,304.885009765625,272.54998779296875,344.0310974121094,601.3900146484375,74.69000244140625,304.7699890136719,272.260009765625,343.80999755859375,600.8099975585938,74.66000366210938,304.875,272.5198059082031,343.93499755859375,601.2150268554688,74.66000366210938,73720,68688,23708,15824,26904
2026-08-11 15:20:00-04:00,304.95001220703125,272.19000244140625,343.8900146484375,601.239990234375,74.68499755859375,304.9700012207031,272.2799987792969,343.9599914550781,601.239990234375,74.69499969482422,304.8247985839844,272.1600036621094,343.86859130859375,600.969970703125,74.66999816894531,304.8699951171875,272.2799987792969,343.8699951171875,600.969970703125,74.68499755859375,42635,45412,19171,11675,27471
2026-08-11 15:21:00-04:00,304.9100036621094,272.3399963378906,343.7850036621094,601.1300048828125,74.67500305175781,304.97900390625,272.43499755859375,343.8999938964844,601.2899780273438,74.69989776611328,304.8999938964844,272.2099914550781,343.6805114746094,601.0599975585938,74.66999816894531,304.95001220703125,272.2099914550781,343.8949890136719,601.239990234375,74.68499755859375,36086,42543,42059,7128,32112
2026-08-11 15:22:00-04:00,304.9599914550781,272.3299865722656,343.5599060058594,600.6300048828125,74.66999816894531,305.0,272.3500061035156,343.79998779296875,601.1998901367188,74.68499755859375,304.8999938964844,272.2900085449219,343.5599060058594,600.5499877929688,74.66500091552734,304.91009521484375,272.3500061035156,343.7799987792969,601.135009765625,74.68499755859375,87743,27624,41542,24768,26428
2026-08-11 15:23:00-04:00,304.9718017578125,272.3349914550781,343.7583923339844,600.6599731445312,74.68000030517578,305.0199890136719,272.3999938964844,343.7799987792969,601.0817260742188,74.69950103759766,304.9200134277344,272.2699890136719,343.42999267578125,600.6099853515625,74.66999816894531,304.9700012207031,272.3299865722656,343.5450134277344,600.6400146484375,74.66999816894531,87882,57985,66769,20494,35364
2026-08-11 15:24:00-04:00,304.9010925292969,272.55999755859375,343.7049865722656,600.6900024414062,74.66999816894531,305.0299987792969,272.55999755859375,343.7799072265625,600.8049926757812,74.68000030517578,304.8800048828125,272.29998779296875,343.6400146484375,600.4550170898438,74.6449966430664,304.9750061035156,272.30999755859375,343.7412109375,600.73779296875,74.67500305175781,89518,58983,24518,17137,70509
2026-08-11 15:25:00-04:00,304.989990234375,272.6099853515625,343.739990234375,600.9450073242188,74.68499755859375,305.0,272.6499938964844,343.9200134277344,601.010009765625,74.68499755859375,304.8999938964844,272.5299987792969,343.6199951171875,600.5499877929688,74.66000366210938,304.9100036621094,272.5899963378906,343.7049865722656,600.6900024414062,74.66500091552734,36587,41493,39272,17385,25105
2026-08-11 15:26:00-04:00,304.95001220703125,272.75,343.875,601.2999877929688,74.66999816894531,305.0,272.8299865722656,343.8900146484375,601.2999877929688,74.70999908447266,304.9100036621094,272.6099853515625,343.7900085449219,600.8900146484375,74.66500091552734,304.989990234375,272.6099853515625,343.7900085449219,600.9450073242188,74.68499755859375,37159,94604,30163,13378,60036
2026-08-11 15:27:00-04:00,304.9949951171875,272.70001220703125,343.75,601.27001953125,74.6449966430664,305.0299987792969,272.760009765625,343.95001220703125,601.3099975585938,74.68000030517578,304.94000244140625,272.5799865722656,343.739990234375,601.1199951171875,74.62999725341797,304.94769287109375,272.75,343.864990234375,601.3099975585938,74.66999816894531,51891,45685,26007,16385,35316
2026-08-11 15:28:00-04:00,304.989990234375,272.5,343.70001220703125,601.260009765625,74.69499969482422,305.0199890136719,272.739990234375,343.760009765625,601.3499755859375,74.70500183105469,304.92999267578125,272.4599914550781,343.6000061035156,601.1104736328125,74.63999938964844,305.0,272.6700134277344,343.7099914550781,601.2650146484375,74.6449966430664,74513,133536,30917,13567,48974
2026-08-11 15:29:00-04:00,305.1600036621094,272.6600036621094,343.56500244140625,601.4149780273438,74.6864013671875,305.20001220703125,272.6600036621094,343.760009765625,601.5,74.72000122070312,304.94000244140625,272.5,343.55999755859375,601.2100219726562,74.68000030517578,304.9849853515625,272.5050048828125,343.7049865722656,601.2999877929688,74.69999694824219,82551,46900,31513,12283,27244
2026-08-11 15:30:00-04:00,305.2608947753906,272.6099853515625,343.260009765625,601.3499755859375,74.61499786376953,305.29998779296875,272.70001220703125,343.6098937988281,601.6199951171875,74.68000030517578,305.0799865722656,272.57000732421875,343.2200012207031,601.3400268554688,74.6050033569336,305.1600036621094,272.6499938964844,343.5400085449219,601.4500122070312,74.66999816894531,219500,57228,56654,21401,57137
2026-08-11 15:31:00-04:00,304.67999267578125,272.8299865722656,343.3699951171875,601.7449951171875,74.69499969482422,305.27508544921875,272.8299865722656,343.5299987792969,601.8499755859375,74.69999694824219,304.6199951171875,272.54998779296875,343.20001220703125,601.25,74.56999969482422,305.2699890136719,272.5799865722656,343.260009765625,601.3150024414062,74.61499786376953,124956,45643,60080,14246,72829
2026-08-11 15:32:00-04:00,304.4849853515625,272.80999755859375,343.2950134277344,601.6900024414062,74.63999938964844,304.70001220703125,272.9599914550781,343.4198913574219,601.8800048828125,74.69499969482422,304.4700012207031,272.80999755859375,343.2099914550781,601.635009765625,74.63999938964844,304.69000244140625,272.8299865722656,343.3699951171875,601.7449951171875,74.69029998779297,67075,72810,28066,16241,74244
2026-08-11 15:33:00-04:00,304.44000244140625,273.0199890136719,343.2699890136719,602.030029296875,74.65499877929688,304.510009765625,273.04998779296875,343.3500061035156,602.280029296875,74.68000030517578,304.3800048828125,272.7650146484375,343.2200012207031,601.6199951171875,74.62999725341797,304.4800109863281,272.81500244140625,343.2900085449219,601.6199951171875,74.63999938964844,62750,90312,132164,24918,81222
2026-08-11 15:34:00-04:00,304.4849853515625,273.0400085449219,343.1300048828125,601.8150024414062,74.6875,304.5150146484375,273.07000732421875,343.3299865722656,602.1500244140625,74.69000244140625,304.4100036621094,272.9049987792969,343.1000061035156,601.7600708007812,74.66000366210938,304.4429931640625,273.0299987792969,343.2799987792969,602.030029296875,74.66500091552734,51422,71420,60696,24947,54571
2026-08-11 15:35:00-04:00,304.6700134277344,273.0249938964844,343.31500244140625,601.9550170898438,74.68000030517578,304.760009765625,273.1549987792969,343.3500061035156,602.0999755859375,74.69969940185547,304.4700012207031,273.010009765625,343.04998779296875,601.6799926757812,74.66000366210938,304.4849853515625,273.05999755859375,343.1300048828125,601.8150024414062,74.68499755859375,78551,63827,51211,17767,64657
2026-08-11 15:36:00-04:00,304.6400146484375,273.0849914550781,343.20001220703125,602.0700073242188,74.59500122070312,304.70001220703125,273.0849914550781,343.32000732421875,602.1599731445312,74.69000244140625,304.55999755859375,272.9549865722656,343.1300048828125,601.8400268554688,74.58999633789062,304.68499755859375,273.0400085449219,343.32000732421875,602.030029296875,74.68000030517578,44129,49388,39777,11873,65305
2026-08-11 15:37:00-04:00,304.55999755859375,273.1900939941406,343.2900085449219,602.3599853515625,74.63020324707031,304.6449890136719,273.3118896484375,343.3900146484375,602.4375,74.63999938964844,304.5199890136719,273.0899963378906,343.1700134277344,602.0401000976562,74.56999969482422,304.6449890136719,273.1000061035156,343.19000244140625,602.0401000976562,74.59500122070312,42199,54966,58917,13994,55705
2026-08-11 15:38:00-04:00,304.6499938964844,273.2799987792969,343.6199951171875,602.530029296875,74.66000366210938,304.7200012207031,273.2900085449219,343.7300109863281,602.6699829101562,74.66999816894531,304.54998779296875,273.2099914550781,343.260009765625,602.3040771484375,74.62999725341797,304.54998779296875,273.2099914550781,343.29998779296875,602.3900146484375,74.63500213623047,61068,52999,39969,24329,50342
2026-08-11 15:39:00-04:00,304.6700134277344,273.2749938964844,343.5,601.6900024414062,74.67500305175781,304.7099914550781,273.2799987792969,343.6400146484375,602.5396728515625,74.67639923095703,304.5400085449219,273.2099914550781,343.4599914550781,601.5900268554688,74.6500015258789,304.6600036621094,273.2699890136719,343.6199951171875,602.530029296875,74.65499877929688,58714,43683,52179,33543,38091
2026-08-11 15:40:00-04:00,304.6549987792969,273.1650085449219,343.3699951171875,601.4080200195312,74.66999816894531,304.70001220703125,273.3299865722656,343.5299987792969,601.6900024414062,74.68499755859375,304.6099853515625,273.1300964355469,343.30999755859375,601.3206787109375,74.66500091552734,304.6889953613281,273.2699890136719,343.5050048828125,601.6900024414062,74.67500305175781,65672,135832,46849,19271,66926
2026-08-11 15:41:00-04:00,304.70001220703125,273.2699890136719,343.385009765625,600.9600219726562,74.70500183105469,304.7200012207031,273.29998779296875,343.45001220703125,601.4749755859375,74.70999908447266,304.6101989746094,273.1300048828125,343.2799987792969,600.739990234375,74.66500091552734,304.6499938964844,273.1499938964844,343.364990234375,601.35498046875,74.67500305175781,58389,70400,42580,30052,45518
2026-08-11 15:42:00-04:00,304.66510009765625,273.2349853515625,343.5220031738281,600.719970703125,74.74500274658203,304.7200012207031,273.29998779296875,343.5400085449219,600.969970703125,74.75,304.6050109863281,273.20159912109375,343.3949890136719,600.5399780273438,74.70050048828125,304.69000244140625,273.2699890136719,343.3999938964844,600.9450073242188,74.70500183105469,86275,54183,41846,32561,42713
2026-08-11 15:43:00-04:00,304.54998779296875,273.31500244140625,343.4750061035156,600.4500122070312,74.76499938964844,304.7250061035156,273.32000732421875,343.6199951171875,600.8900146484375,74.77999877929688,304.54998779296875,273.20001220703125,343.3599853515625,600.3499755859375,74.75,304.6700134277344,273.2200012207031,343.5400085449219,600.77001953125,74.75,133511,78046,29730,14567,84012
2026-08-11 15:44:00-04:00,304.6199951171875,273.3900146484375,343.5199890136719,600.8200073242188,74.72000122070312,304.6199951171875,273.42999267578125,343.6499938964844,600.8200073242188,74.7699966430664,304.510009765625,273.2550048828125,343.4024963378906,600.3200073242188,74.70500183105469,304.5400085449219,273.29998779296875,343.4599914550781,600.489990234375,74.76000213623047,52566,54611,44228,29709,75072
2026-08-11 15:45:00-04:00,304.3399963378906,273.2950134277344,343.20001220703125,600.4749755859375,74.6449966430664,304.6344909667969,273.3999938964844,343.5400085449219,600.9500122070312,74.7300033569336,304.2799987792969,273.2099914550781,343.20001220703125,600.4199829101562,74.625,304.6199951171875,273.3999938964844,343.5199890136719,600.8800048828125,74.7300033569336,112044,65184,62756,19041,81124
2026-08-11 15:46:00-04:00,304.4599914550781,273.30999755859375,343.3699951171875,600.2999877929688,74.65499877929688,304.5199890136719,273.42999267578125,343.4599914550781,600.6099853515625,74.67500305175781,304.2601013183594,273.20001220703125,343.19500732421875,600.2899780273438,74.61499786376953,304.3399963378906,273.2950134277344,343.2099914550781,600.5025024414062,74.6449966430664,63035,79803,44885,19508,88139
2026-08-11 15:47:00-04:00,304.3210144042969,273.239990234375,343.25,600.0449829101562,74.625,304.4800109863281,273.3699951171875,343.4599914550781,600.4299926757812,74.66000366210938,304.2200012207031,273.19000244140625,343.2300109863281,600.0449829101562,74.625,304.4599914550781,273.31500244140625,343.3599853515625,600.2899780273438,74.65499877929688,63248,61957,46930,23344,102895
2026-08-11 15:48:00-04:00,304.2850036621094,273.2200012207031,343.2850036621094,600.0900268554688,74.625,304.3399963378906,273.3999938964844,343.3229064941406,600.260009765625,74.63999938964844,304.2250061035156,273.1960144042969,343.20001220703125,599.7999877929688,74.58000183105469,304.32000732421875,273.25,343.239990234375,600.0250244140625,74.62000274658203,58323,82763,36004,42880,75913
2026-08-11 15:49:00-04:00,304.4700012207031,273.3500061035156,343.510009765625,600.364990234375,74.61000061035156,304.510009765625,273.3900146484375,343.5199890136719,600.5800170898438,74.61499786376953,304.260009765625,273.0899963378906,343.2275085449219,599.8099975585938,74.58000183105469,304.2850036621094,273.2200012207031,343.2699890136719,600.030029296875,74.61000061035156,84327,86190,59992,45039,88537
2026-08-11 15:50:00-04:00,304.1300048828125,272.5304870605469,343.32501220703125,599.3599853515625,74.63500213623047,304.4800109863281,273.3399963378906,343.69000244140625,600.27001953125,74.69000244140625,304.0450134277344,272.5,343.30999755859375,599.1795043945312,74.61499786376953,304.4800109863281,273.3399963378906,343.5299987792969,600.27001953125,74.62000274658203,145654,349822,94846,49235,124826
2026-08-11 15:51:00-04:00,304.1000061035156,272.6199951171875,343.2200012207031,599.27001953125,74.7300033569336,304.2051086425781,272.6600036621094,343.3800048828125,599.3499755859375,74.73999786376953,304.0299987792969,272.44830322265625,343.18499755859375,599.0,74.625,304.1000061035156,272.5199890136719,343.29998779296875,599.2100219726562,74.63500213623047,121192,146082,100981,35373,95805
2026-08-11 15:52:00-04:00,304.0350036621094,272.510009765625,342.9599914550781,599.02001953125,74.67120361328125,304.19000244140625,272.70001220703125,343.32000732421875,599.3099975585938,74.7249984741211,304.0299987792969,272.3800048828125,342.94000244140625,598.72998046875,74.66999816894531,304.1000061035156,272.6199951171875,343.2099914550781,599.2000122070312,74.7249984741211,145018,143769,120800,42249,63162
2026-08-11 15:53:00-04:00,304.3450012207031,272.2301025390625,343.1499938964844,599.2899780273438,74.73999786376953,304.3999938964844,272.5277099609375,343.2099914550781,599.5999755859375,74.7699966430664,303.9700012207031,272.2099914550781,342.8500061035156,598.864990234375,74.67500305175781,304.0350036621094,272.510009765625,343.0,598.9299926757812,74.68000030517578,242108,183500,110924,47710,114805
2026-08-11 15:54:00-04:00,304.9049987792969,272.5899963378906,343.5199890136719,599.375,74.86000061035156,304.92999267578125,272.7300109863281,343.55450439453125,599.8900146484375,74.86000061035156,303.75,272.0,342.8599853515625,598.5100708007812,74.70999908447266,304.3299865722656,272.2200012207031,343.1099853515625,599.2849731445312,74.74500274658203,474766,244963,156342,80221,178238
2026-08-11 15:55:00-04:00,304.9150085449219,272.3450012207031,342.8800048828125,599.1500244140625,74.81500244140625,304.989990234375,272.7200012207031,343.5299987792969,599.77001953125,74.94999694824219,304.29998779296875,272.32000732421875,342.739990234375,599.0814208984375,74.77999877929688,304.8800048828125,272.5899963378906,343.5199890136719,599.375,74.8499984741211,292668,207186,160801,47822,246740
2026-08-11 15:56:00-04:00,305.0249938964844,272.3800048828125,342.69000244140625,598.9299926757812,74.82499694824219,305.0899963378906,272.45001220703125,342.8999938964844,599.239990234375,74.83000183105469,304.9100036621094,272.06500244140625,342.57000732421875,598.9299926757812,74.78250122070312,304.9100036621094,272.3399963378906,342.864990234375,599.2000122070312,74.81500244140625,275748,280425,125911,43183,163254
2026-08-11 15:57:00-04:00,304.8349914550781,272.260009765625,342.8800048828125,598.9600219726562,74.79499816894531,305.0299987792969,272.44000244140625,342.95001220703125,599.0499877929688,74.83999633789062,304.7300109863281,272.05999755859375,342.6650085449219,598.5700073242188,74.77999877929688,305.0299987792969,272.3739929199219,342.70001220703125,598.9099731445312,74.82499694824219,294891,214772,116925,54836,243345
2026-08-11 15:58:00-04:00,304.7950134277344,272.2300109863281,342.8599853515625,599.0800170898438,74.78500366210938,304.9100036621094,272.3800048828125,342.989990234375,599.2000122070312,74.80500030517578,304.739990234375,272.1499938964844,342.760009765625,598.7999877929688,74.75,304.8500061035156,272.2799987792969,342.885009765625,599.0,74.79499816894531,407527,285840,202127,99153,300240
2026-08-11 15:59:00-04:00,304.8999938964844,272.2799987792969,343.0299987792969,599.2100219726562,74.7750015258789,304.95001220703125,272.30999755859375,343.0400085449219,599.22998046875,74.79000091552734,304.6300048828125,271.8999938964844,342.739990234375,598.469970703125,74.69499969482422,304.7799987792969,272.239990234375,342.8599853515625,599.0700073242188,74.78500366210938,731578,1577258,378803,163525,534436
2026-08-12 09:30:00-04:00,304.0379943847656,272.19500732421875,344.6600036621094,602.9849853515625,74.18000030517578,305.6600036621094,273.4599914550781,345.5,604.4990234375,74.66999816894531,304.0199890136719,271.8500061035156,343.7900085449219,599.8499755859375,74.11000061035156,305.1300048828125,273.2049865722656,345.3924865722656,601.7000122070312,74.3499984741211,1722078,1251895,905237,475811,844998
2026-08-12 09:31:00-04:00,303.57501220703125,271.635009765625,343.57000732421875,598.864990234375,74.01000213623047,304.31988525390625,272.260009765625,344.70001220703125,603.217529296875,74.2300033569336,303.510009765625,271.42999267578125,343.2601013183594,598.0599975585938,73.81999969482422,304.0299987792969,272.19500732421875,344.5,602.97998046875,74.16000366210938,212740,167908,73884,64969,239566
2026-08-12 09:32:00-04:00,303.239990234375,271.2799987792969,342.94000244140625,598.2650146484375,73.97840118408203,303.7300109863281,271.8399963378906,343.7059020996094,598.9600219726562,74.00499725341797,303.1099853515625,271.1000061035156,342.8999938964844,597.3200073242188,73.7699966430664,303.5199890136719,271.54998779296875,343.44000244140625,598.9199829101562,74.00499725341797,287590,124600,89788,41387,147831
2026-08-12 09:33:00-04:00,302.95001220703125,270.8599853515625,342.489990234375,600.2000122070312,74.12000274658203,303.4100036621094,271.2699890136719,343.0,600.3200073242188,74.16000366210938,302.80999755859375,270.11968994140625,342.40008544921875,597.6400146484375,73.87969970703125,303.25,271.2699890136719,342.9049987792969,598.3200073242188,73.97000122070312,194508,239415,78643,47733,91570
2026-08-12 09:34:00-04:00,303.0299987792969,271.7300109863281,342.80999755859375,600.1322021484375,74.13500213623047,303.2799987792969,271.75,343.2749938964844,601.0,74.18000030517578,302.17999267578125,270.7099914550781,342.2099914550781,598.85009765625,74.01000213623047,302.95001220703125,270.7099914550781,342.55999755859375,600.2000122070312,74.12000274658203,243973,187677,104643,43830,106858
2026-08-12 09:35:00-04:00,303.19000244140625,271.70001220703125,343.1499938964844,599.0399780273438,74.25,303.2900085449219,271.7200012207031,343.32000732421875,600.3499755859375,74.33000183105469,302.739990234375,271.1549987792969,342.6400146484375,597.5,74.0999984741211,303.0299987792969,271.67999267578125,342.739990234375,600.1099853515625,74.13999938964844,126729,106893,50355,46537,118284
2026-08-12 09:36:00-04:00,303.5199890136719,272.80999755859375,343.2463073730469,598.969970703125,74.18499755859375,303.6300048828125,272.8500061035156,343.45001220703125,599.0800170898438,74.26000213623047,303.1700134277344,271.5799865722656,343.0299987792969,598.0,74.0999984741211,303.2099914550781,271.5799865722656,343.1499938964844,599.010009765625,74.2300033569336,101944,136009,78469,37380,78438
2026-08-12 09:37:00-04:00,303.489990234375,272.9599914550781,342.5575866699219,596.8099975585938,74.39199829101562,303.639404296875,273.1499938964844,343.4100036621094,598.9099731445312,74.3949966430664,303.1817932128906,272.6099853515625,342.4800109863281,596.8099975585938,74.16000366210938,303.4800109863281,272.7699890136719,343.2900085449219,598.9099731445312,74.19999694824219,102445,126161,85082,34648,61910
2026-08-12 09:38:00-04:00,303.5541076660156,272.2200012207031,342.0,597.1900024414062,74.37999725341797,303.6700134277344,272.94000244140625,342.6299133300781,598.0,74.43000030517578,303.44000244140625,272.2200012207031,341.8900146484375,596.5,74.30619812011719,303.489990234375,272.94000244140625,342.510009765625,596.6900024414062,74.37999725341797,65104,70423,101313,27150,48185
2026-08-12 09:39:00-04:00,303.5360107421875,272.04998779296875,342.5899963378906,597.3599853515625,74.31999969482422,303.7200012207031,272.6499938964844,342.75,597.4556274414062,74.40499877929688,303.3999938964844,272.04998779296875,341.6099853515625,596.760009765625,74.27010345458984,303.57000732421875,272.32501220703125,342.0,597.1900024414062,74.37999725341797,84713,76735,83398,31229,56074
2026-08-12 09:40:00-04:00,303.2900085449219,272.2900085449219,342.5899963378906,596.4500122070312,74.23999786376953,303.6000061035156,272.44970703125,343.1299133300781,597.5999755859375,74.36530303955078,303.2099914550781,271.94110107421875,342.38031005859375,596.4099731445312,74.23999786376953,303.54998779296875,272.1134948730469,342.6000061035156,597.1699829101562,74.30329895019531,82275,50600,76665,39741,76398
2026-08-12 09:41:00-04:00,303.3949890136719,272.0400085449219,343.3500061035156,596.0499877929688,74.2300033569336,303.4549865722656,272.4599914550781,343.42999267578125,597.18798828125,74.3499984741211,303.1600036621094,272.0400085449219,342.5799865722656,596.0399780273438,74.2300033569336,303.2799987792969,272.20001220703125,342.6300048828125,596.4000244140625,74.23999786376953,77599,58801,62956,23827,60386
2026-08-12 09:42:00-04:00,303.4549865722656,272.0,342.8349914550781,595.47998046875,74.11000061035156,303.4798889160156,272.3500061035156,343.5799865722656,596.1699829101562,74.19000244140625,303.25,271.8599853515625,342.7950134277344,595.2000122070312,74.06999969482422,303.3599853515625,272.010009765625,343.364990234375,596.0399780273438,74.19000244140625,74093,63307,50460,45408,65338
2026-08-12 09:43:00-04:00,303.6600036621094,272.2200012207031,343.0400085449219,595.3699951171875,74.19999694824219,303.7300109863281,272.55999755859375,343.1700134277344,595.9899291992188,74.19999694824219,303.4700012207031,271.9100036621094,342.7300109863281,594.8800048828125,74.05999755859375,303.4700012207031,272.0400085449219,342.8349914550781,595.3350219726562,74.06400299072266,74783,65089,34123,67513,61872
2026-08-12 09:44:00-04:00,303.3699951171875,271.80999755859375,342.7850036621094,595.2965087890625,74.18499755859375,303.7099914550781,272.2149963378906,343.19219970703125,595.3900146484375,74.19999694824219,303.3500061035156,271.5799865722656,342.7102966308594,594.469970703125,74.11000061035156,303.6600036621094,272.1700134277344,343.05999755859375,595.2999877929688,74.19000244140625,64331,102341,43847,37258,76881
2026-08-12 09:45:00-04:00,303.260009765625,271.82000732421875,342.625,595.2150268554688,74.18499755859375,303.4200134277344,271.9200134277344,342.9800109863281,595.5,74.22000122070312,303.2300109863281,271.6000061035156,342.5899963378906,594.77001953125,74.13999938964844,303.3800048828125,271.8299865722656,342.7699890136719,595.1950073242188,74.18499755859375,74117,112841,41030,31059,72834
2026-08-12 09:46:00-04:00,303.1650085449219,271.7828063964844,342.4599914550781,594.489990234375,74.12989807128906,303.3800048828125,271.9549865722656,342.6650085449219,595.2150268554688,74.22000122070312,303.1300048828125,271.70001220703125,342.2900085449219,593.9099731445312,74.11009979248047,303.260009765625,271.7950134277344,342.6199951171875,595.2150268554688,74.18499755859375,68476,49695,47875,58402,62690
2026-08-12 09:47:00-04:00,303.1650085449219,271.4549865722656,342.36968994140625,594.239990234375,74.06999969482422,303.239990234375,271.7900085449219,342.52899169921875,594.719970703125,74.1449966430664,303.0400085449219,271.3100891113281,342.1400146484375,594.0800170898438,74.06999969482422,303.1650085449219,271.7900085449219,342.5,594.5150146484375,74.13999938964844,99275,70637,51260,31471,73737
2026-08-12 09:48:00-04:00,303.45001220703125,271.5899963378906,343.0400085449219,594.989990234375,74.05000305175781,303.6099853515625,271.80999755859375,343.19000244140625,595.119873046875,74.08989715576172,303.1000061035156,271.260009765625,342.25,594.0,73.97000122070312,303.1650085449219,271.45001220703125,342.2900085449219,594.3798828125,74.06069946289062,123004,88951,45846,31520,100846
2026-08-12 09:49:00-04:00,302.97491455078125,271.418212890625,343.03460693359375,594.1199951171875,74.03500366210938,303.44500732421875,271.64990234375,343.1099853515625,595.5,74.0999984741211,302.9599914550781,271.29998779296875,342.760009765625,593.9600219726562,73.98500061035156,303.44500732421875,271.5849914550781,343.0199890136719,594.989990234375,74.05000305175781,114068,59440,51148,45796,54820
2026-08-12 09:50:00-04:00,302.9800109863281,271.3900146484375,343.04998779296875,593.1900024414062,73.8949966430664,303.1211853027344,271.4549865722656,343.09991455078125,594.4899291992188,74.03500366210938,302.7799987792969,271.20001220703125,342.8500061035156,593.1900024414062,73.8499984741211,302.9800109863281,271.43499755859375,343.05999755859375,594.1099853515625,74.03500366210938,161047,72621,48387,49410,85583
2026-08-12 09:51:00-04:00,302.864990234375,271.2701110839844,342.94989013671875,592.8939819335938,73.85990142822266,303.010009765625,271.4729919433594,343.0400085449219,593.3800048828125,73.8949966430664,302.70001220703125,271.0199890136719,342.6000061035156,592.3499755859375,73.83499908447266,302.9898986816406,271.36639404296875,343.0199890136719,593.3742065429688,73.86000061035156,93970,60271,48063,58728,76086
2026-08-12 09:52:00-04:00,302.65008544921875,270.6600036621094,342.5249938964844,591.3150024414062,73.73999786376953,302.8550109863281,271.239990234375,342.9200134277344,592.9400024414062,73.875,302.5799865722656,270.5799865722656,342.3900146484375,591.2211303710938,73.72000122070312,302.8550109863281,271.239990234375,342.9150085449219,592.7100219726562,73.83999633789062,100765,114806,36735,70979,113230
2026-08-12 09:53:00-04:00,302.82501220703125,270.8299865722656,342.6600036621094,591.1099853515625,73.7300033569336,302.8900146484375,270.8299865722656,342.7799987792969,591.7000122070312,73.77999877929688,302.6000061035156,270.54998779296875,342.29998779296875,591.02001953125,73.71499633789062,302.6499938964844,270.6600036621094,342.55511474609375,591.25,73.7300033569336,86360,65142,41177,43419,79276
2026-08-12 09:54:00-04:00,303.0950012207031,270.8949890136719,342.7149963378906,591.3800048828125,73.87000274658203,303.20001220703125,271.1000061035156,342.8926086425781,592.0599975585938,73.87000274658203,302.75,270.80999755859375,342.6050109863281,591.0,73.72000122070312,302.80999755859375,270.8399963378906,342.6199951171875,591.2550048828125,73.73799896240234,103538,75093,54946,50153,80627
2026-08-12 09:55:00-04:00,303.0950012207031,270.5199890136719,343.2699890136719,590.5050048828125,73.81999969482422,303.29998779296875,270.9100036621094,343.29998779296875,591.6300048828125,73.83999633789062,303.07000732421875,270.385009765625,342.80999755859375,590.1799926757812,73.76000213623047,303.0899963378906,270.79998779296875,342.80999755859375,591.3499755859375,73.83999633789062,54682,106326,42828,93362,56565
2026-08-12 09:56:00-04:00,303.17999267578125,270.7300109863281,343.0950012207031,589.405029296875,73.94999694824219,303.20001220703125,270.7300109863281,343.5,590.8098754882812,73.94999694824219,303.0199890136719,270.2799987792969,343.0400085449219,589.2200927734375,73.80000305175781,303.1000061035156,270.5199890136719,343.19000244140625,590.6300048828125,73.82499694824219,83536,103093,69101,86936,69596
2026-08-12 09:57:00-04:00,303.20001220703125,270.4100036621094,342.4649963378906,590.27001953125,73.93000030517578,303.29998779296875,270.760009765625,343.1145935058594,590.39990234375,73.94999694824219,303.1000061035156,270.2900085449219,342.3149108886719,589.1400146484375,73.86000061035156,303.17999267578125,270.75,343.1145935058594,589.3599853515625,73.94999694824219,81361,68502,41571,70673,46673
2026-08-12 09:58:00-04:00,303.260009765625,270.79998779296875,342.6199951171875,591.02001953125,73.87000274658203,303.29998779296875,270.82000732421875,342.70001220703125,591.1799926757812,73.93499755859375,303.1700134277344,270.29998779296875,342.2403869628906,590.0,73.83999633789062,303.18499755859375,270.3900146484375,342.45001220703125,590.030029296875,73.91999816894531,61057,83500,42726,38267,43311
2026-08-12 09:59:00-04:00,303.3699951171875,270.7850036621094,342.79998779296875,590.2999877929688,73.88500213623047,303.46990966796875,270.8599853515625,343.010009765625,591.3300170898438,73.9000015258789,303.1614990234375,270.5199890136719,342.5,590.1099853515625,73.83999633789062,303.2650146484375,270.80999755859375,342.6199951171875,591.1300048828125,73.86499786376953,96175,79267,46035,46153,49304
2026-08-12 10:00:00-04:00,303.9042053222656,270.4649963378906,342.06500244140625,588.0999755859375,73.72000122070312,304.07000732421875,270.8500061035156,343.7099914550781,590.2899780273438,73.88500213623047,303.1600036621094,270.3500061035156,342.010009765625,588.0999755859375,73.66999816894531,303.385009765625,270.7950134277344,342.79998779296875,590.2000122070312,73.88500213623047,226304,61636,130169,78791,110068
2026-08-12 10:01:00-04:00,304.0050048828125,270.4200134277344,341.4750061035156,588.1799926757812,73.62030029296875,304.29998779296875,270.7799987792969,342.1000061035156,588.6240234375,73.75,303.75,270.3999938964844,341.3999938964844,587.719970703125,73.62030029296875,303.9798889160156,270.44000244140625,342.05499267578125,588.14501953125,73.72000122070312,194798,49312,109927,62339,71384
2026-08-12 10:02:00-04:00,304.0801086425781,270.05999755859375,341.2799987792969,587.5900268554688,73.70500183105469,304.32000732421875,270.42498779296875,341.6099853515625,588.2183227539062,73.72000122070312,303.93011474609375,270.04998779296875,341.2200012207031,587.25,73.5999984741211,304.0050048828125,270.42498779296875,341.44891357421875,588.1599731445312,73.625,124721,122392,66676,41808,70657
2026-08-12 10:03:00-04:00,303.79998779296875,269.1000061035156,340.9898986816406,588.0050048828125,73.70500183105469,304.20001220703125,270.1099853515625,341.44000244140625,588.0999755859375,73.72000122070312,303.7200927734375,269.0299987792969,340.8999938964844,587.5,73.66000366210938,304.1000061035156,270.05499267578125,341.2972106933594,587.7550048828125,73.70999908447266,73247,426315,92486,31553,38320
2026-08-12 10:04:00-04:00,303.5899963378906,269.0199890136719,341.2099914550781,587.3250122070312,73.72010040283203,304.04998779296875,269.20989990234375,341.26971435546875,588.239990234375,73.76000213623047,303.5,268.9599914550781,340.8299865722656,587.3250122070312,73.70999908447266,303.80499267578125,269.0719909667969,340.9599914550781,587.9949951171875,73.70999908447266,72168,182622,76479,51174,49294
2026-08-12 10:05:00-04:00,303.5,269.8299865722656,341.1600036621094,588.3900146484375,73.68499755859375,303.8190002441406,269.8349914550781,341.5199890136719,588.6500244140625,73.73989868164062,303.5,268.92010498046875,341.1199951171875,586.780029296875,73.6500015258789,303.614990234375,268.9601135253906,341.2200012207031,587.280029296875,73.73049926757812,71840,171500,48578,55900,56404
2026-08-12 10:06:00-04:00,303.57501220703125,269.9700012207031,341.3500061035156,589.172607421875,73.70500183105469,303.6700134277344,270.139892578125,341.4198913574219,589.2999877929688,73.7300033569336,303.4100036621094,269.7799987792969,341.010498046875,588.086181640625,73.68499755859375,303.5050048828125,269.8399963378906,341.1199951171875,588.375,73.68499755859375,72013,161652,45320,52497,68063
2026-08-12 10:07:00-04:00,303.6099853515625,270.1579895019531,341.0,589.14501953125,73.6050033569336,303.739990234375,270.2300109863281,341.3883972167969,589.3947143554688,73.70999908447266,303.5400085449219,269.739990234375,341.0,588.582275390625,73.58999633789062,303.57501220703125,269.9599914550781,341.3500061035156,589.0549926757812,73.70999908447266,72241,86900,37485,54013,63606
2026-08-12 10:08:00-04:00,303.3900146484375,270.2900085449219,341.54119873046875,589.7150268554688,73.68000030517578,303.625,270.30999755859375,341.54998779296875,589.7349853515625,73.70500183105469,303.3900146484375,270.010009765625,340.8453063964844,588.8513793945312,73.57019805908203,303.6099853515625,270.1700134277344,341.0150146484375,589.2899169921875,73.6050033569336,73087,63012,53057,42311,77204
2026-08-12 10:09:00-04:00,303.1600036621094,270.32000732421875,342.30999755859375,589.9199829101562,73.81999969482422,303.4599914550781,270.44000244140625,342.4898986816406,590.8699951171875,73.83499908447266,303.05999755859375,270.05999755859375,341.5,589.5728759765625,73.68499755859375,303.4100036621094,270.2749938964844,341.5400085449219,589.7100219726562,73.68499755859375,83801,58124,156105,74430,74911
2026-08-12 10:10:00-04:00,302.95001220703125,270.3550109863281,342.42999267578125,589.2899780273438,73.87000274658203,303.30999755859375,270.3900146484375,342.42999267578125,590.25,73.88500213623047,302.94000244140625,270.0899963378906,341.82000732421875,588.6019897460938,73.81999969482422,303.17498779296875,270.2900085449219,342.30999755859375,590.125,73.81999969482422,103738,69549,34776,66575,44617
2026-08-12 10:11:00-04:00,302.8349914550781,270.2648010253906,342.3699951171875,589.02001953125,73.96980285644531,302.9739074707031,270.4100036621094,342.5898132324219,589.719970703125,73.9749984741211,302.69000244140625,270.2300109863281,342.19500732421875,588.4400024414062,73.81999969482422,302.9739074707031,270.3504943847656,342.44000244140625,589.27001953125,73.86000061035156,109160,85507,37993,56615,71636
2026-08-12 10:12:00-04:00,302.31500244140625,270.79998779296875,342.3163146972656,588.719970703125,74.05999755859375,302.8399963378906,270.8299865722656,342.760009765625,589.22998046875,74.05999755859375,302.2867126464844,270.2850036621094,342.3163146972656,588.719970703125,73.94000244140625,302.8216857910156,270.2850036621094,342.3900146484375,589.125,73.97000122070312,219469,93648,33208,24174,48319
2026-08-12 10:13:00-04:00,302.6700134277344,270.69000244140625,342.139892578125,587.7999877929688,74.01499938964844,302.6700134277344,270.92999267578125,342.3599853515625,588.7294921875,74.06800079345703,302.260009765625,270.5299987792969,341.8999938964844,587.6300048828125,73.97000122070312,302.29998779296875,270.79998779296875,342.3450012207031,588.719970703125,74.05999755859375,142086,91671,27748,49034,53516
2026-08-12 10:14:00-04:00,302.4750061035156,270.6499938964844,342.3299865722656,587.7249755859375,74.02999877929688,302.70880126953125,270.7699890136719,342.489990234375,588.5599975585938,74.06500244140625,302.3999938964844,270.5249938964844,342.114990234375,587.6300048828125,74.01000213623047,302.6600036621094,270.67999267578125,342.114990234375,587.844970703125,74.0199966430664,84723,36433,30492,33695,35922
2026-08-12 10:15:00-04:00,302.61920166015625,270.489990234375,342.0456848144531,587.6400146484375,74.07499694824219,302.7090148925781,270.6199951171875,342.389892578125,587.6699829101562,74.08499908447266,302.4100036621094,270.4200134277344,342.0,586.4650268554688,74.0199966430664,302.4750061035156,270.6050109863281,342.3349914550781,587.6599731445312,74.03500366210938,89385,106202,30538,77219,36315
2026-08-12 10:16:00-04:00,302.39691162109375,270.6000061035156,341.7699890136719,587.1749877929688,74.03500366210938,302.67498779296875,270.7099914550781,342.0150146484375,587.74951171875,74.08989715576172,302.3800048828125,270.4700012207031,341.7699890136719,586.9000244140625,74.0250015258789,302.6000061035156,270.4949951171875,342.0150146484375,587.419677734375,74.07499694824219,76971,58715,22224,40073,54360
2026-08-12 10:17:00-04:00,302.3699951171875,270.79998779296875,341.8599853515625,587.7650146484375,73.95500183105469,302.4700012207031,270.79998779296875,341.8599853515625,587.8800048828125,74.03500366210938,302.32000732421875,270.5,341.53009033203125,586.9000854492188,73.93499755859375,302.385009765625,270.6199951171875,341.7699890136719,587.280029296875,74.03500366210938,77056,52161,20890,34500,35894
2026-08-12 10:18:00-04:00,302.6046142578125,270.6860046386719,341.7650146484375,587.3800048828125,73.9999008178711,302.6400146484375,270.82000732421875,341.95001220703125,587.8200073242188,74.0,302.340087890625,270.5899963378906,341.73699951171875,587.1599731445312,73.94499969482422,302.3800048828125,270.79998779296875,341.8699951171875,587.8200073242188,73.94999694824219,91328,56743,22624,26044,26828
2026-08-12 10:19:00-04:00,302.3349914550781,270.08758544921875,341.5,586.6599731445312,73.96499633789062,302.6914978027344,270.7008056640625,341.7250061035156,587.447021484375,73.99949645996094,302.3299865722656,270.04998779296875,341.5,586.4400024414062,73.94999694824219,302.6199951171875,270.69500732421875,341.7250061035156,587.3800048828125,73.99600219726562,62075,85930,26998,41694,22494
2026-08-12 10:20:00-04:00,302.44500732421875,270.04998779296875,341.42999267578125,586.385009765625,73.94999694824219,302.5299987792969,270.1000061035156,341.654296875,586.8198852539062,73.98500061035156,302.29998779296875,269.9100036621094,341.3299865722656,586.1160278320312,73.93000030517578,302.3399963378906,270.07000732421875,341.5249938964844,586.8198852539062,73.95999908447266,130235,125563,40169,41983,44521
2026-08-12 10:21:00-04:00,302.4700012207031,269.92999267578125,341.6000061035156,586.5458984375,73.9000015258789,302.54998779296875,270.04998779296875,341.6600036621094,586.72998046875,73.9801025390625,302.3399963378906,269.7699890136719,341.239990234375,586.239990234375,73.9000015258789,302.45001220703125,270.04998779296875,341.4100036621094,586.385009765625,73.94999694824219,76377,56045,35993,39960,45696
2026-08-12 10:22:00-04:00,302.5899963378906,269.82501220703125,341.44000244140625,586.7750244140625,73.96499633789062,302.6700134277344,269.94000244140625,341.7200012207031,587.3800048828125,73.97200012207031,302.3500061035156,269.7709045410156,341.4100036621094,586.3049926757812,73.88999938964844,302.45001220703125,269.8800048828125,341.6600036621094,586.5,73.90499877929688,73303,55204,22778,31268,38275
2026-08-12 10:23:00-04:00,302.6820068359375,269.9599914550781,341.7250061035156,587.4400024414062,74.0,302.6820068359375,269.989990234375,341.7300109863281,587.5850219726562,74.01000213623047,302.510009765625,269.7799987792969,341.44000244140625,586.7000122070312,73.93499755859375,302.5899963378906,269.82501220703125,341.45001220703125,586.8099975585938,73.95999908447266,54346,58403,39032,24072,37798
2026-08-12 10:24:00-04:00,302.6300048828125,269.885009765625,341.8399963378906,588.0,73.9800033569336,302.79998779296875,270.0439147949219,341.85809326171875,588.0601806640625,74.01000213623047,302.55999755859375,269.82000732421875,341.6449890136719,587.3300170898438,73.95999908447266,302.6820068359375,269.94000244140625,341.7699890136719,587.5,74.00499725341797,79669,52693,20152,32085,29839
2026-08-12 10:25:00-04:00,302.7077941894531,269.7149963378906,341.9700012207031,587.5126953125,73.96499633789062,302.75,269.9200134277344,342.0199890136719,588.0,73.9761962890625,302.5982971191406,269.7149963378906,341.7850036621094,587.35498046875,73.91500091552734,302.60211181640625,269.8699951171875,341.8599853515625,587.97998046875,73.9749984741211,54170,66444,27129,21646,61037
2026-08-12 10:26:00-04:00,302.6400146484375,269.9599914550781,341.9649963378906,587.5999755859375,74.0,302.7900085449219,270.0,342.2499084472656,587.760009765625,74.03510284423828,302.6300048828125,269.74749755859375,341.8500061035156,587.3499755859375,73.95099639892578,302.7398986816406,269.74798583984375,341.95001220703125,587.5599975585938,73.96499633789062,53928,73441,25533,13796,49109
2026-08-12 10:27:00-04:00,302.67498779296875,270.09979248046875,341.93951416015625,588.239990234375,73.94000244140625,302.7300109863281,270.1300048828125,342.0799865722656,588.4199829101562,74.0,302.6199951171875,269.8764953613281,341.8299865722656,587.5599975585938,73.93000030517578,302.6600036621094,269.92999267578125,341.9750061035156,587.7000122070312,73.98999786376953,31363,56828,16665,26348,30767
2026-08-12 10:28:00-04:00,302.44989013671875,269.81500244140625,341.80999755859375,588.030029296875,73.83000183105469,302.69989013671875,270.114990234375,341.968994140625,588.3900146484375,73.93000030517578,302.42498779296875,269.7950134277344,341.7099914550781,587.8599853515625,73.83000183105469,302.6700134277344,270.04998779296875,341.9195861816406,588.3900146484375,73.93000030517578,66733,48018,30012,17572,28622
2026-08-12 10:29:00-04:00,302.3450012207031,269.8399963378906,341.7499084472656,587.6099853515625,73.86199951171875,302.510009765625,269.8900146484375,341.9800109863281,588.239990234375,73.87000274658203,302.30999755859375,269.6199951171875,341.6600036621094,587.4140014648438,73.82499694824219,302.45001220703125,269.79998779296875,341.82000732421875,588.0380249023438,73.8479995727539,62587,75758,24711,26937,56124
2026-08-12 10:30:00-04:00,302.6600036621094,269.79998779296875,341.9800109863281,587.4400024414062,73.91999816894531,302.70001220703125,270.08209228515625,341.9800109863281,587.9000244140625,73.93499755859375,302.30999755859375,269.760009765625,341.5899963378906,587.1801147460938,73.86000061035156,302.3599853515625,269.760009765625,341.6400146484375,587.6699829101562,73.86000061035156,89139,48771,320372,23373,26795
2026-08-12 10:31:00-04:00,302.7149963378906,269.7300109863281,341.5827941894531,587.1599731445312,73.88500213623047,302.8599853515625,270.0199890136719,342.0350036621094,587.52001953125,73.93000030517578,302.32000732421875,269.29998779296875,341.25,586.25,73.83999633789062,302.6401062011719,269.7850036621094,341.94500732421875,587.4310302734375,73.91510009765625,198631,180967,84779,47675,94524
2026-08-12 10:32:00-04:00,302.4800109863281,269.5249938964844,341.92999267578125,586.5999755859375,73.83499908447266,302.70001220703125,269.82989501953125,342.05999755859375,587.419921875,73.8998031616211,302.4800109863281,269.5,341.6199951171875,586.5999755859375,73.83499908447266,302.70001220703125,269.7250061035156,341.6400146484375,587.260009765625,73.8949966430664,56280,39596,32769,16889,37228
2026-08-12 10:33:00-04:00,302.75,269.43499755859375,341.8500061035156,586.2760009765625,73.81500244140625,302.75,269.7200012207031,342.1484069824219,586.6950073242188,73.86000061035156,302.42999267578125,269.4200134277344,341.7300109863281,585.7999877929688,73.75499725341797,302.489990234375,269.5400085449219,342.0295104980469,586.6199951171875,73.83999633789062,47267,53650,25985,59310,107523
2026-08-12 10:34:00-04:00,302.67498779296875,269.2049865722656,341.93609619140625,585.6494140625,73.80000305175781,302.7983093261719,269.4649963378906,341.94989013671875,586.2340087890625,73.82019805908203,302.6000061035156,269.05499267578125,341.7300109863281,585.25,73.76000213623047,302.75,269.44500732421875,341.83990478515625,586.1799926757812,73.81500244140625,67633,94973,17834,43445,29819
2026-08-12 10:35:00-04:00,302.635009765625,269.3297119140625,342.20001220703125,585.7639770507812,73.81999969482422,302.7049865722656,269.3297119140625,342.2300109863281,585.8900146484375,73.83989715576172,302.53009033203125,269.010009765625,341.82501220703125,584.6699829101562,73.76000213623047,302.6650085449219,269.20989990234375,341.8900146484375,585.489990234375,73.77999877929688,54278,111875,27521,84551,36007
2026-08-12 10:36:00-04:00,302.7300109863281,269.45001220703125,342.18011474609375,585.75,73.86499786376953,302.7900085449219,269.4999084472656,342.29400634765625,585.9099731445312,73.87000274658203,302.56500244140625,269.1050109863281,341.8999938964844,585.0900268554688,73.79499816894531,302.62310791015625,269.2950134277344,342.20001220703125,585.7000122070312,73.82499694824219,58537,80072,30657,29357,35617
2026-08-12 10:37:00-04:00,302.92498779296875,269.4374084472656,342.55999755859375,586.1749877929688,73.875,302.95001220703125,269.7049865722656,342.65069580078125,586.3099975585938,73.8761978149414,302.7300109863281,269.3999938964844,342.1700134277344,585.530029296875,73.83200073242188,302.7300109863281,269.43499755859375,342.2099914550781,585.75,73.87000274658203,85131,70036,39320,20482,14309
2026-08-12 10:38:00-04:00,302.739990234375,269.44000244140625,342.6000061035156,585.719970703125,73.83000183105469,302.95001220703125,269.4599914550781,342.6499938964844,586.1699829101562,73.87000274658203,302.7099914550781,269.2601013183594,342.3699951171875,585.5531005859375,73.80059814453125,302.9100036621094,269.3999938964844,342.4800109863281,586.1699829101562,73.87000274658203,80399,77953,24040,21594,57282
2026-08-12 10:39:00-04:00,302.69000244140625,269.4150085449219,342.69000244140625,585.8200073242188,73.87030029296875,302.75,269.4599914550781,342.8999938964844,586.1298828125,73.8949966430664,302.6099853515625,269.29998779296875,342.5293884277344,585.47998046875,73.82279968261719,302.75,269.4200134277344,342.5852966308594,585.5999755859375,73.83499908447266,48408,38737,47541,26797,32746
2026-08-12 10:40:00-04:00,302.635009765625,269.4200134277344,342.5712890625,585.4949951171875,73.84500122070312,302.739990234375,269.45001220703125,342.68499755859375,585.9699096679688,73.88990020751953,302.5799865722656,269.3299865722656,342.4303894042969,585.28369140625,73.83999633789062,302.69500732421875,269.3999938964844,342.68499755859375,585.8900146484375,73.87000274658203,72809,187207,21305,26697,26013
2026-08-12 10:41:00-04:00,302.66351318359375,269.30499267578125,342.1099853515625,585.47998046875,73.83000183105469,302.69000244140625,269.4700012207031,342.5799865722656,585.8198852539062,73.875,302.5799865722656,269.1400146484375,342.0899963378906,585.3099975585938,73.80999755859375,302.6199951171875,269.44000244140625,342.5799865722656,585.4949951171875,73.8499984741211,55552,50683,29093,21442,23482
2026-08-12 10:42:00-04:00,302.6400146484375,269.30999755859375,341.8999938964844,585.1799926757812,73.84989929199219,302.75,269.3550109863281,342.12249755859375,585.49951171875,73.87999725341797,302.5899963378906,269.1300048828125,341.8999938964844,584.905029296875,73.80999755859375,302.6700134277344,269.33990478515625,342.12249755859375,585.489990234375,73.83000183105469,62385,46888,31913,29070,82015
2026-08-12 10:43:00-04:00,302.69000244140625,269.510009765625,342.19000244140625,586.1799926757812,73.86000061035156,302.7200927734375,269.54998779296875,342.20001220703125,586.2294921875,73.87000274658203,302.6072998046875,269.29998779296875,341.93011474609375,585.1199951171875,73.84500122070312,302.625,269.30999755859375,341.9800109863281,585.1199951171875,73.84500122070312,46026,39233,14905,23645,22535
2026-08-12 10:44:00-04:00,302.94000244140625,269.5849914550781,342.04998779296875,586.1500244140625,73.8550033569336,302.94000244140625,269.5899963378906,342.30999755859375,586.27001953125,73.87000274658203,302.68231201171875,269.3800048828125,342.0,585.9249877929688,73.83499908447266,302.69000244140625,269.5293884277344,342.17041015625,586.1799926757812,73.8550033569336,86861,55512,23314,23867,19008
2026-08-12 10:45:00-04:00,302.9100036621094,269.5299987792969,341.7250061035156,585.4600219726562,73.83000183105469,302.9794921875,269.5799865722656,342.1449890136719,586.239990234375,73.8550033569336,302.856689453125,269.4501037597656,341.70001220703125,585.4099731445312,73.83000183105469,302.94000244140625,269.5263977050781,342.07000732421875,586.1724853515625,73.85009765625,74802,42380,27883,19497,19861
2026-08-12 10:46:00-04:00,303.0,269.67498779296875,341.6099853515625,585.5,73.79060363769531,303.0299987792969,269.82000732421875,341.7829895019531,585.7999877929688,73.83999633789062,302.8900146484375,269.5150146484375,341.5899963378906,585.4099731445312,73.79000091552734,302.8999938964844,269.5150146484375,341.7250061035156,585.4600219726562,73.83000183105469,84229,61744,29378,16511,59387
2026-08-12 10:47:00-04:00,302.70001220703125,269.3399963378906,341.4599914550781,585.0869140625,73.74579620361328,303.0,269.69500732421875,341.7799987792969,585.5,73.79820251464844,302.70001220703125,269.3269958496094,341.4281921386719,584.5499877929688,73.71499633789062,302.9800109863281,269.68499755859375,341.5799865722656,585.5,73.7979965209961,73803,45191,35164,57152,53521
2026-08-12 10:48:00-04:00,302.70001220703125,269.2099914550781,341.44000244140625,584.6799926757812,73.75,302.78289794921875,269.3500061035156,341.5150146484375,584.9600219726562,73.7699966430664,302.6499938964844,269.1900939941406,341.25,584.6610107421875,73.7300033569336,302.702392578125,269.32501220703125,341.4700012207031,584.9199829101562,73.75,54154,44168,27548,27643,45788
2026-08-12 10:49:00-04:00,302.4049987792969,269.125,341.610107421875,584.8065185546875,73.78500366210938,302.7799987792969,269.2900085449219,341.70001220703125,584.9099731445312,73.78829956054688,302.3800048828125,269.0899963378906,341.3800048828125,584.4199829101562,73.7300033569336,302.69500732421875,269.19000244140625,341.4599914550781,584.5999755859375,73.74500274658203,94857,73536,33918,15579,24138
2026-08-12 10:50:00-04:00,302.1600036621094,269.0600891113281,341.260009765625,584.36767578125,73.77999877929688,302.3999938964844,269.17498779296875,341.639892578125,584.8300170898438,73.81999969482422,302.05999755859375,269.0,341.1700134277344,584.0900268554688,73.77010345458984,302.3900146484375,269.1199951171875,341.625,584.780029296875,73.78500366210938,149225,157791,41990,28676,29508
2026-08-12 10:51:00-04:00,302.34991455078125,269.5380859375,341.3800048828125,585.1696166992188,73.83499908447266,302.41009521484375,269.55999755859375,341.4800109863281,585.22998046875,73.83999633789062,302.1300048828125,269.04998779296875,341.239990234375,584.3099975585938,73.7750015258789,302.1499938964844,269.0799865722656,341.2401123046875,584.3099975585938,73.77880096435547,66261,52793,29848,44398,16981
2026-08-12 10:52:00-04:00,302.2850036621094,269.1300964355469,341.4049987792969,585.1900024414062,73.86000061035156,302.3999938964844,269.57000732421875,341.5299072265625,585.388427734375,73.88500213623047,302.25,269.0899963378906,341.3500061035156,585.0604858398438,73.84500122070312,302.3349914550781,269.5400085449219,341.4150085449219,585.135009765625,73.84500122070312,61161,69677,44438,19605,24486
2026-08-12 10:53:00-04:00,302.44000244140625,269.3900146484375,341.74951171875,585.3424072265625,73.8761978149414,302.44000244140625,269.3900146484375,341.7900085449219,585.3499755859375,73.9000015258789,302.2699890136719,269.1000061035156,341.25,585.010009765625,73.8550033569336,302.29998779296875,269.1300048828125,341.42999267578125,585.30810546875,73.86000061035156,85576,122586,84842,20346,27039
2026-08-12 10:54:00-04:00,302.79998779296875,269.4049987792969,341.5,585.169921875,73.90879821777344,302.8399963378906,269.55999755859375,341.9800109863281,585.52001953125,73.94000244140625,302.44000244140625,269.2950134277344,341.375,584.9400024414062,73.875,302.44000244140625,269.45001220703125,341.79998779296875,585.3800048828125,73.87999725341797,102198,110642,82158,26933,26644
2026-08-12 10:55:00-04:00,302.7699890136719,268.54998779296875,341.3949890136719,585.0050048828125,73.91000366210938,302.8999938964844,269.4100036621094,341.6000061035156,585.3300170898438,73.94380187988281,302.5,268.3500061035156,341.3800048828125,584.75,73.8738021850586,302.78009033203125,269.3800048828125,341.5,585.1898803710938,73.90979766845703,129008,275898,20935,24564,39416
2026-08-12 10:56:00-04:00,303.0050048828125,268.6549987792969,341.7250061035156,585.3499755859375,73.88999938964844,303.05999755859375,268.9599914550781,342.0,585.7000122070312,73.91510009765625,302.80999755859375,268.56048583984375,341.3949890136719,585.0999755859375,73.88999938964844,302.80999755859375,268.5849914550781,341.3949890136719,585.0999755859375,73.90499877929688,108448,200213,35649,17279,21723
2026-08-12 10:57:00-04:00,302.9800109863281,269.0050048828125,341.8999938964844,585.2550048828125,73.8550033569336,303.19000244140625,269.0799865722656,342.04998779296875,585.5599975585938,73.90499877929688,302.8500061035156,268.7286071777344,341.6700134277344,585.25,73.8499984741211,302.989990234375,268.7300109863281,341.7250061035156,585.3132934570312,73.89630126953125,168429,96971,39409,16037,38529
2026-08-12 10:58:00-04:00,302.5899963378906,269.0849914550781,341.659912109375,585.1901245117188,73.85009765625,303.0350036621094,269.2200012207031,341.87939453125,585.3400268554688,73.86000061035156,302.5899963378906,269.010009765625,341.54998779296875,585.1099853515625,73.83999633789062,302.9949951171875,269.0299987792969,341.87939453125,585.3200073242188,73.86000061035156,85880,50534,15956,16233,17259
2026-08-12 10:59:00-04:00,302.42999267578125,269.21051025390625,341.8299865722656,585.8350219726562,73.8550033569336,302.7200012207031,269.3500061035156,341.9200134277344,585.8900146484375,73.87629699707031,302.4100036621094,269.07501220703125,341.5600891113281,585.1900024414062,73.83999633789062,302.5799865722656,269.07501220703125,341.6099853515625,585.1900024414062,73.8550033569336,54640,47330,14199,23964,36808
2026-08-12 11:00:00-04:00,302.3550109863281,269.1711120605469,342.375,586.3499755859375,73.82499694824219,302.4599914550781,269.2799987792969,342.3999938964844,586.489990234375,73.875,302.30999755859375,269.0799865722656,341.79010009765625,585.780029296875,73.82499694824219,302.42999267578125,269.2101135253906,341.8500061035156,585.8499755859375,73.85079956054688,62085,56192,38308,29187,24095
2026-08-12 11:01:00-04:00,302.7200012207031,269.17999267578125,341.864990234375,586.1688232421875,73.81999969482422,302.7699890136719,269.2857971191406,342.489990234375,586.7000122070312,73.83999633789062,302.30999755859375,269.1099853515625,341.864990234375,585.9000244140625,73.80999755859375,302.3550109863281,269.1600036621094,342.3900146484375,586.3499755859375,73.83000183105469,83358,35897,32606,40106,20374
2026-08-12 11:02:00-04:00,302.6499938964844,269.260009765625,341.5199890136719,586.4099731445312,73.7750015258789,302.8299865722656,269.29998779296875,341.8599853515625,586.47998046875,73.81500244140625,302.6400146484375,269.04998779296875,341.44000244140625,585.9000244140625,73.7699966430664,302.7099914550781,269.19000244140625,341.80999755859375,586.1400146484375,73.80999755859375,42657,48473,38927,23961,23275
2026-08-12 11:03:00-04:00,302.6000061035156,269.2300109863281,341.3500061035156,586.3099975585938,73.75,302.67999267578125,269.2950134277344,341.55999755859375,586.5399780273438,73.80000305175781,302.57000732421875,269.1199951171875,341.29998779296875,586.0731811523438,73.75,302.6700134277344,269.2799987792969,341.55999755859375,586.4199829101562,73.7750015258789,36967,55740,48615,31399,24516
2026-08-12 11:04:00-04:00,302.2300109863281,269.1549987792969,341.44500732421875,586.0181274414062,73.70980072021484,302.6499938964844,269.260009765625,341.6499938964844,586.489990234375,73.77999877929688,302.2200012207031,269.0849914550781,341.29998779296875,585.7999877929688,73.69999694824219,302.614990234375,269.260009765625,341.4100036621094,586.2949829101562,73.76000213623047,63224,71638,45461,35288,51528
2026-08-12 11:05:00-04:00,302.29998779296875,269.06500244140625,341.4100036621094,585.4600219726562,73.68499755859375,302.4100036621094,269.1600036621094,341.4800109863281,585.8400268554688,73.70999908447266,302.20001220703125,268.989990234375,341.30999755859375,585.25,73.66999816894531,302.2200012207031,269.1449890136719,341.4800109863281,585.7999877929688,73.69999694824219,46764,40202,90973,45566,47204
2026-08-12 11:06:00-04:00,302.3800048828125,269.19000244140625,341.1094970703125,585.3049926757812,73.67009735107422,302.4800109863281,269.2200012207031,341.42999267578125,585.6370239257812,73.72000122070312,302.2799987792969,268.94000244140625,341.02099609375,585.0,73.66999816894531,302.30999755859375,269.0299987792969,341.42999267578125,585.5499877929688,73.68499755859375,61827,54719,38895,33419,32737
2026-08-12 11:07:00-04:00,302.32501220703125,268.8800048828125,340.6600036621094,585.7999877929688,73.75,302.3900146484375,269.18499755859375,341.04998779296875,585.8800048828125,73.76000213623047,302.239990234375,268.7229919433594,340.45001220703125,585.1986083984375,73.66000366210938,302.38031005859375,269.1499938964844,341.0299987792969,585.3699951171875,73.66999816894531,61947,64080,108052,20773,70480
2026-08-12 11:08:00-04:00,302.260009765625,269.2449951171875,340.6099853515625,586.0650024414062,73.77010345458984,302.3800048828125,269.28009033203125,340.7099914550781,586.1925048828125,73.77999877929688,302.2322998046875,268.8700866699219,340.4700012207031,585.8049926757812,73.7300033569336,302.32501220703125,268.9198913574219,340.6600036621094,585.8400268554688,73.74500274658203,56330,37482,34099,14536,23256
2026-08-12 11:09:00-04:00,302.3334045410156,269.2099914550781,341.0094909667969,585.5700073242188,73.76499938964844,302.3699951171875,269.3699951171875,341.04998779296875,586.3048706054688,73.80000305175781,302.2300109863281,269.07000732421875,340.6300048828125,585.510009765625,73.76000213623047,302.2550048828125,269.2449951171875,340.6400146484375,585.9400024414062,73.7699966430664,66105,63862,22877,26992,34682
2026-08-12 11:10:00-04:00,302.1199951171875,269.1300048828125,340.94000244140625,585.3400268554688,73.7249984741211,302.3399963378906,269.2300109863281,341.25,585.7000122070312,73.7699966430664,302.1199951171875,269.1000061035156,340.82000732421875,585.3400268554688,73.72000122070312,302.3398132324219,269.2099914550781,340.9599914550781,585.635009765625,73.76000213623047,57468,29547,41671,31767,27470
2026-08-12 11:11:00-04:00,302.0,269.1499938964844,340.8299865722656,585.4949951171875,73.66999816894531,302.2300109863281,269.2300109863281,340.9750061035156,585.6099853515625,73.73500061035156,301.8999938964844,269.090087890625,340.82000732421875,585.3300170898438,73.66999816894531,302.1260070800781,269.14910888671875,340.9750061035156,585.3400268554688,73.7249984741211,201326,30342,17704,10745,38410
2026-08-12 11:12:00-04:00,302.0150146484375,269.1199951171875,340.875,585.6588134765625,73.6500015258789,302.1199951171875,269.19000244140625,340.8999938964844,585.77001953125,73.66500091552734,301.9801025390625,269.0249938964844,340.70001220703125,585.1599731445312,73.5999984741211,301.9960021972656,269.1700134277344,340.83660888671875,585.4349975585938,73.66500091552734,61649,47929,35982,13504,61627
2026-08-12 11:13:00-04:00,301.9200134277344,269.3500061035156,341.0150146484375,585.7150268554688,73.67259979248047,302.0398864746094,269.3800048828125,341.0400085449219,585.8599853515625,73.67259979248047,301.9010009765625,269.135009765625,340.8599853515625,585.4401245117188,73.6500015258789,302.0249938964844,269.135009765625,340.8599853515625,585.6799926757812,73.6500015258789,49228,71104,16966,36115,42068
2026-08-12 11:14:00-04:00,301.7149963378906,269.1449890136719,341.0150146484375,585.8099975585938,73.7301025390625,301.9200134277344,269.3682861328125,341.1600036621094,585.8900146484375,73.74500274658203,301.57000732421875,269.1400146484375,340.95001220703125,585.5999755859375,73.6500015258789,301.9200134277344,269.3399963378906,341.0127868652344,585.7999877929688,73.67500305175781,123945,37368,19386,20300,42830
2026-08-12 11:15:00-04:00,301.59991455078125,269.0400085449219,341.1000061035156,585.5,73.73200225830078,301.74468994140625,269.2550048828125,341.20989990234375,585.8099975585938,73.7699966430664,301.54998779296875,269.0299987792969,340.989990234375,585.4398803710938,73.7300033569336,301.6820068359375,269.1499938964844,340.989990234375,585.7523193359375,73.73999786376953,99463,29028,12720,16933,25140
2026-08-12 11:16:00-04:00,301.5299987792969,269.1000061035156,341.2049865722656,585.5399780273438,73.76499938964844,301.7099914550781,269.1400146484375,341.260009765625,585.72802734375,73.7750015258789,301.510009765625,269.04998779296875,341.05999755859375,585.4450073242188,73.72000122070312,301.57501220703125,269.0799865722656,341.0849914550781,585.510009765625,73.73500061035156,79790,43444,15964,15872,40857
2026-08-12 11:17:00-04:00,301.5400085449219,269.125,341.2179870605469,586.0599975585938,73.75,301.6600036621094,269.17999267578125,341.45001220703125,586.1099853515625,73.76940155029297,301.4700012207031,269.07000732421875,341.1700134277344,585.5897216796875,73.7300033569336,301.5249938964844,269.1000061035156,341.2349853515625,585.625,73.76940155029297,108004,20366,20570,15408,46723
2026-08-12 11:18:00-04:00,301.4800109863281,269.0174865722656,341.1600036621094,585.4099731445312,73.7249984741211,301.57989501953125,269.17498779296875,341.30999755859375,586.2000122070312,73.74500274658203,301.4649963378906,268.989990234375,341.1400146484375,585.4099731445312,73.70999908447266,301.55499267578125,269.125,341.20001220703125,586.0599975585938,73.74500274658203,54621,41967,20649,27456,47464
2026-08-12 11:19:00-04:00,301.647705078125,268.9599914550781,341.0722961425781,585.6599731445312,73.77010345458984,301.67999267578125,269.0150146484375,341.2200012207031,585.77001953125,73.77010345458984,301.4700012207031,268.8999938964844,341.0299987792969,585.3099975585938,73.70999908447266,301.4800109863281,269.0150146484375,341.1549987792969,585.4749755859375,73.7249984741211,92407,27736,13762,23323,34637
2026-08-12 11:20:00-04:00,301.42498779296875,268.94000244140625,341.05999755859375,585.760009765625,73.78500366210938,301.6499938964844,269.0299987792969,341.139404296875,585.8800048828125,73.83000183105469,301.3699951171875,268.92999267578125,341.0199890136719,585.5883178710938,73.75499725341797,301.64910888671875,268.9800109863281,341.07958984375,585.7899780273438,73.76000213623047,94752,32779,16058,15301,49267
2026-08-12 11:21:00-04:00,301.3794860839844,269.0150146484375,341.0801086425781,585.4500122070312,73.77999877929688,301.5,269.0400085449219,341.1700134277344,585.594970703125,73.80000305175781,301.3299865722656,268.8335876464844,340.989990234375,585.2000122070312,73.7750015258789,301.42498779296875,268.95001220703125,341.0452880859375,585.5499877929688,73.79000091552734,83457,37936,14675,19794,31943
2026-08-12 11:22:00-04:00,301.2550048828125,268.8800048828125,341.1000061035156,584.9249877929688,73.8198013305664,301.44000244140625,269.0199890136719,341.1698913574219,585.6099853515625,73.81999969482422,301.20001220703125,268.8299865722656,341.0044860839844,584.892578125,73.79000091552734,301.375,269.0,341.07000732421875,585.4500122070312,73.79000091552734,94420,49376,17747,37134,28000
2026-08-12 11:23:00-04:00,301.1499938964844,268.840087890625,340.8949890136719,584.4500122070312,73.81500244140625,301.32000732421875,268.8971862792969,341.135009765625,584.981689453125,73.8197021484375,301.1499938964844,268.78009033203125,340.875,584.4000244140625,73.79000091552734,301.2742004394531,268.8869934082031,341.135009765625,584.981689453125,73.81500244140625,104917,29158,15708,38382,23485
2026-08-12 11:24:00-04:00,301.0409851074219,268.7950134277344,340.94500732421875,584.280029296875,73.83999633789062,301.19000244140625,268.9002990722656,341.0398864746094,584.619873046875,73.86000061035156,301.0400085449219,268.7799987792969,340.885498046875,584.280029296875,73.81500244140625,301.1600036621094,268.8349914550781,340.8949890136719,584.5,73.81500244140625,91601,48445,14359,32805,36213
2026-08-12 11:25:00-04:00,301.2250061035156,268.81500244140625,340.92999267578125,583.9949951171875,73.80999755859375,301.29998779296875,268.8999938964844,340.9700012207031,584.3499145507812,73.83999633789062,301.0299987792969,268.75,340.8800048828125,583.8099975585938,73.80999755859375,301.0400085449219,268.7950134277344,340.94000244140625,584.344970703125,73.83000183105469,110451,32146,12502,62904,30646
2026-08-12 11:26:00-04:00,301.1400146484375,268.6600036621094,340.9800109863281,584.0599975585938,73.80500030517578,301.239990234375,268.82501220703125,340.9800109863281,584.2598876953125,73.80999755859375,301.1000061035156,268.6401062011719,340.79998779296875,583.6500244140625,73.7750015258789,301.2250061035156,268.81500244140625,340.8399963378906,583.9949951171875,73.80989837646484,58382,35722,16875,57885,43619
2026-08-12 11:27:00-04:00,301.17999267578125,268.7099914550781,341.1099853515625,583.75,73.7699966430664,301.2300109863281,268.78399658203125,341.2300109863281,584.25,73.80989837646484,301.07000732421875,268.6401062011719,340.93499755859375,583.6400146484375,73.7699966430664,301.1449890136719,268.68499755859375,340.9750061035156,584.2098999023438,73.80500030517578,75517,41862,28915,19121,52212
2026-08-12 11:28:00-04:00,301.12579345703125,268.79010009765625,341.2124938964844,584.219970703125,73.7699966430664,301.25,268.82501220703125,341.2179870605469,584.27001953125,73.77999877929688,301.04998779296875,268.7149963378906,340.9849853515625,583.530029296875,73.76000213623047,301.1700134277344,268.75,341.1499938964844,583.8599853515625,73.76499938964844,80014,25278,16112,26913,32104
2026-08-12 11:29:00-04:00,301.0799865722656,268.8800048828125,341.1499938964844,584.3200073242188,73.77999877929688,301.1600036621094,268.9100036621094,341.25,584.3200073242188,73.77999877929688,301.07000732421875,268.7250061035156,341.1099853515625,584.0,73.76000213623047,301.1400146484375,268.8299865722656,341.25,584.219970703125,73.77999877929688,44312,23196,9575,22659,12536
2026-08-12 11:30:00-04:00,300.8800048828125,268.7925109863281,341.1499938964844,583.9199829101562,73.7249984741211,301.1000061035156,268.94000244140625,341.2232971191406,584.2899780273438,73.77999877929688,300.8800048828125,268.7799987792969,341.1000061035156,583.6300048828125,73.7249984741211,301.08990478515625,268.8900146484375,341.1400146484375,584.0809936523438,73.7750015258789,205734,27615,11358,23132,30903
2026-08-12 11:31:00-04:00,300.8699951171875,268.68499755859375,340.9176025390625,583.4000244140625,73.68000030517578,300.92999267578125,268.79998779296875,341.1600036621094,583.9400024414062,73.7300033569336,300.75,268.6600036621094,340.8699951171875,583.3800048828125,73.66999816894531,300.8999938964844,268.7799987792969,341.1600036621094,583.906005859375,73.72119903564453,116222,65972,20052,26692,53700
2026-08-12 11:32:00-04:00,300.614990234375,268.489990234375,340.9100036621094,583.469970703125,73.6500015258789,300.8699951171875,268.760009765625,341.05999755859375,583.760009765625,73.68990325927734,300.57000732421875,268.4200134277344,340.8500061035156,583.25,73.63999938964844,300.8699951171875,268.69000244140625,340.9024963378906,583.6300048828125,73.68000030517578,106655,77425,20744,27777,61923
2026-08-12 11:33:00-04:00,300.69000244140625,268.32501220703125,340.625,582.8101196289062,73.62000274658203,300.760009765625,268.5899963378906,340.989501953125,583.5800170898438,73.67500305175781,300.6099853515625,268.29998779296875,340.625,582.7999877929688,73.62000274658203,300.6099853515625,268.510009765625,340.8800048828125,583.3483276367188,73.64409637451172,84040,48529,23262,52543,29000
2026-08-12 11:34:00-04:00,300.9494934082031,268.6000061035156,340.739990234375,583.0900268554688,73.69390106201172,300.95001220703125,268.6099853515625,340.7799987792969,583.1900024414062,73.69390106201172,300.614990234375,268.2900085449219,340.6099853515625,582.7100830078125,73.625,300.6600036621094,268.31500244140625,340.6300048828125,582.8099975585938,73.62979888916016,77447,32513,15693,36044,32223
2026-08-12 11:35:00-04:00,301.135009765625,268.65509033203125,340.739990234375,582.4199829101562,73.71990203857422,301.2900085449219,268.6600036621094,340.8179016113281,583.239990234375,73.71990203857422,300.92999267578125,268.5350036621094,340.70001220703125,582.2999877929688,73.67500305175781,300.989990234375,268.5899963378906,340.7650146484375,583.0900268554688,73.68879699707031,87359,29123,12538,45051,27432
2026-08-12 11:36:00-04:00,301.2099914550781,268.70001220703125,340.822509765625,582.3499755859375,73.69999694824219,301.260009765625,268.75,340.8800048828125,582.5,73.72000122070312,301.0,268.5899963378906,340.7101135253906,581.8099975585938,73.69000244140625,301.1199951171875,268.6400146484375,340.7900085449219,582.4149780273438,73.71150207519531,75796,56013,19559,45261,23394
2026-08-12 11:37:00-04:00,301.0150146484375,268.7200012207031,340.80499267578125,582.4199829101562,73.68499755859375,301.2200012207031,268.7882995605469,340.94000244140625,582.7199096679688,73.7300033569336,301.0000915527344,268.635009765625,340.75,582.1500244140625,73.68499755859375,301.2095031738281,268.7001037597656,340.82000732421875,582.4249877929688,73.70010375976562,44756,30004,18692,45862,27951
2026-08-12 11:38:00-04:00,301.05999755859375,268.84991455078125,340.8450012207031,582.3900146484375,73.7125015258789,301.1300048828125,269.17498779296875,340.8900146484375,582.5499877929688,73.72989654541016,300.9601135253906,268.6650085449219,340.739990234375,582.1500244140625,73.68499755859375,301.010009765625,268.760009765625,340.7799987792969,582.4000244140625,73.68499755859375,62099,73318,14662,34033,16844
2026-08-12 11:39:00-04:00,300.9800109863281,268.7049865722656,340.8900146484375,581.9530029296875,73.69000244140625,301.07501220703125,268.8500061035156,341.09521484375,582.5499877929688,73.71990203857422,300.8800048828125,268.6700134277344,340.7900085449219,581.9500122070312,73.68080139160156,301.05999755859375,268.82501220703125,340.8100891113281,582.5,73.71499633789062,45395,35131,17983,34102,23359
2026-08-12 11:40:00-04:00,300.8900146484375,268.614990234375,340.94500732421875,581.7999877929688,73.69999694824219,301.0,268.7698974609375,341.07000732421875,581.9998779296875,73.70999908447266,300.8399963378906,268.614990234375,340.9049987792969,581.655029296875,73.68000030517578,300.989990234375,268.7049865722656,340.9049987792969,581.965087890625,73.68000030517578,54477,29414,8208,33479,17066
2026-08-12 11:41:00-04:00,300.92999267578125,268.7200012207031,341.1499938964844,582.4299926757812,73.69999694824219,301.02801513671875,268.7200012207031,341.1499938964844,582.4299926757812,73.70999908447266,300.8699951171875,268.60400390625,340.91510009765625,581.7000122070312,73.69999694824219,300.8900146484375,268.635009765625,340.95001220703125,581.7999877929688,73.70999908447266,60700,31461,10800,33548,15118
2026-08-12 11:42:00-04:00,300.80499267578125,268.69500732421875,341.1499938964844,582.9650268554688,73.70500183105469,300.989990234375,268.7965087890625,341.2699890136719,582.9949951171875,73.72000122070312,300.7699890136719,268.6499938964844,341.06500244140625,582.239990234375,73.69000244140625,300.95001220703125,268.75,341.1499938964844,582.3250122070312,73.70030212402344,53987,37687,10110,32228,27381
2026-08-12 11:43:00-04:00,300.82000732421875,268.8599853515625,341.5098876953125,582.9732055664062,73.79499816894531,300.95001220703125,268.8999938964844,341.5299072265625,583.0900268554688,73.80000305175781,300.7799987792969,268.67999267578125,341.17999267578125,582.8300170898438,73.70500183105469,300.8211975097656,268.69000244140625,341.17999267578125,582.9970092773438,73.70500183105469,62913,557591,15387,19619,26002
2026-08-12 11:44:00-04:00,300.8450012207031,268.6700134277344,341.2300109863281,582.7000122070312,73.77999877929688,300.92999267578125,268.9299011230469,341.5199890136719,583.1950073242188,73.80000305175781,300.80999755859375,268.6700134277344,341.2300109863281,582.7000122070312,73.76000213623047,300.8299865722656,268.8399963378906,341.4599914550781,582.9000244140625,73.80000305175781,47948,58732,21279,17711,14035
2026-08-12 11:45:00-04:00,300.7300109863281,268.57000732421875,341.20001220703125,582.6099853515625,73.81999969482422,300.8999938964844,268.7200012207031,341.3265075683594,582.8200073242188,73.82499694824219,300.67999267578125,268.5400085449219,341.20001220703125,582.52001953125,73.76499938964844,300.8299865722656,268.6499938964844,341.239990234375,582.7498779296875,73.77999877929688,76809,39267,19847,22460,16863
2026-08-12 11:46:00-04:00,300.82501220703125,268.5150146484375,341.19000244140625,582.64501953125,73.83999633789062,300.8599853515625,268.6000061035156,341.29638671875,582.7999877929688,73.8499984741211,300.7099914550781,268.4551086425781,341.1050109863281,582.5,73.80999755859375,300.7300109863281,268.57000732421875,341.1199951171875,582.5999755859375,73.81500244140625,45669,55898,11376,20144,27893
2026-08-12 11:47:00-04:00,300.8500061035156,268.69000244140625,341.1199951171875,583.030029296875,73.8364028930664,300.9100036621094,268.69989013671875,341.3500061035156,583.0894775390625,73.87000274658203,300.79998779296875,268.489990234375,341.0299987792969,582.6099853515625,73.83000183105469,300.8299865722656,268.5400085449219,341.20001220703125,582.6900024414062,73.84239959716797,49870,82296,22659,27969,17935
2026-08-12 11:48:00-04:00,300.8399963378906,268.4700012207031,340.8299865722656,582.2849731445312,73.83499908447266,300.9042053222656,268.67999267578125,341.1300048828125,583.0449829101562,73.84880065917969,300.82000732421875,268.42999267578125,340.82000732421875,582.1300048828125,73.82499694824219,300.8576965332031,268.67999267578125,341.1300048828125,583.0449829101562,73.83999633789062,33091,47236,17944,25462,16490
2026-08-12 11:49:00-04:00,300.9649963378906,268.5050048828125,341.0950012207031,582.4099731445312,73.84500122070312,300.989990234375,268.5801086425781,341.0950012207031,582.5,73.8499984741211,300.8299865722656,268.42999267578125,340.82000732421875,582.1859741210938,73.79499816894531,300.8399963378906,268.4800109863281,340.8551025390625,582.22998046875,73.83999633789062,55838,40412,11951,22744,85961
2026-08-12 11:50:00-04:00,300.8900146484375,268.29998779296875,341.0199890136719,582.260009765625,73.78500366210938,301.0899963378906,268.5150146484375,341.1700134277344,582.5798950195312,73.8550033569336,300.82000732421875,268.2099914550781,340.9200134277344,582.1300048828125,73.78500366210938,300.9800109863281,268.5150146484375,341.1499938964844,582.47998046875,73.8499984741211,62709,53471,18121,24733,37179
2026-08-12 11:51:00-04:00,300.67999267578125,268.3800048828125,340.8999938964844,582.52001953125,73.78009796142578,300.8999938964844,268.4128112792969,341.0386047363281,582.5499877929688,73.7958984375,300.67999267578125,268.2322998046875,340.82000732421875,582.219970703125,73.75,300.89581298828125,268.2974853515625,341.0199890136719,582.35498046875,73.79499816894531,53107,73065,13481,17527,23425
2026-08-12 11:52:00-04:00,300.7449951171875,268.3699951171875,340.94000244140625,582.010009765625,73.7750015258789,300.7799987792969,268.3800048828125,340.9700012207031,582.469970703125,73.7874984741211,300.6199951171875,268.2300109863281,340.739990234375,581.9299926757812,73.75,300.67999267578125,268.3550109863281,340.885009765625,582.469970703125,73.78500366210938,49124,50059,17107,33824,34332
2026-08-12 11:53:00-04:00,300.8599853515625,268.3399963378906,340.885009765625,582.0750122070312,73.7699966430664,300.8999938964844,268.4599914550781,340.9700012207031,582.2100219726562,73.77989959716797,300.7099914550781,268.29998779296875,340.8100891113281,581.8859252929688,73.75499725341797,300.7449951171875,268.3900146484375,340.94000244140625,582.0399780273438,73.7699966430664,43107,33957,19788,23888,26930
2026-08-12 11:54:00-04:00,300.9100036621094,268.0899963378906,340.7200012207031,581.6400146484375,73.74500274658203,300.9200134277344,268.29998779296875,340.8861999511719,582.0499877929688,73.76000213623047,300.8299865722656,268.01031494140625,340.7200012207031,581.60498046875,73.7300033569336,300.8500061035156,268.29998779296875,340.8599853515625,582.0050048828125,73.76000213623047,35900,80314,16776,48151,18757
2026-08-12 11:55:00-04:00,301.0773010253906,268.19000244140625,340.7149963378906,581.4199829101562,73.78500366210938,301.1000061035156,268.1940002441406,340.7626953125,581.8084716796875,73.78500366210938,300.8900146484375,268.04998779296875,340.6199951171875,581.3300170898438,73.74500274658203,300.8999938964844,268.0899963378906,340.7626953125,581.6434936523438,73.75499725341797,76890,44809,16994,39000,13997
2026-08-12 11:56:00-04:00,301.1322937011719,268.0199890136719,340.4798889160156,581.4000244140625,73.7750015258789,301.2090148925781,268.2099914550781,340.8399963378906,581.7495727539062,73.78990173339844,301.05999755859375,267.92999267578125,340.44000244140625,581.3400268554688,73.75,301.07000732421875,268.20001220703125,340.7099914550781,581.4500122070312,73.78990173339844,54255,217218,32642,23782,12863
2026-08-12 11:57:00-04:00,301.1152038574219,268.0,340.5299987792969,581.3200073242188,73.73500061035156,301.19000244140625,268.0799865722656,340.6400146484375,581.72998046875,73.77999877929688,301.1000061035156,267.9901123046875,340.4200134277344,581.22998046875,73.73500061035156,301.1449890136719,268.0400085449219,340.4700012207031,581.4000244140625,73.77989959716797,37436,27675,27441,30448,23133
2026-08-12 11:58:00-04:00,301.06500244140625,267.94000244140625,340.45001220703125,581.469970703125,73.67990112304688,301.1495056152344,268.0299072265625,340.6400146484375,581.61181640625,73.73999786376953,301.0199890136719,267.9299011230469,340.4200134277344,581.1500244140625,73.66000366210938,301.1205139160156,267.989990234375,340.57958984375,581.3599853515625,73.7301025390625,54525,47350,16753,59381,43959
2026-08-12 11:59:00-04:00,301.1700134277344,267.906005859375,340.44000244140625,581.3699951171875,73.66999816894531,301.25,267.95001220703125,340.5199890136719,581.4616088867188,73.69499969482422,301.0400085449219,267.8900146484375,340.3999938964844,581.1900024414062,73.6500015258789,301.05999755859375,267.9100036621094,340.45001220703125,581.4199829101562,73.66999816894531,42272,53759,23798,28162,37120
2026-08-12 12:00:00-04:00,301.32000732421875,267.94000244140625,340.3999938964844,581.7999877929688,73.63500213623047,301.32550048828125,267.95001220703125,340.489990234375,581.8599243164062,73.6698989868164,301.1300048828125,267.82501220703125,340.3399963378906,581.25,73.63500213623047,301.1899108886719,267.9049987792969,340.43499755859375,581.43798828125,73.6698989868164,51948,50836,23712,22946,22037
2026-08-12 12:01:00-04:00,301.2677001953125,267.9599914550781,340.2850036621094,582.290771484375,73.68000030517578,301.31500244140625,268.0,340.489990234375,582.3900146484375,73.68000030517578,301.239990234375,267.9100036621094,340.260009765625,581.8200073242188,73.6050033569336,301.31500244140625,267.95001220703125,340.45001220703125,581.8200073242188,73.62999725341797,30862,64297,23401,34627,29355
2026-08-12 12:02:00-04:00,301.4150085449219,267.9649963378906,340.4100036621094,582.3900146484375,73.69000244140625,301.4457092285156,267.989990234375,340.4700012207031,582.3900146484375,73.70989990234375,301.260009765625,267.92498779296875,340.2749938964844,582.0050048828125,73.66999816894531,301.260009765625,267.95001220703125,340.2900085449219,582.219970703125,73.66999816894531,64422,35609,18615,30093,18702
2026-08-12 12:03:00-04:00,301.2749938964844,267.889892578125,340.135009765625,581.7000122070312,73.66000366210938,301.4389953613281,267.989990234375,340.4455871582031,582.4600219726562,73.69000244140625,301.2749938964844,267.80999755859375,340.0799865722656,581.4324951171875,73.62999725341797,301.4198913574219,267.9700012207031,340.44000244140625,582.4600219726562,73.69000244140625,40488,62057,39165,33499,31989
2026-08-12 12:04:00-04:00,301.1549987792969,267.9150085449219,340.2349853515625,581.7000122070312,73.71499633789062,301.3699951171875,267.95001220703125,340.3500061035156,582.0598754882812,73.71990203857422,301.1549987792969,267.82501220703125,340.0899963378906,581.7000122070312,73.66999816894531,301.2699890136719,267.8900146484375,340.135009765625,581.7899780273438,73.67500305175781,114363,39966,27296,19045,23135
2026-08-12 12:05:00-04:00,301.1600036621094,267.9200134277344,340.2099914550781,581.844970703125,73.71499633789062,301.20001220703125,267.94000244140625,340.2900085449219,581.9600219726562,73.72000122070312,301.0,267.7200012207031,340.1400146484375,581.5,73.68499755859375,301.1549987792969,267.9067077636719,340.2699890136719,581.7000122070312,73.71499633789062,56248,148242,15484,23210,24387
2026-08-12 12:06:00-04:00,301.1700134277344,267.8900146484375,340.002197265625,581.4949951171875,73.70020294189453,301.21771240234375,268.1199951171875,340.2250061035156,582.0900268554688,73.7249984741211,301.1099853515625,267.8399963378906,339.9200134277344,581.4000244140625,73.69999694824219,301.19000244140625,267.9150085449219,340.20001220703125,581.844970703125,73.71700286865234,35377,96563,168465,216363,20173
2026-08-12 12:07:00-04:00,301.1698913574219,267.6099853515625,340.0350036621094,581.5499877929688,73.66999816894531,301.2296142578125,267.885009765625,340.1199951171875,581.9843139648438,73.71499633789062,301.1199951171875,267.5950012207031,339.9200134277344,581.469970703125,73.66999816894531,301.17999267578125,267.8699951171875,340.0,581.469970703125,73.70500183105469,44446,61137,64704,19258,59208
2026-08-12 12:08:00-04:00,301.2699890136719,267.625,340.20001220703125,581.7000122070312,73.70999908447266,301.2799987792969,267.70001220703125,340.2200012207031,581.8599853515625,73.71499633789062,301.1499938964844,267.55499267578125,340.0299987792969,581.3800048828125,73.66999816894531,301.15008544921875,267.5917053222656,340.0589904785156,581.5549926757812,73.66999816894531,28110,69580,39046,19802,14131
2026-08-12 12:09:00-04:00,301.55999755859375,267.70880126953125,340.0400085449219,581.6099853515625,73.76499938964844,301.6499938964844,267.7099914550781,340.19000244140625,581.8800048828125,73.76499938964844,301.2699890136719,267.56500244140625,340.0101013183594,581.4901123046875,73.70999908447266,301.2699890136719,267.6000061035156,340.19000244140625,581.510009765625,73.71499633789062,131190,41258,44699,11402,14758
2026-08-12 12:10:00-04:00,301.57000732421875,267.7550048828125,339.875,580.8150024414062,73.75,301.6300048828125,267.8999938964844,340.0799865722656,581.7199096679688,73.76000213623047,301.5,267.6512145996094,339.82000732421875,580.719970703125,73.74500274658203,301.55999755859375,267.6512145996094,340.0450134277344,581.6099853515625,73.76000213623047,97126,56651,23009,53261,14770
2026-08-12 12:11:00-04:00,301.7850036621094,267.79998779296875,339.989990234375,581.0,73.77999877929688,301.7915954589844,267.8299865722656,340.0899963378906,581.3599853515625,73.77999877929688,301.489990234375,267.7174987792969,339.8800048828125,580.72998046875,73.75,301.55499267578125,267.7650146484375,339.8800048828125,580.8150024414062,73.75499725341797,56000,35122,27279,26629,18531
2026-08-12 12:12:00-04:00,301.7300109863281,267.7300109863281,339.99810791015625,581.0,73.7750015258789,301.82000732421875,267.79998779296875,340.010009765625,581.3599853515625,73.80000305175781,301.7200012207031,267.6199951171875,339.8500061035156,580.719970703125,73.75499725341797,301.79998779296875,267.79998779296875,339.989990234375,581.1199951171875,73.80000305175781,55724,48957,35304,22853,47413
2026-08-12 12:13:00-04:00,301.7130126953125,267.989990234375,340.2300109863281,581.5,73.8550033569336,301.7449951171875,267.989990234375,340.2799987792969,581.8400268554688,73.8550033569336,301.54998779296875,267.7049865722656,339.9775085449219,580.9600219726562,73.7699966430664,301.73199462890625,267.7300109863281,339.9775085449219,581.0,73.7750015258789,66861,82961,31820,23788,31350
2026-08-12 12:14:00-04:00,301.7749938964844,267.9898986816406,340.260009765625,582.0,73.87999725341797,301.7991027832031,267.989990234375,340.3599853515625,582.169921875,73.88500213623047,301.6700134277344,267.8800048828125,340.20001220703125,581.380126953125,73.83999633789062,301.7250061035156,267.9700012207031,340.2300109863281,581.5422973632812,73.84380340576172,77447,53746,26856,20400,47076
2026-08-12 12:15:00-04:00,301.7099914550781,267.93499755859375,340.260009765625,581.7000122070312,73.8740005493164,301.80999755859375,268.0299987792969,340.29998779296875,581.9998779296875,73.87999725341797,301.6499938964844,267.8800048828125,340.1099853515625,581.5,73.8644027709961,301.7749938964844,267.989990234375,340.2749938964844,581.969970703125,73.87000274658203,51802,41468,29679,48269,11031
2026-08-12 12:16:00-04:00,301.6462097167969,267.9599914550781,340.15008544921875,581.6300048828125,73.86499786376953,301.7300109863281,268.0249938964844,340.29998779296875,581.8300170898438,73.87000274658203,301.6000061035156,267.8399963378906,340.15008544921875,581.530029296875,73.83499908447266,301.7099914550781,267.92999267578125,340.260009765625,581.7000122070312,73.87000274658203,39973,43010,20519,37221,19847
2026-08-12 12:17:00-04:00,301.6000061035156,267.9599914550781,340.1449890136719,581.60009765625,73.83000183105469,301.6400146484375,267.993408203125,340.2200012207031,581.8200073242188,73.875,301.5657043457031,267.8999938964844,340.10009765625,581.5,73.83000183105469,301.6400146484375,267.94500732421875,340.2004089355469,581.5,73.86499786376953,28980,30554,22528,17837,15025
2026-08-12 12:18:00-04:00,301.5309143066406,267.9599914550781,340.239990234375,582.3900146484375,73.82230377197266,301.6300048828125,268.0299987792969,340.239990234375,582.4099731445312,73.83000183105469,301.510009765625,267.94000244140625,340.1300048828125,581.7000122070312,73.81999969482422,301.5799865722656,267.9700012207031,340.19000244140625,581.72998046875,73.83000183105469,35234,68335,39912,22928,10863
2026-08-12 12:19:00-04:00,301.45001220703125,267.9100036621094,340.2799987792969,581.9149780273438,73.83000183105469,301.5498962402344,267.95001220703125,340.3399963378906,582.419921875,73.83000183105469,301.3900146484375,267.82000732421875,340.0799865722656,581.8900146484375,73.80999755859375,301.5304870605469,267.95001220703125,340.25,582.3599853515625,73.82499694824219,55072,47065,40144,33404,20119
2026-08-12 12:20:00-04:00,301.3599853515625,267.7850036621094,340.7699890136719,581.780029296875,73.83999633789062,301.4800109863281,267.9198913574219,340.80999755859375,582.02001953125,73.84500122070312,301.3399963378906,267.7699890136719,340.30999755859375,581.6801147460938,73.82499694824219,301.4800109863281,267.9100036621094,340.30999755859375,581.8880004882812,73.82499694824219,60109,40101,50779,21357,13242
2026-08-12 12:21:00-04:00,301.375,267.7200012207031,341.0400085449219,581.8300170898438,73.81999969482422,301.45001220703125,267.8900146484375,341.07000732421875,582.0900268554688,73.8550033569336,301.35009765625,267.7099914550781,340.7099914550781,581.6900024414062,73.81500244140625,301.35009765625,267.78509521484375,340.739990234375,581.8800048828125,73.84500122070312,35637,39836,27856,17520,18644
2026-08-12 12:22:00-04:00,301.46270751953125,267.7900085449219,340.989990234375,581.8900146484375,73.81500244140625,301.4800109863281,267.8299865722656,341.05999755859375,582.139892578125,73.81999969482422,301.3699951171875,267.6864929199219,340.8500061035156,581.75,73.8030014038086,301.375,267.70001220703125,341.010009765625,581.8499755859375,73.81500244140625,61043,40467,17306,15076,11927
2026-08-12 12:23:00-04:00,301.4750061035156,267.8399963378906,341.0199890136719,582.489990234375,73.80500030517578,301.5,267.8699951171875,341.05999755859375,582.625,73.83499908447266,301.3999938964844,267.79998779296875,340.9100036621094,581.9000244140625,73.80000305175781,301.4599914550781,267.80999755859375,341.0199890136719,581.9299926757812,73.81500244140625,48048,35116,42940,29485,19801
2026-08-12 12:24:00-04:00,301.4599914550781,267.9200134277344,340.9800109863281,582.22998046875,73.80999755859375,301.4750061035156,267.95001220703125,341.05999755859375,582.5128784179688,73.81500244140625,301.3800048828125,267.7950134277344,340.79998779296875,582.155029296875,73.79000091552734,301.4750061035156,267.8399963378906,341.0,582.4099731445312,73.80239868164062,36735,26312,22851,13646,23149
2026-08-12 12:25:00-04:00,301.3800048828125,268.05499267578125,341.4100036621094,582.3049926757812,73.81500244140625,301.55499267578125,268.07000732421875,341.4100036621094,582.489990234375,73.82499694824219,301.3800048828125,267.9100036621094,340.9700012207031,582.2000122070312,73.80130004882812,301.46990966796875,267.94000244140625,341.0,582.3200073242188,73.80999755859375,36361,32764,29625,17205,17589
2026-08-12 12:26:00-04:00,301.2900085449219,267.94500732421875,341.17999267578125,581.72998046875,73.80500030517578,301.3800048828125,268.0400085449219,341.4100036621094,582.3198852539062,73.81500244140625,301.239990234375,267.92010498046875,341.17999267578125,581.5999755859375,73.79499816894531,301.3800048828125,268.0400085449219,341.4100036621094,582.2849731445312,73.81500244140625,57254,59308,20797,35702,20559
2026-08-12 12:27:00-04:00,301.5350036621094,268.2200012207031,341.2550048828125,581.989990234375,73.81500244140625,301.54998779296875,268.239990234375,341.30999755859375,582.0399780273438,73.81999969482422,301.2900085449219,267.8699951171875,341.17559814453125,581.6599731445312,73.80000305175781,301.29998779296875,267.9200134277344,341.17559814453125,581.7999877929688,73.80500030517578,38821,92138,14218,17571,18854
2026-08-12 12:28:00-04:00,301.3900146484375,268.489990234375,341.45001220703125,581.8900146484375,73.81500244140625,301.564697265625,268.57989501953125,341.45001220703125,582.1900024414062,73.82499694824219,301.3900146484375,268.2300109863281,341.2550048828125,581.7999877929688,73.80999755859375,301.53021240234375,268.2300109863281,341.2550048828125,582.030029296875,73.81500244140625,45728,98441,19286,20464,12854
2026-08-12 12:29:00-04:00,301.510009765625,268.7049865722656,341.510009765625,582.22998046875,73.84500122070312,301.510009765625,268.7200012207031,341.5299987792969,582.22998046875,73.84989929199219,301.3599853515625,268.4851989746094,341.30999755859375,581.9299926757812,73.81009674072266,301.3800048828125,268.4901123046875,341.4700012207031,581.9299926757812,73.81009674072266,34778,67445,20283,13741,11920
2026-08-12 12:30:00-04:00,301.56500244140625,268.80499267578125,341.32000732421875,581.8800048828125,73.84500122070312,301.6099853515625,268.94500732421875,341.7699890136719,582.3699951171875,73.87999725341797,301.489990234375,268.7200012207031,341.32000732421875,581.8800048828125,73.83999633789062,301.5150146484375,268.7200012207031,341.5400085449219,582.239990234375,73.83999633789062,29753,81157,48905,17458,26070
2026-08-12 12:31:00-04:00,301.45001220703125,268.6899108886719,341.0799865722656,581.3499755859375,73.83499908447266,301.57000732421875,268.7650146484375,341.3500061035156,581.9520263671875,73.84989929199219,301.4200134277344,268.66009521484375,341.0199890136719,581.219970703125,73.81999969482422,301.54998779296875,268.7200012207031,341.3399963378906,581.8800048828125,73.84030151367188,32012,48012,19370,38894,19387
2026-08-12 12:32:00-04:00,301.4949951171875,268.8500061035156,341.04998779296875,581.4299926757812,73.83000183105469,301.5299987792969,268.8999938964844,341.1000061035156,581.5399780273438,73.87000274658203,301.4100036621094,268.69000244140625,341.0,581.0999755859375,73.82499694824219,301.45001220703125,268.69000244140625,341.05999755859375,581.3250122070312,73.83499908447266,46341,32288,27452,26067,29708
2026-08-12 12:33:00-04:00,301.510009765625,268.7900085449219,341.07501220703125,581.4149780273438,73.81999969482422,301.6000061035156,268.885009765625,341.0899963378906,581.5408935546875,73.83499908447266,301.510009765625,268.7699890136719,340.9599914550781,581.0999755859375,73.80500030517578,301.5199890136719,268.8599853515625,341.0899963378906,581.4500122070312,73.83499908447266,26316,35698,36964,13022,32120
2026-08-12 12:34:00-04:00,301.53009033203125,268.6549987792969,340.9599914550781,581.5700073242188,73.83000183105469,301.5741882324219,268.81500244140625,341.1099853515625,581.5906982421875,73.83989715576172,301.489990234375,268.6199951171875,340.9599914550781,581.260009765625,73.82009887695312,301.510009765625,268.81500244140625,341.05999755859375,581.3599853515625,73.82499694824219,29629,39587,22136,11363,15242
2026-08-12 12:35:00-04:00,301.5177001953125,268.6700134277344,341.2200927734375,581.5800170898438,73.8550033569336,301.54998779296875,268.760009765625,341.25,581.77001953125,73.86499786376953,301.4599914550781,268.6549987792969,340.9700012207031,581.52001953125,73.83499908447266,301.5299987792969,268.6549987792969,341.0,581.52001953125,73.83499908447266,35984,24951,22611,17651,28125
2026-08-12 12:36:00-04:00,301.489990234375,268.6659851074219,341.3370056152344,581.77001953125,73.83000183105469,301.55999755859375,268.7799987792969,341.3500061035156,581.869873046875,73.85990142822266,301.489990234375,268.6659851074219,341.239990234375,581.510009765625,73.82499694824219,301.5199890136719,268.70001220703125,341.239990234375,581.5800170898438,73.8550033569336,27096,23767,17591,12637,15487
2026-08-12 12:37:00-04:00,301.55499267578125,268.7749938964844,341.4999084472656,582.2794799804688,73.83499908447266,301.56329345703125,268.7900085449219,341.510009765625,582.280029296875,73.84989929199219,301.489990234375,268.625,341.3299865722656,581.7249755859375,73.83000183105469,301.489990234375,268.67999267578125,341.3399963378906,581.7249755859375,73.83499908447266,26967,41775,28654,14054,17105
2026-08-12 12:38:00-04:00,301.6177062988281,268.8699951171875,341.4100036621094,582.3720092773438,73.8550033569336,301.67999267578125,268.9100036621094,341.6099853515625,582.5999145507812,73.8550033569336,301.54998779296875,268.75,341.4100036621094,582.1320190429688,73.8324966430664,301.55499267578125,268.7749938964844,341.4989929199219,582.1400146484375,73.84040069580078,29884,33505,19464,29109,18347
2026-08-12 12:39:00-04:00,301.7200012207031,268.94000244140625,341.6449890136719,582.7274169921875,73.84500122070312,301.7200012207031,269.0299987792969,341.6600036621094,582.7899780273438,73.85009765625,301.6000061035156,268.8800048828125,341.3800048828125,582.3900146484375,73.81999969482422,301.6000061035156,268.9200134277344,341.3800048828125,582.4000244140625,73.8499984741211,47416,68326,17311,34855,21183
2026-08-12 12:40:00-04:00,301.79998779296875,269.0350036621094,341.7200012207031,582.5900268554688,73.83999633789062,301.8900146484375,269.05999755859375,341.739990234375,582.7379760742188,73.86519622802734,301.7099914550781,268.95001220703125,341.5799865722656,582.4199829101562,73.83999633789062,301.7099914550781,268.95001220703125,341.6449890136719,582.7000122070312,73.8499984741211,167301,29791,20643,23357,23558
2026-08-12 12:41:00-04:00,301.7200012207031,269.05999755859375,341.6199951171875,582.8099975585938,73.83499908447266,301.82000732421875,269.2099914550781,341.7799987792969,582.8499755859375,73.8499984741211,301.69000244140625,269.0199890136719,341.5899963378906,582.530029296875,73.82499694824219,301.80999755859375,269.0237121582031,341.7149963378906,582.5900268554688,73.83999633789062,25977,57112,16529,19408,24099
2026-08-12 12:42:00-04:00,301.6650085449219,269.125,341.6716003417969,582.77001953125,73.86000061035156,301.68798828125,269.1499938964844,341.75,582.9500122070312,73.86990356445312,301.6400146484375,269.03009033203125,341.6000061035156,582.6235961914062,73.83999633789062,301.67999267578125,269.0697021484375,341.6099853515625,582.6699829101562,73.83999633789062,33155,26317,15878,23479,16540
2026-08-12 12:43:00-04:00,301.68499755859375,269.0400085449219,341.70001220703125,582.8049926757812,73.88500213623047,301.7699890136719,269.239990234375,341.7699890136719,582.9600219726562,73.88500213623047,301.6604919433594,269.0201110839844,341.6499938964844,582.7650146484375,73.8550033569336,301.66900634765625,269.1099853515625,341.6700134277344,582.7650146484375,73.86499786376953,34436,46442,12231,12938,37680
2026-08-12 12:44:00-04:00,301.8999938964844,269.03790283203125,341.81988525390625,582.6900024414062,73.89990234375,301.8999938964844,269.07000732421875,341.8599853515625,582.9199829101562,73.90499877929688,301.67999267578125,268.989990234375,341.6600036621094,582.5999755859375,73.87999725341797,301.7041931152344,269.0450134277344,341.7099914550781,582.8049926757812,73.88500213623047,43706,33188,20907,13559,49177
2026-08-12 12:45:00-04:00,301.82000732421875,268.9088134765625,341.864990234375,582.4849853515625,73.97129821777344,301.9100036621094,269.19000244140625,341.8900146484375,582.9299926757812,73.98999786376953,301.7200012207031,268.8500061035156,341.7349853515625,582.47998046875,73.89009857177734,301.8999938964844,269.04998779296875,341.7799987792969,582.7000122070312,73.8949966430664,73564,52629,17504,37280,78102
2026-08-12 12:46:00-04:00,301.6700134277344,268.8599853515625,341.7250061035156,582.4450073242188,73.98500061035156,301.8599853515625,268.9100036621094,341.8450012207031,582.5499267578125,73.98999786376953,301.6300048828125,268.739990234375,341.693603515625,582.1300048828125,73.95500183105469,301.8299865722656,268.9100036621094,341.8399963378906,582.3800048828125,73.9749984741211,35791,42782,17547,25879,42592
2026-08-12 12:47:00-04:00,301.67999267578125,268.79998779296875,341.7699890136719,581.9650268554688,73.9822998046875,301.7699890136719,268.8699035644531,341.8900146484375,582.4299926757812,73.98999786376953,301.67999267578125,268.760009765625,341.6300048828125,581.8499755859375,73.9749984741211,301.67999267578125,268.8699035644531,341.7099914550781,582.3699951171875,73.98609924316406,40424,43369,18488,65806,11650
2026-08-12 12:48:00-04:00,301.7200012207031,268.9200134277344,341.9599914550781,582.3900146484375,74.0199966430664,301.739990234375,268.9750061035156,342.0400085449219,582.4398803710938,74.02999877929688,301.67999267578125,268.7799987792969,341.7701110839844,581.75,73.97000122070312,301.6925048828125,268.82000732421875,341.7701110839844,581.9290161132812,73.97000122070312,28371,75675,26520,23897,31851
2026-08-12 12:49:00-04:00,301.739013671875,269.135009765625,342.1199951171875,582.5800170898438,74.02899932861328,301.75,269.135009765625,342.1400146484375,582.7999877929688,74.03980255126953,301.69000244140625,268.8800048828125,341.92999267578125,582.27001953125,74.01000213623047,301.7099914550781,268.90509033203125,341.92999267578125,582.4199829101562,74.01499938964844,26824,38441,35846,13432,26279
2026-08-12 12:50:00-04:00,301.8599853515625,269.17498779296875,342.05499267578125,582.4550170898438,74.07499694824219,301.877685546875,269.20001220703125,342.212890625,582.7899780273438,74.08000183105469,301.7349853515625,269.1000061035156,341.9599914550781,582.4000244140625,74.0250015258789,301.7349853515625,269.135009765625,342.1499938964844,582.6199951171875,74.0250015258789,34158,32394,28210,13826,23550
2026-08-12 12:51:00-04:00,301.94000244140625,269.3550109863281,342.0899963378906,582.6199951171875,74.05000305175781,302.0,269.3550109863281,342.1099853515625,582.6400146484375,74.09929656982422,301.82000732421875,269.17498779296875,342.0199890136719,582.3699951171875,74.05000305175781,301.8500061035156,269.17498779296875,342.0423889160156,582.4600219726562,74.08000183105469,110610,34378,14079,24936,25546
2026-08-12 12:52:00-04:00,301.9700012207031,269.3999938964844,342.20001220703125,582.4500122070312,74.05500030517578,302.0,269.3999938964844,342.2250061035156,582.5700073242188,74.0698013305664,301.8800964355469,269.2900085449219,342.07000732421875,582.239990234375,74.04000091552734,301.92999267578125,269.3599853515625,342.0950012207031,582.5,74.04499816894531,31232,34685,27535,25657,17760
2026-08-12 12:53:00-04:00,302.07000732421875,269.3599853515625,342.17999267578125,582.344970703125,74.05000305175781,302.0799865722656,269.389892578125,342.23291015625,582.8499755859375,74.05999755859375,301.95001220703125,269.3399963378906,342.1700134277344,582.27001953125,74.04000091552734,301.9700012207031,269.3699951171875,342.20001220703125,582.4199829101562,74.05010223388672,93193,24382,24408,25643,36495
2026-08-12 12:54:00-04:00,302.07000732421875,269.20001220703125,342.1300048828125,581.8400268554688,74.01000213623047,302.1300048828125,269.3799133300781,342.2799987792969,582.989990234375,74.04499816894531,302.06500244140625,269.19000244140625,342.1099853515625,581.7999877929688,74.01000213623047,302.07000732421875,269.3599853515625,342.2099914550781,582.4500122070312,74.04499816894531,44177,27564,19686,41915,20651
2026-08-12 12:55:00-04:00,302.17010498046875,269.2200012207031,342.17999267578125,581.8699951171875,74.01969909667969,302.20001220703125,269.2799987792969,342.17999267578125,582.0499877929688,74.0250015258789,302.04998779296875,269.17999267578125,342.0596923828125,581.7000122070312,73.9800033569336,302.05999755859375,269.2113952636719,342.1440124511719,581.9498901367188,74.01499938964844,54476,27215,20002,27182,43512
2026-08-12 12:56:00-04:00,302.010009765625,269.2699890136719,342.05999755859375,582.0999755859375,74.04499816894531,302.2149963378906,269.28350830078125,342.17498779296875,582.1799926757812,74.04499816894531,301.9700012207031,269.1960144042969,341.9800109863281,581.8499755859375,74.0199966430664,302.17999267578125,269.2200012207031,342.17498779296875,582.0599975585938,74.0250015258789,62256,22983,20205,17107,29029
2026-08-12 12:57:00-04:00,302.0799865722656,269.3620910644531,341.9999084472656,582.3099975585938,74.00499725341797,302.1199951171875,269.3999938964844,342.0799865722656,582.8200073242188,74.04499816894531,301.989990234375,269.2749938964844,341.9703063964844,582.2000122070312,74.00050354003906,302.0299987792969,269.2749938964844,342.05999755859375,582.3400268554688,74.04499816894531,29805,33847,15756,15403,23556
2026-08-12 12:58:00-04:00,302.1499938964844,269.2449951171875,341.82000732421875,582.0700073242188,73.9749984741211,302.1690979003906,269.3699951171875,342.0150146484375,582.3800048828125,74.01000213623047,302.0527038574219,269.2449951171875,341.79998779296875,582.0,73.97000122070312,302.07501220703125,269.3699951171875,341.989990234375,582.3049926757812,74.00520324707031,25412,14989,26781,13417,36372
2026-08-12 12:59:00-04:00,302.1600036621094,269.2699890136719,341.95001220703125,582.1199951171875,73.98999786376953,302.2300109863281,269.2850036621094,341.95001220703125,582.239990234375,73.98999786376953,302.1000061035156,269.17999267578125,341.7778015136719,581.9500122070312,73.96499633789062,302.1449890136719,269.239990234375,341.8005065917969,582.0700073242188,73.9749984741211,41141,24187,20062,17453,15380
2026-08-12 13:00:00-04:00,302.07000732421875,269.28460693359375,341.9100036621094,582.18701171875,73.9800033569336,302.17498779296875,269.32000732421875,341.9800109863281,582.27001953125,74.06999969482422,302.07000732421875,269.2300109863281,341.83740234375,581.9500122070312,73.95999908447266,302.1650085449219,269.2699890136719,341.92498779296875,582.1199951171875,73.9800033569336,29650,18406,9455,23937,85005
2026-08-12 13:01:00-04:00,302.1000061035156,269.2300109863281,341.92999267578125,582.2894897460938,73.95010375976562,302.1400146484375,269.2900085449219,341.93499755859375,582.3300170898438,73.9800033569336,302.07000732421875,269.1900939941406,341.8699951171875,582.0,73.95010375976562,302.0799865722656,269.2799987792969,341.8999938964844,582.125,73.9800033569336,29540,22790,17328,14416,22397
2026-08-12 13:02:00-04:00,302.0408935546875,269.260009765625,341.8799133300781,582.469970703125,73.92500305175781,302.1300048828125,269.2799987792969,341.8900146484375,582.5700073242188,73.94999694824219,302.0400085449219,269.16009521484375,341.739990234375,582.0650024414062,73.91999816894531,302.11749267578125,269.2099914550781,341.8900146484375,582.3200073242188,73.94999694824219,25697,21342,20064,25668,16558
2026-08-12 13:03:00-04:00,302.17999267578125,269.3200988769531,342.07501220703125,582.219970703125,73.93000030517578,302.17999267578125,269.32501220703125,342.1000061035156,582.530029296875,73.94000244140625,302.04998779296875,269.2200012207031,341.7699890136719,582.0399780273438,73.91999816894531,302.04998779296875,269.260009765625,341.8500061035156,582.4000244140625,73.91999816894531,28508,18779,15481,30353,15113
2026-08-12 13:04:00-04:00,302.19000244140625,269.26470947265625,341.989990234375,582.219970703125,73.93000030517578,302.20001220703125,269.3500061035156,342.07989501953125,582.3350219726562,73.93499755859375,302.110107421875,269.23809814453125,341.9599914550781,582.1900024414062,73.90499877929688,302.1700134277344,269.3299865722656,342.0450134277344,582.1900024414062,73.92980194091797,23745,34259,25854,11241,27130
2026-08-12 13:05:00-04:00,302.2135009765625,269.22711181640625,341.9700012207031,582.3300170898438,73.94719696044922,302.2749938964844,269.2799987792969,342.0,582.4000244140625,73.94999694824219,302.20001220703125,269.2099914550781,341.8599853515625,582.0900268554688,73.93000030517578,302.20001220703125,269.2699890136719,341.9599914550781,582.219970703125,73.93599700927734,44751,37173,17241,15355,21193
2026-08-12 13:06:00-04:00,302.3179931640625,269.3200988769531,341.9200134277344,582.3300170898438,73.94000244140625,302.3500061035156,269.3399963378906,341.9849853515625,582.469970703125,73.9561996459961,302.2099914550781,269.17999267578125,341.8999938964844,582.2000122070312,73.93499755859375,302.2099914550781,269.20001220703125,341.9700012207031,582.4000244140625,73.94999694824219,51913,28984,9674,21206,18133
2026-08-12 13:07:00-04:00,302.32000732421875,269.4125061035156,341.9700012207031,582.2000122070312,73.93000030517578,302.3800048828125,269.44000244140625,341.9800109863281,582.409912109375,73.94560241699219,302.2799987792969,269.3299865722656,341.875,582.1500244140625,73.93000030517578,302.32000732421875,269.3399963378906,341.9200134277344,582.2700805664062,73.93499755859375,58651,30828,14877,10175,20243
2026-08-12 13:08:00-04:00,302.29998779296875,269.3450012207031,341.95001220703125,582.1799926757812,73.93499755859375,302.3599853515625,269.45001220703125,341.9800109863281,582.260009765625,73.94000244140625,302.25,269.3299865722656,341.94000244140625,582.1199951171875,73.91999816894531,302.3299865722656,269.4100036621094,341.9695129394531,582.239990234375,73.91999816894531,28089,24539,10527,7299,13353
2026-08-12 13:09:00-04:00,302.30499267578125,269.25,341.94000244140625,582.169921875,73.96499633789062,302.3399963378906,269.3999938964844,342.0,582.169921875,73.9749984741211,302.2200927734375,269.2300109863281,341.9200134277344,581.9000244140625,73.92500305175781,302.29998779296875,269.3599853515625,341.95001220703125,582.1599731445312,73.93170166015625,28044,35815,10343,17484,17302
2026-08-12 13:10:00-04:00,302.36090087890625,269.25,342.1000061035156,582.110107421875,73.98500061035156,302.3699951171875,269.3399963378906,342.1000061035156,582.260009765625,74.0,302.3074951171875,269.2300109863281,341.9115905761719,582.0800170898438,73.95500183105469,302.3074951171875,269.2401123046875,341.9599914550781,582.1400146484375,73.96410369873047,22666,39899,18173,7807,23850
2026-08-12 13:11:00-04:00,302.25,269.125,341.7900085449219,581.7999877929688,73.94149780273438,302.37420654296875,269.2250061035156,342.07989501953125,582.1900024414062,73.9800033569336,302.25,269.0799865722656,341.7900085449219,581.7999877929688,73.94000244140625,302.3699951171875,269.2200012207031,342.05999755859375,582.155029296875,73.9800033569336,37879,24986,19194,11157,16636
2026-08-12 13:12:00-04:00,302.2250061035156,269.2099914550781,341.8550109863281,581.8099975585938,73.96499633789062,302.2799987792969,269.2300109863281,341.8999938964844,581.9749755859375,73.97000122070312,302.20098876953125,269.05999755859375,341.7799987792969,581.75,73.94000244140625,302.2349853515625,269.1180114746094,341.80950927734375,581.9000244140625,73.94499969482422,45661,36811,14471,11234,13494
2026-08-12 13:13:00-04:00,302.2200012207031,269.2250061035156,341.94989013671875,581.8499755859375,73.9749984741211,302.2799987792969,269.2677001953125,342.0199890136719,582.0800170898438,73.9800033569336,302.19000244140625,269.17999267578125,341.8500061035156,581.7000122070312,73.96499633789062,302.2300109863281,269.17999267578125,341.8500061035156,581.8900146484375,73.97000122070312,25990,14134,39884,15244,14938
2026-08-12 13:14:00-04:00,302.44000244140625,269.2550048828125,342.010009765625,582.02001953125,73.99500274658203,302.510009765625,269.2690124511719,342.010009765625,582.0250244140625,74.0,302.19000244140625,269.17999267578125,341.9200134277344,581.77001953125,73.97000122070312,302.2250061035156,269.25,341.9700012207031,581.8400268554688,73.97740173339844,98934,32398,8990,14528,21807
2026-08-12 13:15:00-04:00,302.466796875,269.125,341.9200134277344,581.8599853515625,73.97750091552734,302.4800109863281,269.29998779296875,342.1099853515625,582.1199951171875,74.0,302.364990234375,269.1099853515625,341.9200134277344,581.8599853515625,73.9749984741211,302.42999267578125,269.2699890136719,342.07000732421875,582.0418090820312,74.0,49721,21244,16251,10718,12145
2026-08-12 13:16:00-04:00,302.4100036621094,269.2149963378906,342.0799865722656,582.1099853515625,73.97989654541016,302.5,269.22869873046875,342.0799865722656,582.1500244140625,73.9800033569336,302.3699951171875,269.1499938964844,341.9700012207031,581.8900146484375,73.96499633789062,302.48419189453125,269.1499938964844,341.9700012207031,581.9000244140625,73.9749984741211,59148,25855,19754,10438,16646
2026-08-12 13:17:00-04:00,302.3999938964844,269.1549987792969,342.072998046875,582.125,73.9375,302.45001220703125,269.239990234375,342.16448974609375,582.239990234375,73.9800033569336,302.3575134277344,269.0899963378906,342.0400085449219,582.030029296875,73.93499755859375,302.3999938964844,269.2099914550781,342.1000061035156,582.239990234375,73.9800033569336,45318,20849,15813,13599,18797
2026-08-12 13:18:00-04:00,302.19000244140625,269.0849914550781,341.98919677734375,581.6199951171875,73.9000015258789,302.3999938964844,269.1549987792969,342.1099853515625,582.121826171875,73.94000244140625,302.1600036621094,269.06060791015625,341.9200134277344,581.4000244140625,73.8915023803711,302.3999938964844,269.1549987792969,342.07000732421875,582.0700073242188,73.9397964477539,47580,25909,18750,30639,22983
2026-08-12 13:19:00-04:00,302.1499938964844,268.989990234375,341.7900085449219,581.9099731445312,73.8949966430664,302.2049865722656,269.08648681640625,341.989990234375,582.0,73.90499877929688,302.05999755859375,268.95001220703125,341.70001220703125,581.537109375,73.88500213623047,302.19000244140625,269.0849914550781,341.9599914550781,581.614990234375,73.88999938964844,41010,42406,31094,25146,31450
2026-08-12 13:20:00-04:00,302.25,269.0199890136719,341.8500061035156,581.7899780273438,73.9749984741211,302.298095703125,269.05999755859375,341.8800048828125,582.0399780273438,73.9761962890625,302.1300048828125,268.989990234375,341.7799987792969,581.7100219726562,73.89399719238281,302.1400146484375,268.989990234375,341.80499267578125,581.9299926757812,73.89510345458984,30987,18513,13301,17994,99884
2026-08-12 13:21:00-04:00,302.3999938964844,269.114990234375,341.9200134277344,581.905029296875,73.94999694824219,302.3999938964844,269.1499938964844,341.9700012207031,581.9400024414062,74.0199966430664,302.2699890136719,269.0199890136719,341.8207092285156,581.7000122070312,73.94000244140625,302.2799987792969,269.0249938964844,341.8299865722656,581.780029296875,73.9800033569336,40472,19886,13935,11525,99793
2026-08-12 13:22:00-04:00,302.3299865722656,269.0350036621094,341.7550048828125,581.405029296875,73.94499969482422,302.4100036621094,269.114990234375,341.94000244140625,581.905029296875,73.95999908447266,302.260009765625,269.0199890136719,341.7300109863281,581.3300170898438,73.94000244140625,302.3999938964844,269.114990234375,341.8905029296875,581.905029296875,73.94450378417969,47762,15453,21379,26158,12354
2026-08-12 13:23:00-04:00,302.3500061035156,268.9700012207031,341.62921142578125,581.4099731445312,73.94999694824219,302.3699951171875,269.0899963378906,341.7474060058594,581.72998046875,73.94999694824219,302.2449951171875,268.9599914550781,341.6099853515625,581.280029296875,73.92500305175781,302.32000732421875,269.035888671875,341.70001220703125,581.3300170898438,73.94000244140625,21154,27437,25084,27820,19425
2026-08-12 13:24:00-04:00,302.4294128417969,269.0389099121094,341.6050109863281,581.5,73.95790100097656,302.42999267578125,269.0389099121094,341.6700134277344,581.5800170898438,73.95999908447266,302.3599853515625,268.97100830078125,341.5201110839844,581.4000244140625,73.93499755859375,302.3599853515625,268.9914855957031,341.6600036621094,581.4000244140625,73.94989776611328,24128,17342,15782,17474,23545
2026-08-12 13:25:00-04:00,302.4200134277344,268.9849853515625,341.6300048828125,581.489990234375,73.95500183105469,302.4700012207031,269.0299987792969,341.6799011230469,581.6173095703125,73.95850372314453,302.3800048828125,268.94000244140625,341.5929870605469,581.3699951171875,73.94499969482422,302.41229248046875,269.0299072265625,341.5950012207031,581.5,73.95330047607422,66610,30778,19090,20929,18156
2026-08-12 13:26:00-04:00,302.3999938964844,268.95001220703125,341.635009765625,581.4749755859375,73.96150207519531,302.44989013671875,269.010009765625,341.6499938964844,581.6300048828125,73.97000122070312,302.340087890625,268.87030029296875,341.6000061035156,581.4017944335938,73.94999694824219,302.42498779296875,268.989990234375,341.6099853515625,581.4017944335938,73.94999694824219,37315,36432,10730,15130,11435
2026-08-12 13:27:00-04:00,302.4100036621094,268.92999267578125,341.6050109863281,581.385009765625,73.98500061035156,302.42498779296875,268.9599914550781,341.6499938964844,581.52001953125,73.98500061035156,302.3599853515625,268.9100036621094,341.55010986328125,581.27001953125,73.94999694824219,302.3999938964844,268.95001220703125,341.635009765625,581.4600219726562,73.96499633789062,38906,22740,19349,21678,17130
2026-08-12 13:28:00-04:00,302.3599853515625,268.80999755859375,341.5870056152344,581.5,73.99500274658203,302.4100036621094,268.95361328125,341.70989990234375,581.5900268554688,74.0,302.3399963378906,268.7900085449219,341.5400085449219,581.3499755859375,73.9801025390625,302.3949890136719,268.92999267578125,341.6400146484375,581.3699951171875,73.98500061035156,27009,29830,11145,22610,9257
2026-08-12 13:29:00-04:00,302.16009521484375,268.739990234375,341.6700134277344,581.6099853515625,73.98999786376953,302.3500061035156,268.80999755859375,341.6700134277344,581.6099853515625,74.00990295410156,302.15008544921875,268.7149963378906,341.5299987792969,581.4500122070312,73.98999786376953,302.3500061035156,268.79998779296875,341.56500244140625,581.5499877929688,73.99500274658203,61347,39729,18731,20224,15318
2026-08-12 13:30:00-04:00,302.17999267578125,268.67999267578125,341.51031494140625,581.5700073242188,73.9800033569336,302.2149963378906,268.7699890136719,341.6650085449219,581.6599731445312,74.0,302.1000061035156,268.6000061035156,341.510009765625,581.4099731445312,73.9749984741211,302.1700134277344,268.75,341.6400146484375,581.6099853515625,73.99500274658203,67963,47375,11700,14422,12592
2026-08-12 13:31:00-04:00,302.19000244140625,268.67999267578125,341.42498779296875,581.4600219726562,73.99500274658203,302.20001220703125,268.7200012207031,341.52508544921875,581.60498046875,74.0,302.1449890136719,268.6499938964844,341.3999938964844,581.239990234375,73.9749984741211,302.17999267578125,268.68499755859375,341.52508544921875,581.5999755859375,73.98500061035156,31627,22486,17604,52849,20828
2026-08-12 13:32:00-04:00,302.1199951171875,268.73870849609375,341.3752136230469,581.6749877929688,74.00749969482422,302.2300109863281,268.7799987792969,341.4599914550781,581.7449951171875,74.01000213623047,302.1199951171875,268.69000244140625,341.3299865722656,581.405029296875,73.98999786376953,302.17999267578125,268.69000244140625,341.44989013671875,581.405029296875,73.99500274658203,37759,34284,16894,15710,19871
2026-08-12 13:33:00-04:00,302.05999755859375,268.8450012207031,341.9410095214844,581.8099975585938,74.04000091552734,302.1400146484375,268.8500061035156,342.6000061035156,581.9799194335938,74.04000091552734,302.04998779296875,268.7300109863281,341.3599853515625,581.64501953125,74.0,302.1199951171875,268.739990234375,341.3599853515625,581.6749877929688,74.01010131835938,36142,28788,279277,21148,24010
2026-08-12 13:34:00-04:00,302.17999267578125,268.8900146484375,341.69000244140625,581.89990234375,74.09500122070312,302.17999267578125,268.909912109375,342.010009765625,581.89990234375,74.09500122070312,302.0400085449219,268.8399963378906,341.54998779296875,581.5999755859375,74.02999877929688,302.0538024902344,268.8599853515625,342.010009765625,581.8400268554688,74.04000091552734,52792,23780,29610,11460,22988
2026-08-12 13:35:00-04:00,302.2099914550781,268.7749938964844,341.739990234375,581.7249755859375,74.11509704589844,302.239990234375,268.92181396484375,341.989990234375,581.8963012695312,74.12650299072266,302.1199951171875,268.7699890136719,341.510009765625,581.6901245117188,74.08999633789062,302.17999267578125,268.9150085449219,341.6199951171875,581.8099975585938,74.0999984741211,29708,22575,34012,16535,20267
2026-08-12 13:36:00-04:00,302.19000244140625,268.7799987792969,341.8900146484375,581.8250122070312,74.09500122070312,302.2550048828125,268.7900085449219,341.9150085449219,581.8800048828125,74.12000274658203,302.19000244140625,268.67999267578125,341.55999755859375,581.6384887695312,74.0801010131836,302.2099914550781,268.7650146484375,341.7250061035156,581.72998046875,74.11499786376953,31628,24202,36532,16010,19370
2026-08-12 13:37:00-04:00,302.2799987792969,268.68011474609375,341.80999755859375,581.6201171875,74.08000183105469,302.2799987792969,268.7900085449219,341.9800109863281,581.8900146484375,74.0999984741211,302.20001220703125,268.67999267578125,341.67999267578125,581.510009765625,74.06999969482422,302.20001220703125,268.7799987792969,341.8999938964844,581.8800048828125,74.09339904785156,23052,32256,21613,18185,12108
2026-08-12 13:38:00-04:00,302.1050109863281,268.635009765625,341.5199890136719,581.5499877929688,74.06999969482422,302.2976989746094,268.67999267578125,341.7950134277344,581.7125244140625,74.0999984741211,302.0899963378906,268.6099853515625,341.510009765625,581.4935913085938,74.06999969482422,302.2799987792969,268.67999267578125,341.7950134277344,581.6849975585938,74.08499908447266,72269,25395,16503,26384,13252
2026-08-12 13:39:00-04:00,302.1199951171875,268.56500244140625,341.42999267578125,580.7598266601562,74.06999969482422,302.139892578125,268.69000244140625,341.5982971191406,581.5692138671875,74.07499694824219,302.0199890136719,268.5249938964844,341.3900146484375,580.75,74.06500244140625,302.1199951171875,268.625,341.5199890136719,581.5692138671875,74.06500244140625,38538,63929,22655,89731,10467
2026-08-12 13:40:00-04:00,301.92498779296875,268.57501220703125,341.35540771484375,579.4650268554688,74.05500030517578,302.1300048828125,268.5799865722656,341.4599914550781,580.8400268554688,74.08000183105469,301.8800048828125,268.3500061035156,341.25,579.3400268554688,74.02999877929688,302.1300048828125,268.5199890136719,341.3900146484375,580.719970703125,74.07499694824219,121673,62932,20651,168248,37039
2026-08-12 13:41:00-04:00,301.95001220703125,268.6300048828125,341.07000732421875,579.3150024414062,74.08499908447266,301.9599914550781,268.6400146484375,341.409912109375,579.75,74.08499908447266,301.79998779296875,268.56500244140625,340.9800109863281,579.1500244140625,74.05500030517578,301.92999267578125,268.59991455078125,341.3500061035156,579.4650268554688,74.05500030517578,45192,26843,33620,155327,19771
2026-08-12 13:42:00-04:00,301.94500732421875,268.67999267578125,341.1499938964844,579.22998046875,74.11299896240234,301.95001220703125,268.69000244140625,341.2200012207031,579.3200073242188,74.12999725341797,301.8599853515625,268.6199951171875,340.9200134277344,578.8200073242188,74.08499908447266,301.94000244140625,268.6400146484375,341.0199890136719,579.1900024414062,74.08509826660156,34949,22632,16877,98366,55690
2026-08-12 13:43:00-04:00,301.79998779296875,268.6000061035156,341.0,578.39501953125,74.06500244140625,301.94970703125,268.6700134277344,341.12530517578125,579.219970703125,74.12999725341797,301.7900085449219,268.5700988769531,341.0,578.3300170898438,74.05999755859375,301.94970703125,268.6700134277344,341.1199951171875,579.1799926757812,74.11499786376953,47206,26194,8760,71326,16372
2026-08-12 13:44:00-04:00,301.7900085449219,268.5799865722656,340.8599853515625,578.72998046875,74.11499786376953,301.82501220703125,268.6099853515625,340.989990234375,578.9000244140625,74.12000274658203,301.739990234375,268.54998779296875,340.8599853515625,578.27001953125,74.05000305175781,301.7900085449219,268.5899963378906,340.9750061035156,578.39501953125,74.06500244140625,41021,22995,14784,105702,52738
2026-08-12 13:45:00-04:00,301.739990234375,268.44000244140625,340.9599914550781,578.8699951171875,74.09030151367188,301.79998779296875,268.5799865722656,341.0592041015625,579.1102294921875,74.125,301.7200012207031,268.4375,340.80999755859375,578.5449829101562,74.09030151367188,301.7900085449219,268.56500244140625,340.87701416015625,578.7000122070312,74.11499786376953,39547,35872,21406,44919,38212
2026-08-12 13:46:00-04:00,301.6499938964844,268.32000732421875,340.8699951171875,578.9426879882812,74.11499786376953,301.760009765625,268.45989990234375,340.9930114746094,578.9511108398438,74.12999725341797,301.6099853515625,268.2900085449219,340.82080078125,578.4000244140625,74.09500122070312,301.75,268.44000244140625,340.9800109863281,578.8400268554688,74.09500122070312,53227,40863,8685,42310,48355
2026-08-12 13:47:00-04:00,301.67010498046875,268.3800048828125,340.7550048828125,578.5150146484375,74.11499786376953,301.739990234375,268.3800048828125,340.94000244140625,578.9600219726562,74.12999725341797,301.6400146484375,268.32000732421875,340.75,578.4099731445312,74.0999984741211,301.6449890136719,268.3299865722656,340.8900146484375,578.89501953125,74.12000274658203,37788,27020,34074,31941,32942
2026-08-12 13:48:00-04:00,301.56988525390625,268.3301086425781,340.7799987792969,578.2949829101562,74.08499908447266,301.69000244140625,268.4200134277344,340.8900146484375,578.8599243164062,74.13999938964844,301.54998779296875,268.30999755859375,340.5932922363281,578.25,74.08000183105469,301.6700134277344,268.385009765625,340.74029541015625,578.5599975585938,74.11499786376953,56670,34767,35383,33623,41964
2026-08-12 13:49:00-04:00,301.5799865722656,268.32501220703125,340.5199890136719,578.6599731445312,74.06999969482422,301.5899963378906,268.3500061035156,340.8699951171875,578.739990234375,74.08999633789062,301.54998779296875,268.29998779296875,340.45001220703125,578.25,74.05999755859375,301.54998779296875,268.32000732421875,340.8699951171875,578.280029296875,74.08000183105469,44282,18456,21431,26245,23790
2026-08-12 13:50:00-04:00,301.5400085449219,268.32501220703125,340.4200134277344,578.760009765625,74.18499755859375,301.6199951171875,268.364990234375,340.6300048828125,578.8300170898438,74.19999694824219,301.4100036621094,268.3017883300781,340.4049987792969,578.6005249023438,74.06999969482422,301.5700988769531,268.3399963378906,340.5,578.739990234375,74.07029724121094,122292,24480,26840,18376,112539
2026-08-12 13:51:00-04:00,301.3500061035156,268.2200012207031,340.2510070800781,578.7623291015625,74.15499877929688,301.6199951171875,268.32501220703125,340.489990234375,578.8200073242188,74.20999908447266,301.3500061035156,268.17498779296875,340.2510070800781,578.6099853515625,74.13999938964844,301.5350036621094,268.32501220703125,340.3800048828125,578.8198852539062,74.18499755859375,61636,44080,18423,18972,69098
2026-08-12 13:52:00-04:00,301.32000732421875,268.17999267578125,340.42999267578125,578.89501953125,74.16000366210938,301.42999267578125,268.2099914550781,340.489990234375,579.39990234375,74.16999816894531,301.2699890136719,268.1300048828125,340.2749938964844,578.7349853515625,74.12999725341797,301.3399963378906,268.1600036621094,340.2850036621094,578.7698974609375,74.15499877929688,83500,28551,22624,61620,19233
2026-08-12 13:53:00-04:00,301.3299865722656,268.1600036621094,340.3547058105469,579.10498046875,74.1449966430664,301.4100036621094,268.260009765625,340.5299987792969,579.2999877929688,74.16510009765625,301.32501220703125,268.1600036621094,340.3399963378906,578.7999877929688,74.1449966430664,301.3399963378906,268.1650085449219,340.42999267578125,578.9221801757812,74.1500015258789,41733,36832,13604,30759,20699
2026-08-12 13:54:00-04:00,301.4570007324219,268.114990234375,340.4049987792969,578.9500122070312,74.19999694824219,301.489990234375,268.1600036621094,340.4110107421875,579.1300048828125,74.19999694824219,301.3299865722656,268.1000061035156,340.260009765625,578.8800048828125,74.1449966430664,301.3299865722656,268.1300048828125,340.29998779296875,579.0449829101562,74.1449966430664,49803,34091,14631,17134,29346
2026-08-12 13:55:00-04:00,301.510009765625,268.0400085449219,340.2099914550781,578.44921875,74.20500183105469,301.54998779296875,268.125,340.41949462890625,579.02001953125,74.20999908447266,301.42498779296875,268.010009765625,340.20001220703125,578.44921875,74.19000244140625,301.4549865722656,268.125,340.41949462890625,578.969970703125,74.19499969482422,36447,42105,23374,26609,21988
2026-08-12 13:56:00-04:00,301.4800109863281,268.07000732421875,340.32501220703125,578.4500122070312,74.2249984741211,301.5299987792969,268.1099853515625,340.32501220703125,578.5460205078125,74.22879791259766,301.4700012207031,268.0350036621094,340.2398986816406,578.4000244140625,74.19000244140625,301.5190124511719,268.0400085449219,340.2398986816406,578.469970703125,74.20500183105469,33271,24201,13513,21329,29639
2026-08-12 13:57:00-04:00,301.45001220703125,268.0400085449219,340.3493957519531,578.72998046875,74.20500183105469,301.5,268.0799865722656,340.3800048828125,578.7999877929688,74.2300033569336,301.4200134277344,268.0199890136719,340.32000732421875,578.4099731445312,74.19999694824219,301.4800109863281,268.05999755859375,340.3299865722656,578.4500122070312,74.2249984741211,32627,23637,15104,25527,34471
2026-08-12 13:58:00-04:00,301.5299987792969,268.0,340.4700012207031,578.760009765625,74.2249984741211,301.57000732421875,268.0899963378906,340.5299987792969,578.9000244140625,74.2249984741211,301.44500732421875,267.9942932128906,340.3299865722656,578.529296875,74.19999694824219,301.4599914550781,268.0450134277344,340.3299865722656,578.7999877929688,74.20500183105469,74424,44675,22468,21117,19196
2026-08-12 13:59:00-04:00,301.5050048828125,267.989990234375,340.3999938964844,578.7349853515625,74.2249984741211,301.54998779296875,268.06500244140625,340.5398864746094,578.7899780273438,74.23999786376953,301.4700012207031,267.92999267578125,340.3699951171875,578.5,74.22000122070312,301.5150146484375,268.0,340.4649963378906,578.72998046875,74.22019958496094,120797,54188,17640,13028,37970
2026-08-12 14:00:00-04:00,301.6023864746094,267.8800048828125,340.39990234375,578.7990112304688,74.21589660644531,301.6499938964844,268.0242004394531,340.489990234375,578.8499755859375,74.24949645996094,301.5050048828125,267.8599853515625,340.3500061035156,578.510009765625,74.2063980102539,301.510009765625,267.9800109863281,340.38128662109375,578.7899780273438,74.2249984741211,61553,47317,16346,20087,35197
2026-08-12 14:01:00-04:00,301.6000061035156,268.0899963378906,340.94000244140625,579.3201293945312,74.25,301.6600036621094,268.0899963378906,340.94000244140625,579.8699951171875,74.25499725341797,301.5899963378906,267.8900146484375,340.3999938964844,578.6275024414062,74.2249984741211,301.6000061035156,267.8900146484375,340.3999938964844,578.7899780273438,74.2249984741211,36055,44652,16912,31196,15899
2026-08-12 14:02:00-04:00,301.54998779296875,268.1099853515625,340.989990234375,580.1900024414062,74.23500061035156,301.5899963378906,268.19970703125,341.0199890136719,580.1900024414062,74.25,301.5400085449219,268.04998779296875,340.8800048828125,579.4149780273438,74.22000122070312,301.5899963378906,268.0979919433594,340.95001220703125,579.5499877929688,74.25,34575,53329,24679,31428,25738
2026-08-12 14:03:00-04:00,301.55999755859375,268.1300048828125,341.1099853515625,580.8300170898438,74.24500274658203,301.5799865722656,268.2099914550781,341.1600036621094,580.8800048828125,74.25499725341797,301.510009765625,268.1064147949219,340.9599914550781,580.2000122070312,74.23500061035156,301.5400085449219,268.114990234375,340.9949951171875,580.2000122070312,74.23500061035156,30110,27287,15552,48939,23616
2026-08-12 14:04:00-04:00,301.58990478515625,268.2250061035156,341.1012878417969,581.0399780273438,74.23500061035156,301.6099853515625,268.2699890136719,341.14990234375,581.1300048828125,74.26000213623047,301.5400085449219,268.1199951171875,341.0199890136719,580.7633056640625,74.2300033569336,301.54998779296875,268.1199951171875,341.1000061035156,580.7633056640625,74.24500274658203,41868,169519,10810,407472,29054
2026-08-12 14:05:00-04:00,301.5400085449219,268.20001220703125,341.1400146484375,581.1375732421875,74.20500183105469,301.6499938964844,268.239990234375,341.19000244140625,581.3400268554688,74.23500061035156,301.5199890136719,268.1499938964844,341.0299987792969,580.530029296875,74.19999694824219,301.57000732421875,268.2200012207031,341.0849914550781,581.02001953125,74.23500061035156,69725,40872,11215,29224,33258
2026-08-12 14:06:00-04:00,301.67999267578125,268.18499755859375,341.1199035644531,580.8200073242188,74.21499633789062,301.69000244140625,268.239990234375,341.17999267578125,581.1900024414062,74.22000122070312,301.5199890136719,268.17999267578125,341.0899963378906,580.6799926757812,74.19999694824219,301.5350036621094,268.2049865722656,341.1499938964844,580.97998046875,74.20999908447266,60733,22350,12298,33656,31773
2026-08-12 14:07:00-04:00,301.760009765625,268.20001220703125,340.9100036621094,581.2899780273438,74.20500183105469,301.7900085449219,268.239990234375,341.1199951171875,581.2999877929688,74.22000122070312,301.67999267578125,268.135009765625,340.8900146484375,580.7899780273438,74.19999694824219,301.67999267578125,268.18499755859375,341.1000061035156,580.7899780273438,74.21499633789062,48743,24868,19647,22869,50177
2026-08-12 14:08:00-04:00,301.6199951171875,268.22821044921875,340.8599853515625,580.7449951171875,74.21499633789062,301.760009765625,268.260009765625,340.94000244140625,581.2839965820312,74.22000122070312,301.6000061035156,268.2149963378906,340.8299865722656,580.6300048828125,74.19000244140625,301.760009765625,268.2149963378906,340.8949890136719,581.2449951171875,74.19499969482422,81023,26960,17013,37772,42051
2026-08-12 14:09:00-04:00,301.5799865722656,268.31500244140625,340.92999267578125,580.22998046875,74.2249984741211,301.6400146484375,268.34991455078125,340.9700012207031,580.7780151367188,74.2300033569336,301.55999755859375,268.2099914550781,340.8599853515625,580.1900024414062,74.21499633789062,301.6300048828125,268.231689453125,340.8599853515625,580.7449951171875,74.21499633789062,31464,40609,14071,50260,20903
2026-08-12 14:10:00-04:00,301.5899963378906,268.32501220703125,341.07000732421875,581.0,74.24500274658203,301.6099853515625,268.36669921875,341.114990234375,581.1099853515625,74.26499938964844,301.5299987792969,268.2950134277344,340.94500732421875,580.1300048828125,74.2300033569336,301.5799865722656,268.31500244140625,340.94500732421875,580.1300048828125,74.2300033569336,65272,37693,16216,37634,26848
2026-08-12 14:11:00-04:00,301.6000061035156,268.385009765625,341.0799865722656,580.9099731445312,74.23500061035156,301.6600036621094,268.3945007324219,341.1000061035156,581.0999755859375,74.25,301.55999755859375,268.3041076660156,341.0299987792969,580.8499755859375,74.23500061035156,301.5899963378906,268.32000732421875,341.0400085449219,581.0499877929688,74.24500274658203,39632,21767,12323,31427,15235
2026-08-12 14:12:00-04:00,301.6499938964844,268.3900146484375,341.1549987792969,580.8699951171875,74.15499877929688,301.6499938964844,268.3900146484375,341.1600036621094,581.018310546875,74.2300033569336,301.5899963378906,268.3299865722656,341.0199890136719,580.6699829101562,74.13999938964844,301.5950012207031,268.385009765625,341.0799865722656,581.018310546875,74.2300033569336,30206,24178,20034,26872,58375
2026-08-12 14:13:00-04:00,301.6099853515625,268.45001220703125,341.30999755859375,580.7039794921875,74.12999725341797,301.6499938964844,268.4599914550781,341.3299865722656,580.8399047851562,74.15879821777344,301.5849914550781,268.3399963378906,341.1199951171875,580.5399780273438,74.12999725341797,301.6449890136719,268.3800048828125,341.1400146484375,580.7221069335938,74.15019989013672,36363,22830,25061,19274,22259
2026-08-12 14:14:00-04:00,301.57000732421875,268.4549865722656,341.2900085449219,580.740478515625,74.1259994506836,301.6499938964844,268.4599914550781,341.3399963378906,580.968994140625,74.13999938964844,301.5299987792969,268.385009765625,341.2300109863281,580.5499877929688,74.12000274658203,301.6111145019531,268.4595031738281,341.3299865722656,580.6649780273438,74.12480163574219,52114,34752,20157,10985,32529
2026-08-12 14:15:00-04:00,301.57000732421875,268.4750061035156,341.2716064453125,580.5899047851562,74.11000061035156,301.5799865722656,268.489990234375,341.3399963378906,580.8699951171875,74.12999725341797,301.50750732421875,268.44000244140625,341.2408142089844,580.471923828125,74.0999984741211,301.55499267578125,268.4599914550781,341.2699890136719,580.8200073242188,74.12999725341797,38671,38675,12387,11942,15070
2026-08-12 14:16:00-04:00,301.4079895019531,268.4100036621094,341.2850036621094,580.5,74.11499786376953,301.57000732421875,268.5,341.3800048828125,580.7551879882812,74.12909698486328,301.4079895019531,268.3999938964844,341.2799987792969,580.5,74.11009979248047,301.57000732421875,268.4700012207031,341.29229736328125,580.5900268554688,74.11499786376953,72281,44331,17757,12754,20628
2026-08-12 14:17:00-04:00,301.3800048828125,268.2799987792969,341.2298889160156,580.4199829101562,74.06500244140625,301.3999938964844,268.42999267578125,341.3192138671875,580.6500244140625,74.11000061035156,301.3299865722656,268.2799987792969,341.1549987792969,580.4099731445312,74.05999755859375,301.3999938964844,268.3999938964844,341.2687072753906,580.5004272460938,74.11000061035156,61421,58580,19522,11631,14468
2026-08-12 14:18:00-04:00,301.30999755859375,268.29998779296875,341.2200012207031,580.5900268554688,74.05999755859375,301.4100036621094,268.3550109863281,341.2799987792969,580.6549072265625,74.07499694824219,301.29998779296875,268.2650146484375,341.1700134277344,580.3699951171875,74.04000091552734,301.3800048828125,268.2850036621094,341.20001220703125,580.5150146484375,74.06500244140625,60638,38173,18425,22152,18013
2026-08-12 14:19:00-04:00,301.3900146484375,268.3399963378906,341.389892578125,580.4849853515625,74.08979797363281,301.3900146484375,268.3599853515625,341.3900146484375,580.7000122070312,74.08999633789062,301.2723083496094,268.29998779296875,341.1499938964844,580.4000244140625,74.05000305175781,301.30999755859375,268.29998779296875,341.2030029296875,580.5599975585938,74.05500030517578,44532,21130,26763,9717,31430
2026-08-12 14:20:00-04:00,301.45001220703125,268.20001220703125,341.29998779296875,580.098388671875,74.06009674072266,301.4599914550781,268.3598937988281,341.4198913574219,580.5599975585938,74.08999633789062,301.3599853515625,268.20001220703125,341.29998779296875,579.9299926757812,74.05500030517578,301.3999938964844,268.3450012207031,341.375,580.5499877929688,74.08499908447266,76475,46841,17914,19292,58494
2026-08-12 14:21:00-04:00,301.42999267578125,268.20001220703125,341.19000244140625,580.280029296875,74.04499816894531,301.4599914550781,268.2099914550781,341.2850036621094,580.2999877929688,74.05999755859375,301.35009765625,268.1400146484375,341.1507873535156,580.010009765625,74.03500366210938,301.45989990234375,268.2049865722656,341.2699890136719,580.1799926757812,74.05999755859375,32566,31398,13084,16399,17598
2026-08-12 14:22:00-04:00,301.2099914550781,268.25,341.6299133300781,580.489990234375,74.04499816894531,301.44000244140625,268.2650146484375,341.6499938964844,580.489990234375,74.05989837646484,301.2099914550781,268.19500732421875,341.2016906738281,580.3001098632812,74.04000091552734,301.42999267578125,268.19500732421875,341.2016906738281,580.3200073242188,74.04499816894531,38347,28019,27498,15010,13637
2026-08-12 14:23:00-04:00,301.17999267578125,268.2900085449219,341.8299865722656,580.8699951171875,74.07499694824219,301.2820129394531,268.3080139160156,341.8399963378906,580.9099731445312,74.07499694824219,301.1700134277344,268.2449951171875,341.6499938964844,580.6649780273438,74.03500366210938,301.2099914550781,268.25,341.6499938964844,580.6649780273438,74.04000091552734,47903,25393,14584,10975,21985
2026-08-12 14:24:00-04:00,301.239990234375,268.30999755859375,342.0299987792969,581.0150146484375,74.12020111083984,301.25,268.3450012207031,342.07000732421875,581.0999145507812,74.12999725341797,301.1400146484375,268.28009033203125,341.8399963378906,580.7901000976562,74.06999969482422,301.1700134277344,268.2850036621094,341.8399963378906,580.844970703125,74.07499694824219,81419,41309,26478,12070,45061
2026-08-12 14:25:00-04:00,301.2300109863281,268.2550048828125,342.0199890136719,581.0800170898438,74.1449966430664,301.30999755859375,268.42999267578125,342.0799865722656,581.3499145507812,74.1500015258789,301.2200012207031,268.2550048828125,341.989990234375,580.9301147460938,74.125,301.24798583984375,268.31500244140625,342.0350036621094,580.9301147460938,74.125,40910,48643,23388,20157,41890
2026-08-12 14:26:00-04:00,301.21990966796875,268.2650146484375,341.8500061035156,580.9349975585938,74.15029907226562,301.25,268.29998779296875,342.0249938964844,581.1359252929688,74.16000366210938,301.17999267578125,268.2550048828125,341.7699890136719,580.826416015625,74.13500213623047,301.2200927734375,268.2550048828125,342.0249938964844,581.047607421875,74.1449966430664,41781,33811,24638,22913,30505
2026-08-12 14:27:00-04:00,301.1123046875,268.2699890136719,341.8599853515625,581.0,74.16500091552734,301.2699890136719,268.3399963378906,341.9054870605469,581.1799926757812,74.16999816894531,301.1099853515625,268.260009765625,341.80999755859375,580.9232788085938,74.1500015258789,301.2099914550781,268.2699890136719,341.8399963378906,581.0599975585938,74.15499877929688,62586,28715,12628,16021,18502
2026-08-12 14:28:00-04:00,301.05999755859375,268.3450012207031,341.8169860839844,581.0700073242188,74.17500305175781,301.1499938964844,268.3699951171875,341.8699951171875,581.1500244140625,74.19000244140625,301.05999755859375,268.260009765625,341.7900085449219,580.9000244140625,74.16000366210938,301.1199951171875,268.2650146484375,341.8500061035156,580.989990234375,74.16500091552734,54418,50941,17281,11080,20632
2026-08-12 14:29:00-04:00,301.125,268.3203125,341.75,581.3300170898438,74.20500183105469,301.1567077636719,268.3599853515625,341.79998779296875,581.3499755859375,74.21289825439453,301.07000732421875,268.30499267578125,341.67999267578125,581.0850219726562,74.17359924316406,301.07000732421875,268.3450012207031,341.79998779296875,581.1500244140625,74.17359924316406,40951,40587,27756,10486,13178
2026-08-12 14:30:00-04:00,301.0799865722656,268.42498779296875,341.9049987792969,581.3200073242188,74.19999694824219,301.1300048828125,268.4700012207031,341.92999267578125,581.489990234375,74.2300033569336,301.0400085449219,268.2900085449219,341.739990234375,581.2645263671875,74.19000244140625,301.1199951171875,268.29998779296875,341.739990234375,581.27001953125,74.19999694824219,50772,44381,31710,12521,29709
2026-08-12 14:31:00-04:00,301.2200012207031,268.4549865722656,341.95001220703125,581.5700073242188,74.20500183105469,301.25,268.4700012207031,341.95001220703125,581.6500244140625,74.20999908447266,301.07000732421875,268.3599853515625,341.7799987792969,581.219970703125,74.19999694824219,301.07000732421875,268.42999267578125,341.9049987792969,581.219970703125,74.20989990234375,117273,30599,23062,14933,13173
2026-08-12 14:32:00-04:00,301.18499755859375,268.409912109375,342.0849914550781,581.85498046875,74.25980377197266,301.2554931640625,268.57000732421875,342.0946044921875,581.9600219726562,74.25980377197266,301.17999267578125,268.3399963378906,341.8999938964844,581.5999755859375,74.19999694824219,301.2200012207031,268.4653015136719,341.92999267578125,581.6300048828125,74.20500183105469,61433,70043,35603,36462,28041
2026-08-12 14:33:00-04:00,301.2799987792969,268.239990234375,342.04998779296875,581.8300170898438,74.25499725341797,301.3500061035156,268.4049987792969,342.2099914550781,581.989990234375,74.2699966430664,301.1700134277344,268.17999267578125,342.0249938964844,581.6104736328125,74.25,301.17999267578125,268.4049987792969,342.0849914550781,581.8200073242188,74.25509643554688,56027,80610,26118,169965,26534
2026-08-12 14:34:00-04:00,301.2449951171875,268.3399963378906,342.1400146484375,582.1500244140625,74.32499694824219,301.30999755859375,268.3999938964844,342.14990234375,582.1599731445312,74.33000183105469,301.239990234375,268.2099914550781,342.0101013183594,581.8200073242188,74.25509643554688,301.2799987792969,268.22088623046875,342.05999755859375,581.8200073242188,74.25509643554688,62009,42244,18379,27479,34491
2026-08-12 14:35:00-04:00,301.2850036621094,268.32000732421875,342.2099914550781,582.4249877929688,74.2925033569336,301.30999755859375,268.3699951171875,342.25,582.469970703125,74.33000183105469,301.25,268.2799987792969,342.1099853515625,582.1104736328125,74.2925033569336,301.25,268.3399963378906,342.1099853515625,582.1500244140625,74.32499694824219,41558,24988,27457,15475,94318
2026-08-12 14:36:00-04:00,301.239990234375,268.42498779296875,342.2300109863281,582.6699829101562,74.29000091552734,301.3299865722656,268.44500732421875,342.32000732421875,582.6773071289062,74.30000305175781,301.239990234375,268.32000732421875,342.17999267578125,582.4249877929688,74.28009796142578,301.2900085449219,268.32000732421875,342.239990234375,582.4249877929688,74.30000305175781,42924,37840,21133,32242,14931
2026-08-12 14:37:00-04:00,301.1199951171875,268.55999755859375,342.07049560546875,582.8800048828125,74.27999877929688,301.260009765625,268.6099853515625,342.30059814453125,582.9000244140625,74.30000305175781,301.1199951171875,268.3999938964844,341.95001220703125,582.5700073242188,74.27999877929688,301.260009765625,268.42999267578125,342.2449951171875,582.6400146484375,74.29499816894531,66922,50173,28840,35727,25046
2026-08-12 14:38:00-04:00,301.20001220703125,268.5780944824219,342.0799865722656,582.5499877929688,74.30500030517578,301.2200012207031,268.67999267578125,342.1199951171875,582.9799194335938,74.31500244140625,301.1000061035156,268.55999755859375,342.03009033203125,582.469970703125,74.25499725341797,301.1199951171875,268.6000061035156,342.1000061035156,582.8599853515625,74.28130340576172,87274,37553,16187,32007,49355
2026-08-12 14:39:00-04:00,301.1199951171875,268.6499938964844,342.30810546875,582.8099975585938,74.29499816894531,301.2200012207031,268.6499938964844,342.3299865722656,582.8800048828125,74.30500030517578,301.114990234375,268.55999755859375,342.010009765625,582.4650268554688,74.28500366210938,301.2049865722656,268.5849914550781,342.07000732421875,582.5549926757812,74.30500030517578,38076,22965,21464,18717,13432
2026-08-12 14:40:00-04:00,301.19000244140625,268.7149963378906,342.5150146484375,583.0800170898438,74.29000091552734,301.2099914550781,268.739990234375,342.5299987792969,583.1500244140625,74.29979705810547,301.0799865722656,268.614990234375,342.2900085449219,582.7100219726562,74.2750015258789,301.1199951171875,268.6400146484375,342.30999755859375,582.8099975585938,74.2959976196289,106378,26775,33070,34965,22819
2026-08-12 14:41:00-04:00,301.5199890136719,268.7699890136719,342.4599914550781,583.1904907226562,74.28500366210938,301.5400085449219,268.7986145019531,342.5346984863281,583.4503173828125,74.30000305175781,301.1400146484375,268.67999267578125,342.31500244140625,583.0800170898438,74.28500366210938,301.1900939941406,268.7149963378906,342.5199890136719,583.114990234375,74.29000091552734,110130,56638,34555,30384,17743
2026-08-12 14:42:00-04:00,301.32000732421875,268.8399963378906,342.4549865722656,583.4849853515625,74.29499816894531,301.5199890136719,268.9100036621094,342.489990234375,583.6489868164062,74.31999969482422,301.30999755859375,268.7705078125,342.3706970214844,583.1900024414062,74.29000091552734,301.5199890136719,268.7705078125,342.4599914550781,583.260009765625,74.29000091552734,59447,45499,27211,31772,43763
2026-08-12 14:43:00-04:00,301.4200134277344,268.9200134277344,342.510009765625,583.5206909179688,74.31999969482422,301.42999267578125,268.9200134277344,342.5299987792969,583.6782836914062,74.31999969482422,301.30999755859375,268.7806091308594,342.42999267578125,583.4500122070312,74.29000091552734,301.3299865722656,268.82000732421875,342.4800109863281,583.530029296875,74.29499816894531,83485,45832,21267,37628,18005
2026-08-12 14:44:00-04:00,301.42498779296875,268.9200134277344,342.5299987792969,583.3319702148438,74.31500244140625,301.5199890136719,269.05999755859375,342.54998779296875,583.530029296875,74.33000183105469,301.375,268.8900146484375,342.4023132324219,583.0999755859375,74.30000305175781,301.4100036621094,268.92999267578125,342.5,583.489990234375,74.31729888916016,376051,46471,24948,28292,20693
2026-08-12 14:45:00-04:00,301.3599853515625,268.989501953125,342.5199890136719,583.4208984375,74.2699966430664,301.4800109863281,268.989990234375,342.5799865722656,583.530029296875,74.31999969482422,301.34100341796875,268.8900146484375,342.4599914550781,583.260009765625,74.2699966430664,301.42498779296875,268.9100036621094,342.510009765625,583.3200073242188,74.31999969482422,48818,46051,24950,19865,22740
2026-08-12 14:46:00-04:00,301.5899963378906,269.0249938964844,342.4949951171875,582.7600708007812,74.32499694824219,301.6199951171875,269.05999755859375,342.5392150878906,583.6699829101562,74.33000183105469,301.3599853515625,268.8800048828125,342.4130859375,582.6900024414062,74.26499938964844,301.3599853515625,268.9700012207031,342.5249938964844,583.4799194335938,74.2699966430664,93673,59051,17873,39386,30463
2026-08-12 14:47:00-04:00,301.6798095703125,269.1099853515625,342.5,582.6047973632812,74.31500244140625,301.9200134277344,269.139892578125,342.53900146484375,583.1306762695312,74.33000183105469,301.5299987792969,269.0201110839844,342.4700012207031,582.47998046875,74.30999755859375,301.5899963378906,269.0249938964844,342.4841003417969,582.8099975585938,74.32499694824219,249715,39776,16854,33342,18350
2026-08-12 14:48:00-04:00,301.73590087890625,269.17388916015625,342.4100036621094,582.989990234375,74.30500030517578,302.0398864746094,269.17999267578125,342.5199890136719,582.989990234375,74.31500244140625,301.6700134277344,269.07501220703125,342.37451171875,582.5401000976562,74.29010009765625,301.70001220703125,269.1199951171875,342.510009765625,582.6799926757812,74.31500244140625,307301,38514,20428,18060,13699
2026-08-12 14:49:00-04:00,301.69000244140625,269.1600036621094,342.2359924316406,582.72998046875,74.31500244140625,301.739990234375,269.19000244140625,342.3999938964844,583.0338745117188,74.31999969482422,301.6400146484375,269.1300048828125,342.17999267578125,582.6500244140625,74.29000091552734,301.739990234375,269.18951416015625,342.3500061035156,582.8800048828125,74.30500030517578,61208,36816,22469,62262,17098
2026-08-12 14:50:00-04:00,301.7099914550781,269.1099853515625,342.239990234375,582.3699951171875,74.30000305175781,301.8092956542969,269.2398986816406,342.2799987792969,582.8400268554688,74.31999969482422,301.69000244140625,269.05999755859375,342.1705017089844,582.25,74.29499816894531,301.69000244140625,269.1650085449219,342.2099914550781,582.7150268554688,74.31500244140625,73273,47053,26566,17830,29445
2026-08-12 14:51:00-04:00,301.6225891113281,269.18499755859375,342.3800048828125,582.530029296875,74.31500244140625,301.739990234375,269.239990234375,342.3800048828125,582.6387939453125,74.31500244140625,301.6199951171875,269.07000732421875,342.2349853515625,582.2615966796875,74.30000305175781,301.7099914550781,269.125,342.239990234375,582.2999877929688,74.30500030517578,35543,40380,21865,17573,11679
2026-08-12 14:52:00-04:00,301.6700134277344,269.06500244140625,342.44500732421875,582.6699829101562,74.32499694824219,301.7099914550781,269.19000244140625,342.4599914550781,582.6699829101562,74.32980346679688,301.6000061035156,269.04998779296875,342.3599853515625,582.4299926757812,74.30999755859375,301.635009765625,269.19000244140625,342.3599853515625,582.5349731445312,74.31500244140625,55908,34597,16945,15492,13422
2026-08-12 14:53:00-04:00,301.5199890136719,268.989990234375,342.3089904785156,581.22998046875,74.28500366210938,302.0,269.0799865722656,342.44000244140625,582.6500244140625,74.32009887695312,301.5,268.989990234375,342.2807922363281,581.22998046875,74.2750015258789,301.67999267578125,269.05999755859375,342.44000244140625,582.530029296875,74.32009887695312,56740,51795,10250,41573,42631
2026-08-12 14:54:00-04:00,301.57501220703125,268.9200134277344,342.3453063964844,581.02001953125,74.30500030517578,301.5799865722656,268.9601135253906,342.3800048828125,581.4000244140625,74.30999755859375,301.5,268.8299865722656,342.2200012207031,581.02001953125,74.2750015258789,301.5199890136719,268.9601135253906,342.29998779296875,581.2650146484375,74.28500366210938,49356,35757,26450,23317,49741
2026-08-12 14:55:00-04:00,301.7799987792969,268.9549865722656,342.3800964355469,580.3599853515625,74.30999755859375,301.8299865722656,268.9750061035156,342.4100036621094,581.1400146484375,74.31500244140625,301.5400085449219,268.8500061035156,342.2911071777344,580.219970703125,74.30500030517578,301.57000732421875,268.9150085449219,342.3399963378906,581.0900268554688,74.30999755859375,75995,39678,28074,36206,16763
2026-08-12 14:56:00-04:00,301.7300109863281,269.07000732421875,342.4399108886719,580.4099731445312,74.31500244140625,301.82000732421875,269.1199951171875,342.5,580.469970703125,74.32499694824219,301.7200012207031,268.95001220703125,342.3500061035156,580.2000122070312,74.30000305175781,301.7799987792969,268.9519958496094,342.4200134277344,580.3699951171875,74.31999969482422,42143,40342,14314,37576,30405
2026-08-12 14:57:00-04:00,301.5950012207031,268.95001220703125,342.398193359375,579.8773803710938,74.30000305175781,301.7398986816406,269.0701904296875,342.489990234375,580.4099731445312,74.31500244140625,301.5799865722656,268.8800964355469,342.3700866699219,579.5599975585938,74.30000305175781,301.7300109863281,269.0701904296875,342.4200134277344,580.3499755859375,74.31500244140625,43688,34692,18088,32388,16759
2026-08-12 14:58:00-04:00,301.4700012207031,268.97039794921875,342.4700012207031,579.780029296875,74.27010345458984,301.6199951171875,269.0398864746094,342.510009765625,579.9500122070312,74.30509948730469,301.45001220703125,268.9549865722656,342.3900146484375,579.4600219726562,74.2699966430664,301.6099853515625,268.9599914550781,342.3900146484375,579.8049926757812,74.30500030517578,50203,29462,19150,42716,20320
2026-08-12 14:59:00-04:00,301.4100036621094,268.92498779296875,342.45001220703125,579.8800048828125,74.2750015258789,301.4750061035156,268.997802734375,342.5299987792969,579.989990234375,74.30000305175781,301.3399963378906,268.9150085449219,342.3999938964844,579.7000122070312,74.26000213623047,301.4750061035156,268.997802734375,342.4599914550781,579.7449951171875,74.2750015258789,124186,19218,28547,25555,53381
2026-08-12 15:00:00-04:00,301.43499755859375,269.0249938964844,342.69000244140625,579.4000244140625,74.30000305175781,301.4800109863281,269.0498962402344,342.7300109863281,579.9299926757812,74.30000305175781,301.375,268.9100036621094,342.42889404296875,579.280029296875,74.27120208740234,301.419189453125,268.94000244140625,342.44000244140625,579.8250122070312,74.2750015258789,49492,37520,33945,28552,17610
2026-08-12 15:01:00-04:00,301.4949951171875,269.07000732421875,342.70001220703125,579.4349975585938,74.24500274658203,301.5350036621094,269.1099853515625,342.7898864746094,579.5999755859375,74.30000305175781,301.3900146484375,268.989990234375,342.6499938964844,579.3599853515625,74.23500061035156,301.43499755859375,269.0400085449219,342.6700134277344,579.510009765625,74.29499816894531,74142,70236,36243,27857,49136
2026-08-12 15:02:00-04:00,301.5350036621094,269.07598876953125,342.6400146484375,579.22998046875,74.25499725341797,301.57000732421875,269.1000061035156,342.70001220703125,579.4550170898438,74.26000213623047,301.4800109863281,269.0350036621094,342.5799865722656,579.0800170898438,74.23999786376953,301.5,269.07501220703125,342.70001220703125,579.4550170898438,74.24500274658203,35993,31089,17059,26070,24844
2026-08-12 15:03:00-04:00,301.5799865722656,269.07000732421875,342.70001220703125,579.8900146484375,74.26000213623047,301.5799865722656,269.1499938964844,342.7900085449219,579.9400024414062,74.26499938964844,301.52398681640625,269.0400085449219,342.5849914550781,579.0,74.25,301.53009033203125,269.07000732421875,342.6647033691406,579.1599731445312,74.25499725341797,45114,27707,29726,36544,22916
2026-08-12 15:04:00-04:00,301.4100036621094,269.1099853515625,342.7099914550781,579.9641723632812,74.2750015258789,301.58770751953125,269.1600036621094,342.82000732421875,580.1950073242188,74.28500366210938,301.3999938964844,269.05999755859375,342.6600036621094,579.8400268554688,74.2500991821289,301.5849914550781,269.07000732421875,342.70001220703125,579.9400024414062,74.26029968261719,41322,66923,40112,28612,34084
2026-08-12 15:05:00-04:00,301.3949890136719,269.0899963378906,342.6700134277344,579.9600219726562,74.2750015258789,301.45001220703125,269.1400146484375,342.739990234375,580.1599731445312,74.27999877929688,301.3800048828125,269.05999755859375,342.6200866699219,579.6400756835938,74.25499725341797,301.3999938964844,269.1000061035156,342.7200012207031,579.9400024414062,74.2750015258789,62110,33638,18477,24622,24519
2026-08-12 15:06:00-04:00,301.30999755859375,269.1400146484375,342.6099853515625,579.6099853515625,74.25499725341797,301.4100036621094,269.20001220703125,342.6899108886719,580.0,74.27999877929688,301.30999755859375,269.1000061035156,342.4700927734375,579.5800170898438,74.23999786376953,301.3999938964844,269.1000061035156,342.6899108886719,579.9650268554688,74.27020263671875,62920,32795,28460,22362,51621
2026-08-12 15:07:00-04:00,301.3450012207031,269.0849914550781,342.6300048828125,579.4600219726562,74.30500030517578,301.3598937988281,269.17999267578125,342.6400146484375,579.9899291992188,74.30999755859375,301.25,269.0849914550781,342.5599060058594,579.3900146484375,74.24500274658203,301.30999755859375,269.1400146484375,342.6199951171875,579.718994140625,74.25,75971,26938,27826,32040,50002
2026-08-12 15:08:00-04:00,301.2749938964844,268.9700012207031,342.75,579.4349975585938,74.30979919433594,301.3500061035156,269.1400146484375,342.7650146484375,579.5900268554688,74.32499694824219,301.25,268.95001220703125,342.6300048828125,579.2999877929688,74.30000305175781,301.3450012207031,269.07000732421875,342.6400146484375,579.5399169921875,74.30719757080078,86127,38702,30711,22137,32676
2026-08-12 15:09:00-04:00,301.2799987792969,268.92999267578125,342.8299865722656,579.3900146484375,74.31500244140625,301.3599853515625,268.989990234375,342.8800048828125,579.6599731445312,74.3499984741211,301.260986328125,268.92999267578125,342.76190185546875,579.3499755859375,74.30500030517578,301.2749938964844,268.9599914550781,342.7650146484375,579.510009765625,74.30500030517578,110150,26792,19810,38552,31366
2026-08-12 15:10:00-04:00,301.2900085449219,268.80499267578125,342.7699890136719,579.1849975585938,74.29499816894531,301.30999755859375,268.94500732421875,342.8399963378906,579.4500122070312,74.31999969482422,301.2500915527344,268.7900085449219,342.70001220703125,579.0499877929688,74.29000091552734,301.2900085449219,268.94500732421875,342.8299865722656,579.4199829101562,74.31500244140625,71613,38515,21254,25003,38672
2026-08-12 15:11:00-04:00,301.239990234375,268.9200134277344,342.8699951171875,579.4600219726562,74.30500030517578,301.32000732421875,268.95001220703125,342.8999938964844,579.6900024414062,74.30999755859375,301.239990234375,268.7799987792969,342.7500915527344,579.0867919921875,74.29000091552734,301.2799987792969,268.7799987792969,342.7500915527344,579.1300048828125,74.29419708251953,52131,29889,34189,22190,21143
2026-08-12 15:12:00-04:00,301.2300109863281,268.9800109863281,342.89898681640625,579.25,74.29499816894531,301.2900085449219,268.989990234375,342.9700012207031,579.6500244140625,74.31999969482422,301.2200012207031,268.91009521484375,342.8399963378906,579.1099853515625,74.29000091552734,301.239990234375,268.9150085449219,342.89471435546875,579.4199829101562,74.30500030517578,35977,28148,22904,23700,35951
2026-08-12 15:13:00-04:00,301.29998779296875,269.1000061035156,342.8599853515625,579.6400146484375,74.30580139160156,301.31988525390625,269.1000061035156,342.9419860839844,579.7067260742188,74.30999755859375,301.19000244140625,268.989990234375,342.79010009765625,579.1300048828125,74.28500366210938,301.2200012207031,268.989990234375,342.8999938964844,579.260009765625,74.29000091552734,50920,58565,21728,35834,24847
2026-08-12 15:14:00-04:00,301.2699890136719,269.05499267578125,342.8299865722656,579.8499755859375,74.30000305175781,301.42999267578125,269.0899963378906,342.9100036621094,579.9000244140625,74.31999969482422,301.2699890136719,269.0199890136719,342.7300109863281,579.5205078125,74.30000305175781,301.30999755859375,269.07000732421875,342.864990234375,579.635009765625,74.30999755859375,84294,21856,24484,24793,32584
2026-08-12 15:15:00-04:00,301.20001220703125,268.9800109863281,342.7099914550781,579.8049926757812,74.26499938964844,301.2799987792969,269.0400085449219,342.8599853515625,580.1599731445312,74.29989624023438,301.17999267578125,268.95001220703125,342.67999267578125,579.7205810546875,74.25,301.2749938964844,269.0400085449219,342.8599853515625,579.7999877929688,74.29499816894531,63672,19719,20757,36281,30299
2026-08-12 15:16:00-04:00,301.2699890136719,269.0,342.7099914550781,580.2677001953125,74.25499725341797,301.2900085449219,269.0199890136719,342.739990234375,580.2728881835938,74.268798828125,301.1700134277344,268.9049987792969,342.57000732421875,579.5999755859375,74.23500061035156,301.21209716796875,268.9700012207031,342.7049865722656,579.7750244140625,74.268798828125,55246,76369,11121,44545,38212
2026-08-12 15:17:00-04:00,301.2200012207031,268.82000732421875,342.5899963378906,580.1199951171875,74.24500274658203,301.2799987792969,268.989990234375,342.739990234375,580.280517578125,74.26000213623047,301.18359375,268.80999755859375,342.55999755859375,580.0399780273438,74.2300033569336,301.2799987792969,268.989990234375,342.7099914550781,580.2249755859375,74.25499725341797,42660,24405,10850,21606,24191
2026-08-12 15:18:00-04:00,301.2699890136719,268.79998779296875,342.4649963378906,579.89501953125,74.2300033569336,301.2777099609375,268.8699951171875,342.6400146484375,580.239990234375,74.25,301.2099914550781,268.69500732421875,342.44000244140625,579.8099975585938,74.2300033569336,301.2149963378906,268.82000732421875,342.6199951171875,580.0599975585938,74.24980163574219,47214,98592,22283,20846,28008
2026-08-12 15:19:00-04:00,301.2799987792969,268.8949890136719,342.55999755859375,580.375,74.23500061035156,301.29998779296875,268.9100036621094,342.5794982910156,580.489990234375,74.25,301.2300109863281,268.7850036621094,342.3756103515625,579.8099975585938,74.2249984741211,301.2699890136719,268.8299865722656,342.44000244140625,579.8599853515625,74.2300033569336,71029,42708,28421,43359,27409
2026-08-12 15:20:00-04:00,301.35400390625,268.8599853515625,342.7099914550781,580.9400024414062,74.24500274658203,301.3999938964844,268.92999267578125,342.7300109863281,580.9600219726562,74.25,301.2699890136719,268.80999755859375,342.5400085449219,580.3499755859375,74.22010040283203,301.2699890136719,268.8999938964844,342.5400085449219,580.4400024414062,74.2300033569336,69166,27929,31562,34004,37497
2026-08-12 15:21:00-04:00,301.2449951171875,268.7200012207031,342.5199890136719,580.1599731445312,74.24500274658203,301.3550109863281,268.8800048828125,342.7300109863281,581.155029296875,74.25990295410156,301.2300109863281,268.7200012207031,342.5154113769531,580.072021484375,74.24500274658203,301.3500061035156,268.864990234375,342.7200012207031,580.989990234375,74.25,64068,29079,16380,44728,26144
2026-08-12 15:22:00-04:00,301.2950134277344,268.75,342.5350036621094,580.1199951171875,74.2249984741211,301.29998779296875,268.7616882324219,342.55499267578125,580.3400268554688,74.23999786376953,301.2300109863281,268.67999267578125,342.48760986328125,580.0200805664062,74.21499633789062,301.2300109863281,268.7099914550781,342.48760986328125,580.1900024414062,74.23999786376953,36626,43403,9737,26502,36901
2026-08-12 15:23:00-04:00,301.3699035644531,268.6499938964844,342.6600036621094,580.1199951171875,74.24500274658203,301.44000244140625,268.7699890136719,342.70001220703125,580.3200073242188,74.2499008178711,301.2301940917969,268.6300964355469,342.4606018066406,579.7100219726562,74.22000122070312,301.2900085449219,268.7699890136719,342.5199890136719,580.02001953125,74.2249984741211,66818,37926,24673,42425,15940
2026-08-12 15:24:00-04:00,301.3699951171875,268.7149963378906,342.7200012207031,580.1900024414062,74.28500366210938,301.3999938964844,268.739990234375,342.739990234375,580.239990234375,74.29000091552734,301.32000732421875,268.6400146484375,342.6300048828125,580.0401000976562,74.23999786376953,301.3599853515625,268.6600036621094,342.6549987792969,580.1785278320312,74.23999786376953,57681,41167,23895,16233,24738
2026-08-12 15:25:00-04:00,301.4150085449219,268.73431396484375,342.8500061035156,580.2550048828125,74.29499816894531,301.44000244140625,268.760009765625,342.8599853515625,580.4266967773438,74.30999755859375,301.3599853515625,268.68499755859375,342.6700134277344,580.1400146484375,74.28500366210938,301.3699951171875,268.68499755859375,342.7200012207031,580.14111328125,74.29000091552734,70630,37010,31100,22983,51218
2026-08-12 15:26:00-04:00,301.3599853515625,268.80999755859375,342.75,580.14501953125,74.2699966430664,301.44000244140625,268.8399963378906,342.89990234375,580.4400024414062,74.29499816894531,301.3500061035156,268.7200012207031,342.7200012207031,580.0599975585938,74.26000213623047,301.4150085449219,268.7300109863281,342.8550109863281,580.260009765625,74.29499816894531,66099,40963,13331,28335,78682
2026-08-12 15:27:00-04:00,301.57501220703125,268.83740234375,342.70001220703125,580.22998046875,74.2750015258789,301.6700134277344,268.9150085449219,342.7799987792969,580.3099975585938,74.29000091552734,301.3500061035156,268.7900085449219,342.6700134277344,580.0999755859375,74.26010131835938,301.35699462890625,268.79998779296875,342.7200012207031,580.22998046875,74.27439880371094,139379,48936,22557,14651,24956
2026-08-12 15:28:00-04:00,301.65570068359375,268.8299865722656,342.6549987792969,580.4600830078125,74.25199890136719,301.67999267578125,268.92498779296875,342.7926025390625,580.619873046875,74.27999877929688,301.57989501953125,268.8299865722656,342.6405029296875,580.1901245117188,74.25199890136719,301.5899963378906,268.8500061035156,342.70001220703125,580.2249755859375,74.2699966430664,53221,44863,17355,33367,23107
2026-08-12 15:29:00-04:00,301.67999267578125,268.79998779296875,342.54998779296875,580.5999755859375,74.23500061035156,301.7099914550781,268.8699951171875,342.6700134277344,580.6400146484375,74.25499725341797,301.5899963378906,268.7598876953125,342.510009765625,580.375,74.23500061035156,301.6549987792969,268.8399963378906,342.6300048828125,580.5499877929688,74.25,85292,48338,11331,32280,62452
2026-08-12 15:30:00-04:00,301.8900146484375,268.9150085449219,342.875,580.635009765625,74.28500366210938,301.92999267578125,268.9599914550781,342.8800048828125,580.7374877929688,74.28990173339844,301.6099853515625,268.75,342.54998779296875,580.3900146484375,74.2300033569336,301.6700134277344,268.79998779296875,342.55999755859375,580.6500244140625,74.23500061035156,128521,62284,39966,31708,31000
2026-08-12 15:31:00-04:00,301.95001220703125,268.9700012207031,342.7200012207031,580.5750122070312,74.26599884033203,301.9599914550781,269.0400085449219,342.9100036621094,580.9299926757812,74.30999755859375,301.7640075683594,268.9100036621094,342.6600036621094,580.4099731445312,74.26499938964844,301.8900146484375,268.9100036621094,342.8550109863281,580.5599975585938,74.29000091552734,106370,63834,26555,27403,44029
2026-08-12 15:32:00-04:00,301.7950134277344,268.93499755859375,342.57000732421875,580.6400146484375,74.2699966430664,302.0,269.010009765625,342.7449951171875,580.6898803710938,74.28500366210938,301.7900085449219,268.9049987792969,342.55999755859375,580.4600219726562,74.26000213623047,301.9549865722656,268.9700012207031,342.739990234375,580.6099853515625,74.26000213623047,116088,49845,21010,17052,88667
2026-08-12 15:33:00-04:00,301.94500732421875,268.8550109863281,342.19000244140625,580.3200073242188,74.25,302.039794921875,268.9800109863281,342.6400146484375,580.6099853515625,74.27999877929688,301.7799987792969,268.7749938964844,342.1000061035156,580.030029296875,74.23999786376953,301.7950134277344,268.92999267578125,342.55999755859375,580.5499877929688,74.2699966430664,89054,56981,41940,35333,48326
2026-08-12 15:34:00-04:00,301.8949890136719,268.80999755859375,342.5199890136719,580.2449951171875,74.23500061035156,301.9599914550781,268.94000244140625,342.57000732421875,580.5399780273438,74.25509643554688,301.8500061035156,268.80499267578125,342.1700134277344,580.2374877929688,74.2300033569336,301.9599914550781,268.8550109863281,342.1700134277344,580.3200073242188,74.24500274658203,84728,63323,38490,36030,45672
2026-08-12 15:35:00-04:00,301.79998779296875,268.8500061035156,342.54998779296875,580.510009765625,74.20059967041016,301.92498779296875,268.8500061035156,342.54998779296875,580.5900268554688,74.23999786376953,301.75,268.69000244140625,342.4200134277344,580.1699829101562,74.20059967041016,301.8949890136719,268.7900085449219,342.4949951171875,580.1799926757812,74.2249984741211,91249,99131,26006,27187,39428
2026-08-12 15:36:00-04:00,301.875,268.67999267578125,342.385009765625,580.6950073242188,74.20500183105469,301.8800048828125,268.8399963378906,342.56500244140625,580.7899780273438,74.20999908447266,301.7699890136719,268.67999267578125,342.3500061035156,580.52001953125,74.19000244140625,301.79998779296875,268.8399963378906,342.5350036621094,580.52001953125,74.19999694824219,67931,63959,28793,27703,47829
2026-08-12 15:37:00-04:00,301.94500732421875,268.5799865722656,342.375,580.6099853515625,74.20500183105469,301.9599914550781,268.7550048828125,342.39849853515625,580.719970703125,74.20999908447266,301.8599853515625,268.5799865722656,342.1400146484375,580.5700073242188,74.19000244140625,301.875,268.6700134277344,342.32000732421875,580.6599731445312,74.19999694824219,83439,60342,38673,20217,31986
2026-08-12 15:38:00-04:00,301.8800048828125,268.6000061035156,342.31500244140625,580.9299926757812,74.22000122070312,301.95001220703125,268.6400146484375,342.3999938964844,581.0800170898438,74.2300033569336,301.85009765625,268.4601135253906,342.2699890136719,580.4000244140625,74.20500183105469,301.94500732421875,268.5799865722656,342.3800048828125,580.6099853515625,74.20500183105469,122270,79412,19077,42753,37758
2026-08-12 15:39:00-04:00,301.6000061035156,268.6199951171875,342.5150146484375,580.7122192382812,74.19499969482422,301.8800048828125,268.635009765625,342.5400085449219,581.0,74.22000122070312,301.5400085449219,268.5299987792969,342.29998779296875,580.4000244140625,74.19000244140625,301.8800048828125,268.6058044433594,342.30999755859375,581.0,74.20999908447266,153059,41659,32456,32890,30879
2026-08-12 15:40:00-04:00,301.38800048828125,268.5400085449219,342.55999755859375,580.8300170898438,74.17500305175781,301.59991455078125,268.6199951171875,342.5791015625,580.9598999023438,74.19000244140625,301.3599853515625,268.5199890136719,342.3500061035156,580.52001953125,74.15010070800781,301.59991455078125,268.6000061035156,342.5199890136719,580.6500854492188,74.19000244140625,163751,90187,32835,24299,34420
2026-08-12 15:41:00-04:00,301.2699890136719,268.6099853515625,342.625,580.9550170898438,74.1719970703125,301.3999938964844,268.625,342.6400146484375,581.0499877929688,74.17990112304688,301.2699890136719,268.5199890136719,342.4100036621094,580.75,74.16000366210938,301.3900146484375,268.5199890136719,342.57000732421875,580.8250122070312,74.17500305175781,92062,47925,43673,24729,26305
2026-08-12 15:42:00-04:00,301.07281494140625,268.7149963378906,342.55999755859375,581.2000122070312,74.16429901123047,301.2699890136719,268.7300109863281,342.6499938964844,581.2985229492188,74.19989776611328,301.0,268.6199951171875,342.5299987792969,580.9099731445312,74.16000366210938,301.260009765625,268.6199951171875,342.625,580.9400024414062,74.16999816894531,328632,45454,16413,30778,43512
2026-08-12 15:43:00-04:00,301.42999267578125,268.8399963378906,343.05999755859375,581.6199951171875,74.22989654541016,301.4599914550781,268.8550109863281,343.07000732421875,581.655029296875,74.25499725341797,301.05999755859375,268.68499755859375,342.29010009765625,581.2000122070312,74.16500091552734,301.05999755859375,268.70001220703125,342.5600891113281,581.219970703125,74.16999816894531,128815,45169,69661,37829,91361
2026-08-12 15:44:00-04:00,301.5950012207031,268.8599853515625,343.2699890136719,581.6898803710938,74.20500183105469,301.5950012207031,268.8800048828125,343.3599853515625,581.7799072265625,74.25,301.3699951171875,268.80499267578125,343.0350036621094,581.4500122070312,74.19999694824219,301.4200134277344,268.8599853515625,343.0350036621094,581.6843872070312,74.23500061035156,61055,48981,47095,28663,76191
2026-08-12 15:45:00-04:00,301.55999755859375,268.7449951171875,343.0299987792969,581.875,74.21499633789062,301.6700134277344,268.8900146484375,343.3800048828125,582.22998046875,74.22879791259766,301.4800109863281,268.7099914550781,342.9200134277344,581.4901123046875,74.19999694824219,301.6000061035156,268.8800048828125,343.25,581.5900268554688,74.20500183105469,187255,75303,49074,63978,45363
2026-08-12 15:46:00-04:00,301.3500061035156,268.7449951171875,342.8599853515625,581.5999755859375,74.18499755859375,301.58990478515625,268.79998779296875,343.07000732421875,582.0,74.22000122070312,301.3500061035156,268.6499938964844,342.75,581.2999877929688,74.16999816894531,301.57000732421875,268.7550048828125,343.0299987792969,581.875,74.20999908447266,149994,77437,35882,46315,45321
2026-08-12 15:47:00-04:00,301.4258117675781,268.7900085449219,343.2900085449219,581.673583984375,74.18000030517578,301.4700012207031,268.7900085449219,343.2900085449219,581.7399291992188,74.19999694824219,301.260009765625,268.7200012207031,342.8599853515625,581.4199829101562,74.17500305175781,301.3699951171875,268.75,342.875,581.47998046875,74.18499755859375,144577,68795,29080,35937,41001
2026-08-12 15:48:00-04:00,301.42999267578125,268.54998779296875,343.4049987792969,581.47998046875,74.15499877929688,301.4649963378906,268.7799987792969,343.4881896972656,581.75,74.16999816894531,301.260009765625,268.5400085449219,343.260009765625,581.3599853515625,74.1500015258789,301.4200134277344,268.7799987792969,343.29998779296875,581.6900024414062,74.16999816894531,149692,64519,26713,43296,41202
2026-08-12 15:49:00-04:00,301.55999755859375,268.6299133300781,343.0899963378906,581.6699829101562,74.17500305175781,301.5899963378906,268.6700134277344,343.4200134277344,581.8200073242188,74.17500305175781,301.4200134277344,268.5199890136719,343.0,581.3599853515625,74.15499877929688,301.43499755859375,268.5639953613281,343.4049987792969,581.4600219726562,74.15499877929688,109484,68775,57439,30109,37913
2026-08-12 15:50:00-04:00,301.4800109863281,268.1650085449219,342.6099853515625,580.2050170898438,74.12000274658203,301.6199951171875,268.6000061035156,343.0899963378906,581.5900268554688,74.18000030517578,301.3500061035156,268.0799865722656,342.55999755859375,580.1571044921875,74.12000274658203,301.57000732421875,268.5799865722656,343.0899963378906,581.5900268554688,74.18000030517578,177247,146079,44018,79664,75820
2026-08-12 15:51:00-04:00,301.80499267578125,268.11981201171875,342.4849853515625,580.0549926757812,74.10009765625,301.8299865722656,268.19000244140625,342.6400146484375,580.2100219726562,74.12000274658203,301.44000244140625,268.0299987792969,342.4259948730469,579.6799926757812,74.09500122070312,301.4750061035156,268.1449890136719,342.5899963378906,580.2050170898438,74.12000274658203,102124,94927,32692,105071,54442
2026-08-12 15:52:00-04:00,301.6499938964844,268.1499938964844,342.42999267578125,580.2650146484375,74.1050033569336,301.8500061035156,268.260009765625,342.57000732421875,580.3900146484375,74.11000061035156,301.41009521484375,268.1199951171875,342.4200134277344,579.9400024414062,74.06999969482422,301.7900085449219,268.1199951171875,342.4599914550781,580.0900268554688,74.0999984741211,150979,99696,30312,67157,79621
2026-08-12 15:53:00-04:00,301.5799865722656,268.10400390625,342.4800109863281,580.8800048828125,74.19000244140625,301.6700134277344,268.25,342.5799865722656,580.9099731445312,74.19000244140625,301.3800048828125,268.0400085449219,342.377197265625,580.0999755859375,74.08499908447266,301.6549987792969,268.1199951171875,342.44500732421875,580.2349853515625,74.1050033569336,144907,97562,40406,77342,87510
2026-08-12 15:54:00-04:00,301.3699951171875,267.7850036621094,342.45001220703125,579.9400024414062,74.18499755859375,301.6700134277344,268.1300048828125,342.54998779296875,581.7100219726562,74.20999908447266,301.1499938964844,267.70001220703125,342.2799987792969,579.75,74.1500015258789,301.5899963378906,268.1199951171875,342.4849853515625,580.969970703125,74.19000244140625,229458,173462,54546,107239,101756
2026-08-12 15:55:00-04:00,301.3949890136719,267.4599914550781,342.364990234375,579.0850219726562,74.15499877929688,301.67498779296875,267.8349914550781,342.64520263671875,580.1300048828125,74.20999908447266,301.32000732421875,267.3500061035156,342.30999755859375,578.9500122070312,74.1500015258789,301.3599853515625,267.82000732421875,342.489990234375,579.8499755859375,74.19000244140625,302366,326933,64318,133932,150166
2026-08-12 15:56:00-04:00,301.6050109863281,267.32501220703125,342.3999938964844,579.0399780273438,74.19499969482422,301.6300048828125,267.6300048828125,342.45001220703125,579.1599731445312,74.19999694824219,301.364990234375,267.2950134277344,342.2200012207031,578.7999877929688,74.13500213623047,301.3900146484375,267.4549865722656,342.364990234375,579.0499877929688,74.15499877929688,233875,233367,59811,125997,137734
2026-08-12 15:57:00-04:00,301.7749938964844,267.17999267578125,342.45001220703125,578.719970703125,74.2300033569336,301.7900085449219,267.4100036621094,342.5799865722656,579.0499877929688,74.23999786376953,301.4100036621094,267.1000061035156,342.2900085449219,578.6799926757812,74.19000244140625,301.6199951171875,267.32501220703125,342.4100036621094,579.030029296875,74.19499969482422,364776,318006,78838,144930,165104
2026-08-12 15:58:00-04:00,301.9100036621094,267.19000244140625,342.3999938964844,578.77001953125,74.19999694824219,301.989990234375,267.239990234375,342.5,579.0,74.25,301.7699890136719,267.1099853515625,342.3599853515625,578.7100219726562,74.19000244140625,301.7799987792969,267.17999267578125,342.4599914550781,578.75,74.2300033569336,411855,373308,99449,161013,287111
2026-08-12 15:59:00-04:00,302.2250061035156,267.30999755859375,342.32000732421875,578.8499755859375,74.19999694824219,302.25,267.3999938964844,342.4599914550781,579.0999755859375,74.2300033569336,301.8299865722656,267.1050109863281,342.2900085449219,578.552490234375,74.1500015258789,301.92999267578125,267.18499755859375,342.4100036621094,578.72998046875,74.19999694824219,808816,672186,202248,349664,669656
2026-08-13 09:30:00-04:00,302.5299987792969,265.95001220703125,342.85400390625,585.1801147460938,76.36499786376953,304.260009765625,267.2449951171875,345.3699951171875,585.4099731445312,76.4800033569336,302.04998779296875,265.5799865722656,342.55999755859375,579.4299926757812,75.9000015258789,304.25799560546875,267.2349853515625,344.57000732421875,580.375,76.15499877929688,4437052,1186654,610041,544551,1888084
2026-08-13 09:31:00-04:00,303.010009765625,266.70001220703125,342.9800109863281,585.1882934570312,75.56999969482422,303.2961120605469,266.70001220703125,343.57000732421875,586.47998046875,76.4800033569336,302.3399963378906,265.7200012207031,342.5299987792969,584.6099853515625,75.55500030517578,302.55999755859375,265.989990234375,342.8900146484375,584.9600219726562,76.37000274658203,145947,190357,81179,119157,390117
2026-08-13 09:32:00-04:00,302.9849853515625,267.17779541015625,343.5599060058594,586.1400146484375,75.7300033569336,303.1700134277344,267.489990234375,343.6400146484375,586.2091064453125,75.87999725341797,302.8299865722656,266.64111328125,343.05999755859375,584.9299926757812,75.54000091552734,303.0799865722656,266.69000244140625,343.05999755859375,585.47998046875,75.55500030517578,114834,204871,46620,69805,205203
2026-08-13 09:33:00-04:00,303.7699890136719,267.29998779296875,343.260009765625,585.010009765625,75.52179718017578,303.8800048828125,267.54998779296875,343.70001220703125,586.95361328125,75.7300033569336,302.8599853515625,266.94000244140625,343.0899963378906,585.010009765625,75.44999694824219,302.9599914550781,267.1099853515625,343.54998779296875,586.22998046875,75.7300033569336,173896,222960,44214,85961,206676
2026-08-13 09:34:00-04:00,303.8900146484375,267.8450012207031,343.80999755859375,586.0700073242188,76.18499755859375,303.9898986816406,268.2300109863281,343.80999755859375,586.4199829101562,76.18499755859375,303.44000244140625,267.2950134277344,343.1199951171875,585.0601196289062,75.45999908447266,303.7650146484375,267.29998779296875,343.1300048828125,585.1500244140625,75.51000213623047,143024,232380,58316,49528,216813
2026-08-13 09:35:00-04:00,303.8349914550781,267.739990234375,343.6499938964844,585.8099975585938,76.37000274658203,304.0400085449219,268.1799011230469,344.0299987792969,586.260009765625,76.54000091552734,303.6499938964844,267.6549987792969,343.3800048828125,585.510009765625,76.18000030517578,303.8900146484375,267.8699951171875,343.80999755859375,586.1824951171875,76.18000030517578,215896,175863,55003,51445,504852
2026-08-13 09:36:00-04:00,304.1400146484375,267.75,344.1099853515625,586.9149780273438,76.80500030517578,304.1700134277344,268.1400146484375,344.1300048828125,586.9299926757812,76.86000061035156,303.79998779296875,267.6000061035156,343.5476989746094,585.1500244140625,76.4000015258789,303.8550109863281,267.7550048828125,343.5553894042969,585.844970703125,76.4000015258789,110277,147204,49743,54887,422245
2026-08-13 09:37:00-04:00,304.57000732421875,267.0899963378906,343.510009765625,587.405029296875,76.63999938964844,304.5799865722656,268.0249938964844,344.4800109863281,587.8790283203125,76.84500122070312,303.9649963378906,267.04998779296875,343.5,586.746826171875,76.55000305175781,304.1700134277344,267.7699890136719,344.1300048828125,586.746826171875,76.80999755859375,123836,114755,58663,62725,320753
2026-08-13 09:38:00-04:00,304.3500061035156,267.4649963378906,343.9700012207031,588.125,76.75,304.75,267.5450134277344,344.0199890136719,588.3800048828125,76.76000213623047,304.2099914550781,267.0849914550781,343.0419921875,587.3934936523438,76.55259704589844,304.5350036621094,267.0849914550781,343.5400085449219,587.4998779296875,76.63999938964844,162811,179825,59149,83358,197475
2026-08-13 09:39:00-04:00,304.5050048828125,268.0400085449219,344.0150146484375,588.2650146484375,76.75990295410156,304.6400146484375,268.19000244140625,344.3599853515625,588.469970703125,76.87000274658203,304.0199890136719,267.2300109863281,343.79998779296875,587.5900268554688,76.69000244140625,304.3599853515625,267.3999938964844,344.1000061035156,588.010009765625,76.75,144380,159273,58285,47122,270208
2026-08-13 09:40:00-04:00,304.57000732421875,268.4150085449219,343.56500244140625,588.7000122070312,76.75,304.7099914550781,268.54998779296875,344.0295104980469,589.6900024414062,76.81999969482422,304.3677062988281,267.93499755859375,343.125,588.010009765625,76.69999694824219,304.4700012207031,268.04998779296875,344.00469970703125,588.1865234375,76.73999786376953,111115,148236,74280,97441,152097
2026-08-13 09:41:00-04:00,304.0517883300781,268.4849853515625,343.6099853515625,588.8499755859375,76.66429901123047,304.70001220703125,268.70001220703125,344.1300048828125,589.5,76.79499816894531,303.9200134277344,268.28009033203125,343.55999755859375,588.6400146484375,76.6415023803711,304.5899963378906,268.3900146484375,343.56500244140625,588.760009765625,76.75,117360,141999,48763,50852,166132
2026-08-13 09:42:00-04:00,303.5199890136719,268.25,343.6700134277344,588.3599853515625,76.51860046386719,304.05999755859375,268.5299987792969,343.8399963378906,589.1998901367188,76.68499755859375,303.3800048828125,267.989990234375,343.44000244140625,588.1403198242188,76.41010284423828,304.0350036621094,268.510009765625,343.6600036621094,588.9500122070312,76.65499877929688,127647,83887,35021,34741,153269
2026-08-13 09:43:00-04:00,303.4849853515625,267.8299865722656,343.44500732421875,588.4149780273438,76.42880249023438,303.6899108886719,268.4100036621094,343.7799987792969,588.8699951171875,76.58499908447266,303.2500915527344,267.75,343.4200134277344,587.0601196289062,76.4000015258789,303.5350036621094,268.2950134277344,343.67999267578125,588.35498046875,76.54000091552734,103237,236830,41072,54009,167936
2026-08-13 09:44:00-04:00,303.4314880371094,268.135009765625,343.32501220703125,587.9099731445312,76.52310180664062,303.4895935058594,268.19000244140625,343.5299987792969,588.719970703125,76.5999984741211,303.18011474609375,267.70001220703125,343.2799987792969,587.8599853515625,76.4000015258789,303.4895935058594,267.80999755859375,343.4649963378906,588.4000854492188,76.41010284423828,65437,68060,48131,33878,117025
2026-08-13 09:45:00-04:00,303.4599914550781,268.625,343.6499938964844,586.9099731445312,76.68000030517578,303.57000732421875,268.70001220703125,343.6499938964844,588.0900268554688,76.69999694824219,303.2300109863281,268.125,343.20001220703125,586.5999755859375,76.51000213623047,303.4599914550781,268.125,343.3399963378906,587.75,76.51499938964844,116596,138523,62792,51150,157311
2026-08-13 09:46:00-04:00,303.0899963378906,268.6000061035156,343.79998779296875,585.510009765625,76.6500015258789,303.55999755859375,268.8179931640625,343.79998779296875,587.1400146484375,76.73999786376953,303.05999755859375,268.3800048828125,343.4800109863281,585.280029296875,76.6344985961914,303.4849853515625,268.5899963378906,343.6499938964844,586.780029296875,76.68000030517578,90543,112193,48544,57471,141643
2026-08-13 09:47:00-04:00,303.0199890136719,268.7699890136719,343.67999267578125,585.9400024414062,76.66000366210938,303.2900085449219,268.79998779296875,343.8500061035156,586.25,76.69999694824219,302.9200134277344,268.510009765625,343.45001220703125,584.8001098632812,76.54000091552734,303.10650634765625,268.5950012207031,343.8500061035156,585.4600219726562,76.66000366210938,169210,109210,34311,37879,123264
2026-08-13 09:48:00-04:00,303.42999267578125,268.6700134277344,344.0,586.8599853515625,76.74500274658203,303.42999267578125,268.9389953613281,344.0899963378906,586.9998779296875,76.76000213623047,302.9100036621094,268.52099609375,343.6700134277344,585.9400024414062,76.66010284423828,303.0199890136719,268.7900085449219,343.7099914550781,585.9400024414062,76.67469787597656,125122,120044,41844,43335,133046
2026-08-13 09:49:00-04:00,303.7300109863281,268.70001220703125,344.31500244140625,588.239990234375,76.83999633789062,303.92950439453125,268.8900146484375,344.54998779296875,588.39990234375,76.86000061035156,303.2650146484375,268.55999755859375,344.0,586.8101196289062,76.66500091552734,303.3999938964844,268.69000244140625,344.0,587.0,76.75990295410156,94680,82980,62267,56816,208483
2026-08-13 09:50:00-04:00,303.760009765625,268.6449890136719,344.0450134277344,588.2999877929688,76.8550033569336,303.989990234375,268.70001220703125,344.3550109863281,588.2999877929688,76.91999816894531,303.635009765625,268.5199890136719,343.7950134277344,585.1500244140625,76.81999969482422,303.7401123046875,268.6700134277344,344.3500061035156,588.2050170898438,76.86000061035156,95319,61362,76253,29745,169809
2026-08-13 09:51:00-04:00,304.17999267578125,268.8399963378906,344.1650085449219,588.8200073242188,76.93000030517578,304.19000244140625,268.8399963378906,344.29998779296875,589.0449829101562,76.94989776611328,303.7699890136719,268.5199890136719,343.9700012207031,588.2349853515625,76.66999816894531,303.7699890136719,268.6449890136719,344.1000061035156,588.2349853515625,76.83999633789062,105124,59076,67384,45519,147537
2026-08-13 09:52:00-04:00,304.15008544921875,268.54998779296875,344.30499267578125,589.4304809570312,77.0199966430664,304.239990234375,268.8900146484375,344.3799133300781,589.47998046875,77.0999984741211,303.8200988769531,268.4599914550781,344.1099853515625,588.7052001953125,76.87999725341797,304.1600036621094,268.8599853515625,344.17999267578125,588.7052001953125,76.91999816894531,91079,55653,50506,26921,421004
2026-08-13 09:53:00-04:00,304.3500061035156,268.6499938964844,343.80999755859375,589.260009765625,77.13050079345703,304.3500061035156,268.80999755859375,344.4150085449219,589.75,77.14990234375,303.92999267578125,268.55999755859375,343.6200866699219,588.989990234375,76.92009735107422,304.1600036621094,268.59991455078125,344.30999755859375,589.4240112304688,77.01000213623047,95310,69210,54286,48677,177298
2026-08-13 09:54:00-04:00,304.29998779296875,268.7099914550781,343.8699951171875,589.4796752929688,77.16500091552734,304.5,268.92498779296875,344.1300048828125,589.655029296875,77.19000244140625,304.20001220703125,268.65008544921875,343.75,588.969970703125,77.08999633789062,304.3500061035156,268.67999267578125,343.80999755859375,589.2100219726562,77.13999938964844,140270,76364,27743,38185,198191
2026-08-13 09:55:00-04:00,304.4549865722656,269.0350036621094,344.0899963378906,588.5700073242188,77.26000213623047,304.6400146484375,269.1600036621094,344.0899963378906,589.6199951171875,77.37000274658203,304.2699890136719,268.6700134277344,343.80999755859375,588.5,77.1449966430664,304.3299865722656,268.70001220703125,343.9100036621094,589.4437255859375,77.16500091552734,120060,135246,61703,38079,272856
2026-08-13 09:56:00-04:00,304.5249938964844,268.9700012207031,343.8818054199219,588.2999877929688,77.24500274658203,304.635009765625,269.0400085449219,344.0199890136719,588.8099975585938,77.26499938964844,304.3900146484375,268.760009765625,343.7749938964844,588.0499877929688,77.11000061035156,304.489990234375,269.0398864746094,344.0,588.719970703125,77.26000213623047,81445,80127,27537,44909,180534
2026-08-13 09:57:00-04:00,304.2950134277344,268.79998779296875,343.8500061035156,588.1539916992188,77.18000030517578,304.5851135253906,269.07000732421875,344.04998779296875,588.4000244140625,77.29000091552734,304.2699890136719,268.7799987792969,343.7200012207031,587.6281127929688,77.18000030517578,304.5249938964844,268.989990234375,343.75,588.2999877929688,77.24500274658203,86365,55983,32281,41954,153980
2026-08-13 09:58:00-04:00,304.6000061035156,269.1099853515625,343.8399963378906,588.5150146484375,76.98999786376953,304.6000061035156,269.1300048828125,343.8699951171875,588.6199951171875,77.19249725341797,304.2799987792969,268.7250061035156,343.6423034667969,588.030029296875,76.97000122070312,304.30999755859375,268.79998779296875,343.82000732421875,588.076904296875,77.19000244140625,79230,87518,43230,25705,158999
2026-08-13 09:59:00-04:00,304.5801086425781,269.25,343.79998779296875,588.39501953125,76.87999725341797,304.6099853515625,269.3900146484375,343.95001220703125,588.8300170898438,77.0250015258789,304.4100036621094,268.94500732421875,343.75,588.0599975585938,76.86000061035156,304.6000061035156,269.1300048828125,343.8399963378906,588.6300048828125,76.9800033569336,82431,127655,36719,25154,136690
2026-08-13 10:00:00-04:00,304.5199890136719,269.2200012207031,344.1850891113281,589.5900268554688,77.07550048828125,304.6400146484375,269.5799865722656,344.1850891113281,589.7694702148438,77.07550048828125,304.45001220703125,269.20001220703125,343.54998779296875,588.2999877929688,76.86499786376953,304.5799865722656,269.25,343.739990234375,588.3900146484375,76.86499786376953,104494,224871,48590,70102,159462
2026-08-13 10:01:00-04:00,304.4880065917969,269.3550109863281,344.1499938964844,589.3699951171875,77.08000183105469,304.5245056152344,269.4399108886719,344.2200012207031,589.7000122070312,77.11000061035156,304.1499938964844,269.20001220703125,343.94000244140625,588.8599853515625,77.0199966430664,304.5245056152344,269.20001220703125,344.1650085449219,589.4249877929688,77.06999969482422,84460,69549,83330,39177,93902
2026-08-13 10:02:00-04:00,304.4800109863281,269.1300048828125,344.1000061035156,589.0900268554688,77.05999755859375,304.489990234375,269.45001220703125,344.3999938964844,589.47998046875,77.13999938964844,304.2900085449219,269.1099853515625,344.0199890136719,588.5910034179688,77.05999755859375,304.4849853515625,269.3699951171875,344.1700134277344,589.27001953125,77.08989715576172,134277,79599,73388,25168,108359
2026-08-13 10:03:00-04:00,304.5398864746094,269.1199951171875,344.2200012207031,588.5349731445312,77.08000183105469,304.57000732421875,269.32000732421875,344.30999755859375,589.1199951171875,77.13159942626953,304.4200134277344,269.0199890136719,344.0400085449219,588.3900146484375,77.00309753417969,304.4849853515625,269.1260070800781,344.114990234375,589.1199951171875,77.06500244140625,65200,101495,41661,38281,89593
2026-08-13 10:04:00-04:00,304.42498779296875,268.8299865722656,344.04998779296875,588.5900268554688,77.01000213623047,304.6300048828125,269.1199951171875,344.3699951171875,588.75,77.0999984741211,304.3299865722656,268.80029296875,343.8900146484375,588.4000244140625,77.0,304.5400085449219,269.0950012207031,344.239990234375,588.5349731445312,77.04000091552734,104138,73869,64448,14440,83536
2026-08-13 10:05:00-04:00,304.5851135253906,268.5450134277344,344.1169128417969,588.3400268554688,77.03500366210938,304.6499938964844,268.8399963378906,344.3999938964844,588.9375,77.0999984741211,304.4200134277344,268.5350036621094,343.9700012207031,588.3400268554688,77.0,304.42498779296875,268.82000732421875,344.1083068847656,588.6599731445312,77.01499938964844,71083,65193,52553,27459,101556
2026-08-13 10:06:00-04:00,304.80999755859375,268.5899963378906,344.0849914550781,588.594970703125,77.01499938964844,304.9700012207031,268.6199951171875,344.1600036621094,588.75,77.05000305175781,304.4104919433594,268.3800048828125,343.9599914550781,588.010009765625,76.97000122070312,304.55999755859375,268.5450134277344,344.1499938964844,588.4171752929688,77.03500366210938,236070,82791,63037,30983,88621
2026-08-13 10:07:00-04:00,304.7850036621094,268.4649963378906,344.05999755859375,589.6199951171875,77.03919982910156,304.8399963378906,268.55450439453125,344.5199890136719,589.6599731445312,77.08999633789062,304.6310119628906,268.364013671875,343.9100036621094,588.4600219726562,77.0,304.79998779296875,268.5299987792969,344.0299987792969,588.5499877929688,77.0,87328,56585,138517,40286,76408
2026-08-13 10:08:00-04:00,304.7080078125,268.44000244140625,344.510009765625,589.2449951171875,77.06999969482422,304.7699890136719,268.4649963378906,344.5299987792969,589.5999755859375,77.16000366210938,304.625,268.3699951171875,344.0400085449219,588.8400268554688,77.0,304.7699890136719,268.4649963378906,344.06500244140625,589.5662841796875,77.0199966430664,119386,54645,60969,26574,165263
2026-08-13 10:09:00-04:00,304.8399963378906,268.7799987792969,344.54998779296875,588.89501953125,77.08000183105469,304.8599853515625,268.7799987792969,344.55999755859375,589.1300048828125,77.08000183105469,304.55999755859375,268.2001037597656,344.260009765625,588.3723754882812,77.00499725341797,304.7049865722656,268.3999938964844,344.4800109863281,589.0499877929688,77.06999969482422,112352,69802,85592,20206,60961
2026-08-13 10:10:00-04:00,304.9049987792969,268.94000244140625,344.5799865722656,588.5700073242188,77.03500366210938,305.010009765625,269.04998779296875,344.94000244140625,588.97998046875,77.08999633789062,304.7699890136719,268.75,344.3299865722656,588.5399780273438,77.0199966430664,304.8299865722656,268.80999755859375,344.54998779296875,588.97998046875,77.06999969482422,172447,77052,79717,22277,72195
2026-08-13 10:11:00-04:00,304.92950439453125,269.2349853515625,344.2300109863281,588.8703002929688,77.11979675292969,305.0400085449219,269.3299865722656,344.6000061035156,589.0800170898438,77.12999725341797,304.8699951171875,268.9100036621094,344.2149963378906,588.5050048828125,77.0199966430664,304.9049987792969,268.9150085449219,344.510009765625,588.5700073242188,77.02999877929688,110580,77606,63803,18717,102666
2026-08-13 10:12:00-04:00,304.8399963378906,269.2142028808594,343.6099853515625,589.030029296875,77.16999816894531,304.9800109863281,269.364013671875,344.2900085449219,589.0499877929688,77.19000244140625,304.8349914550781,269.1600036621094,343.6099853515625,588.77001953125,77.06999969482422,304.92498779296875,269.260009765625,344.2799987792969,588.9249877929688,77.12000274658203,65302,69490,41907,18527,104137
2026-08-13 10:13:00-04:00,305.3299865722656,269.2099914550781,343.7900085449219,589.280029296875,77.36000061035156,305.3399963378906,269.34539794921875,343.8185119628906,589.5499877929688,77.37000274658203,304.7900085449219,269.19000244140625,343.4200134277344,588.739990234375,77.08509826660156,304.864990234375,269.2200012207031,343.6099853515625,588.9600219726562,77.16000366210938,238759,56628,196310,35982,157632
2026-08-13 10:14:00-04:00,305.4801025390625,269.1300048828125,343.9849853515625,589.2650146484375,77.30999755859375,305.489990234375,269.32000732421875,344.1499938964844,589.6400146484375,77.38500213623047,305.19000244140625,269.1300048828125,343.7799987792969,589.1500244140625,77.30000305175781,305.3399963378906,269.17999267578125,343.8215026855469,589.2999877929688,77.3510971069336,128948,73348,41591,29306,113562
2026-08-13 10:15:00-04:00,305.8500061035156,268.92999267578125,344.29998779296875,589.0599975585938,77.41999816894531,305.9599914550781,269.1499938964844,344.4223937988281,589.3099975585938,77.43000030517578,305.489990234375,268.92999267578125,343.9800109863281,588.77001953125,77.2699966430664,305.489990234375,269.1199951171875,344.010009765625,589.2650146484375,77.30999755859375,220143,60063,62490,35978,151370
2026-08-13 10:16:00-04:00,305.05999755859375,268.614990234375,344.45001220703125,589.1699829101562,77.29499816894531,305.9200134277344,269.010009765625,344.6400146484375,589.260009765625,77.44000244140625,304.947509765625,268.6050109863281,344.3299865722656,588.8300170898438,77.25499725341797,305.8699951171875,268.94000244140625,344.3450012207031,588.969970703125,77.41999816894531,157321,78552,51556,17536,184456
2026-08-13 10:17:00-04:00,304.79998779296875,268.3999938964844,344.7200927734375,589.1749877929688,77.29499816894531,305.09130859375,268.6400146484375,344.7200927734375,589.4000244140625,77.4000015258789,304.7749938964844,268.3999938964844,344.4800109863281,588.8200073242188,77.19999694824219,305.05999755859375,268.6099853515625,344.4800109863281,589.1900024414062,77.29180145263672,131384,52281,38106,21514,144314
2026-08-13 10:18:00-04:00,304.7850036621094,268.5400085449219,344.92999267578125,589.6900024414062,77.43499755859375,304.9599914550781,268.6000061035156,345.25,589.8400268554688,77.44000244140625,304.72088623046875,268.3500061035156,344.7200012207031,589.0399780273438,77.28500366210938,304.80999755859375,268.3999938964844,344.739990234375,589.1599731445312,77.29499816894531,81383,43710,87012,32872,92549
2026-08-13 10:19:00-04:00,304.5299987792969,268.80499267578125,345.3800048828125,590.4299926757812,77.58999633789062,304.8299865722656,268.80499267578125,345.3800048828125,590.5,77.58999633789062,304.3500061035156,268.4912109375,344.8900146484375,589.5999755859375,77.4000015258789,304.7950134277344,268.5398864746094,344.9884033203125,589.8400268554688,77.43800354003906,172107,56237,45998,112542,197950
2026-08-13 10:20:00-04:00,304.44000244140625,268.614990234375,345.4599914550781,589.8400268554688,77.62000274658203,304.54998779296875,268.9800109863281,345.6698913574219,590.4600219726562,77.6698989868164,304.3800048828125,268.5899963378906,345.18359375,589.6799926757812,77.58000183105469,304.5199890136719,268.8399963378906,345.4200134277344,590.4326782226562,77.58999633789062,62056,62615,67918,34438,332446
2026-08-13 10:21:00-04:00,304.19000244140625,268.80999755859375,345.57501220703125,589.8699951171875,77.44999694824219,304.45379638671875,268.8800048828125,345.8299865722656,590.2999877929688,77.61499786376953,304.1600036621094,268.6300048828125,345.2699890136719,589.625,77.44499969482422,304.45379638671875,268.6300048828125,345.5,589.7850952148438,77.60749816894531,66319,83281,68816,31822,124098
2026-08-13 10:22:00-04:00,304.5303039550781,268.5299987792969,345.0799865722656,589.52001953125,77.5199966430664,304.5799865722656,268.95001220703125,345.5899963378906,590.0499267578125,77.55999755859375,304.17999267578125,268.5299987792969,345.0,589.239990234375,77.44000244140625,304.18499755859375,268.8500061035156,345.55999755859375,589.7999877929688,77.44499969482422,74207,87036,48832,26706,85494
2026-08-13 10:23:00-04:00,304.55499267578125,268.3999938964844,344.94000244140625,589.12109375,77.55000305175781,304.5899963378906,268.6400146484375,345.1400146484375,589.7399291992188,77.56999969482422,304.42999267578125,268.3800048828125,344.8699951171875,589.0399780273438,77.51000213623047,304.5199890136719,268.5104064941406,345.0849914550781,589.7399291992188,77.5199966430664,63131,48761,68782,41614,136711
2026-08-13 10:24:00-04:00,304.625,268.375,344.79998779296875,589.7150268554688,77.55999755859375,304.625,268.5799865722656,344.9601135253906,589.7899780273438,77.66000366210938,304.45001220703125,268.3599853515625,344.7049865722656,589.0800170898438,77.55000305175781,304.5400085449219,268.4150085449219,344.94500732421875,589.1799926757812,77.56999969482422,39574,42595,31182,20048,169430
2026-08-13 10:25:00-04:00,304.9549865722656,268.2184143066406,344.593994140625,588.969970703125,77.31999969482422,305.1099853515625,268.3800048828125,344.80999755859375,589.8099975585938,77.55999755859375,304.5909118652344,268.1239929199219,344.32000732421875,588.9000244140625,77.31999969482422,304.6332092285156,268.3800048828125,344.75250244140625,589.5399780273438,77.55000305175781,147703,75193,42050,26567,201987
2026-08-13 10:26:00-04:00,305.1199951171875,268.0,343.8900146484375,588.530029296875,77.41000366210938,305.1400146484375,268.2488098144531,344.6099853515625,589.0850219726562,77.41000366210938,304.760009765625,267.93499755859375,343.8900146484375,588.5023803710938,77.30000305175781,304.94500732421875,268.2488098144531,344.56500244140625,589.0399780273438,77.33000183105469,56397,96100,31747,23734,126876
2026-08-13 10:27:00-04:00,305.2900085449219,268.0198059082031,343.95001220703125,588.10498046875,77.3499984741211,305.3399963378906,268.0299987792969,344.0,588.719970703125,77.41999816894531,305.04998779296875,267.8999938964844,343.79998779296875,588.0,77.3499984741211,305.1400146484375,268.0,343.8999938964844,588.594970703125,77.41000366210938,85265,54564,25422,42530,59998
2026-08-13 10:28:00-04:00,305.5299987792969,267.909912109375,343.989990234375,587.7689819335938,77.13999938964844,305.57000732421875,268.0299987792969,344.0899963378906,588.073974609375,77.37000274658203,305.2799987792969,267.79998779296875,343.71929931640625,587.3599853515625,77.11000061035156,305.2900085449219,268.0050048828125,343.94000244140625,588.073974609375,77.3499984741211,73795,55070,40609,78452,131943
2026-08-13 10:29:00-04:00,305.6449890136719,267.9150085449219,344.07000732421875,587.7999877929688,77.17140197753906,305.7200012207031,267.989990234375,344.114990234375,587.8599853515625,77.19000244140625,305.489990234375,267.79998779296875,343.8999938964844,587.2999877929688,77.12000274658203,305.5199890136719,267.8900146484375,343.989990234375,587.60498046875,77.1449966430664,85710,64623,25337,28587,59142
2026-08-13 10:30:00-04:00,305.8299865722656,267.94500732421875,343.85308837890625,588.1599731445312,77.20970153808594,306.0,268.0249938964844,344.1300048828125,588.3599853515625,77.23999786376953,305.6600036621094,267.739990234375,343.82000732421875,587.7999877929688,77.12999725341797,305.6600036621094,267.8999938964844,344.0799865722656,587.8400268554688,77.18000030517578,151015,83015,36334,23840,126634
2026-08-13 10:31:00-04:00,305.3500061035156,268.4949951171875,344.5199890136719,589.6300048828125,77.33000183105469,305.8399963378906,268.5,344.5199890136719,589.6300048828125,77.34500122070312,305.2601013183594,267.9200134277344,343.8900146484375,588.1599731445312,77.19999694824219,305.80999755859375,267.95001220703125,343.9200134277344,588.1599731445312,77.20790100097656,160400,83179,64692,30809,71418
2026-08-13 10:32:00-04:00,305.08819580078125,268.69000244140625,344.8598937988281,590.030029296875,77.26499938964844,305.4685974121094,268.760009765625,345.07000732421875,590.1799926757812,77.33000183105469,305.07000732421875,268.42999267578125,344.3900146484375,589.3187866210938,77.25,305.3550109863281,268.5,344.489990234375,589.510009765625,77.33000183105469,146163,74223,74081,37213,80508
2026-08-13 10:33:00-04:00,305.19000244140625,268.54998779296875,344.79998779296875,590.25,77.25499725341797,305.30999755859375,268.80999755859375,344.9100036621094,590.3599853515625,77.26499938964844,304.92999267578125,268.42999267578125,344.3999938964844,589.6005249023438,77.22000122070312,305.07000732421875,268.69500732421875,344.80499267578125,590.030029296875,77.26499938964844,70475,81359,67044,22386,93656
2026-08-13 10:34:00-04:00,305.1199951171875,268.5400085449219,345.0199890136719,590.47998046875,77.27010345458984,305.2099914550781,268.5899963378906,345.05999755859375,590.5800170898438,77.28500366210938,305.0000915527344,268.44500732421875,344.8399963378906,590.1300048828125,77.22000122070312,305.19000244140625,268.53021240234375,344.8399963378906,590.1400146484375,77.25499725341797,82097,55557,35242,35363,101177
2026-08-13 10:35:00-04:00,304.8800048828125,268.4100036621094,345.1499938964844,590.4600219726562,77.23999786376953,305.1400146484375,268.5350036621094,345.3399963378906,590.8400268554688,77.26000213623047,304.8500061035156,268.3800048828125,345.0,590.3099975585938,77.19999694824219,305.114990234375,268.4800109863281,345.0199890136719,590.47998046875,77.26000213623047,65189,46336,37582,29633,87933
2026-08-13 10:36:00-04:00,305.0450134277344,268.54998779296875,344.9100036621094,590.4249877929688,77.22000122070312,305.04998779296875,268.6099853515625,345.1600036621094,590.5,77.23999786376953,304.8800048828125,268.2749938964844,344.7300109863281,589.9500122070312,77.12000274658203,304.8800048828125,268.3999938964844,345.1600036621094,590.3599853515625,77.23999786376953,56346,62456,40660,24711,164245
2026-08-13 10:37:00-04:00,305.2799987792969,268.4339904785156,344.6199951171875,590.4650268554688,77.23500061035156,305.29998779296875,268.5799865722656,344.92999267578125,590.5599975585938,77.25,304.989990234375,268.3500061035156,344.470703125,589.9500122070312,77.16500091552734,305.04998779296875,268.54998779296875,344.885009765625,590.3699951171875,77.22000122070312,119469,29646,36758,18222,48487
2026-08-13 10:38:00-04:00,305.17999267578125,268.3500061035156,344.898193359375,590.25,77.27010345458984,305.43951416015625,268.6199951171875,344.898193359375,590.9099731445312,77.33000183105469,305.0849914550781,268.2950134277344,344.6050109863281,590.0302734375,77.23999786376953,305.2799987792969,268.45001220703125,344.64990234375,590.5421752929688,77.23999786376953,76005,35356,24128,32649,71928
2026-08-13 10:39:00-04:00,305.20001220703125,268.3800048828125,344.739990234375,589.8699951171875,77.23999786376953,305.3500061035156,268.42999267578125,344.9100036621094,590.4000244140625,77.27999877929688,305.1499938964844,268.2200012207031,344.6600036621094,589.75,77.22000122070312,305.1799011230469,268.3349914550781,344.875,590.1799926757812,77.27999877929688,56373,430112,44651,22564,65745
2026-08-13 10:40:00-04:00,305.17999267578125,268.4599914550781,344.8399963378906,590.1400146484375,77.29499816894531,305.3299865722656,268.54998779296875,344.9200134277344,590.2399291992188,77.33000183105469,305.1099853515625,268.260009765625,344.5950012207031,589.760009765625,77.2020034790039,305.17999267578125,268.3550109863281,344.7250061035156,589.8599853515625,77.2300033569336,92562,56025,40297,21009,147151
2026-08-13 10:41:00-04:00,304.9599914550781,268.3800048828125,344.8699951171875,589.375,77.25,305.17999267578125,268.4798889160156,344.93499755859375,589.9099731445312,77.29989624023438,304.94000244140625,268.3399963378906,344.82000732421875,589.3699951171875,77.22000122070312,305.1600036621094,268.44000244140625,344.8504943847656,589.9099731445312,77.29000091552734,60855,28424,20555,17445,70288
2026-08-13 10:42:00-04:00,305.2250061035156,268.54998779296875,344.5,590.0338134765625,77.31999969482422,305.2250061035156,268.54998779296875,344.8800048828125,590.0499877929688,77.31999969482422,304.9200134277344,268.3699951171875,344.45001220703125,589.219970703125,77.23999786376953,304.95001220703125,268.3699951171875,344.8450012207031,589.282470703125,77.2699966430664,74830,39575,90640,31760,88415
2026-08-13 10:43:00-04:00,305.0400085449219,268.54998779296875,344.3800048828125,589.7100219726562,77.27469635009766,305.2300109863281,268.6199951171875,344.6499938964844,590.114990234375,77.34950256347656,305.0299987792969,268.489990234375,344.3599853515625,589.6199951171875,77.27469635009766,305.2200012207031,268.54998779296875,344.5,590.114990234375,77.33000183105469,30641,57737,22640,30638,44554
2026-08-13 10:44:00-04:00,304.9800109863281,268.5,344.3450012207031,589.4603271484375,77.33000183105469,305.1099853515625,268.56500244140625,344.5299987792969,589.8099975585938,77.33000183105469,304.94000244140625,268.489990234375,344.29998779296875,589.4600219726562,77.27999877929688,305.05999755859375,268.54998779296875,344.3999938964844,589.7150268554688,77.27999877929688,52095,40210,17530,13004,91227
2026-08-13 10:45:00-04:00,304.864990234375,268.2200012207031,343.9200134277344,589.010009765625,77.32499694824219,304.9891052246094,268.5299987792969,344.30999755859375,589.510009765625,77.33999633789062,304.7200012207031,268.1499938964844,343.80999755859375,588.9199829101562,77.30000305175781,304.9800109863281,268.5,344.30999755859375,589.510009765625,77.33000183105469,74879,175207,45210,20073,56588
2026-08-13 10:46:00-04:00,304.8500061035156,268.07501220703125,344.1400146484375,589.4600219726562,77.30999755859375,305.04998779296875,268.2698974609375,344.1700134277344,589.4600219726562,77.3499984741211,304.7950134277344,268.07501220703125,343.8299865722656,588.8419799804688,77.30999755859375,304.8800048828125,268.2200012207031,343.9200134277344,589.0800170898438,77.32499694824219,86069,47543,32620,22731,57643
2026-08-13 10:47:00-04:00,304.760009765625,268.0799865722656,343.989990234375,589.02001953125,77.25499725341797,304.875,268.1549987792969,344.260009765625,589.7584838867188,77.33000183105469,304.7200012207031,268.01031494140625,343.8800048828125,589.0,77.23999786376953,304.8399963378906,268.1000061035156,344.1400146484375,589.2109985351562,77.29499816894531,54363,34725,43333,17143,89375
2026-08-13 10:48:00-04:00,304.7900085449219,268.2814025878906,343.9200134277344,589.1500244140625,77.16000366210938,304.8349914550781,268.3399963378906,344.0199890136719,589.1895141601562,77.25499725341797,304.739990234375,268.04998779296875,343.7250061035156,588.8599853515625,77.13500213623047,304.7650146484375,268.07501220703125,344.0,589.1599731445312,77.2500991821289,39638,53687,29869,24105,82182
2026-08-13 10:49:00-04:00,304.5799865722656,268.1499938964844,343.7799987792969,589.0700073242188,77.02200317382812,304.7900085449219,268.2699890136719,343.92498779296875,589.2000122070312,77.13999938964844,304.5559997558594,268.1499938964844,343.6000061035156,588.760009765625,77.0199966430664,304.7840881347656,268.260009765625,343.9200134277344,589.0599975585938,77.13999938964844,53206,56872,27621,14928,98006
2026-08-13 10:50:00-04:00,304.9549865722656,268.0799865722656,343.7699890136719,588.864990234375,77.12000274658203,305.0122985839844,268.239990234375,343.9200134277344,589.1058959960938,77.12000274658203,304.5397033691406,268.0,343.6300048828125,588.8099975585938,77.01020050048828,304.5799865722656,268.1600036621094,343.760009765625,589.0399780273438,77.0199966430664,79568,71530,29813,14846,69539
2026-08-13 10:51:00-04:00,305.0400085449219,268.0299987792969,343.9150085449219,588.9210205078125,77.16500091552734,305.1700134277344,268.0950012207031,343.9342041015625,589.0250244140625,77.1698989868164,304.9200134277344,267.8699951171875,343.7099914550781,588.47998046875,77.0999984741211,304.9599914550781,268.05999755859375,343.7950134277344,588.844970703125,77.12000274658203,98641,62510,23742,16999,46460
2026-08-13 10:52:00-04:00,304.9849853515625,268.0849914550781,343.9599914550781,588.9099731445312,77.16500091552734,305.07000732421875,268.1600036621094,344.1000061035156,589.5,77.18689727783203,304.9200134277344,267.95001220703125,343.79998779296875,588.9000244140625,77.13999938964844,305.0400085449219,268.0150146484375,343.8800048828125,588.9299926757812,77.16500091552734,43863,37253,32740,13058,44941
2026-08-13 10:53:00-04:00,304.8399963378906,268.010009765625,344.0050048828125,589.02001953125,77.11499786376953,305.0199890136719,268.0899963378906,344.0299987792969,589.0999755859375,77.20880126953125,304.80999755859375,267.8999938964844,343.8900146484375,588.8400268554688,77.11489868164062,304.9700012207031,268.0899963378906,343.9599914550781,588.9000244140625,77.16500091552734,48454,37093,26783,13060,39217
2026-08-13 10:54:00-04:00,304.885009765625,268.1549987792969,343.9800109863281,589.364990234375,77.12169647216797,304.885009765625,268.1549987792969,344.0199890136719,589.364990234375,77.12999725341797,304.75,267.9049987792969,343.79998779296875,588.9400024414062,77.06999969482422,304.8450012207031,268.010009765625,344.0150146484375,589.030029296875,77.12000274658203,40956,43615,39901,12871,62331
2026-08-13 10:55:00-04:00,304.8396911621094,267.92498779296875,344.0199890136719,589.75,77.18499755859375,304.8999938964844,268.1300048828125,344.07000732421875,589.8499755859375,77.18499755859375,304.7699890136719,267.6700134277344,343.75,589.3400268554688,77.12000274658203,304.885009765625,268.1300048828125,343.96710205078125,589.364990234375,77.12039947509766,40543,85369,36831,13082,34160
2026-08-13 10:56:00-04:00,304.9700012207031,268.1300048828125,344.2300109863281,590.1199951171875,77.17500305175781,304.9700012207031,268.1700134277344,344.2900085449219,590.4099731445312,77.2300033569336,304.8299865722656,267.8550109863281,343.9599914550781,589.7100219726562,77.13999938964844,304.8299865722656,267.92498779296875,344.0199890136719,589.8400268554688,77.18499755859375,67343,39355,54122,21519,53449
2026-08-13 10:57:00-04:00,305.0,268.0,344.4599914550781,590.5599975585938,77.12999725341797,305.1099853515625,268.2049865722656,344.4599914550781,590.614990234375,77.18499755859375,304.8999938964844,267.9100036621094,344.2300109863281,590.039794921875,77.12000274658203,304.9800109863281,268.1499938964844,344.25,590.1500244140625,77.18000030517578,127542,26956,30913,25672,55245
2026-08-13 10:58:00-04:00,304.9750061035156,267.9599914550781,344.5150146484375,590.52001953125,77.1449966430664,305.0398864746094,268.0400085449219,344.55999755859375,590.8800048828125,77.16500091552734,304.92999267578125,267.92999267578125,344.4200134277344,590.3709716796875,77.13500213623047,304.9949951171875,268.010009765625,344.44500732421875,590.5599975585938,77.13500213623047,29859,37772,34290,20003,25338
2026-08-13 10:59:00-04:00,305.1050109863281,268.0350036621094,344.5,590.7000122070312,77.12999725341797,305.1499938964844,268.0400085449219,344.6400146484375,590.7999877929688,77.16999816894531,304.9722900390625,267.8599853515625,344.2644958496094,590.1480102539062,77.11000061035156,304.9800109863281,267.9599914550781,344.5150146484375,590.3900146484375,77.1449966430664,44551,49736,24817,30111,44978
2026-08-13 11:00:00-04:00,304.8999938964844,268.20989990234375,344.4750061035156,590.510009765625,77.13999938964844,305.19000244140625,268.2598876953125,344.5799865722656,591.0,77.18000030517578,304.8800048828125,267.989990234375,344.2149963378906,590.510009765625,77.11000061035156,305.1300048828125,268.04998779296875,344.5299987792969,590.7999877929688,77.13500213623047,118699,37424,27945,48595,34026
2026-08-13 11:01:00-04:00,304.989990234375,268.0199890136719,344.3349914550781,590.25,77.04499816894531,305.0249938964844,268.17498779296875,344.4949951171875,590.6798706054688,77.12999725341797,304.8705139160156,267.989990234375,344.2900085449219,589.9301147460938,77.04499816894531,304.8999938964844,268.0350036621094,344.4700012207031,590.530029296875,77.12999725341797,44735,31864,15395,17787,35872
2026-08-13 11:02:00-04:00,304.8800048828125,267.8500061035156,344.2460021972656,589.6900024414062,76.90499877929688,304.9800109863281,268.0450134277344,344.4599914550781,590.2498779296875,77.05000305175781,304.7799987792969,267.69061279296875,344.2349853515625,589.5800170898438,76.86000061035156,304.9800109863281,268.0400085449219,344.3450012207031,590.1900024414062,77.05000305175781,28472,53164,11836,20809,115076
2026-08-13 11:03:00-04:00,304.8190002441406,267.6050109863281,344.2300109863281,589.469970703125,77.0,305.0,267.8673095703125,344.3999938964844,590.0,77.02999877929688,304.7699890136719,267.6000061035156,344.1400146484375,589.385009765625,76.9000015258789,304.8800048828125,267.80999755859375,344.29998779296875,589.7550048828125,76.90499877929688,34742,52425,12711,19323,55547
2026-08-13 11:04:00-04:00,304.9100036621094,267.4700012207031,344.0350036621094,589.0999755859375,77.00499725341797,304.9100036621094,267.6199951171875,344.2799987792969,589.6099243164062,77.05500030517578,304.7099914550781,267.3500061035156,344.0190124511719,588.8800048828125,76.97000122070312,304.80499267578125,267.6099853515625,344.2200012207031,589.4450073242188,77.0199966430664,171948,75879,18507,12614,45201
2026-08-13 11:05:00-04:00,304.7099914550781,267.6600036621094,344.1499938964844,589.0499877929688,77.01499938964844,304.9501037597656,267.7149963378906,344.1499938964844,589.4998779296875,77.05999755859375,304.70001220703125,267.489990234375,343.8999938964844,589.0499877929688,76.96499633789062,304.9200134277344,267.5299987792969,344.0299987792969,589.155029296875,77.0,48227,58709,17138,18546,82206
2026-08-13 11:06:00-04:00,304.364990234375,267.45599365234375,344.1099853515625,589.030029296875,76.98500061035156,304.68499755859375,267.6650085449219,344.1449890136719,589.1199951171875,77.01000213623047,304.3399963378906,267.45001220703125,343.95001220703125,588.6599731445312,76.96189880371094,304.67999267578125,267.6499938964844,344.1449890136719,589.0,77.01000213623047,131133,98541,16571,20057,43776
2026-08-13 11:07:00-04:00,304.1400146484375,267.20001220703125,343.95001220703125,588.489990234375,76.97000122070312,304.3599853515625,267.5299987792969,344.1000061035156,588.9099731445312,76.99500274658203,304.1199951171875,267.20001220703125,343.93499755859375,588.489990234375,76.95999908447266,304.35430908203125,267.44500732421875,344.0799865722656,588.9000854492188,76.98500061035156,69833,127959,20669,18626,57803
2026-08-13 11:08:00-04:00,304.1700134277344,267.2300109863281,344.0299987792969,588.3900146484375,76.83000183105469,304.30999755859375,267.3800048828125,344.07000732421875,588.8298950195312,77.01499938964844,304.0799865722656,267.1600036621094,343.9309997558594,588.260009765625,76.83000183105469,304.110107421875,267.1700134277344,343.95001220703125,588.4299926757812,76.95999908447266,54794,52452,18579,17099,44034
2026-08-13 11:09:00-04:00,304.20001220703125,267.3800048828125,344.3599853515625,589.1799926757812,76.83000183105469,304.285888671875,267.3900146484375,344.44000244140625,589.4299926757812,76.86000061035156,304.17999267578125,267.2300109863281,344.0299987792969,588.2000732421875,76.81999969482422,304.17999267578125,267.2300109863281,344.0400085449219,588.2999877929688,76.83999633789062,50235,46339,21623,21109,86273
2026-08-13 11:10:00-04:00,304.2001037597656,267.5150146484375,344.1449890136719,588.97998046875,76.82499694824219,304.2200012207031,267.5299987792969,344.3399963378906,589.419921875,76.84500122070312,304.0899963378906,267.3599853515625,344.1300048828125,588.6701049804688,76.80000305175781,304.2196960449219,267.40869140625,344.3399963378906,589.1699829101562,76.82499694824219,36845,39436,17494,17986,47333
2026-08-13 11:11:00-04:00,304.2799987792969,267.20001220703125,344.010009765625,589.114990234375,76.76499938964844,304.3399963378906,267.55999755859375,344.25,589.4000244140625,76.87799835205078,304.2099914550781,267.20001220703125,344.0,588.9949951171875,76.7645034790039,304.2099914550781,267.5299987792969,344.1451110839844,589.1300048828125,76.82499694824219,73544,67271,21970,13716,45724
2026-08-13 11:12:00-04:00,304.260009765625,266.8999938964844,343.9700012207031,588.6400146484375,76.76499938964844,304.34991455078125,267.2099914550781,343.9923095703125,589.10498046875,76.78510284423828,304.2200012207031,266.8500061035156,343.8399963378906,588.5399780273438,76.71499633789062,304.2799987792969,267.17999267578125,343.98919677734375,589.10498046875,76.7699966430664,44149,90208,15634,14541,45541
2026-08-13 11:13:00-04:00,304.1300048828125,266.8550109863281,343.8299865722656,588.4537963867188,76.79239654541016,304.2650146484375,266.9299011230469,344.010009765625,588.719970703125,76.79499816894531,304.0799865722656,266.7300109863281,343.7200012207031,588.4000244140625,76.70999908447266,304.2650146484375,266.8999938964844,343.9800109863281,588.6400146484375,76.7699966430664,45651,64726,20776,12677,81946
2026-08-13 11:14:00-04:00,304.239990234375,266.8599853515625,344.0299987792969,588.989990234375,76.83499908447266,304.29998779296875,266.95001220703125,344.0299987792969,588.989990234375,76.83999633789062,304.1199951171875,266.80999755859375,343.7701110839844,588.4537963867188,76.77999877929688,304.1408996582031,266.8500061035156,343.82000732421875,588.4537963867188,76.80000305175781,24653,67892,14334,6995,51079
2026-08-13 11:15:00-04:00,304.1499938964844,266.7300109863281,343.7900085449219,588.6500244140625,76.75,304.2449951171875,266.9200134277344,344.0150146484375,588.905029296875,76.83999633789062,304.04998779296875,266.7300109863281,343.6600036621094,588.4600219726562,76.73999786376953,304.239990234375,266.8500061035156,344.0150146484375,588.9000244140625,76.83999633789062,44618,62750,18080,14624,49737
2026-08-13 11:16:00-04:00,304.0899963378906,266.62799072265625,343.7699890136719,588.7100219726562,76.73999786376953,304.17999267578125,266.8299865722656,343.8599853515625,588.7100219726562,76.77999877929688,304.0450134277344,266.57000732421875,343.6755065917969,588.489990234375,76.70999908447266,304.1499938964844,266.7300109863281,343.760009765625,588.5900268554688,76.73999786376953,35961,60030,19765,19945,113004
2026-08-13 11:17:00-04:00,303.8608093261719,266.7099914550781,343.7099914550781,588.719970703125,76.76000213623047,304.1499938964844,266.8399963378906,343.8599853515625,588.8499755859375,76.77999877929688,303.7799987792969,266.5899963378906,343.66009521484375,588.6400146484375,76.66999816894531,304.0849914550781,266.62200927734375,343.760009765625,588.719970703125,76.7300033569336,116972,123990,11888,51879,74609
2026-08-13 11:18:00-04:00,303.8599853515625,266.5,343.6300048828125,588.02001953125,76.71980285644531,304.0,266.7554016113281,343.75,588.8200073242188,76.7699966430664,303.8399963378906,266.45001220703125,343.5299987792969,587.9600219726562,76.69999694824219,303.889892578125,266.7099914550781,343.70001220703125,588.7249755859375,76.76000213623047,72807,79659,29634,25494,39966
2026-08-13 11:19:00-04:00,304.18011474609375,266.7699890136719,343.82000732421875,588.239990234375,76.75,304.18499755859375,266.7699890136719,343.8299865722656,588.260009765625,76.7750015258789,303.80999755859375,266.4700012207031,343.5400085449219,588.0,76.70500183105469,303.8599853515625,266.5199890136719,343.610107421875,588.0399780273438,76.71499633789062,82805,85383,25207,19752,55833
2026-08-13 11:20:00-04:00,304.29998779296875,266.54998779296875,343.6199951171875,587.780029296875,76.76499938964844,304.3699035644531,266.7900085449219,343.81500244140625,588.219970703125,76.77999877929688,304.1499938964844,266.4800109863281,343.54998779296875,587.77001953125,76.70999908447266,304.17999267578125,266.7900085449219,343.79998779296875,588.1900024414062,76.75499725341797,97160,113690,23543,27427,135860
2026-08-13 11:21:00-04:00,304.25,266.5899963378906,343.6199951171875,587.7501220703125,76.69000244140625,304.3399963378906,266.67498779296875,343.7486877441406,588.0700073242188,76.7699966430664,304.17999267578125,266.4700012207031,343.5299987792969,587.719970703125,76.68000030517578,304.2900085449219,266.54998779296875,343.5899963378906,587.72998046875,76.76000213623047,71712,180103,16540,29157,70173
2026-08-13 11:22:00-04:00,304.1199951171875,266.5060119628906,343.510009765625,587.6400146484375,76.66500091552734,304.260009765625,266.6184997558594,343.65289306640625,587.9298706054688,76.70999908447266,304.04998779296875,266.4100036621094,343.3999938964844,587.4299926757812,76.6500015258789,304.25,266.6000061035156,343.65289306640625,587.8300170898438,76.69499969482422,41256,97046,29260,20807,60084
2026-08-13 11:23:00-04:00,304.07000732421875,266.510009765625,343.2349853515625,587.5,76.62999725341797,304.1400146484375,266.5368957519531,343.489990234375,587.5349731445312,76.68000030517578,304.010009765625,266.2650146484375,343.06500244140625,587.1199951171875,76.62020111083984,304.1199951171875,266.510009765625,343.489990234375,587.5349731445312,76.66500091552734,40902,112701,51446,15893,55680
2026-08-13 11:24:00-04:00,304.1499938964844,266.639892578125,343.489990234375,587.780029296875,76.73999786376953,304.2049865722656,266.6698913574219,343.5799865722656,587.9298706054688,76.76000213623047,303.9800109863281,266.3949890136719,343.1600036621094,587.27001953125,76.63500213623047,304.0799865722656,266.510009765625,343.2699890136719,587.27001953125,76.63999938964844,48440,89154,59709,11584,87153
2026-08-13 11:25:00-04:00,303.989990234375,266.510009765625,343.4100036621094,587.5399780273438,76.69999694824219,304.2398986816406,266.69500732421875,343.6000061035156,587.8499755859375,76.7594985961914,303.9800109863281,266.5,343.3800048828125,587.5399780273438,76.69000244140625,304.1600036621094,266.6199951171875,343.489990234375,587.8200073242188,76.75,95806,47698,29288,13410,37323
2026-08-13 11:26:00-04:00,303.8900146484375,266.6099853515625,343.25,587.5,76.6449966430664,304.05999755859375,266.6700134277344,343.4049987792969,587.5,76.70500183105469,303.8450012207031,266.4100036621094,343.07000732421875,586.7899780273438,76.61000061035156,304.0,266.510009765625,343.4049987792969,587.4475708007812,76.70130157470703,47031,67861,21585,27861,40051
2026-08-13 11:27:00-04:00,303.7349853515625,266.57000732421875,342.9800109863281,586.614990234375,76.58999633789062,303.9100036621094,266.7950134277344,343.260009765625,587.3699951171875,76.6449966430664,303.6099853515625,266.3299865722656,342.9100036621094,586.0499877929688,76.55999755859375,303.8999938964844,266.6199951171875,343.2200012207031,587.364990234375,76.6449966430664,145527,159808,58588,38734,164175
2026-08-13 11:28:00-04:00,303.6650085449219,266.3399963378906,342.4700012207031,585.9099731445312,76.57499694824219,303.7300109863281,266.57000732421875,342.9849853515625,586.669921875,76.5999984741211,303.54998779296875,266.239990234375,342.42059326171875,585.8099975585938,76.55999755859375,303.7200012207031,266.57000732421875,342.9599914550781,586.614990234375,76.58999633789062,94715,123693,95413,34707,69304
2026-08-13 11:29:00-04:00,303.7200012207031,266.49749755859375,342.69000244140625,586.2949829101562,76.56999969482422,303.7499084472656,266.5799865722656,342.760009765625,586.3699951171875,76.58999633789062,303.6000061035156,266.30999755859375,342.4200134277344,585.6500244140625,76.5,303.6700134277344,266.3450012207031,342.4649963378906,586.02001953125,76.57499694824219,57358,52036,34869,36754,98088
2026-08-13 11:30:00-04:00,303.6700134277344,266.489990234375,342.56829833984375,586.0750122070312,76.57499694824219,303.79998779296875,266.57000732421875,342.739990234375,586.2750244140625,76.59500122070312,303.6000061035156,266.4150085449219,342.54998779296875,585.72998046875,76.54000091552734,303.7300109863281,266.4949951171875,342.6700134277344,586.22998046875,76.55999755859375,64396,66898,21136,18968,34684
2026-08-13 11:31:00-04:00,303.6199035644531,266.4599914550781,342.4599914550781,586.155029296875,76.61000061035156,303.7699890136719,266.6400146484375,342.6499938964844,586.3099975585938,76.61000061035156,303.510009765625,266.3800048828125,342.3999938964844,585.6300048828125,76.55500030517578,303.697998046875,266.5299987792969,342.5799865722656,586.0750122070312,76.56999969482422,62909,65957,28985,22719,51000
2026-08-13 11:32:00-04:00,303.875,266.6400146484375,342.55499267578125,586.6749877929688,76.63999938964844,303.8900146484375,266.6400146484375,342.6495056152344,586.8400268554688,76.69000244140625,303.6000061035156,266.4599914550781,342.44000244140625,585.9600219726562,76.6050033569336,303.6199951171875,266.4599914550781,342.4599914550781,586.1099853515625,76.6050033569336,74697,32498,25563,18694,44240
2026-08-13 11:33:00-04:00,303.7850036621094,266.6400146484375,342.4599914550781,586.6649780273438,76.66999816894531,303.94769287109375,266.79998779296875,342.5799865722656,586.8300170898438,76.67500305175781,303.7699890136719,266.6400146484375,342.44500732421875,586.5499877929688,76.63009643554688,303.875,266.67999267578125,342.5450134277344,586.75,76.63990020751953,46515,48508,19142,13284,27586
2026-08-13 11:34:00-04:00,303.7699890136719,266.5899963378906,342.4849853515625,586.5316772460938,76.75399780273438,303.9849853515625,266.80999755859375,342.5299987792969,586.7000122070312,76.79000091552734,303.760009765625,266.5321960449219,342.4150085449219,586.4500122070312,76.66000366210938,303.7900085449219,266.6499938964844,342.50830078125,586.6699829101562,76.66200256347656,39654,60576,23315,19959,63769
2026-08-13 11:35:00-04:00,303.5199890136719,266.716796875,342.70001220703125,586.5499877929688,76.80000305175781,303.80999755859375,266.82501220703125,342.7099914550781,586.9451293945312,76.80999755859375,303.4800109863281,266.5950012207031,342.45001220703125,586.469970703125,76.75499725341797,303.7900085449219,266.5950012207031,342.489990234375,586.5,76.75499725341797,77911,55437,26558,15465,49144
2026-08-13 11:36:00-04:00,303.42999267578125,266.67498779296875,342.6300048828125,586.5599975585938,76.8550033569336,303.5899963378906,266.7650146484375,342.712890625,586.8099975585938,76.87999725341797,302.95001220703125,266.55999755859375,342.5907897949219,586.3300170898438,76.7699966430664,303.5299987792969,266.69500732421875,342.70001220703125,586.5499877929688,76.79499816894531,230827,52716,39119,14451,37355
2026-08-13 11:37:00-04:00,303.375,266.5799865722656,342.5400085449219,586.2849731445312,76.87000274658203,303.5050048828125,266.7099914550781,342.6600036621094,586.75,76.91999816894531,303.2250061035156,266.5799865722656,342.489990234375,586.239990234375,76.83000183105469,303.43499755859375,266.68829345703125,342.6499938964844,586.469970703125,76.8499984741211,43872,28329,28078,14783,56292
2026-08-13 11:38:00-04:00,303.31500244140625,266.55999755859375,342.739990234375,585.7899780273438,76.88500213623047,303.4100036621094,266.7449951171875,342.739990234375,586.2750244140625,76.8949966430664,303.2200012207031,266.4750061035156,342.5,585.5,76.8499984741211,303.3900146484375,266.57000732421875,342.5400085449219,586.1900024414062,76.87000274658203,42132,89151,22152,26958,31446
2026-08-13 11:39:00-04:00,303.4949951171875,266.75,343.0299072265625,586.60498046875,76.94499969482422,303.5299987792969,266.75,343.0299987792969,586.75,76.95999908447266,303.2850036621094,266.5400085449219,342.7005920410156,585.5800170898438,76.87000274658203,303.32000732421875,266.55999755859375,342.7699890136719,585.7899780273438,76.87999725341797,62063,31422,20857,31441,42621
2026-08-13 11:40:00-04:00,303.3299865722656,266.7699890136719,342.8999938964844,585.969970703125,76.8949966430664,303.54998779296875,266.8384094238281,343.09271240234375,586.739990234375,76.95999908447266,303.260009765625,266.6319885253906,342.80999755859375,585.8200073242188,76.88999938964844,303.4800109863281,266.7149963378906,342.989990234375,586.60498046875,76.94000244140625,64196,33778,27127,23135,36136
2026-08-13 11:41:00-04:00,303.489990234375,266.9100036621094,342.85009765625,586.2039184570312,76.8676986694336,303.5299987792969,266.9549865722656,343.0899963378906,586.2039184570312,76.88999938964844,303.3299865722656,266.75,342.82000732421875,585.5999755859375,76.84010314941406,303.3450012207031,266.7799987792969,342.8699951171875,585.8200073242188,76.88500213623047,45023,48722,25003,16937,53895
2026-08-13 11:42:00-04:00,303.55999755859375,266.7300109863281,342.8349914550781,585.885986328125,76.87000274658203,303.5899963378906,266.9800109863281,343.03350830078125,586.2999877929688,76.87999725341797,303.4700012207031,266.7149963378906,342.7200012207031,585.8350219726562,76.83999633789062,303.4700012207031,266.8999938964844,342.8800048828125,586.125,76.86509704589844,40809,40431,18958,12261,27249
2026-08-13 11:43:00-04:00,303.4800109863281,266.70001220703125,343.0,586.2698974609375,76.85279846191406,303.5799865722656,266.7300109863281,343.0899963378906,586.3900146484375,76.88500213623047,303.45001220703125,266.6650085449219,342.7900085449219,585.75,76.8499984741211,303.55999755859375,266.7149963378906,342.79998779296875,585.9550170898438,76.87000274658203,32450,25680,16722,15293,39189
2026-08-13 11:44:00-04:00,303.44500732421875,266.79998779296875,342.8450012207031,585.7999877929688,76.84500122070312,303.5799865722656,266.8699951171875,343.0400085449219,586.388671875,76.86540222167969,303.44500732421875,266.7099914550781,342.8299865722656,585.7999877929688,76.83999633789062,303.4794006347656,266.7099914550781,343.0,586.203125,76.8550033569336,34614,41276,14027,13470,28106
2026-08-13 11:45:00-04:00,303.4200134277344,266.7349853515625,343.1700134277344,585.64501953125,76.87000274658203,303.45001220703125,266.8229064941406,343.2200012207031,585.8630981445312,76.87999725341797,303.3299865722656,266.6549987792969,342.82000732421875,585.5050048828125,76.83999633789062,303.44000244140625,266.7799987792969,342.82000732421875,585.7003173828125,76.84500122070312,34409,51350,16909,12523,33935
2026-08-13 11:46:00-04:00,303.5199890136719,266.94500732421875,343.135009765625,585.594970703125,76.84010314941406,303.5299987792969,266.9700012207031,343.3800048828125,585.7999877929688,76.86499786376953,303.3550109863281,266.70001220703125,343.135009765625,585.5599975585938,76.83999633789062,303.45001220703125,266.7200012207031,343.18499755859375,585.6400146484375,76.86000061035156,29984,37657,15232,14367,47556
2026-08-13 11:47:00-04:00,303.3599853515625,266.7049865722656,343.06500244140625,585.0999755859375,76.79000091552734,303.5299987792969,266.9800109863281,343.239990234375,585.6500244140625,76.86499786376953,303.2799987792969,266.69000244140625,343.0299987792969,584.9014282226562,76.77999877929688,303.5199890136719,266.9599914550781,343.1600036621094,585.5499877929688,76.84500122070312,41954,46076,8170,19986,50917
2026-08-13 11:48:00-04:00,303.4599914550781,266.5799865722656,343.17999267578125,585.3674926757812,76.81999969482422,303.4599914550781,266.7099914550781,343.17999267578125,585.530029296875,76.82499694824219,303.30108642578125,266.54998779296875,342.9609069824219,585.0399780273438,76.75,303.375,266.7099914550781,343.07000732421875,585.1400146484375,76.78500366210938,34538,24814,13249,12708,39907
2026-08-13 11:49:00-04:00,303.3689880371094,266.6000061035156,343.2799987792969,585.0999755859375,76.78500366210938,303.4700012207031,266.6296081542969,343.2900085449219,585.405029296875,76.82499694824219,303.29998779296875,266.3900146484375,343.0799865722656,585.0499877929688,76.77999877929688,303.44000244140625,266.5799865722656,343.17498779296875,585.405029296875,76.82499694824219,34330,72060,11684,9279,39993
2026-08-13 11:50:00-04:00,303.4599914550781,266.3800048828125,343.3349914550781,584.9000244140625,76.83000183105469,303.4599914550781,266.5899963378906,343.3349914550781,585.0999755859375,76.83499908447266,303.3185119628906,266.3699951171875,343.20001220703125,584.8699951171875,76.76499938964844,303.3699035644531,266.55999755859375,343.2799987792969,585.0999755859375,76.77999877929688,23356,43331,20331,19902,63341
2026-08-13 11:51:00-04:00,303.40679931640625,266.2200012207031,343.4800109863281,585.0800170898438,76.78500366210938,303.4800109863281,266.42999267578125,343.4800109863281,585.1900024414062,76.83000183105469,303.3900146484375,266.1199951171875,343.2449951171875,584.8305053710938,76.77999877929688,303.4400939941406,266.40509033203125,343.3200988769531,584.9000244140625,76.83000183105469,28916,68744,33761,14400,62165
2026-08-13 11:52:00-04:00,303.4750061035156,266.1000061035156,343.2720031738281,585.3049926757812,76.84010314941406,303.5150146484375,266.2727966308594,343.489990234375,585.4500122070312,76.8550033569336,303.375,266.1000061035156,343.17999267578125,585.0419921875,76.78500366210938,303.42498779296875,266.20001220703125,343.4601135253906,585.1179809570312,76.79000091552734,38076,56988,27840,11810,62830
2026-08-13 11:53:00-04:00,303.3450012207031,266.14990234375,343.3599853515625,585.3599853515625,76.84500122070312,303.4599914550781,266.17919921875,343.385009765625,585.4600219726562,76.8949966430664,303.2799987792969,266.010009765625,343.239990234375,585.2249755859375,76.83999633789062,303.4599914550781,266.1099853515625,343.2701110839844,585.3782958984375,76.8499984741211,50645,82766,27962,8337,67684
2026-08-13 11:54:00-04:00,303.31500244140625,266.17999267578125,343.17999267578125,585.1901245117188,76.84500122070312,303.389892578125,266.19000244140625,343.3599853515625,585.3800048828125,76.86000061035156,303.29998779296875,266.04998779296875,343.1600036621094,585.1500244140625,76.81999969482422,303.3299865722656,266.1300048828125,343.32000732421875,585.2750244140625,76.84410095214844,42546,31462,20620,8342,50510
2026-08-13 11:55:00-04:00,303.32000732421875,266.17999267578125,343.239990234375,585.2901000976562,76.87999725341797,303.3846130371094,266.239990234375,343.2898864746094,585.4600219726562,76.88999938964844,303.2099914550781,266.1300048828125,343.1499938964844,585.1500244140625,76.8499984741211,303.3299865722656,266.19000244140625,343.1499938964844,585.22998046875,76.8499984741211,46256,48126,16270,6904,61797
2026-08-13 11:56:00-04:00,303.2149963378906,266.1050109863281,343.2886047363281,585.75,76.79010009765625,303.3599853515625,266.2099914550781,343.2898864746094,585.7999267578125,76.87999725341797,303.1499938964844,266.0799865722656,343.2145080566406,585.3800048828125,76.76000213623047,303.32501220703125,266.17999267578125,343.260009765625,585.3800048828125,76.875,64816,21400,8928,10416,67778
2026-08-13 11:57:00-04:00,303.20001220703125,266.2550048828125,343.2699890136719,586.260009765625,76.78500366210938,303.32000732421875,266.2550048828125,343.3800048828125,586.3599853515625,76.79000091552734,303.17999267578125,266.0799865722656,343.1400146484375,585.5900268554688,76.76499938964844,303.2049865722656,266.1000061035156,343.2699890136719,585.7999877929688,76.78500366210938,27696,28920,27210,13101,24946
2026-08-13 11:58:00-04:00,302.92498779296875,266.07000732421875,343.4700012207031,586.6400146484375,76.7750015258789,303.2298889160156,266.2699890136719,343.510009765625,586.6500244140625,76.80999755859375,302.8699951171875,266.05499267578125,343.2900085449219,586.1099853515625,76.7500991821289,303.2149963378906,266.239990234375,343.29998779296875,586.2650146484375,76.78500366210938,114043,32670,13810,14604,30544
2026-08-13 11:59:00-04:00,302.7879943847656,266.1400146484375,343.3699035644531,586.4500122070312,76.76000213623047,302.92498779296875,266.20001220703125,343.4599914550781,586.6500244140625,76.78500366210938,302.7699890136719,266.0799865722656,343.2699890136719,586.3300170898438,76.70999908447266,302.92498779296875,266.0849914550781,343.44000244140625,586.6500244140625,76.78500366210938,77669,44362,54141,14261,63904
2026-08-13 12:00:00-04:00,302.8109130859375,265.8699951171875,343.2699890136719,585.6799926757812,76.73049926757812,302.8450012207031,266.1199951171875,343.3900146484375,586.4500122070312,76.76499938964844,302.75,265.8399963378906,343.1000061035156,585.5,76.70999908447266,302.7900085449219,266.1199951171875,343.3599853515625,586.4500122070312,76.76499938964844,41594,254356,21393,22234,31889
2026-08-13 12:01:00-04:00,302.7449951171875,265.8100891113281,343.3299865722656,585.739501953125,76.70500183105469,302.82220458984375,265.88189697265625,343.3599853515625,586.1099853515625,76.7300033569336,302.70001220703125,265.739990234375,343.12799072265625,585.72998046875,76.68000030517578,302.82000732421875,265.8699951171875,343.239990234375,585.8599853515625,76.7300033569336,45824,77683,10692,10019,38131
2026-08-13 12:02:00-04:00,302.7301025390625,265.8900146484375,343.67999267578125,585.8200073242188,76.7249984741211,302.80999755859375,265.9100036621094,343.67999267578125,585.97998046875,76.73999786376953,302.6499938964844,265.7699890136719,343.3299865722656,585.7664794921875,76.68499755859375,302.7449951171875,265.80999755859375,343.3299865722656,585.8350219726562,76.69999694824219,55134,39806,117260,9661,36646
2026-08-13 12:03:00-04:00,302.739990234375,265.9200134277344,343.80999755859375,586.2999877929688,76.71499633789062,302.79998779296875,265.9700012207031,343.82501220703125,586.369873046875,76.75,302.7001037597656,265.7605895996094,343.6700134277344,585.85498046875,76.7020034790039,302.7449951171875,265.875,343.6700134277344,585.85498046875,76.72630310058594,34040,60727,22047,11211,36726
2026-08-13 12:04:00-04:00,302.68499755859375,265.8399963378906,343.6300048828125,585.9500122070312,76.625,302.760009765625,265.93499755859375,343.87908935546875,586.3699951171875,76.70999908447266,302.6300048828125,265.7699890136719,343.6050109863281,585.9500122070312,76.58999633789062,302.760009765625,265.93499755859375,343.82000732421875,586.3200073242188,76.70999908447266,53829,37879,11403,11311,95346
2026-08-13 12:05:00-04:00,302.7900085449219,266.0148010253906,343.6549987792969,585.9000244140625,76.6011962890625,302.82000732421875,266.04998779296875,343.6700134277344,586.1300048828125,76.63500213623047,302.57000732421875,265.8299865722656,343.4700012207031,585.9000244140625,76.5999984741211,302.67999267578125,265.8340148925781,343.6499938964844,585.9500122070312,76.62950134277344,102687,60172,19791,7279,35218
2026-08-13 12:06:00-04:00,302.8699951171875,265.802001953125,343.6000061035156,585.9500122070312,76.64420318603516,302.8999938964844,266.0150146484375,343.7598876953125,586.2000122070312,76.67500305175781,302.7355041503906,265.79998779296875,343.5799865722656,585.9000244140625,76.6050033569336,302.79998779296875,266.0050048828125,343.64630126953125,585.9000244140625,76.6050033569336,53687,43909,10261,16227,43615
2026-08-13 12:07:00-04:00,302.8299865722656,265.7900085449219,343.55999755859375,586.1799926757812,76.63999938964844,302.8799133300781,265.92999267578125,343.6400146484375,586.2000122070312,76.6500015258789,302.760009765625,265.75,343.489990234375,585.9500122070312,76.61000061035156,302.8699951171875,265.79998779296875,343.6000061035156,585.9500122070312,76.6449966430664,51307,90648,8085,7371,25933
2026-08-13 12:08:00-04:00,302.80999755859375,265.79998779296875,343.5400085449219,586.280029296875,76.62999725341797,302.8500061035156,265.835205078125,343.5400085449219,586.369873046875,76.6500015258789,302.7850036621094,265.7699890136719,343.4750061035156,586.1199951171875,76.56999969482422,302.8349914550781,265.7900085449219,343.5154113769531,586.1799926757812,76.6498031616211,40943,36671,8453,6755,33573
2026-08-13 12:09:00-04:00,303.2149963378906,265.80999755859375,343.5799865722656,586.7999877929688,76.63990020751953,303.239990234375,265.8699951171875,343.5799865722656,586.8499755859375,76.63990020751953,302.79998779296875,265.69500732421875,343.45001220703125,586.280029296875,76.61000061035156,302.80999755859375,265.79998779296875,343.57000732421875,586.3599243164062,76.62129974365234,69644,57698,9983,28748,25055
2026-08-13 12:10:00-04:00,303.125,265.7250061035156,343.7099914550781,586.8499755859375,76.63520050048828,303.2650146484375,265.8599853515625,343.7200012207031,587.260009765625,76.66999816894531,303.1199951171875,265.7099914550781,343.55010986328125,586.7550048828125,76.625,303.2250061035156,265.80499267578125,343.5799865722656,586.7550048828125,76.63999938964844,53868,25424,7366,36933,25336
2026-08-13 12:11:00-04:00,303.1400146484375,265.3699951171875,343.81500244140625,586.8900146484375,76.58000183105469,303.2200012207031,265.75,343.81500244140625,587.1099853515625,76.63999938964844,303.110107421875,265.3500061035156,343.6575012207031,586.8322143554688,76.56999969482422,303.125,265.75,343.69000244140625,586.85498046875,76.63500213623047,32336,109508,11010,10611,58552
2026-08-13 12:12:00-04:00,303.260009765625,265.38409423828125,343.7300109863281,587.25,76.5999984741211,303.30999755859375,265.5299987792969,343.8399963378906,587.25,76.61000061035156,303.1099853515625,265.2799987792969,343.7200012207031,586.864990234375,76.55000305175781,303.1300964355469,265.3800048828125,343.81500244140625,586.864990234375,76.58499908447266,48922,73333,11674,9336,40191
2026-08-13 12:13:00-04:00,303.1600036621094,265.20001220703125,343.69049072265625,586.8350219726562,76.66999816894531,303.2799987792969,265.37750244140625,343.7699890136719,587.2216186523438,76.66999816894531,303.1600036621094,265.135986328125,343.6499938964844,586.739990234375,76.56999969482422,303.2550048828125,265.3345031738281,343.7300109863281,587.1950073242188,76.5999984741211,34012,100651,8908,11134,36641
2026-08-13 12:14:00-04:00,303.4150085449219,265.18499755859375,343.6600036621094,586.7750244140625,76.5999984741211,303.4150085449219,265.19000244140625,343.7099914550781,586.9650268554688,76.68499755859375,303.1499938964844,265.0799865722656,343.6400146484375,586.7000122070312,76.5999984741211,303.1700134277344,265.1499938964844,343.7095031738281,586.9000244140625,76.66999816894531,63921,60749,5152,14843,47064
2026-08-13 12:15:00-04:00,303.3599853515625,264.9599914550781,343.5400085449219,586.3099975585938,76.58000183105469,303.54998779296875,265.17498779296875,343.71990966796875,586.8499755859375,76.62000274658203,303.3500061035156,264.9100036621094,343.5249938964844,586.1337890625,76.56999969482422,303.4150085449219,265.1600036621094,343.6600036621094,586.719970703125,76.58999633789062,35534,182169,8903,9264,50840
2026-08-13 12:16:00-04:00,303.37200927734375,264.8900146484375,343.5899963378906,586.3049926757812,76.62999725341797,303.4599914550781,265.0,343.6499938964844,586.469970703125,76.66000366210938,303.30010986328125,264.82000732421875,343.5000915527344,586.1400146484375,76.56999969482422,303.364990234375,264.94000244140625,343.5588073730469,586.2850952148438,76.56999969482422,28435,98428,34125,8769,92590
2026-08-13 12:17:00-04:00,303.385009765625,265.0799865722656,343.7749938964844,586.3099975585938,76.69999694824219,303.4700012207031,265.0899963378906,343.8299865722656,586.4694213867188,76.69999694824219,303.3699951171875,264.85198974609375,343.57000732421875,586.1099853515625,76.62000274658203,303.3699951171875,264.8999938964844,343.6199035644531,586.2849731445312,76.63999938964844,25746,85973,27067,6193,36404
2026-08-13 12:18:00-04:00,303.45001220703125,264.95001220703125,343.8598937988281,586.4199829101562,76.71499633789062,303.4599914550781,265.04998779296875,343.8699951171875,586.5700073242188,76.72000122070312,303.25,264.8599853515625,343.7522888183594,586.275390625,76.69999694824219,303.3800048828125,265.0201110839844,343.760009765625,586.3099975585938,76.69999694824219,33122,54533,12793,8240,40076
2026-08-13 12:19:00-04:00,303.6099853515625,265.1499938964844,344.1400146484375,586.6699829101562,76.71499633789062,303.6099853515625,265.1505126953125,344.1700134277344,586.70751953125,76.72000122070312,303.4231872558594,264.9150085449219,343.8399963378906,586.4201049804688,76.69499969482422,303.4599914550781,264.9700012207031,343.8399963378906,586.5,76.71499633789062,72030,55581,38430,6953,45812
2026-08-13 12:20:00-04:00,303.6700134277344,265.1199951171875,344.0,586.1300048828125,76.69259643554688,303.8699951171875,265.135009765625,344.1449890136719,586.5499877929688,76.73999786376953,303.6099853515625,265.04998779296875,343.9100036621094,586.0900268554688,76.69000244140625,303.6099853515625,265.135009765625,344.1400146484375,586.5499877929688,76.71499633789062,99174,41172,18818,7826,37685
2026-08-13 12:21:00-04:00,303.3800048828125,265.1000061035156,343.94000244140625,586.1099853515625,76.70500183105469,303.80999755859375,265.1300048828125,344.05999755859375,586.22998046875,76.70500183105469,303.2799987792969,265.05999755859375,343.9200134277344,586.0,76.66000366210938,303.67498779296875,265.114990234375,343.9700012207031,586.22998046875,76.68499755859375,65893,39219,11276,5336,32160
2026-08-13 12:22:00-04:00,303.5,265.1300048828125,343.8599853515625,586.260009765625,76.71499633789062,303.5299987792969,265.2715148925781,343.9599914550781,586.3599853515625,76.7300033569336,303.3522033691406,265.0899963378906,343.7799987792969,586.1099853515625,76.69599914550781,303.3522033691406,265.1000061035156,343.9447021484375,586.3599853515625,76.70999908447266,34743,32977,12798,6103,27246
2026-08-13 12:23:00-04:00,303.44500732421875,265.1337890625,344.1300048828125,586.5050048828125,76.7699966430664,303.55999755859375,265.1700134277344,344.239990234375,586.6099853515625,76.7750015258789,303.44500732421875,265.07000732421875,343.875,586.1204833984375,76.70999908447266,303.510009765625,265.125,343.875,586.1204833984375,76.71499633789062,28828,29418,20150,10228,36650
2026-08-13 12:24:00-04:00,303.5199890136719,265.1000061035156,344.1499938964844,586.75,76.87999725341797,303.57000732421875,265.1499938964844,344.20001220703125,586.7999877929688,76.87999725341797,303.4599914550781,265.0400085449219,344.0,586.5700073242188,76.7249984741211,303.4800109863281,265.1199951171875,344.1449890136719,586.6199951171875,76.7699966430664,25440,24556,39096,14035,80342
2026-08-13 12:25:00-04:00,303.6199951171875,265.1499938964844,344.3599853515625,586.8599853515625,76.80999755859375,303.6199951171875,265.1650085449219,344.3900146484375,586.9600219726562,76.88200378417969,303.5,265.04998779296875,344.1199951171875,586.7100219726562,76.79499816894531,303.5249938964844,265.1099853515625,344.1200866699219,586.7550048828125,76.88200378417969,29026,51577,26736,9698,57484
2026-08-13 12:26:00-04:00,303.67999267578125,265.1400146484375,344.260009765625,586.6500244140625,76.83000183105469,303.70001220703125,265.20001220703125,344.3699951171875,587.0800170898438,76.87000274658203,303.6099853515625,265.1000061035156,344.20001220703125,586.6500244140625,76.81500244140625,303.6300048828125,265.1304931640625,344.3550109863281,586.9600219726562,76.81500244140625,28990,37888,27481,14979,69064
2026-08-13 12:27:00-04:00,303.6539001464844,265.2900085449219,344.2300109863281,586.8099975585938,76.87999725341797,303.7499084472656,265.3500061035156,344.2799987792969,587.0599975585938,76.90850067138672,303.6400146484375,265.0024108886719,344.1300048828125,586.6304931640625,76.81999969482422,303.67498779296875,265.135009765625,344.2650146484375,586.6500244140625,76.83000183105469,22770,69305,11596,18158,80217
2026-08-13 12:28:00-04:00,303.6000061035156,265.2200012207031,344.2524108886719,586.9099731445312,76.93499755859375,303.7099914550781,265.29998779296875,344.32989501953125,587.0700073242188,76.94999694824219,303.57000732421875,265.1099853515625,344.1700134277344,586.739990234375,76.875,303.6499938964844,265.2300109863281,344.25,586.9140014648438,76.87999725341797,32495,73783,24706,8702,76006
2026-08-13 12:29:00-04:00,303.42999267578125,265.260009765625,344.2799987792969,587.0800170898438,77.06999969482422,303.6000061035156,265.29998779296875,344.2799987792969,587.0800170898438,77.08989715576172,303.3900146484375,265.19000244140625,344.1105041503906,586.8599853515625,76.91000366210938,303.6000061035156,265.2099914550781,344.239990234375,586.89501953125,76.93000030517578,45655,57458,15690,10362,107651
2026-08-13 12:30:00-04:00,303.30499267578125,265.3699951171875,344.32000732421875,587.239990234375,77.11499786376953,303.44989013671875,265.3900146484375,344.32000732421875,587.280029296875,77.11499786376953,303.2799987792969,265.2749938964844,344.2200012207031,587.0399780273438,77.0250015258789,303.43499755859375,265.2749938964844,344.29998779296875,587.0399780273438,77.07499694824219,27847,44810,12745,8582,106915
2026-08-13 12:31:00-04:00,303.1700134277344,265.2300109863281,344.3900146484375,586.9550170898438,77.07499694824219,303.29998779296875,265.3699951171875,344.44000244140625,587.3800048828125,77.12000274658203,303.1099853515625,265.2008972167969,344.31500244140625,586.7899780273438,77.02999877929688,303.29998779296875,265.3699951171875,344.3349914550781,587.280029296875,77.11000061035156,84748,30146,16918,24565,114109
2026-08-13 12:32:00-04:00,303.0899963378906,264.9750061035156,344.45001220703125,587.0599975585938,77.16999816894531,303.17999267578125,265.17999267578125,344.5199890136719,587.2899169921875,77.2499008178711,303.0799865722656,264.9750061035156,344.3299865722656,586.8300170898438,77.05000305175781,303.1700134277344,265.17999267578125,344.3500061035156,586.9550170898438,77.07499694824219,37346,54554,23932,11440,185738
2026-08-13 12:33:00-04:00,303.239990234375,265.0,344.3299865722656,587.10498046875,77.1449966430664,303.32000732421875,265.0199890136719,344.5199890136719,587.10498046875,77.19000244140625,303.0899963378906,264.8999938964844,344.2900085449219,586.840087890625,77.11499786376953,303.0899963378906,264.99951171875,344.46990966796875,586.9400024414062,77.17500305175781,39121,45308,19097,6660,97730
2026-08-13 12:34:00-04:00,303.2049865722656,265.1050109863281,344.3363952636719,587.3699951171875,77.17839813232422,303.239990234375,265.1050109863281,344.3599853515625,587.52001953125,77.17990112304688,303.1300048828125,264.9599914550781,344.2959899902344,587.1599731445312,77.12000274658203,303.2300109863281,265.0,344.3450012207031,587.2000122070312,77.13999938964844,47191,35656,30190,9494,107802
2026-08-13 12:35:00-04:00,303.2349853515625,265.0350036621094,344.125,587.135009765625,77.29989624023438,303.2699890136719,265.1099853515625,344.32989501953125,587.4000244140625,77.30000305175781,303.1650085449219,265.0199890136719,344.125,587.093994140625,77.16500091552734,303.19000244140625,265.07000732421875,344.32000732421875,587.3699951171875,77.17120361328125,25029,24638,28274,7028,116348
2026-08-13 12:36:00-04:00,303.1099853515625,264.9949951171875,344.0199890136719,586.97998046875,77.32499694824219,303.2349853515625,265.0199890136719,344.1600036621094,587.2100219726562,77.36000061035156,303.04998779296875,264.9200134277344,343.92999267578125,586.8400268554688,77.26000213623047,303.2349853515625,265.0,344.1499938964844,587.135009765625,77.28500366210938,24700,36539,19826,9211,110137
2026-08-13 12:37:00-04:00,303.2250061035156,265.0799865722656,344.0799865722656,587.2000122070312,77.34500122070312,303.239990234375,265.08990478515625,344.1400146484375,587.2100219726562,77.37999725341797,303.0899963378906,264.9849853515625,343.9989929199219,586.9600219726562,77.31500244140625,303.1000061035156,265.0,343.9989929199219,587.0072021484375,77.32499694824219,24454,31873,9331,6664,106312
2026-08-13 12:38:00-04:00,303.29998779296875,265.2250061035156,344.1199951171875,587.0623779296875,77.33999633789062,303.3500061035156,265.2349853515625,344.1499938964844,587.25,77.3550033569336,303.2300109863281,265.010009765625,344.04998779296875,587.0623779296875,77.33000183105469,303.2300109863281,265.0660095214844,344.04998779296875,587.1950073242188,77.34500122070312,43481,31903,11020,4405,61917
2026-08-13 12:39:00-04:00,303.2099914550781,265.2149963378906,344.0799865722656,587.1400146484375,77.34500122070312,303.3399963378906,265.25,344.15899658203125,587.1699829101562,77.3550033569336,303.2099914550781,265.1000061035156,344.0101013183594,586.9199829101562,77.31379699707031,303.29998779296875,265.2195129394531,344.1300048828125,587.0200805664062,77.34200286865234,26676,27519,8377,10782,57097
2026-08-13 12:40:00-04:00,303.19000244140625,265.3500061035156,343.989990234375,587.3699951171875,77.41500091552734,303.25,265.3699951171875,344.0799865722656,587.3699951171875,77.41999816894531,303.1683044433594,265.1976013183594,343.95001220703125,586.989990234375,77.33000183105469,303.2300109863281,265.2099914550781,344.0799865722656,587.1400146484375,77.33999633789062,20531,36275,26707,12117,65173
2026-08-13 12:41:00-04:00,303.1805114746094,265.3799133300781,344.07000732421875,587.4550170898438,77.33000183105469,303.2349853515625,265.3949890136719,344.0893859863281,587.5499877929688,77.4198989868164,303.1499938964844,265.30999755859375,343.9400939941406,587.1500244140625,77.33000183105469,303.19500732421875,265.3103942871094,343.9949951171875,587.27001953125,77.41500091552734,37336,29515,16151,7131,43938
2026-08-13 12:42:00-04:00,303.2099914550781,265.39788818359375,344.1099853515625,588.1500244140625,77.30500030517578,303.2300109863281,265.42999267578125,344.1701965332031,588.1500244140625,77.36000061035156,303.1199951171875,265.32000732421875,344.04998779296875,587.4000244140625,77.30500030517578,303.20001220703125,265.3599853515625,344.07501220703125,587.4951171875,77.33499908447266,33151,26065,16900,25841,86267
2026-08-13 12:43:00-04:00,303.2650146484375,265.5849914550781,344.17999267578125,588.2000122070312,77.26950073242188,303.2650146484375,265.6145935058594,344.1889953613281,588.280029296875,77.30999755859375,303.0801086425781,265.3699951171875,344.10009765625,587.9949951171875,77.23999786376953,303.20001220703125,265.3900146484375,344.1199951171875,588.094970703125,77.30500030517578,41007,68582,9031,18826,71848
2026-08-13 12:44:00-04:00,303.2349853515625,265.55999755859375,344.135009765625,588.2150268554688,77.30999755859375,303.2699890136719,265.5899963378906,344.2095031738281,588.4299926757812,77.31999969482422,303.19000244140625,265.5400085449219,344.135009765625,588.0900268554688,77.24500274658203,303.2650146484375,265.55999755859375,344.17498779296875,588.1149291992188,77.26000213623047,32752,31959,9599,13363,53681
2026-08-13 12:45:00-04:00,303.2099914550781,265.5249938964844,344.17999267578125,588.2100219726562,77.26000213623047,303.29998779296875,265.6700134277344,344.2650146484375,588.4199829101562,77.30500030517578,303.2099914550781,265.4800109863281,344.1400146484375,588.0,77.26000213623047,303.2349853515625,265.54998779296875,344.1499938964844,588.1900024414062,77.3009033203125,32514,52666,23804,21255,41188
2026-08-13 12:46:00-04:00,303.3500061035156,265.510009765625,344.1300048828125,588.125,77.2750015258789,303.3550109863281,265.54998779296875,344.1700134277344,588.1400146484375,77.2750015258789,303.1600036621094,265.45001220703125,344.07000732421875,587.8300170898438,77.25,303.2049865722656,265.4800109863281,344.1700134277344,588.0900268554688,77.26499938964844,57555,46104,9477,14294,76654
2026-08-13 12:47:00-04:00,303.5899963378906,265.55499267578125,344.2300109863281,588.2050170898438,77.28500366210938,303.614990234375,265.6000061035156,344.239990234375,588.3200073242188,77.30999755859375,303.3299865722656,265.3800048828125,344.0899963378906,588.010009765625,77.26499938964844,303.3500061035156,265.5299987792969,344.0899963378906,588.125,77.2699966430664,62115,47619,10120,11100,53866
2026-08-13 12:48:00-04:00,303.6791076660156,265.6700134277344,344.18499755859375,588.4099731445312,77.26499938964844,303.689697265625,265.68499755859375,344.302001953125,588.4600219726562,77.31500244140625,303.5801086425781,265.44000244140625,344.17999267578125,588.1691284179688,77.26000213623047,303.5899963378906,265.5400085449219,344.2099914550781,588.2899780273438,77.27999877929688,31530,89192,11180,15097,31300
2026-08-13 12:49:00-04:00,303.7300109863281,265.760009765625,344.1319885253906,588.3200073242188,77.2249984741211,303.75,265.79998779296875,344.19500732421875,588.510009765625,77.29000091552734,303.6700134277344,265.67010498046875,344.04998779296875,588.3200073242188,77.2249984741211,303.6700134277344,265.67999267578125,344.17999267578125,588.4099731445312,77.26499938964844,32851,50539,29764,19303,61761
2026-08-13 12:50:00-04:00,303.69500732421875,265.8420104980469,344.2300109863281,588.4949951171875,77.20999908447266,303.760009765625,265.8550109863281,344.2300109863281,588.5549926757812,77.24500274658203,303.6199951171875,265.7405090332031,344.1000061035156,588.3300170898438,77.20999908447266,303.7200012207031,265.75,344.1199951171875,588.3499755859375,77.22000122070312,36080,48018,14286,20457,32536
2026-08-13 12:51:00-04:00,303.6600036621094,265.9599914550781,344.4049987792969,588.3798217773438,77.29499816894531,303.70001220703125,266.010009765625,344.4200134277344,588.739990234375,77.30000305175781,303.5899963378906,265.7799987792969,344.2300109863281,588.2301025390625,77.20999908447266,303.69500732421875,265.8399963378906,344.2300109863281,588.4949951171875,77.20999908447266,36925,155952,16308,12727,50883
2026-08-13 12:52:00-04:00,303.6050109863281,265.8349914550781,344.44000244140625,588.2050170898438,77.32499694824219,303.6549987792969,265.9700012207031,344.4649963378906,588.4149780273438,77.33000183105469,303.5849914550781,265.7900085449219,344.3699951171875,588.2000122070312,77.29000091552734,303.6499938964844,265.9700012207031,344.4049987792969,588.4149780273438,77.29499816894531,32897,38327,18805,5550,40440
2026-08-13 12:53:00-04:00,303.4200134277344,265.80999755859375,344.5,588.04150390625,77.30500030517578,303.6300048828125,265.8900146484375,344.5,588.25,77.33499908447266,303.4200134277344,265.75,344.3775939941406,588.0250244140625,77.30000305175781,303.6050109863281,265.8500061035156,344.45001220703125,588.239990234375,77.33000183105469,39047,30577,16182,9254,35791
2026-08-13 12:54:00-04:00,303.5249938964844,265.8599853515625,344.760009765625,588.030029296875,77.31379699707031,303.614990234375,265.8800048828125,344.79998779296875,588.0999755859375,77.32499694824219,303.3999938964844,265.7799987792969,344.4200134277344,587.7249755859375,77.29000091552734,303.42498779296875,265.79998779296875,344.4700012207031,588.0999755859375,77.30000305175781,40234,34669,41451,11348,48341
2026-08-13 12:55:00-04:00,303.29998779296875,265.79998779296875,344.55999755859375,587.6339721679688,77.2959976196289,303.6000061035156,265.8800048828125,344.8299865722656,587.9600219726562,77.31999969482422,303.25,265.75,344.5249938964844,587.55126953125,77.27999877929688,303.54998779296875,265.85040283203125,344.7900085449219,587.9600219726562,77.31500244140625,106644,34150,25766,10855,47378
2026-08-13 12:56:00-04:00,303.19000244140625,265.7463073730469,344.32501220703125,587.7349853515625,77.26499938964844,303.3399963378906,265.8063049316406,344.55950927734375,587.7849731445312,77.29499816894531,303.1820068359375,265.7200012207031,344.3100891113281,587.5623168945312,77.25499725341797,303.32000732421875,265.7900085449219,344.55950927734375,587.6749877929688,77.29499816894531,27320,28894,11180,4844,29001
2026-08-13 12:57:00-04:00,303.17999267578125,265.7900085449219,344.3349914550781,587.7750244140625,77.28500366210938,303.239990234375,265.92999267578125,344.3699951171875,587.9099731445312,77.28510284423828,303.135009765625,265.75,344.29998779296875,587.6900024414062,77.26499938964844,303.19000244140625,265.7550048828125,344.30999755859375,587.7899780273438,77.26499938964844,36597,54368,5373,4373,21072
2026-08-13 12:58:00-04:00,303.1494140625,265.7900085449219,344.25,587.7000122070312,77.25499725341797,303.1799011230469,265.8299865722656,344.3500061035156,587.8200073242188,77.29000091552734,303.0874938964844,265.7611083984375,344.1700134277344,587.6599731445312,77.24500274658203,303.1700134277344,265.7900085449219,344.3500061035156,587.7750244140625,77.28050231933594,22756,37856,7335,8041,48120
2026-08-13 12:59:00-04:00,303.0299987792969,265.41009521484375,344.1875915527344,587.7949829101562,77.22630310058594,303.1499938964844,265.7900085449219,344.2550048828125,588.0,77.2698974609375,303.010009765625,265.41009521484375,344.1600036621094,587.6300048828125,77.22000122070312,303.1400146484375,265.7799987792969,344.25,587.6300048828125,77.26499938964844,41697,98674,7265,8514,37677
2026-08-13 13:00:00-04:00,303.1199035644531,265.2799987792969,344.1400146484375,587.9299926757812,77.27999877929688,303.1199951171875,265.4700012207031,345.260009765625,588.0999755859375,77.29000091552734,302.96051025390625,265.2799987792969,344.0,587.7728881835938,77.21499633789062,303.0400085449219,265.42999267578125,344.1700134277344,587.7728881835938,77.2249984741211,115149,57287,149976,17044,68671
2026-08-13 13:01:00-04:00,303.010009765625,265.32000732421875,343.9599914550781,588.0499877929688,77.31500244140625,303.1899108886719,265.3900146484375,344.1700134277344,588.1500244140625,77.31999969482422,303.0,265.20001220703125,343.9200134277344,587.9199829101562,77.25499725341797,303.114990234375,265.2850036621094,344.0799865722656,587.969970703125,77.2750015258789,24080,78574,19996,6889,54399
2026-08-13 13:02:00-04:00,302.8500061035156,265.4150085449219,344.17999267578125,588.0750122070312,77.28500366210938,303.0299987792969,265.4200134277344,344.19000244140625,588.1699829101562,77.31999969482422,302.8500061035156,265.2799987792969,343.94000244140625,587.989990234375,77.26000213623047,303.00579833984375,265.32000732421875,343.9700012207031,588.048583984375,77.31999969482422,46358,21690,13754,7454,59949
2026-08-13 13:03:00-04:00,302.9599914550781,265.4849853515625,344.0199890136719,588.510009765625,77.2750015258789,302.9800109863281,265.55999755859375,344.19000244140625,588.5449829101562,77.28500366210938,302.8599853515625,265.29998779296875,343.95220947265625,587.9849853515625,77.26000213623047,302.8699951171875,265.4100036621094,344.19000244140625,588.14990234375,77.28500366210938,27068,61458,18820,19546,48587
2026-08-13 13:04:00-04:00,303.0,265.4700012207031,344.04998779296875,588.3200073242188,77.29000091552734,303.0799865722656,265.5199890136719,344.1300048828125,588.510009765625,77.29989624023438,302.9599914550781,265.4200134277344,343.9200134277344,588.268798828125,77.19999694824219,302.9649963378906,265.4849853515625,344.0199890136719,588.4910278320312,77.27400207519531,32912,43432,20144,16339,75157
2026-08-13 13:05:00-04:00,302.9200134277344,265.4674987792969,344.1000061035156,588.4000244140625,77.31999969482422,303.010009765625,265.5,344.1195068359375,588.5999755859375,77.32499694824219,302.8599853515625,265.4200134277344,343.95001220703125,588.2310180664062,77.26000213623047,303.00201416015625,265.4700012207031,344.010009765625,588.4000244140625,77.29499816894531,36469,24199,15397,14359,59496
2026-08-13 13:06:00-04:00,303.0,265.3349914550781,343.9551086425781,588.4000854492188,77.28500366210938,303.0050048828125,265.4700012207031,344.1199951171875,588.5399780273438,77.33499908447266,302.8999938964844,265.32000732421875,343.8599853515625,588.3901977539062,77.26000213623047,302.92498779296875,265.4700012207031,344.1189880371094,588.5,77.32499694824219,24099,39930,11042,6394,43701
2026-08-13 13:07:00-04:00,302.9949951171875,265.35009765625,344.0150146484375,588.4650268554688,77.30500030517578,303.04998779296875,265.3699951171875,344.0400085449219,588.5499877929688,77.31500244140625,302.9801025390625,265.32000732421875,343.8900146484375,588.3200073242188,77.27999877929688,303.010009765625,265.3349914550781,343.9549865722656,588.5499877929688,77.28500366210938,45531,34355,25908,6670,36349
2026-08-13 13:08:00-04:00,303.07000732421875,265.4200134277344,344.0799865722656,588.7100219726562,77.30500030517578,303.1199951171875,265.45001220703125,344.1099853515625,588.8399047851562,77.30500030517578,302.9700012207031,265.3399963378906,343.95001220703125,588.3499755859375,77.2750015258789,303.0,265.3550109863281,344.0150146484375,588.4199829101562,77.30500030517578,37589,38903,13329,12120,36853
2026-08-13 13:09:00-04:00,303.05999755859375,265.3699951171875,344.364990234375,588.6849975585938,77.28900146484375,303.0899963378906,265.4100036621094,344.3900146484375,588.8300170898438,77.30509948730469,303.0199890136719,265.3299865722656,344.0899963378906,588.5601196289062,77.26499938964844,303.05999755859375,265.4100036621094,344.0899963378906,588.6950073242188,77.30500030517578,43468,17882,21566,15282,25634
2026-08-13 13:10:00-04:00,303.05499267578125,265.3550109863281,344.30499267578125,588.75,77.33499908447266,303.1000061035156,265.3999938964844,344.3550109863281,588.8300170898438,77.34100341796875,303.0199890136719,265.2799987792969,344.239990234375,588.5399780273438,77.27999877929688,303.05999755859375,265.3800048828125,344.3399963378906,588.5999755859375,77.28500366210938,29272,32262,11382,9184,40095
2026-08-13 13:11:00-04:00,302.989990234375,265.3699951171875,344.239990234375,588.8599853515625,77.30999755859375,303.05499267578125,265.3949890136719,344.32000732421875,588.97998046875,77.3499984741211,302.9750061035156,265.32000732421875,344.239990234375,588.7550048828125,77.30449676513672,303.05499267578125,265.3450012207031,344.314697265625,588.7550048828125,77.33499908447266,28386,23707,6404,39880,35437
2026-08-13 13:12:00-04:00,302.92498779296875,265.45001220703125,344.2200012207031,589.0499877929688,77.26000213623047,302.9949951171875,265.55999755859375,344.2872009277344,589.1193237304688,77.31500244140625,302.9100036621094,265.3800048828125,344.19000244140625,588.614990234375,77.26000213623047,302.9949951171875,265.3800048828125,344.25,588.8599853515625,77.31500244140625,27192,70704,18241,23975,27716
2026-08-13 13:13:00-04:00,302.9599914550781,265.2300109863281,344.1449890136719,589.0537109375,77.24500274658203,303.0050048828125,265.44000244140625,344.2099914550781,589.219970703125,77.27989959716797,302.92401123046875,265.2300109863281,344.07000732421875,588.9638061523438,77.24500274658203,302.92401123046875,265.44000244140625,344.2099914550781,589.0499877929688,77.2698974609375,19674,43631,11664,11733,34768
2026-08-13 13:14:00-04:00,303.0899963378906,265.2850036621094,344.0950012207031,588.8350219726562,77.25499725341797,303.0899963378906,265.3349914550781,344.1300048828125,589.0,77.2699966430664,302.95001220703125,265.2099914550781,344.010009765625,588.760009765625,77.24140167236328,302.9599914550781,265.239990234375,344.1300048828125,589.0,77.24430084228516,59713,62905,6543,14506,24916
2026-08-13 13:15:00-04:00,303.0400085449219,265.3500061035156,344.04998779296875,588.7800903320312,77.2499008178711,303.1099853515625,265.42999267578125,344.1400146484375,588.9699096679688,77.26499938964844,303.0199890136719,265.2803039550781,344.0400085449219,588.760009765625,77.23999786376953,303.0799865722656,265.2850036621094,344.1000061035156,588.8300170898438,77.25499725341797,25972,63680,8877,12525,37188
2026-08-13 13:16:00-04:00,303.018798828125,265.42999267578125,344.0400085449219,588.9400024414062,77.21499633789062,303.07501220703125,265.42999267578125,344.0899963378906,589.0050048828125,77.25509643554688,303.010009765625,265.260009765625,343.9949951171875,588.864990234375,77.21119689941406,303.04998779296875,265.3550109863281,344.04998779296875,588.864990234375,77.24500274658203,22359,35980,13379,7134,32341
2026-08-13 13:17:00-04:00,302.9905090332031,265.45361328125,343.875,588.5399780273438,77.20010375976562,303.05999755859375,265.46990966796875,344.0398864746094,588.969970703125,77.2300033569336,302.9905090332031,265.3800964355469,343.8399963378906,588.5399780273438,77.19999694824219,303.0199890136719,265.44000244140625,344.0299987792969,588.969970703125,77.21499633789062,50879,33064,13287,12265,42919
2026-08-13 13:18:00-04:00,302.9750061035156,265.3699951171875,343.79998779296875,588.6849975585938,77.1449966430664,302.9949951171875,265.4649963378906,343.8399963378906,588.6900024414062,77.20610046386719,302.96099853515625,265.3699951171875,343.7900085449219,588.3400268554688,77.13999938964844,302.99090576171875,265.3949890136719,343.8399963378906,588.5800170898438,77.20610046386719,13784,25028,7512,12752,77323
2026-08-13 13:19:00-04:00,303.0350036621094,265.4800109863281,343.7049865722656,588.77001953125,77.14009857177734,303.05999755859375,265.4800109863281,343.7850036621094,588.8400268554688,77.14600372314453,302.9700012207031,265.3699951171875,343.67498779296875,588.5996704101562,77.13500213623047,302.9750061035156,265.3760070800781,343.7699890136719,588.6849975585938,77.1449966430664,42424,25056,17785,3893,44212
2026-08-13 13:20:00-04:00,303.0751037597656,265.43499755859375,343.7705993652344,588.8300170898438,77.15499877929688,303.1000061035156,265.5299072265625,343.79998779296875,588.9400024414062,77.16000366210938,303.0299987792969,265.4100036621094,343.69500732421875,588.719970703125,77.12000274658203,303.031005859375,265.4849853515625,343.7099914550781,588.9099731445312,77.1449966430664,19387,26843,8861,6807,45563
2026-08-13 13:21:00-04:00,303.0899963378906,265.57000732421875,343.7300109863281,588.7000122070312,77.15499877929688,303.1099853515625,265.5899963378906,343.7699890136719,588.8400268554688,77.16739654541016,303.04998779296875,265.3500061035156,343.6199951171875,588.5,77.12999725341797,303.0751037597656,265.42999267578125,343.760009765625,588.8400268554688,77.1500015258789,36322,47906,13088,8749,50856
2026-08-13 13:22:00-04:00,303.0150146484375,265.5299987792969,343.7300109863281,588.3800048828125,77.23999786376953,303.1000061035156,265.57000732421875,343.7900085449219,588.6895751953125,77.26499938964844,302.9700012207031,265.5,343.7149963378906,588.3099975585938,77.12999725341797,303.0950012207031,265.57000732421875,343.7449951171875,588.6500244140625,77.1500015258789,20237,22567,10880,10504,107958
2026-08-13 13:23:00-04:00,303.0050048828125,265.3949890136719,343.57501220703125,587.844970703125,77.19999694824219,303.0350036621094,265.5242004394531,343.739990234375,588.4249877929688,77.25599670410156,302.9949951171875,265.3900146484375,343.5299987792969,587.75,77.18000030517578,303.0199890136719,265.510009765625,343.7300109863281,588.344970703125,77.24500274658203,18786,29268,16199,11167,52187
2026-08-13 13:24:00-04:00,303.1600036621094,265.5,343.7099914550781,588.3200073242188,77.23999786376953,303.1600036621094,265.5,343.7099914550781,588.4400024414062,77.23999786376953,303.0,265.3800048828125,343.5799865722656,587.8590698242188,77.19989776611328,303.0050048828125,265.3949890136719,343.59271240234375,587.8590698242188,77.19999694824219,32927,28507,12453,9024,27262
2026-08-13 13:25:00-04:00,303.17498779296875,265.5,343.80999755859375,588.1900024414062,77.24500274658203,303.2099914550781,265.5199890136719,343.80999755859375,588.4000244140625,77.26000213623047,303.1300048828125,265.4649963378906,343.7300109863281,588.1799926757812,77.23500061035156,303.1700134277344,265.5199890136719,343.7300109863281,588.3118286132812,77.24500274658203,34542,14924,12379,6982,28776
2026-08-13 13:26:00-04:00,303.1400146484375,265.4599914550781,343.70001220703125,588.2100219726562,77.19509887695312,303.18499755859375,265.56500244140625,343.82000732421875,588.2999877929688,77.2499008178711,303.06500244140625,265.45001220703125,343.70001220703125,588.1099853515625,77.19000244140625,303.18499755859375,265.4949951171875,343.7828063964844,588.1599731445312,77.24949645996094,73412,24817,8949,4807,25885
2026-08-13 13:27:00-04:00,303.32000732421875,265.510009765625,343.94000244140625,588.2000122070312,77.20030212402344,303.3299865722656,265.52978515625,344.0,588.2999877929688,77.20989990234375,303.1000061035156,265.4403991699219,343.7550048828125,588.0195922851562,77.17500305175781,303.1400146484375,265.45989990234375,343.7550048828125,588.0999755859375,77.19000244140625,32932,25904,17134,11154,30672
2026-08-13 13:28:00-04:00,303.2900085449219,265.6000061035156,343.9399108886719,588.47998046875,77.20500183105469,303.385009765625,265.6499938964844,343.9599914550781,588.7000122070312,77.22989654541016,303.2757873535156,265.5150146484375,343.8999938964844,588.2999877929688,77.19999694824219,303.32000732421875,265.5150146484375,343.94000244140625,588.2999877929688,77.20850372314453,39422,41784,8783,11389,27603
2026-08-13 13:29:00-04:00,303.3399963378906,265.6000061035156,343.82000732421875,588.47998046875,77.19999694824219,303.3799133300781,265.6400146484375,343.95001220703125,588.5880737304688,77.21160125732422,303.20001220703125,265.5799865722656,343.79998779296875,588.4000244140625,77.19499969482422,303.2799987792969,265.6099853515625,343.92999267578125,588.5499877929688,77.20500183105469,34128,28406,8358,10439,31683
2026-08-13 13:30:00-04:00,303.3349914550781,265.70001220703125,343.875,588.5601196289062,77.1500015258789,303.3800048828125,265.7149963378906,343.8949890136719,588.6099853515625,77.20999908447266,303.29998779296875,265.57000732421875,343.82501220703125,588.3400268554688,77.12999725341797,303.3301086425781,265.60400390625,343.82501220703125,588.47998046875,77.19049835205078,25342,31106,14232,18150,31611
2026-08-13 13:31:00-04:00,303.32501220703125,265.5799865722656,343.885009765625,588.4199829101562,77.12999725341797,303.3699951171875,265.7200012207031,343.94000244140625,588.6300048828125,77.1449966430664,303.2900085449219,265.57000732421875,343.8500061035156,588.4199829101562,77.08499908447266,303.3450012207031,265.69500732421875,343.875,588.489990234375,77.13500213623047,17558,29125,10220,11316,48070
2026-08-13 13:32:00-04:00,303.125,265.5150146484375,343.82501220703125,588.1599731445312,77.16000366210938,303.3900146484375,265.57000732421875,343.8799133300781,588.4805297851562,77.16999816894531,303.0799865722656,265.489990234375,343.75,588.1500244140625,77.12000274658203,303.32000732421875,265.57000732421875,343.8599853515625,588.3599853515625,77.12000274658203,50901,38885,8371,11069,57436
2026-08-13 13:33:00-04:00,303.1600036621094,265.3349914550781,343.7835998535156,588.0369873046875,77.13500213623047,303.25,265.5299987792969,343.8599853515625,588.3300170898438,77.15499877929688,303.125,265.3299865722656,343.7835998535156,588.0369873046875,77.12999725341797,303.1300048828125,265.5150146484375,343.8500061035156,588.2449951171875,77.15499877929688,39657,40448,8661,6989,34035
2026-08-13 13:34:00-04:00,303.2349853515625,265.2900085449219,343.7799987792969,587.9201049804688,77.15989685058594,303.30999755859375,265.3599853515625,343.8699951171875,588.0899047851562,77.15989685058594,303.1600036621094,265.2799987792969,343.7799987792969,587.9099731445312,77.11499786376953,303.1600036621094,265.3349914550781,343.82000732421875,588.0772094726562,77.13990020751953,31100,21571,6414,7112,25419
2026-08-13 13:35:00-04:00,303.3219909667969,265.42999267578125,343.8599853515625,588.22998046875,77.13500213623047,303.3299865722656,265.42999267578125,343.8599853515625,588.25,77.16000366210938,303.17999267578125,265.2799987792969,343.739990234375,587.9600219726562,77.13020324707031,303.2300109863281,265.29998779296875,343.79998779296875,587.9849853515625,77.15499877929688,28997,23772,10049,8183,26982
2026-08-13 13:36:00-04:00,303.3949890136719,265.3800048828125,343.9100036621094,588.27001953125,77.08000183105469,303.44000244140625,265.42999267578125,343.95001220703125,588.3300170898438,77.13500213623047,303.2900085449219,265.3800048828125,343.8599853515625,588.0650024414062,77.08000183105469,303.32000732421875,265.41009521484375,343.8999938964844,588.239990234375,77.13500213623047,47080,20167,10685,7321,28073
2026-08-13 13:37:00-04:00,303.4800109863281,265.3700866699219,343.8554992675781,588.2249755859375,77.08999633789062,303.5249938964844,265.40509033203125,343.885009765625,588.4199829101562,77.10990142822266,303.3800048828125,265.30999755859375,343.7799987792969,588.1099853515625,77.04000091552734,303.3999938964844,265.3599853515625,343.885009765625,588.2750244140625,77.08499908447266,28187,37389,14083,7473,62609
2026-08-13 13:38:00-04:00,303.6400146484375,265.3399963378906,343.82000732421875,588.1500854492188,77.0250015258789,303.6400146484375,265.3999938964844,343.92999267578125,588.3499755859375,77.09500122070312,303.2900085449219,265.3399963378906,343.80010986328125,588.1400146484375,77.0199966430664,303.4800109863281,265.3800048828125,343.8599853515625,588.3499755859375,77.08499908447266,52375,29592,13265,3364,24940
2026-08-13 13:39:00-04:00,303.67999267578125,265.3349914550781,343.79998779296875,588.239990234375,77.01020050048828,303.69000244140625,265.3800048828125,343.8299865722656,588.3599853515625,77.03500366210938,303.5799865722656,265.29998779296875,343.75,588.1099853515625,77.01000213623047,303.6199951171875,265.3800048828125,343.81500244140625,588.1599731445312,77.0250015258789,28382,42274,24217,8469,56607
2026-08-13 13:40:00-04:00,303.79998779296875,265.32501220703125,343.760009765625,588.3599853515625,76.94000244140625,303.82000732421875,265.3299865722656,343.8500061035156,588.3800048828125,77.0198974609375,303.67999267578125,265.2349853515625,343.760009765625,588.1400146484375,76.94000244140625,303.67999267578125,265.3299865722656,343.7799987792969,588.239990234375,77.01499938964844,29063,30248,6546,11662,80135
2026-08-13 13:41:00-04:00,303.79998779296875,265.20001220703125,343.7749938964844,588.2899780273438,76.94950103759766,303.80499267578125,265.30999755859375,343.7900085449219,588.2899780273438,76.95999908447266,303.510009765625,265.1199951171875,343.70001220703125,587.6599731445312,76.91010284423828,303.79998779296875,265.30999755859375,343.760009765625,588.2249755859375,76.94010162353516,79628,40261,28522,14299,48668
2026-08-13 13:42:00-04:00,303.4100036621094,265.1361083984375,343.8599853515625,588.4990234375,76.91999816894531,303.7900085449219,265.20001220703125,343.9150085449219,588.5999755859375,76.95500183105469,303.2900085449219,265.1300048828125,343.7749938964844,587.9600219726562,76.91999816894531,303.78228759765625,265.20001220703125,343.7900085449219,588.25,76.94999694824219,72956,30533,19463,29653,47094
2026-08-13 13:43:00-04:00,303.4549865722656,265.17999267578125,343.8299865722656,588.5900268554688,76.875,303.4700012207031,265.19000244140625,343.889892578125,588.8198852539062,76.93499755859375,303.32000732421875,265.1000061035156,343.760009765625,588.3463745117188,76.875,303.4049987792969,265.135009765625,343.8399963378906,588.4199829101562,76.93000030517578,36749,36052,12010,12014,31096
2026-08-13 13:44:00-04:00,303.5400085449219,265.1499938964844,343.760009765625,588.5999755859375,76.83540344238281,303.6099853515625,265.25,343.8500061035156,588.8200073242188,76.88020324707031,303.4100036621094,265.1300964355469,343.70001220703125,588.4000244140625,76.83540344238281,303.4599914550781,265.19000244140625,343.8500061035156,588.530029296875,76.87000274658203,49466,32752,9828,6940,58471
2026-08-13 13:45:00-04:00,303.6449890136719,265.2749938964844,343.902099609375,589.0999755859375,76.84500122070312,303.659912109375,265.27960205078125,343.9200134277344,589.0999755859375,76.86000061035156,303.5299987792969,265.1650085449219,343.760009765625,588.6849975585938,76.81400299072266,303.55999755859375,265.1650085449219,343.760009765625,588.6851196289062,76.83000183105469,18124,23793,12374,14528,38250
2026-08-13 13:46:00-04:00,303.760009765625,265.25,343.760009765625,589.2949829101562,76.87999725341797,303.79998779296875,265.30999755859375,343.9200134277344,589.4400024414062,76.88600158691406,303.6400146484375,265.239990234375,343.760009765625,589.0798950195312,76.83999633789062,303.6449890136719,265.2699890136719,343.9200134277344,589.1900024414062,76.8499984741211,32751,34510,8746,14295,59550
2026-08-13 13:47:00-04:00,303.8550109863281,265.19000244140625,343.760009765625,589.4199829101562,76.87989807128906,303.8900146484375,265.2698974609375,343.78509521484375,589.4199829101562,76.9000015258789,303.7699890136719,265.17999267578125,343.7300109863281,589.1699829101562,76.875,303.7699890136719,265.2449951171875,343.75,589.280029296875,76.875,34983,30365,8609,10241,22637
2026-08-13 13:48:00-04:00,303.7099914550781,265.19000244140625,343.8399963378906,589.3499755859375,76.9000015258789,303.8999938964844,265.25,343.8900146484375,589.530029296875,76.90350341796875,303.67999267578125,265.17999267578125,343.75,589.3400268554688,76.86499786376953,303.8599853515625,265.20001220703125,343.7799987792969,589.4400024414062,76.88500213623047,33302,27529,15210,5671,46052
2026-08-13 13:49:00-04:00,303.68499755859375,265.2049865722656,343.82000732421875,588.9741821289062,76.8949966430664,303.75,265.2300109863281,343.8699951171875,589.3499755859375,76.91889953613281,303.6700134277344,265.1700134277344,343.7900085449219,588.9202880859375,76.88999938964844,303.7049865722656,265.17999267578125,343.7900085449219,589.3499755859375,76.91500091552734,21461,24326,12056,13457,37853
2026-08-13 13:50:00-04:00,303.489990234375,265.1549987792969,343.75,588.9000244140625,76.8949966430664,303.79998779296875,265.260009765625,343.8799133300781,589.030029296875,76.91000366210938,303.4601135253906,265.1400146484375,343.7300109863281,588.8599853515625,76.8949966430664,303.7099914550781,265.2049865722656,343.8299865722656,588.9650268554688,76.9000015258789,45087,22850,9522,4527,19608
2026-08-13 13:51:00-04:00,303.4150085449219,265.1199951171875,343.739990234375,588.969970703125,76.91500091552734,303.5,265.20001220703125,343.7900085449219,589.0,76.91999816894531,303.4150085449219,265.1000061035156,343.7099914550781,588.7999877929688,76.87999725341797,303.489990234375,265.1499938964844,343.78948974609375,588.9400024414062,76.8949966430664,22120,29995,7731,7020,40050
2026-08-13 13:52:00-04:00,303.489990234375,265.1650085449219,343.79998779296875,589.1649780273438,76.95999908447266,303.510009765625,265.17498779296875,343.82000732421875,589.2100219726562,76.95999908447266,303.4200134277344,265.0899963378906,343.7500915527344,588.8499755859375,76.91000366210938,303.4200134277344,265.1199951171875,343.760009765625,588.8499755859375,76.91999816894531,21593,26334,8236,14113,37372
2026-08-13 13:53:00-04:00,303.5,265.32000732421875,343.89990234375,589.1699829101562,76.9749984741211,303.5400085449219,265.32501220703125,343.8999938964844,589.2899780273438,77.0,303.4599914550781,265.1400146484375,343.7799987792969,589.0700073242188,76.95999908447266,303.4849853515625,265.1400146484375,343.82000732421875,589.1599731445312,76.96499633789062,36513,31592,7091,12112,23150
2026-08-13 13:54:00-04:00,303.42498779296875,265.31500244140625,343.9247131347656,588.4600219726562,76.95500183105469,303.5,265.3695068359375,343.9849853515625,589.1701049804688,76.9749984741211,303.3800048828125,265.2699890136719,343.8500061035156,588.4550170898438,76.94000244140625,303.5,265.30999755859375,343.8800048828125,589.0401000976562,76.9749984741211,25209,41876,15357,9062,22605
2026-08-13 13:55:00-04:00,303.42498779296875,265.3399963378906,343.89898681640625,588.5150146484375,76.98999786376953,303.489990234375,265.409912109375,343.9599914550781,588.6300048828125,77.0,303.4200134277344,265.3299865722656,343.8699951171875,588.4000854492188,76.95500183105469,303.4267883300781,265.3299865722656,343.92999267578125,588.5800170898438,76.95500183105469,15789,29276,15385,7169,32287
2026-08-13 13:56:00-04:00,303.45001220703125,265.32000732421875,343.8984069824219,588.259521484375,76.99659729003906,303.489990234375,265.364990234375,343.9800109863281,588.5349731445312,77.01000213623047,303.44000244140625,265.32000732421875,343.8699951171875,588.259521484375,76.98500061035156,303.44000244140625,265.3420104980469,343.8901062011719,588.5349731445312,77.0,17952,28094,12584,7249,24171
2026-08-13 13:57:00-04:00,303.44000244140625,265.3883056640625,343.94500732421875,588.1950073242188,77.01499938964844,303.489990234375,265.4549865722656,343.9800109863281,588.39501953125,77.018798828125,303.4200134277344,265.3299865722656,343.875,588.1950073242188,76.98829650878906,303.4700012207031,265.3299865722656,343.8900146484375,588.3400268554688,76.98999786376953,15964,47501,8862,6928,24484
2026-08-13 13:58:00-04:00,303.3905029296875,265.3843994140625,343.92999267578125,588.4949951171875,77.02999877929688,303.4700012207031,265.4649963378906,343.9800109863281,588.5999755859375,77.03990173339844,303.3900146484375,265.3599853515625,343.92999267578125,588.2100219726562,77.01000213623047,303.44500732421875,265.375,343.9599914550781,588.22998046875,77.01499938964844,22812,28278,7092,6761,18544
2026-08-13 13:59:00-04:00,303.43499755859375,265.3599853515625,344.0050048828125,588.3699951171875,77.0199966430664,303.4599914550781,265.45001220703125,344.05999755859375,588.5399780273438,77.04000091552734,303.3900146484375,265.3550109863281,343.9200134277344,588.3400268554688,77.0199966430664,303.4100036621094,265.3900146484375,343.92999267578125,588.489990234375,77.03500366210938,14971,30027,16088,7095,22330
2026-08-13 14:00:00-04:00,303.45001220703125,265.3999938964844,343.8900146484375,588.1699829101562,77.07119750976562,303.4599914550781,265.4495849609375,344.07000732421875,588.5,77.08000183105469,303.3500061035156,265.35009765625,343.8699951171875,588.1699829101562,77.02999877929688,303.43499755859375,265.3599853515625,344.07000732421875,588.3699951171875,77.02999877929688,22612,27359,28845,10036,28996
2026-08-13 14:01:00-04:00,303.2900085449219,265.3500061035156,343.8900146484375,588.1400146484375,77.06500244140625,303.5,265.44000244140625,343.9700012207031,588.3599853515625,77.08000183105469,303.2449951171875,265.3349914550781,343.8699951171875,588.090087890625,77.05000305175781,303.4599914550781,265.3900146484375,343.8699951171875,588.1799926757812,77.07499694824219,52641,37992,14397,4991,25073
2026-08-13 14:02:00-04:00,302.9700012207031,265.5199890136719,343.9200134277344,588.3099975585938,77.0199966430664,303.29998779296875,265.5299987792969,343.9800109863281,588.510009765625,77.08000183105469,302.92999267578125,265.30999755859375,343.8500061035156,588.0449829101562,77.0199966430664,303.2799987792969,265.3399963378906,343.8999938964844,588.0999755859375,77.06500244140625,87813,41546,12973,11401,41218
2026-08-13 14:03:00-04:00,303.010009765625,265.4549865722656,344.0602111816406,588.4849853515625,77.08000183105469,303.0954895019531,265.5400085449219,344.0899963378906,588.52001953125,77.08499908447266,302.94000244140625,265.4549865722656,343.9100036621094,588.25,77.01499938964844,302.9599914550781,265.5249938964844,343.9200134277344,588.3300170898438,77.01599884033203,55512,31972,7912,4494,40666
2026-08-13 14:04:00-04:00,303.0,265.4599914550781,344.2250061035156,588.7999877929688,77.06500244140625,303.19000244140625,265.51251220703125,344.239990234375,588.7999877929688,77.06999969482422,302.9849853515625,265.4305114746094,344.04998779296875,588.4420776367188,77.05000305175781,303.0199890136719,265.4549865722656,344.068115234375,588.5399780273438,77.06999969482422,46488,20804,38491,10893,22148
2026-08-13 14:05:00-04:00,303.010009765625,265.4200134277344,344.29998779296875,589.0,77.07499694824219,303.0400085449219,265.489990234375,344.3500061035156,589.0700073242188,77.0999984741211,302.9599914550781,265.3699951171875,344.19000244140625,588.8499755859375,77.05000305175781,302.989990234375,265.489013671875,344.2153015136719,588.8499755859375,77.06999969482422,45629,35691,10024,10031,38461
2026-08-13 14:06:00-04:00,303.0899963378906,265.3949890136719,344.260009765625,589.14501953125,77.07499694824219,303.1099853515625,265.44500732421875,344.3800048828125,589.280029296875,77.08499908447266,303.0,265.3699951171875,344.239990234375,588.989990234375,77.06500244140625,303.0199890136719,265.41839599609375,344.3367919921875,589.0549926757812,77.07499694824219,40940,24383,13491,23815,28367
2026-08-13 14:07:00-04:00,303.1400146484375,265.4700012207031,344.385009765625,589.155029296875,77.08000183105469,303.17498779296875,265.489990234375,344.5,589.3134155273438,77.08999633789062,303.07000732421875,265.3900146484375,344.239990234375,589.0200805664062,77.05000305175781,303.08770751953125,265.3900146484375,344.260009765625,589.14501953125,77.07499694824219,19005,36262,29834,9968,43900
2026-08-13 14:08:00-04:00,303.0299987792969,265.45001220703125,344.29998779296875,589.219970703125,77.09500122070312,303.14990234375,265.5,344.4200134277344,589.2999877929688,77.0999984741211,302.9801025390625,265.45001220703125,344.2900085449219,589.1599731445312,77.06999969482422,303.1300048828125,265.47088623046875,344.3999938964844,589.2999877929688,77.08000183105469,41774,26052,14279,8163,26451
2026-08-13 14:09:00-04:00,303.04998779296875,265.5199890136719,344.4612121582031,589.4500122070312,77.13500213623047,303.0899963378906,265.5400085449219,344.4800109863281,589.6599731445312,77.1449966430664,303.0249938964844,265.45001220703125,344.30010986328125,589.1599731445312,77.09500122070312,303.0249938964844,265.45001220703125,344.31500244140625,589.1600952148438,77.09500122070312,20874,22633,8489,27433,30518
2026-08-13 14:10:00-04:00,303.17999267578125,265.5799865722656,344.5,589.6300048828125,77.15499877929688,303.19989013671875,265.5899963378906,344.6600036621094,589.6300048828125,77.15499877929688,303.05999755859375,265.4599914550781,344.45001220703125,589.340087890625,77.125,303.06500244140625,265.5299072265625,344.4849853515625,589.4500122070312,77.13500213623047,31900,36279,28108,18045,24701
2026-08-13 14:11:00-04:00,303.19000244140625,265.63800048828125,344.6400146484375,589.6599731445312,77.15499877929688,303.2300109863281,265.6499938964844,344.6700134277344,589.6599731445312,77.16999816894531,303.135009765625,265.5513000488281,344.4100036621094,589.5640258789062,77.1500015258789,303.1600036621094,265.5513000488281,344.4649963378906,589.5750122070312,77.16000366210938,43713,39243,18738,10433,29873
2026-08-13 14:12:00-04:00,303.404296875,265.8096923828125,344.57501220703125,589.7000122070312,77.15499877929688,303.4200134277344,265.80999755859375,344.67999267578125,589.7999877929688,77.16999816894531,303.19000244140625,265.6300964355469,344.5101013183594,589.5205078125,77.13500213623047,303.19000244140625,265.6499938964844,344.6499938964844,589.59228515625,77.15499877929688,31191,42604,13325,14104,30546
2026-08-13 14:13:00-04:00,303.42498779296875,265.8299865722656,344.67498779296875,590.0800170898438,77.13999938964844,303.42999267578125,265.864990234375,344.7099914550781,590.2000122070312,77.15979766845703,303.364990234375,265.7950134277344,344.5429992675781,589.6904907226562,77.12000274658203,303.4176940917969,265.79998779296875,344.54998779296875,589.6904907226562,77.15499877929688,21902,38505,31498,41940,33028
2026-08-13 14:14:00-04:00,303.4200134277344,265.760009765625,344.6221008300781,590.0599975585938,77.0999984741211,303.4700012207031,265.8349914550781,344.7099914550781,590.2598876953125,77.13999938964844,303.3699951171875,265.71990966796875,344.5799865722656,590.0599975585938,77.0999984741211,303.42999267578125,265.82000732421875,344.69000244140625,590.094970703125,77.13500213623047,26596,35646,34358,15060,25485
2026-08-13 14:15:00-04:00,303.31500244140625,265.75469970703125,344.17498779296875,589.8900146484375,77.09500122070312,303.45001220703125,265.8299865722656,344.6499938964844,590.0599975585938,77.0999984741211,303.30999755859375,265.739990234375,344.17498779296875,589.7899780273438,77.0696029663086,303.42498779296875,265.75,344.61248779296875,590.0599975585938,77.0999984741211,37168,31452,32294,22028,42477
2026-08-13 14:16:00-04:00,303.3349914550781,265.7099914550781,344.0799865722656,589.530029296875,77.08989715576172,303.3599853515625,265.75,344.1600036621094,589.8250122070312,77.09500122070312,303.29998779296875,265.67999267578125,344.05999755859375,589.280029296875,77.05999755859375,303.32000732421875,265.7449951171875,344.1600036621094,589.8250122070312,77.08999633789062,25042,43313,11798,10838,34341
2026-08-13 14:17:00-04:00,303.3800048828125,265.69000244140625,344.0199890136719,589.35498046875,77.05000305175781,303.3800048828125,265.7300109863281,344.1050109863281,589.5499877929688,77.08499908447266,303.2200012207031,265.6549987792969,344.0199890136719,589.280029296875,77.02999877929688,303.3349914550781,265.7200012207031,344.1050109863281,589.5,77.08499908447266,39495,17478,11910,4668,27549
2026-08-13 14:18:00-04:00,303.45001220703125,265.7099914550781,344.1499938964844,589.3900146484375,77.05999755859375,303.4750061035156,265.7699890136719,344.17999267578125,589.489990234375,77.0698013305664,303.360107421875,265.67999267578125,344.00830078125,589.239990234375,77.05380249023438,303.385009765625,265.67999267578125,344.0150146484375,589.3400268554688,77.05500030517578,33744,33089,11456,11216,30459
2026-08-13 14:19:00-04:00,303.45001220703125,265.7850036621094,344.1899108886719,589.4349975585938,77.06500244140625,303.5,265.7850036621094,344.20001220703125,589.530029296875,77.08000183105469,303.42999267578125,265.69500732421875,344.1300048828125,589.3250122070312,77.05500030517578,303.44000244140625,265.7300109863281,344.1549987792969,589.3250122070312,77.05500030517578,26619,24940,25978,4736,20755
2026-08-13 14:20:00-04:00,303.43499755859375,265.7300109863281,344.1000061035156,589.3350219726562,77.08000183105469,303.489990234375,265.79998779296875,344.1799011230469,589.469970703125,77.08000183105469,303.4100036621094,265.69000244140625,344.05999755859375,589.280029296875,77.05999755859375,303.45001220703125,265.7701110839844,344.17498779296875,589.4450073242188,77.06500244140625,17656,30185,25626,8952,51044
2026-08-13 14:21:00-04:00,303.42999267578125,265.75,344.0350036621094,589.4000244140625,77.08000183105469,303.44989013671875,265.760009765625,344.1099853515625,589.6400146484375,77.08499908447266,303.385009765625,265.69000244140625,343.95001220703125,589.3099975585938,77.05999755859375,303.42999267578125,265.739990234375,344.0799865722656,589.3900146484375,77.08499908447266,20809,23609,50423,11434,51946
2026-08-13 14:22:00-04:00,303.4200134277344,265.7200012207031,344.0400085449219,589.3099975585938,77.11009979248047,303.44000244140625,265.7699890136719,344.05999755859375,589.5999755859375,77.12999725341797,303.3999938964844,265.70001220703125,343.9800109863281,589.2999877929688,77.08000183105469,303.44000244140625,265.7679138183594,344.0400085449219,589.5999755859375,77.08000183105469,17584,15962,12275,13280,34379
2026-08-13 14:23:00-04:00,303.3587951660156,265.70599365234375,344.0,589.3800048828125,77.08499908447266,303.4150085449219,265.7300109863281,344.05999755859375,589.47998046875,77.12000274658203,303.3550109863281,265.63409423828125,343.9800109863281,589.2979125976562,77.07499694824219,303.40771484375,265.7300109863281,344.0299987792969,589.3499755859375,77.11499786376953,21854,27522,14107,5693,22772
2026-08-13 14:24:00-04:00,303.43011474609375,265.69000244140625,344.0104064941406,589.280029296875,77.08000183105469,303.4599914550781,265.7099914550781,344.0104064941406,589.419921875,77.09770202636719,303.3399963378906,265.6700134277344,343.95001220703125,589.1400146484375,77.08000183105469,303.3550109863281,265.70001220703125,343.9800109863281,589.2999877929688,77.08499908447266,20669,20685,15098,9564,28114
2026-08-13 14:25:00-04:00,303.4100036621094,265.68011474609375,344.0050048828125,589.469970703125,77.08000183105469,303.4399108886719,265.7900085449219,344.0249938964844,589.614990234375,77.09989929199219,303.3999938964844,265.68011474609375,343.9700012207031,589.1900024414062,77.08000183105469,303.43499755859375,265.69000244140625,343.989990234375,589.27001953125,77.0824966430664,27596,27762,16401,9953,25136
2026-08-13 14:26:00-04:00,303.5,265.75,344.0,589.4550170898438,77.08499908447266,303.5199890136719,265.7550048828125,344.0350036621094,589.5333251953125,77.08499908447266,303.3800048828125,265.6600036621094,343.9700012207031,589.3499755859375,77.06999969482422,303.4198913574219,265.67999267578125,344.0,589.5333251953125,77.08000183105469,28263,20268,24167,6641,31847
2026-08-13 14:27:00-04:00,303.44000244140625,265.7850036621094,344.260009765625,589.4199829101562,77.11499786376953,303.5199890136719,265.7850036621094,344.260009765625,589.489990234375,77.12000274658203,303.4143981933594,265.7099914550781,343.95001220703125,589.3499755859375,77.08499908447266,303.510009765625,265.760009765625,343.99920654296875,589.4550170898438,77.08499908447266,27563,19223,19390,5418,31576
2026-08-13 14:28:00-04:00,303.45001220703125,265.7799987792969,344.3800048828125,589.5449829101562,77.08999633789062,303.489990234375,265.82000732421875,344.3949890136719,589.6599731445312,77.12999725341797,303.281005859375,265.7449951171875,344.2379150390625,589.4099731445312,77.08000183105469,303.44000244140625,265.7701110839844,344.239990234375,589.4199829101562,77.11499786376953,54213,40134,46806,9752,48154
2026-08-13 14:29:00-04:00,303.30999755859375,265.6549987792969,344.3900146484375,589.635009765625,77.12000274658203,303.45001220703125,265.8299865722656,344.4800109863281,589.8798828125,77.13500213623047,303.2900085449219,265.5899963378906,344.32000732421875,589.489990234375,77.08499908447266,303.45001220703125,265.7900085449219,344.3500061035156,589.4901123046875,77.09500122070312,73982,97168,50317,6836,35959
2026-08-13 14:30:00-04:00,303.3999938964844,265.739990234375,344.44000244140625,589.6300048828125,77.08999633789062,303.42999267578125,265.82000732421875,344.4800109863281,589.780029296875,77.12000274658203,303.30999755859375,265.6499938964844,344.3399963378906,589.6199951171875,77.08999633789062,303.30999755859375,265.6650085449219,344.3599853515625,589.6699829101562,77.12000274658203,48271,44949,40527,5599,51538
2026-08-13 14:31:00-04:00,303.3699951171875,265.8399963378906,344.5899963378906,589.8800048828125,77.08509826660156,303.44000244140625,265.8949890136719,344.5899963378906,589.9000244140625,77.09500122070312,303.3299865722656,265.7449951171875,344.43011474609375,589.6300048828125,77.08000183105469,303.3949890136719,265.7650146484375,344.43011474609375,589.7150268554688,77.08499908447266,65733,40016,13256,12692,16348
2026-08-13 14:32:00-04:00,303.3299865722656,265.760009765625,344.2200012207031,589.52001953125,76.9749984741211,303.4200134277344,265.8599853515625,344.6498107910156,589.8724975585938,77.08000183105469,303.1300048828125,265.7300109863281,344.2200012207031,589.52001953125,76.97000122070312,303.3800048828125,265.8500061035156,344.6199951171875,589.8724975585938,77.08000183105469,115875,53698,19603,7294,110710
2026-08-13 14:33:00-04:00,303.45001220703125,265.92498779296875,344.239990234375,589.489990234375,77.13500213623047,303.489990234375,265.92498779296875,344.239990234375,589.6500244140625,77.1449966430664,303.32000732421875,265.7001037597656,344.1300048828125,589.25,76.9749984741211,303.3299865722656,265.739990234375,344.1600036621094,589.510009765625,76.9749984741211,77896,47367,11062,42535,145675
2026-08-13 14:34:00-04:00,303.4399108886719,266.0199890136719,344.20001220703125,589.4550170898438,77.16000366210938,303.5199890136719,266.0400085449219,344.2449951171875,589.5499877929688,77.16999816894531,303.385009765625,265.8999938964844,344.1499938964844,589.22998046875,77.11000061035156,303.43499755859375,265.9100036621094,344.20001220703125,589.2999877929688,77.12999725341797,55052,35441,7644,17185,35675
2026-08-13 14:35:00-04:00,303.4599914550781,266.0956115722656,344.1300048828125,589.6699829101562,77.189697265625,303.4700012207031,266.1499938964844,344.2398986816406,589.8399047851562,77.19499969482422,303.3999938964844,266.0400085449219,344.1000061035156,589.4600219726562,77.15350341796875,303.42498779296875,266.0400085449219,344.20001220703125,589.4600219726562,77.16000366210938,41644,45265,7462,20319,27630
2026-08-13 14:36:00-04:00,303.46240234375,266.0849914550781,344.1199951171875,590.0349731445312,77.18000030517578,303.54998779296875,266.1300048828125,344.15899658203125,590.0800170898438,77.19499969482422,303.4150085449219,266.0,344.0299987792969,589.8300170898438,77.16999816894531,303.4649963378906,266.1099853515625,344.1199951171875,589.8400268554688,77.18499755859375,57643,34622,11939,19138,31397
2026-08-13 14:37:00-04:00,303.3900146484375,266.1400146484375,344.0,590.0850219726562,77.18499755859375,303.54998779296875,266.17999267578125,344.1400146484375,590.1699829101562,77.19999694824219,303.375,266.0799865722656,343.9700012207031,590.0084228515625,77.18000030517578,303.489990234375,266.1000061035156,344.1300048828125,590.0800170898438,77.19499969482422,49414,51017,16560,11746,49575
2026-08-13 14:38:00-04:00,303.42498779296875,266.0400085449219,343.8550109863281,589.75,77.125,303.4700012207031,266.18499755859375,344.0050048828125,590.1799926757812,77.18000030517578,303.3500061035156,265.9800109863281,343.7799987792969,589.5900268554688,77.12000274658203,303.3900146484375,266.1400146484375,344.0050048828125,590.0401000976562,77.18000030517578,36178,53217,19904,23714,35788
2026-08-13 14:39:00-04:00,303.2300109863281,266.0299987792969,343.89990234375,589.75,77.12999725341797,303.4200134277344,266.04998779296875,343.9100036621094,589.7999267578125,77.13999938964844,303.2099914550781,265.9700927734375,343.7900085449219,589.655029296875,77.11499786376953,303.4200134277344,266.010009765625,343.8699951171875,589.7999267578125,77.125,108892,41687,22758,5534,35047
2026-08-13 14:40:00-04:00,303.4599914550781,266.1600036621094,343.8900146484375,590.1099853515625,77.16500091552734,303.4700012207031,266.1700134277344,343.92999267578125,590.1099853515625,77.17500305175781,303.2200012207031,266.0249938964844,343.8599853515625,589.780029296875,77.12000274658203,303.2200012207031,266.0400085449219,343.8999938964844,589.7899780273438,77.13500213623047,27719,29145,9796,9309,31400
2026-08-13 14:41:00-04:00,303.7300109863281,266.2900085449219,343.8949890136719,590.52001953125,77.22000122070312,303.7300109863281,266.29998779296875,343.9180908203125,590.5700073242188,77.22000122070312,303.4599914550781,266.090087890625,343.8349914550781,590.0399780273438,77.16000366210938,303.4700012207031,266.15509033203125,343.8699951171875,590.1300048828125,77.16500091552734,48148,76204,10922,24485,38251
2026-08-13 14:42:00-04:00,303.8999938964844,266.2900085449219,343.98150634765625,590.760009765625,77.20999908447266,303.9100036621094,266.42999267578125,344.052490234375,591.030029296875,77.23500061035156,303.70098876953125,266.2900085449219,343.9100036621094,590.52001953125,77.19000244140625,303.7300109863281,266.29998779296875,343.9100036621094,590.5800170898438,77.22989654541016,52793,60227,24667,36785,37146
2026-08-13 14:43:00-04:00,303.89990234375,266.29998779296875,343.8500061035156,590.72998046875,77.23500061035156,303.94000244140625,266.3299865722656,344.0,590.8300170898438,77.23500061035156,303.82000732421875,266.2701110839844,343.8399963378906,590.5700073242188,77.19999694824219,303.8999938964844,266.3099060058594,343.9967956542969,590.7999877929688,77.20010375976562,37446,25876,11060,13676,27802
2026-08-13 14:44:00-04:00,303.80499267578125,266.2300109863281,343.7799987792969,590.7399291992188,77.2249984741211,303.8999938964844,266.3399963378906,343.885009765625,590.7999877929688,77.23999786376953,303.79998779296875,266.2200927734375,343.75,590.5800170898438,77.22000122070312,303.8922119140625,266.2900085449219,343.8599853515625,590.72998046875,77.23500061035156,40871,30094,18856,12746,30429
2026-08-13 14:45:00-04:00,303.48870849609375,266.2950134277344,343.84991455078125,590.5349731445312,77.25990295410156,303.8500061035156,266.3800048828125,343.8949890136719,590.739990234375,77.28970336914062,303.48870849609375,266.2200012207031,343.7799987792969,590.530029296875,77.20999908447266,303.80499267578125,266.239990234375,343.7900085449219,590.635009765625,77.2249984741211,82588,36945,17104,15192,63451
2026-08-13 14:46:00-04:00,303.5849914550781,266.2200012207031,343.7449951171875,590.530029296875,77.2699966430664,303.6600036621094,266.29998779296875,343.80999755859375,590.5700073242188,77.2699966430664,303.4700012207031,266.1499938964844,343.7080078125,590.3200073242188,77.22000122070312,303.489990234375,266.2900085449219,343.7900085449219,590.5349731445312,77.2249984741211,32761,36922,10224,23307,28837
2026-08-13 14:47:00-04:00,303.5799865722656,266.2349853515625,343.7698974609375,590.7100219726562,77.2699966430664,303.635009765625,266.2799987792969,343.80999755859375,590.8099975585938,77.29000091552734,303.56500244140625,266.135009765625,343.70001220703125,590.4138793945312,77.23500061035156,303.5899963378906,266.2099914550781,343.7200012207031,590.489990234375,77.2750015258789,33104,40377,7726,16453,31215
2026-08-13 14:48:00-04:00,303.5799865722656,266.1300048828125,343.6600036621094,590.5900268554688,77.28500366210938,303.6400146484375,266.25,343.79998779296875,590.655029296875,77.30999755859375,303.5199890136719,266.1199951171875,343.6300048828125,590.447021484375,77.2249984741211,303.5849914550781,266.239990234375,343.7550048828125,590.5601806640625,77.2699966430664,32365,27445,16331,9631,46727
2026-08-13 14:49:00-04:00,303.6400146484375,266.260009765625,343.6199951171875,590.5900268554688,77.30999755859375,303.739990234375,266.29998779296875,343.7099914550781,590.6900024414062,77.32569885253906,303.5799865722656,266.1199951171875,343.59051513671875,590.4400024414062,77.28500366210938,303.5799865722656,266.1199951171875,343.6600036621094,590.5999755859375,77.28500366210938,34193,42651,14977,11282,32169
2026-08-13 14:50:00-04:00,303.2749938964844,266.2900085449219,343.6400146484375,590.97998046875,77.38500213623047,303.6600036621094,266.3399963378906,343.70001220703125,591.0900268554688,77.38500213623047,303.25,266.19500732421875,343.6099853515625,590.4647216796875,77.31700134277344,303.6400146484375,266.25,343.6700134277344,590.4647216796875,77.31700134277344,73847,27813,14122,23447,56265
2026-08-13 14:51:00-04:00,303.32000732421875,266.1099853515625,343.6300048828125,591.885009765625,77.41999816894531,303.3299865722656,266.2674865722656,343.7099914550781,591.9000244140625,77.44000244140625,303.260009765625,266.05999755859375,343.6199951171875,590.97998046875,77.38500213623047,303.2799987792969,266.260009765625,343.6499938964844,591.02001953125,77.38500213623047,29500,45831,23209,38366,72320
2026-08-13 14:52:00-04:00,303.3399963378906,266.19000244140625,343.7900085449219,591.4199829101562,77.45500183105469,303.3500061035156,266.2091064453125,343.79998779296875,591.9899291992188,77.45999908447266,303.25,266.1099853515625,343.6549987792969,591.3099975585938,77.42420196533203,303.30999755859375,266.1099853515625,343.6549987792969,591.8800048828125,77.43000030517578,53059,38643,16852,27661,51872
2026-08-13 14:53:00-04:00,303.32000732421875,266.25,343.8699951171875,592.2774047851562,77.53990173339844,303.37921142578125,266.2900085449219,343.8699951171875,592.3300170898438,77.54000091552734,303.2699890136719,266.20001220703125,343.760009765625,591.3099975585938,77.45500183105469,303.3599853515625,266.2200012207031,343.7699890136719,591.3099975585938,77.45500183105469,58137,33861,14369,43220,134581
2026-08-13 14:54:00-04:00,303.375,266.44500732421875,343.84991455078125,592.385009765625,77.51499938964844,303.4200134277344,266.510009765625,343.9200134277344,592.6799926757812,77.54000091552734,303.29998779296875,266.2749938964844,343.80999755859375,592.239990234375,77.5,303.29998779296875,266.2749938964844,343.8699951171875,592.2899780273438,77.53500366210938,27898,60964,13702,36400,63216
2026-08-13 14:55:00-04:00,303.44000244140625,266.3349914550781,343.9100036621094,592.5349731445312,77.54499816894531,303.5408935546875,266.4849853515625,343.9849853515625,592.6599731445312,77.56999969482422,303.3800048828125,266.3349914550781,343.80999755859375,592.27001953125,77.51499938964844,303.3800048828125,266.42999267578125,343.8349914550781,592.3350219726562,77.51499938964844,57938,51270,23215,20819,66626
2026-08-13 14:56:00-04:00,303.30999755859375,266.3999938964844,343.8500061035156,592.6500244140625,77.55500030517578,303.45001220703125,266.4200134277344,343.9200134277344,592.8800048828125,77.58499908447266,303.2900085449219,266.3299865722656,343.8500061035156,592.4099731445312,77.54499816894531,303.43499755859375,266.3299865722656,343.9150085449219,592.6199951171875,77.5459976196289,51142,41823,9926,46579,43445
2026-08-13 14:57:00-04:00,303.25,266.3949890136719,343.8481140136719,593.1378173828125,77.48500061035156,303.30999755859375,266.44500732421875,343.8699951171875,593.2000122070312,77.58499908447266,303.2200012207031,266.3500061035156,343.8100891113281,592.5700073242188,77.4800033569336,303.29998779296875,266.3800048828125,343.8500061035156,592.5700073242188,77.55999755859375,41973,37250,13713,36896,81501
2026-08-13 14:58:00-04:00,303.2799987792969,266.31500244140625,343.7300109863281,593.0499877929688,77.50050354003906,303.3577880859375,266.4299011230469,343.9100036621094,593.25,77.50499725341797,303.2200012207031,266.31500244140625,343.7300109863281,592.969970703125,77.45999908447266,303.2550048828125,266.3900146484375,343.8349914550781,593.2000122070312,77.48999786376953,52764,29661,37911,25657,57925
2026-08-13 14:59:00-04:00,303.17999267578125,266.1600036621094,343.67498779296875,592.8099975585938,77.48500061035156,303.28021240234375,266.32501220703125,343.7699890136719,593.239990234375,77.5199966430664,303.1499938964844,266.1300048828125,343.6600036621094,592.719970703125,77.4749984741211,303.28021240234375,266.2950134277344,343.7099914550781,593.0449829101562,77.49500274658203,75482,35834,33240,20525,38868
2026-08-13 15:00:00-04:00,303.0639953613281,265.9200134277344,343.57000732421875,592.1400146484375,77.44499969482422,303.20001220703125,266.1791076660156,343.69500732421875,592.7249755859375,77.51959991455078,303.05499267578125,265.8559875488281,343.54998779296875,592.0599975585938,77.44499969482422,303.19500732421875,266.17498779296875,343.6899108886719,592.7100219726562,77.49500274658203,37110,86692,34274,20060,55230
2026-08-13 15:01:00-04:00,303.2099914550781,265.8900146484375,343.5360107421875,592.7449951171875,77.4800033569336,303.23590087890625,265.9800109863281,343.6499938964844,592.840087890625,77.48619842529297,303.0299987792969,265.8800048828125,343.5199890136719,592.0401000976562,77.43450164794922,303.069091796875,265.91009521484375,343.57000732421875,592.1400146484375,77.44000244140625,45522,40605,25010,23693,48919
2026-08-13 15:02:00-04:00,303.2049865722656,265.9049987792969,343.710205078125,592.7449951171875,77.54000091552734,303.260009765625,265.989990234375,343.7300109863281,592.9869995117188,77.56999969482422,303.1344909667969,265.864990234375,343.4700012207031,592.5700073242188,77.47429656982422,303.2200012207031,265.9100036621094,343.5199890136719,592.739990234375,77.4749984741211,42088,62921,24341,17137,58922
2026-08-13 15:03:00-04:00,303.19000244140625,265.9298095703125,343.7300109863281,593.3599853515625,77.54499816894531,303.2300109863281,265.9599914550781,343.80999755859375,593.47998046875,77.54979705810547,303.1700134277344,265.80999755859375,343.70001220703125,592.739013671875,77.50499725341797,303.20001220703125,265.8999938964844,343.7200012207031,592.7449951171875,77.52999877929688,47066,44643,17897,45591,38098
2026-08-13 15:04:00-04:00,303.3299865722656,265.95001220703125,343.82000732421875,594.2000122070312,77.57630157470703,303.3299865722656,265.95001220703125,343.8399963378906,594.280029296875,77.58000183105469,303.160400390625,265.8599853515625,343.7200012207031,593.373291015625,77.5250015258789,303.17498779296875,265.9200134277344,343.7200012207031,593.4199829101562,77.54000091552734,62940,35144,15706,37335,53515
2026-08-13 15:05:00-04:00,303.4200134277344,265.7998962402344,343.80999755859375,594.1950073242188,77.55500030517578,303.4700012207031,265.9299011230469,343.8699951171875,594.2559814453125,77.5999984741211,303.3100891113281,265.760009765625,343.760009765625,594.02001953125,77.55500030517578,303.31500244140625,265.9100036621094,343.8349914550781,594.239990234375,77.58000183105469,51886,45662,14314,20726,52892
2026-08-13 15:06:00-04:00,303.44500732421875,265.8699951171875,343.885009765625,594.1599731445312,77.54000091552734,303.5199890136719,265.875,343.8999938964844,594.5,77.56999969482422,303.3800048828125,265.7699890136719,343.77191162109375,593.9500122070312,77.53500366210938,303.4100036621094,265.79998779296875,343.80999755859375,594.239990234375,77.55999755859375,37354,76328,18047,37468,41380
2026-08-13 15:07:00-04:00,303.44000244140625,265.92999267578125,343.8450012207031,594.4149780273438,77.58499908447266,303.6400146484375,266.0,343.9700012207031,594.7999877929688,77.59500122070312,303.42999267578125,265.8599853515625,343.8299865722656,594.1132202148438,77.54499816894531,303.4549865722656,265.864990234375,343.8999938964844,594.1599731445312,77.54499816894531,90732,46419,19491,21466,57541
2026-08-13 15:08:00-04:00,303.2900085449219,266.0450134277344,343.9299011230469,594.7000122070312,77.58999633789062,303.45001220703125,266.1000061035156,343.92999267578125,594.7000122070312,77.61000061035156,303.2699890136719,265.9200134277344,343.80999755859375,594.2800903320312,77.56269836425781,303.43499755859375,265.9200134277344,343.8450012207031,594.4149780273438,77.58999633789062,62759,39657,12587,22000,90246
2026-08-13 15:09:00-04:00,303.2149963378906,266.05999755859375,343.9649963378906,594.9199829101562,77.63500213623047,303.32000732421875,266.06988525390625,343.9800109863281,595.4099731445312,77.63999938964844,303.20001220703125,266.0299987792969,343.9100036621094,594.7100830078125,77.59120178222656,303.2900085449219,266.0400085449219,343.9150085449219,594.739990234375,77.59500122070312,37439,37525,20988,47663,61231
2026-08-13 15:10:00-04:00,303.4649963378906,266.1300048828125,343.8599853515625,594.4450073242188,77.58499908447266,303.4700012207031,266.2200012207031,344.125,595.0,77.63500213623047,303.1973876953125,266.04998779296875,343.8599853515625,594.4099731445312,77.58000183105469,303.2149963378906,266.06500244140625,343.9800109863281,594.9199829101562,77.63500213623047,79962,42188,47237,35327,41704
2026-08-13 15:11:00-04:00,303.3900146484375,266.1199951171875,343.87799072265625,594.9000244140625,77.63500213623047,303.4949951171875,266.1700134277344,343.95989990234375,594.9000244140625,77.63500213623047,303.3500061035156,266.081298828125,343.75,594.3200073242188,77.57499694824219,303.4599914550781,266.1300048828125,343.8550109863281,594.4450073242188,77.58509826660156,118329,29443,15331,24795,38807
2026-08-13 15:12:00-04:00,303.44000244140625,266.07501220703125,343.9849853515625,594.5963134765625,77.66500091552734,303.45001220703125,266.1650085449219,344.0199890136719,595.0800170898438,77.68000030517578,303.3699951171875,266.0400085449219,343.8500061035156,594.530029296875,77.62999725341797,303.3900146484375,266.1300048828125,343.8599853515625,594.9000244140625,77.62999725341797,29310,37989,20440,20481,44902
2026-08-13 15:13:00-04:00,303.44000244140625,265.7699890136719,343.7850036621094,593.9324951171875,77.6449966430664,303.5,266.07501220703125,344.0150146484375,594.6900024414062,77.68000030517578,303.4200134277344,265.7699890136719,343.7850036621094,593.8699951171875,77.63500213623047,303.44000244140625,266.07501220703125,343.9849853515625,594.6900024414062,77.66500091552734,40136,47390,17914,27923,59290
2026-08-13 15:14:00-04:00,303.5,265.864990234375,343.79998779296875,594.2899780273438,77.63500213623047,303.5199890136719,265.8800048828125,343.8900146484375,594.2899780273438,77.66999816894531,303.4100036621094,265.7398986816406,343.7799987792969,593.7999877929688,77.61499786376953,303.42999267578125,265.7699890136719,343.81500244140625,593.9215087890625,77.63999938964844,70212,61607,16105,35210,78468
2026-08-13 15:15:00-04:00,303.54998779296875,265.9949951171875,343.82000732421875,594.1500244140625,77.625,303.5899963378906,266.0,343.8500061035156,594.5399169921875,77.66000366210938,303.4700012207031,265.8399963378906,343.7300109863281,593.93701171875,77.61499786376953,303.5,265.9049987792969,343.79998779296875,594.2999877929688,77.63500213623047,60008,63482,24222,31493,77310
2026-08-13 15:16:00-04:00,303.5799865722656,265.8599853515625,343.8399963378906,594.405029296875,77.65989685058594,303.5899963378906,265.9800109863281,343.8800048828125,594.405029296875,77.65989685058594,303.45001220703125,265.8599853515625,343.79998779296875,593.9409790039062,77.61499786376953,303.5400085449219,265.9800109863281,343.8299865722656,594.1599731445312,77.62799835205078,95292,25400,19475,16292,57554
2026-08-13 15:17:00-04:00,303.760009765625,265.8599853515625,343.9549865722656,594.3099975585938,77.62999725341797,303.7720031738281,265.8999938964844,344.1099853515625,594.6400146484375,77.68499755859375,303.5700988769531,265.8599853515625,343.8299865722656,594.1849975585938,77.62999725341797,303.6000061035156,265.8800048828125,343.8399963378906,594.405029296875,77.65769958496094,49478,33987,39547,27160,64392
2026-08-13 15:18:00-04:00,303.8399963378906,265.7900085449219,343.9200134277344,594.0900268554688,77.54000091552734,303.8500061035156,265.8599853515625,343.9700012207031,594.4398803710938,77.62969970703125,303.67999267578125,265.7900085449219,343.8901062011719,594.0,77.54000091552734,303.760009765625,265.8599853515625,343.94000244140625,594.3099975585938,77.62000274658203,55199,33253,16405,22478,56632
2026-08-13 15:19:00-04:00,303.8699951171875,265.7699890136719,343.80999755859375,593.6699829101562,77.44000244140625,303.9800109863281,265.8299865722656,343.95001220703125,594.155029296875,77.54679870605469,303.79998779296875,265.7200012207031,343.7699890136719,593.6400146484375,77.44000244140625,303.8450012207031,265.7950134277344,343.9200134277344,594.0599975585938,77.54000091552734,47356,57740,25144,20747,81070
2026-08-13 15:20:00-04:00,303.9750061035156,265.8099060058594,343.8399963378906,593.9299926757812,77.51499938964844,304.0,265.8599853515625,343.8699951171875,594.0900268554688,77.52999877929688,303.8059997558594,265.7200012207031,343.75,593.5800170898438,77.44000244140625,303.8599853515625,265.760009765625,343.82000732421875,593.6699829101562,77.44000244140625,59831,42236,29247,19423,81734
2026-08-13 15:21:00-04:00,304.32000732421875,265.81988525390625,343.94000244140625,593.9099731445312,77.51499938964844,304.32000732421875,265.8800048828125,344.0299987792969,593.989990234375,77.51499938964844,303.94000244140625,265.7760009765625,343.8399963378906,593.6804809570312,77.47000122070312,303.97198486328125,265.7900085449219,343.8550109863281,593.9450073242188,77.51000213623047,90934,36223,36212,11878,63637
2026-08-13 15:22:00-04:00,304.1099853515625,265.9849853515625,343.82000732421875,594.2899780273438,77.61509704589844,304.3699951171875,266.0199890136719,343.9670104980469,594.2899780273438,77.61990356445312,303.9800109863281,265.81549072265625,343.75,593.7949829101562,77.5,304.31500244140625,265.81549072265625,343.9200134277344,593.9099731445312,77.51499938964844,136353,33909,28120,24123,75926
2026-08-13 15:23:00-04:00,304.2950134277344,265.8550109863281,343.6499938964844,594.3400268554688,77.54000091552734,304.3599853515625,265.989990234375,343.8450012207031,594.3900146484375,77.62999725341797,304.1099853515625,265.8500061035156,343.6499938964844,594.2000122070312,77.52999877929688,304.1099853515625,265.989990234375,343.8299865722656,594.2899780273438,77.62000274658203,73033,31678,17899,19803,68543
2026-08-13 15:24:00-04:00,304.0899963378906,265.9200134277344,343.8299865722656,594.5999755859375,77.62999725341797,304.5799865722656,266.05999755859375,343.8299865722656,594.5999755859375,77.63999938964844,304.0502014160156,265.8500061035156,343.6400146484375,594.1699829101562,77.54199981689453,304.30999755859375,265.8699951171875,343.67999267578125,594.2949829101562,77.54199981689453,167443,49084,16487,26107,105088
2026-08-13 15:25:00-04:00,304.1600036621094,265.9873962402344,344.0299987792969,594.9299926757812,77.71499633789062,304.19000244140625,266.010009765625,344.0299987792969,594.9299926757812,77.72000122070312,304.090087890625,265.93499755859375,343.79010009765625,594.5994873046875,77.625,304.0950012207031,265.93499755859375,343.8299865722656,594.5999755859375,77.63500213623047,41531,33208,44349,29196,99078
2026-08-13 15:26:00-04:00,304.3900146484375,266.010009765625,343.9700012207031,595.2899780273438,77.7750015258789,304.4186096191406,266.0299072265625,344.0299987792969,595.4000244140625,77.80000305175781,304.1109924316406,265.92999267578125,343.8999938964844,594.8499755859375,77.71499633789062,304.1400146484375,265.989990234375,344.0199890136719,594.9299926757812,77.71499633789062,107497,40424,47100,30487,153038
2026-08-13 15:27:00-04:00,304.25,265.9800109863281,344.08648681640625,595.35498046875,77.80000305175781,304.6099853515625,266.07501220703125,344.1300048828125,595.4000244140625,77.80500030517578,304.1700134277344,265.92999267578125,343.8999938964844,595.1500244140625,77.73500061035156,304.4005126953125,265.989990234375,344.010009765625,595.2999877929688,77.7750015258789,123875,49329,37925,19499,174366
2026-08-13 15:28:00-04:00,304.3349914550781,265.75,343.989990234375,595.3800048828125,77.8550033569336,304.3500061035156,266.0050048828125,344.1300048828125,595.489990234375,77.88999938964844,304.2300109863281,265.75,343.95001220703125,595.340087890625,77.7699966430664,304.2550048828125,265.9901123046875,344.05010986328125,595.4000244140625,77.80500030517578,64901,54632,36294,22124,165921
2026-08-13 15:29:00-04:00,304.3999938964844,265.531005859375,343.864990234375,595.22998046875,77.83989715576172,304.6000061035156,265.7799987792969,344.0199890136719,595.5800170898438,77.8949966430664,304.2749938964844,265.510009765625,343.8500061035156,595.1400146484375,77.81999969482422,304.3349914550781,265.7449951171875,344.0,595.3804931640625,77.8550033569336,75038,99462,24490,25742,136923
2026-08-13 15:30:00-04:00,304.56500244140625,265.6199951171875,343.9549865722656,595.4749755859375,77.8550033569336,304.6499938964844,265.7200012207031,344.07000732421875,595.6500244140625,77.94000244140625,304.3800048828125,265.5199890136719,343.8450012207031,595.25,77.79499816894531,304.3800048828125,265.5299987792969,343.8500061035156,595.27001953125,77.82499694824219,118514,83361,39791,28129,253554
2026-08-13 15:31:00-04:00,304.3900146484375,265.4549865722656,344.0,595.1875,77.8949966430664,304.5799865722656,265.6499938964844,344.05999755859375,595.4600219726562,77.90989685058594,304.3299865722656,265.45001220703125,343.9309997558594,595.1849975585938,77.83999633789062,304.57000732421875,265.6300048828125,343.9700012207031,595.4099731445312,77.8550033569336,65480,39253,17139,26442,113325
2026-08-13 15:32:00-04:00,304.3500061035156,265.3999938964844,344.010009765625,595.0549926757812,78.05000305175781,304.4200134277344,265.5199890136719,344.0299987792969,595.4450073242188,78.06620025634766,304.3299865722656,265.3900146484375,343.94000244140625,594.722900390625,77.8949966430664,304.3999938964844,265.44500732421875,344.010009765625,595.1900024414062,77.9000015258789,49976,64560,26018,31803,385263
2026-08-13 15:33:00-04:00,304.42498779296875,265.32501220703125,343.9150085449219,594.25,78.00910186767578,304.42999267578125,265.4700012207031,344.0249938964844,595.25,78.06999969482422,304.1600036621094,265.30999755859375,343.9005126953125,594.25,77.97000122070312,304.3450012207031,265.3999938964844,344.010009765625,595.0449829101562,78.05000305175781,80088,55465,32176,37345,188576
2026-08-13 15:34:00-04:00,304.5849914550781,265.375,343.8999938964844,594.2550048828125,78.0199966430664,304.6000061035156,265.4049987792969,344.0899963378906,594.4290771484375,78.06999969482422,304.3999938964844,265.30999755859375,343.8800048828125,594.1901245117188,77.9968032836914,304.42999267578125,265.32501220703125,343.9200134277344,594.27001953125,78.00499725341797,35154,73000,109465,24096,156723
2026-08-13 15:35:00-04:00,304.2349853515625,265.2799987792969,343.80999755859375,593.780029296875,78.01000213623047,304.6098937988281,265.3699951171875,343.92999267578125,594.2730712890625,78.02999877929688,304.2300109863281,265.2449951171875,343.79998779296875,593.739990234375,77.9800033569336,304.5849914550781,265.3500061035156,343.8999938964844,594.1900024414062,78.00499725341797,49566,109599,20150,16743,162581
2026-08-13 15:36:00-04:00,304.1700134277344,265.2250061035156,343.9200134277344,593.9000244140625,78.04499816894531,304.29998779296875,265.34991455078125,344.07000732421875,594.1599731445312,78.08000183105469,304.1199951171875,265.2200012207031,343.79998779296875,593.7319946289062,78.01000213623047,304.25,265.2850036621094,343.81500244140625,593.8200073242188,78.01499938964844,77214,45573,27802,28844,108583
2026-08-13 15:37:00-04:00,304.1300048828125,265.20001220703125,343.8599853515625,593.7200927734375,78.06999969482422,304.1756896972656,265.34991455078125,344.010009765625,593.9473876953125,78.08000183105469,304.07000732421875,265.1700134277344,343.8500061035156,593.6400146484375,78.02999877929688,304.1600036621094,265.2250061035156,343.92498779296875,593.9000244140625,78.04499816894531,73856,56064,32230,20208,126216
2026-08-13 15:38:00-04:00,304.07000732421875,265.2200012207031,343.9649963378906,593.864990234375,78.0250015258789,304.2699890136719,265.25,344.0,594.1699829101562,78.0999984741211,304.07000732421875,265.1400146484375,343.8800048828125,593.75,78.0,304.1300048828125,265.19000244140625,343.8900146484375,593.7999877929688,78.06900024414062,101036,61237,34880,18358,179127
2026-08-13 15:39:00-04:00,304.2200012207031,265.3399963378906,343.9989929199219,594.0,78.0708999633789,304.239990234375,265.3450012207031,344.0,594.0,78.07599639892578,303.9700012207031,265.17498779296875,343.8800048828125,593.7899780273438,77.99500274658203,304.05499267578125,265.20001220703125,343.9599914550781,593.864990234375,78.0250015258789,66486,59658,29347,26444,143026
2026-08-13 15:40:00-04:00,304.04998779296875,265.30499267578125,343.94000244140625,593.9600219726562,78.05000305175781,304.2799987792969,265.3794860839844,344.04998779296875,594.22998046875,78.09500122070312,303.9800109863281,265.260009765625,343.8800048828125,593.9000244140625,78.05000305175781,304.2300109863281,265.3399963378906,344.0,593.9450073242188,78.07499694824219,115893,63546,50141,34512,216326
2026-08-13 15:41:00-04:00,304.1700134277344,265.25,343.9700012207031,594.1400146484375,78.08000183105469,304.2300109863281,265.409912109375,343.9800109863281,594.3200073242188,78.0999984741211,304.03009033203125,265.25,343.8800048828125,593.9000244140625,78.05500030517578,304.03009033203125,265.29998779296875,343.94000244140625,593.9099731445312,78.05500030517578,115960,63259,41026,26027,101607
2026-08-13 15:42:00-04:00,304.1300048828125,265.2349853515625,343.8500061035156,594.1500244140625,78.09500122070312,304.2099914550781,265.2950134277344,343.989990234375,594.1799926757812,78.12000274658203,304.1099853515625,265.2200012207031,343.80999755859375,594.0,78.06999969482422,304.1499938964844,265.25,343.9800109863281,594.1099853515625,78.08000183105469,47634,66105,29301,12897,110422
2026-08-13 15:43:00-04:00,304.1199951171875,265.2550048828125,343.8500061035156,594.094970703125,78.05500030517578,304.2200012207031,265.3699951171875,344.0,594.22998046875,78.12999725341797,304.07000732421875,265.2300109863281,343.8453063964844,594.010009765625,78.05000305175781,304.13751220703125,265.2349853515625,343.8550109863281,594.22998046875,78.09500122070312,70634,45891,24125,16621,152131
2026-08-13 15:44:00-04:00,304.1000061035156,265.3299865722656,343.989990234375,594.5900268554688,78.09880065917969,304.1199951171875,265.3599853515625,344.07000732421875,594.6500244140625,78.0999984741211,304.0028076171875,265.2250061035156,343.82000732421875,594.010009765625,78.0199966430664,304.1199035644531,265.260009765625,343.8550109863281,594.0800170898438,78.05220031738281,70652,53701,69846,21531,119628
2026-08-13 15:45:00-04:00,304.2049865722656,265.2749938964844,343.8699951171875,595.0599975585938,78.13839721679688,304.2699890136719,265.3949890136719,344.0,595.0599975585938,78.16000366210938,304.0299987792969,265.260009765625,343.760009765625,594.510009765625,78.0199966430664,304.0799865722656,265.3299865722656,343.9800109863281,594.510009765625,78.08999633789062,85092,95339,48743,31694,186933
2026-08-13 15:46:00-04:00,304.3800048828125,265.2799987792969,344.02191162109375,594.5,78.13980102539062,304.45001220703125,265.3039855957031,344.04998779296875,595.0999755859375,78.1449966430664,304.2099914550781,265.25,343.8399963378906,594.4500122070312,78.10009765625,304.2200012207031,265.2900085449219,343.885009765625,595.030029296875,78.13089752197266,67259,66753,23126,18729,112023
2026-08-13 15:47:00-04:00,304.5006103515625,265.31500244140625,343.92999267578125,594.593994140625,78.1449966430664,304.5199890136719,265.3599853515625,344.0299987792969,594.75,78.16999816894531,304.3399963378906,265.2300109863281,343.92999267578125,594.469970703125,78.11499786376953,304.3599853515625,265.25,344.0299987792969,594.5050048828125,78.13500213623047,53658,59438,63447,18006,165175
2026-08-13 15:48:00-04:00,304.4208984375,265.3900146484375,343.94000244140625,594.75,78.19499969482422,304.6499938964844,265.3900146484375,343.9800109863281,594.8099975585938,78.19499969482422,304.3599853515625,265.29998779296875,343.8800048828125,594.489990234375,78.08999633789062,304.5150146484375,265.30999755859375,343.9100036621094,594.6300048828125,78.1449966430664,118632,66804,24106,17835,154213
2026-08-13 15:49:00-04:00,304.7900085449219,265.43499755859375,343.8699951171875,594.5574951171875,78.17500305175781,304.8450012207031,265.4549865722656,343.9580993652344,594.7672119140625,78.25,304.3699951171875,265.3399963378906,343.8399963378906,594.3300170898438,78.16999816894531,304.43499755859375,265.385009765625,343.94000244140625,594.75,78.19000244140625,92009,77240,44481,37617,114594
2026-08-13 15:50:00-04:00,304.8500061035156,265.0299987792969,343.8299865722656,594.530029296875,78.26499938964844,304.8500061035156,265.42999267578125,343.9100036621094,594.5599975585938,78.27999877929688,304.53009033203125,265.0199890136719,343.7799987792969,594.0,78.1500015258789,304.75,265.42999267578125,343.8550109863281,594.5499877929688,78.16000366210938,98416,142250,73345,32919,200971
2026-08-13 15:51:00-04:00,304.7200012207031,265.0400085449219,343.8800048828125,594.72998046875,78.19499969482422,304.8500061035156,265.1300048828125,343.8900146484375,594.8099975585938,78.26000213623047,304.6499938964844,264.9100036621094,343.69000244140625,594.1699829101562,78.11499786376953,304.82000732421875,265.0299987792969,343.82501220703125,594.530029296875,78.26000213623047,95478,229604,59455,34501,173688
2026-08-13 15:52:00-04:00,304.7846984863281,264.8599853515625,343.8800048828125,594.5700073242188,78.15879821777344,304.8800048828125,265.0799865722656,343.9786071777344,594.97998046875,78.20909881591797,304.61700439453125,264.8500061035156,343.8299865722656,594.469970703125,78.1449966430664,304.7200012207031,265.03839111328125,343.8599853515625,594.780029296875,78.19000244140625,97248,130362,53742,35360,163543
2026-08-13 15:53:00-04:00,304.7699890136719,264.875,344.2099914550781,594.47998046875,78.13020324707031,304.94000244140625,265.0000915527344,344.25,594.5499877929688,78.22000122070312,304.7099914550781,264.7200012207031,343.79998779296875,594.25,78.12069702148438,304.7900085449219,264.8699951171875,343.8900146484375,594.5399780273438,78.16000366210938,132963,185326,62443,39355,168490
2026-08-13 15:54:00-04:00,305.2099914550781,265.215087890625,344.32000732421875,595.405029296875,78.23999786376953,305.239990234375,265.30999755859375,344.7699890136719,595.47998046875,78.2699966430664,304.760009765625,264.8699951171875,344.2200012207031,594.0599975585938,78.11009979248047,304.7699890136719,264.8699951171875,344.25,594.5,78.12999725341797,249771,221614,122753,69003,216498
2026-08-13 15:55:00-04:00,305.2200012207031,264.7900085449219,343.7099914550781,594.68701171875,78.23999786376953,305.25,265.2699890136719,344.42999267578125,595.8499755859375,78.4000015258789,304.8599853515625,264.7900085449219,343.6700134277344,594.5670166015625,78.23999786376953,305.239990234375,265.2300109863281,344.3800048828125,595.3900146484375,78.25,173016,221460,165033,84621,336894
2026-08-13 15:56:00-04:00,305.1700134277344,264.9150085449219,343.3599853515625,594.8800048828125,78.33999633789062,305.239990234375,264.93499755859375,343.739990234375,594.97998046875,78.36000061035156,305.1200866699219,264.7049865722656,343.29998779296875,594.5,78.16999816894531,305.2200012207031,264.80999755859375,343.7099914550781,594.655029296875,78.23999786376953,148690,231696,192808,73369,344319
2026-08-13 15:57:00-04:00,305.0400085449219,264.8900146484375,343.5249938964844,594.3800048828125,78.21499633789062,305.19000244140625,264.9200134277344,343.55999755859375,594.9099731445312,78.34500122070312,305.0249938964844,264.7900085449219,343.2300109863281,594.27001953125,78.20999908447266,305.19000244140625,264.9100036621094,343.3500061035156,594.9099731445312,78.34500122070312,204087,223647,219190,88701,396328
2026-08-13 15:58:00-04:00,305.1099853515625,265.010009765625,343.7349853515625,594.5499877929688,78.19499969482422,305.20001220703125,265.1000061035156,343.8299865722656,594.7899780273438,78.2300033569336,304.9700012207031,264.8500061035156,343.489990234375,594.27001953125,78.16999816894531,305.0299987792969,264.8800048828125,343.5249938964844,594.4099731445312,78.21499633789062,295387,274680,240028,145296,358295
2026-08-13 15:59:00-04:00,305.32000732421875,265.1600036621094,343.9800109863281,594.905029296875,78.2300033569336,305.32000732421875,265.20001220703125,343.989990234375,594.9500122070312,78.2699966430664,305.0,264.9200134277344,343.6600036621094,594.4400024414062,78.16000366210938,305.1000061035156,265.010009765625,343.7200012207031,594.530029296875,78.19499969482422,705572,567917,333418,213368,818215
2026-08-14 09:30:00-04:00,305.875,264.3949890136719,344.95001220703125,599.2800903320312,78.47010040283203,306.25,265.25,345.0400085449219,599.7999877929688,78.6500015258789,305.55999755859375,264.2235107421875,343.822998046875,595.010009765625,78.2699966430664,306.02801513671875,264.875,344.260009765625,596.97998046875,78.4800033569336,2095475,934030,562925,755636,1805866
2026-08-14 09:31:00-04:00,306.739990234375,264.9100036621094,346.2699890136719,601.64990234375,78.2699966430664,306.7900085449219,265.0199890136719,346.4800109863281,601.64990234375,78.7300033569336,305.7250061035156,264.2200927734375,344.6900939941406,598.7999877929688,78.2699966430664,305.80999755859375,264.3999938964844,345.0400085449219,599.8499755859375,78.5199966430664,205351,141211,116959,135835,147300
2026-08-14 09:32:00-04:00,306.4150085449219,264.1600036621094,345.6000061035156,599.7896118164062,78.1395034790039,306.9399108886719,264.9700012207031,346.54949951171875,601.8599853515625,78.35579681396484,306.04998779296875,264.1600036621094,345.322998046875,599.5,78.08000183105469,306.739990234375,264.92498779296875,346.30499267578125,601.3250122070312,78.26000213623047,115836,94461,80878,71518,126140
2026-08-14 09:33:00-04:00,306.89410400390625,264.5899963378906,346.7749938964844,600.2349853515625,77.875,306.94000244140625,264.70001220703125,346.8334045410156,601.0399780273438,78.1500015258789,306.25,264.0400085449219,345.4100036621094,599.6199951171875,77.7699966430664,306.3949890136719,264.19000244140625,345.6499938964844,600.14501953125,78.12999725341797,149521,104172,85820,43962,179005
2026-08-14 09:34:00-04:00,307.3599853515625,264.4200134277344,347.29998779296875,600.1099853515625,78.05000305175781,307.3800048828125,264.79998779296875,347.5,600.9099731445312,78.05999755859375,306.57000732421875,264.1199951171875,346.4613037109375,599.6973266601562,77.77999877929688,306.840087890625,264.5509948730469,346.7099914550781,600.2349853515625,77.88999938964844,198134,110763,115062,53307,87563
2026-08-14 09:35:00-04:00,306.2799987792969,265.3550109863281,347.510009765625,599.8800048828125,78.1449966430664,307.489990234375,265.4800109863281,347.92999267578125,600.9400024414062,78.30989837646484,306.1099853515625,264.17498779296875,347.17999267578125,599.030029296875,78.0199966430664,307.3299865722656,264.3500061035156,347.2200012207031,599.969970703125,78.04000091552734,240928,179494,129555,52888,120808
2026-08-14 09:36:00-04:00,306.6600036621094,265.2349853515625,347.2799987792969,599.5999755859375,77.94000244140625,306.8338928222656,265.5249938964844,348.05999755859375,600.1099853515625,78.12999725341797,306.1199951171875,264.94000244140625,347.1700134277344,599.4100952148438,77.83999633789062,306.2619934082031,265.2601013183594,347.489990234375,599.8800048828125,78.12999725341797,135094,108667,72714,37461,108224
2026-08-14 09:37:00-04:00,306.7200012207031,265.1300048828125,346.8800048828125,598.0250244140625,77.79170227050781,306.9200134277344,265.6700134277344,347.5,599.60498046875,77.94400024414062,306.4800109863281,265.1300048828125,346.739990234375,597.6500854492188,77.76010131835938,306.6600036621094,265.2410888671875,347.25,599.4550170898438,77.94400024414062,137873,104698,53304,40026,98947
2026-08-14 09:38:00-04:00,306.6300048828125,265.2049865722656,346.80999755859375,598.3699951171875,77.87999725341797,307.0,265.3800048828125,347.0950012207031,599.1981811523438,77.91999816894531,306.4800109863281,264.8299865722656,346.6600036621094,597.780029296875,77.77999877929688,306.7699890136719,265.1400146484375,346.9049987792969,597.780029296875,77.79499816894531,92076,128772,31983,28333,76384
2026-08-14 09:39:00-04:00,307.0249938964844,265.1449890136719,346.8800048828125,599.239990234375,78.03500366210938,307.19000244140625,265.2049865722656,346.8800048828125,599.239990234375,78.14990234375,306.625,264.739990234375,346.2099914550781,597.9500122070312,77.87999725341797,306.625,265.2049865722656,346.75,598.29248046875,77.91000366210938,94835,88402,33998,31811,96818
2026-08-14 09:40:00-04:00,306.7300109863281,264.6549987792969,346.18499755859375,597.4600219726562,78.08000183105469,307.07000732421875,265.16839599609375,346.8900146484375,599.3594970703125,78.12999725341797,306.5299987792969,264.45001220703125,346.07000732421875,597.2501220703125,77.91999816894531,307.010009765625,265.16839599609375,346.8629150390625,599.1334838867188,78.01249694824219,86867,80820,224576,22371,83200
2026-08-14 09:41:00-04:00,306.7200012207031,264.7049865722656,346.0,596.1500244140625,78.04000091552734,307.0398864746094,264.82000732421875,346.2799987792969,597.4199829101562,78.22509765625,306.5400085449219,264.5350036621094,345.6300048828125,595.7899780273438,78.04000091552734,306.7099914550781,264.70001220703125,346.2300109863281,597.2515258789062,78.08989715576172,92132,55619,62002,29978,85250
2026-08-14 09:42:00-04:00,306.8931884765625,264.7200012207031,345.8299865722656,596.625,78.04499816894531,306.9296875,264.8399963378906,346.3316955566406,597.3400268554688,78.20999908447266,306.6499938964844,264.69000244140625,345.79998779296875,596.02001953125,77.97000122070312,306.7268981933594,264.7200012207031,346.2200012207031,596.125,78.05999755859375,60942,74174,16959,29644,123673
2026-08-14 09:43:00-04:00,306.5199890136719,264.6400146484375,345.6401062011719,595.5999145507812,78.0999984741211,306.92999267578125,264.92999267578125,345.9700012207031,596.6898803710938,78.13999938964844,306.4700012207031,264.6300048828125,345.6400146484375,595.25048828125,77.98999786376953,306.8800048828125,264.7300109863281,345.8299865722656,596.5499877929688,78.04000091552734,62644,64186,18506,25164,86671
2026-08-14 09:44:00-04:00,306.2300109863281,264.7799987792969,345.97869873046875,595.530029296875,78.04000091552734,306.6679992675781,264.80999755859375,346.1499938964844,596.0880126953125,78.19000244140625,306.1499938964844,264.4800109863281,345.70001220703125,595.4000854492188,78.0199966430664,306.5199890136719,264.69000244140625,345.7049865722656,595.4400024414062,78.0999984741211,86601,116664,37940,25047,95876
2026-08-14 09:45:00-04:00,306.2799987792969,264.7650146484375,346.17999267578125,596.0250244140625,77.95999908447266,306.4303894042969,264.9429016113281,346.17999267578125,596.47998046875,78.07949829101562,306.0,264.70001220703125,345.5491027832031,595.3300170898438,77.81999969482422,306.239990234375,264.7900085449219,345.9700012207031,595.5750122070312,78.04000091552734,116002,93849,28725,34989,131589
2026-08-14 09:46:00-04:00,306.6499938964844,264.75,346.2749938964844,597.0349731445312,78.08999633789062,306.70001220703125,264.8699951171875,346.44000244140625,597.14990234375,78.12000274658203,306.1099853515625,264.54998779296875,346.1199951171875,595.4249877929688,77.9000015258789,306.2099914550781,264.7550048828125,346.135009765625,596.0250244140625,77.95999908447266,70813,61940,59543,52922,141778
2026-08-14 09:47:00-04:00,306.81500244140625,264.6400146484375,346.1700134277344,597.25,78.0250015258789,307.010009765625,264.9100036621094,346.4100036621094,597.719970703125,78.12999725341797,306.6400146484375,264.5743103027344,345.96051025390625,596.8400268554688,77.81999969482422,306.6499938964844,264.8349914550781,346.3500061035156,597.219970703125,78.08499908447266,113661,65885,38131,37492,101990
2026-08-14 09:48:00-04:00,306.7250061035156,264.6300048828125,346.135009765625,597.469970703125,78.13500213623047,306.95001220703125,264.7300109863281,346.2300109863281,597.739990234375,78.16999816894531,306.6499938964844,264.510009765625,345.8999938964844,596.9000244140625,78.0,306.81500244140625,264.69000244140625,346.1700134277344,597.4500122070312,78.05000305175781,77763,59849,22561,25292,74630
2026-08-14 09:49:00-04:00,306.6351013183594,264.8349914550781,345.9129943847656,597.3699951171875,78.17500305175781,306.85101318359375,264.9800109863281,346.1000061035156,597.9299926757812,78.25,306.6351013183594,264.57000732421875,345.744384765625,597.2999877929688,78.0999984741211,306.7449951171875,264.614990234375,346.0799865722656,597.2999877929688,78.13999938964844,38977,87190,25175,25412,120676
2026-08-14 09:50:00-04:00,306.3299865722656,264.977294921875,345.4599914550781,597.4400024414062,78.34400177001953,306.6099853515625,265.010009765625,345.8999938964844,597.6900024414062,78.37999725341797,306.1300048828125,264.7200012207031,345.3306884765625,597.030029296875,78.11000061035156,306.6099853515625,264.8299865722656,345.8550109863281,597.3599853515625,78.1500015258789,75042,81185,28910,16993,162532
2026-08-14 09:51:00-04:00,306.42999267578125,264.510009765625,345.2950134277344,596.3099975585938,78.29499816894531,306.7200012207031,265.1997985839844,345.6199951171875,597.5800170898438,78.3499984741211,306.2200012207031,264.510009765625,344.95001220703125,596.1300048828125,78.11000061035156,306.29998779296875,265.0199890136719,345.4599914550781,597.3699951171875,78.3499984741211,81753,111754,85262,41241,116073
2026-08-14 09:52:00-04:00,306.510009765625,264.5400085449219,345.5,596.9600219726562,78.44999694824219,306.5849914550781,264.67999267578125,345.7135925292969,597.1900024414062,78.46499633789062,306.3599853515625,264.3900146484375,345.2950134277344,596.1799926757812,78.29000091552734,306.4200134277344,264.510009765625,345.2950134277344,596.3300170898438,78.31909942626953,38168,73668,35283,14510,119441
2026-08-14 09:53:00-04:00,306.010009765625,264.510009765625,345.7900085449219,596.6699829101562,78.47000122070312,306.55999755859375,264.6499938964844,345.8500061035156,597.239990234375,78.48999786376953,306.0,264.3800048828125,345.3900146484375,596.1599731445312,78.4000015258789,306.510009765625,264.55999755859375,345.4800109863281,596.9650268554688,78.43070220947266,78600,60507,47416,18342,79307
2026-08-14 09:54:00-04:00,306.1199951171875,264.69000244140625,345.80999755859375,598.22998046875,78.3550033569336,306.2029113769531,264.79998779296875,345.8699951171875,598.3900146484375,78.48989868164062,305.8299865722656,264.4601135253906,345.3299865722656,596.4581298828125,78.31999969482422,306.0150146484375,264.5150146484375,345.760009765625,596.75,78.47000122070312,62605,67734,50152,27092,68223
2026-08-14 09:55:00-04:00,305.8699951171875,264.7149963378906,345.67999267578125,597.6450805664062,78.46499633789062,306.14990234375,264.875,345.8699035644531,598.3900146484375,78.48500061035156,305.82000732421875,264.55999755859375,345.5299987792969,597.4600219726562,78.30999755859375,306.114990234375,264.69500732421875,345.80499267578125,597.9910278320312,78.3499984741211,58885,80248,54328,13390,119817
2026-08-14 09:56:00-04:00,305.95001220703125,265.0299987792969,345.62091064453125,598.0,78.51000213623047,305.97021484375,265.1050109863281,345.91680908203125,598.260009765625,78.52999877929688,305.7101135253906,264.6600036621094,345.5899963378906,597.2548828125,78.37010192871094,305.8599853515625,264.7049865722656,345.7200012207031,597.7349853515625,78.4749984741211,71044,78483,117145,21418,85640
2026-08-14 09:57:00-04:00,305.91949462890625,264.7799987792969,345.75,598.030029296875,78.58999633789062,305.9800109863281,265.0899963378906,345.9100036621094,598.75,78.61990356445312,305.70001220703125,264.67498779296875,345.6000061035156,597.8099975585938,78.48999786376953,305.9800109863281,265.08990478515625,345.6499938964844,598.094970703125,78.5198974609375,59808,73955,27953,19095,68729
2026-08-14 09:58:00-04:00,306.05999755859375,265.010009765625,345.82000732421875,598.2000122070312,78.57499694824219,306.1098937988281,265.0299987792969,345.8599853515625,598.4110107421875,78.62999725341797,305.7699890136719,264.75,345.69000244140625,597.8099975585938,78.55000305175781,305.95001220703125,264.75,345.79998779296875,597.905029296875,78.58000183105469,61165,41944,53030,24726,89257
2026-08-14 09:59:00-04:00,306.1000061035156,264.7699890136719,345.44000244140625,597.905029296875,78.58999633789062,306.2200012207031,265.1000061035156,345.79998779296875,598.4199829101562,78.66999816894531,306.0,264.7300109863281,345.3999938964844,597.6500244140625,78.54000091552734,306.05999755859375,265.0199890136719,345.7699890136719,598.2750244140625,78.56300354003906,75094,66605,48352,15801,69826
2026-08-14 10:00:00-04:00,306.2760009765625,264.6000061035156,345.510009765625,598.2949829101562,78.58989715576172,306.35650634765625,264.80999755859375,345.510009765625,598.4099731445312,78.6415023803711,306.0353088378906,264.3999938964844,345.2300109863281,597.6099853515625,78.56999969482422,306.07000732421875,264.80999755859375,345.3900146484375,597.9500122070312,78.5999984741211,91141,90613,28844,27066,65173
2026-08-14 10:01:00-04:00,305.8399963378906,264.739990234375,345.0400085449219,597.9600219726562,78.4000015258789,306.2900085449219,264.7799987792969,345.57501220703125,598.8200073242188,78.58999633789062,305.7799987792969,264.5802917480469,345.010009765625,597.9149780273438,78.38999938964844,306.2900085449219,264.6300048828125,345.5400085449219,598.239990234375,78.58000183105469,92296,56653,36536,25259,53538
2026-08-14 10:02:00-04:00,306.17498779296875,264.77178955078125,345.1300048828125,599.219970703125,78.38999938964844,306.20001220703125,264.8299865722656,345.159912109375,599.6199951171875,78.4800033569336,305.78009033203125,264.635009765625,344.67999267578125,597.969970703125,78.3761978149414,305.8999938964844,264.7300109863281,345.03009033203125,597.969970703125,78.39109802246094,52170,54665,38029,42535,55096
2026-08-14 10:03:00-04:00,306.010009765625,264.67999267578125,345.010009765625,598.6599731445312,78.4000015258789,306.1700134277344,264.7650146484375,345.159912109375,599.2999877929688,78.4301986694336,305.989990234375,264.6000061035156,344.760009765625,598.1699829101562,78.36000061035156,306.1499938964844,264.7650146484375,345.0400085449219,599.1900024414062,78.375,37303,60631,33848,25573,64718
2026-08-14 10:04:00-04:00,305.989990234375,264.9150085449219,345.1050109863281,598.8699951171875,78.25499725341797,306.1199951171875,264.94500732421875,345.2300109863281,598.8800048828125,78.40910339355469,305.82000732421875,264.5799865722656,344.9100036621094,598.3001098632812,78.22010040283203,306.00421142578125,264.7200012207031,345.010009765625,598.6599731445312,78.4000015258789,39840,82700,24131,7802,76793
2026-08-14 10:05:00-04:00,305.9360046386719,264.8099060058594,345.2099914550781,598.97998046875,78.13999938964844,306.010009765625,264.9649963378906,345.3599853515625,599.114990234375,78.29000091552734,305.8500061035156,264.7099914550781,345.010009765625,598.477783203125,78.13999938964844,306.0,264.9200134277344,345.1099853515625,598.8798828125,78.2699966430664,39812,55824,28549,15762,93152
2026-08-14 10:06:00-04:00,305.8999938964844,264.7101135253906,344.9100036621094,597.9000244140625,77.98999786376953,305.9800109863281,264.9800109863281,345.20001220703125,599.0999755859375,78.17500305175781,305.79998779296875,264.6300048828125,344.8783874511719,597.9000244140625,77.94999694824219,305.9599914550781,264.79998779296875,345.20001220703125,599.0,78.16500091552734,42581,72605,18894,23183,121111
2026-08-14 10:07:00-04:00,305.9049987792969,264.4750061035156,345.05029296875,598.1900024414062,77.95999908447266,305.9599914550781,264.760009765625,345.0799865722656,598.27001953125,78.03510284423828,305.75,264.2900085449219,344.8299865722656,597.8099975585938,77.93000030517578,305.9049987792969,264.7099914550781,344.9200134277344,598.1300048828125,77.9801025390625,33847,107584,31202,9257,61013
2026-08-14 10:08:00-04:00,305.9599914550781,264.57000732421875,345.4599914550781,598.0,78.03500366210938,306.07000732421875,264.68499755859375,345.4974060058594,598.3699951171875,78.05509948730469,305.8599853515625,264.4700012207031,344.9617919921875,597.8099975585938,77.9000015258789,305.9399108886719,264.4700012207031,345.04998779296875,598.030029296875,77.97010040283203,40243,42640,34572,8684,105155
2026-08-14 10:09:00-04:00,305.94500732421875,264.5199890136719,345.5,597.5700073242188,77.98500061035156,306.1199951171875,264.67999267578125,345.89990234375,598.5831298828125,78.11000061035156,305.8699951171875,264.45001220703125,345.3800048828125,597.5700073242188,77.91000366210938,305.9599914550781,264.5899963378906,345.5,598.02001953125,78.05500030517578,47440,38768,68395,10187,60318
2026-08-14 10:10:00-04:00,305.8450012207031,264.6400146484375,345.79998779296875,598.030029296875,77.9800033569336,306.0,264.8900146484375,345.9800109863281,598.280029296875,77.9999008178711,305.8299865722656,264.5199890136719,345.4726867675781,597.510009765625,77.94390106201172,305.94000244140625,264.5299987792969,345.4800109863281,597.780029296875,77.98999786376953,37543,88528,88071,15794,51011
2026-08-14 10:11:00-04:00,306.0400085449219,264.79998779296875,345.864990234375,598.9849853515625,78.125,306.0899963378906,264.82501220703125,346.0350036621094,599.0,78.1427993774414,305.7799987792969,264.6300048828125,345.4989929199219,598.010009765625,77.97000122070312,305.8450012207031,264.639892578125,345.80999755859375,598.010009765625,77.98999786376953,62264,53643,71110,23160,68752
2026-08-14 10:12:00-04:00,306.04998779296875,264.57000732421875,345.8399963378906,598.5399780273438,78.01000213623047,306.1000061035156,264.82000732421875,346.00048828125,599.1099243164062,78.125,305.9100036621094,264.57000732421875,345.79998779296875,598.5399780273438,78.0,306.05999755859375,264.82000732421875,345.8699951171875,598.9000244140625,78.125,46222,65129,25352,17784,62792
2026-08-14 10:13:00-04:00,305.8550109863281,264.625,345.57501220703125,598.1898803710938,77.87999725341797,306.09991455078125,264.8399963378906,346.0,598.6900024414062,78.02020263671875,305.8301086425781,264.57000732421875,345.56500244140625,597.9149780273438,77.8499984741211,306.09991455078125,264.57000732421875,345.7650146484375,598.5250244140625,78.01000213623047,31002,48591,17770,17497,56452
2026-08-14 10:14:00-04:00,305.7298889160156,264.4599914550781,345.3800964355469,597.8099975585938,77.88500213623047,305.8699951171875,264.6600036621094,345.57000732421875,598.3300170898438,77.9000015258789,305.5700988769531,264.3599853515625,345.2099914550781,597.7999877929688,77.81999969482422,305.8550109863281,264.6000061035156,345.57000732421875,598.0,77.88359832763672,80228,429446,24109,11480,46646
2026-08-14 10:15:00-04:00,305.6000061035156,264.7300109863281,345.764892578125,599.1500244140625,78.08000183105469,305.75,264.739990234375,345.764892578125,599.22998046875,78.08000183105469,305.4200134277344,264.4800109863281,345.42999267578125,597.7999877929688,77.87000274658203,305.7099914550781,264.4800109863281,345.42999267578125,597.8499755859375,77.9000015258789,91318,40074,16821,23278,100418
2026-08-14 10:16:00-04:00,305.8102111816406,264.4360046386719,345.9194030761719,599.3150024414062,78.13500213623047,305.8500061035156,264.7699890136719,345.9599914550781,599.6099853515625,78.13500213623047,305.510009765625,264.3599853515625,345.7699890136719,599.0833740234375,78.04499816894531,305.5899963378906,264.7300109863281,345.8194885253906,599.0833740234375,78.08499908447266,55371,47803,23724,20755,42462
2026-08-14 10:17:00-04:00,305.75,265.5050048828125,345.8949890136719,599.1649780273438,78.12000274658203,305.8999938964844,265.5799865722656,346.0,599.8800048828125,78.19999694824219,305.7149963378906,264.4100036621094,345.7900085449219,599.1649780273438,78.1050033569336,305.80999755859375,264.43499755859375,345.8900146484375,599.3099975585938,78.13500213623047,53692,130867,28469,19890,60374
2026-08-14 10:18:00-04:00,305.7650146484375,265.4200134277344,345.88519287109375,598.2506713867188,78.17500305175781,305.8900146484375,265.6000061035156,346.0400085449219,599.2999877929688,78.20999908447266,305.6400146484375,265.3500061035156,345.86248779296875,598.1500854492188,78.12000274658203,305.7699890136719,265.49578857421875,345.9151916503906,599.1099853515625,78.12000274658203,43334,125084,19639,15343,56666
2026-08-14 10:19:00-04:00,305.6600036621094,265.6300048828125,345.8399963378906,598.1950073242188,78.33000183105469,305.8699951171875,265.80999755859375,345.8900146484375,598.4199829101562,78.33000183105469,305.6600036621094,265.260009765625,345.67999267578125,598.0549926757812,78.16999816894531,305.7650146484375,265.4200134277344,345.8800048828125,598.3300170898438,78.17009735107422,33956,99707,24732,15604,84062
2026-08-14 10:20:00-04:00,305.465087890625,265.19500732421875,345.95001220703125,597.6099853515625,78.22000122070312,305.75,265.7200012207031,346.1099853515625,598.2999877929688,78.33000183105469,305.2401123046875,265.1600036621094,345.860107421875,597.5380859375,78.22000122070312,305.66009521484375,265.635009765625,345.885009765625,598.1950073242188,78.30999755859375,100374,75982,34986,14130,77813
2026-08-14 10:21:00-04:00,305.20001220703125,264.67999267578125,345.4399108886719,596.7999877929688,78.11000061035156,305.70989990234375,265.2200012207031,345.9504089355469,597.60498046875,78.23999786376953,305.07000732421875,264.67999267578125,345.2099914550781,596.2000122070312,78.0999984741211,305.4501037597656,265.19000244140625,345.9504089355469,597.5800170898438,78.23030090332031,156479,95431,26220,26447,99317
2026-08-14 10:22:00-04:00,305.2950134277344,264.9150085449219,345.0555114746094,597.0,78.23999786376953,305.32049560546875,264.9150085449219,345.4100036621094,597.0,78.24970245361328,305.15008544921875,264.55999755859375,344.8299865722656,596.1400146484375,78.08999633789062,305.19000244140625,264.7099914550781,345.3900146484375,596.844970703125,78.0999984741211,33134,59419,33313,26704,87645
2026-08-14 10:23:00-04:00,305.2499084472656,264.82501220703125,344.5,596.60498046875,78.13500213623047,305.4255065917969,264.9999084472656,345.1094970703125,597.1699829101562,78.25499725341797,305.2319030761719,264.7850036621094,344.5,596.47998046875,78.122802734375,305.2799987792969,264.9049987792969,345.05999755859375,597.0,78.24030303955078,60126,57645,60486,18577,50036
2026-08-14 10:24:00-04:00,305.30499267578125,264.760009765625,344.41009521484375,596.4249877929688,78.2300033569336,305.3642883300781,264.8299865722656,344.5199890136719,596.6500244140625,78.26499938964844,305.17999267578125,264.6203918457031,344.2950134277344,596.2000122070312,78.12850189208984,305.2200012207031,264.7900085449219,344.5,596.4500122070312,78.13500213623047,48991,44877,25142,10803,72084
2026-08-14 10:25:00-04:00,304.8349914550781,264.7898864746094,344.5692138671875,596.780029296875,78.2750015258789,305.33990478515625,264.8399963378906,344.8599853515625,596.989990234375,78.31990051269531,304.79998779296875,264.625,344.3599853515625,596.3911743164062,78.22000122070312,305.33990478515625,264.7900085449219,344.3900146484375,596.4099731445312,78.2499008178711,101767,56738,33544,22973,47012
2026-08-14 10:26:00-04:00,304.8500061035156,264.6400146484375,344.4599914550781,596.3300170898438,78.22989654541016,304.889892578125,264.7799072265625,344.57000732421875,596.7650146484375,78.2699966430664,304.7799987792969,264.5950012207031,344.3999938964844,596.260009765625,78.19000244140625,304.8500061035156,264.7449951171875,344.57000732421875,596.75,78.2699966430664,72762,49081,20189,13676,31767
2026-08-14 10:27:00-04:00,304.81500244140625,264.5299987792969,344.6650085449219,596.4550170898438,78.22000122070312,304.9150085449219,264.739990234375,344.760009765625,596.719970703125,78.23989868164062,304.760009765625,264.489990234375,344.47650146484375,596.0579833984375,78.19000244140625,304.8500061035156,264.635498046875,344.4849853515625,596.2000122070312,78.20500183105469,54716,45257,21617,14135,34362
2026-08-14 10:28:00-04:00,305.0799865722656,264.4649963378906,344.41259765625,596.1199951171875,78.18499755859375,305.1300048828125,264.7300109863281,344.7598876953125,596.5499877929688,78.24629974365234,304.7611999511719,264.43499755859375,344.3999938964844,596.1199951171875,78.18499755859375,304.82000732421875,264.57000732421875,344.7099914550781,596.3416748046875,78.2300033569336,65335,54307,28740,12376,62340
2026-08-14 10:29:00-04:00,304.989990234375,264.364990234375,344.07000732421875,595.8400268554688,78.11000061035156,305.14849853515625,264.55999755859375,344.4200134277344,596.3300170898438,78.19999694824219,304.95001220703125,264.3299865722656,343.95001220703125,595.72998046875,78.10009765625,305.1050109863281,264.4599914550781,344.4049987792969,596.125,78.19999694824219,56373,49642,38025,25241,65084
2026-08-14 10:30:00-04:00,304.82000732421875,264.3999938964844,343.9150085449219,596.6442260742188,78.24400329589844,305.1000061035156,264.45001220703125,344.0990905761719,596.75,78.26499938964844,304.80999755859375,264.0899963378906,343.7099914550781,595.8250122070312,78.0999984741211,305.0199890136719,264.4100036621094,344.0,595.8250122070312,78.0999984741211,48968,140531,27399,27260,73329
2026-08-14 10:31:00-04:00,304.885009765625,264.44000244140625,343.8999938964844,595.8472290039062,78.13999938964844,304.8999938964844,264.94000244140625,344.1994934082031,596.8699951171875,78.26000213623047,304.6600036621094,264.3599853515625,343.8500061035156,595.8472290039062,78.13999938964844,304.8349914550781,264.4200134277344,343.95001220703125,596.7999877929688,78.26000213623047,65545,129264,35875,18360,44565
2026-08-14 10:32:00-04:00,304.93499755859375,264.2449951171875,343.67608642578125,595.4199829101562,78.20999908447266,305.0199890136719,264.4800109863281,344.04998779296875,595.905029296875,78.2300033569336,304.82000732421875,264.11590576171875,343.5400085449219,595.2000122070312,78.11199951171875,304.8699951171875,264.44000244140625,343.9100036621094,595.8800048828125,78.1449966430664,54319,82410,27996,30512,46583
2026-08-14 10:33:00-04:00,304.89990234375,263.8800048828125,343.3399963378906,594.875,78.1449966430664,304.9551086425781,264.2799987792969,343.6549987792969,595.7750244140625,78.20999908447266,304.8500061035156,263.8299865722656,343.29998779296875,594.6599731445312,78.13999938964844,304.94000244140625,264.239990234375,343.6499938964844,595.3400268554688,78.19999694824219,29247,152642,50977,31611,35947
2026-08-14 10:34:00-04:00,304.9200134277344,263.8999938964844,343.3299865722656,594.6599731445312,78.14009857177734,305.1000061035156,264.0050048828125,343.54998779296875,595.25,78.16999816894531,304.8699951171875,263.70001220703125,343.1600036621094,594.6400146484375,78.1050033569336,304.8699951171875,263.9200134277344,343.3900146484375,594.8280029296875,78.13999938964844,37678,93163,41220,18231,33546
2026-08-14 10:35:00-04:00,304.760009765625,263.79998779296875,343.5151062011719,594.6799926757812,78.1500015258789,304.94000244140625,263.9700012207031,343.6000061035156,595.0800170898438,78.19999694824219,304.70001220703125,263.7300109863281,343.29998779296875,594.5700073242188,78.12000274658203,304.94000244140625,263.9200134277344,343.32501220703125,594.75,78.1500015258789,37904,65974,21540,42771,33465
2026-08-14 10:36:00-04:00,304.8500061035156,263.82000732421875,343.5299987792969,594.8400268554688,78.19000244140625,304.89569091796875,264.0,343.7200012207031,595.0,78.25499725341797,304.760009765625,263.7699890136719,343.5,594.7000122070312,78.1449966430664,304.760009765625,263.8299865722656,343.5199890136719,594.7177734375,78.1500015258789,29826,53122,18619,19028,55363
2026-08-14 10:37:00-04:00,304.7889099121094,263.6401062011719,343.79998779296875,594.6400146484375,78.2300033569336,304.8900146484375,263.8699951171875,343.8999938964844,594.8699951171875,78.23780059814453,304.75,263.6401062011719,343.4700012207031,594.47998046875,78.16000366210938,304.8599853515625,263.81500244140625,343.5299987792969,594.6900024414062,78.19000244140625,45061,90695,18298,18746,38476
2026-08-14 10:38:00-04:00,304.80999755859375,263.943115234375,344.0400085449219,594.6199951171875,78.1500015258789,304.8800048828125,264.0050048828125,344.1300048828125,594.966796875,78.2300033569336,304.7099914550781,263.6099853515625,343.7500915527344,594.5200805664062,78.13999938964844,304.75,263.6650085449219,343.80999755859375,594.5200805664062,78.20999908447266,42016,73485,21206,31996,35749
2026-08-14 10:39:00-04:00,305.19219970703125,264.4049987792969,344.260009765625,595.31201171875,78.13009643554688,305.19219970703125,264.42999267578125,344.32000732421875,595.469970703125,78.18000030517578,304.80999755859375,263.9700927734375,344.010009765625,594.52001953125,78.08999633789062,304.80999755859375,263.9800109863281,344.010009765625,594.52001953125,78.14360046386719,58037,78241,15639,38809,55756
2026-08-14 10:40:00-04:00,305.090087890625,264.3999938964844,344.12078857421875,595.0499877929688,78.12000274658203,305.17999267578125,264.45001220703125,344.2699890136719,595.5349731445312,78.15499877929688,305.0249938964844,264.17999267578125,343.9501037597656,594.8250122070312,78.08999633789062,305.17999267578125,264.42999267578125,344.260009765625,595.4400024414062,78.1500015258789,59891,68405,28659,15159,26494
2026-08-14 10:41:00-04:00,305.0350036621094,264.20001220703125,343.9700012207031,594.9500122070312,78.08499908447266,305.1600036621094,264.4800109863281,344.1700134277344,595.2000122070312,78.12999725341797,304.8500061035156,264.18499755859375,343.8550109863281,594.5200805664062,78.05010223388672,305.1050109863281,264.385009765625,344.14459228515625,595.0599975585938,78.12999725341797,37659,59133,18529,21388,37338
2026-08-14 10:42:00-04:00,304.9599914550781,264.1600036621094,343.92498779296875,594.8300170898438,78.07579803466797,305.1199951171875,264.2900085449219,344.0799865722656,594.969970703125,78.0999984741211,304.8800048828125,264.07000732421875,343.7900085449219,594.610107421875,78.06390380859375,305.0350036621094,264.2239990234375,344.0400085449219,594.8499755859375,78.0802001953125,43752,39201,17520,24565,26945
2026-08-14 10:43:00-04:00,304.8450012207031,264.189697265625,343.9200134277344,594.27001953125,77.92500305175781,304.9599914550781,264.2349853515625,344.04998779296875,594.8729248046875,78.11000061035156,304.7699890136719,264.0799865722656,343.7699890136719,594.0999755859375,77.92500305175781,304.9599914550781,264.1650085449219,343.94000244140625,594.8350219726562,78.08000183105469,45754,35178,9293,16414,69802
2026-08-14 10:44:00-04:00,304.9100036621094,264.07501220703125,344.022705078125,594.576416015625,77.98999786376953,304.9713134765625,264.260009765625,344.0400085449219,594.8502197265625,77.98999786376953,304.80999755859375,264.05999755859375,343.8500061035156,594.1699829101562,77.91000366210938,304.82000732421875,264.17999267578125,343.8900146484375,594.27001953125,77.91500091552734,38530,38779,13596,20788,53113
2026-08-14 10:45:00-04:00,305.15008544921875,264.0400085449219,343.95001220703125,594.5050048828125,78.05000305175781,305.17999267578125,264.1000061035156,344.0889892578125,594.739990234375,78.08999633789062,304.8299865722656,263.9700927734375,343.885009765625,594.3599853515625,77.98999786376953,304.9200134277344,264.07501220703125,344.0450134277344,594.47998046875,78.00499725341797,40334,50042,23145,18626,193365
2026-08-14 10:46:00-04:00,305.20001220703125,264.135009765625,343.96728515625,595.0872192382812,78.05000305175781,305.25,264.1499938964844,343.96728515625,595.1699829101562,78.05729675292969,305.1199951171875,263.9849853515625,343.82000732421875,594.4100952148438,77.9800033569336,305.1499938964844,264.010009765625,343.94500732421875,594.4100952148438,78.04000091552734,53814,34874,12384,16164,52180
2026-08-14 10:47:00-04:00,305.2099914550781,264.1700134277344,344.0299987792969,595.1500244140625,78.0,305.30999755859375,264.260009765625,344.1499938964844,595.4199829101562,78.06999969482422,305.2099914550781,264.1239929199219,343.9700012207031,594.9400024414062,77.98999786376953,305.2099914550781,264.14990234375,344.0,595.0349731445312,78.05000305175781,49517,42146,14310,12384,29059
2026-08-14 10:48:00-04:00,305.3800048828125,264.04998779296875,344.0098876953125,595.0,78.01000213623047,305.42999267578125,264.30499267578125,344.159912109375,595.4000244140625,78.0199966430664,305.19000244140625,264.010009765625,343.75,594.85009765625,77.97000122070312,305.2349853515625,264.1499938964844,344.04998779296875,595.197021484375,77.9800033569336,57522,43420,18610,11929,31523
2026-08-14 10:49:00-04:00,305.260009765625,263.8599853515625,343.630615234375,594.52001953125,78.0199966430664,305.39990234375,264.0400085449219,343.9549865722656,595.0,78.06999969482422,305.205810546875,263.8399963378906,343.6050109863281,594.4349975585938,78.00499725341797,305.3700866699219,264.0400085449219,343.9200134277344,595.0,78.01000213623047,52423,57744,16384,9215,58603
2026-08-14 10:50:00-04:00,305.1700134277344,263.8299865722656,343.6700134277344,594.6900024414062,78.0250015258789,305.25,264.010009765625,343.6899108886719,594.8099975585938,78.04000091552734,305.1099853515625,263.7701110839844,343.5909118652344,594.4500732421875,78.01000213623047,305.25,263.8599853515625,343.6217956542969,594.5599975585938,78.0199966430664,43753,49406,14573,12261,30417
2026-08-14 10:51:00-04:00,305.2900085449219,263.989990234375,343.9599914550781,594.60498046875,78.12999725341797,305.3080139160156,264.04998779296875,343.9599914550781,594.6900024414062,78.12999725341797,305.1199951171875,263.7897033691406,343.5899963378906,594.0999755859375,78.0250015258789,305.1600036621094,263.8434143066406,343.6000061035156,594.6199951171875,78.02999877929688,27416,41931,22602,11994,42142
2026-08-14 10:52:00-04:00,305.19000244140625,263.9100036621094,344.0950012207031,594.030029296875,78.05000305175781,305.2699890136719,264.0098876953125,344.1700134277344,594.530029296875,78.13999938964844,305.0799865722656,263.8808898925781,343.8399963378906,593.6599731445312,78.04499816894531,305.2699890136719,264.0098876953125,343.9726867675781,594.530029296875,78.13999938964844,33982,56617,15466,27244,27554
2026-08-14 10:53:00-04:00,305.2250061035156,263.73870849609375,344.0950012207031,593.5700073242188,78.04000091552734,305.2900085449219,263.9100036621094,344.2099914550781,594.280029296875,78.06999969482422,305.1600036621094,263.72210693359375,344.04998779296875,593.510009765625,78.01000213623047,305.19769287109375,263.8949890136719,344.0899963378906,594.1799926757812,78.05999755859375,30450,31655,23690,11584,34871
2026-08-14 10:54:00-04:00,305.04998779296875,263.7699890136719,344.2300109863281,593.5999755859375,78.01000213623047,305.2300109863281,263.8598937988281,344.239990234375,593.8499755859375,78.05000305175781,304.94000244140625,263.739990234375,344.06500244140625,593.280029296875,78.0000991821289,305.2099914550781,263.739990234375,344.1400146484375,593.530029296875,78.04000091552734,43876,50936,31923,15511,46008
2026-08-14 10:55:00-04:00,305.1199951171875,263.8349914550781,344.135009765625,593.4201049804688,78.01840209960938,305.17999267578125,263.9298095703125,344.2300109863281,593.9500122070312,78.05000305175781,305.0400085449219,263.7300109863281,344.1099853515625,593.4199829101562,78.00029754638672,305.04998779296875,263.7699890136719,344.2099914550781,593.6099853515625,78.0199966430664,48875,45807,21206,18233,29471
2026-08-14 10:56:00-04:00,305.0299987792969,263.9200134277344,343.95050048828125,593.5999755859375,78.04620361328125,305.2300109863281,263.94378662109375,344.20001220703125,593.8599853515625,78.05000305175781,304.989990234375,263.7699890136719,343.9100036621094,593.3499755859375,78.0199966430664,305.12750244140625,263.8299865722656,344.1300048828125,593.5499877929688,78.0199966430664,23835,29692,14266,9682,23005
2026-08-14 10:57:00-04:00,305.0450134277344,263.79998779296875,343.8299865722656,593.4349975585938,78.01000213623047,305.1191101074219,263.94000244140625,344.0199890136719,594.114990234375,78.08000183105469,305.0199890136719,263.7799987792969,343.7972106933594,593.4000244140625,78.00499725341797,305.0400085449219,263.94000244140625,343.9526062011719,593.7100219726562,78.05000305175781,26107,33103,27985,15118,35396
2026-08-14 10:58:00-04:00,305.1153869628906,263.79998779296875,343.69000244140625,593.3150024414062,77.95999908447266,305.127685546875,263.8500061035156,343.8900146484375,593.5449829101562,78.00980377197266,305.0199890136719,263.7749938964844,343.57000732421875,593.2000122070312,77.94999694824219,305.0450134277344,263.79998779296875,343.8500061035156,593.3800048828125,78.00980377197266,26152,38074,41150,13508,48230
2026-08-14 10:59:00-04:00,305.1600036621094,263.7349853515625,343.4700012207031,593.1099853515625,77.91999816894531,305.2099914550781,263.79998779296875,343.7099914550781,593.2750244140625,77.94999694824219,305.07000732421875,263.70001220703125,343.4700012207031,593.0499877929688,77.91000366210938,305.1199951171875,263.7799987792969,343.67999267578125,593.2000122070312,77.94999694824219,46855,42671,46444,16118,36130
2026-08-14 11:00:00-04:00,305.1099853515625,263.68499755859375,343.4399108886719,592.905029296875,77.94000244140625,305.22430419921875,263.760009765625,343.57000732421875,593.2249755859375,77.94999694824219,305.0386962890625,263.6257019042969,343.29998779296875,592.6799926757812,77.91500091552734,305.1600036621094,263.739990234375,343.5,593.1900024414062,77.93000030517578,53827,48513,34378,36728,22868
2026-08-14 11:01:00-04:00,305.17999267578125,263.5899963378906,343.2799987792969,592.760009765625,77.88999938964844,305.20989990234375,263.69989013671875,343.489990234375,593.0499877929688,77.95500183105469,305.1000061035156,263.4200134277344,343.20001220703125,592.5,77.86499786376953,305.114990234375,263.67999267578125,343.3966979980469,592.7600708007812,77.94999694824219,34243,77311,15736,19922,52685
2026-08-14 11:02:00-04:00,305.07000732421875,263.54998779296875,343.2781066894531,592.97998046875,77.87999725341797,305.2099914550781,263.6300048828125,343.30499267578125,593.22998046875,77.88009643554688,305.0,263.4800109863281,343.17999267578125,592.5999755859375,77.83999633789062,305.20001220703125,263.6199951171875,343.30499267578125,592.969970703125,77.87999725341797,35607,50796,49623,23006,39740
2026-08-14 11:03:00-04:00,305.2300109863281,263.6700134277344,343.3070068359375,593.010009765625,77.94999694824219,305.2300109863281,263.6700134277344,343.3599853515625,593.0449829101562,77.95999908447266,305.07501220703125,263.54998779296875,343.25,592.7000732421875,77.87349700927734,305.07501220703125,263.57000732421875,343.260009765625,592.97998046875,77.88999938964844,25984,29044,43357,12604,30242
2026-08-14 11:04:00-04:00,305.093994140625,263.66070556640625,343.51080322265625,593.6900024414062,77.96499633789062,305.239990234375,263.7528991699219,343.5400085449219,593.77001953125,77.9800033569336,305.05999755859375,263.614990234375,343.260009765625,592.989990234375,77.93000030517578,305.239990234375,263.67999267578125,343.32000732421875,593.0999755859375,77.94999694824219,25796,40333,24947,21053,29327
2026-08-14 11:05:00-04:00,305.20001220703125,263.8500061035156,343.5249938964844,594.3200073242188,77.98500061035156,305.25,263.8800048828125,343.6098937988281,594.4099731445312,77.98999786376953,305.0700988769531,263.6300048828125,343.4200134277344,593.6900024414062,77.96499633789062,305.0950012207031,263.67999267578125,343.5799865722656,593.7899780273438,77.97000122070312,22646,39285,17028,43482,56355
2026-08-14 11:06:00-04:00,304.9849853515625,263.7550048828125,343.4599914550781,593.5700073242188,77.88999938964844,305.17999267578125,263.92999267578125,343.5299987792969,594.22998046875,77.9800033569336,304.9800109863281,263.7200012207031,343.3999938964844,593.5,77.87000274658203,305.17999267578125,263.8599853515625,343.5299987792969,594.22998046875,77.9800033569336,32731,43589,13922,19477,42275
2026-08-14 11:07:00-04:00,304.7099914550781,263.7900085449219,343.31048583984375,593.719970703125,77.90979766845703,304.9849853515625,263.82000732421875,343.5,593.8800048828125,77.90979766845703,304.6499938964844,263.739990234375,343.31048583984375,593.594970703125,77.81999969482422,304.9700012207031,263.7749938964844,343.45001220703125,593.6699829101562,77.87999725341797,92556,26150,14684,7986,58464
2026-08-14 11:08:00-04:00,304.44000244140625,263.75,343.5199890136719,593.239990234375,77.875,304.70001220703125,263.9198913574219,343.5199890136719,593.9400024414062,77.94999694824219,304.4009094238281,263.69000244140625,343.30999755859375,593.125,77.87000274658203,304.68499755859375,263.7749938964844,343.3216857910156,593.719970703125,77.90010070800781,89923,38866,15408,13954,50635
2026-08-14 11:09:00-04:00,304.3500061035156,263.7300109863281,343.57110595703125,593.9000244140625,77.86710357666016,304.510009765625,263.7799987792969,343.6499938964844,594.0250244140625,77.88600158691406,304.3299865722656,263.614990234375,343.468994140625,593.29638671875,77.83000183105469,304.45001220703125,263.7250061035156,343.4800109863281,593.3599853515625,77.86000061035156,71010,47172,13372,18327,38815
2026-08-14 11:10:00-04:00,304.29998779296875,263.7049865722656,343.45001220703125,593.739990234375,77.91999816894531,304.468994140625,263.7900085449219,343.5799865722656,594.010009765625,77.95500183105469,304.29998779296875,263.68011474609375,343.4200134277344,593.4935913085938,77.8499984741211,304.3699951171875,263.7049865722656,343.54998779296875,593.8250122070312,77.86000061035156,47086,43604,11288,17905,65688
2026-08-14 11:11:00-04:00,304.489990234375,263.7300109863281,343.45001220703125,593.7150268554688,77.93499755859375,304.5039978027344,263.8349914550781,343.5199890136719,593.7999877929688,77.94000244140625,304.30450439453125,263.6650085449219,343.3612060546875,593.4400024414062,77.91000366210938,304.30999755859375,263.69000244140625,343.45001220703125,593.739990234375,77.91000366210938,58879,43328,18505,11231,34141
2026-08-14 11:12:00-04:00,304.5899963378906,263.68499755859375,343.42230224609375,593.4299926757812,77.95999908447266,304.6300048828125,263.7818908691406,343.4700012207031,593.89501953125,77.99500274658203,304.4700012207031,263.67498779296875,343.3700866699219,593.364990234375,77.93000030517578,304.5098876953125,263.739990234375,343.45001220703125,593.7999877929688,77.93499755859375,43737,43881,8264,7013,28535
2026-08-14 11:13:00-04:00,304.5400085449219,263.6499938964844,343.3599853515625,593.27001953125,77.95130157470703,304.6177978515625,263.7099914550781,343.44000244140625,593.4299926757812,77.96499633789062,304.44000244140625,263.6199951171875,343.3327941894531,593.030029296875,77.94000244140625,304.6000061035156,263.7049865722656,343.42999267578125,593.3685913085938,77.95999908447266,27367,31709,10872,16493,38744
2026-08-14 11:14:00-04:00,304.7200012207031,263.7250061035156,343.14801025390625,593.3900146484375,78.0,304.739990234375,263.7900085449219,343.3988037109375,593.530029296875,78.02999877929688,304.5328063964844,263.6400146484375,343.1474914550781,593.1201171875,77.93499755859375,304.5328063964844,263.6400146484375,343.3299865722656,593.27001953125,77.95999908447266,31460,38125,16857,11886,61104
2026-08-14 11:15:00-04:00,304.8349914550781,263.81988525390625,343.1000061035156,593.4650268554688,77.98500061035156,304.856201171875,263.8399963378906,343.1650085449219,593.52001953125,78.0,304.7200012207031,263.67999267578125,342.9106140136719,593.1599731445312,77.97000122070312,304.7401123046875,263.7099914550781,343.1506042480469,593.35498046875,78.0,33784,41814,48605,10786,34456
2026-08-14 11:16:00-04:00,304.9150085449219,263.6700134277344,342.831787109375,593.5499877929688,77.9801025390625,304.9200134277344,263.80999755859375,343.04998779296875,593.5999755859375,78.01000213623047,304.75,263.6700134277344,342.7804870605469,593.3175048828125,77.95999908447266,304.8349914550781,263.80999755859375,343.04998779296875,593.5499877929688,77.98500061035156,29835,27765,18298,4700,20569
2026-08-14 11:17:00-04:00,305.0899963378906,263.67529296875,342.93499755859375,593.7150268554688,77.96499633789062,305.1000061035156,263.79998779296875,343.114990234375,593.9600219726562,77.98999786376953,304.9100036621094,263.6600036621094,342.8299865722656,593.6099853515625,77.95500183105469,304.9100036621094,263.67999267578125,342.8699951171875,593.6099853515625,77.98500061035156,35300,36707,28818,10358,33130
2026-08-14 11:18:00-04:00,305.1300048828125,263.7550048828125,343.0799865722656,593.8300170898438,78.0250015258789,305.2099914550781,263.7799987792969,343.1000061035156,594.1199951171875,78.03949737548828,305.0199890136719,263.69000244140625,342.9551086425781,593.7000122070312,77.96499633789062,305.0899963378906,263.69000244140625,342.989990234375,593.719970703125,77.96499633789062,41181,31039,12994,27530,26059
2026-08-14 11:19:00-04:00,305.1650085449219,263.8299865722656,343.0400085449219,593.6849975585938,78.05999755859375,305.19000244140625,263.8299865722656,343.1000061035156,593.9299926757812,78.06999969482422,305.0249938964844,263.69000244140625,343.010009765625,593.6099853515625,78.00450134277344,305.1300048828125,263.7550048828125,343.0799865722656,593.9000244140625,78.02999877929688,20298,37628,20018,12771,32771
2026-08-14 11:20:00-04:00,305.260009765625,263.8240051269531,342.9849853515625,593.7050170898438,78.05999755859375,305.2799987792969,263.9599914550781,343.18951416015625,594.25,78.08360290527344,305.1549987792969,263.82000732421875,342.9638977050781,593.60009765625,78.02999877929688,305.1700134277344,263.8550109863281,343.07000732421875,593.60009765625,78.06999969482422,31705,41260,12233,26890,27767
2026-08-14 11:21:00-04:00,305.31500244140625,263.7749938964844,342.801513671875,593.5,78.03119659423828,305.4049987792969,263.875,343.0249938964844,593.8474731445312,78.05999755859375,305.19000244140625,263.7250061035156,342.7799987792969,593.4400024414062,78.01000213623047,305.260009765625,263.82000732421875,342.9849853515625,593.6699829101562,78.05400085449219,41512,33096,14371,10192,35365
2026-08-14 11:22:00-04:00,305.54998779296875,263.8143005371094,342.9150085449219,593.614990234375,78.08499908447266,305.6000061035156,263.885009765625,342.9700012207031,593.6699829101562,78.08499908447266,305.2900085449219,263.739990234375,342.69000244140625,593.239990234375,78.0199966430664,305.30999755859375,263.7699890136719,342.7699890136719,593.52001953125,78.03500366210938,61561,34780,22989,14224,24052
2026-08-14 11:23:00-04:00,305.5740051269531,263.92999267578125,343.1424865722656,593.8900146484375,78.12999725341797,305.6600036621094,263.95001220703125,343.2200012207031,593.9146728515625,78.13999938964844,305.5400085449219,263.80999755859375,342.95001220703125,593.5900268554688,78.05999755859375,305.5622863769531,263.8299865722656,342.95001220703125,593.614990234375,78.08920288085938,44048,48380,15672,5980,53474
2026-08-14 11:24:00-04:00,305.75,263.94000244140625,343.260009765625,593.8822021484375,78.1050033569336,305.80999755859375,264.0400085449219,343.3299865722656,594.3300170898438,78.17990112304688,305.4599914550781,263.8900146484375,343.0299987792969,593.8822021484375,78.0999984741211,305.55999755859375,263.92999267578125,343.0899963378906,593.9199829101562,78.12999725341797,99738,48939,17865,20924,88837
2026-08-14 11:25:00-04:00,305.8367004394531,263.8879089355469,343.2300109863281,593.9099731445312,78.17019653320312,305.8370056152344,263.9800109863281,343.3299865722656,594.4400024414062,78.18000030517578,305.6199951171875,263.8800048828125,343.1850891113281,593.905029296875,78.08999633789062,305.7449951171875,263.9100036621094,343.25,593.9791870117188,78.1050033569336,72101,54411,17569,13268,49205
2026-08-14 11:26:00-04:00,305.8800048828125,264.2200012207031,343.1600036621094,594.0250244140625,78.2750015258789,305.9049987792969,264.2300109863281,343.3299865722656,594.3250122070312,78.2750015258789,305.80499267578125,263.8550109863281,343.09228515625,593.8967895507812,78.16999816894531,305.8500061035156,263.8800048828125,343.19500732421875,593.9998779296875,78.17500305175781,72583,135461,20356,14047,91908
2026-08-14 11:27:00-04:00,305.93499755859375,263.94000244140625,343.07000732421875,592.7249755859375,78.1500015258789,305.9549865722656,264.2300109863281,343.2250061035156,594.239990234375,78.27999877929688,305.8299865722656,263.94000244140625,343.04998779296875,592.5999755859375,78.1500015258789,305.8699951171875,264.2300109863281,343.17999267578125,594.0700073242188,78.2750015258789,74849,41868,19477,87671,42678
2026-08-14 11:28:00-04:00,305.64678955078125,263.8349914550781,342.7900085449219,592.60498046875,78.11000061035156,305.95989990234375,263.9399108886719,343.05999755859375,593.1300048828125,78.1500015258789,305.6300048828125,263.8299865722656,342.7850036621094,591.9000244140625,78.0999984741211,305.9446105957031,263.8800048828125,343.04998779296875,592.72998046875,78.13999938964844,97946,67440,25704,51488,35137
2026-08-14 11:29:00-04:00,305.53289794921875,263.67999267578125,342.95001220703125,593.1599731445312,78.11499786376953,305.7149963378906,263.94500732421875,342.9800109863281,593.239990234375,78.12000274658203,305.489990234375,263.6499938964844,342.5899963378906,592.4000244140625,78.08999633789062,305.6549987792969,263.8299865722656,342.7998962402344,592.60498046875,78.12000274658203,46579,48351,44081,32193,75485
2026-08-14 11:30:00-04:00,305.5050048828125,263.6995849609375,342.8334045410156,592.9849853515625,78.0999984741211,305.66790771484375,263.80999755859375,342.962890625,593.3599853515625,78.13999938964844,305.4150085449219,263.6278991699219,342.79998779296875,592.9000244140625,78.06999969482422,305.5450134277344,263.6700134277344,342.9200134277344,592.9949951171875,78.11499786376953,38497,36359,31022,14994,41446
2026-08-14 11:31:00-04:00,305.55999755859375,263.3999938964844,342.6300048828125,593.1199951171875,78.09500122070312,305.6199951171875,263.69000244140625,342.8800048828125,593.280029296875,78.12999725341797,305.4700012207031,263.3500061035156,342.6300048828125,592.8699951171875,78.08999633789062,305.5299987792969,263.67999267578125,342.8428955078125,592.9520874023438,78.10009765625,29772,82146,13325,17724,22630
2026-08-14 11:32:00-04:00,305.6099853515625,263.5,342.6300048828125,593.219970703125,78.1050033569336,305.6300048828125,263.659912109375,342.70001220703125,593.5,78.11000061035156,305.5400085449219,263.3800048828125,342.50738525390625,593.010009765625,78.08000183105469,305.55999755859375,263.4200134277344,342.6199951171875,593.135009765625,78.11000061035156,15602,65007,43551,9120,38354
2026-08-14 11:33:00-04:00,305.6942138671875,263.510009765625,342.4700012207031,593.0850219726562,78.11949920654297,305.70001220703125,263.5350036621094,342.6400146484375,593.1875,78.12000274658203,305.510009765625,263.37060546875,342.4700012207031,592.8101196289062,78.08499908447266,305.6099853515625,263.4849853515625,342.5799865722656,593.0999755859375,78.0999984741211,32391,45268,20607,14500,26027
2026-08-14 11:34:00-04:00,305.7749938964844,263.6600036621094,342.57000732421875,593.3599853515625,78.125,305.7900085449219,263.8299865722656,342.6499938964844,593.8099975585938,78.1449966430664,305.6700134277344,263.510009765625,342.3999938964844,593.0850219726562,78.11499786376953,305.68499755859375,263.5199890136719,342.4800109863281,593.0850219726562,78.11499786376953,30563,68663,27507,9929,56787
2026-08-14 11:35:00-04:00,305.7950134277344,263.8399963378906,342.70001220703125,594.0,78.17500305175781,305.8500061035156,263.889892578125,342.7200012207031,594.0,78.18000030517578,305.7200012207031,263.6300048828125,342.5400085449219,593.27001953125,78.11499786376953,305.760009765625,263.635009765625,342.55999755859375,593.27001953125,78.125,34080,107765,22803,22079,25753
2026-08-14 11:36:00-04:00,305.67999267578125,263.7250061035156,342.7850036621094,593.3599853515625,78.18499755859375,305.8299865722656,263.9599914550781,342.8699951171875,594.0800170898438,78.19000244140625,305.67999267578125,263.7099914550781,342.70001220703125,593.3599853515625,78.1500015258789,305.8299865722656,263.864990234375,342.7099914550781,593.8699951171875,78.19000244140625,29823,33307,30735,9473,30768
2026-08-14 11:37:00-04:00,305.6900939941406,263.6700134277344,342.760009765625,593.6400146484375,78.21620178222656,305.7620849609375,263.7398986816406,342.82000732421875,593.7050170898438,78.21990203857422,305.614990234375,263.6000061035156,342.65008544921875,593.2249755859375,78.18000030517578,305.6700134277344,263.7300109863281,342.760009765625,593.364990234375,78.18499755859375,38234,33601,14392,11560,38222
2026-08-14 11:38:00-04:00,305.8500061035156,263.7301025390625,342.8800048828125,593.77001953125,78.21499633789062,305.8659973144531,263.7900085449219,342.8900146484375,593.7899780273438,78.25,305.656494140625,263.68499755859375,342.75,593.2899780273438,78.19999694824219,305.69000244140625,263.7099914550781,342.79998779296875,593.7899780273438,78.21499633789062,37775,15070,21455,12829,51784
2026-08-14 11:39:00-04:00,305.7900085449219,263.7799987792969,342.79998779296875,593.4650268554688,78.24500274658203,305.87921142578125,263.94000244140625,342.9761962890625,593.77001953125,78.25,305.7699890136719,263.7434997558594,342.79998779296875,593.4650268554688,78.19999694824219,305.8699951171875,263.760009765625,342.8800048828125,593.6400146484375,78.20999908447266,29094,33973,18677,8241,28811
2026-08-14 11:40:00-04:00,305.8299865722656,263.80499267578125,342.8999938964844,594.3914184570312,78.2699966430664,305.91680908203125,263.8599853515625,342.92999267578125,594.4799194335938,78.30500030517578,305.75,263.739990234375,342.7900085449219,593.4299926757812,78.24500274658203,305.7799987792969,263.7850036621094,342.82000732421875,593.510009765625,78.25,34180,35907,9594,21501,35699
2026-08-14 11:41:00-04:00,305.739990234375,263.8800048828125,342.80999755859375,594.5,78.2698974609375,305.8629150390625,263.8800048828125,342.92999267578125,594.6699829101562,78.27999877929688,305.69000244140625,263.6700134277344,342.7200012207031,594.1400146484375,78.25,305.8251037597656,263.80999755859375,342.8900146484375,594.3005981445312,78.26000213623047,35539,30847,25494,10736,24264
2026-08-14 11:42:00-04:00,305.7200012207031,263.79998779296875,342.75,594.594970703125,78.29499816894531,305.79998779296875,263.8800048828125,342.8399963378906,594.919189453125,78.30999755859375,305.65179443359375,263.7349853515625,342.69000244140625,594.219970703125,78.2699966430664,305.7699890136719,263.8699951171875,342.79998779296875,594.5999755859375,78.2699966430664,28936,21139,16012,22021,32915
2026-08-14 11:43:00-04:00,305.7149963378906,263.8800048828125,342.8799133300781,594.2949829101562,78.33499908447266,305.7699890136719,263.8900146484375,342.8974914550781,594.594970703125,78.33499908447266,305.6499938964844,263.7904968261719,342.739990234375,594.1699829101562,78.29000091552734,305.70001220703125,263.82000732421875,342.75,594.594970703125,78.29499816894531,34272,34706,15826,12561,39743
2026-08-14 11:44:00-04:00,305.7250061035156,263.9200134277344,342.94000244140625,594.72998046875,78.26499938964844,305.80999755859375,264.1000061035156,343.0199890136719,594.72998046875,78.35980224609375,305.70001220703125,263.875,342.8550109863281,594.2401123046875,78.26499938964844,305.7200012207031,263.875,342.8550109863281,594.344970703125,78.33000183105469,30260,63508,24931,10258,35618
2026-08-14 11:45:00-04:00,305.7950134277344,263.94500732421875,343.0400085449219,594.8699951171875,78.26499938964844,305.8299865722656,263.9800109863281,343.1177062988281,594.969970703125,78.27999877929688,305.7099914550781,263.8900146484375,342.8399963378906,594.69189453125,78.26000213623047,305.7300109863281,263.94000244140625,342.95001220703125,594.969970703125,78.27999877929688,24890,24496,16245,15275,14608
2026-08-14 11:46:00-04:00,305.80010986328125,263.9750061035156,342.8699951171875,594.7000122070312,78.25499725341797,305.8299865722656,264.0398864746094,343.0899963378906,595.0900268554688,78.26499938964844,305.739990234375,263.9100036621094,342.760009765625,594.530029296875,78.2300033569336,305.7950134277344,263.9352111816406,343.0899963378906,594.875,78.26499938964844,23505,21666,10601,13487,39248
2026-08-14 11:47:00-04:00,305.7900085449219,263.79998779296875,342.7679138183594,594.4550170898438,78.23500061035156,305.82000732421875,263.9750061035156,342.9100036621094,594.8925170898438,78.26000213623047,305.7300109863281,263.79998779296875,342.7630920410156,594.4500122070312,78.2300033569336,305.79998779296875,263.9750061035156,342.9046936035156,594.7000122070312,78.25,20138,39247,5613,12727,22502
2026-08-14 11:48:00-04:00,305.760009765625,263.7449951171875,342.760009765625,594.4550170898438,78.30999755859375,305.82000732421875,263.83990478515625,342.8475036621094,594.5010986328125,78.30999755859375,305.7300109863281,263.6499938964844,342.7149963378906,594.1600952148438,78.23999786376953,305.7699890136719,263.7850036621094,342.7650146484375,594.5010986328125,78.23999786376953,19893,44715,24124,13454,30243
2026-08-14 11:49:00-04:00,305.6700134277344,263.760009765625,342.7650146484375,594.4749755859375,78.29000091552734,305.7598876953125,263.80999755859375,342.79998779296875,594.7000122070312,78.30999755859375,305.6700134277344,263.7099914550781,342.6600036621094,594.4400024414062,78.27010345458984,305.739990234375,263.7449951171875,342.75,594.5499877929688,78.30500030517578,35307,22600,18263,10114,30817
2026-08-14 11:50:00-04:00,305.7300109863281,263.7550048828125,342.80999755859375,594.489990234375,78.27999877929688,305.7300109863281,263.7699890136719,342.82000732421875,594.5,78.29979705810547,305.6200866699219,263.70001220703125,342.69000244140625,594.0800170898438,78.24500274658203,305.6600036621094,263.7300109863281,342.7650146484375,594.4099731445312,78.29979705810547,26463,27302,10224,22195,33020
2026-08-14 11:51:00-04:00,305.7550048828125,263.6650085449219,342.82000732421875,594.3900146484375,78.27999877929688,305.7898864746094,263.79998779296875,342.8800048828125,594.489990234375,78.33000183105469,305.7200012207031,263.6300048828125,342.7701110839844,594.219970703125,78.27999877929688,305.7349853515625,263.760009765625,342.82000732421875,594.4099731445312,78.29499816894531,23377,33016,7503,3928,33421
2026-08-14 11:52:00-04:00,305.70001220703125,263.625,342.75,594.5150146484375,78.2300033569336,305.760009765625,263.7200012207031,342.8699035644531,594.52001953125,78.28990173339844,305.69000244140625,263.5799865722656,342.6600036621094,594.2899780273438,78.2300033569336,305.75,263.6697998046875,342.82000732421875,594.3499755859375,78.2750015258789,20931,40942,30484,6397,1527839
2026-08-14 11:53:00-04:00,305.68499755859375,263.6600036621094,342.8699951171875,594.6799926757812,78.29000091552734,305.6899108886719,263.6600036621094,342.8699951171875,594.7899780273438,78.29000091552734,305.5799865722656,263.55999755859375,342.6744079589844,594.4400024414062,78.22000122070312,305.6700134277344,263.6199951171875,342.760009765625,594.52001953125,78.22000122070312,21691,20592,11491,6239,27208
2026-08-14 11:54:00-04:00,305.67498779296875,263.7449951171875,343.0570068359375,594.7454223632812,78.29000091552734,305.7349853515625,263.8099060058594,343.0849914550781,594.8594970703125,78.30999755859375,305.6449890136719,263.6650085449219,342.86810302734375,594.6300048828125,78.27999877929688,305.67999267578125,263.6700134277344,342.8699951171875,594.7100219726562,78.29499816894531,21110,46740,11270,9011,28990
2026-08-14 11:55:00-04:00,305.7213134765625,263.7099914550781,342.95001220703125,594.5700073242188,78.20999908447266,305.7398986816406,263.7698974609375,343.07000732421875,594.7999877929688,78.28500366210938,305.625,263.6549987792969,342.92999267578125,594.280029296875,78.20999908447266,305.67999267578125,263.75,343.04998779296875,594.6950073242188,78.28500366210938,30973,28836,8655,13838,22636
2026-08-14 11:56:00-04:00,305.739013671875,263.7300109863281,342.94000244140625,594.364990234375,78.23500061035156,305.739990234375,263.739990234375,342.96270751953125,594.5999755859375,78.25,305.67999267578125,263.6650085449219,342.8804931640625,594.0900268554688,78.20999908447266,305.7099914550781,263.67999267578125,342.9549865722656,594.5999755859375,78.20999908447266,20470,12240,4480,7751,24843
2026-08-14 11:57:00-04:00,305.5950012207031,263.8900146484375,342.9671936035156,594.3699951171875,78.2249984741211,305.7200012207031,263.8900146484375,342.9800109863281,594.4199829101562,78.23999786376953,305.55999755859375,263.630615234375,342.87060546875,594.219970703125,78.19999694824219,305.7200012207031,263.69000244140625,342.92999267578125,594.2849731445312,78.23500061035156,23211,30715,8683,3946,21421
2026-08-14 11:58:00-04:00,305.6449890136719,264.02349853515625,343.0450134277344,594.4849853515625,78.22000122070312,305.6499938964844,264.02349853515625,343.1499938964844,594.75,78.2699966430664,305.5249938964844,263.8699951171875,342.9599914550781,594.3699951171875,78.22000122070312,305.5950012207031,263.8999938964844,342.9775085449219,594.3699951171875,78.2249984741211,27235,25994,12694,5652,22629
2026-08-14 11:59:00-04:00,305.6650085449219,263.9800109863281,343.010009765625,594.6099853515625,78.25499725341797,305.7099914550781,264.1300048828125,343.1099853515625,594.635009765625,78.26000213623047,305.590087890625,263.9800109863281,342.9949951171875,594.469970703125,78.16999816894531,305.6300048828125,264.0799865722656,343.0201110839844,594.5999755859375,78.21499633789062,39995,33326,17762,6428,54774
2026-08-14 12:00:00-04:00,305.6700134277344,264.0849914550781,343.010009765625,594.64501953125,78.26499938964844,305.7099914550781,264.1199951171875,343.0899963378906,594.719970703125,78.31999969482422,305.6099853515625,263.9700012207031,342.9211120605469,594.469970703125,78.2594985961914,305.6400146484375,264.04998779296875,343.05999755859375,594.6400146484375,78.2594985961914,28696,24844,9529,4902,43953
2026-08-14 12:01:00-04:00,305.55999755859375,263.8796081542969,342.8699951171875,593.9149780273438,78.2822036743164,305.69000244140625,264.1199951171875,342.9997863769531,594.5599975585938,78.29000091552734,305.5299987792969,263.8550109863281,342.8699951171875,593.89501953125,78.25,305.67041015625,264.0849914550781,342.9997863769531,594.5599975585938,78.26000213623047,31367,18877,8816,16611,34583
2026-08-14 12:02:00-04:00,305.55999755859375,263.80999755859375,342.8529052734375,593.8400268554688,78.29499816894531,305.5899963378906,263.94000244140625,342.9599914550781,593.9699096679688,78.30750274658203,305.5299987792969,263.79998779296875,342.80999755859375,593.77001953125,78.27999877929688,305.55999755859375,263.909912109375,342.8699951171875,593.9699096679688,78.27999877929688,20235,20124,8052,8091,20086
2026-08-14 12:03:00-04:00,305.6300048828125,263.9700012207031,342.864990234375,593.72998046875,78.21499633789062,305.6600036621094,263.9700012207031,342.8800048828125,593.75,78.30000305175781,305.44000244140625,263.7799987792969,342.79998779296875,593.4500122070312,78.21260070800781,305.54998779296875,263.79998779296875,342.82000732421875,593.75,78.29000091552734,39221,18005,8562,16271,38471
2026-08-14 12:04:00-04:00,305.57000732421875,263.8699951171875,342.7900085449219,593.625,78.19999694824219,305.6700134277344,263.96551513671875,342.9100036621094,593.8175048828125,78.24500274658203,305.5299987792969,263.8299865722656,342.7900085449219,593.4099731445312,78.19499969482422,305.635009765625,263.9599914550781,342.864990234375,593.8175048828125,78.21520233154297,19131,20636,6107,23717,41260
2026-08-14 12:05:00-04:00,305.5557861328125,264.0,342.875,593.4550170898438,78.22000122070312,305.6242980957031,264.0,342.9848937988281,593.6300048828125,78.23999786376953,305.5400085449219,263.8399963378906,342.8349914550781,593.239990234375,78.197998046875,305.57000732421875,263.8670959472656,342.8800048828125,593.5599975585938,78.21160125732422,17525,17233,5852,10547,33358
2026-08-14 12:06:00-04:00,305.41558837890625,264.0400085449219,342.75,592.9299926757812,78.19000244140625,305.54998779296875,264.0799865722656,342.8598937988281,593.47998046875,78.2300033569336,305.3399963378906,263.9800109863281,342.68011474609375,592.8499755859375,78.19000244140625,305.54998779296875,264.0199890136719,342.8450927734375,593.47998046875,78.20999908447266,46036,15453,11241,18464,25191
2026-08-14 12:07:00-04:00,305.3500061035156,263.95001220703125,342.75,593.4099731445312,78.20999908447266,305.4700012207031,264.1075134277344,342.82000732421875,593.4099731445312,78.2249984741211,305.3349914550781,263.95001220703125,342.6499938964844,592.8599853515625,78.18000030517578,305.4100036621094,264.04998779296875,342.760009765625,592.9215698242188,78.18499755859375,26307,22989,16920,14812,99480
2026-08-14 12:08:00-04:00,305.40509033203125,264.0299987792969,342.67999267578125,592.97998046875,78.20999908447266,305.40509033203125,264.0299987792969,342.7699890136719,593.4089965820312,78.20999908447266,305.34991455078125,263.93499755859375,342.6199951171875,592.8499755859375,78.16999816894531,305.364990234375,263.93499755859375,342.7275085449219,593.2999877929688,78.19000244140625,21227,19074,10972,35277,30661
2026-08-14 12:09:00-04:00,305.3299865722656,263.9599914550781,342.70001220703125,593.1599731445312,78.25990295410156,305.4150085449219,264.081298828125,342.7099914550781,593.2371215820312,78.25990295410156,305.260009765625,263.92999267578125,342.55999755859375,592.9500122070312,78.20999908447266,305.4100036621094,264.0799865722656,342.7099914550781,593.02001953125,78.22000122070312,18620,24127,10107,9403,27338
2026-08-14 12:10:00-04:00,305.2900085449219,264.05010986328125,342.7300109863281,593.5700073242188,78.2699966430664,305.34149169921875,264.0599060058594,342.74468994140625,593.5999145507812,78.28500366210938,305.2250061035156,263.9599914550781,342.6300048828125,593.0999755859375,78.23999786376953,305.3399963378906,263.9599914550781,342.7099914550781,593.1099853515625,78.25499725341797,22637,22740,12606,11085,42630
2026-08-14 12:11:00-04:00,305.2601013183594,264.0849914550781,342.5360107421875,593.6467895507812,78.36000061035156,305.31500244140625,264.1000061035156,342.75,593.6500244140625,78.37000274658203,305.2200012207031,264.0299987792969,342.5199890136719,593.4199829101562,78.27999877929688,305.29998779296875,264.0732116699219,342.74951171875,593.4450073242188,78.28510284423828,16809,26214,9595,12690,67142
2026-08-14 12:12:00-04:00,305.2699890136719,263.94000244140625,342.5299987792969,593.47998046875,78.375,305.2876892089844,264.0899963378906,342.5928955078125,593.594970703125,78.38999938964844,305.2099914550781,263.92498779296875,342.5,593.306884765625,78.3499984741211,305.2699890136719,264.07000732421875,342.5350036621094,593.594970703125,78.36499786376953,19807,19275,18065,6977,36955
2026-08-14 12:13:00-04:00,305.260009765625,263.875,342.4100036621094,593.6300048828125,78.36000061035156,305.29998779296875,263.94000244140625,342.55999755859375,593.6699829101562,78.3949966430664,305.2300109863281,263.8699951171875,342.3999938964844,593.3800048828125,78.3499984741211,305.2650146484375,263.94000244140625,342.5299987792969,593.3900146484375,78.37000274658203,19605,16305,9836,15523,62543
2026-08-14 12:14:00-04:00,305.25,263.99749755859375,342.6199951171875,593.8699951171875,78.41999816894531,305.30010986328125,264.010009765625,342.67999267578125,593.9299926757812,78.41999816894531,305.20001220703125,263.8599853515625,342.4599914550781,593.5700073242188,78.3550033569336,305.2699890136719,263.8999938964844,342.4599914550781,593.5700073242188,78.36000061035156,18895,18601,38417,12086,36636
2026-08-14 12:15:00-04:00,305.2550048828125,263.989990234375,342.6199951171875,593.469970703125,78.35820007324219,305.29998779296875,264.0150146484375,342.70001220703125,593.8699951171875,78.41000366210938,305.239990234375,263.9049987792969,342.57000732421875,593.3400268554688,78.3499984741211,305.2699890136719,263.9800109863281,342.6199951171875,593.77001953125,78.41000366210938,16537,14577,16392,8745,56718
2026-08-14 12:16:00-04:00,305.3399963378906,263.8999938964844,342.55499267578125,593.2100219726562,78.34500122070312,305.3399963378906,263.9800109863281,342.6499938964844,593.4199829101562,78.36499786376953,305.2300109863281,263.8999938964844,342.510009765625,593.1799926757812,78.33270263671875,305.25,263.9700927734375,342.6499938964844,593.4199829101562,78.35990142822266,25062,25727,11443,8031,27710
2026-08-14 12:17:00-04:00,305.2900085449219,263.8800048828125,342.6700134277344,592.6649780273438,78.31999969482422,305.3500061035156,263.9200134277344,342.6700134277344,593.2000122070312,78.34500122070312,305.2099914550781,263.8500061035156,342.4789123535156,592.6334838867188,78.27999877929688,305.3399963378906,263.8900146484375,342.5299987792969,593.1400146484375,78.33999633789062,22932,17127,9824,10976,33688
2026-08-14 12:18:00-04:00,305.2699890136719,263.9100036621094,342.739990234375,592.4298706054688,78.34500122070312,305.3099060058594,263.95001220703125,342.8699951171875,592.8499755859375,78.36000061035156,305.25,263.885009765625,342.6400146484375,592.2449951171875,78.31999969482422,305.29998779296875,263.8900146484375,342.6499938964844,592.719970703125,78.33000183105469,20591,23003,11979,18071,31758
2026-08-14 12:19:00-04:00,305.0799865722656,263.8497009277344,342.7200012207031,592.219970703125,78.375,305.2850036621094,263.92999267578125,342.7799987792969,592.419921875,78.375,305.0350036621094,263.8146057128906,342.6770935058594,591.7000122070312,78.33000183105469,305.2799072265625,263.9049987792969,342.7349853515625,592.419921875,78.3499984741211,38358,30245,11422,22123,41022
2026-08-14 12:20:00-04:00,305.0,263.80999755859375,342.777099609375,592.2999877929688,78.33000183105469,305.1400146484375,263.8699951171875,342.7799072265625,592.369873046875,78.375,304.9700012207031,263.80999755859375,342.6600036621094,591.9949951171875,78.31999969482422,305.0841979980469,263.8299865722656,342.739990234375,592.1099853515625,78.37000274658203,49488,32876,10038,9696,47330
2026-08-14 12:21:00-04:00,305.0899963378906,263.8299865722656,342.8418884277344,592.1099853515625,78.2698974609375,305.1000061035156,263.8900146484375,342.8418884277344,592.4400024414062,78.33999633789062,305.010009765625,263.8100891113281,342.70001220703125,592.1099853515625,78.26029968261719,305.010009765625,263.8100891113281,342.7691955566406,592.1799926757812,78.33000183105469,30467,21190,12913,11606,35705
2026-08-14 12:22:00-04:00,305.1199951171875,263.8699951171875,342.93499755859375,592.0599975585938,78.29000091552734,305.139404296875,263.8900146484375,342.989990234375,592.2899780273438,78.30000305175781,305.04998779296875,263.80499267578125,342.7900085449219,591.9000244140625,78.2300033569336,305.0799865722656,263.82000732421875,342.8489990234375,592.2098999023438,78.26000213623047,23692,17613,19713,10724,66265
2026-08-14 12:23:00-04:00,305.1000061035156,263.8999938964844,342.9800109863281,591.9249877929688,78.26000213623047,305.1099853515625,263.93499755859375,343.1099853515625,592.280029296875,78.30500030517578,305.0400085449219,263.8599853515625,342.8800048828125,591.8963012695312,78.23999786376953,305.1000061035156,263.8599853515625,342.9100036621094,592.0,78.29000091552734,33142,23322,18586,7725,51216
2026-08-14 12:24:00-04:00,305.1300964355469,263.8667907714844,342.885009765625,592.0499877929688,78.22000122070312,305.19000244140625,263.8999938964844,343.0599060058594,592.1300048828125,78.2699966430664,305.0849914550781,263.8299865722656,342.8634033203125,591.9099731445312,78.20010375976562,305.0899963378906,263.8999938964844,343.0,592.0299072265625,78.2699966430664,20131,21643,13511,5816,33523
2026-08-14 12:25:00-04:00,305.12200927734375,263.94500732421875,342.8399963378906,592.02001953125,78.19999694824219,305.1650085449219,263.95001220703125,342.9399108886719,592.0499877929688,78.2750015258789,305.10009765625,263.8699951171875,342.80999755859375,591.9000244140625,78.19999694824219,305.1400146484375,263.875,342.8999938964844,592.0499877929688,78.22000122070312,24461,19983,14189,8990,53583
2026-08-14 12:26:00-04:00,305.25,263.9599914550781,342.8999938964844,592.2000122070312,78.26000213623047,305.25,263.9700012207031,342.8999938964844,592.2000122070312,78.29000091552734,305.125,263.92999267578125,342.80999755859375,591.9000244140625,78.18499755859375,305.125,263.9302062988281,342.8349914550781,592.02001953125,78.20500183105469,29415,42105,5336,9595,63475
2026-08-14 12:27:00-04:00,305.2799987792969,264.1449890136719,342.95001220703125,592.155029296875,78.25,305.2900085449219,264.1700134277344,342.9599914550781,592.280029296875,78.2699966430664,305.2200012207031,263.9599914550781,342.8299865722656,591.9199829101562,78.22000122070312,305.260009765625,263.9700012207031,342.8949890136719,592.280029296875,78.25499725341797,30387,23758,38108,6534,44374
2026-08-14 12:28:00-04:00,305.40509033203125,264.25,342.9649963378906,592.3900146484375,78.2750015258789,305.4100036621094,264.29998779296875,343.07501220703125,592.469970703125,78.27999877929688,305.260009765625,264.1600036621094,342.95001220703125,592.0,78.25,305.2799987792969,264.1600036621094,342.95001220703125,592.0999755859375,78.25980377197266,34067,46367,12926,22083,35620
2026-08-14 12:29:00-04:00,305.44500732421875,264.3450012207031,342.8399963378906,592.260009765625,78.26499938964844,305.4700012207031,264.3500061035156,342.92999267578125,592.5599975585938,78.29000091552734,305.3500061035156,264.22601318359375,342.80999755859375,592.1199951171875,78.26000213623047,305.4100036621094,264.2401123046875,342.92498779296875,592.3900146484375,78.27999877929688,32243,26460,9651,14622,22927
2026-08-14 12:30:00-04:00,305.44000244140625,264.32501220703125,342.8747863769531,592.405029296875,78.2249984741211,305.5,264.44000244140625,342.9200134277344,592.4600219726562,78.27989959716797,305.3800048828125,264.2900085449219,342.8299865722656,592.2949829101562,78.20999908447266,305.44500732421875,264.3500061035156,342.8387145996094,592.2949829101562,78.26000213623047,30114,42628,9169,9966,32067
2026-08-14 12:31:00-04:00,305.3900146484375,264.2412109375,342.79010009765625,591.989990234375,78.25579833984375,305.44500732421875,264.3399963378906,342.85650634765625,592.4000244140625,78.2699966430664,305.3599853515625,264.1405029296875,342.7200012207031,591.989990234375,78.21499633789062,305.44500732421875,264.32501220703125,342.8299865722656,592.4000244140625,78.2249984741211,27527,30138,14681,9264,27403
2026-08-14 12:32:00-04:00,305.44000244140625,264.17999267578125,342.8500061035156,591.8599853515625,78.2699966430664,305.45001220703125,264.25860595703125,342.9200134277344,592.1300048828125,78.28780364990234,305.2900085449219,264.1600036621094,342.79998779296875,591.8101196289062,78.25,305.3900146484375,264.2300109863281,342.79998779296875,591.969970703125,78.26000213623047,41007,27619,10601,12524,33031
2026-08-14 12:33:00-04:00,305.3999938964844,264.1000061035156,342.739990234375,592.0299072265625,78.2699966430664,305.4800109863281,264.2200012207031,342.9150085449219,592.219970703125,78.29000091552734,305.3999938964844,264.07501220703125,342.7200012207031,591.7999877929688,78.26000213623047,305.44000244140625,264.1700134277344,342.8299865722656,591.7999877929688,78.2699966430664,18589,29042,5340,11276,43230
2026-08-14 12:34:00-04:00,305.2850036621094,264.1000061035156,342.67498779296875,591.70849609375,78.26499938964844,305.40008544921875,264.1499938964844,342.7298889160156,591.9400024414062,78.29000091552734,305.2300109863281,264.0899963378906,342.6099853515625,591.57421875,78.23999786376953,305.40008544921875,264.0899963378906,342.7200012207031,591.9400024414062,78.27989959716797,37311,23759,9102,12724,35217
2026-08-14 12:35:00-04:00,305.1877136230469,264.0799865722656,342.6499938964844,591.9199829101562,78.2249984741211,305.3299865722656,264.1499938964844,342.7200012207031,591.97998046875,78.26499938964844,305.1650085449219,264.0350036621094,342.57000732421875,591.5200805664062,78.22000122070312,305.2850036621094,264.1050109863281,342.69000244140625,591.6749877929688,78.26499938964844,23521,24851,20447,13887,28666
2026-08-14 12:36:00-04:00,305.2699890136719,264.1700134277344,342.7300109863281,591.75,78.17949676513672,305.273193359375,264.1700134277344,342.75,591.85498046875,78.2300033569336,305.18499755859375,264.05999755859375,342.6199951171875,591.6799926757812,78.17030334472656,305.19000244140625,264.05999755859375,342.6400146484375,591.85498046875,78.22000122070312,17934,14569,6788,4110,39057
2026-08-14 12:37:00-04:00,305.3299865722656,264.18829345703125,342.8599853515625,591.6099853515625,78.1449966430664,305.3500061035156,264.2200012207031,342.8699951171875,591.8099975585938,78.19000244140625,305.25,264.1300048828125,342.69000244140625,591.6099853515625,78.12000274658203,305.25579833984375,264.16009521484375,342.75,591.75,78.18000030517578,25450,23153,10551,7687,40323
2026-08-14 12:38:00-04:00,305.3299865722656,264.2300109863281,342.7900085449219,591.7899780273438,78.16000366210938,305.4200134277344,264.2699890136719,342.8800048828125,591.9086303710938,78.16999816894531,305.30999755859375,264.19000244140625,342.7900085449219,591.7470703125,78.12999725341797,305.3299865722656,264.19000244140625,342.8728942871094,591.7999877929688,78.15499877929688,23074,19590,8082,4543,25392
2026-08-14 12:39:00-04:00,305.4100036621094,264.2699890136719,342.79998779296875,591.9000244140625,78.26000213623047,305.4200134277344,264.29998779296875,342.9049987792969,591.9299926757812,78.26000213623047,305.32000732421875,264.17999267578125,342.7850036621094,591.60498046875,78.13999938964844,305.3450012207031,264.239990234375,342.7850036621094,591.760009765625,78.15499877929688,20258,22681,11757,13683,76475
2026-08-14 12:40:00-04:00,305.2200012207031,264.2200012207031,342.8500061035156,591.844970703125,78.26000213623047,305.3999938964844,264.3349914550781,342.8599853515625,592.1090087890625,78.2750015258789,305.19000244140625,264.2200012207031,342.7900085449219,591.5700073242188,78.2300033569336,305.3999938964844,264.32000732421875,342.8399963378906,591.9000244140625,78.26499938964844,26852,23033,8006,17587,28733
2026-08-14 12:41:00-04:00,305.2499084472656,264.2101135253906,342.7900085449219,592.22998046875,78.2750015258789,305.2698974609375,264.239990234375,342.8599853515625,592.22998046875,78.29000091552734,305.1700134277344,264.1300048828125,342.7200012207031,591.8499755859375,78.25,305.2200012207031,264.2250061035156,342.8500061035156,591.9000244140625,78.26000213623047,22312,29707,8294,17852,16008
2026-08-14 12:42:00-04:00,305.31500244140625,264.2742919921875,342.81500244140625,592.0999755859375,78.28500366210938,305.32000732421875,264.2742919921875,342.8500061035156,592.1599731445312,78.29000091552734,305.2301025390625,264.2099914550781,342.760009765625,592.0499877929688,78.26899719238281,305.2500915527344,264.2099914550781,342.82000732421875,592.1199951171875,78.2699966430664,12303,16363,5067,9187,23484
2026-08-14 12:43:00-04:00,305.3500061035156,264.19000244140625,342.8605041503906,592.0800170898438,78.30000305175781,305.3599853515625,264.30999755859375,342.9599914550781,592.2999267578125,78.32499694824219,305.30999755859375,264.19000244140625,342.7900085449219,592.0800170898438,78.27999877929688,305.32000732421875,264.2799987792969,342.7900085449219,592.1799926757812,78.27999877929688,19394,19272,15148,6501,24385
2026-08-14 12:44:00-04:00,305.32000732421875,264.0350036621094,342.7926025390625,591.7949829101562,78.26000213623047,305.38909912109375,264.21990966796875,342.9150085449219,592.1132202148438,78.30999755859375,305.32000732421875,264.0350036621094,342.7926025390625,591.719970703125,78.26000213623047,305.3500061035156,264.19000244140625,342.8949890136719,592.0800170898438,78.29499816894531,17053,21548,5715,8064,20857
2026-08-14 12:45:00-04:00,305.260009765625,263.9949951171875,342.6600036621094,591.7949829101562,78.16999816894531,305.3399963378906,264.0400085449219,342.739990234375,591.8800048828125,78.26000213623047,305.260009765625,263.9549865722656,342.6600036621094,591.52001953125,78.16500091552734,305.30999755859375,264.010009765625,342.7200012207031,591.7999877929688,78.26000213623047,26709,23408,7098,13448,31433
2026-08-14 12:46:00-04:00,305.239990234375,264.0799865722656,342.760009765625,591.6074829101562,78.18499755859375,305.2799987792969,264.0799865722656,342.760009765625,591.7899780273438,78.20999908447266,305.1199951171875,263.989990234375,342.6449890136719,591.5438232421875,78.16500091552734,305.2550048828125,263.9949951171875,342.6499938964844,591.7899780273438,78.16999816894531,31282,28025,6429,10683,22060
2026-08-14 12:47:00-04:00,305.25,263.8485107421875,342.67999267578125,591.35498046875,78.19999694824219,305.2699890136719,264.1199951171875,342.8500061035156,591.739990234375,78.20709991455078,305.2099914550781,263.8485107421875,342.6300048828125,591.2899780273438,78.17500305175781,305.239990234375,264.1001892089844,342.760009765625,591.7100219726562,78.18499755859375,22831,31512,18166,20513,40712
2026-08-14 12:48:00-04:00,305.30999755859375,263.6499938964844,342.6400146484375,591.3599853515625,78.18000030517578,305.339599609375,263.8399963378906,342.70001220703125,591.47998046875,78.19000244140625,305.2283935546875,263.6400146484375,342.6000061035156,591.2103271484375,78.16999816894531,305.25,263.81719970703125,342.67498779296875,591.364990234375,78.19000244140625,25262,57720,13905,7206,16286
2026-08-14 12:49:00-04:00,305.3299865722656,263.5806884765625,342.4750061035156,591.2449951171875,78.12999725341797,305.3299865722656,263.7200012207031,342.6499938964844,591.4199829101562,78.19499969482422,305.2300109863281,263.5799865722656,342.4599914550781,591.080078125,78.1050033569336,305.3089904785156,263.6449890136719,342.614990234375,591.2100219726562,78.19000244140625,27533,30386,18652,13524,48814
2026-08-14 12:50:00-04:00,305.2192077636719,263.614013671875,342.3900146484375,591.0900268554688,78.1312026977539,305.32000732421875,263.6899108886719,342.489990234375,591.1199951171875,78.1500015258789,305.20001220703125,263.4599914550781,342.3599853515625,590.7999877929688,78.0999984741211,305.32000732421875,263.5799865722656,342.489990234375,591.010009765625,78.12999725341797,20987,44838,11929,15031,26672
2026-08-14 12:51:00-04:00,305.2200012207031,263.5799865722656,342.5,591.2349853515625,78.1449966430664,305.2200012207031,263.6499938964844,342.5,591.2999877929688,78.1500015258789,305.1600036621094,263.5299987792969,342.3900146484375,590.9849853515625,78.12000274658203,305.2099914550781,263.6300048828125,342.3900146484375,591.0399780273438,78.13500213623047,20825,25850,19569,12397,18345
2026-08-14 12:52:00-04:00,305.2300109863281,263.4700012207031,342.4800109863281,591.2999877929688,78.1050033569336,305.2349853515625,263.6050109863281,342.5,591.4400024414062,78.1498031616211,305.1600036621094,263.45001220703125,342.44000244140625,591.2501220703125,78.10009765625,305.2300109863281,263.5899963378906,342.5,591.2999877929688,78.1449966430664,43196,26657,10177,10212,41639
2026-08-14 12:53:00-04:00,305.20001220703125,263.30999755859375,342.55999755859375,591.3690185546875,78.12999725341797,305.29998779296875,263.6000061035156,342.69500732421875,591.7999877929688,78.16000366210938,305.17999267578125,263.2799987792969,342.489990234375,591.219970703125,78.11000061035156,305.2200012207031,263.4750061035156,342.489990234375,591.3099975585938,78.11000061035156,29991,66778,13552,12099,36602
2026-08-14 12:54:00-04:00,305.2101135253906,263.4726867675781,342.6400146484375,591.4249877929688,78.17990112304688,305.260009765625,263.489990234375,342.6700134277344,591.5299072265625,78.18699645996094,305.1700134277344,263.2900085449219,342.5400085449219,591.260009765625,78.13999938964844,305.19500732421875,263.30999755859375,342.5400085449219,591.4000244140625,78.13999938964844,24216,40837,5450,11819,29350
2026-08-14 12:55:00-04:00,305.3800048828125,263.5400085449219,342.69500732421875,591.739990234375,78.16000366210938,305.3800048828125,263.55999755859375,342.7099914550781,591.7899780273438,78.19999694824219,305.2192077636719,263.44000244140625,342.6300048828125,591.4349975585938,78.16000366210938,305.2192077636719,263.4700012207031,342.6400146484375,591.52001953125,78.1697998046875,342352,22374,8894,14668,18301
2026-08-14 12:56:00-04:00,305.3297119140625,263.4595031738281,342.54998779296875,591.7150268554688,78.1449966430664,305.389892578125,263.5400085449219,342.67999267578125,591.7999267578125,78.16500091552734,305.2699890136719,263.3299865722656,342.5,591.5999755859375,78.11750030517578,305.3699951171875,263.5150146484375,342.67999267578125,591.760009765625,78.16500091552734,17504,30606,8817,5273,28380
2026-08-14 12:57:00-04:00,305.3500061035156,263.3949890136719,342.6700134277344,591.905029296875,78.13500213623047,305.4700012207031,263.4700012207031,342.7174987792969,592.0,78.1500015258789,305.29998779296875,263.385009765625,342.55999755859375,591.6950073242188,78.12000274658203,305.32000732421875,263.44000244140625,342.57000732421875,591.7274169921875,78.1500015258789,26979,28952,5813,8268,17007
2026-08-14 12:58:00-04:00,305.3900146484375,263.2099914550781,342.53009033203125,591.6649780273438,78.125,305.4200134277344,263.3999938964844,342.69000244140625,591.9450073242188,78.1449966430664,305.3399963378906,263.1449890136719,342.4800109863281,591.530029296875,78.11499786376953,305.3399963378906,263.3900146484375,342.6600036621094,591.8599853515625,78.13500213623047,12068,81641,13601,16735,15501
2026-08-14 12:59:00-04:00,305.42999267578125,263.2499084472656,342.6400146484375,591.8300170898438,78.13999938964844,305.510009765625,263.2900085449219,342.7380065917969,591.9299926757812,78.13999938964844,305.3900146484375,263.1300048828125,342.5199890136719,591.5,78.11000061035156,305.3900146484375,263.2099914550781,342.54998779296875,591.5750122070312,78.12000274658203,26137,43095,10765,9329,33320
2026-08-14 13:00:00-04:00,305.45001220703125,263.3041076660156,342.8500061035156,591.5872802734375,78.0999984741211,305.4700012207031,263.30999755859375,342.8500061035156,591.876220703125,78.1449966430664,305.3800048828125,263.2200012207031,342.60400390625,591.510009765625,78.06999969482422,305.43499755859375,263.2449951171875,342.67999267578125,591.719970703125,78.12999725341797,18818,23243,10021,5876,26986
2026-08-14 13:01:00-04:00,305.5,263.3500061035156,342.8900146484375,591.9299926757812,78.13500213623047,305.5299987792969,263.3599853515625,342.8900146484375,591.9672241210938,78.13500213623047,305.44000244140625,263.2601013183594,342.82501220703125,591.5,78.08000183105469,305.4551086425781,263.2950134277344,342.82501220703125,591.625,78.0999984741211,18035,22453,9272,10239,17988
2026-08-14 13:02:00-04:00,305.3299865722656,263.2850036621094,342.81500244140625,591.7550048828125,78.1050033569336,305.5,263.3699951171875,342.9092102050781,591.989990234375,78.14550018310547,305.30999755859375,263.2699890136719,342.7666931152344,591.7501220703125,78.0999984741211,305.5,263.3599853515625,342.8949890136719,591.989990234375,78.13500213623047,29506,34211,7335,7285,28494
2026-08-14 13:03:00-04:00,305.3349914550781,263.29998779296875,342.94000244140625,591.9299926757812,78.09500122070312,305.3500061035156,263.32000732421875,342.9649963378906,591.9400024414062,78.11000061035156,305.260009765625,263.239990234375,342.82000732421875,591.72998046875,78.0801010131836,305.3299865722656,263.29998779296875,342.82000732421875,591.72998046875,78.1050033569336,21663,17218,11412,9145,17787
2026-08-14 13:04:00-04:00,305.3302001953125,263.20001220703125,342.89239501953125,592.0499877929688,78.08499908447266,305.3699951171875,263.32000732421875,342.9599914550781,592.1599731445312,78.09500122070312,305.260009765625,263.17999267578125,342.8432922363281,591.9149780273438,78.06500244140625,305.3500061035156,263.2950134277344,342.94500732421875,591.9149780273438,78.08999633789062,25518,25543,6256,16826,21346
2026-08-14 13:05:00-04:00,305.414306640625,263.29998779296875,342.94000244140625,592.2786254882812,78.11499786376953,305.45001220703125,263.3598937988281,343.0,592.489990234375,78.11499786376953,305.340087890625,263.20001220703125,342.9049987792969,592.0999755859375,78.08000183105469,305.3450012207031,263.2099914550781,342.9049987792969,592.0999755859375,78.08499908447266,19572,27518,8650,8562,27498
2026-08-14 13:06:00-04:00,305.3900146484375,263.2998962402344,342.92999267578125,592.3099975585938,78.1050033569336,305.4100036621094,263.29998779296875,342.9649963378906,592.5999755859375,78.11979675292969,305.3450012207031,263.260009765625,342.8500061035156,592.22998046875,78.0999984741211,305.3999938964844,263.29998779296875,342.9649963378906,592.3300170898438,78.11329650878906,59494,16562,8746,8821,13740
2026-08-14 13:07:00-04:00,305.3399963378906,263.25,342.8800048828125,592.0650024414062,78.05999755859375,305.3894958496094,263.2900085449219,342.9599914550781,592.3049926757812,78.1050033569336,305.32000732421875,263.2300109863281,342.8699951171875,592.0650024414062,78.05500030517578,305.385009765625,263.2799987792969,342.92999267578125,592.280029296875,78.1050033569336,15171,27313,6011,16160,24552
2026-08-14 13:08:00-04:00,305.3699951171875,263.3598937988281,342.885009765625,591.75,78.02999877929688,305.3699951171875,263.3599853515625,342.8900146484375,592.1199951171875,78.08000183105469,305.2900085449219,263.20001220703125,342.79010009765625,591.739990234375,78.0199966430664,305.3489074707031,263.239990234375,342.8800048828125,592.0565795898438,78.05999755859375,17219,22517,7906,12170,80845
2026-08-14 13:09:00-04:00,305.29998779296875,263.32501220703125,342.6112060546875,591.3049926757812,78.06999969482422,305.3800048828125,263.3900146484375,342.8599853515625,591.7000122070312,78.06999969482422,305.2900085449219,263.2650146484375,342.5849914550781,591.2999877929688,78.01499938964844,305.3699951171875,263.3599853515625,342.8599853515625,591.7000122070312,78.02999877929688,17534,23648,10472,9669,32264
2026-08-14 13:10:00-04:00,305.3900146484375,263.2300109863281,342.5400085449219,591.4600219726562,78.05449676513672,305.3900146484375,263.3399963378906,342.6499938964844,591.619873046875,78.07499694824219,305.29998779296875,263.2300109863281,342.5,591.080078125,78.04499816894531,305.29998779296875,263.32501220703125,342.6000061035156,591.364990234375,78.06500244140625,23470,26030,14393,22008,35821
2026-08-14 13:11:00-04:00,305.489990234375,263.29998779296875,342.6099853515625,591.5303955078125,78.02999877929688,305.5082092285156,263.32159423828125,342.6099853515625,591.6699829101562,78.05999755859375,305.3699035644531,263.2099914550781,342.476806640625,591.4099731445312,78.0250015258789,305.3900146484375,263.2099914550781,342.5174865722656,591.5150146484375,78.05500030517578,27749,19396,13650,6171,22904
2026-08-14 13:12:00-04:00,305.4599914550781,263.2799987792969,342.7296142578125,591.4874877929688,78.03500366210938,305.5050048828125,263.3399963378906,342.79998779296875,591.7125244140625,78.05000305175781,305.4447937011719,263.2449951171875,342.5299987792969,591.3699951171875,78.01499938964844,305.5,263.2799987792969,342.5899963378906,591.5499877929688,78.02999877929688,17658,24889,40166,6724,26089
2026-08-14 13:13:00-04:00,305.4599914550781,263.29998779296875,342.7699890136719,591.4299926757812,77.98500061035156,305.4849853515625,263.29998779296875,342.7900085449219,591.5999755859375,78.03500366210938,305.4200134277344,263.25,342.7300109863281,591.4299926757812,77.96019744873047,305.47698974609375,263.27789306640625,342.75,591.5999755859375,78.03019714355469,15607,23890,6217,7260,64398
2026-08-14 13:14:00-04:00,305.4800109863281,263.3699951171875,342.875,591.89501953125,78.04499816894531,305.56500244140625,263.3800048828125,342.8800048828125,592.0,78.05000305175781,305.45001220703125,263.2900085449219,342.7605895996094,591.52001953125,77.98500061035156,305.4549865722656,263.29998779296875,342.7749938964844,591.52001953125,77.98500061035156,26348,28451,10662,9149,28841
2026-08-14 13:15:00-04:00,305.43359375,263.30010986328125,342.9595031738281,591.75,78.02010345458984,305.5249938964844,263.4200134277344,342.96990966796875,591.9301147460938,78.05000305175781,305.4150085449219,263.30010986328125,342.8500061035156,591.6701049804688,78.02010345458984,305.489990234375,263.375,342.8599853515625,591.9199829101562,78.04000091552734,17946,33266,10863,7212,26498
2026-08-14 13:16:00-04:00,305.3399963378906,263.0849914550781,342.8699951171875,591.5999755859375,77.98999786376953,305.4599914550781,263.32000732421875,342.94000244140625,591.8900146484375,78.03500366210938,305.3399963378906,263.0799865722656,342.7699890136719,591.5628051757812,77.9800033569336,305.44000244140625,263.32000732421875,342.92999267578125,591.8900146484375,78.02999877929688,25159,39839,13523,14772,27940
2026-08-14 13:17:00-04:00,305.3500061035156,263.20001220703125,342.8399963378906,591.8099975585938,77.95999908447266,305.3800048828125,263.20001220703125,342.9100036621094,591.9000244140625,78.0,305.3200988769531,263.07000732421875,342.8299865722656,591.52001953125,77.95999908447266,305.3299865722656,263.0899963378906,342.8599853515625,591.52001953125,77.9800033569336,15378,48342,15094,6969,22757
2026-08-14 13:18:00-04:00,305.3876953125,263.1003112792969,342.80999755859375,591.8699951171875,77.94000244140625,305.3876953125,263.20001220703125,342.8999938964844,591.9605102539062,77.96990203857422,305.2799987792969,263.0899963378906,342.760009765625,591.7059936523438,77.93499755859375,305.3577880859375,263.20001220703125,342.8500061035156,591.8150024414062,77.96499633789062,20271,25288,9155,7823,23950
2026-08-14 13:19:00-04:00,305.3699035644531,263.0350036621094,342.80999755859375,591.8599853515625,77.9749984741211,305.4049987792969,263.1099853515625,342.8500061035156,591.864990234375,77.9749984741211,305.3500061035156,263.010009765625,342.7200012207031,591.6699829101562,77.93990325927734,305.372314453125,263.1000061035156,342.80999755859375,591.864990234375,77.93990325927734,19271,62336,12641,4616,21444
2026-08-14 13:20:00-04:00,305.3580017089844,263.1199951171875,342.7900085449219,591.7899780273438,77.96499633789062,305.3599853515625,263.1300048828125,342.80999755859375,591.9199829101562,77.98169708251953,305.2799987792969,263.0199890136719,342.7099914550781,591.75,77.94999694824219,305.3500061035156,263.0458068847656,342.79998779296875,591.77001953125,77.9800033569336,15726,44757,16845,6508,51585
2026-08-14 13:21:00-04:00,305.2950134277344,263.239990234375,342.7799987792969,591.7750244140625,77.98500061035156,305.3699951171875,263.2950134277344,342.8594970703125,591.9199829101562,77.98989868164062,305.25,263.0791015625,342.6630859375,591.77001953125,77.97000122070312,305.3699951171875,263.1099853515625,342.80999755859375,591.844970703125,77.97000122070312,22952,24702,7735,3197,17589
2026-08-14 13:22:00-04:00,305.30999755859375,263.32000732421875,342.75,591.7650146484375,77.9749984741211,305.3550109863281,263.32440185546875,342.760009765625,591.9398803710938,77.99500274658203,305.2799987792969,263.239990234375,342.70001220703125,591.72998046875,77.95999908447266,305.29998779296875,263.2514953613281,342.75,591.7750244140625,77.99500274658203,17622,24125,11064,6182,23777
2026-08-14 13:23:00-04:00,305.2041931152344,263.4800109863281,342.63470458984375,591.75,77.9749984741211,305.32000732421875,263.489990234375,342.8399963378906,591.9299926757812,78.0199966430664,305.1734924316406,263.2900085449219,342.614013671875,591.719970703125,77.95999908447266,305.30999755859375,263.32989501953125,342.7699890136719,591.8098754882812,77.97979736328125,41759,70206,17707,8508,68091
2026-08-14 13:24:00-04:00,305.1994934082031,263.4549865722656,342.54998779296875,591.60498046875,77.98500061035156,305.21990966796875,263.5199890136719,342.6600036621094,591.8159790039062,77.98999786376953,305.15008544921875,263.4100036621094,342.5199890136719,591.5750122070312,77.97000122070312,305.19000244140625,263.4642028808594,342.625,591.8159790039062,77.97879791259766,16606,26267,16961,4373,24921
2026-08-14 13:25:00-04:00,305.1400146484375,263.42498779296875,342.5050048828125,591.5999755859375,77.94000244140625,305.2491149902344,263.4599914550781,342.5928955078125,591.6998901367188,77.98680114746094,305.0799865722656,263.3900146484375,342.4800109863281,591.5119018554688,77.94000244140625,305.17999267578125,263.44000244140625,342.54998779296875,591.614990234375,77.98680114746094,27646,23496,14979,7107,61578
2026-08-14 13:26:00-04:00,305.2099914550781,263.4599914550781,342.42999267578125,591.614990234375,77.94499969482422,305.25,263.4599914550781,342.5050048828125,591.6900024414062,77.95999908447266,305.090087890625,263.3699951171875,342.3999938964844,591.510009765625,77.94020080566406,305.1449890136719,263.3949890136719,342.5050048828125,591.5999755859375,77.94499969482422,17132,16818,15243,6835,15448
2026-08-14 13:27:00-04:00,305.2449951171875,263.3999938964844,342.3900146484375,591.5549926757812,77.95500183105469,305.2898864746094,263.489990234375,342.4800109863281,591.6900024414062,77.95999908447266,305.2099914550781,263.3599853515625,342.37200927734375,591.52001953125,77.93000030517578,305.2099914550781,263.4599914550781,342.4298095703125,591.60498046875,77.94000244140625,17100,22941,15226,3733,30729
2026-08-14 13:28:00-04:00,305.19500732421875,263.45001220703125,342.4432067871094,591.489990234375,77.94499969482422,305.239990234375,263.4800109863281,342.489990234375,591.5800170898438,77.9800033569336,305.17010498046875,263.3900146484375,342.3800048828125,591.489990234375,77.94000244140625,305.239990234375,263.3999938964844,342.4049987792969,591.5549926757812,77.95500183105469,17418,18220,10521,6260,30622
2026-08-14 13:29:00-04:00,305.19439697265625,263.32000732421875,342.385009765625,591.3300170898438,77.92009735107422,305.2200012207031,263.44500732421875,342.45001220703125,591.489990234375,77.94989776611328,305.1700134277344,263.31201171875,342.3500061035156,591.1549072265625,77.91000366210938,305.19500732421875,263.44500732421875,342.43499755859375,591.489990234375,77.94000244140625,11505,16735,7308,7036,30012
2026-08-14 13:30:00-04:00,305.1700134277344,263.364990234375,342.32000732421875,591.3599853515625,77.91999816894531,305.2200012207031,263.42999267578125,342.41900634765625,591.3862915039062,77.93499755859375,305.1400146484375,263.32000732421875,342.2799987792969,591.263916015625,77.91999816894531,305.19500732421875,263.3299865722656,342.385009765625,591.3400268554688,77.92500305175781,20089,21291,17242,5710,22093
2026-08-14 13:31:00-04:00,305.16571044921875,263.2449951171875,342.19000244140625,590.989990234375,77.87000274658203,305.2200012207031,263.3900146484375,342.3900146484375,591.2650146484375,77.91000366210938,305.135009765625,263.2449951171875,342.1600036621094,590.9400024414062,77.86000061035156,305.1700134277344,263.3699951171875,342.3500061035156,591.260009765625,77.91000366210938,16188,23327,16379,8580,39036
2026-08-14 13:32:00-04:00,305.239990234375,263.3349914550781,342.2799072265625,591.0650024414062,77.85009765625,305.25,263.3511047363281,342.2900085449219,591.1799926757812,77.88500213623047,305.1199951171875,263.2200927734375,342.17999267578125,590.9249267578125,77.83499908447266,305.1499938964844,263.239990234375,342.17999267578125,590.9949951171875,77.86380004882812,19896,50953,16296,5633,52595
2026-08-14 13:33:00-04:00,305.1650085449219,263.3299865722656,342.239990234375,591.0921020507812,77.83499908447266,305.2300109863281,263.3699951171875,342.2799987792969,591.1300048828125,77.87000274658203,305.1499938964844,263.2699890136719,342.2001037597656,590.9500122070312,77.81999969482422,305.2300109863281,263.3349914550781,342.25,591.0650024414062,77.86000061035156,14828,18145,10089,4341,39737
2026-08-14 13:34:00-04:00,305.19500732421875,263.3800048828125,342.30999755859375,591.260009765625,77.8550033569336,305.20001220703125,263.3800048828125,342.30999755859375,591.260009765625,77.86000061035156,305.1400146484375,263.29998779296875,342.20001220703125,591.0,77.83399963378906,305.1650085449219,263.32501220703125,342.239990234375,591.0,77.83999633789062,24243,19846,9470,7748,19780
2026-08-14 13:35:00-04:00,305.1700134277344,263.2699890136719,342.2301025390625,591.0499877929688,77.81500244140625,305.2200012207031,263.3699951171875,342.29998779296875,591.2100219726562,77.8550033569336,305.1600036621094,263.2699890136719,342.1400146484375,591.0499877929688,77.79000091552734,305.19500732421875,263.3501892089844,342.29998779296875,591.2050170898438,77.8550033569336,17789,29455,19503,5399,58092
2026-08-14 13:36:00-04:00,305.0400085449219,263.27099609375,342.19000244140625,590.9899291992188,77.81500244140625,305.19000244140625,263.3399963378906,342.27398681640625,591.0499877929688,77.81999969482422,305.0400085449219,263.27099609375,342.1700134277344,590.8480834960938,77.79010009765625,305.1700134277344,263.2850036621094,342.260009765625,591.0499877929688,77.81999969482422,21905,13560,6963,6775,30985
2026-08-14 13:37:00-04:00,305.2850036621094,263.25,342.1199951171875,590.77001953125,77.84500122070312,305.3299865722656,263.2799987792969,342.2099914550781,590.9199829101562,77.84500122070312,305.07000732421875,263.1600036621094,342.0755920410156,590.6900024414062,77.77999877929688,305.07000732421875,263.2799987792969,342.17498779296875,590.9000244140625,77.8102035522461,58119,30685,15137,6206,52562
2026-08-14 13:38:00-04:00,305.4049987792969,263.2200012207031,342.19000244140625,590.9199829101562,77.94000244140625,305.45458984375,263.239990234375,342.2200012207031,590.9299926757812,77.95999908447266,305.25,263.19000244140625,342.1000061035156,590.7550048828125,77.83999633789062,305.2850036621094,263.239990234375,342.1390075683594,590.7550048828125,77.8499984741211,55942,16973,9660,7540,58285
2026-08-14 13:39:00-04:00,305.44000244140625,263.2799987792969,342.25,590.8679809570312,77.95500183105469,305.44989013671875,263.32000732421875,342.2650146484375,590.9600219726562,77.9800033569336,305.3599853515625,263.2119140625,342.13250732421875,590.75,77.93000030517578,305.3999938964844,263.2200012207031,342.19000244140625,590.9199829101562,77.93499755859375,30121,16738,10988,10597,36065
2026-08-14 13:40:00-04:00,305.4649963378906,263.2650146484375,342.30999755859375,590.9550170898438,78.0239028930664,305.5,263.3006896972656,342.3349914550781,591.2000122070312,78.02999877929688,305.4200134277344,263.2200012207031,342.2001037597656,590.75,77.95500183105469,305.44000244140625,263.260009765625,342.2300109863281,590.7999877929688,77.9573974609375,57333,15664,9020,8030,36291
2026-08-14 13:41:00-04:00,305.4700012207031,263.2200012207031,342.2749938964844,591.0700073242188,78.01000213623047,305.5,263.2699890136719,342.3294982910156,591.114990234375,78.05999755859375,305.3999938964844,263.20001220703125,342.2200012207031,590.9550170898438,78.01000213623047,305.4649963378906,263.2650146484375,342.2900085449219,590.9550170898438,78.0250015258789,17730,18792,12511,5901,38614
2026-08-14 13:42:00-04:00,305.5,263.1300048828125,342.2099914550781,590.97998046875,78.02989959716797,305.5299987792969,263.20001220703125,342.27459716796875,591.0650024414062,78.04199981689453,305.45001220703125,263.1099853515625,342.1300048828125,590.77001953125,78.0,305.4800109863281,263.20001220703125,342.2550048828125,591.0650024414062,78.01499938964844,22954,29478,13792,9615,32292
2026-08-14 13:43:00-04:00,305.4800109863281,263.2200927734375,342.2099914550781,590.85498046875,78.04000091552734,305.5090026855469,263.2799987792969,342.2699890136719,591.0,78.05000305175781,305.45001220703125,263.1199951171875,342.20001220703125,590.85498046875,78.01000213623047,305.4949951171875,263.125,342.2044982910156,590.9998779296875,78.01499938964844,25472,33746,9839,5975,44059
2026-08-14 13:44:00-04:00,305.40008544921875,263.1759948730469,342.2049865722656,590.9299926757812,78.0199966430664,305.510009765625,263.239990234375,342.2300109863281,590.97998046875,78.03500366210938,305.37030029296875,263.1700134277344,342.130615234375,590.760009765625,78.0,305.4985046386719,263.2200012207031,342.130615234375,590.9600219726562,78.03500366210938,18260,22408,21692,4670,32002
2026-08-14 13:45:00-04:00,305.5284118652344,263.2218933105469,342.32000732421875,590.9027709960938,77.98799896240234,305.54998779296875,263.239990234375,342.3599853515625,591.2100219726562,78.0198974609375,305.3999938964844,263.1600036621094,342.20001220703125,590.8599853515625,77.95999908447266,305.4100036621094,263.17999267578125,342.2099914550781,590.8599853515625,78.0198974609375,24547,23097,13010,11231,30170
2026-08-14 13:46:00-04:00,305.60009765625,263.2250061035156,342.3550109863281,591.0100708007812,77.9800033569336,305.6199951171875,263.2650146484375,342.3788146972656,591.125,77.98989868164062,305.5199890136719,263.1908874511719,342.2973937988281,590.8900146484375,77.96119689941406,305.5199890136719,263.2300109863281,342.3299865722656,590.9550170898438,77.98989868164062,38513,23207,10330,4885,19515
2026-08-14 13:47:00-04:00,305.8999938964844,263.05999755859375,342.32000732421875,590.9299926757812,77.95500183105469,305.94000244140625,263.2099914550781,342.4100036621094,591.0800170898438,77.9800033569336,305.6075134277344,263.0205078125,342.30999755859375,590.8900146484375,77.9375,305.6075134277344,263.2099914550781,342.3299865722656,591.0800170898438,77.9800033569336,96073,41694,16415,5872,30963
2026-08-14 13:48:00-04:00,306.0350036621094,263.19000244140625,342.260009765625,590.7077026367188,77.95999908447266,306.1390075683594,263.20001220703125,342.32501220703125,590.9650268554688,77.95999908447266,305.85101318359375,263.04998779296875,342.2300109863281,590.6699829101562,77.93080139160156,305.8900146484375,263.04998779296875,342.3190002441406,590.9299926757812,77.95500183105469,126816,18714,19017,10334,22023
2026-08-14 13:49:00-04:00,306.07000732421875,263.3599853515625,342.3301086425781,590.8049926757812,77.93000030517578,306.1600036621094,263.3599853515625,342.3599853515625,590.8632202148438,77.96080017089844,305.989990234375,263.1600036621094,342.2601013183594,590.7000122070312,77.93000030517578,306.0299987792969,263.17999267578125,342.2799987792969,590.8099975585938,77.95999908447266,84211,43740,10145,7955,24725
2026-08-14 13:50:00-04:00,305.8599853515625,263.25,342.2699890136719,590.7999877929688,77.93000030517578,306.0799865722656,263.3599853515625,342.3399963378906,590.9299926757812,77.95500183105469,305.8500061035156,263.20001220703125,342.2099914550781,590.719970703125,77.92500305175781,306.07989501953125,263.3599853515625,342.3299865722656,590.8049926757812,77.94000244140625,71363,30892,12515,13079,31552
2026-08-14 13:51:00-04:00,305.9577941894531,263.206298828125,342.2799987792969,590.969970703125,77.94499969482422,305.9599914550781,263.2900085449219,342.30999755859375,591.0499877929688,77.95500183105469,305.79998779296875,263.19000244140625,342.25,590.760009765625,77.92500305175781,305.8799133300781,263.239990234375,342.2900085449219,590.8099975585938,77.93499755859375,21303,76235,8666,9896,23439
2026-08-14 13:52:00-04:00,305.9200134277344,263.19000244140625,342.2705078125,591.1300048828125,77.93000030517578,306.0979919433594,263.25,342.32000732421875,591.1900024414062,77.94999694824219,305.9200134277344,263.19000244140625,342.2200012207031,590.864990234375,77.92500305175781,305.95458984375,263.239990234375,342.260009765625,590.9044189453125,77.94989776611328,27310,23915,4897,15086,22933
2026-08-14 13:53:00-04:00,306.0877990722656,263.2900085449219,342.3399963378906,591.0800170898438,77.94999694824219,306.0877990722656,263.30999755859375,342.3699951171875,591.22998046875,77.95999908447266,305.9200134277344,263.1900939941406,342.2950134277344,591.0,77.92500305175781,305.92999267578125,263.20001220703125,342.32000732421875,591.114990234375,77.92980194091797,18621,19053,12071,8638,31755
2026-08-14 13:54:00-04:00,306.0050048828125,263.2799987792969,342.19000244140625,591.0599975585938,77.93499755859375,306.0823974609375,263.29998779296875,342.31988525390625,591.1400146484375,77.95500183105469,305.9200134277344,263.2250061035156,342.17999267578125,591.0,77.93000030517578,306.0799865722656,263.2878112792969,342.31988525390625,591.0750122070312,77.94000244140625,30339,14411,7588,8402,26753
2026-08-14 13:55:00-04:00,305.9674987792969,263.2349853515625,342.3099060058594,591.0650024414062,77.91120147705078,306.05999755859375,263.32000732421875,342.3301086425781,591.1298828125,77.93499755859375,305.9549865722656,263.2200012207031,342.1600036621094,590.8499755859375,77.9000015258789,306.0199890136719,263.2900085449219,342.2099914550781,590.989990234375,77.93499755859375,28265,1218417,12807,8035,36997
2026-08-14 13:56:00-04:00,306.0350036621094,263.2950134277344,342.3900146484375,591.22998046875,77.91500091552734,306.0398864746094,263.30999755859375,342.3900146484375,591.27001953125,77.92990112304688,305.8999938964844,263.2200012207031,342.260009765625,591.0650024414062,77.90579986572266,305.9649963378906,263.2300109863281,342.2799987792969,591.0650024414062,77.91500091552734,32852,16411,8631,36024,24856
2026-08-14 13:57:00-04:00,306.010009765625,263.3450012207031,342.32000732421875,591.364990234375,77.91500091552734,306.1199951171875,263.3800048828125,342.4425048828125,591.4849853515625,77.91999816894531,305.9700012207031,263.2699890136719,342.32000732421875,591.1600952148438,77.9000015258789,306.05999755859375,263.2900085449219,342.4200134277344,591.2349853515625,77.91500091552734,41480,18661,6536,7383,30452
2026-08-14 13:58:00-04:00,305.9700012207031,263.31500244140625,342.30999755859375,591.4849853515625,77.88500213623047,306.0400085449219,263.43499755859375,342.3699951171875,591.625,77.92500305175781,305.94000244140625,263.31500244140625,342.30999755859375,591.3298950195312,77.88500213623047,306.0299987792969,263.3500061035156,342.3299865722656,591.4000244140625,77.91690063476562,16508,30531,6878,39951,44786
2026-08-14 13:59:00-04:00,306.04998779296875,263.2950134277344,342.4599914550781,591.5900268554688,77.90499877929688,306.0599060058594,263.3599853515625,342.5299987792969,591.597900390625,77.90499877929688,305.9700012207031,263.28009033203125,342.2749938964844,591.4100952148438,77.88500213623047,305.9700012207031,263.31719970703125,342.2749938964844,591.4849853515625,77.88500213623047,13986,12725,24995,9864,35098
2026-08-14 14:00:00-04:00,306.0400085449219,263.30999755859375,342.3800048828125,591.2750244140625,77.9198989868164,306.05999755859375,263.3800048828125,342.4989929199219,591.6699829101562,77.91999816894531,305.9700012207031,263.2799987792969,342.29998779296875,591.2750244140625,77.88999938964844,306.04010009765625,263.30999755859375,342.489013671875,591.6226196289062,77.91000366210938,37593,18086,19022,13394,44332
2026-08-14 14:01:00-04:00,305.989990234375,263.30999755859375,342.343505859375,591.530029296875,77.91000366210938,306.0899963378906,263.3399963378906,342.44000244140625,591.5900268554688,77.91999816894531,305.95001220703125,263.2699890136719,342.3399963378906,591.2901000976562,77.8949966430664,306.0513000488281,263.32000732421875,342.3870849609375,591.2949829101562,77.9198989868164,27993,16395,9256,9942,21901
2026-08-14 14:02:00-04:00,306.07000732421875,263.4599914550781,342.6099853515625,591.47998046875,77.90989685058594,306.1300048828125,263.4599914550781,342.6099853515625,591.6699829101562,77.91999816894531,305.9700012207031,263.32000732421875,342.4100036621094,591.4299926757812,77.88999938964844,306.0050048828125,263.32000732421875,342.4100036621094,591.530029296875,77.90499877929688,59191,28005,11865,5349,34073
2026-08-14 14:03:00-04:00,305.9700012207031,263.5400085449219,342.57000732421875,591.4299926757812,77.8949966430664,306.0799865722656,263.54998779296875,342.6344909667969,591.5700073242188,77.90969848632812,305.92498779296875,263.44000244140625,342.57000732421875,591.1099853515625,77.88999938964844,306.0799865722656,263.4700012207031,342.6099853515625,591.4500122070312,77.90499877929688,23220,29447,7812,22287,28985
2026-08-14 14:04:00-04:00,305.840087890625,263.6499938964844,342.6099853515625,591.4500122070312,77.9000015258789,305.989990234375,263.6700134277344,342.6499938964844,591.4500122070312,77.9000015258789,305.840087890625,263.5400085449219,342.54998779296875,591.280029296875,77.87999725341797,305.9814147949219,263.54998779296875,342.5799865722656,591.4000244140625,77.8926010131836,28669,40408,6569,11490,52659
2026-08-14 14:05:00-04:00,305.7799987792969,263.7650146484375,342.6300048828125,591.4600219726562,77.90499877929688,305.8576965332031,263.7650146484375,342.69000244140625,591.5499877929688,77.91999816894531,305.7099914550781,263.6300048828125,342.6000061035156,591.3400268554688,77.89939880371094,305.8576965332031,263.67999267578125,342.6199951171875,591.5488891601562,77.89969635009766,29655,36749,8827,8016,40347
2026-08-14 14:06:00-04:00,305.7200012207031,263.6600036621094,342.56500244140625,591.4949951171875,77.87999725341797,305.80010986328125,263.8399963378906,342.6600036621094,591.7000122070312,77.90499877929688,305.6600036621094,263.6499938964844,342.55999755859375,591.4600219726562,77.87999725341797,305.7699890136719,263.7650146484375,342.6300048828125,591.4600219726562,77.90499877929688,41786,79105,13127,15701,25016
2026-08-14 14:07:00-04:00,305.6242980957031,263.6099853515625,342.6400146484375,591.5850219726562,77.8729019165039,305.7300109863281,263.7200012207031,342.7200012207031,591.5900268554688,77.88999938964844,305.5799865722656,263.6099853515625,342.5299987792969,591.4099731445312,77.85990142822266,305.7099914550781,263.6600036621094,342.5299987792969,591.530029296875,77.87999725341797,34482,39369,20491,6240,48273
2026-08-14 14:08:00-04:00,305.706787109375,263.6300048828125,342.5199890136719,591.4749755859375,77.87000274658203,305.739990234375,263.69000244140625,342.6449890136719,591.5814819335938,77.87999725341797,305.6105041503906,263.57000732421875,342.5199890136719,591.4199829101562,77.86000061035156,305.6199951171875,263.6116943359375,342.6199951171875,591.530029296875,77.875,21504,27916,9416,8195,25093
2026-08-14 14:09:00-04:00,305.8800048828125,263.7051086425781,342.4939880371094,591.489990234375,77.87020111083984,305.89990234375,263.7300109863281,342.5799865722656,591.5250244140625,77.87999725341797,305.69000244140625,263.6000061035156,342.45001220703125,591.280029296875,77.86000061035156,305.70001220703125,263.6300048828125,342.510009765625,591.3699951171875,77.87000274658203,62938,18201,22492,13846,31060
2026-08-14 14:10:00-04:00,305.94500732421875,263.7500915527344,342.4007873535156,591.780029296875,77.87000274658203,305.989990234375,263.7900085449219,342.4599914550781,591.8300170898438,77.88500213623047,305.79998779296875,263.7200012207031,342.3500061035156,591.4500122070312,77.86499786376953,305.8900146484375,263.7300109863281,342.4599914550781,591.5250244140625,77.8740005493164,560313,22928,16662,29836,25276
2026-08-14 14:11:00-04:00,305.94000244140625,263.80999755859375,342.6199951171875,591.72998046875,77.88500213623047,305.95709228515625,263.8699951171875,342.6199951171875,591.8200073242188,77.8949966430664,305.82000732421875,263.7300109863281,342.42498779296875,591.7166137695312,77.87000274658203,305.95001220703125,263.7500915527344,342.42498779296875,591.780029296875,77.875,19424,49979,16857,7044,34679
2026-08-14 14:12:00-04:00,306.05499267578125,263.94000244140625,342.7084045410156,591.5679931640625,77.88500213623047,306.114990234375,263.9700012207031,342.7300109863281,591.72998046875,77.9000015258789,305.9307861328125,263.75,342.6099853515625,591.4099731445312,77.875,305.94500732421875,263.80999755859375,342.614990234375,591.7249755859375,77.88999938964844,37922,120935,9834,12110,33419
2026-08-14 14:13:00-04:00,306.1200866699219,263.93231201171875,342.7349853515625,591.6649780273438,77.91000366210938,306.1600036621094,264.010009765625,342.7799987792969,591.7999877929688,77.93000030517578,306.07000732421875,263.92498779296875,342.70001220703125,591.5399780273438,77.88999938964844,306.07000732421875,263.9649963378906,342.7099914550781,591.5399780273438,77.8949966430664,42929,34695,17804,8035,28178
2026-08-14 14:14:00-04:00,306.1199951171875,263.6719970703125,342.715087890625,591.7000122070312,77.8949966430664,306.1499938964844,263.94000244140625,342.7900085449219,591.8900146484375,77.9175033569336,306.07000732421875,263.6700134277344,342.67999267578125,591.5499877929688,77.8949966430664,306.1300048828125,263.94000244140625,342.75,591.719970703125,77.90499877929688,27097,90756,20747,13315,24130
2026-08-14 14:15:00-04:00,306.1400146484375,263.6600036621094,342.8116149902344,591.7000122070312,77.87999725341797,306.20001220703125,263.75,342.8500061035156,591.77001953125,77.88999938964844,306.0799865722656,263.6400146484375,342.66009521484375,591.6400146484375,77.87000274658203,306.1449890136719,263.6400146484375,342.7099914550781,591.7000122070312,77.88999938964844,41822,45015,18812,10517,35110
2026-08-14 14:16:00-04:00,306.19000244140625,263.625,342.8500061035156,591.6286010742188,77.87000274658203,306.25,263.66949462890625,342.8800048828125,591.780029296875,77.91000366210938,306.1449890136719,263.6099853515625,342.7900085449219,591.5999755859375,77.86499786376953,306.1499938964844,263.6619873046875,342.83270263671875,591.7000122070312,77.88999938964844,34116,25134,13167,7771,30779
2026-08-14 14:17:00-04:00,306.19000244140625,263.6199951171875,342.8949890136719,591.6900024414062,77.88500213623047,306.239990234375,263.69000244140625,342.9100036621094,591.77001953125,77.88999938964844,306.1400146484375,263.610107421875,342.8500061035156,591.6099853515625,77.84500122070312,306.2049865722656,263.6300048828125,342.8500061035156,591.7050170898438,77.86499786376953,49338,36703,9521,6390,36554
2026-08-14 14:18:00-04:00,306.1650085449219,263.5199890136719,342.79998779296875,591.5,77.87989807128906,306.2099914550781,263.6549987792969,342.9200134277344,591.7999877929688,77.9000015258789,306.1400146484375,263.510009765625,342.79998779296875,591.5,77.86000061035156,306.20001220703125,263.6221923828125,342.8800048828125,591.719970703125,77.9000015258789,24185,35627,15401,6399,19742
2026-08-14 14:19:00-04:00,306.1600036621094,263.510009765625,342.77099609375,591.4949951171875,77.9000015258789,306.239990234375,263.5299987792969,342.8299865722656,591.5399780273438,77.91999816894531,306.1099853515625,263.4700012207031,342.7099914550781,591.1699829101562,77.86499786376953,306.1600036621094,263.5199890136719,342.8299865722656,591.510009765625,77.87000274658203,32905,33661,10407,13888,57777
2026-08-14 14:20:00-04:00,306.18499755859375,263.2349853515625,342.64898681640625,591.5399780273438,77.92500305175781,306.19000244140625,263.5,342.7699890136719,591.5399780273438,77.93000030517578,306.1300048828125,263.1600036621094,342.5400085449219,591.2999877929688,77.88999938964844,306.1700134277344,263.5,342.760009765625,591.4600219726562,77.9000015258789,29409,52246,18489,11183,24919
2026-08-14 14:21:00-04:00,306.17498779296875,263.3598937988281,342.7398986816406,591.5,77.91999816894531,306.2059020996094,263.3599853515625,342.739990234375,591.6599731445312,77.93000030517578,306.1499938964844,263.2406005859375,342.6499938964844,591.4365844726562,77.91000366210938,306.19000244140625,263.25,342.6499938964844,591.5499877929688,77.92500305175781,18865,845634,15103,5485,41522
2026-08-14 14:22:00-04:00,306.17999267578125,263.3900146484375,342.6449890136719,591.7449951171875,77.93499755859375,306.2300109863281,263.4200134277344,342.7300109863281,591.8499755859375,77.94000244140625,306.1600036621094,263.31500244140625,342.6300048828125,591.5,77.91000366210938,306.1877136230469,263.3500061035156,342.7300109863281,591.5515747070312,77.93000030517578,25265,53352,16757,6436,36004
2026-08-14 14:23:00-04:00,306.17498779296875,263.39019775390625,342.6299133300781,591.5900268554688,77.94000244140625,306.19500732421875,263.39019775390625,342.6700134277344,591.75,77.95999908447266,306.1000061035156,263.2850036621094,342.57000732421875,591.52001953125,77.93000030517578,306.19500732421875,263.3800048828125,342.6449890136719,591.75,77.93000030517578,29228,41068,15317,13556,18670
2026-08-14 14:24:00-04:00,306.1877136230469,263.4339904785156,342.6199951171875,591.7550048828125,77.95999908447266,306.2200012207031,263.5400085449219,342.6499938964844,592.0494995117188,77.98500061035156,306.1650085449219,263.3599853515625,342.5400085449219,591.551025390625,77.94499969482422,306.18499755859375,263.3599853515625,342.6400146484375,591.5599975585938,77.94999694824219,17775,41192,11854,28780,32608
2026-08-14 14:25:00-04:00,306.1700134277344,263.4200134277344,342.5400085449219,591.7011108398438,77.9000015258789,306.2200012207031,263.5,342.67999267578125,591.9000244140625,77.96499633789062,306.1400146484375,263.3500061035156,342.5299987792969,591.5982055664062,77.8949966430664,306.2049865722656,263.4700012207031,342.6300048828125,591.8699951171875,77.96499633789062,20843,33416,25108,8606,28498
2026-08-14 14:26:00-04:00,306.1650085449219,263.385009765625,342.5398864746094,591.530029296875,77.90499877929688,306.19000244140625,263.4700012207031,342.6000061035156,591.8900146484375,77.90499877929688,306.1400146484375,263.3399963378906,342.510009765625,591.4022827148438,77.87999725341797,306.1700134277344,263.4200134277344,342.56500244140625,591.7625122070312,77.90499877929688,20573,32255,12142,7022,32753
2026-08-14 14:27:00-04:00,306.06500244140625,263.2200012207031,342.5199890136719,591.4299926757812,77.88500213623047,306.17999267578125,263.3999938964844,342.5899963378906,591.5999755859375,77.90989685058594,306.0400085449219,263.2099914550781,342.5199890136719,591.4099731445312,77.87999725341797,306.1600036621094,263.3599853515625,342.5400085449219,591.5549926757812,77.90989685058594,31551,27090,25306,7795,26447
2026-08-14 14:28:00-04:00,305.94500732421875,263.25,342.5975036621094,591.219970703125,77.87000274658203,306.07000732421875,263.2799987792969,342.5975036621094,591.3900146484375,77.88990020751953,305.9200134277344,263.1499938964844,342.4700012207031,591.1386108398438,77.83999633789062,306.07000732421875,263.2149963378906,342.510009765625,591.3599853515625,77.87999725341797,33154,45805,10675,10214,41111
2026-08-14 14:29:00-04:00,305.97900390625,263.2349853515625,342.6343994140625,591.4912109375,77.8949966430664,306.0000915527344,263.29998779296875,342.6400146484375,591.6900024414062,77.9000015258789,305.91009521484375,263.2349853515625,342.60009765625,591.2999877929688,77.87999725341797,305.9601135253906,263.25,342.6099853515625,591.2999877929688,77.87999725341797,23572,18430,6162,7046,24312
2026-08-14 14:30:00-04:00,306.0199890136719,263.3800048828125,342.82000732421875,591.6799926757812,77.91500091552734,306.02899169921875,263.3999938964844,342.8800048828125,591.7999877929688,77.93499755859375,305.92498779296875,263.239990234375,342.6400146484375,591.510498046875,77.90119934082031,305.9800109863281,263.239990234375,342.6400146484375,591.5599975585938,77.91000366210938,36808,21890,18073,7593,26380
2026-08-14 14:31:00-04:00,306.0899963378906,263.3299865722656,342.7991027832031,591.6300048828125,77.91999816894531,306.09991455078125,263.3999938964844,342.8500061035156,591.739990234375,77.91999816894531,305.989990234375,263.3080139160156,342.7799987792969,591.4700927734375,77.88999938964844,306.010009765625,263.364990234375,342.80999755859375,591.625,77.91000366210938,27441,23169,15998,5045,31080
2026-08-14 14:32:00-04:00,306.1650085449219,263.2850036621094,342.7799987792969,591.3699951171875,77.91000366210938,306.1676940917969,263.3500061035156,342.82000732421875,591.6699829101562,77.93000030517578,306.0799865722656,263.260009765625,342.7673034667969,591.3200073242188,77.90499877929688,306.0899963378906,263.3399963378906,342.79998779296875,591.6300048828125,77.93000030517578,36021,43733,3800,7350,28817
2026-08-14 14:33:00-04:00,306.1199951171875,263.2174987792969,342.7900085449219,591.510009765625,77.91500091552734,306.17999267578125,263.29998779296875,342.81988525390625,591.6500244140625,77.93000030517578,306.1000061035156,263.2174987792969,342.739990234375,591.3956909179688,77.89230346679688,306.1650085449219,263.29998779296875,342.7799987792969,591.510009765625,77.90499877929688,28829,26438,9711,3551,24782
2026-08-14 14:34:00-04:00,306.102294921875,263.19000244140625,342.7250061035156,591.405029296875,77.92500305175781,306.1199951171875,263.2250061035156,342.7699890136719,591.5299072265625,77.92990112304688,306.0455017089844,263.1700134277344,342.69500732421875,591.2150268554688,77.91000366210938,306.1099853515625,263.22039794921875,342.760009765625,591.510009765625,77.91999816894531,23944,20813,9808,7289,29461
2026-08-14 14:35:00-04:00,305.989990234375,263.1499938964844,342.70001220703125,591.2100219726562,77.91000366210938,306.1099853515625,263.2300109863281,342.84991455078125,591.4349975585938,77.93000030517578,305.9800109863281,263.1499938964844,342.70001220703125,591.2100219726562,77.91000366210938,306.1099853515625,263.20001220703125,342.7550048828125,591.3200073242188,77.92500305175781,23972,23964,6599,7807,31394
2026-08-14 14:36:00-04:00,305.9599914550781,263.1400146484375,342.70001220703125,591.280029296875,77.89669799804688,306.0,263.19000244140625,342.739990234375,591.4099731445312,77.91500091552734,305.8900146484375,263.1400146484375,342.67498779296875,591.0800170898438,77.88500213623047,305.989990234375,263.1449890136719,342.70989990234375,591.0800170898438,77.90630340576172,30859,16216,7551,6945,53016
2026-08-14 14:37:00-04:00,305.92999267578125,263.1700134277344,342.8599853515625,591.3300170898438,77.94000244140625,306.0,263.2099914550781,342.875,591.4000244140625,77.94000244140625,305.9200134277344,263.1499938964844,342.6953125,591.239990234375,77.90499877929688,305.9501037597656,263.1499938964844,342.70001220703125,591.280029296875,77.91000366210938,32067,25821,8390,7160,23915
2026-08-14 14:38:00-04:00,305.9100036621094,263.1499938964844,342.7659912109375,591.10302734375,77.95999908447266,305.95001220703125,263.1600036621094,342.8699951171875,591.4000244140625,77.95999908447266,305.8800048828125,263.09600830078125,342.7659912109375,591.10302734375,77.91500091552734,305.9200134277344,263.1300048828125,342.8699951171875,591.3200073242188,77.93990325927734,26390,26310,6510,7454,32350
2026-08-14 14:39:00-04:00,305.875,263.0870056152344,342.75,591.0800170898438,77.91500091552734,305.94500732421875,263.14208984375,342.7900085449219,591.280029296875,77.98999786376953,305.8299865722656,263.0799865722656,342.739990234375,590.959716796875,77.91010284423828,305.8999938964844,263.135009765625,342.760009765625,591.090087890625,77.95999908447266,34851,25905,7044,11540,47330
2026-08-14 14:40:00-04:00,305.79010009765625,263.114990234375,342.8900146484375,591.2650146484375,77.94989776611328,305.8710021972656,263.1199951171875,342.8900146484375,591.3300170898438,77.94999694824219,305.760009765625,263.0249938964844,342.739990234375,591.0,77.91300201416016,305.8710021972656,263.05999755859375,342.75,591.0800170898438,77.91300201416016,33126,44495,7174,10769,24936
2026-08-14 14:41:00-04:00,305.67999267578125,263.0950012207031,342.8999938964844,591.22998046875,77.95989990234375,305.80999755859375,263.1600036621094,342.94000244140625,591.2664794921875,77.97000122070312,305.6600036621094,263.0950012207031,342.86529541015625,591.1400756835938,77.94499969482422,305.80999755859375,263.1199951171875,342.9200134277344,591.2650146484375,77.94499969482422,37878,37733,9160,5532,35845
2026-08-14 14:42:00-04:00,305.739990234375,263.1000061035156,342.9599914550781,591.4249877929688,78.0250015258789,305.739990234375,263.1600036621094,343.010009765625,591.4677124023438,78.02999877929688,305.6300048828125,263.04998779296875,342.8699951171875,591.1826782226562,77.94000244140625,305.6889953613281,263.0929870605469,342.8999938964844,591.219970703125,77.94999694824219,38380,40601,20166,7430,78698
2026-08-14 14:43:00-04:00,305.7550048828125,263.1700134277344,342.9800109863281,591.5900268554688,78.04000091552734,305.7699890136719,263.2099914550781,343.0299987792969,591.5900268554688,78.05000305175781,305.6700134277344,263.0899963378906,342.9700012207031,591.35009765625,78.02999877929688,305.75,263.1214904785156,342.9800109863281,591.5,78.02999877929688,27962,28162,12088,5836,24262
2026-08-14 14:44:00-04:00,305.7200012207031,263.1650085449219,342.8999938964844,591.5650024414062,78.01499938964844,305.7799987792969,263.2300109863281,343.0,591.7000122070312,78.05000305175781,305.70001220703125,263.1600036621094,342.8900146484375,591.5650024414062,78.01000213623047,305.7510070800781,263.19000244140625,342.95208740234375,591.5805053710938,78.04000091552734,25723,18462,13963,3975,26111
2026-08-14 14:45:00-04:00,305.7799987792969,263.1221008300781,342.885009765625,591.3800048828125,77.9749984741211,305.8800048828125,263.20001220703125,342.9599914550781,591.6300048828125,78.01499938964844,305.70001220703125,263.090087890625,342.8349914550781,591.3800048828125,77.94000244140625,305.7300109863281,263.1650085449219,342.8900146484375,591.6300048828125,78.01499938964844,25749,37195,10607,7904,37473
2026-08-14 14:46:00-04:00,305.80999755859375,263.081298828125,342.8900146484375,591.4276733398438,78.0250015258789,305.8529968261719,263.1199951171875,342.9100036621094,591.4575805664062,78.02999877929688,305.7749938964844,263.0299987792969,342.8399963378906,591.3250122070312,77.97019958496094,305.7926025390625,263.1199951171875,342.8599853515625,591.4151000976562,77.9800033569336,20621,33944,7301,5542,48608
2026-08-14 14:47:00-04:00,305.8399963378906,263.1400146484375,342.989990234375,591.8400268554688,78.00499725341797,305.8800048828125,263.18499755859375,343.010009765625,591.8599853515625,78.02999877929688,305.7799987792969,263.0899963378906,342.8800048828125,591.380126953125,78.0,305.81298828125,263.0899963378906,342.8900146484375,591.4400024414062,78.0250015258789,34609,23586,12832,10762,18582
2026-08-14 14:48:00-04:00,305.7699890136719,263.2099914550781,342.95001220703125,591.655029296875,77.98999786376953,305.864990234375,263.2099914550781,343.0150146484375,591.8300170898438,78.0,305.7550048828125,263.1400146484375,342.94000244140625,591.601806640625,77.9800033569336,305.82000732421875,263.1400146484375,342.9800109863281,591.8300170898438,78.0,20819,27333,6679,12123,26777
2026-08-14 14:49:00-04:00,305.7799987792969,263.17999267578125,342.92498779296875,591.5,78.00499725341797,305.7950134277344,263.2200012207031,342.9700012207031,591.655029296875,78.00499725341797,305.7449951171875,263.106689453125,342.8999938964844,591.4201049804688,77.9749984741211,305.7749938964844,263.2073974609375,342.95001220703125,591.655029296875,77.98100280761719,21906,33508,5687,7198,26344
2026-08-14 14:50:00-04:00,305.8699951171875,263.04998779296875,343.05499267578125,591.5499877929688,78.04499816894531,305.875,263.239990234375,343.0799865722656,591.760009765625,78.05999755859375,305.7799987792969,262.9100036621094,342.92498779296875,591.4475708007812,78.00499725341797,305.7799987792969,263.1700134277344,342.92498779296875,591.5700073242188,78.00499725341797,42891,168378,20405,10298,19680
2026-08-14 14:51:00-04:00,305.8251037597656,263.0299987792969,343.0751037597656,591.3900756835938,78.06500244140625,305.8699951171875,263.1098937988281,343.125,591.6900024414062,78.06999969482422,305.7650146484375,263.0201110839844,343.0,591.3900756835938,78.04419708251953,305.8699951171875,263.0899963378906,343.0400085449219,591.6300048828125,78.05000305175781,37339,39345,19116,5630,34785
2026-08-14 14:52:00-04:00,305.69500732421875,263.125,343.0299987792969,591.4500122070312,78.05000305175781,305.8299865722656,263.1400146484375,343.0846862792969,591.5899047851562,78.05989837646484,305.6650085449219,263.0205078125,343.010009765625,591.4400024414062,78.04000091552734,305.79998779296875,263.0400085449219,343.0799865722656,591.4600219726562,78.05000305175781,44013,28602,11460,9250,21590
2026-08-14 14:53:00-04:00,305.739990234375,263.2349853515625,343.1044921875,591.635009765625,78.08000183105469,305.739990234375,263.2449951171875,343.1099853515625,591.635009765625,78.08000183105469,305.69000244140625,263.11669921875,343.0199890136719,591.4400024414062,78.05449676513672,305.7099914550781,263.11669921875,343.0400085449219,591.489990234375,78.05999755859375,32779,28308,13177,9673,34455
2026-08-14 14:54:00-04:00,305.8301086425781,263.2950134277344,343.1099853515625,591.885009765625,78.06500244140625,305.8599853515625,263.3299865722656,343.1700134277344,592.125,78.07520294189453,305.70001220703125,263.2149963378906,343.07000732421875,591.5999755859375,78.05500030517578,305.739990234375,263.2301025390625,343.1000061035156,591.6400146484375,78.07499694824219,59123,38026,20201,21132,25019
2026-08-14 14:55:00-04:00,305.7598876953125,263.260009765625,343.15679931640625,591.9600219726562,78.07499694824219,305.8599853515625,263.34979248046875,343.15679931640625,592.0974731445312,78.08499908447266,305.75,263.2349853515625,343.1099853515625,591.739990234375,78.06379699707031,305.8598937988281,263.29998779296875,343.1099853515625,591.885009765625,78.06990051269531,26598,31000,13281,5287,36967
2026-08-14 14:56:00-04:00,305.7650146484375,263.1502990722656,343.19000244140625,592.0150146484375,78.01499938964844,305.7900085449219,263.2950134277344,343.19000244140625,592.0744018554688,78.07499694824219,305.75,263.1499938964844,343.1199951171875,591.8300170898438,78.01119995117188,305.7550048828125,263.248291015625,343.1600036621094,591.9600219726562,78.07499694824219,26236,25404,24955,12083,53870
2026-08-14 14:57:00-04:00,305.760009765625,263.0249938964844,343.20001220703125,591.9849853515625,78.01000213623047,305.7699890136719,263.1600036621094,343.2799987792969,592.0399780273438,78.02999877929688,305.7300109863281,263.0249938964844,343.1600036621094,591.9000854492188,78.01000213623047,305.7650146484375,263.1600036621094,343.19000244140625,592.0050048828125,78.01499938964844,22569,26875,17250,4990,26925
2026-08-14 14:58:00-04:00,305.5804138183594,263.0799865722656,343.239990234375,591.6799926757812,77.9800033569336,305.7550048828125,263.10198974609375,343.2900085449219,592.0800170898438,78.01499938964844,305.5804138183594,263.0,343.19000244140625,591.6799926757812,77.97000122070312,305.7550048828125,263.0044860839844,343.2200012207031,591.9763793945312,78.01499938964844,31599,31272,13975,17216,61875
2026-08-14 14:59:00-04:00,305.5799865722656,263.05499267578125,343.2049865722656,591.7899780273438,77.98500061035156,305.6400146484375,263.1000061035156,343.2695007324219,591.9000244140625,78.0,305.55999755859375,263.0400085449219,343.19000244140625,591.6799926757812,77.96499633789062,305.5899963378906,263.0799865722656,343.2550048828125,591.7899780273438,77.98999786376953,33063,29371,12372,7728,29179
2026-08-14 15:00:00-04:00,305.6199951171875,262.9100036621094,343.1744079589844,591.5599975585938,77.93000030517578,305.6199951171875,263.07000732421875,343.25,591.7999877929688,77.98750305175781,305.54998779296875,262.8999938964844,343.0799865722656,591.5499877929688,77.93000030517578,305.6000061035156,263.05499267578125,343.2200012207031,591.7899780273438,77.98500061035156,31371,69330,21045,10556,29465
2026-08-14 15:01:00-04:00,305.6499938964844,263.010009765625,343.2250061035156,591.530029296875,77.88500213623047,305.69000244140625,263.0127868652344,343.239990234375,591.6300048828125,77.93499755859375,305.5799865722656,262.8949890136719,343.1300048828125,591.490478515625,77.88500213623047,305.6000061035156,262.9100036621094,343.1698913574219,591.5,77.93499755859375,40992,59791,9787,16405,54709
2026-08-14 15:02:00-04:00,305.6499938964844,263.0199890136719,343.409912109375,591.6849975585938,77.91000366210938,305.6700134277344,263.0299987792969,343.4100036621094,591.7100219726562,77.91000366210938,305.6000061035156,262.9599914550781,343.2300109863281,591.5399780273438,77.87000274658203,305.6499938964844,262.9901123046875,343.239990234375,591.6300048828125,77.87999725341797,35253,31392,21417,6478,63061
2026-08-14 15:03:00-04:00,305.6449890136719,262.962890625,343.385009765625,591.7200927734375,77.93499755859375,305.70001220703125,263.06500244140625,343.42999267578125,591.8200073242188,77.95500183105469,305.6000061035156,262.962890625,343.3450012207031,591.6799926757812,77.88999938964844,305.65008544921875,263.0299987792969,343.3900146484375,591.75,77.91500091552734,22531,24732,12677,11440,48184
2026-08-14 15:04:00-04:00,305.57501220703125,262.9700012207031,343.2900085449219,591.5650024414062,78.0199966430664,305.7090148925781,262.989990234375,343.3905029296875,591.8200073242188,78.05000305175781,305.57501220703125,262.94000244140625,343.260009765625,591.530029296875,77.91500091552734,305.6449890136719,262.9599914550781,343.3887023925781,591.7999877929688,77.93000030517578,22467,26105,14646,11851,67096
2026-08-14 15:05:00-04:00,305.60009765625,263.0,343.239990234375,591.6699829101562,78.01499938964844,305.6499938964844,263.0299072265625,343.3349914550781,591.739990234375,78.0250015258789,305.5299987792969,262.92999267578125,343.239990234375,591.5650024414062,77.98999786376953,305.5899963378906,262.9501037597656,343.30999755859375,591.6300048828125,78.0250015258789,33014,31254,11211,17301,51477
2026-08-14 15:06:00-04:00,305.5299987792969,262.864990234375,343.0899963378906,591.280029296875,77.9800033569336,305.6099853515625,262.9599914550781,343.24951171875,591.6199951171875,78.01000213623047,305.5,262.8500061035156,343.04998779296875,591.27001953125,77.96530151367188,305.6099853515625,262.95599365234375,343.2099914550781,591.5999755859375,78.01000213623047,16486,28840,15408,11822,32393
2026-08-14 15:07:00-04:00,305.5299987792969,262.9100036621094,343.2142028808594,591.510009765625,78.00499725341797,305.55499267578125,262.92999267578125,343.2300109863281,591.510009765625,78.00499725341797,305.5299987792969,262.86468505859375,343.0,591.1099853515625,77.9801025390625,305.53228759765625,262.8800048828125,343.0799865722656,591.280029296875,77.98989868164062,16223,30604,12626,18913,26498
2026-08-14 15:08:00-04:00,305.4800109863281,262.96990966796875,343.3800048828125,591.5800170898438,78.02999877929688,305.5199890136719,262.989990234375,343.3999938964844,591.6649780273438,78.05000305175781,305.4549865722656,262.9150085449219,343.2250061035156,591.4299926757812,78.00499725341797,305.5199890136719,262.93499755859375,343.2250061035156,591.489990234375,78.00499725341797,32021,25588,18712,17123,30589
2026-08-14 15:09:00-04:00,305.4750061035156,262.92999267578125,343.3399963378906,591.5399780273438,78.0,305.5400085449219,262.9599914550781,343.42999267578125,591.5800170898438,78.02999877929688,305.4649963378906,262.9100036621094,343.29998779296875,591.3599853515625,78.0,305.47088623046875,262.9599914550781,343.3999938964844,591.5499877929688,78.02999877929688,34152,19481,10140,7791,24500
2026-08-14 15:10:00-04:00,305.3699951171875,262.8699951171875,343.2699890136719,591.39501953125,78.00499725341797,305.4700012207031,262.8999938964844,343.34600830078125,591.5698852539062,78.00900268554688,305.3699951171875,262.8299865722656,343.260009765625,591.364990234375,78.0,305.4700012207031,262.8999938964844,343.34600830078125,591.52001953125,78.0,29390,25632,19224,7714,17852
2026-08-14 15:11:00-04:00,305.30999755859375,262.82000732421875,343.1050109863281,590.989990234375,78.02010345458984,305.3699951171875,262.8699951171875,343.29998779296875,591.4598999023438,78.04000091552734,305.2900085449219,262.7699890136719,343.0899963378906,590.969970703125,78.0,305.3599853515625,262.8699951171875,343.2799987792969,591.4598999023438,78.00499725341797,78838,32859,12743,12520,49366
2026-08-14 15:12:00-04:00,305.489990234375,262.8399963378906,343.1199951171875,591.123291015625,78.06500244140625,305.5060119628906,262.8800048828125,343.1400146484375,591.123291015625,78.06500244140625,305.2699890136719,262.7817077636719,343.05999755859375,590.9089965820312,78.0250015258789,305.3299865722656,262.82000732421875,343.1000061035156,590.989990234375,78.0250015258789,36008,25067,9332,6401,25638
2026-08-14 15:13:00-04:00,305.5400085449219,262.8500061035156,343.29998779296875,591.3049926757812,78.19999694824219,305.55999755859375,262.8800048828125,343.30999755859375,591.3599853515625,78.19999694824219,305.4599914550781,262.80999755859375,343.1099853515625,591.0599975585938,78.06500244140625,305.489990234375,262.8299865722656,343.1099853515625,591.0599975585938,78.06999969482422,38334,47029,11679,11907,69103
2026-08-14 15:14:00-04:00,305.45001220703125,262.9440002441406,343.3699951171875,591.2537841796875,78.21499633789062,305.5899963378906,262.95001220703125,343.4399108886719,591.3800048828125,78.2300033569336,305.44000244140625,262.80999755859375,343.2950134277344,591.0499877929688,78.18499755859375,305.5400085449219,262.8299865722656,343.29998779296875,591.3499755859375,78.20500183105469,33400,46360,11239,14537,48877
2026-08-14 15:15:00-04:00,305.5400085449219,262.9700012207031,343.30499267578125,591.1400146484375,78.11990356445312,305.5899963378906,263.07000732421875,343.3699951171875,591.3554077148438,78.21499633789062,305.4599914550781,262.92010498046875,343.2900085449219,591.0537719726562,78.11000061035156,305.4599914550781,262.92010498046875,343.3500061035156,591.3049926757812,78.20999908447266,35214,61999,8843,10276,73750
2026-08-14 15:16:00-04:00,305.5299987792969,262.9100036621094,343.2749938964844,590.97998046875,78.12999725341797,305.5799865722656,262.9700012207031,343.29998779296875,591.1900024414062,78.12999725341797,305.4800109863281,262.9100036621094,343.2250061035156,590.9199829101562,78.08999633789062,305.5398864746094,262.9674072265625,343.29998779296875,591.1849975585938,78.11499786376953,31856,23027,11269,9692,69580
2026-08-14 15:17:00-04:00,305.5,262.9100036621094,343.1789855957031,590.77001953125,78.1050033569336,305.54998779296875,262.95001220703125,343.260009765625,591.010009765625,78.125,305.45001220703125,262.8700866699219,343.1000061035156,590.75,78.0999984741211,305.5400085449219,262.8999938964844,343.2550048828125,590.9000244140625,78.12000274658203,44248,26829,16389,13316,30794
2026-08-14 15:18:00-04:00,305.6099853515625,263.0199890136719,343.2250061035156,590.8400268554688,78.11499786376953,305.6199951171875,263.0199890136719,343.2699890136719,590.9600219726562,78.13999938964844,305.4700012207031,262.8599853515625,343.0899963378906,590.780029296875,78.06999969482422,305.510009765625,262.9200134277344,343.19000244140625,590.8099975585938,78.1050033569336,34776,31586,14182,22804,89647
2026-08-14 15:19:00-04:00,305.6600036621094,263.1099853515625,343.2900085449219,590.9199829101562,78.08499908447266,305.69000244140625,263.1700134277344,343.3299865722656,590.97998046875,78.11499786376953,305.6099853515625,263.0150146484375,343.25,590.739990234375,78.06999969482422,305.614990234375,263.0299987792969,343.25,590.8359985351562,78.11499786376953,29346,42067,12933,7621,52238
2026-08-14 15:20:00-04:00,305.5450134277344,263.17010498046875,343.2300109863281,591.0,78.08999633789062,305.6499938964844,263.21551513671875,343.29998779296875,591.0482177734375,78.1050033569336,305.5199890136719,263.1199951171875,343.2300109863281,590.75,78.06999969482422,305.6499938964844,263.1300048828125,343.2900085449219,590.8699951171875,78.08000183105469,30528,39103,12880,15358,52178
2026-08-14 15:21:00-04:00,305.6000061035156,263.30999755859375,343.2699890136719,590.7899780273438,78.08999633789062,305.6000061035156,263.3399963378906,343.3399963378906,591.030029296875,78.11000061035156,305.5400085449219,263.19000244140625,343.20001220703125,590.5540161132812,78.06500244140625,305.54998779296875,263.19000244140625,343.2200012207031,590.969970703125,78.09500122070312,25478,55159,19230,316727,37626
2026-08-14 15:22:00-04:00,305.5150146484375,263.2049865722656,343.1518859863281,590.844970703125,78.04499816894531,305.6000061035156,263.30999755859375,343.2650146484375,591.0499877929688,78.09500122070312,305.4700012207031,263.1600036621094,343.1518859863281,590.7113037109375,78.0199966430664,305.6000061035156,263.2950134277344,343.260009765625,590.7113037109375,78.08999633789062,45108,61885,11038,16069,51353
2026-08-14 15:23:00-04:00,305.5350036621094,263.2200012207031,343.1600036621094,590.7100219726562,78.02999877929688,305.55499267578125,263.25,343.2099914550781,590.8145141601562,78.04499816894531,305.4700012207031,263.1499938964844,343.1499938964844,590.6812133789062,78.0199966430664,305.510009765625,263.20001220703125,343.17999267578125,590.760009765625,78.0199966430664,25217,34676,10489,5430,39203
2026-08-14 15:24:00-04:00,305.56988525390625,263.30999755859375,343.2300109863281,591.0599975585938,78.0250015258789,305.5799865722656,263.3399963378906,343.25,591.0599975585938,78.04000091552734,305.5,263.2200012207031,343.1600036621094,590.7100219726562,78.01499938964844,305.53009033203125,263.2200012207031,343.1600036621094,590.7650146484375,78.03500366210938,31446,34638,16176,15292,38953
2026-08-14 15:25:00-04:00,305.56500244140625,263.364990234375,343.2699890136719,591.4299926757812,78.0250015258789,305.6000061035156,263.3999938964844,343.2900085449219,591.5,78.04000091552734,305.5199890136719,263.31500244140625,343.2300109863281,591.0501098632812,78.00499725341797,305.56500244140625,263.32000732421875,343.25,591.0501098632812,78.02999877929688,33452,32813,7772,11114,34013
2026-08-14 15:26:00-04:00,305.56500244140625,263.2720947265625,343.125,591.4349975585938,78.04499816894531,305.56500244140625,263.3800048828125,343.260009765625,591.5,78.04499816894531,305.4800109863281,263.2449951171875,343.0899963378906,591.4199829101562,78.01499938964844,305.55999755859375,263.364990234375,343.260009765625,591.4199829101562,78.0250015258789,20622,54359,10538,5216,64964
2026-08-14 15:27:00-04:00,305.5799865722656,263.2449951171875,343.1499938964844,591.3499755859375,78.06999969482422,305.6192932128906,263.3399963378906,343.1600036621094,591.5850219726562,78.06999969482422,305.5199890136719,263.2449951171875,343.07000732421875,591.260009765625,78.04000091552734,305.54998779296875,263.260009765625,343.12078857421875,591.47998046875,78.04499816894531,30354,28486,12811,9373,30960
2026-08-14 15:28:00-04:00,305.7799987792969,263.32000732421875,343.1000061035156,591.3499755859375,78.03990173339844,305.79998779296875,263.32000732421875,343.1700134277344,591.4299926757812,78.08000183105469,305.55999755859375,263.260009765625,343.1000061035156,591.219970703125,78.03990173339844,305.57501220703125,263.2799987792969,343.1499938964844,591.344970703125,78.06999969482422,35217,28946,14972,6746,34892
2026-08-14 15:29:00-04:00,305.94500732421875,263.2200012207031,343.0299987792969,591.219970703125,78.03500366210938,306.04998779296875,263.29998779296875,343.1177978515625,591.3784790039062,78.05999755859375,305.7799987792969,263.2200012207031,343.0299987792969,591.1500244140625,78.02999877929688,305.7799987792969,263.29998779296875,343.0721130371094,591.280029296875,78.03500366210938,85719,33013,11534,12939,48467
2026-08-14 15:30:00-04:00,305.760009765625,263.2200012207031,343.0400085449219,591.4299926757812,78.0250015258789,305.9700012207031,263.3299865722656,343.0899963378906,591.4299926757812,78.04000091552734,305.7300109863281,263.1650085449219,342.9599914550781,591.1400146484375,78.00250244140625,305.92999267578125,263.2170104980469,343.0299987792969,591.22998046875,78.04000091552734,60266,53331,14171,12838,57499
2026-08-14 15:31:00-04:00,305.8800048828125,263.3500061035156,343.0799865722656,591.510009765625,78.09500122070312,305.8900146484375,263.3500061035156,343.1499938964844,591.5610961914062,78.0999984741211,305.75,263.19000244140625,343.0126953125,591.3200073242188,78.02999877929688,305.760009765625,263.19000244140625,343.0299987792969,591.469970703125,78.02999877929688,67937,30979,20256,9234,53107
2026-08-14 15:32:00-04:00,305.8900146484375,263.44500732421875,343.1000061035156,591.6849975585938,78.12999725341797,305.9490051269531,263.5199890136719,343.1300048828125,591.6849975585938,78.13500213623047,305.8599853515625,263.3500061035156,343.03009033203125,591.4400024414062,78.08499908447266,305.8900146484375,263.3500061035156,343.1000061035156,591.5050048828125,78.09500122070312,56543,86588,16277,13984,48623
2026-08-14 15:33:00-04:00,305.90869140625,263.364990234375,343.0199890136719,591.4600219726562,78.12000274658203,305.9100036621094,263.45001220703125,343.0899963378906,591.6849975585938,78.12999725341797,305.75,263.3399963378906,342.9200134277344,591.3101196289062,78.08499908447266,305.8949890136719,263.44000244140625,343.0899963378906,591.6849975585938,78.125,76888,39362,13783,9334,49530
2026-08-14 15:34:00-04:00,305.9100036621094,263.3900146484375,342.9800109863281,591.5499877929688,78.125,305.9464111328125,263.4700012207031,343.0299987792969,591.5999755859375,78.13999938964844,305.875,263.364990234375,342.95001220703125,591.4000244140625,78.11000061035156,305.9100036621094,263.375,343.010009765625,591.4000244140625,78.12000274658203,46976,52242,15870,7474,39666
2026-08-14 15:35:00-04:00,305.75,263.55999755859375,343.0,591.2000122070312,78.11000061035156,305.9100036621094,263.6097106933594,343.0299987792969,591.4899291992188,78.13999938964844,305.739990234375,263.3699951171875,342.9100036621094,591.2000122070312,78.11000061035156,305.8999938964844,263.3840026855469,342.95001220703125,591.4000854492188,78.12259674072266,51795,56214,12846,12055,31614
2026-08-14 15:36:00-04:00,305.75,263.67999267578125,342.9849853515625,591.1400146484375,78.08999633789062,305.7799987792969,263.7200012207031,343.0199890136719,591.3699951171875,78.12000274658203,305.7004089355469,263.55999755859375,342.95001220703125,591.1400146484375,78.08999633789062,305.75,263.55999755859375,343.0,591.2100219726562,78.12000274658203,46937,106907,7930,11655,50475
2026-08-14 15:37:00-04:00,305.5400085449219,263.739990234375,342.8800048828125,590.5,78.08499908447266,305.7598876953125,263.79998779296875,342.9700012207031,591.2050170898438,78.0999984741211,305.5400085449219,263.55999755859375,342.8699951171875,590.4299926757812,78.07499694824219,305.7550048828125,263.6650085449219,342.9700012207031,591.2050170898438,78.09369659423828,51608,89131,15636,25347,67039
2026-08-14 15:38:00-04:00,305.760009765625,263.55499267578125,342.95001220703125,590.25,78.1050033569336,305.7699890136719,263.7749938964844,342.95001220703125,590.6900024414062,78.12789916992188,305.510009765625,263.5400085449219,342.8699951171875,590.1699829101562,78.08000183105469,305.5400085449219,263.75,342.8699951171875,590.47998046875,78.08000183105469,49417,52696,17610,12024,42475
2026-08-14 15:39:00-04:00,305.6300048828125,263.44500732421875,342.95989990234375,590.22998046875,78.125,305.7698974609375,263.57000732421875,342.95989990234375,590.3298950195312,78.125,305.6199951171875,263.3999938964844,342.8800048828125,590.0999755859375,78.08000183105469,305.7698974609375,263.57000732421875,342.92999267578125,590.2550048828125,78.0999984741211,40036,53020,12359,16757,63319
2026-08-14 15:40:00-04:00,305.7200012207031,263.3599853515625,342.92999267578125,590.375,78.11499786376953,305.7300109863281,263.44000244140625,342.9599914550781,590.552001953125,78.13999938964844,305.614990234375,263.3599853515625,342.8800048828125,590.1599731445312,78.1050033569336,305.6400146484375,263.44000244140625,342.92999267578125,590.239990234375,78.12000274658203,52529,29495,14491,11358,45128
2026-08-14 15:41:00-04:00,305.6700134277344,263.31280517578125,342.8699951171875,590.5750122070312,78.15499877929688,305.75,263.375,342.92999267578125,590.5750122070312,78.15499877929688,305.6600036621094,263.2799987792969,342.80010986328125,590.2009887695312,78.0999984741211,305.7099914550781,263.3599853515625,342.92999267578125,590.3400268554688,78.11689758300781,47190,37795,10855,14973,68481
2026-08-14 15:42:00-04:00,305.7300109863281,263.3799133300781,342.93499755859375,590.6799926757812,78.0999984741211,305.7300109863281,263.3799133300781,342.94000244140625,590.6950073242188,78.16500091552734,305.6300048828125,263.3299865722656,342.8299865722656,590.4600219726562,78.0999984741211,305.67498779296875,263.3299865722656,342.8599853515625,590.655029296875,78.15499877929688,42594,29230,18307,6999,112579
2026-08-14 15:43:00-04:00,305.56500244140625,263.30999755859375,342.9100036621094,590.52001953125,78.0999984741211,305.7583923339844,263.3900146484375,342.989990234375,590.7744750976562,78.10990142822266,305.5600891113281,263.2900085449219,342.9100036621094,590.4700927734375,78.08499908447266,305.7300109863281,263.3399963378906,342.93499755859375,590.760009765625,78.1050033569336,53048,37106,11702,11009,43405
2026-08-14 15:44:00-04:00,305.57000732421875,263.4100036621094,342.75,591.010009765625,78.18000030517578,305.66009521484375,263.5,342.9200134277344,591.0499877929688,78.18000030517578,305.5,263.2301025390625,342.75,590.4199829101562,78.09500122070312,305.56500244140625,263.3299865722656,342.9100036621094,590.4401245117188,78.09500122070312,118885,45109,27727,19248,55688
2026-08-14 15:45:00-04:00,305.56500244140625,263.30999755859375,342.69000244140625,590.6400146484375,78.18499755859375,305.6499938964844,263.44000244140625,342.8399963378906,591.1799926757812,78.22000122070312,305.5450134277344,263.26849365234375,342.67999267578125,590.6400146484375,78.16999816894531,305.57000732421875,263.4100036621094,342.7471008300781,591.0650024414062,78.19499969482422,48138,58452,34036,18590,96853
2026-08-14 15:46:00-04:00,305.6600036621094,263.2900085449219,342.55999755859375,590.4299926757812,78.125,305.68499755859375,263.3699951171875,342.7298889160156,590.75,78.18499755859375,305.55999755859375,263.2200012207031,342.5450134277344,590.3800048828125,78.1050033569336,305.57000732421875,263.32000732421875,342.7200012207031,590.6400146484375,78.18370056152344,47425,47439,26559,12080,84348
2026-08-14 15:47:00-04:00,305.7099914550781,263.2200012207031,342.7099914550781,590.7899169921875,78.1449966430664,305.739990234375,263.3299865722656,342.7398986816406,590.7899169921875,78.1500015258789,305.6000061035156,263.2200012207031,342.55999755859375,590.3599853515625,78.125,305.6700134277344,263.30499267578125,342.56500244140625,590.4299926757812,78.12879943847656,52434,40898,25835,18469,64504
2026-08-14 15:48:00-04:00,305.7799987792969,263.32000732421875,342.7699890136719,590.8200073242188,78.13500213623047,305.7850036621094,263.3399963378906,342.79998779296875,591.2199096679688,78.15989685058594,305.6658935546875,263.2099914550781,342.6700134277344,590.6300048828125,78.125,305.7099914550781,263.2300109863281,342.7099914550781,590.6300048828125,78.15989685058594,48483,46691,32237,20358,47708
2026-08-14 15:49:00-04:00,305.80999755859375,263.31048583984375,342.82000732421875,590.6699829101562,78.18000030517578,305.8299865722656,263.3699951171875,342.8599853515625,590.9199829101562,78.18460083007812,305.7601013183594,263.260009765625,342.739990234375,590.6400146484375,78.13999938964844,305.7799987792969,263.32000732421875,342.7749938964844,590.8300170898438,78.13999938964844,45670,52786,23306,17905,51135
2026-08-14 15:50:00-04:00,305.9549865722656,263.2799987792969,343.1700134277344,590.4199829101562,78.07949829101562,306.0,263.54998779296875,343.25,590.6500244140625,78.18000030517578,305.7900085449219,263.2200012207031,342.79998779296875,590.010009765625,78.05999755859375,305.79998779296875,263.3299865722656,342.82000732421875,590.6500244140625,78.16999816894531,122970,103768,51498,40771,86995
2026-08-14 15:51:00-04:00,306.0,263.25,343.1300048828125,590.4450073242188,78.06500244140625,306.0,263.3699951171875,343.2950134277344,590.489990234375,78.11000061035156,305.9200134277344,263.2099914550781,342.9800109863281,590.1599731445312,78.05999755859375,305.9599914550781,263.2699890136719,343.1700134277344,590.4199829101562,78.07499694824219,78820,97562,32505,16928,81075
2026-08-14 15:52:00-04:00,305.82000732421875,263.2200012207031,343.19000244140625,590.2100219726562,78.05999755859375,306.0,263.3349914550781,343.260009765625,590.4299926757812,78.07499694824219,305.7500915527344,263.1600036621094,343.11859130859375,590.1699829101562,78.04000091552734,305.989990234375,263.2799987792969,343.125,590.42626953125,78.06500244140625,99320,95073,46949,26129,87836
2026-08-14 15:53:00-04:00,305.8919982910156,263.0950012207031,343.1600036621094,590.248291015625,78.04000091552734,305.95001220703125,263.2699890136719,343.2099914550781,590.389892578125,78.08499908447266,305.82000732421875,263.0400085449219,343.04998779296875,589.9000244140625,78.02999877929688,305.8299865722656,263.2200012207031,343.2099914550781,590.2100219726562,78.06099700927734,68953,96369,26494,53152,101407
2026-08-14 15:54:00-04:00,305.9649963378906,262.8900146484375,343.4800109863281,589.8099975585938,78.11000061035156,306.0400085449219,263.3299865722656,343.5350036621094,590.3798828125,78.125,305.8800048828125,262.8500061035156,343.1199951171875,589.8099975585938,78.0250015258789,305.8999938964844,263.0899963378906,343.1700134277344,590.25,78.03500366210938,127882,145224,58228,42581,160045
2026-08-14 15:55:00-04:00,305.8699951171875,262.6549987792969,343.1449890136719,589.72998046875,78.17500305175781,305.9649963378906,262.95001220703125,343.69000244140625,591.1300048828125,78.20999908447266,305.760009765625,262.4200134277344,343.0199890136719,589.7100219726562,78.11000061035156,305.9649963378906,262.8900146484375,343.5150146484375,589.9600219726562,78.12000274658203,184490,271808,57889,209369,180672
2026-08-14 15:56:00-04:00,305.6600036621094,262.5404968261719,343.1000061035156,589.4650268554688,78.17500305175781,305.8800048828125,262.69500732421875,343.260009765625,589.8499755859375,78.21499633789062,305.6499938964844,262.510009765625,343.0899963378906,589.4500122070312,78.1500015258789,305.8599853515625,262.65728759765625,343.135009765625,589.719970703125,78.16999816894531,126094,202295,48317,48920,156982
2026-08-14 15:57:00-04:00,305.6400146484375,262.4599914550781,343.2300109863281,589.5750122070312,78.12999725341797,305.70001220703125,262.57000732421875,343.25,589.6699829101562,78.16999816894531,305.5400085449219,262.4599914550781,343.07000732421875,589.2899780273438,78.09500122070312,305.6600036621094,262.55999755859375,343.1400146484375,589.4650268554688,78.16999816894531,180115,241261,69148,52139,147947
2026-08-14 15:58:00-04:00,305.83990478515625,262.4649963378906,343.30999755859375,589.530029296875,78.1449966430664,305.8599853515625,262.55999755859375,343.3399963378906,589.8499755859375,78.1500015258789,305.6099853515625,262.42999267578125,343.2099914550781,589.52001953125,78.125,305.6449890136719,262.4800109863281,343.2300109863281,589.5900268554688,78.13500213623047,240277,349851,129232,88250,206661
2026-08-14 15:59:00-04:00,305.95001220703125,262.6600036621094,343.5400085449219,589.9099731445312,78.17500305175781,305.9800109863281,262.69500732421875,343.6099853515625,589.9600219726562,78.19000244140625,305.67498779296875,262.42999267578125,343.20001220703125,589.37939453125,78.12999725341797,305.8299865722656,262.4599914550781,343.32000732421875,589.530029296875,78.13999938964844,479171,557817,204763,139560,398344
